gene	pct_rank	dE_lfc	dE_p	dE_padj	dE_sign_stable	excluded	programme	direction
A1CF	0.5145	-0.6441136444789244	0.2956449271296432	0.7653146148055874	1.0	False	False	down
ABAT	0.1728	-0.6479252366029863	0.0528363433626443	0.4029659072383679	1.0	False	False	down
ABCA1	0.1911	0.2947053789718007	0.5299018229080019	0.8837688701823867	0.9411764705882352	False	False	up
ABCA12	0.3254	0.9816987996563936	0.0481778785420387	0.3905687390808866	1.0	False	False	up
ABCA13	0.1544	-1.3765824579452763	0.2061168352899404	0.6767717211462448	0.9411764705882352	False	False	down
ABCA6	0.7936	0.4219120795608614	0.358356544061668	0.8009534673973157	1.0	False	False	up
ABCA9	0.721	-0.6343064049550121	0.4435644347971436	0.8509795565791387	1.0	False	False	down
ABCB1	0.2776	-0.0436307255018104	0.9101038579036738	0.9865747048870868	0.7647058823529411	False	False	down
ABCB4	0.9602	0.3534029311989851	0.5105966870283465	0.8767521692279523	0.9411764705882352	False	False	up
ABCB5	0.9672	3.209254106587569	8.613287152108053e-06	0.0105871654577994	1.0	False	False	up
ABCC2	0.5613	0.3967984225974939	0.5075124881241374	0.875178131192173	0.9411764705882352	False	False	up
ABCC3	0.0754	0.7605294350787376	0.0352010740551387	0.3445428392902114	1.0	False	False	up
ABCC5	0.3451	-0.3088261214719492	0.5246978071996289	0.8815491351131574	0.9411764705882352	False	False	down
ABCC9	0.763	-0.6373339686915263	0.3722860956564837	0.8084834968982825	1.0	False	False	down
ABCG1	0.6298	-0.8748393196625485	0.3192925937827611	0.7771896299728746	0.9411764705882352	False	False	down
ABCG8	0.2284	-3.748457811732736	0.0265202328153789		0.8235294117647058	False	False	down
ABHD2	0.2766	0.9114009913910897	0.0098903975710326	0.1939938353360798	1.0	False	False	up
ABHD3	0.585	0.047867148487829	0.9016211044222348	0.9846564371730904	0.8235294117647058	False	False	up
ABI3BP	0.1356	0.3547784048203369	0.455581603062298	0.8523374740193932	1.0	False	False	up
ABLIM2	0.5804	0.666386752034105	0.1269898085419325	0.5688374611644046	1.0	False	False	up
ABLIM3	0.4158	0.8127230881239336	0.1986124168298115	0.6675670637153879	1.0	False	False	up
ABO	0.57	-0.3923643895825285	0.384148301081548	0.8156421167465666	0.9411764705882352	False	False	down
ABTB2	0.2128	0.9942505975427472	0.0336970436181679	0.3388080391056426	1.0	False	False	up
AC000065.1	0.9289	1.6967542331749093	0.0468808737648801		1.0	True	False	up
AC000085.1	0.3257	-0.7073620669974584	0.3092928841252624	0.7731877857072322	1.0	True	False	down
AC002057.2	0.7238	0.876092589059793	0.3348116899947676		1.0	True	False	up
AC002066.1	0.8184	-0.2332236190075261	0.6136833398405392	0.9153849543288132	1.0	True	False	down
AC002069.2	0.337	-0.6027342865566264	0.3284721757401425	0.7815719619562997	1.0	True	False	down
AC002070.1	0.933	0.3342442347284369	0.2911060269829559	0.7622306087469425	0.9411764705882352	True	False	up
AC002072.1	0.6296	-0.8202871609132574	0.1469700821025069	0.5991393391211485	1.0	True	False	down
AC002074.1	0.4549	-0.699143470310443	0.492070161500462		0.9411764705882352	True	False	down
AC002377.1	0.3532	-0.0512257196560356	0.934231158497322	0.9916012003578076	0.6470588235294118	True	False	down
AC002429.2	0.6583	2.1138924123312983	0.0021801994059076	0.0999567651230205	1.0	True	False	up
AC002451.1	0.4794	0.5827913978445288	0.101353433970394	0.5208930839941855	1.0	True	False	up
AC002454.1	0.9436	-0.6108485250793813	0.3601756883055964		1.0	True	False	down
AC002460.2	0.2426	-0.33209910913037	0.5734564275673003	0.9022151479548416	0.8823529411764706	True	False	down
AC002563.1	0.9714	-0.4214077185360936	0.6473829283784331		0.8235294117647058	True	False	down
AC003044.1	0.2731	-0.079201151367593	0.9112517023527203	0.986657474915532	0.7058823529411765	True	False	down
AC003984.1	0.3076	-1.866259502191855	0.0168198229261719	0.2406003725450898	1.0	True	False	down
AC003991.1	0.2551	-0.2167000827549313	0.7164965554443155	0.9415271994975732	1.0	True	False	down
AC004053.1	0.754	0.1931433716845215	0.8121121533384732	0.9661432457189232	0.8823529411764706	True	False	up
AC004054.1	0.886	0.7027694274726195	0.5555785457741672		0.8235294117647058	True	False	up
AC004083.1	0.8476	0.3394054778953002	0.4541526079469654	0.8513656640211837	1.0	True	False	up
AC004158.1	0.5156	1.149614143828276	0.0968523915364447	0.5137299151526259	1.0	True	False	up
AC004160.1	0.2702	0.7016095990082558	0.1117674910181642	0.5403379105523591	1.0	True	False	up
AC004264.1	0.829	0.4279452194686257	0.6385692057650174		0.9411764705882352	True	False	up
AC004381.1	0.7196	0.6728845267155081	0.162989237976325	0.622114526143664	1.0	True	False	up
AC004485.1	0.3856	-0.1868769295052943	0.792922991716773	0.9607129747892036	0.9411764705882352	True	False	down
AC004540.1	0.1062	-0.6604131620486295	0.1478019553001883	0.6004764855729259	1.0	True	False	down
AC004594.1	0.6497	2.066676755132751	0.0023727890884604	0.1021748592073879	1.0	True	False	up
AC004784.1	0.972	3.346143796439836	0.0005344775618676	0.0615445055230052	1.0	True	False	up
AC004817.5	0.1389	-1.6925139073261692	0.0265686198206598	0.2996252847961036	1.0	True	False	down
AC004870.2	0.7792	0.1171473304050202	0.8691413624990045	0.975341853446606	0.8235294117647058	True	False	up
AC004870.3	0.0874	0.6292844160136855	0.5014522958840841	0.8726542696828921	0.9411764705882352	True	False	up
AC004870.4	0.2281	-0.7494982104464967	0.470030111689473	0.8595595220546428	1.0	True	False	down
AC004889.1	0.1465	-0.0266289548745919	0.9530904402824106	0.9946677306023096	0.8235294117647058	True	False	down
AC004917.1	0.905	0.2503498898141943	0.5667677936195002	0.8998426838236989	0.9411764705882352	True	False	up
AC004930.1	0.8756	0.8335720660429369	0.4309261104933545		0.8235294117647058	True	False	up
AC004943.2	0.7722	-0.1828748643035949	0.3341503899860634	0.7852028440806811	1.0	True	False	down
AC004949.1	0.5868	0.9389593869624852	0.3118759567506574		0.8235294117647058	True	False	up
AC005009.2	0.7534	-1.3461172466854732	0.1955531291807867		0.8235294117647058	True	False	down
AC005062.1	0.0394	0.3239762150719265	0.4131527097466207	0.8336528685037833	1.0	True	False	up
AC005064.1	0.9038	2.5639853716802024	0.014020953672214		0.8235294117647058	True	False	up
AC005162.3	0.2176	-0.7609956071358677	0.1525763750504084	0.6077478453135157	1.0	True	False	down
AC005208.1	0.0594	1.5742515921835922	0.0014891353358676	0.0869080901157872	1.0	True	False	up
AC005237.1	0.517	-0.6401905749285679	0.2955118631022836	0.7653146148055874	1.0	True	False	down
AC005323.1	0.7218	-1.327905059417275	0.1614418606423326	0.6215078061080549	1.0	True	False	down
AC005323.2	0.1378	-1.3130829849991623	0.1428032633169612	0.5915131566034546	1.0	True	False	down
AC005394.1	0.7426	-0.9327532845220158	0.4067797067818987	0.8297942528227933	0.9411764705882352	True	False	down
AC005400.1	0.8738	0.9735498196818932	0.0936473089988085	0.5091476762191417	1.0	True	False	up
AC005410.2	0.852	2.17446641979353	0.0030669105016269	0.1161020977907851	1.0	True	False	up
AC005537.1	0.3316	-0.1998573940110977	0.7557089484784137	0.9510052937112526	0.8823529411764706	True	False	down
AC005599.1	0.5754	-2.3894644810977312	0.2002534468411019		0.8235294117647058	True	False	down
AC005699.1	0.024	0.9560838387122168	0.0169649027450358	0.2406079956627685	1.0	True	False	up
AC005736.1	0.8744	0.5202502496005613	0.2296114709355855	0.7025034632441167	1.0	True	False	up
AC005871.2	0.7736	0.5876433834967745	0.4196277174945342		0.8235294117647058	True	False	up
AC005920.2	0.5848	2.031006668585287	0.0096479963441229	0.1929807765437779	1.0	True	False	up
AC006115.2	0.3092	0.1984164864366823	0.6948805235641746	0.9368189224607404	0.8823529411764706	True	False	up
AC006116.8	0.9374	0.3697720133390586	0.5661328911138315		0.9411764705882352	True	False	up
AC006148.1	0.7691	1.770897115686559	0.0270659428443547	0.3029003467027559	1.0	True	False	up
AC006213.3	0.5448	0.0727873861533171	0.927175256343617	0.990141545834662	0.6470588235294118	True	False	up
AC006230.1	0.7283	0.7017114313752737	0.0339158208222452	0.3406828164624084	1.0	True	False	up
AC006305.1	0.058	-0.4936923451945618	0.5195049438809988	0.8798138028300402	1.0	True	False	down
AC006387.1	0.3789	-0.823288497616214	0.5829062713189297	0.9046072947683385	0.9411764705882352	True	False	down
AC006460.1	0.7588	1.40491149024529	0.160370781406004		0.9411764705882352	True	False	up
AC006460.2	0.8225	0.0834855312180905	0.8425358877899931	0.9711937922153354	0.8823529411764706	True	False	up
AC006504.5	0.132	0.039244398222373	0.9248145439957812	0.9896985071419702	0.7647058823529411	True	False	up
AC006581.2	0.8526	-0.5663559613530316	0.1801278934186505	0.6437533565601191	1.0	True	False	down
AC006960.2	0.4596	-2.386502419774064	0.1006499857700827		0.8235294117647058	True	False	down
AC007001.1	0.8074	2.898107004889288	0.0027218554522117	0.1097619414839382	1.0	True	False	up
AC007099.1	0.0982	2.663060674504908	3.617094214706668e-05	0.0180553393566194	1.0	True	False	up
AC007262.2	0.1204	-0.3194179700267412	0.2650067228661229	0.7423008732606909	1.0	True	False	down
AC007317.1	0.7768	3.648331703186933	0.0040768832643177	0.1321626992278839	1.0	True	False	up
AC007317.2	0.9822	1.3594116104230682	0.1884864538041888		0.8235294117647058	True	False	up
AC007319.1	0.0018	0.4519596940876678	0.3746115630518444	0.8111451196439672	0.9411764705882352	True	False	up
AC007344.1	0.5145	0.2419869240144086	0.698285121490708	0.9372823278040624	0.9411764705882352	True	False	up
AC007364.1	0.1438	-0.0283675207060295	0.9400047190761336	0.993144249769347	0.7058823529411765	True	False	down
AC007368.1	0.1178	-1.0109616586302217	0.2590840113495847	0.7349017629627643	1.0	True	False	down
AC007389.1	0.3301	-0.1061951906015653	0.803403304652121	0.9642931681681816	0.8823529411764706	True	False	down
AC007405.1	0.858	-0.3845827427777402	0.3530466781707648	0.7983123029528767	1.0	True	False	down
AC007448.5	0.9184	-0.013603053181242	0.9747529342520006	0.9961924130086977	0.7647058823529411	True	False	down
AC007529.2	0.3952	-0.1737812315680322	0.79551298720663	0.9617882427293272	0.9411764705882352	True	False	down
AC007569.1	0.9798	2.4038555624826867	0.0731555201635355		1.0	True	False	up
AC007611.1	0.3812	-0.3808564134686852	0.6257254804750453	0.9182165089465264	0.9411764705882352	True	False	down
AC007656.2	0.7189	0.2088169495066181	0.6614871384688215	0.9273196377190576	0.9411764705882352	True	False	up
AC007681.1	0.9654	0.1993946711631162	0.6366024874191389	0.9211100239498224	0.9411764705882352	True	False	up
AC007686.4	0.9278	2.194702205329248	0.1590405243182068		0.8235294117647058	True	False	up
AC007785.1	0.4732	-0.7177912003655136	0.3575036410759983		0.8235294117647058	True	False	down
AC007846.1	0.2126	-0.2800375714352702	0.7763502187108813		0.6470588235294118	True	False	down
AC007906.2	0.2256	-1.663045486147833	0.0096509299220517	0.1929807765437779	1.0	True	False	down
AC007923.4	0.8644	-0.4050304584068833	0.4485577389885433	0.8513656640211837	1.0	True	False	down
AC007991.3	0.4761	-0.8288995353799022	0.5001598729417243		0.8235294117647058	True	False	down
AC008014.1	0.2163	-0.1160185948893923	0.66964538554907	0.9295037110944796	0.8823529411764706	True	False	down
AC008056.1	0.1078	2.989630101974669	0.002790212548517	0.1100855793767977	1.0	True	False	up
AC008250.1	0.3745	-0.0813477821257225	0.9305872437462844	0.9909029374108396	0.7647058823529411	True	False	down
AC008269.1	0.387	0.0757905528848903	0.7308754385776388	0.9462290191368112	0.9411764705882352	True	False	up
AC008415.1	0.4624	-0.7042151682236016	0.392295381643775	0.8190969002588754	1.0	True	False	down
AC008514.1	0.5708	0.1255773591703274	0.8656113673572386	0.9747812091944448	0.8235294117647058	True	False	up
AC008554.1	0.0144	0.1764668205750441	0.6699738701211622	0.9295037110944796	0.9411764705882352	True	False	up
AC008571.2	0.1922	-2.674342016415018	0.0342038084577513		0.8235294117647058	True	False	down
AC008619.1	0.1581	-0.2695584954398174	0.7108814679619115	0.941054980113967	0.8823529411764706	True	False	down
AC008629.1	0.6202	-0.4863806063977355	0.2584044064581652	0.7336794986059552	1.0	True	False	down
AC008691.1	0.8528	-0.4264956714703128	0.5952088040181861	0.9085702488689325	1.0	True	False	down
AC008771.1	0.5656	0.9825648462961252	0.0559815545787236	0.4145906911852391	1.0	True	False	up
AC008825.1	0.6266	0.2384513152277559	0.8061967971947321	0.9649078338233265	0.9411764705882352	True	False	up
AC008892.1	0.6652	0.5193684744941343	0.1717891350772099	0.6331558576683775	1.0	True	False	up
AC008937.2	0.9014	1.4161862904483933	0.0495644953932077	0.3943237902102561	1.0	True	False	up
AC008945.2	0.3806	-0.44771060004561	0.4478726837221886	0.8513656640211837	0.9411764705882352	True	False	down
AC008957.1	0.069	-0.0752667917489836	0.9519932564093112		0.6470588235294118	True	False	down
AC009060.1	0.0205	-0.0060374483584404	0.991252561186158	0.9989334947898728	0.6470588235294118	True	False	down
AC009093.2	0.4591	0.3303854216592352	0.5724582933194025	0.9018670198527718	1.0	True	False	up
AC009097.2	0.4873	-0.2050660183963967	0.8642414837847884		0.7647058823529411	True	False	down
AC009120.4	0.611	0.5127902077428339	0.5696392912238832		0.8235294117647058	True	False	up
AC009126.1	0.8564	-0.5516131090621427	0.3020972118435768	0.7691306705805125	0.9411764705882352	True	False	down
AC009226.1	0.884	0.3028127324506919	0.2635053408955352	0.7405896166171058	1.0	True	False	up
AC009229.2	0.8452	0.6576466253793152	0.3368568352180998		1.0	True	False	up
AC009271.1	0.0242	-0.8666594371847202	0.2089853615424627	0.6788227444948965	1.0	True	False	down
AC009313.1	0.9012	0.8784820505502164	0.0412650113035147	0.3644664172017016	1.0	True	False	up
AC009315.1	0.3596	-1.19902950809714	0.1273158018109055	0.5697536640506239	1.0	True	False	down
AC009318.1	0.2041	-0.1693225051674007	0.7713432464525445	0.9562819982857672	0.8823529411764706	True	False	down
AC009468.1	0.887	0.702998149304514	0.4502832207551392		0.9411764705882352	True	False	up
AC009495.1	0.5834	-0.6346830590517888	0.1941701652230546	0.6643144621661187	1.0	True	False	down
AC009522.1	0.629	-1.4851871596923871	0.0019259613844981	0.097287432949819	1.0	True	False	down
AC009879.4	0.4658	-0.3106579546126929	0.4850802481792333	0.866071095520413	0.9411764705882352	True	False	down
AC009950.1	0.7493	-0.1559560891511537	0.8327268892913892		0.8823529411764706	True	False	down
AC009961.1	0.307	-0.8021996602394464	0.0331559245542986	0.3361167609456393	1.0	True	False	down
AC009975.1	0.9536	1.0524386453797148	0.0748926321606782	0.4690727492017003	0.9411764705882352	True	False	up
AC010148.1	0.1432	-1.210051524838661	0.1439669076505551	0.5933254785821985	1.0	True	False	down
AC010168.1	0.8324	0.2860524119906282	0.4827059798391845	0.8651170355562542	0.9411764705882352	True	False	up
AC010197.1	0.364	-2.793972382925142	0.006748168748155	0.1687042187038757	1.0	True	False	down
AC010198.1	0.74	-0.8145347831577776	0.2878684764381383	0.7606756068341953	1.0	True	False	down
AC010226.1	0.2858	0.5123501595564112	0.3425869081514485	0.7926556811506984	1.0	True	False	up
AC010280.1	0.3753	0.1505737819839586	0.7765133032571592	0.9565839754905506	0.9411764705882352	True	False	up
AC010343.3	0.5306	-0.1687130507876622	0.6709357490201242	0.929531177053957	0.9411764705882352	True	False	down
AC010451.1	0.9596	0.5433422837054113	0.624355565205339		0.9411764705882352	True	False	up
AC010735.2	0.9145	-0.3923293117392527	0.6959606437860733		0.7647058823529411	True	False	down
AC010789.1	0.0648	-1.1908005411879616	0.0631055209956355	0.4363837012122009	1.0	True	False	down
AC010884.1	0.5017	-0.1125171063777522	0.8526216151357158	0.9725490252806572	0.8235294117647058	True	False	down
AC010967.1	0.4414	-0.587533120595857	0.5311219873616372		0.9411764705882352	True	False	down
AC010974.2	0.9856	1.86054540707116	0.0025137565745909	0.1059368842149035	1.0	True	False	up
AC010997.3	0.6624	-0.0150549500063718	0.9799664428072984	0.9966887843469237	0.6470588235294118	True	False	down
AC011029.1	0.2648	1.9038512438028408	0.2434616485110687	0.7157918532389973	0.9411764705882352	True	False	up
AC011092.2	0.6096	2.086158199193226	0.0013261333294574	0.0839505004699454	1.0	True	False	up
AC011239.1	0.9628	3.840741160408225	2.155894585799344e-05	0.0158195373844745	1.0	True	False	up
AC011246.1	0.1074	1.262486383118636	0.0220864522441303	0.274452544735402	1.0	True	False	up
AC011287.1	0.1305	-0.285297037056961	0.6072485454540983	0.9136913236201112	0.9411764705882352	True	False	down
AC011294.1	0.7028	-0.3979522340328155	0.6833523634220462		0.8823529411764706	True	False	down
AC011313.1	0.6469	1.560576274438443	0.0505088138998327	0.3971242031036954	1.0	True	False	up
AC011346.1	0.8318	-0.2902914696187296	0.4153273732105844	0.8341694708389716	1.0	True	False	down
AC011444.2	0.516	0.9964176272144338	0.3883930961702817	0.8179107556201003	0.9411764705882352	True	False	up
AC011447.3	0.24	-0.1723607387587154	0.7437620205184569	0.9484299993643328	0.9411764705882352	True	False	down
AC011511.2	0.8225	0.5116565599950883	0.4850543344511181	0.866071095520413	0.9411764705882352	True	False	up
AC011586.1	0.6951	2.039198824908389	0.0303134454341353		0.8235294117647058	True	False	up
AC011586.2	0.2736	0.6171451415180799	0.4034857184167676	0.8272248501250122	0.9411764705882352	True	False	up
AC011603.2	0.4111	-0.1905245523742989	0.4615095675692984	0.8553385044400782	1.0	True	False	down
AC011751.1	0.054	0.5842075412159596	0.6757013379638046	0.9313708956103488	0.9411764705882352	True	False	up
AC011773.3	0.7638	0.3455920362937187	0.6785529296143156		0.8235294117647058	True	False	up
AC011921.1	0.7556	-0.5967161810723777	0.0403598483001143	0.3610113780634851	1.0	True	False	down
AC011997.1	0.6616	0.3138818725086567	0.352513841428096	0.7982160210415132	0.9411764705882352	True	False	up
AC012063.1	0.3998	-0.4640978791852251	0.1619340534073684	0.6215078061080549	1.0	True	False	down
AC012078.2	0.1376	-1.2139470142656916	0.4956755593481387	0.8701414374778035	1.0	True	False	down
AC012085.2	0.2135	2.3299609259167102	0.0041993326639403	0.1340696034483111	1.0	True	False	up
AC012291.3	0.6088	-0.7528093294237769	0.0297907058018532	0.3195454559418898	1.0	True	False	down
AC012363.1	0.8376	0.6786000253472572	0.2988009577516803	0.7678156414704679	0.9411764705882352	True	False	up
AC012409.2	0.2413	1.6614940536039489	0.0095345153589142	0.1918609843710571	1.0	True	False	up
AC012459.1	0.0812	2.644602304899213	0.0004051696311574	0.0541612346550326	1.0	True	False	up
AC012485.1	0.4084	1.8418557073236148	0.2826609115963531		0.8235294117647058	True	False	up
AC012485.2	0.4356	-0.3885811941688135	0.6247296677083262	0.917713633970502	0.8823529411764706	True	False	down
AC012494.1	0.2268	0.211228405833508	0.6338628958938974	0.919948739569498	0.9411764705882352	True	False	up
AC012501.2	0.4669	0.7109253849240781	0.4145559461216873	0.8340184051931339	0.9411764705882352	True	False	up
AC012593.1	0.2666	2.1877726988567288	0.0143495764088909	0.2266126895408366	0.9411764705882352	True	False	up
AC012613.1	0.0846	3.4476232935716964	0.0039011356618361	0.1304801610251303	1.0	True	False	up
AC013287.1	0.0382	-1.211972900232772	0.0444276377795826	0.3761209687759202	1.0	True	False	down
AC013652.1	0.0181	-0.330956841904156	0.6044354561282645	0.9129169158958328	0.9411764705882352	True	False	down
AC015522.1	0.91	-0.2057350568946747	0.8667707727279081		0.7647058823529411	True	False	down
AC015631.1	0.7026	-1.3658258391976337	0.0538276272738141	0.4065322592364356	1.0	True	False	down
AC015712.4	0.2312	-1.3862016797684211	0.1641671336201658		1.0	True	False	down
AC015845.2	0.6034	-0.5157713086675321	0.5794319277820554	0.9033528099339728	0.9411764705882352	True	False	down
AC015923.1	0.7983	1.9348359045080925	0.0140724449674151	0.2248846839321491	1.0	True	False	up
AC015943.1	0.656	-0.8909425300073859	0.4175729587745872		1.0	True	False	down
AC015983.2	0.7962	-3.1832116959111563	0.0051015057812004	0.1460498941254645	1.0	True	False	down
AC015987.1	0.5158	0.0682402898405464	0.9279420834100324	0.9904584796510584	0.7058823529411765	True	False	up
AC016042.1	0.8902	0.5727389376796208	0.4431261363107556		1.0	True	False	up
AC016074.2	0.107	-2.0176830131909567	0.0110140299434166	0.2058043047706962	1.0	True	False	down
AC016134.1	0.8258	0.5346504628175153	0.6342483894146214		0.8235294117647058	True	False	up
AC016383.2	0.0168	0.2360023475230587	0.8403696956417799	0.9701072679955114	0.9411764705882352	True	False	up
AC016553.1	0.95	0.1834080817999693	0.9070201815835854		0.8823529411764706	True	False	up
AC016576.1	0.0682	3.37118646070644	7.96647484445185e-06	0.0105871654577994	1.0	True	False	up
AC016705.2	0.7102	-0.6745022309343242	0.087246860224807	0.4949717490242764	1.0	True	False	down
AC016723.1	0.904	1.4207554001600242	0.0491492219364486		1.0	True	False	up
AC016738.2	0.9896	2.0328049867859144	0.1210295374134318		0.8235294117647058	True	False	up
AC016745.1	0.1198	-1.2070614902236116	0.0117217028090065	0.2100424803923302	1.0	True	False	down
AC016766.1	0.8368	-0.0986446178374274	0.8818391712336239	0.9794782898307236	0.7647058823529411	True	False	down
AC016816.1	0.2206	-1.6924171996870367	0.0876517763060932		1.0	True	False	down
AC016821.1	0.497	0.1100999196882834	0.8320078832586808	0.9695256696792534	0.8235294117647058	True	False	up
AC016910.1	0.9756	1.8627742301766448	0.0596784494936432		1.0	True	False	up
AC017002.5	0.2928	3.66210204442258	4.843606913633015e-05	0.0195870764545148	1.0	True	False	up
AC017050.1	0.9018	-1.1989030350019771	0.0828109362998316	0.4865425010485612	1.0	True	False	down
AC017074.1	0.3589	-0.6115061418613045	0.1784689860009252	0.6426800643343864	1.0	True	False	down
AC017083.1	0.1985	0.9493362719162636	0.3540005207555355		0.8235294117647058	True	False	up
AC017101.1	0.6814	1.9796600756163671	0.0120631183242268	0.212328156661511	1.0	True	False	up
AC018467.1	0.129	-0.6251475534355754	0.2554947373257874	0.729208083505295	1.0	True	False	down
AC018541.1	0.5941	-0.7170943432826551	0.3655976503257957	0.805499535763029	1.0	True	False	down
AC018730.1	0.2752	-0.3998435731242044	0.4075399304180407	0.8303006242528754	0.9411764705882352	True	False	down
AC018742.1	0.9098	-0.0191217310040777	0.9791987488705368	0.9966887843469237	0.7647058823529411	True	False	down
AC018754.1	0.5212	-1.1212697136473346	0.2788554012778002		0.8235294117647058	True	False	down
AC018816.1	0.7303	-0.3849798450451613	0.4442018795882186	0.8509963072478737	1.0	True	False	down
AC019068.1	0.6719	-2.059596150411891	0.0078863972537802	0.1772464789344567	1.0	True	False	down
AC019117.1	0.0744	0.0616516918680325	0.9426400483636952	0.9939788873956428	0.6470588235294118	True	False	up
AC019117.2	0.0962	3.032873326675592	0.002972422261692	0.1144731810964935	1.0	True	False	up
AC019130.1	0.9686	1.875789196565068	0.0185200779605831	0.2526031422877172	1.0	True	False	up
AC019131.1	0.833	-0.8642733859366521	0.345297416860377		0.8235294117647058	True	False	down
AC019197.1	0.1136	-1.030826614279886	0.1681628236764564	0.6274732226733448	1.0	True	False	down
AC019330.1	0.8487	-0.8815544547743975	0.2145756177767922		1.0	True	False	down
AC020611.2	0.9232	2.6265447444914174	0.0008520526918395	0.074065189586146	1.0	True	False	up
AC020637.1	0.4312	0.9092541642491112	0.3369133308540718		0.9411764705882352	True	False	up
AC020687.1	0.8588	-0.5470140577901833	0.4502357484637918	0.8513656640211837	1.0	True	False	down
AC020718.1	0.8916	-0.2763254208323364	0.6277366487445355	0.9184719342309192	1.0	True	False	down
AC020916.1	0.0096	-1.8845612381722523	0.0055075796360241	0.1526306174539555	1.0	True	False	down
AC021086.1	0.407	-0.709042747972661	0.1965635980698896	0.6656210598259231	1.0	True	False	down
AC021231.1	0.3323	-0.483067059262143	0.1911544500027159	0.6589447344091303	1.0	True	False	down
AC021351.1	0.3506	0.4441520466421683	0.5654553068642114	0.8993094811834498	0.9411764705882352	True	False	up
AC021504.1	0.0453	-2.845348637873984	0.0196639828676147	0.261270191289655	0.8235294117647058	True	False	down
AC021594.2	0.5196	0.2291033782243089	0.8362359038308467	0.9695256696792534	0.8823529411764706	True	False	up
AC021723.2	0.3178	-2.374110760093485	0.0383738889564078	0.3555369736853116	1.0	True	False	down
AC021752.1	0.5681	-1.6806647904765823	0.0332119501192735	0.3362225561148141	1.0	True	False	down
AC021851.1	0.7418	-0.1764839530739306	0.6155903554880467	0.9157279001502492	1.0	True	False	down
AC021851.2	0.8344	-0.2012727453142662	0.5729083445152295	0.902159251795067	1.0	True	False	down
AC022031.2	0.767	-0.6216319865891186	0.3405223447146654	0.7906285816037695	1.0	True	False	down
AC022075.1	0.6738	0.1357035492524032	0.7375006379149998	0.9478139311792948	0.9411764705882352	True	False	up
AC022126.1	0.7292	-0.3645112991220145	0.463934539237033	0.8564560602120649	0.9411764705882352	True	False	down
AC022182.1	0.7776	0.0431023276283059	0.9575378122361468		0.7647058823529411	True	False	up
AC022325.2	0.8818	-2.017817928905463	0.0714484248034442		0.8235294117647058	True	False	down
AC022424.1	0.2731	-0.4226186273070108	0.3270070303301789	0.7815719619562997	1.0	True	False	down
AC022424.2	0.9042	1.3947694612165773	0.0044975911620784	0.1372916528534911	1.0	True	False	up
AC022431.1	0.4468	-0.7390752115411258	0.3417685235888943	0.7922113100445016	1.0	True	False	down
AC022509.2	0.9598	0.3196437733153852	0.53704421862386	0.886360325019798	1.0	True	False	up
AC022523.1	0.6962	-0.1224534907077265	0.9024738886561532		0.6470588235294118	True	False	down
AC022601.1	0.9285	3.8629400618984784	0.0016538969272205	0.0910260435690387	1.0	True	False	up
AC022655.1	0.1698	-0.0260719637275753	0.9807940609420818		0.7647058823529411	True	False	down
AC022784.1	0.202	0.2110240173193005	0.6066081405098696	0.9134879208528638	1.0	True	False	up
AC022858.1	0.5136	-1.469283794664885	0.2113750968761689		0.8235294117647058	True	False	down
AC023051.1	0.9376	2.1217430100293235	0.0180841508375376	0.2495240644094297	1.0	True	False	up
AC023095.1	0.9438	1.066144315878328	0.2499611907956807	0.7222560504853818	1.0	True	False	up
AC023202.1	0.8626	1.983141649709624	0.188458556102425		0.8235294117647058	True	False	up
AC023282.1	0.1886	-0.6546596794344574	0.1026190774112707	0.5230318868841108	1.0	True	False	down
AC023421.2	0.0527	-2.2780463766354986	0.0765223909844417	0.472369176129986	0.8235294117647058	True	False	down
AC023424.3	0.519	2.158449883937652	0.0075579478317197	0.1744596721719343	1.0	True	False	up
AC023469.1	0.0078	0.5697931418941765	0.7275520796885364	0.9449976378483544	0.9411764705882352	True	False	up
AC023480.1	0.7074	1.3697259108901518	0.0016357688595946	0.0903655081611261	1.0	True	False	up
AC023509.6	0.8216	1.5868707851278294	0.008000006800067	0.1774437598511109	1.0	True	False	up
AC023590.1	0.2846	2.005091180773161	0.0036228843035827	0.1251464718450709	1.0	True	False	up
AC023794.1	0.7104	-0.2168083809087088	0.6747730446602802	0.9313708956103488	0.9411764705882352	True	False	down
AC024022.1	0.4982	-0.7640473722509555	0.2837794660685705	0.7570277352622727	1.0	True	False	down
AC024230.1	0.0091	4.1060316615418	0.0001193652302684	0.0319898252677592	1.0	True	False	up
AC024257.3	0.8782	-0.7777976983225011	0.2971898106393406	0.7669972248659906	1.0	True	False	down
AC024382.1	0.8991	2.0831775481495947	0.0019798856076629	0.0981359304147406	1.0	True	False	up
AC024558.2	0.1223	-0.5200051695478523	0.2223293930157482	0.6955161287343132	1.0	True	False	down
AC024588.1	0.9096	1.624156260288326	0.0248728375574927	0.2895614474925163	1.0	True	False	up
AC024901.1	0.8512	-0.0822034669892851	0.8510232972221086	0.9725490252806572	0.8235294117647058	True	False	down
AC024941.2	0.7116	-0.809034312489105	0.4129704873292352		0.8235294117647058	True	False	down
AC025048.4	0.4644	0.1934961143777601	0.7393877230228265	0.9480519669222794	0.9411764705882352	True	False	up
AC025159.1	0.284	-0.0404245903440051	0.9329915159334468	0.9913791770311696	0.7647058823529411	True	False	down
AC025171.1	0.606	-0.1834623793114592	0.5965368430160614	0.9098802778204425	0.9411764705882352	True	False	down
AC025171.2	0.5692	-0.3486447181139793	0.7058808173959508	0.93939961764172	0.8823529411764706	True	False	down
AC025180.1	0.8388	0.3019164485581471	0.5764587839876834	0.9027067638657916	1.0	True	False	up
AC025262.1	0.4915	-0.2742517182858641	0.7080029706393511	0.9400525535089054	0.9411764705882352	True	False	down
AC025580.2	0.3642	0.5783282614488952	0.3031654024814578	0.7697557405470845	0.9411764705882352	True	False	up
AC025627.1	0.3884	1.2482338739544585	0.1609894890853023	0.621470741621364	1.0	True	False	up
AC025810.1	0.1706	-1.1104049359932562	0.2924785974048367	0.7626406020149054	1.0	True	False	down
AC025887.2	0.5006	0.3176980032306813	0.3997335101406963	0.8237034471326168	0.9411764705882352	True	False	up
AC026167.1	0.9148	-1.619733228811624	0.0478747842680092	0.3894942459752541	1.0	True	False	down
AC026341.1	0.5545	-0.1847678953427533	0.7151026452683982	0.941054980113967	0.8823529411764706	True	False	down
AC026433.1	0.9718	-0.7259948177754472	0.5619478515482887		1.0	True	False	down
AC026495.1	0.3851	-0.5612567838386948	0.6200708167716205	0.9167514250884936	0.9411764705882352	True	False	down
AC026495.2	0.2102	0.582593468770092	0.5790970421196164		0.8235294117647058	True	False	up
AC026689.1	0.4646	-0.3926819676748438	0.3795334212786153	0.813995505670882	1.0	True	False	down
AC026704.1	0.96	0.9660400997781928	0.1037960881308468	0.5261141924158044	1.0	True	False	up
AC026894.1	0.9274	1.7919647755861414	0.0417911738417893	0.3669982075346815	1.0	True	False	up
AC026979.2	0.7782	0.8543649709863222	0.1431115089147471	0.5915131566034546	1.0	True	False	up
AC027018.1	0.4994	1.636795527066129	0.0157637363865629	0.2325355438107399	1.0	True	False	up
AC027097.2	0.4423	0.3038834089432092	0.2140164806506553	0.6849084594482896	1.0	True	False	up
AC027117.2	0.3976	-1.0996281861877308	0.0055153979052853	0.1526306174539555	1.0	True	False	down
AC027288.3	0.2139	-0.7759436959577971	0.2235557086599581	0.6961242182663939	1.0	True	False	down
AC027698.1	0.503	1.7272340494593517	0.0422936915604109	0.3683630058992777	1.0	True	False	up
AC034111.2	0.4602	-0.9805827894789042	0.1504208470898491	0.6049815206632149	1.0	True	False	down
AC034139.1	0.7474	0.3588406463066413	0.6060863566691239	0.9134879208528638	0.9411764705882352	True	False	up
AC034195.1	0.2604	-0.359591313072765	0.4363410485796164	0.8466321523332957	0.9411764705882352	True	False	down
AC034245.1	0.3344	1.4568784878209846	0.1695159414723097		1.0	True	False	up
AC034268.2	0.6575	-0.8764172663049783	0.1769375383557594	0.6404487584656323	1.0	True	False	down
AC035140.1	0.8002	-2.270132398724167	0.0066916827537108	0.1687042187038757	1.0	True	False	down
AC036176.1	0.6386	-0.3638824912526539	0.5664375037314217	0.8998426838236989	1.0	True	False	down
AC036214.1	0.6164	-0.9525692470184316	0.2200093486434795		0.8235294117647058	True	False	down
AC040174.1	0.3389	0.3396097114136116	0.6281079626560839	0.9186507138499987	0.9411764705882352	True	False	up
AC044810.2	0.5556	-1.1982859160045212	0.05983078736025	0.4265365459466834	1.0	True	False	down
AC046134.2	0.5689	-0.3475117803808302	0.3461784059519078	0.796057392168698	0.9411764705882352	True	False	down
AC046195.1	0.192	-0.8001804038347791	0.342347854967705	0.7924718864993172	1.0	True	False	down
AC046195.2	0.584	-0.1306736053067146	0.8885241081664553	0.981295811575846	0.8235294117647058	True	False	down
AC051619.5	0.1327	-0.0190664367311934	0.9763030208823984	0.9965158960969336	0.7058823529411765	True	False	down
AC053527.2	0.2884	-0.7942425514649922	0.0142921518162302	0.2262540793971276	1.0	True	False	down
AC060765.2	0.6906	-0.8289326427073274	0.3357179367168309	0.786240616849817	1.0	True	False	down
AC061708.1	0.3688	0.2471359820511883	0.5878926626974923	0.9064367022549278	1.0	True	False	up
AC061958.1	0.886	0.6870746107769984	0.3522984211258392	0.7981281774832553	1.0	True	False	up
AC063944.1	0.7294	-0.5973353378866488	0.0525665678034931	0.4021560555505828	1.0	True	False	down
AC063979.2	0.6332	-1.864074768534335	0.030263084768321	0.3218316512853175	1.0	True	False	down
AC064807.2	0.6382	-0.6707695830264274	0.2874339376340211	0.7606118729999662	1.0	True	False	down
AC067751.1	0.3565	-0.394077716146005	0.415759594589561	0.8344218752335484	1.0	True	False	down
AC068051.1	0.4978	0.5292258843792959	0.2195212463156496	0.6923834804620201	1.0	True	False	up
AC068234.2	0.6171	1.8274435958643933	0.0098605319065498	0.1937503404615293	1.0	True	False	up
AC068282.1	0.5792	1.742930781703129	0.0060339512172881	0.1598586869334904	1.0	True	False	up
AC068286.2	0.7398	-0.4386547315605772	0.2684911690892551	0.7448823907908233	1.0	True	False	down
AC068305.2	0.2653	-0.3325692793168376	0.5432649112569061	0.8881777591812194	0.9411764705882352	True	False	down
AC068389.1	0.9361	-0.236748576649984	0.69056233386385		0.9411764705882352	True	False	down
AC068587.4	0.014	2.395640485735804	5.624341737275046e-05	0.0207397601562017	1.0	True	False	up
AC068631.1	0.4716	0.3333925604932428	0.7104728745768156	0.941054980113967	0.9411764705882352	True	False	up
AC068633.1	0.223	-0.6910447256579652	0.3584157204033972	0.8009534673973157	1.0	True	False	down
AC068722.1	0.5572	0.5990591419615414	0.4052457743273691	0.8281226289589866	1.0	True	False	up
AC069120.1	0.4862	-1.1782009810901044	0.3150410249071523	0.7760113228541231	0.8235294117647058	True	False	down
AC069272.1	0.9505	0.5829985313481945	0.2100794182850099	0.6807274647855661	1.0	True	False	up
AC069277.1	0.03	-1.0643905230677675	0.531375837649675	0.884647102485776	0.9411764705882352	True	False	down
AC069437.1	0.9956	1.9219463893846287	0.0297636123119613	0.3195454559418898	1.0	True	False	up
AC072062.1	0.5718	0.8988708543362783	0.1009171917190241	0.5194749075375509	1.0	True	False	up
AC073050.1	0.7323	1.2407051210801885	0.1290824830570448	0.5712471122386473	1.0	True	False	up
AC073114.1	0.1452	-0.6077151381984536	0.0823709509507342	0.4857773702103037	1.0	True	False	down
AC073167.1	0.4192	2.9250583701988275	0.0002006593191624	0.0435253670242039	1.0	True	False	up
AC073174.1	0.0194	-2.8316554089237704	0.0622987855027142	0.433856036905116	1.0	True	False	down
AC073316.3	0.632	1.887067825680457	0.0265430164247188	0.2996252847961036	1.0	True	False	up
AC073332.1	0.7374	0.0366068891410809	0.8932306618723398	0.9825762398244084	0.8235294117647058	True	False	up
AC073346.1	0.4504	-0.9185707906643532	0.3158567220781215		0.8235294117647058	True	False	down
AC073475.1	0.5352	-0.1209093619898771	0.7796153921171781	0.9571317544545264	0.8235294117647058	True	False	down
AC073529.1	0.7882	-0.1248498613093411	0.663199464754604	0.9276822797991952	1.0	True	False	down
AC073569.2	0.6551	-0.8140483320178429	0.0659125206950329	0.447404362748153	1.0	True	False	down
AC074011.1	0.9766	1.0105624010410557	0.4859976402856736		0.8235294117647058	True	False	up
AC074237.1	0.9544	-0.3499614363062823	0.7960783778675677		0.8235294117647058	True	False	down
AC074351.1	0.4428	-3.214972294520224	0.0096490553911553		1.0	True	False	down
AC077690.1	0.7796	-0.0394194279050242	0.9172641430154684	0.9883236537430024	0.8823529411764706	True	False	down
AC078785.1	0.4114	-0.2636782251912213	0.4519826648360002	0.8513656640211837	1.0	True	False	down
AC078850.2	0.4054	1.0519723485144952	0.0818022272450241	0.4848787309675574	1.0	True	False	up
AC078881.1	0.2288	-0.1383671986813457	0.7512249211230044	0.9494855461323825	0.8823529411764706	True	False	down
AC078883.1	0.9648	2.455536734327327	0.0042734995476308	0.1353044112268137	1.0	True	False	up
AC078923.1	0.8536	0.1258010960970137	0.7890966907301853	0.9594006571534278	0.8823529411764706	True	False	up
AC078980.1	0.266	-0.6465425488385609	0.5234121377705887	0.8810143823024288	0.9411764705882352	True	False	down
AC079142.1	0.2338	0.2760681494860565	0.3125837096468232	0.7750226453673966	0.9411764705882352	True	False	up
AC079298.3	0.0212	1.908411279108202	0.0090026625218839	0.1875554692059164	1.0	True	False	up
AC079352.1	0.0008	-0.5058844154745448	0.5050084124521221	0.8741783926380474	0.9411764705882352	True	False	down
AC079380.1	0.5322	-0.6601719752291092	0.334509862013307	0.7856579862638499	1.0	True	False	down
AC079384.1	0.5899	0.1116238413215562	0.9126608824141916		0.7058823529411765	True	False	up
AC079385.1	0.842	0.0020699264235099	0.9973014856476752	0.9995526864259706	0.5294117647058824	True	False	up
AC079447.1	0.3934	-0.0928811344063842	0.6587678311348777	0.9270936013526614	0.9411764705882352	True	False	down
AC079630.1	0.4046	1.3693506877323212	0.0682379664148326	0.453486790767113	1.0	True	False	up
AC079760.1	0.4462	0.1791409038929891	0.6430867420713546	0.9219129174386276	0.9411764705882352	True	False	up
AC079760.2	0.675	0.3618212760683739	0.5198958374669576	0.8798138028300402	1.0	True	False	up
AC079768.4	0.4908	0.1043284006588345	0.9245756983241468	0.9896824010692276	0.8235294117647058	True	False	up
AC079779.2	0.0912	0.584143770839775	0.4810601813455011	0.863995980940422	1.0	True	False	up
AC079779.3	0.9758	1.33242553409979	0.1935817244471158		1.0	True	False	up
AC079790.2	0.8584	-1.057668229939439	0.2896560784823182		0.8235294117647058	True	False	down
AC079804.3	0.195	2.3073941787749725	0.000335694228231	0.0510462872825549	1.0	True	False	up
AC079848.2	0.4821	-0.7733778539441161	0.0897995317072424	0.5006756935627166	1.0	True	False	down
AC083805.2	0.9832	0.7003968537604492	0.4983749464037408		1.0	True	False	up
AC083837.1	0.222	-0.4601807766086576	0.1877184773342342	0.6548046097964283	1.0	True	False	down
AC083855.2	0.61	2.611870491937508	0.0006001337253551	0.0639999982947987	1.0	True	False	up
AC083862.3	0.134	-0.200490235899401	0.6897135013219946	0.9350137790692664	0.9411764705882352	True	False	down
AC083870.1	0.7518	1.8380508374201503	0.0017400497491506	0.0929190802697564	1.0	True	False	up
AC084740.1	0.5254	-1.782954888384245	0.075018534602103	0.4690758415111159	1.0	True	False	down
AC084816.1	0.145	-0.5522182751476133	0.3186593115039873	0.7771896299728746	1.0	True	False	down
AC084871.1	0.9912	1.9673489703944789	0.050407803652337		1.0	True	False	up
AC087280.2	0.8996	-0.1060536844337958	0.7738074272119824	0.9565839754905506	0.9411764705882352	True	False	down
AC087286.2	0.5919	2.4247254270044816	0.0042427839651014	0.1348729816492364	1.0	True	False	up
AC087477.2	0.3602	-0.2551954150069355	0.3425539419098203	0.7926556811506984	1.0	True	False	down
AC087482.1	0.1815	0.1788709356721903	0.728228913605288	0.9452108831114042	0.9411764705882352	True	False	up
AC087564.1	0.2198	0.0521760262798697	0.8359247225170958	0.9695256696792534	0.8823529411764706	True	False	up
AC087645.2	0.6901	-0.7399841413059446	0.1844523256540126	0.6502675950051152	1.0	True	False	down
AC087762.1	0.0238	-0.4561107341524648	0.5176999463384486	0.8794919202358145	1.0	True	False	down
AC087854.1	0.724	1.381804399613276	0.0541300554738119	0.407918474175805	1.0	True	False	up
AC087857.1	0.4758	-1.0472298643166558	0.1775597172016231	0.6415986841557916	1.0	True	False	down
AC090001.1	0.666	-2.074360188292674	0.0386380860570061	0.3570875747749626	1.0	True	False	down
AC090015.1	0.2332	-1.849294583643761	0.1367230302629285	0.5823461439151592	1.0	True	False	down
AC090115.1	0.6398	-0.916946962835836	0.0695521617790547	0.4551341616278064	1.0	True	False	down
AC090150.1	0.8432	-0.369479515087473	0.4592683426615233	0.8542952691242157	1.0	True	False	down
AC090197.1	0.3072	-0.289051349206517	0.6882005854935678		1.0	True	False	down
AC090204.1	0.2728	-0.1898655128163773	0.6394732063009836	0.9214921417312693	0.9411764705882352	True	False	down
AC090517.5	0.4178	-0.0872977277502238	0.656342306435789	0.9259467759049452	1.0	True	False	down
AC090518.1	0.9734	0.3729331425511814	0.5448098541276796	0.889227105055137	1.0	True	False	up
AC090578.1	0.9554	1.5266658372861164	0.032624153749299	0.3323642994089238	1.0	True	False	up
AC090579.1	0.2248	1.474179416227531	0.0239225608641219	0.2845627199562897	1.0	True	False	up
AC090630.1	0.0318	0.7954975193064534	0.3135322638850396	0.7759211381337228	1.0	True	False	up
AC090796.1	0.3276	-1.5428345572643738	0.2681319755172527		0.8235294117647058	True	False	down
AC090825.1	0.3004	-0.1111836221102009	0.8347945435711748	0.9695256696792534	0.9411764705882352	True	False	down
AC090921.1	0.4599	-0.8446466199485244	0.2701132476902175	0.7464228591500763	1.0	True	False	down
AC090945.1	0.4878	0.1587392063373363	0.6270701305871345	0.9184077476080064	0.9411764705882352	True	False	up
AC091151.5	0.0566	-1.577676353275804	0.2285264304642227		1.0	True	False	down
AC091212.1	0.3994	0.1250516082096795	0.7790714324534277	0.9570503563494678	0.8823529411764706	True	False	up
AC091563.1	0.7372	-0.9000008122672127	0.2413853632287261	0.7152338504667961	1.0	True	False	down
AC091906.1	0.4553	1.928141635719649	0.0433641867544271	0.3723060271407452	1.0	True	False	up
AC091946.1	0.4632	-1.0562626897798293	0.0581108310999648	0.4211516620266291	1.0	True	False	down
AC092078.2	0.1528	-0.6418358823136839	0.7111542287221915	0.941054980113967	0.9411764705882352	True	False	down
AC092118.1	0.2824	0.1872218765341397	0.7104587635610188	0.941054980113967	0.9411764705882352	True	False	up
AC092142.1	0.6226	-0.1825461853607013	0.7241375958002083	0.9435846186556728	0.9411764705882352	True	False	down
AC092153.1	0.906	0.1363519152512569	0.8133852146899465	0.9663007438684964	0.8823529411764706	True	False	up
AC092162.2	0.1838	3.72631718780412	0.0014069492632184	0.0840182252326827	0.8235294117647058	True	False	up
AC092164.1	0.3906	-1.4613983034017024	0.018386837100981	0.2521332913311133	1.0	True	False	down
AC092353.1	0.857	2.082370857762992	0.0280876740659641	0.3098209721566281	0.8235294117647058	True	False	up
AC092353.2	0.557	1.881186834747845	0.0702151857769734	0.4563390715277504	0.9411764705882352	True	False	up
AC092422.1	0.1476	-2.6675163572677967	0.0009028139029073	0.0741513819234157	1.0	True	False	down
AC092431.1	0.478	1.914016690481514	0.0333255503548176		1.0	True	False	up
AC092535.4	0.1184	0.7069223137320466	0.207714503496723	0.6775296166688777	0.9411764705882352	True	False	up
AC092546.1	0.5077	1.3464302335872251	0.1320129627271861	0.5751093759161593	1.0	True	False	up
AC092598.1	0.9301	0.509737445215993	0.5645620879535658		0.8235294117647058	True	False	up
AC092640.1	0.9022	-0.1011907686662576	0.8944766790452117	0.9825762398244084	0.8235294117647058	True	False	down
AC092650.1	0.2466	-1.1049447524206475	0.0533316355384201	0.4052239071640815	1.0	True	False	down
AC092745.5	0.7478	-0.3012366534384086	0.3777361290181414	0.8128329414246228	0.9411764705882352	True	False	down
AC092802.1	0.832	0.7927298873110313	0.0696105781861731	0.4551341616278064	1.0	True	False	up
AC092821.3	0.7478	-0.7068160976514115	0.2497250211539783	0.7222560504853818	1.0	True	False	down
AC092844.1	0.8038	0.3818823169841832	0.6189770786295052		0.7647058823529411	True	False	up
AC092902.4	0.2178	1.1975385564902865	0.0612137085650455	0.4303232742617631	1.0	True	False	up
AC092944.1	0.8018	-0.3386273494196842	0.3237225020490832	0.7805643189742463	1.0	True	False	down
AC092969.1	0.6763	0.5584368650982318	0.2006320641773392	0.6693987640742055	0.9411764705882352	True	False	up
AC093298.2	0.331	-0.5669488738734063	0.335613180094547	0.786240616849817	1.0	True	False	down
AC093523.1	0.8268	-1.936852838542723	0.0527881090789604	0.4028063160448356	0.8235294117647058	True	False	down
AC093535.1	0.6558	1.5556338662606464	0.0293946607137301	0.3178534326571212	1.0	True	False	up
AC093607.1	0.7558	0.7233862579670531	0.1245091948695755	0.5623118874238332	1.0	True	False	up
AC093765.2	0.801	-2.896871831120947	0.0257928069350934		1.0	True	False	down
AC093765.3	0.5596	-3.096982958654784	0.0039803628766567	0.1309413978348961	1.0	True	False	down
AC093772.1	0.7774	-1.4197447070177327	0.1515074463438205		0.8235294117647058	True	False	down
AC093817.2	0.8514	-1.064962202556451	0.2261173154524217	0.6986238799587811	1.0	True	False	down
AC093849.4	0.9191	-0.5941313002330018	0.279996140560579	0.7533642964736482	1.0	True	False	down
AC093865.1	0.9298	-0.707809777684336	0.0596820591566201	0.4265069634496837	1.0	True	False	down
AC093879.1	0.898	2.713386805787411	0.0012780282965505		0.8235294117647058	True	False	up
AC093895.1	0.783	0.0172134374297162	0.9842849818130928	0.9978832553263536	0.5882352941176471	True	False	up
AC093898.1	0.4713	-0.1038544234028824	0.8735288820956045	0.9776771976738512	0.8235294117647058	True	False	down
AC093912.1	0.4678	-0.2429238823041878	0.8269533196621663	0.9686193562257204	0.8235294117647058	True	False	down
AC093916.1	0.1594	-1.142072133874019	0.3058953651922328	0.7715384125488088	1.0	True	False	down
AC096531.2	0.3738	-1.0947786714982122	0.0665954119754244	0.4487356448778027	1.0	True	False	down
AC096564.1	0.5134	3.206367632729667	4.716713038701111e-05	0.0195870764545148	1.0	True	False	up
AC096570.1	0.7038	-1.271734131236546	0.1350043427192386		0.8235294117647058	True	False	down
AC096577.1	0.0012	0.0656909039466971	0.9513251625076178	0.9946677306023096	0.7058823529411765	True	False	up
AC096677.1	0.5408	-0.0409684854772166	0.9342628315377268	0.9916012003578076	0.7058823529411765	True	False	down
AC096711.2	0.2406	-1.451717643206981	0.1219079594924338	0.5568728406668937	1.0	True	False	down
AC096719.1	0.534	-0.0219275021194752	0.9677620425404732		0.8235294117647058	True	False	down
AC097460.1	0.4304	-0.7256083594097379	0.2248214703353798	0.6969560082906373	1.0	True	False	down
AC097512.1	0.6592	-0.2165694416548365	0.5633688626228217	0.8983544031971473	1.0	True	False	down
AC097515.1	0.0742	-1.4858892210731809	0.0364415308374684	0.3481299092309969	1.0	True	False	down
AC097518.2	0.1284	0.2105061082789008	0.7795709675295642	0.9571317544545264	0.9411764705882352	True	False	up
AC097634.3	0.8798	1.1186100821061296	0.0043955827600345	0.1367823749166876	1.0	True	False	up
AC098588.3	0.0924	0.3109477463689567	0.5145527146746103	0.8780255138188919	0.9411764705882352	True	False	up
AC098617.1	0.3154	0.0360864119166369	0.946079672791329	0.9944106535450123	0.6470588235294118	True	False	up
AC098656.1	0.5476	-0.2575877243787054	0.6786350713929652	0.9317020633353053	0.8823529411764706	True	False	down
AC098828.2	0.6128	-0.8987079752332804	0.336710613050156	0.7871418983142352	1.0	True	False	down
AC098829.1	0.2886	1.47070238470993	0.0053194661089424	0.1486025096721616	1.0	True	False	up
AC099066.2	0.9296	0.9662511764683096	0.1283193868377429		0.8235294117647058	True	False	up
AC099329.1	0.9576	-0.0572329354516751	0.9550833266793566	0.9946677306023096	0.7647058823529411	True	False	down
AC099343.4	0.5796	0.99742753267774	0.314712412844627		1.0	True	False	up
AC099489.1	0.7868	0.2247000290181763	0.7297491397927743	0.9461017677721212	0.9411764705882352	True	False	up
AC099517.1	0.5875	-0.5439522264678182	0.4473065495055262	0.8513656640211837	0.9411764705882352	True	False	down
AC099670.3	0.9505	0.26612627588406	0.8282230595287547		0.9411764705882352	True	False	up
AC099782.2	0.6893	1.2967101039087223	0.0951493942949355		0.8235294117647058	True	False	up
AC099788.1	0.2612	1.6641427142666407	0.0321686781725344	0.3313463708413992	1.0	True	False	up
AC099792.1	0.5202	0.5421186364151092	0.5528486601336701	0.8929008716433462	0.9411764705882352	True	False	up
AC100800.1	0.6736	3.247433369132408	0.0009308574325985	0.0749177440291939	1.0	True	False	up
AC103591.3	0.2523	-0.9886770141410436	0.4166342920706649	0.8344492791504127	1.0	True	False	down
AC103770.1	0.5434	0.2530150692942149	0.7592261973786651		0.9411764705882352	True	False	up
AC103923.1	0.4774	-0.17453320408667	0.7472386682268078	0.949324429880132	1.0	True	False	down
AC104035.1	0.5782	0.8094378580945412	0.0586737965141262	0.4229904685158173	1.0	True	False	up
AC104041.1	0.0076	-2.391661401118317	0.009030206115741	0.1875993524044786	1.0	True	False	down
AC104123.1	0.9232	-0.0539373064664073	0.8310216506454691	0.9695256696792534	0.8235294117647058	True	False	down
AC104170.1	0.3546	-0.1834610397694919	0.652833515796365	0.9242939487422136	1.0	True	False	down
AC104211.1	0.9651	-0.3684757792105711	0.429998537833838	0.8424924855958874	0.9411764705882352	True	False	down
AC104232.3	0.3802	-0.7864300423450395	0.1427194870441398	0.5915131566034546	1.0	True	False	down
AC104248.1	0.52	-0.2956068467916853	0.7088584959932955		0.7647058823529411	True	False	down
AC104316.1	0.9046	2.477325341473243	0.0107429259447322	0.2034122691717594	1.0	True	False	up
AC104365.1	0.2818	1.6653565147590197	0.0456126219028281	0.3802030281249682	1.0	True	False	up
AC104389.5	0.8007	0.1826440494889729	0.4403962495593484	0.8487031801200434	1.0	True	False	up
AC104459.1	0.5064	0.4207926476544951	0.5855644134469382	0.9053537838933268	0.9411764705882352	True	False	up
AC104461.1	0.8134	0.4596731939512116	0.4114088110520464	0.8328685098843926	1.0	True	False	up
AC104574.2	0.9806	0.3061781136453685	0.711438240097982	0.941054980113967	0.9411764705882352	True	False	up
AC104596.1	0.2759	-1.3031670599766485	0.013645493116175	0.2236147586511668	1.0	True	False	down
AC104664.1	0.6538	-0.507531751791678	0.4999921065410385	0.872091121692593	1.0	True	False	down
AC104695.4	0.2706	-0.2718463966131784	0.6150315296075135	0.9157279001502492	0.9411764705882352	True	False	down
AC104781.2	0.998	0.3755677361376453	0.7111325835487676		0.9411764705882352	True	False	up
AC104827.1	0.6269	1.4951918467594176	0.0353458829299964	0.3452660749784419	1.0	True	False	up
AC104850.2	0.8705	-0.5247514964374115	0.4976638025492907	0.8709087975169134	0.9411764705882352	True	False	down
AC104958.1	0.974	1.3075080785541315	0.275973861129441		1.0	True	False	up
AC104982.2	0.9994	2.501273198058064	0.0465377969572907		0.8235294117647058	True	False	up
AC105001.1	0.6005	0.9821214512361875	0.149308431594467	0.603204427833029	1.0	True	False	up
AC105052.5	0.404	-0.5340717714354418	0.2383951627219066	0.7118074190583246	1.0	True	False	down
AC105094.2	0.2216	-0.8622331249809089	0.2968461860045693	0.7665558724135292	1.0	True	False	down
AC105285.1	0.9692	-0.3876042091362398	0.2946446562180832	0.7646039196370034	1.0	True	False	down
AC105402.3	0.0002	-10.385604898558968	0.0023381054177628	0.1021748592073879	1.0	True	False	down
AC105411.1	0.4078	-0.7396118393628304	0.1322303984767439	0.5751227731777429	1.0	True	False	down
AC105450.1	0.1812	0.5344743455917655	0.5358096565790663	0.8858473951924688	1.0	True	False	up
AC106729.1	0.6286	0.0507676689989539	0.9249780220658396	0.9897922303878652	0.8235294117647058	True	False	up
AC106791.1	0.076	-0.5314809031989108	0.3496776187907395	0.7966291180223467	1.0	True	False	down
AC106793.1	0.4236	-0.2533945118697616	0.6486130255304765	0.9228909641954024	1.0	True	False	down
AC106798.1	0.727	0.6221617924067244	0.2459111658546618	0.7181766725046166	1.0	True	False	up
AC106799.2	0.4882	-0.0501907636154257	0.9511247045407896	0.9946677306023096	0.7058823529411765	True	False	down
AC106818.2	0.9704	1.616838477219791	0.0022682960215923	0.10107965655132	1.0	True	False	up
AC107021.1	0.4642	1.6048746567350338	0.0790611207636008	0.4771487443793424	1.0	True	False	up
AC107029.2	0.8156	2.625235455599729	0.0031088717807009		1.0	True	False	up
AC107032.2	0.7268	-0.3932329218847065	0.4329610099061689	0.8446477383181402	1.0	True	False	down
AC107072.2	0.8404	2.3997739811933023	0.0003142743569041	0.049543174380266	1.0	True	False	up
AC107223.1	0.4476	0.7142450016985286	0.015214025569317	0.2306339950127705	1.0	True	False	up
AC107294.2	0.9306	-0.4012938723792483	0.6008107774319515		0.9411764705882352	True	False	down
AC107419.1	0.155	-1.7102749033986395	0.0246774801634903		1.0	True	False	down
AC108047.1	0.873	-0.6574371178195566	0.3030411743584335	0.7697557405470845	1.0	True	False	down
AC108519.1	0.3536	-0.1100532735213986	0.8116686483150358	0.9661432457189232	0.8823529411764706	True	False	down
AC108690.1	0.2642	-2.093535680623969	0.0966086896499544		0.8235294117647058	True	False	down
AC108749.1	0.6284	-1.3846163059614882	0.3294028008953621	0.7820694323752004	1.0	True	False	down
AC108752.1	0.2184	-1.246117612613773	0.4535009674783833	0.8513656640211837	1.0	True	False	down
AC109361.1	0.628	-0.4979957628828782	0.2058541632542367	0.6765893810168493	1.0	True	False	down
AC109441.1	0.4999	1.0986015624135028	0.1331707517921018		1.0	True	False	up
AC109466.1	0.0696	-1.5930854730323354	0.0431551075931546	0.3715924325738649	1.0	True	False	down
AC109811.1	0.9887	2.458589201858409	0.0135028578935027		0.8235294117647058	True	False	up
AC109927.1	0.885	-0.3495261757105683	0.4597007368568179	0.8542952691242157	1.0	True	False	down
AC110296.1	0.5188	3.901715001238883	0.0186534319805266	0.2527914240427886	1.0	True	False	up
AC110760.1	0.0508	0.6453697028511994	0.6128244918308193	0.915157626899405	0.9411764705882352	True	False	up
AC110767.1	0.7278	5.564826286897273	0.0004143713256777		0.8235294117647058	True	False	up
AC110809.1	0.579	1.140433604295133	0.2724454390129559		1.0	True	False	up
AC111000.4	0.021	-0.142491116501411	0.7765935818620684	0.9565839754905506	0.8235294117647058	True	False	down
AC111152.2	0.6044	-1.3177452422772875	0.2466802139875826		0.8235294117647058	True	False	down
AC112206.2	0.8026	1.4051077838382295	0.0364026124583375	0.3481299092309969	1.0	True	False	up
AC112487.1	0.5722	0.2307313341941121	0.686404249708858	0.9333274558083272	0.9411764705882352	True	False	up
AC112493.1	0.871	-0.4604518994726343	0.5539307468625712		0.8235294117647058	True	False	down
AC113383.1	0.2421	-2.324685131665394	0.0250784871593894	0.2910813075627138	1.0	True	False	down
AC113386.1	0.1542	1.1618919438129294	0.1072464579859633	0.5338796001663716	1.0	True	False	up
AC113414.1	0.0352	-1.0319621914178538	0.0414232623952317	0.3645543677384654	1.0	True	False	down
AC114689.3	0.5548	0.0693227632674725	0.9037691400726948	0.9853832341075488	0.8235294117647058	True	False	up
AC114763.1	0.7962	-0.3967421729795874	0.2540356441505444	0.7274664339403725	1.0	True	False	down
AC114812.2	0.1917	3.6610044962421022	4.338792821282899e-06	0.0105871654577994	1.0	True	False	up
AC114930.1	0.8726	3.199452741536076	0.0007879022447999	0.0726949957794233	1.0	True	False	up
AC114956.3	0.4094	0.3079364409611257	0.6340647006613314	0.9199738672786384	0.9411764705882352	True	False	up
AC114971.1	0.3968	-1.2734979475309345	0.1815854343072139	0.6453940135015436	1.0	True	False	down
AC116049.2	0.0872	-0.7946058887009274	0.343353090722812	0.7936778072655505	0.9411764705882352	True	False	down
AC116345.1	0.9028	0.2091196835143283	0.7879576894711888	0.959109232372707	0.9411764705882352	True	False	up
AC116345.3	0.4754	-0.7518461748562525	0.3297721035513802	0.7825481250321586	1.0	True	False	down
AC116362.1	0.687	-0.2156360164435652	0.5080083216822835	0.875178131192173	0.9411764705882352	True	False	down
AC116535.1	0.4486	-1.6301843277247292	0.1624875946993923		0.8235294117647058	True	False	down
AC117383.1	0.2259	3.1688073926287146	0.0004252857312294	0.0550260046985444	1.0	True	False	up
AC117386.2	0.3167	-1.0169064973988835	0.1026206291961096	0.5230318868841108	1.0	True	False	down
AC117481.1	0.7348	-0.8785397107212323	0.3383818844497702	0.7882221301978747	1.0	True	False	down
AC117528.1	0.9356	0.5728006903114736	0.4489087987351466	0.8513656640211837	1.0	True	False	up
AC117834.1	0.956	1.2911716393131194	0.0785980298051858	0.4763027689509	1.0	True	False	up
AC119396.1	0.8982	1.218901031113093	0.0235023570400703	0.2819835652454622	1.0	True	False	up
AC119673.2	0.0004	2.6016628963069106	0.1787253246358051	0.6428739334867031	1.0	True	False	up
AC119674.1	0.6689	-0.1034248400111326	0.8381889061605984	0.9695256696792534	0.8235294117647058	True	False	down
AC119868.2	0.4928	0.3966610667603512	0.6865504980748431	0.9333274558083272	1.0	True	False	up
AC120193.1	0.7552	0.977940288455416	0.024172883450683	0.2863855669860041	1.0	True	False	up
AC122707.1	0.894	-0.9000943183263669	0.2423578731310527		0.8235294117647058	True	False	down
AC123912.4	0.2638	-0.2811978860411926	0.5940593069998577	0.9085702488689325	0.9411764705882352	True	False	down
AC124248.1	0.4549	0.4530882445187769	0.6417345388030713		0.7647058823529411	True	False	up
AC124254.2	0.4111	0.1449235936524495	0.8999951472149499	0.9844935939860204	0.8823529411764706	True	False	up
AC124852.1	0.2092	-0.4571656198408269	0.6115456839022335	0.9147900123287368	0.9411764705882352	True	False	down
AC124854.1	0.1244	-1.998599913213266	0.107704135145528	0.5349405370308208	1.0	True	False	down
AC124861.1	0.0888	-0.0378604388984579	0.9542802622581028	0.9946677306023096	0.7058823529411765	True	False	down
AC124947.1	0.3826	0.2133624126223312	0.6422794556291055	0.9219129174386276	0.9411764705882352	True	False	up
AC125603.2	0.3494	-0.8152580509055868	0.3550878089996863		0.8235294117647058	True	False	down
AC125618.1	0.7072	-2.6335177964396737	0.0516375362624048		0.8235294117647058	True	False	down
AC126121.3	0.9044	0.1261648955483864	0.8161773458307445	0.9663026571021957	0.8823529411764706	True	False	up
AC127526.2	0.1856	-0.0303410647014508	0.9423327151352856	0.9938086335081842	0.8235294117647058	True	False	down
AC128707.1	0.432	-0.9081213948806696	0.3685214332473833	0.8076301691474966	1.0	True	False	down
AC129803.1	0.8237	1.433679681929657	0.0226694921707962	0.2788782397992032	1.0	True	False	up
AC131011.1	0.794	-0.502383294053698	0.5206152552661065		0.8235294117647058	True	False	down
AC131944.1	0.8976	1.5348023795017565	0.1078222997749883	0.5349405370308208	1.0	True	False	up
AC132153.1	0.9024	0.6115347430396855	0.2718658031060255	0.7477196710449144	1.0	True	False	up
AC132803.1	0.8435	-0.4490367677379259	0.448866362104373	0.8513656640211837	1.0	True	False	down
AC133065.1	0.8774	-0.6750956862982657	0.4486728944867434		0.8235294117647058	True	False	down
AC137494.1	0.9532	2.2695113650432504	0.0049634651603406	0.1434589397024877	1.0	True	False	up
AC137770.1	0.653	-0.48470428491963	0.3420192164328679	0.7922113100445016	1.0	True	False	down
AC138123.1	0.597	0.1304995475129934	0.7815773084623907	0.9579154568644164	0.8823529411764706	True	False	up
AC138305.1	0.0718	0.7425898949369691	0.1862062564694191	0.6528079515217631	1.0	True	False	up
AC138627.1	0.5798	-1.2094643418777176	0.0080381575760579	0.1777553586909367	1.0	True	False	down
AC138649.1	0.3147	-1.6694130530547855	0.085040595677284	0.4907467864788493	1.0	True	False	down
AC139720.1	0.9792	1.8745653656518264	0.0742288154293396		1.0	True	False	up
AC140168.1	0.4296	-1.2540884528341674	0.0823166069272689	0.4857773702103037	1.0	True	False	down
AC141930.1	0.8582	-0.3434475195794217	0.7052330895720501		0.7647058823529411	True	False	down
AC233296.1	0.4038	0.3085450134622615	0.6605766616989329	0.9270936013526614	0.9411764705882352	True	False	up
AC233976.1	0.8098	-0.3777818727884447	0.6553487662823961	0.9253723708835284	0.9411764705882352	True	False	down
AC243571.2	0.823	-0.5336854555823104	0.5039828717686292		1.0	True	False	down
AC244033.2	0.5371	-0.8008570949709264	0.2317569107650938	0.7050150213002097	1.0	True	False	down
AC244035.1	0.3022	0.2728912022654753	0.6936635043634541	0.9364088769659812	1.0	True	False	up
AC244131.2	0.543	-0.3881939241788051	0.3925628473042856	0.8190969002588754	1.0	True	False	down
AC244502.1	0.31	-1.085575797068006	0.1492914081990566	0.603204427833029	1.0	True	False	down
AC244517.11	0.9892	2.203839377259797	0.0047195682349288	0.1406335989195972	1.0	True	False	up
AC245123.1	0.5454	-0.6925028738547504	0.2721595483288059	0.747969692165062	1.0	True	False	down
AC245187.2	0.2894	-0.423685748639942	0.508023578180239	0.875178131192173	1.0	True	False	down
AC246817.1	0.1684	-0.1146438021737387	0.8133565074836735	0.9663007438684964	0.8235294117647058	True	False	down
AC246817.2	0.1536	-0.0471455279681505	0.9220211581702064	0.9893592692048188	0.7058823529411765	True	False	down
ACADL	0.5198	-0.3898409213537059	0.1984380389257639	0.6675378108638527	1.0	False	False	down
ACAT2	0.5325	-0.2079178187063075	0.7788087615380105	0.95690509489388	0.9411764705882352	False	False	down
ACE2	0.6763	0.19154775396069	0.6627354425901182	0.927628371437108	0.9411764705882352	True	False	up
ACER2	0.391	-0.7927215624869096	0.0761020578818811	0.4720470939412631	1.0	False	False	down
ACHE	0.4894	0.5792940708199117	0.4219843807761267		0.9411764705882352	False	False	up
ACMSD	0.182	-0.0006138664153566	0.9987662502482896	0.9995526864259706	0.7058823529411765	False	False	down
ACOT12	0.1332	-0.2403901600857279	0.739047416473811	0.9480519669222794	0.8823529411764706	False	False	down
ACOXL	0.5888	-1.0593794844556	0.128389205111254	0.5709143002284723	1.0	False	False	down
ACPP	0.1858	-1.313805900762597	0.2264255006174177	0.6986958720261203	1.0	True	False	down
ACSBG1	0.9566	0.0455803584247288	0.961697080255577	0.9951658358382964	0.7647058823529411	False	False	up
ACSF2	0.2246	-0.3163750076576428	0.4678222477700444	0.857943043377131	1.0	False	False	down
ACSL3	0.8728	0.7986607533646287	0.0699377136601125	0.4559404673451606	0.9411764705882352	False	False	up
ACSL4	0.4167	-0.023915731183741	0.947120776793808	0.9945367494316568	0.7058823529411765	True	False	down
ACSL5	0.9484	0.8947044060740474	0.1798639029387649	0.6436127356147746	1.0	False	False	up
ACSM1	0.587	1.0157069601874569	0.1788093567993273	0.6428739334867031	1.0	False	False	up
ACSM2B	0.0053	0.0742011423571716	0.9178388264031456	0.9884135152557426	0.7058823529411765	False	False	up
ACSM3	0.1798	-0.0035619989854854	0.9956291828221114	0.999355593509775	0.7058823529411765	False	False	down
ACSM6	0.9172	2.378667371112667	0.0077116531283056	0.175806620776674	1.0	False	False	up
ACSS2	0.1718	-0.377539176112391	0.0528710961231403	0.4030142556945149	1.0	False	False	down
ACTA2	0.5824	0.2284843496381454	0.8352888739213069	0.9695256696792534	0.9411764705882352	False	False	up
ACTB	0.125	-0.1454830716198868	0.8483774883130262	0.9721143885897664	0.8823529411764706	False	False	down
ACTG1	0.2124	-0.1545983866726853	0.8504427993031786	0.9725490252806572	0.8823529411764706	False	False	down
ACTN1	0.2402	0.4185508292090207	0.2853791163292641	0.7587134040837503	1.0	False	False	up
ACTN2	0.9772	1.4293703552438357	0.0444566796084894		1.0	False	False	up
ACVR1C	0.7956	-0.4942377480117593	0.439410797366648	0.8487031801200434	0.9411764705882352	False	False	down
ADAM10	0.3048	-0.4799588446789679	0.1790199125034114	0.6428739334867031	1.0	False	False	down
ADAM12	0.8624	1.5921721201006045	0.0007885558864208	0.0726949957794233	1.0	False	False	up
ADAM28	0.7618	0.3777728630278145	0.4565884866836253	0.8528235832321767	1.0	False	False	up
ADAM32	0.702	0.8777859580843475	0.1726557735774313	0.634496883157183	0.9411764705882352	False	False	up
ADAM7	0.7856	1.3240337216962057	0.1538087756017372		0.8235294117647058	False	False	up
ADAMTS1	0.558	-0.0805755112236221	0.9030741293201764	0.985159633715894	0.8235294117647058	False	False	down
ADAMTS10	0.1667	0.1905865153745553	0.7890845154128328	0.9594006571534278	0.9411764705882352	False	False	up
ADAMTS12	0.3768	1.1506135465106424	0.0874487705684165	0.4949717490242764	1.0	False	False	up
ADAMTS14	0.4673	0.6105296214248247	0.5244228280318495		0.8235294117647058	False	False	up
ADAMTS15	0.4488	-2.999968204340832	0.013729294543499	0.223975392378598	1.0	False	False	down
ADAMTS16	0.2362	-0.1491192877080116	0.6336177370957905	0.9198682698979244	0.9411764705882352	False	False	down
ADAMTS17	0.577	-0.0710433531940605	0.910501323396168	0.9865747048870868	0.7647058823529411	False	False	down
ADAMTS18	0.7919	-1.4438368119725726	0.0755138622870378	0.4705658930011862	1.0	False	False	down
ADAMTS2	0.634	1.1001662933205505	0.1554221513732714	0.6121248792290276	1.0	False	False	up
ADAMTS3	0.3848	-0.1545152117882046	0.8004515614220563	0.963029642581594	0.8235294117647058	False	False	down
ADAMTS6	0.6566	-1.0728873168625068	0.3006487211483372	0.7686975599161054	1.0	False	False	down
ADAMTS8	0.395	-0.1449535573348557	0.8424982705674389		0.7647058823529411	False	False	down
ADAMTS9	0.0756	0.855903560627987	0.0180605874822613	0.2494322709394704	1.0	False	False	up
ADAMTS9-AS1	0.1362	0.0352830158944471	0.8886249598596319	0.981295811575846	0.7647058823529411	False	False	up
ADAMTS9-AS2	0.013	-0.9528251241443834	0.0406620590630882	0.3624513372674652	1.0	False	False	down
ADAMTSL1	0.4174	-0.4537581366641745	0.5490438442348817	0.8912068562192699	0.9411764705882352	False	False	down
ADAMTSL2	0.3886	-1.937804040139552	0.0874114056985711	0.4949717490242764	1.0	False	False	down
ADAMTSL3	0.3589	0.1530567173900102	0.7434231170119674	0.9482894970245908	0.9411764705882352	False	False	up
ADAMTSL4-AS1	0.1626	0.500168705777387	0.37745739582115	0.8128329414246228	0.9411764705882352	False	False	up
ADARB1	0.5128	-0.1599291679549221	0.5355750047709689	0.8858473951924688	1.0	False	False	down
ADARB2	0.2172	-0.1133906369012813	0.8777771105500873	0.978383100006086	0.8235294117647058	False	False	down
ADCY10	0.4398	-0.4357583533632066	0.3300034494864885	0.7825481250321586	1.0	False	False	down
ADCY2	0.7125	1.165199464788979	0.0675222742645278	0.4506577128514867	1.0	False	False	up
ADCY5	0.1603	0.0520488962712955	0.8529511130881631	0.9725490252806572	0.8823529411764706	False	False	up
ADCY8	0.352	1.6409012054973091	0.0561050472517077	0.4150197828298343	0.9411764705882352	False	False	up
ADD3-AS1	0.2683	-0.0996872349339585	0.7595910236470844	0.9522266787004124	0.9411764705882352	False	False	down
ADGB	0.9272	-0.7226324467060039	0.443926723931762		1.0	False	False	down
ADGRB3	0.6964	-0.210460587756097	0.7517775013476478	0.9494855461323825	0.9411764705882352	False	False	down
ADGRE2	0.5828	0.9915354061103806	0.3893143297056292		0.8235294117647058	False	False	up
ADGRF1	0.4202	-1.8801294831812816	0.0701066427077169	0.4559404673451606	1.0	False	False	down
ADGRF5	0.0376	-2.108770249278474	0.0523807604389217	0.4013590734930365	1.0	False	False	down
ADGRG1	0.103	-0.3404989540868247	0.3074210162827016	0.7718229770501869	1.0	False	False	down
ADGRG2	0.7186	1.269440266471514	0.1363688501974265	0.5817513580244055	1.0	True	False	up
ADGRG5	0.1092	-0.2781694198951941	0.7510495116357488	0.9494855461323825	0.9411764705882352	False	False	down
ADGRG6	0.7644	0.0971815774361699	0.7302742984321225	0.9462290191368112	0.9411764705882352	False	False	up
ADGRL3	0.216	-3.9295300399559294	0.000299579274979	0.049543174380266	1.0	False	False	down
ADGRL4	0.119	-0.7910302753893876	0.3595984625769578	0.8016246696808228	1.0	False	False	down
ADGRV1	0.1246	-2.378878531786832	0.0151561117164863	0.2306339950127705	1.0	False	False	down
ADIRF	0.1794	-0.2007493430858934	0.8676127655644955	0.97494551310398	0.8235294117647058	False	False	down
ADM	0.2564	2.6437132520360254	0.0101179505380741	0.1966268385198871	1.0	False	False	up
ADORA1	0.3504	-0.3530432077073646	0.5582453055766052	0.8958298903921896	1.0	False	False	down
ADORA2A-AS1	0.2544	-0.0620462651810287	0.9042422049562524	0.9853832341075488	0.8235294117647058	False	False	down
ADPRHL1	0.9282	-0.0116074999318755	0.9814373067262738	0.99684618332272	0.7058823529411765	False	False	down
ADRA1A	0.6596	-1.196801328718424	0.2646083813754943	0.7418691551584379	1.0	False	False	down
ADRA1B	0.8804	-0.0031078273072662	0.9959312434395232	0.999370141333784	0.6470588235294118	False	False	down
ADRB2	0.6978	1.55755818120893	0.3570527487560208		0.8235294117647058	False	False	up
ADTRP	0.4809	0.6622221718685171	0.5002740062082965		1.0	False	False	up
AF064858.1	0.7314	-0.9934097170740738	0.2048715509791637	0.6757948923566501	1.0	True	False	down
AF165147.1	0.0679	-0.6213510026548182	0.1498127203251721	0.603384657603339	1.0	True	False	down
AF233439.1	0.105	1.1904305204246302	0.3567658292019769	0.8009534673973157	0.9411764705882352	True	False	up
AF274853.1	0.3814	-0.3965882564265255	0.7328879133244777		0.7647058823529411	True	False	down
AFAP1	0.415	0.0076504973568113	0.9707331049746678	0.9961924130086977	0.7058823529411765	False	False	up
AFF1	0.7142	-0.2130517402012531	0.4391530984215489	0.8487031801200434	1.0	False	False	down
AFF2	0.1389	0.3384398484377244	0.6457685686113876	0.9223126194673648	0.9411764705882352	True	False	up
AFF3	0.157	0.6162719011082142	0.083920612314582	0.4878993226933307	1.0	False	False	up
AFM	0.0668	-1.7923146311821228	0.178285111558866	0.6426800643343864	1.0	False	False	down
AGBL1	0.1052	-1.8659399005368915	0.0404376935512832	0.3612695214303014	1.0	False	False	down
AGBL3	0.3958	-0.0751148081907993	0.8155375225176379	0.9663007438684964	0.8823529411764706	False	False	down
AGBL4	0.0984	-0.0635842656106133	0.8171453400736081	0.966644589584365	0.8823529411764706	False	False	down
AGMO	0.6202	-0.1038268481061137	0.8387875980187764	0.9695256696792534	0.9411764705882352	False	False	down
AGPAT4	0.5608	0.4252680009639155	0.2908684446339855	0.7622306087469425	0.9411764705882352	False	False	up
AGXT2	0.14	-0.2944061623449225	0.7150988486989351	0.941054980113967	0.9411764705882352	False	False	down
AHNAK	0.1499	-0.2976235209082339	0.620861501067679	0.9167514250884936	0.8823529411764706	False	False	down
AHNAK2	0.5364	2.4232010162171127	0.0111888273136669	0.2068110311736682	1.0	False	False	up
AHR	0.7966	0.9062989027400484	0.0498032422128297	0.3945419771231062	1.0	False	False	up
AHRR	0.2496	1.241450051421943	0.0349441617309402		1.0	False	False	up
AIF1	0.212	-0.0449987348276357	0.9840861957227828		0.8235294117647058	False	False	down
AIF1L	0.2712	-0.6704079371783382	0.1973585828236258	0.6658277725520545	1.0	False	False	down
AIM2	0.6992	1.1891965918845042	0.4288136350580094		0.8235294117647058	False	False	up
AJ009632.2	0.6754	-1.0771008653443803	0.0946238202530967	0.5093590499802506	1.0	True	False	down
AJAP1	0.1844	0.0332612965353084	0.9610877755651542	0.995163193386602	0.7058823529411765	False	False	up
AK4	0.1562	-0.098117759440208	0.8387578129808526	0.9695256696792534	0.8235294117647058	False	False	down
AK5	0.777	0.2683107332409499	0.6906912583810392	0.9356139486022303	0.9411764705882352	False	False	up
AK7	0.7256	-0.3622772957204191	0.3559720277870518	0.8006385193441621	1.0	False	False	down
AK8	0.8766	-0.1438288654520212	0.693397577629675	0.9364088769659812	0.9411764705882352	False	False	down
AK9	0.4729	-0.4615353220533704	0.1657139199994162	0.6253015196219525	1.0	False	False	down
AKAP12	0.0264	0.8171186226812677	0.1183538599123255	0.5491517060232266	1.0	False	False	up
AKAP7	0.6174	-0.0449811866049062	0.823831914817489	0.9681715196843248	0.8823529411764706	False	False	down
AKR1C1	0.0864	0.7756951306818141	0.1071418637706858	0.5337481814042702	1.0	False	False	up
AKR1C2	0.0475	-0.1819465042476505	0.8565113243226719	0.97263827960342	0.7647058823529411	False	False	down
AKR1C8P	0.5744	0.946979681261462	0.1525195303428914	0.6077478453135157	1.0	True	False	up
AL008633.1	0.1	0.009327992250828	0.9740815821619042	0.9961924130086977	0.7058823529411765	True	False	up
AL009178.3	0.513	-1.3494453090073717	0.2129117806566824		0.8235294117647058	True	False	down
AL022068.1	0.1936	-0.0933644636783143	0.8606613283154362	0.9741558086363976	0.8823529411764706	True	False	down
AL022724.3	0.4612	-0.8722794504286242	0.4700934973887237		0.8235294117647058	True	False	down
AL023755.1	0.7584	0.1156326322123985	0.8354114683422422	0.9695256696792534	0.8235294117647058	True	False	up
AL024474.2	0.639	1.2624497201574263	0.2036049607943101		0.9411764705882352	True	False	up
AL024495.1	0.7224	-0.0668211784807335	0.9199936042083444	0.9889880957709408	0.7647058823529411	True	False	down
AL031073.2	0.3646	0.5055242791640618	0.5906412221793098	0.9075706443828933	1.0	True	False	up
AL031123.1	0.5046	-0.8407316130101026	0.4078028135274014	0.8303006242528754	1.0	True	False	down
AL031123.4	0.8806	-1.6847803552524585	0.3019349946523265		0.8235294117647058	True	False	down
AL031123.5	0.4146	-0.9423824677651222	0.2364906568588625	0.7087469856528421	1.0	True	False	down
AL031590.1	0.752	-1.4221390426663012	0.0284193720781207	0.3114307118516203	1.0	True	False	down
AL031599.1	0.7507	2.4256626658378058	0.001107555961428	0.0792112361792392	1.0	True	False	up
AL033504.1	0.2293	-0.2074789981026896	0.6181890666569303	0.9163449891490454	1.0	True	False	down
AL033523.1	0.8168	-0.6817186382585377	0.232205361249465	0.7050150213002097	1.0	True	False	down
AL034417.2	0.5486	-0.5315511001780348	0.3012659707081869	0.7687500160461714	1.0	True	False	down
AL035401.1	0.5666	-1.58765962159387	0.2315395486535806		1.0	True	False	down
AL035446.2	0.6575	-0.4846551398079677	0.5202894125892764	0.8798730783736765	1.0	True	False	down
AL035701.1	0.5412	-1.1961678861883531	0.217115197530752	0.6892524704998093	1.0	True	False	down
AL049629.1	0.1846	1.461709270428219	0.0076362734987922	0.1749381474750529	1.0	True	False	up
AL049779.4	0.7472	0.5812961375160589	0.5168340965621483	0.87876690769933	1.0	True	False	up
AL049828.1	0.2894	-0.3586899151093081	0.0206767546877645	0.26737652915375	1.0	True	False	down
AL050309.1	0.2028	0.0065911937134403	0.9775101867353658	0.996669825520288	0.7058823529411765	True	False	up
AL050403.2	0.8028	-0.1535258482628937	0.630005604844713	0.9194242506157532	0.9411764705882352	True	False	down
AL078459.1	0.4217	1.9980162734436169	0.0012495698496447	0.0833988926799073	1.0	True	False	up
AL078590.2	0.048	2.790192238072873	0.0001200408745231	0.0319898252677592	1.0	True	False	up
AL078600.1	0.9316	-0.3998448280955821	0.3557283447377659	0.8006385193441621	1.0	True	False	down
AL078602.1	0.6973	0.5281175786339525	0.6378684053407129		0.9411764705882352	True	False	up
AL078604.4	0.0339	0.0252594095185003	0.9624464708579644	0.995238744051807	0.8235294117647058	True	False	up
AL079338.1	0.0057	-0.948456615093584	0.227809317959277	0.7001849218377446	1.0	True	False	down
AL096799.1	0.1786	-0.1023690249936538	0.8842049779845945	0.9797898638347936	0.7647058823529411	True	False	down
AL096803.2	0.8272	0.0822728573525621	0.7625776588110729	0.952867064273701	0.9411764705882352	True	False	up
AL096854.1	0.2305	-0.7485296900911308	0.3031294599572706	0.7697557405470845	1.0	True	False	down
AL109659.1	0.9662	0.4384358275102519	0.4956198693069099	0.8701414374778035	0.9411764705882352	True	False	up
AL109761.1	0.8672	0.5506936978129026	0.6111223803095678		0.8235294117647058	True	False	up
AL109809.5	0.1748	0.179581526455535	0.7753190130432721	0.9565839754905506	0.9411764705882352	True	False	up
AL109840.2	0.4527	-0.3851693831143601	0.4851129762545038	0.866071095520413	1.0	True	False	down
AL109930.1	0.4298	0.6211696923907378	0.3890603658831638	0.8182675091764335	0.9411764705882352	True	False	up
AL109946.1	0.9498	2.586993954452112	0.0048986631833998	0.1433442665372307	1.0	True	False	up
AL110114.1	0.1368	-0.019152678634054	0.9414972580853256	0.9935740063357916	0.7647058823529411	True	False	down
AL110292.1	0.0674	0.052036670464234	0.9567708894665368	0.995163193386602	0.7647058823529411	True	False	up
AL117327.1	0.918	0.2695646059298214	0.6876122193590553	0.9336819890477472	0.9411764705882352	True	False	up
AL117381.1	0.0821	2.6907377004165185	2.4370691636282574e-05	0.0158195373844745	1.0	True	False	up
AL117382.1	0.2759	-0.674300920558626	0.5788834317779199	0.9032838146362788	0.9411764705882352	True	False	down
AL121749.2	0.7958	0.1301937045547543	0.8823589741922864		0.8235294117647058	True	False	up
AL121790.1	0.9266	-0.5781265501010266	0.3952396314037097		0.8235294117647058	True	False	down
AL121827.2	0.1134	0.001186436454447	0.9990105561553668	0.9995526864259706	0.7058823529411765	True	False	up
AL121972.1	0.4837	-0.3633884688026723	0.3739218012790322	0.8102463007001213	1.0	True	False	down
AL121999.1	0.5206	-0.3486162430673873	0.6811466963554711	0.9318135818132088	0.9411764705882352	True	False	down
AL122035.1	0.5988	0.6198236726246387	0.2939443505043871	0.7640876358179737	1.0	True	False	up
AL132718.1	0.959	3.988057028507922	0.0162682063238914		1.0	True	False	up
AL132857.1	0.6469	-1.0999842898310828	0.1019203817370744	0.5224629464135067	1.0	True	False	down
AL133259.1	0.6824	0.4560873555071458	0.554625807831249		0.8235294117647058	True	False	up
AL133346.1	0.5677	-0.5733226983477367	0.3186111655268453	0.7771896299728746	1.0	True	False	down
AL133353.1	0.8228	-0.0388155440539066	0.9616699772058666		0.7058823529411765	True	False	down
AL133415.1	0.7849	1.9055205781133384	0.0599931646166318	0.4269387037959928	1.0	True	False	up
AL135910.1	0.6446	-0.3975306489530629	0.4270391453639331	0.8416445035378807	1.0	True	False	down
AL136018.1	0.8142	0.871093419903448	0.2703032199606479		1.0	True	False	up
AL136114.1	0.7849	-0.0335198646206847	0.9580764591254576	0.995163193386602	0.8235294117647058	True	False	down
AL136234.1	0.3868	1.2495335935339111	0.0854580151570508	0.491115005778075	1.0	True	False	up
AL136307.1	0.728	-0.5991717702642905	0.4737832793148188		0.8235294117647058	True	False	down
AL136366.1	0.9454	1.0508142324148255	0.0484698533020945	0.3908859137265688	1.0	True	False	up
AL136419.3	0.2984	-2.465159013132104	0.0245907304034609		0.8235294117647058	True	False	down
AL136456.1	0.4243	-0.3170340475056262	0.6795699800075103	0.9317020633353053	0.9411764705882352	True	False	down
AL136962.1	0.1654	0.0232011398898974	0.9764735899037098	0.9965500487103456	0.7647058823529411	True	False	up
AL136985.3	0.3384	-0.4838078717212567	0.4333276568906293	0.8446477383181402	1.0	True	False	down
AL137009.1	0.0117	-0.8733130990946086	0.1331510164857982	0.57611542773996	1.0	True	False	down
AL137024.1	0.8297	2.502788970943815	0.0001193517122393	0.0319898252677592	1.0	True	False	up
AL137100.3	0.2114	1.129286372343699	0.2676104397418966		0.9411764705882352	True	False	up
AL138689.2	0.991	2.0355386000739464	0.0857011387101836		1.0	True	False	up
AL138733.1	0.9569	1.6607239408946115	0.0429582901712688	0.370546654986091	1.0	True	False	up
AL138787.2	0.9604	1.9080560141803544	0.0049227391106731	0.1433514171295301	1.0	True	False	up
AL138828.1	0.5992	0.837144939988874	0.0904613138813575	0.5015383773070973	1.0	True	False	up
AL139021.1	0.8414	1.1470130012799702	0.015575126691602	0.2325355438107399	1.0	True	False	up
AL139042.1	0.86	0.1589260306469819	0.8498519837652024	0.9725490252806572	0.8823529411764706	True	False	up
AL139106.1	0.8358	1.682913003991758	0.0026931699481865	0.1094332141480766	1.0	True	False	up
AL139294.1	0.928	1.9897123887422647	0.0100869524128678	0.1962830449733521	1.0	True	False	up
AL139317.5	0.8768	1.7167135210210434	0.0011234190512077	0.0792112361792392	1.0	True	False	up
AL139351.3	0.6897	2.123302177063535	0.0189477250701241	0.2554652146109063	1.0	True	False	up
AL139383.1	0.334	0.2292505737125449	0.5494045954321802	0.8913071820593398	1.0	True	False	up
AL139807.1	0.011	2.9657318706490017	1.6607490010403664e-05	0.0144094398619678	1.0	True	False	up
AL139815.1	0.8237	1.479829469620661	0.0228235673673209	0.279840082018274	0.9411764705882352	True	False	up
AL157388.1	0.3458	-0.8731502057548268	0.0349261207109758	0.3445428392902114	1.0	True	False	down
AL157392.2	0.7272	-0.5764447229229994	0.3644541184900418	0.8046380804611172	0.9411764705882352	True	False	down
AL157871.4	0.9642	2.4287124500574406	0.0001677937004654	0.0386712044041445	1.0	True	False	up
AL157911.1	0.5986	-0.4541785341930704	0.2872104813758014	0.7606118729999662	1.0	True	False	down
AL157931.1	0.3578	0.9648111885146372	0.2702303774821293	0.7464228591500763	1.0	True	False	up
AL157938.2	0.6377	1.665357860520596	0.0458793423890261	0.3803936482507787	1.0	True	False	up
AL158011.1	0.969	0.8819439399749192	0.2078737838488842		1.0	True	False	up
AL158055.1	0.9651	-0.2752568108781735	0.6476733150455487	0.9227605705747486	0.8823529411764706	True	False	down
AL158071.1	0.8069	1.5749563730678768	0.0107047938650442	0.2031625685145759	1.0	True	False	up
AL158198.1	0.6594	-0.4231572543224095	0.6687266224464758		1.0	True	False	down
AL158212.1	0.642	-1.0142463688882353	0.1757416801815027		1.0	True	False	down
AL159156.1	0.2204	-0.5015153922666811	0.8012897223884466	0.9632455912982548	0.7647058823529411	True	False	down
AL160313.1	0.6456	0.0114468729118041	0.9804879769097296	0.9967665569745532	0.7647058823529411	True	False	up
AL160314.2	0.2904	-0.8197977385184115	0.1031134827525716	0.5251808945443482	1.0	True	False	down
AL161785.1	0.6116	-1.5901986757372994	0.1550741680365789		0.8235294117647058	True	False	down
AL161804.1	0.7392	0.1302935724632881	0.7270040472384256	0.9446185427032044	0.9411764705882352	True	False	up
AL161910.1	0.7326	-0.8227527778855847	0.4151706863770767		0.8235294117647058	True	False	down
AL162253.2	0.6262	-0.3583222148513455	0.206746130426085	0.6767717211462448	1.0	True	False	down
AL162464.2	0.9496	1.7328583759958704	0.1165239897069123		1.0	True	False	up
AL162493.1	0.2872	0.0220868687022284	0.9821348991362964	0.9969914367935436	0.7058823529411765	True	False	up
AL162497.1	0.248	-2.692201248690457	0.1455629862565958		0.8235294117647058	True	False	down
AL162717.1	0.3614	-0.3134622179682967	0.6941312515135345		0.9411764705882352	True	False	down
AL163541.1	0.6198	0.4657857605492342	0.6364415452702646	0.9211100239498224	0.9411764705882352	True	False	up
AL163952.1	0.5298	-0.9346195393764924	0.226614741437812	0.6986958720261203	1.0	True	False	down
AL352984.1	0.6732	-0.728518678753253	0.278457339219778		1.0	True	False	down
AL353138.1	0.6878	-0.3130978753535577	0.6381216401832324	0.9211100239498224	1.0	True	False	down
AL353151.2	0.2772	-0.9610905513076744	0.1775430852846512	0.6415986841557916	1.0	True	False	down
AL353572.4	0.3463	-1.4588006900977712	0.1830294904812216		0.8235294117647058	True	False	down
AL353576.1	0.3942	-0.4203355532313399	0.6273319609798744	0.918442718669779	0.9411764705882352	True	False	down
AL353653.1	0.495	-0.1151365641818756	0.8669990296310432		0.8823529411764706	True	False	down
AL353660.1	0.7914	0.912858295027834	0.2692979343303274		0.9411764705882352	True	False	up
AL353693.1	0.98	1.0423814264248714	0.3281903085810643		0.8235294117647058	True	False	up
AL354696.2	0.4756	-0.1706389870674906	0.55882834385435	0.8961697124042898	1.0	True	False	down
AL354740.1	0.3804	1.1554658547890777	0.0149477393497357	0.2306339950127705	1.0	True	False	up
AL355303.1	0.417	3.887303329642777	0.0021536629609328	0.0997697871884628	1.0	True	False	up
AL355304.1	0.4704	-0.0895641326545031	0.8992262959997359		0.8235294117647058	True	False	down
AL355499.1	0.4405	-1.9690404779564643	0.0049371199933424	0.1433514171295301	1.0	True	False	down
AL355612.1	0.2598	0.8153990974038936	0.1855088198279983	0.6519549898648979	1.0	True	False	up
AL355916.1	0.977	0.5179938545181673	0.3821238121422045	0.8150962933474489	0.9411764705882352	True	False	up
AL356010.2	0.065	-0.8985712580544156	0.1256157092530808	0.5657501409108221	1.0	True	False	down
AL356094.2	0.5902	-0.6777212654069994	0.2274530834466718	0.6998191449391759	1.0	True	False	down
AL356108.1	0.6052	-0.1673654276888849	0.8185795995411215	0.9670069752708266	0.8823529411764706	True	False	down
AL356124.1	0.2756	0.4852957727378266	0.1943460261413925	0.6643144621661187	1.0	True	False	up
AL356277.3	0.8066	1.0053255181888578	0.3341801533350796		0.8235294117647058	True	False	up
AL356599.1	0.4036	0.0553305395675654	0.8535948646700495	0.972567744479894	0.8823529411764706	True	False	up
AL356737.2	0.2142	-1.6396257106895882	0.112666594672469	0.5418429316657705	1.0	True	False	down
AL356804.1	0.8716	0.4350888064005193	0.3203243628180532	0.7780595855584932	1.0	True	False	up
AL357054.2	0.7342	-0.5423048323447014	0.3521948696282874	0.7981281774832553	1.0	True	False	down
AL357075.4	0.7764	0.0692826792892925	0.9463486244003594		0.7647058823529411	True	False	up
AL357141.1	0.3336	1.45588000169232	0.0683733639867745	0.453486790767113	1.0	True	False	up
AL357507.1	0.1018	-1.1691426102696127	0.4547606121942621	0.8513656640211837	1.0	True	False	down
AL357873.1	0.55	0.5892125316360431	0.1991974599577225	0.6679160114517861	1.0	True	False	up
AL358232.2	0.0384	-0.8876994521650288	0.1183954410402453	0.5491517060232266	1.0	True	False	down
AL358937.1	0.7442	1.687820095253974	0.0211889888641524		1.0	True	False	up
AL358944.1	0.5033	-0.9641759989625006	0.2294445979766841	0.7022611577274988	1.0	True	False	down
AL359220.1	0.9292	-0.384224550271211	0.7462696632277652		0.8235294117647058	True	False	down
AL359232.1	0.6678	-0.0128135982605717	0.964402513480778	0.9958535831160156	0.8823529411764706	True	False	down
AL359546.1	0.6714	-0.7307228930932597	0.4484099038696549		1.0	True	False	down
AL359551.1	0.8778	-0.9254452798767904	0.3922932057802896		0.8235294117647058	True	False	down
AL359636.2	0.5997	-1.075750929859904	0.1451733819464969		1.0	True	False	down
AL359644.1	0.8852	-0.4799586939970651	0.1739007927691673	0.6368015623995081	1.0	True	False	down
AL359915.1	0.1677	-0.2165486320050169	0.6100941363921653	0.9144944263901312	0.9411764705882352	True	False	down
AL360015.1	0.6658	1.1434980798329752	0.108554298679856	0.5357354348802404	1.0	True	False	up
AL360091.3	0.756	1.206328253842285	0.0853757681056093	0.491115005778075	1.0	True	False	up
AL360267.2	0.5056	2.0787645043496106	0.2432987393483501	0.7157918532389973	0.9411764705882352	True	False	up
AL365259.1	0.3776	-0.0953054668809979	0.8514989169151579	0.9725490252806572	0.7647058823529411	True	False	down
AL365295.1	0.1503	0.3987157138363693	0.5116102328379759	0.8768856319645209	1.0	True	False	up
AL390957.1	0.2561	-0.0955895585799361	0.8616790406117585	0.974358246391402	0.8823529411764706	True	False	down
AL391117.1	0.0026	-1.3331981096663128	0.0673953403393324	0.4506261423414116	1.0	True	False	down
AL391152.1	0.4915	0.307080781882887	0.7420433019049337	0.9482894970245908	0.9411764705882352	True	False	up
AL391261.2	0.7157	-0.0200463814618818	0.9776728088939654	0.996669825520288	0.7647058823529411	True	False	down
AL391840.1	0.9142	0.7619223921017408	0.1378111504556407	0.5851686748834304	1.0	True	False	up
AL442067.3	0.8061	-0.5296900245600753	0.3998486549717361		0.9411764705882352	True	False	down
AL442163.1	0.9738	0.7166332212323174	0.5246587035744797		0.8235294117647058	True	False	up
AL442636.1	0.7007	-3.031039144625455	0.0145171158825506		1.0	True	False	down
AL445231.1	0.8092	0.5941435379715534	0.3346667192615625		0.8235294117647058	True	False	up
AL445250.1	0.7092	-0.3891378686526773	0.5610634287462943	0.897045624915475	0.9411764705882352	True	False	down
AL445255.1	0.3183	-1.114643870568804	0.2571268077061764		1.0	True	False	down
AL445426.1	0.663	-0.4912251538648043	0.5841752416215		0.9411764705882352	True	False	down
AL450163.1	0.8332	2.3136158982352324	0.0036972105607442	0.1262778341019572	1.0	True	False	up
AL450332.1	0.4144	0.3688235115734929	0.6737737333901175		0.9411764705882352	True	False	up
AL451166.1	0.0676	-2.1440377519339284	0.0110370989629442	0.2058118959588216	1.0	True	False	down
AL512380.2	0.8482	-0.6384472903093446	0.1860849061045776	0.6527053579535713	1.0	True	False	down
AL512603.2	0.0946	-1.3935672900654337	0.0251414268767029		1.0	True	False	down
AL513164.1	0.7633	1.5923793420307977	0.0198491226534802	0.2616394630373853	1.0	True	False	up
AL513166.1	0.3478	-0.5591136231890766	0.270523793670165	0.746776422499307	1.0	True	False	down
AL513327.1	0.3794	2.009549630972663	0.0094450100555895	0.1913652449449801	1.0	True	False	up
AL583785.1	0.8082	0.5655282793048529	0.4676686790798338	0.857943043377131	0.9411764705882352	True	False	up
AL583829.1	0.5689	-1.4938132064162344	0.0950789343972622		0.8235294117647058	True	False	down
AL589669.1	0.171	0.0436319618216051	0.9347056143959508	0.9916121325170252	0.8235294117647058	True	False	up
AL589693.1	0.8402	-1.2669346297117752	0.08924485171343	0.4999474222457627	1.0	True	False	down
AL589740.1	0.3586	-0.9905451552748228	0.0611961290503333	0.4303232742617631	1.0	True	False	down
AL589745.1	0.6885	0.806475239317488	0.3460480518291562		0.9411764705882352	True	False	up
AL589843.1	0.7784	0.1706160303017971	0.7324076636646486	0.9463045759507328	0.9411764705882352	True	False	up
AL589935.1	0.5132	-0.2830762338204994	0.4194784647998764	0.8363393570917919	1.0	True	False	down
AL590004.3	0.3167	1.4067711118046116	0.1335515189260614	0.577002022307969	0.9411764705882352	True	False	up
AL590807.1	0.9366	0.9080390476242624	0.0906997997162589	0.5023740314738339	1.0	True	False	up
AL591043.2	0.4734	-0.4864218144623614	0.2920574835145515	0.7626406020149054	1.0	True	False	down
AL591501.1	0.646	-0.7889841568784841	0.3781848484613126	0.8129155515599477	1.0	True	False	down
AL591506.1	0.118	-0.9020136165928632	0.1614135951573552	0.6215078061080549	1.0	True	False	down
AL591519.1	0.3364	-0.6307183959975744	0.1007896198287099	0.5194749075375509	1.0	True	False	down
AL592429.2	0.7712	-0.5275799845500464	0.1409729512570861	0.5895523195469295	1.0	True	False	down
AL592430.1	0.6826	1.6662038781356885	0.0393378990732196	0.3575683378398102	1.0	True	False	up
AL596214.1	0.859	-0.1800003605941521	0.660305140869965	0.9270936013526614	0.9411764705882352	True	False	down
AL596218.1	0.989	1.2247887137108997	0.0802809504491552	0.4803665568902995	1.0	True	False	up
AL596223.1	0.99	1.0776193256857458	0.2376073945861671	0.710746515555634	0.9411764705882352	True	False	up
AL606489.1	0.1882	0.5640873224790278	0.2675216489147523	0.7435775075199318	1.0	True	False	up
AL606923.2	0.371	-0.3389092738773998	0.7122303244472451	0.941054980113967	0.9411764705882352	True	False	down
AL627171.2	0.027	-0.4465195572732545	0.7373420933760985	0.9478139311792948	0.8823529411764706	True	False	down
AL645568.1	0.2699	0.1917883512841345	0.5609217943148933	0.897045624915475	1.0	True	False	up
AL807761.4	0.644	2.2257069917115	0.0027622868801049	0.1100855793767977	1.0	True	False	up
AL845331.2	0.7454	0.2248936496312301	0.8605650281716019	0.9741558086363976	0.8823529411764706	True	False	up
ALAS1	0.8698	-0.1720917567322738	0.6765211462596012	0.93158969209907	1.0	False	False	down
ALCAM	0.1296	-0.2505614759391093	0.3776812061508381	0.8128329414246228	0.9411764705882352	False	False	down
ALDH1A1	0.9026	0.1979183408840269	0.6521494934801471	0.9239770015220592	0.9411764705882352	False	False	up
ALDH1A2	0.2622	-0.8452314598511443	0.2792691047442089	0.7531977606283976	1.0	False	False	down
ALDH1A3	0.9594	1.23868203604182	0.1335209245855096	0.577002022307969	0.9411764705882352	False	False	up
ALDH1L1	0.2628	-0.1027481664995141	0.8070928987172107	0.9651090600793562	0.8235294117647058	False	False	down
ALDH1L1-AS2	0.5746	0.3230879857429463	0.5517306954947486	0.8924254587726222	0.9411764705882352	False	False	up
ALDH8A1	0.109	0.468212653692348	0.220142010041661	0.6932311375137703	1.0	False	False	up
ALDOB	0.2416	-1.0150869979674284	0.6221320026038581	0.9172918632856814	1.0	False	False	down
ALG14	0.7259	0.0795536494669709	0.7099970015121428	0.9409214530372064	1.0	False	False	up
ALKAL2	0.5774	0.8257829520516412	0.2448379476572304	0.7176605929673341	1.0	False	False	up
ALOX5	0.5821	0.5328558308837971	0.3445428331789385	0.7949920852715772	1.0	False	False	up
ALPK2	0.4023	-0.2885252400105396	0.5334595242280172	0.8856487409967495	0.9411764705882352	False	False	down
ALPK3	0.0738	0.3043564753563196	0.5212132317703457	0.8799888919363066	0.9411764705882352	False	False	up
AMACR	0.9328	-0.1868445463361381	0.7707639697503108	0.9560013920128728	0.8823529411764706	False	False	down
AMOT	0.6147	-0.7580989878511037	0.0562307874232122	0.4150877538701897	1.0	True	False	down
AMOTL2	0.463	-0.4381802360381658	0.2994158526914238	0.7679331989564424	1.0	False	False	down
AMPH	0.5524	-1.5923759245041305	0.0653442523662506	0.4455601490080307	1.0	False	False	down
ANGPT2	0.9123	1.4739080070835824	0.0561787381279829	0.4150877538701897	1.0	False	False	up
ANGPTL4	0.6057	2.6048179296284766	0.0067212811012732	0.1687042187038757	1.0	False	False	up
ANK2	0.0514	0.2333267983706504	0.5954046694869412	0.9085787632836247	0.8823529411764706	False	False	up
ANKDD1B	0.179	0.3023789168525577	0.2469984367443392	0.7188687730818869	0.9411764705882352	False	False	up
ANKFN1	0.5028	1.3082796046302163	0.0309655600086651	0.3254701457170071	1.0	False	False	up
ANKRD1	0.6403	0.4310836230156751	0.7320621619093575	0.9463045759507328	0.9411764705882352	False	False	up
ANKRD2	0.1508	-1.5550382539330534	0.1006320583104378	0.5194749075375509	1.0	False	False	down
ANKRD30BL	0.6473	0.1050345664479774	0.8812727210552366		0.8823529411764706	False	False	up
ANKRD31	0.8508	-1.1630302253962037	0.0653991676340601	0.4455601490080307	1.0	False	False	down
ANKRD33B	0.1998	-0.3833335918194118	0.2152707591721302	0.6868361881438289	1.0	False	False	down
ANKRD34B	0.3538	-0.2997684764895987	0.7473631967627006	0.949324429880132	0.8235294117647058	False	False	down
ANKRD44	0.3157	-0.1756769019345015	0.7513149041699219	0.9494855461323825	0.8235294117647058	False	False	down
ANKRD45	0.8953	0.2659352835576039	0.4478732604601806	0.8513656640211837	1.0	False	False	up
ANKRD55	0.4498	1.06716012150729	0.0248104392133209	0.2892247585895392	1.0	False	False	up
ANKRD6	0.8158	0.025876539302314	0.8838136670844262	0.9797898638347936	0.7058823529411765	False	False	up
ANKRD7	0.5024	-0.003426668793387	0.9915413060333844	0.9989334947898728	0.7058823529411765	False	False	down
ANKS1B	0.164	0.0659478443171582	0.8795358514652049	0.9785151462597506	0.8235294117647058	False	False	up
ANKUB1	0.4891	1.6735960128576743	0.0031113857353061	0.1169305262700302	1.0	False	False	up
ANO3	0.6747	-0.7300368921597304	0.3932221479553913	0.8193420368092317	1.0	False	False	down
ANO4	0.6551	1.2212274754431849	0.1009718345701802	0.5194749075375509	0.9411764705882352	False	False	up
ANO5	0.5229	-0.1637475339172794	0.6653559844666082	0.9290042380615744	0.9411764705882352	False	False	down
ANO9	0.198	-0.4357624078742382	0.4751391039344078	0.8615772454768645	0.9411764705882352	False	False	down
ANPEP	0.168	0.0448656325834168	0.950502131769501	0.9946677306023096	0.8235294117647058	False	False	up
ANTXR1	0.4792	0.3801502132035137	0.2671306726081515	0.743149268383673	1.0	False	False	up
ANXA1	0.025	2.5092781854315893	0.0045239061452649	0.1375827126652733	1.0	False	False	up
ANXA13	0.3921	-0.9163725224170286	0.2473839903960561	0.7197068754125895	1.0	False	False	down
ANXA2	0.265	0.9538874571625152	0.0184568463879028	0.2525403378678722	1.0	False	False	up
ANXA3	0.0808	0.4846555094087921	0.1853851004942115	0.6516754605075358	1.0	False	False	up
ANXA4	0.3008	0.0457885813480128	0.8838512432995329	0.9797898638347936	0.8235294117647058	False	False	up
AOAH	0.3758	0.3643096356865118	0.5836635651038491	0.904705773303642	0.9411764705882352	False	False	up
AOPEP	0.3376	0.1921987308957795	0.5411807279814711	0.8877376389980753	1.0	False	False	up
AOX1	0.3766	-0.0833209078663003	0.9167287557261264	0.9882874687151268	0.7647058823529411	False	False	down
AP000282.1	0.23	-0.3714767175527574	0.6187795967166208	0.9165492518273974	1.0	True	False	down
AP000317.1	0.8366	-0.4301825992860485	0.4882283658186543	0.8675430325661292	0.9411764705882352	True	False	down
AP000331.1	0.9048	2.654381094057216	0.0039474991683137	0.1309413978348961	1.0	True	False	up
AP000424.1	0.2812	0.0281502048506733	0.9660284517549746	0.9961904716946268	0.7058823529411765	True	False	up
AP000446.1	0.3419	-0.371746539759732	0.1821071175696014	0.6463137594205055	1.0	True	False	down
AP000542.2	0.1904	4.400666577077691	0.0452599841415485	0.3784494138819963	1.0	True	False	up
AP000676.5	0.4534	-0.191687144506269	0.4920152795964011	0.8696382331222892	1.0	True	False	down
AP000695.2	0.7952	-0.3342449587453984	0.6881895178691472	0.9341795866528548	1.0	True	False	down
AP000779.1	0.47	1.3430366637896616	0.0720609181031944	0.4627490656489515	1.0	True	False	up
AP000787.1	0.7482	0.856570407444002	0.0606910093915178	0.4291072965662894	1.0	True	False	up
AP000829.1	0.5776	-1.0628706141935282	0.3258192376503909	0.7813288775402785	1.0	True	False	down
AP000897.2	0.7153	1.4181467799199463	0.092514493274313		1.0	True	False	up
AP000919.2	0.6372	1.9608457339370733	0.005955275973472	0.1588432560736208	1.0	True	False	up
AP000919.3	0.7478	1.7193713317735269	0.0727777999716137	0.4643047359780718	1.0	True	False	up
AP000943.2	0.786	2.102894504357354	0.007879345580482	0.1772464789344567	1.0	True	False	up
AP001011.1	0.621	2.302121772507631	0.0059176185148577	0.1586997692620934	1.0	True	False	up
AP001021.3	0.236	1.4362895617972626	0.0426655140247623	0.3695525667500106	1.0	True	False	up
AP001042.1	0.7424	0.2420701958613972	0.8145099014015106	0.9663007438684964	0.9411764705882352	True	False	up
AP001207.3	0.6206	-4.742815204249467	0.0096729078748195	0.1929807765437779	0.8235294117647058	True	False	down
AP001341.1	0.7952	-0.9385914609960164	0.2972795929619393		0.8235294117647058	True	False	down
AP001347.1	0.7227	-0.0090129341497949	0.9876138657049514	0.9983936596837047	0.7647058823529411	True	False	down
AP001439.1	0.377	1.478117289506415	0.0913167615360272	0.5040628756126059	1.0	True	False	up
AP001442.1	0.2912	2.3184271381536274	0.0115460260394549	0.2081794660852569	1.0	True	False	up
AP001528.1	0.326	-0.5475175940913494	0.1319011988447676	0.5751093759161593	1.0	True	False	down
AP001636.3	0.5102	0.1798526563718103	0.7474628264206107	0.949324429880132	0.8235294117647058	True	False	up
AP001825.1	0.5785	1.80516213325256	0.011482605303086	0.2079621026427982	1.0	True	False	up
AP001831.1	0.7512	2.4367369170349065	2.065248390917633e-05	0.0158195373844745	1.0	True	False	up
AP001977.1	0.269	-2.359864594195129	0.0150693577701339	0.2306339950127705	1.0	True	False	down
AP002026.1	0.8602	-0.7188552621201558	0.0752510057246236	0.4694302233343622	1.0	True	False	down
AP002075.1	0.9936	1.1361161433672733	0.0902750548786394	0.5013814228492881	1.0	True	False	up
AP002336.2	0.4392	1.881028030252678	0.004553231482275	0.138189638608142	1.0	True	False	up
AP002370.2	0.994	1.928573077246533	0.00169711043943	0.0916936959032715	1.0	True	False	up
AP002383.2	0.9732	1.3216760114254995	0.1139570504979297	0.5439697394318651	1.0	True	False	up
AP002518.2	0.181	2.719637358692282	0.0061863014470522	0.1626523107736565	1.0	True	False	up
AP002762.2	0.1493	3.1529077873829374	0.0003194734177647	0.049543174380266	1.0	True	False	up
AP002784.1	0.4309	1.1281882339408251	0.1759733945670422	0.6386829650255591	1.0	True	False	up
AP002812.2	0.1286	0.1702336689192752	0.6806311409771424	0.9318135818132088	0.9411764705882352	True	False	up
AP002961.1	0.665	1.228280853162711	0.1453076942904032	0.5958271751847128	1.0	True	False	up
AP002989.1	0.7948	-1.6462299342888906	0.015601628916609	0.2325355438107399	1.0	True	False	down
AP003049.2	0.2944	-0.8312783813970323	0.4147645315304141	0.8340184051931339	1.0	True	False	down
AP003059.2	0.4622	-0.6293471321500419	0.3229356934637807	0.7805643189742463	1.0	True	False	down
AP003086.1	0.1658	2.080338433851906	0.00232254891923	0.1019571326150094	1.0	True	False	up
AP003400.1	0.684	0.1450699489050909	0.8962025131564648	0.982916929017053	0.8823529411764706	True	False	up
AP003778.1	0.7274	-0.6880902233613635	0.2467575919521002	0.7187987900034055	1.0	True	False	down
AP004550.1	0.1503	-2.8463630381695504	0.0228124311743393	0.279840082018274	1.0	True	False	down
AP005131.1	0.77	-0.1169104632392713	0.9106001917669808		0.8235294117647058	True	False	down
AP005203.1	0.5668	0.6652934250267616	0.6543181332033733		0.8235294117647058	True	False	up
AP005230.1	0.0606	-2.414258891898009	0.0259448797041824	0.2961973495640025	1.0	True	False	down
AP005329.2	0.9887	1.2212047200643412	0.0579326828039035		1.0	True	False	up
AP006261.1	0.8425	-0.4927101712000882	0.4103348174507263	0.831607386287196	1.0	True	False	down
AP1S3	0.5122	0.7048870347406472	0.0851703638250675	0.4909194476044337	0.9411764705882352	False	False	up
APBA1	0.1606	-0.4754400646013809	0.1641559615168005	0.6231942084780019	1.0	False	False	down
APBB1IP	0.0268	0.5114642459334645	0.4411670518889919	0.8488090982538431	1.0	False	False	up
APCDD1	0.8364	-0.1398750190279182	0.916573258959797		0.8235294117647058	False	False	down
APCDD1L-DT	0.2578	0.4278138709334187	0.6415748135360927	0.9219129174386276	0.9411764705882352	False	False	up
APELA	0.2433	-5.677134219073134	0.0105231859068803	0.2012463138332894	1.0	False	False	down
APOE	0.5004	-0.4549550714896698	0.8214333283738846	0.9672746742001436	0.9411764705882352	False	False	down
APOLD1	0.2653	-1.8278755946222147	0.1406536473139309	0.5890818846464768	1.0	False	False	down
AQP1	0.3728	0.036297467961589	0.9573746400455156	0.995163193386602	0.7058823529411765	False	False	up
AQP4-AS1	0.0032	-0.4958995309263295	0.3615819205307703	0.8022181121438804	1.0	False	False	down
AQP9	0.5802	0.0092982749510697	0.9946738374963712		0.5882352941176471	False	False	up
AR	0.0616	0.2284468867583716	0.651680793453336	0.9239770015220592	1.0	True	False	up
ARFGEF3	0.4568	0.4567621480655321	0.6265714810911172	0.9183772302816754	0.9411764705882352	False	False	up
ARG2	0.0948	-0.142083234569458	0.8310846092439232	0.9695256696792534	0.8823529411764706	False	False	down
ARHGAP11B	0.6274	0.2281332764582009	0.7428912823671435	0.9482894970245908	1.0	False	False	up
ARHGAP15	0.01	3.194229616337021	0.0078212401127456	0.1769375639003041	1.0	False	False	up
ARHGAP22	0.5672	0.8452181058565276	0.0586666903918699	0.4229904685158173	1.0	False	False	up
ARHGAP24	0.7098	-0.1472723478765231	0.7330508215803949	0.9464242881099628	0.9411764705882352	False	False	down
ARHGAP25	0.9312	-0.3972604873344954	0.43754004532788	0.8471884222342368	0.9411764705882352	False	False	down
ARHGAP26	0.306	0.1310740512481448	0.5918750190930513	0.908367129137578	0.9411764705882352	False	False	up
ARHGAP26-AS1	0.9962	2.3598869187064486	0.0096926288083826	0.1929807765437779	1.0	False	False	up
ARHGAP28	0.462	-0.7637677522767784	0.0671818178607242	0.4498101740561426	1.0	False	False	down
ARHGAP29	0.0665	-0.266999156462897	0.4749716227062904	0.8615772454768645	1.0	False	False	down
ARHGAP29-AS1	0.2436	0.2940816840746045	0.5743602977266928	0.9025433699042152	1.0	False	False	up
ARHGAP31	0.5591	-0.5283211892600629	0.0933187224579629	0.5090728685465075	1.0	False	False	down
ARHGAP40	0.0494	0.7895181238393172	0.0942305566177481	0.5091570548468007	1.0	False	False	up
ARHGAP42	0.1674	0.0586343867851972	0.8825149436517408	0.9797603054992604	0.8823529411764706	False	False	up
ARHGAP44	0.6326	0.1320059117029564	0.7832211004621907	0.9580950268200328	0.8823529411764706	False	False	up
ARHGEF3	0.038	0.3264145564607257	0.4209066306892353	0.8373838046481535	1.0	False	False	up
ARHGEF3-AS1	0.7415	2.0384729271711555	0.0585761359198837		1.0	False	False	up
ARHGEF38	0.071	0.0276556705280621	0.9400194488833798	0.993144249769347	0.7058823529411765	False	False	up
ARID3A	0.4962	-1.4684364793326323	0.0020219611881101	0.0981359304147406	1.0	False	False	down
ARID4A	0.0828	-0.6726853921678388	0.0169257999262366	0.2406003725450898	1.0	False	False	down
ARID5B	0.1305	-0.2019041451868892	0.5508043402632363	0.8921307183150198	0.9411764705882352	False	False	down
ARL17B	0.002	-0.947870785374282	0.5501792817933365	0.8915223437932551	0.8823529411764706	False	False	down
ARL4C	0.9219	0.7024681868878536	0.5319163936470287	0.8846721537784383	1.0	False	False	up
ARMC3	0.8734	-0.2657800844762041	0.5522808967319103	0.892607848977482	0.9411764705882352	False	False	down
ARMC4	0.5428	1.5397564451342796	0.036261919282966	0.3477654807696682	1.0	True	False	up
ARMC7	0.1896	-1.567443582941254	0.0008647937567151	0.0741513819234157	1.0	False	False	down
ARMCX4	0.1276	-0.5760482173577778	0.1063429153277779	0.5318948799880383	1.0	True	False	down
ARMCX5-GPRASP2	0.8102	-0.2263899188654499	0.3976640932480367	0.8220929579805383	1.0	True	False	down
ARMH1	0.54	-0.6579508093968424	0.0950494488817287	0.5105533033523301	1.0	False	False	down
ARMH4	0.9586	0.3982791564690885	0.2524635718681101	0.7262340693596264	0.9411764705882352	False	False	up
ARNT2	0.8212	-0.1385455037522299	0.5948320951472823	0.9085702488689325	1.0	False	False	down
ARNTL2	0.1974	0.2867460647364113	0.4595572513377568	0.8542952691242157	0.9411764705882352	True	False	up
ARPP21	0.6427	-1.0018269119632486	0.1639019043169982	0.6231942084780019	1.0	False	False	down
ARRB1	0.4544	-0.7775574115886363	0.30760223951636	0.7719967362388817	1.0	False	False	down
ARRDC3	0.3393	-0.3819258373964551	0.5475811799902636	0.8903749943130963	0.8823529411764706	False	False	down
ARRDC3-AS1	0.3497	0.2013080743038129	0.5104129001212137	0.8767427829029815	1.0	False	False	up
ARRDC4	0.1472	-0.2980407778338057	0.5571703426004428	0.8955282285448983	1.0	False	False	down
ARSB	0.6634	-0.6438322519140368	0.0206448543582466	0.2673499576682508	1.0	False	False	down
ARSF	0.2719	-1.0781521329164274	0.2450788986078168	0.7178162508398349	1.0	True	False	down
ARSJ	0.2386	-0.4776692913964744	0.1983657086636534	0.6675378108638527	1.0	False	False	down
ASAP2	0.7824	0.4716694556786958	0.2321473078451104	0.7050150213002097	0.9411764705882352	False	False	up
ASB17	0.1996	0.6288336812260514	0.4446674893944958		0.9411764705882352	False	False	up
ASB18	0.9138	-1.5103277200640342	0.1184306153803311	0.5491517060232266	1.0	False	False	down
ASIC2	0.8518	1.7835553930065506	0.0032313913548266	0.1197563378987247	1.0	False	False	up
ASPM	0.7162	0.313030657873508	0.7828093380728455		0.8235294117647058	False	False	up
ASS1	0.1372	-0.1641647147505346	0.7634092187435182	0.953534251542628	0.8235294117647058	False	False	down
ASTN2	0.0748	-0.0662514620606752	0.8444114126720006	0.971610453177867	0.9411764705882352	False	False	down
ASTN2-AS1	0.8346	1.928114460481536	0.0273582442064563	0.3054762316769351	1.0	False	False	up
ASXL3	0.3246	-0.6100771818448851	0.0212194089005616	0.2704750577697485	1.0	False	False	down
ATAD2	0.9114	0.2042414558690507	0.7351754670113497	0.9468554570188418	0.9411764705882352	False	False	up
ATAD5	0.9188	0.3842350717394805	0.3298249111224646	0.7825481250321586	1.0	False	False	up
ATF3	0.0475	-0.9372967636657328	0.2069887483751007	0.6768086984111585	1.0	False	False	down
ATF7IP2	0.0926	0.1336587684820049	0.7758754650713313	0.9565839754905506	0.8823529411764706	False	False	up
ATG10	0.1035	-0.2460496168974024	0.3170767247240081	0.7760113228541231	1.0	False	False	down
ATL1	0.6946	0.0072361738428845	0.97767997079308	0.996669825520288	0.8235294117647058	False	False	up
ATOH8	0.1991	-1.5818614317012198	0.0766388766402857	0.4725850461723305	1.0	False	False	down
ATP10A	0.2532	0.191683431361731	0.8364272181074236	0.9695256696792534	0.8823529411764706	False	False	up
ATP10B	0.6806	-1.3869077654195363	0.1308422914221308	0.5738448575905698	1.0	False	False	down
ATP11A	0.442	0.4853150399050489	0.133743843951532	0.5772299054779214	0.9411764705882352	False	False	up
ATP11A-AS1	0.6038	3.134875650946935	0.0095129879436463	0.1916893062415077	1.0	False	False	up
ATP13A3	0.189	0.3650205981232167	0.3251199588683244	0.7812837069579318	0.9411764705882352	False	False	up
ATP13A4	0.8274	-1.3078999662468502	0.0482725385013097	0.3905759423446616	1.0	False	False	down
ATP1A1	0.1412	0.8362722191669438	0.0658374129665363	0.447100295237758	1.0	False	False	up
ATP1A1-AS1	0.1622	2.025945649863801	0.0001792805631293	0.0394684821814656	1.0	False	False	up
ATP1B1	0.008	-0.8809010129463486	0.0731958820664358	0.4646379729823067	1.0	False	False	down
ATP1B3	0.0896	1.014745623600017	0.0409485782092067	0.3638503184251803	1.0	False	False	up
ATP23	0.4638	-1.201540802933632	0.0524563704398425	0.4017297320808293	1.0	False	False	down
ATP2A3	0.408	-0.4608465892731498	0.6767119552661849		0.8823529411764706	False	False	down
ATP2B4	0.9372	0.2029308217726824	0.5605847426693696	0.8967928936211863	0.9411764705882352	False	False	up
ATP2C2	0.8462	0.287591976400645	0.5911678028300403	0.9077373612058188	0.9411764705882352	False	False	up
ATP5F1E	0.8855	0.1052087860849861	0.9325219111390726	0.9912068005320191	0.7647058823529411	False	False	up
ATP6AP1L	0.6638	-0.8921861034896268	0.0101689905887942	0.1970993576671684	1.0	False	False	down
ATP6V0A2	0.1756	0.1882006499979745	0.4901539539841317	0.8690624803143422	0.9411764705882352	False	False	up
ATP6V0A4	0.3252	-1.3348576889609558	0.2515463045187052	0.7241038235072017	1.0	False	False	down
ATP6V0D2	0.3882	-1.0250747230954829	0.3879556092205486	0.8177785579474305	0.9411764705882352	False	False	down
ATP6V1C2	0.1888	-1.1505591948702445	0.3438210789612524	0.794012981787768	0.9411764705882352	False	False	down
ATP8A1	0.5325	0.4299203436911131	0.1459254746301114	0.5972255135388855	1.0	False	False	up
ATP8B4	0.4474	0.2302926702302974	0.6157142826079939	0.9157279001502492	0.9411764705882352	False	False	up
ATRNL1	0.8098	-0.2912502557799026	0.6099146429349527	0.9144944263901312	0.8823529411764706	False	False	down
AUTS2	0.1122	-0.4040919848917678	0.1386642185239144	0.5863509059158781	1.0	False	False	down
AUXG01000058.1	0.3842	1.629176186721933	0.002784341815807	0.1100855793767977	1.0	True	False	up
AVEN	0.874	0.2640476295578233	0.2040314989010133	0.6744874013406251	1.0	False	False	up
AVPR1B	0.9986	1.2340605645355638	0.1310814810610757		0.8235294117647058	False	False	up
AXDND1	0.382	-2.1833169467135645	0.0010319649944824	0.0764898676814854	1.0	False	False	down
AXL	0.7112	0.4693317116235986	0.3567825433923299	0.8009534673973157	1.0	False	False	up
AZIN1-AS1	0.2584	-0.2238821157065993	0.5161933652470694	0.8786530773601711	0.9411764705882352	True	False	down
B2M	0.0766	1.394659857542924	0.3765151408162759	0.8128329414246228	0.9411764705882352	False	False	up
B3GALT5	0.0699	2.142505454982727	0.0114062824712094		1.0	False	False	up
B3GLCT	0.4742	0.1013286973343562	0.7213425410048462	0.9428759374469244	0.8823529411764706	False	False	up
B3GNT5	0.624	0.090348775141152	0.8427328370551918	0.9711937922153354	0.8823529411764706	False	False	up
B4GALNT2	0.2274	-2.763175292718921	0.0041588885138943	0.1336461995205694	1.0	False	False	down
B4GALNT3	0.5814	-0.7167363037288897	0.217149574943228	0.6892524704998093	1.0	False	False	down
B4GALT1	0.343	-0.398541083999307	0.2585643559682833	0.7339923499869474	1.0	False	False	down
B4GALT5	0.064	0.3282361062574289	0.4631552714134598	0.8562973493793598	0.9411764705882352	False	False	up
B4GALT6	0.8632	0.1891037923634338	0.5566362799773152	0.8952551662485443	1.0	False	False	up
BAALC-AS1	0.4888	-0.4364091984001304	0.2325587853562504	0.7051677544249654	1.0	False	False	down
BACE2	0.3851	0.797820268576426	0.0402291697756179	0.360279450024508	1.0	False	False	up
BACH2	0.1434	-0.0553452940922626	0.9090888049494706	0.9864328570015264	0.8823529411764706	False	False	down
BAIAP2	0.6796	-0.1240440977653961	0.8041678927264926	0.9645045062380684	0.8823529411764706	False	False	down
BAIAP2L1	0.0524	0.0226865537352252	0.9386652883710074	0.9926378694775134	0.7647058823529411	False	False	up
BAMBI	0.3838	1.132848141232666	0.0553908082504465	0.4126335463101445	1.0	False	False	up
BANK1	0.3451	-0.0484848324321739	0.911848115443249	0.9867124389552934	0.7647058823529411	False	False	down
BARD1	0.7244	-0.0177992916959212	0.9513312492087316	0.9946677306023096	0.7647058823529411	False	False	down
BARX2	0.609	0.7823979569836511	0.4201172046290748	0.8367243526427436	0.9411764705882352	False	False	up
BAZ1A	0.4195	0.3472996851769355	0.2636505666167757	0.7405896166171058	0.9411764705882352	False	False	up
BBOX1	0.0862	0.3766637287618309	0.551601309111273	0.8923623971766825	0.9411764705882352	False	False	up
BBOX1-AS1	0.0348	-0.3517107133350683	0.6258062156895896	0.9182165089465264	0.9411764705882352	False	False	down
BCAM	0.0752	-2.001661408261052	0.0130485252900706	0.218959895368079	1.0	False	False	down
BCAR3	0.469	0.5087986812619758	0.1063859194096961	0.531929597048481	1.0	False	False	up
BCAS1	0.4309	-0.8425795037400214	0.3807307212367365	0.8143529782833331	1.0	False	False	down
BCAS4	0.2334	-0.469976995418587	0.3177907321739048	0.7760113228541231	1.0	False	False	down
BCHE	0.821	0.9256255085096654	0.419139578231454		0.9411764705882352	False	False	up
BCL11A	0.4585	0.3343901890714791	0.572609128198048	0.9018670198527718	0.9411764705882352	False	False	up
BCL11B	0.5696	1.0709460558463153	0.3979108778652467	0.8220929579805383	0.9411764705882352	False	False	up
BCL2	0.1322	-0.1440960209076374	0.6065771178627813	0.9134879208528638	1.0	False	False	down
BCL2L1	0.1958	0.3401174947161836	0.346273042436825	0.796057392168698	0.9411764705882352	False	False	up
BCL2L11	0.7684	-0.1041120529887489	0.7828298552545689	0.958071469272084	0.8235294117647058	False	False	down
BCL3	0.0548	-1.5418752125047963	0.0174023785849206	0.2439972282581561	1.0	False	False	down
BCL6	0.1932	0.7184377959347836	0.0512080946172242	0.3981316041908585	1.0	False	False	up
BCL7C	0.3592	-0.5958886402757586	0.0834167557631236	0.4876540997404941	1.0	False	False	down
BCO2	0.9249	0.8707243972570217	0.0922292643568718	0.5065446983396512	1.0	False	False	up
BDKRB2	0.5238	-0.720643140906103	0.2331935361179445	0.7056134144880432	1.0	False	False	down
BDNF	0.6666	0.1676366537374857	0.7988292301277526	0.9627716829973384	0.9411764705882352	False	False	up
BDNF-AS	0.8721	-0.4817307025622201	0.1019422616798693	0.5224629464135067	1.0	False	False	down
BEAN1	0.304	2.403117772133724	0.0001004999013942	0.0304948382814641	1.0	False	False	up
BHLHE40	0.2671	0.564116820306202	0.4536287673950082	0.8513656640211837	0.9411764705882352	False	False	up
BHLHE40-AS1	0.552	-0.4740402230019047	0.4141312100239752	0.8340184051931339	1.0	False	False	down
BHLHE41	0.7444	1.430753271905241	7.528034782947853e-06	0.0105871654577994	1.0	False	False	up
BHMT	0.0042	-0.9695280500027116	0.2667888282871012	0.743135473283477	1.0	False	False	down
BICC1	0.0044	-0.6681895518725411	0.0958073979566711	0.5120485743115789	1.0	False	False	down
BICD1	0.0336	0.7519604327521631	0.0635213151968796	0.4385530580396356	1.0	False	False	up
BICDL1	0.3571	-0.1997806779484944	0.4467893728276721	0.8511455554604994	1.0	False	False	down
BICDL2	0.4086	-1.768260954376184	0.1546049549174507	0.6109454140417939	1.0	False	False	down
BICRAL	0.8086	-0.3763949987139495	0.2211098418876571	0.6944996098473046	1.0	False	False	down
BIN1	0.1828	0.283797864696282	0.4879481099368481	0.8675430325661292	0.9411764705882352	False	False	up
BIRC3	0.7148	0.2641944332167817	0.5238063014455048	0.881376106128359	1.0	False	False	up
BLM	0.9136	0.3635266551332496	0.589407856574923	0.9073198593888638	0.9411764705882352	False	False	up
BLNK	0.6086	-0.2694726309023593	0.560647428208972	0.8967928936211863	0.9411764705882352	False	False	down
BMP2	0.4599	-0.1497009739633583	0.8187771385343768	0.9670854254790244	0.8235294117647058	False	False	down
BMP2K	0.0484	0.5273562759306369	0.1754734322684135	0.6385713225177271	1.0	False	False	up
BMP6	0.3561	-1.1807834981053302	0.3156837951602007	0.7760113228541231	1.0	False	False	down
BMP7	0.3524	-1.0852292448940708	0.1056288628080626	0.5303014725728128	1.0	False	False	down
BMPER	0.4938	-0.6206385029004468	0.1028414595282062	0.5239763482007055	1.0	False	False	down
BMPR1B	0.2139	-1.4127884570306175	0.0951847203794232	0.5107910373264802	1.0	False	False	down
BMX	0.5862	1.8836154631815685	0.0450234367900365	0.3776865832144969	1.0	True	False	up
BNC1	0.9404	2.377099480144051	0.0147888486594025		0.8235294117647058	False	False	up
BNC2	0.0784	0.1556790389450588	0.7390365821047351	0.9480519669222794	0.9411764705882352	False	False	up
BNIPL	0.7962	-0.2983519655131635	0.6670199149552196	0.9294145773507256	0.9411764705882352	False	False	down
BOC	0.6377	-2.042989006569004	0.0188934523802386	0.2549665348659841	1.0	False	False	down
BRCA1	0.8822	0.6087503382159827	0.1527074925642643	0.6077478453135157	0.9411764705882352	False	False	up
BRCA2	0.7804	0.4847607334011839	0.2756791085202925	0.7506309738137406	1.0	False	False	up
BRINP1	0.713	-0.7524801234403187	0.3321411351288593	0.7835003296181506	1.0	False	False	down
BRINP3	0.4062	-1.8178085870487533	0.0168900868107389	0.2406003725450898	1.0	False	False	down
BRIP1	0.4776	0.4084471762039299	0.5373063025810751	0.8865874693486838	0.9411764705882352	False	False	up
BTBD11	0.0804	1.2540620821301562	0.1621946218763643	0.6215659487577914	1.0	True	False	up
BTBD8	0.4204	-0.7278427359861528	0.0676360966548424	0.4511514166023366	1.0	False	False	down
BTC	0.6604	-0.9377870109051852	0.057158443757175	0.4173698244645205	1.0	False	False	down
BTG1	0.5764	0.0271911702738848	0.9856355389089972	0.9979492173879536	0.6470588235294118	False	False	up
BTG2	0.5818	-0.1449752036706352	0.8885096177538802	0.981295811575846	0.7647058823529411	False	False	down
BUB1B	0.4688	-0.0969209528394254	0.9236505186961166		0.8823529411764706	False	False	down
BX284613.2	0.38	-0.0334870661596547	0.9539501706048312	0.9946677306023096	0.7058823529411765	True	False	down
BX322234.1	0.0372	4.025109378119497	6.220166242933467e-08	0.0009174745208326	1.0	True	False	up
C10orf67	0.6696	-0.012392465966138	0.9682626243895716	0.9961924130086977	0.7058823529411765	False	False	down
C10orf90	0.751	-1.911049961473984	0.0138240233168979	0.223975392378598	1.0	False	False	down
C11orf52	0.6862	0.4342284950666094	0.3139454464873283	0.7760113228541231	0.9411764705882352	False	False	up
C11orf65	0.496	-0.0782600940521725	0.8621108409167074	0.974416467702792	0.8235294117647058	False	False	down
C12orf60	0.8312	-1.0714815368813833	0.0873025534228169	0.4949717490242764	1.0	False	False	down
C12orf74	0.4116	-0.4066028017063113	0.5493835931617257	0.8913071820593398	1.0	True	False	down
C12orf75	0.7082	1.020230260709683	0.0555451589877534	0.4135745053353676	1.0	False	False	up
C15orf41	0.2863	0.0426993239457194	0.8333913093527916	0.9695256696792534	0.8823529411764706	True	False	up
C15orf48	0.841	0.2825401552234823	0.7855809552754629		0.9411764705882352	True	False	up
C17orf100	0.6362	0.3615310847718169	0.5815675502713831		1.0	False	False	up
C19orf18	0.6448	-0.3451804140793383	0.3855209553247593	0.8162506058329035	1.0	False	False	down
C1QL3	0.1022	0.4854211700727621	0.726648161287375	0.944551193913872	0.9411764705882352	False	False	up
C1QTNF7	0.2558	2.497772225811129	0.0022624809647591	0.10107965655132	1.0	False	False	up
C1orf195	0.814	1.723998423740509	0.0731160928077746	0.4646379729823067	0.9411764705882352	True	False	up
C1orf21	0.7033	-0.0762119054777497	0.8705424223312596	0.9761911412925948	0.8823529411764706	False	False	down
C21orf58	0.6588	0.2264733441650223	0.6565119581297572	0.9259467759049452	1.0	False	False	up
C21orf62-AS1	0.6242	-0.3509762028491647	0.3120005448548339	0.7743577379452803	1.0	True	False	down
C2CD6	0.525	-0.0049437452221791	0.990162873790015	0.9989334947898728	0.5882352941176471	True	False	down
C2orf27A	0.6196	-0.3150113201678428	0.5445071788348901	0.889126634320229	0.9411764705882352	True	False	down
C2orf73	0.853	-0.8114352872382693	0.2811515828177626	0.754271707268461	1.0	True	False	down
C2orf76	0.8604	-0.3796303547338719	0.3253450932624426	0.7813150528997707	1.0	False	False	down
C3	0.0578	-0.438562423615354	0.6240930957505446	0.9176356947354166	0.9411764705882352	False	False	down
C3orf14	0.7201	-0.174148116072314	0.8667382160618975		0.7647058823529411	True	False	down
C3orf52	0.9178	1.0367707202306136	0.0433315676833664	0.3723060271407452	0.9411764705882352	False	False	up
C3orf67	0.6178	0.334025516927488	0.1779496198619594	0.6423284599857336	1.0	True	False	up
C3orf67-AS1	0.5853	1.7207085986814503	0.0002325657525764	0.0463560114932717	1.0	True	False	up
C4orf45	0.981	1.5372424033653669	0.0153478410168838	0.2312556377004772	1.0	True	False	up
C4orf47	0.8381	0.1402537764776497	0.7690241009685505	0.9557555355217148	0.9411764705882352	True	False	up
C4orf51	0.6832	0.5441819279275142	0.3464312668893239		0.9411764705882352	False	False	up
C5orf17	0.1566	0.5915778057630464	0.4875303143632976	0.867334716784301	1.0	True	False	up
C5orf47	0.316	-1.345881591203447	0.0678312533064529		1.0	False	False	down
C5orf66	0.9802	1.0000592256456315	0.1623590507466941	0.6215659487577914	0.9411764705882352	True	False	up
C5orf67	0.0164	-1.4826889181004577	0.0179870069528879	0.2491158239953969	1.0	False	False	down
C6	0.58	2.409531546149702	0.015596930487645	0.2325355438107399	0.9411764705882352	False	False	up
C6orf132	0.805	0.4389852002291994	0.4632977580078568	0.8563899518570683	0.9411764705882352	False	False	up
C6orf141	0.5684	3.115705175244464	0.0158969247453978		0.8235294117647058	False	False	up
C6orf201	0.9442	1.758257086156097	0.0297991361306696		1.0	True	False	up
C7	0.0226	1.1777756627213385	0.3348085528655015	0.7856579862638499	0.9411764705882352	False	False	up
C8orf34	0.2548	-0.1535108259233279	0.8636858383154593	0.9747812091944448	0.8823529411764706	False	False	down
C8orf37-AS1	0.2316	-0.3898211127646684	0.2215514224941783	0.6949246788673196	1.0	True	False	down
C8orf86	0.7501	-0.2664038510117302	0.5962202162539292		1.0	True	False	down
C9orf135	0.6504	-1.4176287691294909	0.1481127213396278		0.8235294117647058	True	False	down
C9orf153	0.487	-0.5725894786593778	0.5157836863610652	0.8784990976200172	0.9411764705882352	False	False	down
C9orf170	0.5736	-1.18138709534733	0.2818155949435432		0.8235294117647058	True	False	down
C9orf92	0.7734	0.2597442944985091	0.6866175278485085	0.9333274558083272	1.0	True	False	up
CA10	0.5452	-0.4269320536977619	0.6756699575989087	0.9313708956103488	0.8235294117647058	False	False	down
CA12	0.094	0.1396616793649975	0.7528791225805483	0.949883470928508	0.9411764705882352	False	False	up
CA3	0.2982	0.0105170668303305	0.975901481804442	0.9964382428779952	0.7058823529411765	False	False	up
CA8	0.4195	-0.4594868697410123	0.632193530032966	0.9198682698979244	0.9411764705882352	False	False	down
CAB39L	0.7406	-0.1150688888022571	0.7145732592184689	0.941054980113967	0.8823529411764706	False	False	down
CABCOCO1	0.9364	-1.2018049395389196	0.1425658816209125	0.5915131566034546	1.0	False	False	down
CABLES1	0.1761	0.063677973849433	0.7769019761019058	0.9565839754905506	0.8823529411764706	False	False	up
CACHD1	0.4004	-0.6983748497992089	0.1900919725855572	0.6576717601669995	1.0	False	False	down
CACNA1C	0.2088	0.7815425380689579	0.1700176752713648	0.6305604280382275	1.0	False	False	up
CACNA1E	0.0057	-2.3666168145005093	0.010546671226653	0.2012463138332894	1.0	False	False	down
CACNA1H	0.3773	-0.404379207028718	0.5851954551830949	0.9051619511770944	0.9411764705882352	False	False	down
CACNA2D1	0.3706	-0.3643908123337649	0.2334025660533669	0.7056134144880432	1.0	False	False	down
CACNA2D3	0.1316	-0.5254454682739075	0.3928488588981178	0.8192242963508314	0.9411764705882352	False	False	down
CACNA2D4	0.4524	-1.0599627520069776	0.2801256404766453		1.0	False	False	down
CACNB2	0.53	-0.67677475559553	0.1162195284415653	0.5473552872921815	1.0	False	False	down
CACNB4	0.4156	-0.8810233107156248	0.16806375816466	0.6274210156741926	1.0	False	False	down
CACNG4	0.809	-0.0259598192632579	0.985255874905324		0.6470588235294118	False	False	down
CADM1	0.1312	-0.1724810694161609	0.6136721983368489	0.9153849543288132	0.9411764705882352	False	False	down
CADM2	0.201	-1.2104021754857437	0.0579837693316147	0.4208959634061598	1.0	False	False	down
CADPS2	0.4726	-0.2154514427413255	0.5287644261707177	0.8830864458667235	0.9411764705882352	False	False	down
CALB1	0.4148	-0.9845545590871576	0.5072724001238309	0.875178131192173	1.0	False	False	down
CALCB	0.2922	-0.0992643893715168	0.8856485920301623	0.9804425568896856	0.8235294117647058	False	False	down
CALCR	0.26	-1.9160065320003925	0.0543815552210497	0.4082076028043176	1.0	False	False	down
CALCRL	0.88	0.1475347919293559	0.8667600818802152	0.9747812091944448	0.8823529411764706	False	False	up
CALN1	0.3732	-1.0641724458623314	0.0423491881282957	0.3685253834173226	1.0	False	False	down
CALR	0.2366	-0.8924950035895842	0.221622080636737	0.6949246788673196	1.0	False	False	down
CAMK1D	0.3582	0.2368375235008195	0.7251637231577431	0.9439894720048728	0.9411764705882352	False	False	up
CAMK4	0.0638	3.144843629596962	0.0153239883276816	0.2312556377004772	0.8235294117647058	False	False	up
CAPN6	0.5379	-1.2152853965606674	0.25958816891072		1.0	True	False	down
CAPS2	0.2926	-0.3639106467016369	0.2366013666003115	0.7087469856528421	1.0	False	False	down
CARD11	0.5234	1.598814095493266	0.0053103024235309	0.1486025096721616	1.0	False	False	up
CARD18	0.3347	-1.2020558920268651	0.219151732221527		0.8235294117647058	False	False	down
CASC1	0.5785	-1.0425782893152833	0.0171995557241186	0.24230510690616	1.0	True	False	down
CASC11	0.6766	0.1307627651651442	0.8809146263655835		0.7647058823529411	False	False	up
CASC15	0.3024	0.0578604243203329	0.8739777255661856	0.9776771976738512	0.8823529411764706	False	False	up
CASC18	0.2168	-1.994682707148919	0.0819440277281859		0.8235294117647058	False	False	down
CASC19	0.348	2.04251610157534	0.0006357337959736	0.0645777357008959	1.0	False	False	up
CASC2	0.5388	-0.4542165304778731	0.1988760276954693	0.6675738208304399	1.0	False	False	down
CASC8	0.9779	2.1161306015295773	0.0025800153170185	0.1072847104999889	1.0	False	False	up
CASC9	0.0406	-0.5931720519004495	0.504751833496165	0.8741783926380474	1.0	False	False	down
CASR	0.0588	-0.348685577924786	0.5232673644851777	0.8809252813748074	0.9411764705882352	False	False	down
CASZ1	0.0444	-1.940302312839502	3.6936056463303536e-05	0.0180553393566194	1.0	False	True	down
CAT	0.3086	-0.5628646915502804	0.3910053860869261	0.819057873517529	1.0	False	False	down
CATIP	0.7822	-1.140107718014698	0.0758502841984249	0.4715121653740489	1.0	False	False	down
CATSPERB	0.8128	0.0302792039553921	0.927365556055826	0.9902730725999735	0.7647058823529411	False	False	up
CATSPERE	0.5403	-0.1442232534281876	0.6668108063477927	0.9293640171624248	0.8823529411764706	False	False	down
CAV1	0.9394	0.5664832986090657	0.3728058616052231		1.0	False	False	up
CAV3	0.9074	2.068640977773193	0.0184593363932673		1.0	False	False	up
CAVIN2	0.3142	-0.2132682412092678	0.8357860643476894	0.9695256696792534	0.8235294117647058	False	False	down
CBR3	0.7012	2.5598319241272702	0.0009984035990853	0.076302865733207	1.0	False	False	up
CC2D2B	0.8746	1.0488844021212251	0.0069947279864871	0.1706370796234569	1.0	False	False	up
CCDC102B	0.3192	-0.3012158935999545	0.2093325047479082	0.6795014183608376	1.0	False	False	down
CCDC112	0.6112	0.1798974806206588	0.5989321314620895	0.9108982748816536	0.9411764705882352	False	False	up
CCDC122	0.6726	-0.6361217166596644	0.03643837420783	0.3481299092309969	1.0	False	False	down
CCDC138	0.6166	-0.0304122113304141	0.8948854678350809	0.9825762398244084	0.8823529411764706	False	False	down
CCDC141	0.908	-0.4452210207789308	0.6309214798713534	0.9194242506157532	0.8823529411764706	False	False	down
CCDC144A	0.0022	-1.615481745859459	0.0317097867156641	0.3290039219429099	1.0	False	False	down
CCDC146	0.551	0.1423960508921657	0.4839208421377464	0.8659562562640434	1.0	False	False	up
CCDC148	0.3917	-0.367358595044609	0.1629235981049271	0.622114526143664	1.0	False	False	down
CCDC149	0.406	-0.2775978889875883	0.4499115880962387	0.8513656640211837	0.9411764705882352	False	False	down
CCDC152	0.3822	0.080046742640439	0.9321996436854744		0.7647058823529411	False	False	up
CCDC160	0.207	-0.9703684657012976	0.1704568096128383	0.6309254559069928	1.0	True	False	down
CCDC168	0.6554	-2.199443199894078	0.0209532255378065	0.2685605829769201	1.0	True	False	down
CCDC170	0.2736	-0.1220661068717222	0.8195950284977053	0.96711076939778	0.8235294117647058	False	False	down
CCDC173	0.2418	-0.6061190123076	0.1861205922408624	0.6527053579535713	1.0	True	False	down
CCDC175	0.907	-0.9109100598156384	0.2469552279068376	0.7188687730818869	1.0	False	False	down
CCDC178	0.4284	-0.6805544474202011	0.1379014450098172	0.5851686748834304	1.0	False	False	down
CCDC18	0.5591	0.3716220432898756	0.0814290325188245	0.4839154833411211	1.0	False	False	up
CCDC18-AS1	0.4382	-0.2554905483145091	0.4335055542785473	0.8446477383181402	0.9411764705882352	False	False	down
CCDC192	0.7904	0.8008030323886165	0.2059159958865272	0.6765893810168493	1.0	False	False	up
CCDC26	0.5272	2.368887150663684	0.0002975947412123	0.049543174380266	1.0	False	False	up
CCDC39	0.8189	0.5143893555442604	0.454691908486409	0.8513656640211837	1.0	False	False	up
CCDC40	0.3372	0.2199456584225896	0.6075802554950994	0.9139107453143704	0.9411764705882352	False	False	up
CCDC59	0.7818	-0.26061040861895	0.6326185892453156	0.9198682698979244	0.9411764705882352	False	False	down
CCDC60	0.9525	1.4120489123234603	0.1084463778046373	0.5357354348802404	1.0	False	False	up
CCDC73	0.5956	-0.3036343860041376	0.589877809449149	0.9073198593888638	0.9411764705882352	False	False	down
CCDC81	0.7816	-0.4119835305923437	0.5819391860017132		0.8235294117647058	False	False	down
CCDC85A	0.5172	-0.6970562073391431	0.0678042102848884	0.4519259384103501	1.0	False	False	down
CCL2	0.8978	-0.0872237611123473	0.905655720330734	0.9856431694000094	0.8823529411764706	False	False	down
CCL20	0.6078	0.6225689642518546	0.5278266092135703	0.882873759597998	0.9411764705882352	False	False	up
CCL28	0.3058	-0.0242707170857252	0.9745143304554256	0.9961924130086977	0.8823529411764706	False	False	down
CCN1	0.012	1.3022906613454852	0.1199615824170239	0.5535009107568305	1.0	False	False	up
CCN2	0.1952	-0.3169620685451883	0.6777803161249379	0.9317020633353053	0.8823529411764706	False	False	down
CCNB3	0.9161	-1.0115297325437491	0.2272646103570338		1.0	True	False	down
CCND2	0.0569	2.0496716415480027	0.0085948416965988	0.1836066528083475	1.0	False	False	up
CCND2-AS1	0.6228	0.7460086707080025	0.268061401004723	0.7444748003802794	1.0	False	False	up
CCND3	0.0436	0.0967012327822627	0.8202602492334083	0.9672746742001436	0.9411764705882352	False	False	up
CCNH	0.5886	0.3889727534017214	0.3639732159599793	0.804044471380814	0.9411764705882352	False	False	up
CCNJL	0.3222	-0.8808807000785163	0.2196796480877892	0.6923834804620201	1.0	False	False	down
CCNT2-AS1	0.3362	1.4542280465597992	0.0066033433343258	0.1679298520367349	1.0	False	False	up
CCSER1	0.229	-0.6882096596465531	0.1460491020406618	0.5973999598169055	1.0	False	False	down
CD109	0.7633	0.314755674413101	0.5278687244674403	0.882873759597998	1.0	False	False	up
CD22	0.5694	0.993561288522769	0.3730003297499549		0.8235294117647058	False	False	up
CD226	0.4854	0.301501152089397	0.5787154610884913	0.9032675046750056	0.9411764705882352	False	False	up
CD247	0.3432	2.723715318632092	0.0200165187337257		0.8235294117647058	False	False	up
CD36	0.683	-1.0014098691425757	0.3256478488430854		0.8235294117647058	False	False	down
CD44	0.0814	3.041651376759533	0.0008854939050618	0.0741513819234157	1.0	False	True	up
CD70	0.71	1.09912837250119	0.2591290425301934		0.8235294117647058	False	False	up
CD72	0.1168	-0.7333808876817396	0.0972535201472536	0.5146413668560521	1.0	False	False	down
CD74	0.1596	0.5859232864884276	0.7562688521332288	0.951173372142634	0.9411764705882352	False	False	up
CD81-AS1	0.3147	-0.3245965723439845	0.3896956966496357	0.8189245819227327	1.0	False	False	down
CD83	0.2066	1.0448338279561955	0.3592240790465505	0.8016246696808228	1.0	False	False	up
CD96	0.1266	2.315249772994303	0.0139670685072545	0.2241722094472308	1.0	False	False	up
CDADC1	0.563	-0.4099536818406554	0.0741604542088357	0.466865855561386	1.0	False	False	down
CDC37L1-DT	0.593	0.0417139324735675	0.9455940833590424		0.8823529411764706	False	False	up
CDCP1	0.6602	1.1509436188275337	0.0789177628364158	0.4768017736888411	1.0	False	False	up
CDH1	0.1688	-0.2997132320621203	0.4635429327865062	0.8564560602120649	0.9411764705882352	False	False	down
CDH2	0.2688	-0.1920224974336979	0.6081887021275622	0.9140732765664864	0.9411764705882352	False	False	down
CDH20	0.541	1.7642726930870338	0.0466690335653199	0.3833909420856933	0.9411764705882352	False	False	up
CDH22	0.3443	-0.5553960939585048	0.3457119222821819	0.7957632418324256	1.0	False	False	down
CDH26	0.636	-1.143613850172224	0.071493008733663	0.4602889038941637	1.0	False	False	down
CDH3	0.7698	-1.468951437645734	0.0797068673859119	0.4788905474306315	1.0	False	False	down
CDH4	0.5938	1.3179072459214534	0.0780230452060676	0.4755203789807055	1.0	False	False	up
CDH6	0.1223	0.0997025148309387	0.8781382263695395	0.978383100006086	0.8823529411764706	False	False	up
CDH9	0.0098	-1.3955000088989684	0.0150041588869635	0.2306339950127705	1.0	False	False	down
CDHR1	0.2942	-1.395130217146094	0.1928510175341971	0.6626581453502466	1.0	False	False	down
CDK19	0.6784	-0.2599492075693619	0.2345334836210635	0.7068591915428457	1.0	False	False	down
CDK6	0.1346	0.153906490964439	0.5588543408127029	0.8961697124042898	0.9411764705882352	False	False	up
CDKL2	0.2398	-0.8717695931838368	0.0663177795769425	0.448066710467266	1.0	False	False	down
CDKL3	0.7974	-0.1429382260571072	0.6547135684483355	0.9252497748886576	0.8823529411764706	False	False	down
CDKN1A	0.445	0.3934610259008593	0.5319396631443112	0.8846721537784383	0.9411764705882352	False	False	up
CDKN1C	0.3724	-0.6221414910323853	0.4635223317467435	0.8564560602120649	1.0	False	False	down
CDKN2B-AS1	0.8802	1.179665315201387	0.1505884621317275		0.8235294117647058	False	False	up
CDON	0.3932	-0.5716853983319725	0.2743021605614637	0.7495230241985321	1.0	False	False	down
CDR2	0.4364	-0.2360691551780191	0.4094857792285601	0.8307711898588398	0.9411764705882352	False	False	down
CDRT4	0.7134	-0.3502042183482418	0.1922970285871931	0.6614694896597711	1.0	False	False	down
CDS1	0.1782	-0.8351674346229614	0.0385959358367524	0.3569216636941057	1.0	False	False	down
CDYL2	0.8945	0.0776985986720492	0.8621012989058621	0.974416467702792	0.8823529411764706	False	False	up
CECR2	0.0472	-1.142376560557892	0.1395591091774218	0.5876382701589985	1.0	False	False	down
CELF2	0.3686	0.9709719115592852	0.0109921329509198	0.2058043047706962	1.0	False	False	up
CELF4	0.4926	0.9731199628446532	0.0875231979671573	0.495002749239099	1.0	False	False	up
CEMIP	0.7598	2.1734499446312543	0.0086190520806431	0.1836066528083475	1.0	False	False	up
CEMIP2	0.2254	0.7963283636096636	0.057779792208183	0.4204498939667985	1.0	False	False	up
CENPE	0.9468	0.1926011052766298	0.8089871232728113		0.9411764705882352	False	False	up
CENPF	0.3926	0.35019963119708	0.6713107668287701	0.929531177053957	1.0	False	False	up
CENPI	0.4585	0.4170128002540603	0.5380641482863002		0.9411764705882352	True	False	up
CENPK	0.7846	0.4020684058596218	0.603489546265932	0.912196965853536	0.9411764705882352	False	False	up
CENPN	0.7864	-0.8761093967660267	0.2521344066350204		0.8235294117647058	False	False	down
CENPP	0.4558	0.2854480901761138	0.2985403923290989	0.7678156414704679	0.9411764705882352	False	False	up
CENPQ	0.409	-0.4796645566943363	0.3151701094653486	0.7760113228541231	1.0	False	False	down
CENPU	0.8166	0.1475652904814753	0.876928720768856		0.8823529411764706	False	False	up
CEP126	0.4724	-0.1892521560072886	0.5834517217380548	0.904705773303642	0.9411764705882352	False	False	down
CEP128	0.3917	0.1317668235959129	0.5774015267168198	0.9032675046750056	0.9411764705882352	False	False	up
CEP70	0.108	0.0560082451191868	0.8346904034085425	0.9695256696792534	0.9411764705882352	False	False	up
CERCAM	0.7694	-1.44089521077073	0.0880406935106156	0.4965087884550614	1.0	False	False	down
CERKL	0.3194	0.0075692136289133	0.986503101282456	0.9982242906046592	0.7647058823529411	False	False	up
CERNA2	0.6942	1.1108294649227983	0.0736810163899334	0.4664525838732641	1.0	False	False	up
CERS3-AS1	0.7772	0.525488004313681	0.3637085737303123	0.8039608469042964	1.0	False	False	up
CFAP100	0.8442	-0.3653208651701688	0.755334211183482		0.9411764705882352	False	False	down
CFAP157	0.9322	0.3464643702770563	0.7126885097315406		0.9411764705882352	False	False	up
CFAP161	0.8548	-0.095118748571083	0.8617290389271755	0.974358246391402	0.8823529411764706	False	False	down
CFAP206	0.2004	-0.6645444629090463	0.0739978212050037	0.4664525838732641	1.0	False	False	down
CFAP221	0.1948	0.0941776948498905	0.6593116576932985	0.9270936013526614	0.5882352941176471	False	False	up
CFAP299	0.3644	-0.8280870786302575	0.0388912878444898	0.3575683378398102	1.0	False	False	down
CFAP300	0.3183	-1.1083223675693537	0.1287009618591419	0.571100838574712	1.0	False	False	down
CFAP43	0.4494	-1.0454368362030304	0.0073669289932589	0.1732990922818653	1.0	False	False	down
CFAP45	0.6968	-0.5678996967564074	0.5758151526769806	0.9026194372357356	0.8235294117647058	False	False	down
CFAP47	0.8392	0.1826332297056756	0.7723396544128163	0.9563547445804804	0.9411764705882352	True	False	up
CFAP52	0.8887	-0.0824398578284928	0.894636474514477	0.9825762398244084	0.8823529411764706	False	False	down
CFAP54	0.4786	-0.5462494071126892	0.3080845008518242	0.7719967362388817	0.8235294117647058	False	False	down
CFAP58	0.9776	-1.3459557560553	0.0785249304766121	0.4763027689509	1.0	False	False	down
CFAP61	0.3	-1.007149662612682	0.0515943534585753	0.3990639753603227	1.0	False	False	down
CFAP70	0.0576	-1.0527194059687457	0.0048546131705088	0.1426405264243151	1.0	False	False	down
CFAP77	0.5398	0.1062759545970134	0.8853813873524845	0.9804425568896856	0.7647058823529411	False	False	up
CFB	0.6334	-0.6718234977705683	0.1912210408823809	0.6589447344091303	1.0	False	False	down
CFH	0.1496	-0.3291096469148353	0.6599662414423579	0.9270936013526614	0.9411764705882352	False	False	down
CFTR	0.3286	0.7840463019188657	0.0317889351470131	0.3292744335803677	1.0	False	False	up
CGNL1	0.6082	-0.1814444115918932	0.6684738852329748	0.9295037110944796	0.9411764705882352	False	False	down
CHAF1B	0.4695	-0.6882525676988073	0.3734327156717508	0.8097813225754668	1.0	False	False	down
CHCHD5	0.6662	0.6105268550618997	0.6303202011037425		1.0	False	False	up
CHI3L1	0.9865	0.8381839814955213	0.4132858383168131		1.0	False	False	up
CHL1	0.1152	-0.1059865447055033	0.8371001845771007	0.9695256696792534	0.8823529411764706	False	False	down
CHL1-AS2	0.3411	-2.91765454189002	0.0187500247265367		1.0	False	False	down
CHN1	0.173	0.2310099596908515	0.475580914599629	0.8615772454768645	1.0	False	False	up
CHODL	0.6234	-0.4994004504434088	0.4230867305265552	0.8396138390975416	1.0	False	False	down
CHRDL1	0.4268	0.3647276960653757	0.5865702022620685	0.9061489823382394	0.9411764705882352	True	False	up
CHRM3-AS2	0.9134	0.6066254313644077	0.6436049697523077		0.8235294117647058	False	False	up
CHRM5	0.9923	1.4872608928260898	0.0095603305092894	0.1921183583270014	1.0	False	False	up
CHRNA4	0.4448	-0.5381937734991126	0.6017432069203259	0.912196965853536	0.9411764705882352	False	False	down
CHRNA7	0.4868	-0.2192999833606416	0.6478663571051935	0.9227605705747486	0.9411764705882352	False	False	down
CHST11	0.6518	1.1010237176431237	0.142734997107233	0.5915131566034546	1.0	False	False	up
CHST15	0.7132	-0.0953124995148605	0.8119715183691334	0.9661432457189232	0.8823529411764706	False	False	down
CHST7	0.9082	-0.2476354198434448	0.7956865200763128		0.8823529411764706	True	False	down
CHST9	0.1826	-0.4325017167162744	0.2633214860262513	0.7405896166171058	1.0	False	False	down
CHSY3	0.6818	-0.6234411246531237	0.2836822932699298	0.7570277352622727	1.0	False	False	down
CIITA	0.2566	-0.8135569379278769	0.1869221316616889	0.6539614426019714	1.0	False	False	down
CIT	0.247	-1.5834123531433792	0.0003147852237397	0.049543174380266	1.0	False	False	down
CITED2	0.0821	-1.7298906953863409	0.1512714613938282	0.6063604035977738	1.0	False	False	down
CLCA4-AS1	0.542	-0.1985130840027811	0.8165770637776952	0.966499092498877	0.8823529411764706	False	False	down
CLCNKA	0.011	-5.337967517875502	0.0117338985656461	0.2100424803923302	1.0	False	False	down
CLDN1	0.1386	1.7109165963757569	0.0024516641468469	0.1042133895273548	1.0	False	False	up
CLDN10	0.3204	0.0401343588935397	0.9337146898819068	0.9913791770311696	0.7647058823529411	False	False	up
CLDN10-AS1	0.3824	0.8402492029434133	0.2463866566943721	0.7185178791666668	1.0	False	False	up
CLDN14	0.144	-1.1507629805494086	0.4299799974418217	0.8424924855958874	1.0	False	False	down
CLDN16	0.3468	0.2048386797845798	0.7643408462145784	0.9541323190305544	0.9411764705882352	False	False	up
CLIC4	0.0122	-0.2745080095430573	0.294730610385195	0.7646924367953608	1.0	False	False	down
CLIC5	0.0724	-1.872532621652916	0.0028726837869912	0.1117996988340918	1.0	False	False	down
CLIC6	0.5051	0.6655971111278248	0.3885273395650795	0.8179107556201003	0.9411764705882352	False	False	up
CLIP2	0.4222	0.0339524148307783	0.9268841993529252	0.9901300180744204	0.6470588235294118	False	False	up
CLMN	0.5564	-0.0217266845856019	0.9453533122492456	0.9944106535450123	0.7647058823529411	False	False	down
CLMP	0.927	0.0970070503703752	0.8895244952854358	0.98180738380409	0.8235294117647058	False	False	up
CLNK	0.2523	-1.10055626928005	0.3159705804884619	0.7760113228541231	1.0	False	False	down
CLSPN	0.7402	0.4653408576696035	0.5573656631713761		0.8235294117647058	False	False	up
CLSTN2	0.4212	0.2826473249538942	0.6659234365766462	0.9292069046409658	0.9411764705882352	False	False	up
CLTRN	0.4842	-0.4328810969870799	0.4724356647976437	0.8601950396597055	1.0	True	False	down
CLU	0.006	0.5336605539675516	0.4468040129762448	0.8511455554604994	0.9411764705882352	False	False	up
CLVS1	0.5142	1.6476156682938876	0.0204002365217212	0.26511320589902	1.0	False	False	up
CMSS1	0.6294	0.4185518437668973	0.1427961369921961	0.5915131566034546	1.0	False	False	up
CMTM7	0.5748	0.750605888507892	0.0613197589972632	0.4303232742617631	1.0	False	False	up
CMTM8	0.5252	-0.2400143741324176	0.4865476892320142	0.8670319499334349	0.9411764705882352	False	False	down
CMYA5	0.0424	-0.8046561854770505	0.1243872334819668	0.5623118874238332	1.0	False	False	down
CNGA1	0.5508	0.0689121264299269	0.8908701284277389	0.98180738380409	0.7647058823529411	False	False	up
CNIH3	0.8108	-0.5898643861518822	0.0871536483474192	0.4949717490242764	1.0	False	False	down
CNKSR3	0.1576	-0.3559656093085084	0.1401299517666992	0.5886974618509864	1.0	False	False	down
CNNM1	0.9219	-0.5539273102051178	0.2825705531537169	0.7559539215868705	1.0	False	False	down
CNNM2	0.156	-0.9029389676317564	0.0099207845264047	0.1943314366062013	1.0	False	False	down
CNNM4	0.209	-0.8602411285377529	0.0643657329366512	0.4413735754605324	1.0	False	False	down
CNTD2	0.8078	-1.2343838870335833	0.2803331440924317		1.0	True	False	down
CNTN4	0.0292	-0.2911891326115275	0.4569467380230466	0.8528235832321767	1.0	False	False	down
CNTN4-AS2	0.9204	2.152790923999188	0.009751889388989	0.1933506039843824	1.0	False	False	up
CNTN5	0.2626	-1.86520025381982	0.0594428459206746	0.4256223190922091	1.0	False	False	down
CNTN6	0.4291	0.9264090676208332	0.0449598538978676	0.3776865832144969	1.0	False	False	up
CNTNAP2	0.0826	-1.1026750468180868	0.1148620597472736	0.5456410245643435	1.0	False	False	down
CNTNAP3	0.398	0.0696308115869528	0.9090204006854756	0.9864328570015264	0.7647058823529411	False	False	up
CNTNAP5	0.6812	-0.2690141086182086	0.7666055027513231	0.9549892375218632	0.8823529411764706	False	False	down
COBLL1	0.0806	-1.051120302716278	0.0883511214585693	0.4972068071399841	1.0	False	False	down
COL12A1	0.9289	-0.0657097568625942	0.8681210427828819	0.975020122077042	0.7647058823529411	False	False	down
COL14A1	0.1718	-1.5360550018151613	0.048909378278938	0.3925477338694457	1.0	False	False	down
COL19A1	0.6782	-0.7789463739636051	0.1406447830295817	0.5890818846464768	1.0	False	False	down
COL21A1	0.8284	-0.2931457350972232	0.7688789188211744	0.9557555355217148	0.7647058823529411	False	False	down
COL23A1	0.4514	0.4878879012050759	0.3502297243367315	0.7971311266369697	1.0	False	False	up
COL24A1	0.8372	-1.560684229710431	0.0762036019661961	0.472369176129986	1.0	False	False	down
COL25A1	0.6568	0.9179306461006048	0.0445053043550416	0.3762465032374619	1.0	False	False	up
COL26A1	0.6388	-1.480316647176291	0.1077551934995369	0.5349405370308208	1.0	False	False	down
COL28A1	0.5168	-0.2900595270453801	0.5067711059859801	0.8749018317427484	1.0	False	False	down
COL4A1	0.1336	-0.1065836337551119	0.7473319247097154	0.949324429880132	0.9411764705882352	False	False	down
COL4A2	0.2801	-0.0901274952739569	0.7030345511704752	0.9381860443066316	0.9411764705882352	False	False	down
COL4A3	0.368	-0.247944577065624	0.5192017290876643	0.8798138028300402	0.9411764705882352	False	False	down
COL4A4	0.2296	-0.1144633505588207	0.7313711730766705	0.9462290191368112	0.8823529411764706	False	False	down
COL4A5	0.1194	-1.003070827992056	0.1354457670212743	0.5802570617379602	1.0	True	False	down
COL4A6	0.289	-1.5253780340889167	0.0982961683592987	0.5159176587867377	1.0	True	False	down
COL5A1	0.5204	-0.7602560327875073	0.3361685499355267	0.786437131094214	1.0	False	False	down
COL5A2	0.184	-0.1973164804209277	0.5273850597578316	0.8828452151357051	1.0	False	False	down
COL6A2	0.4386	0.9397926107501966	0.1108592706876841	0.5393865879253996	1.0	False	False	up
COL6A3	0.5113	0.1232614282431869	0.9110668439481984		0.7647058823529411	False	False	up
COL7A1	0.5816	-1.5234989398977752	0.1298767393328724	0.5721947264646503	1.0	False	False	down
COL8A1	0.2286	0.9944854152041428	0.0973968114601913	0.5150902469789161	1.0	False	False	up
COLEC10	0.2934	0.0169123938664463	0.9652065211969564	0.9961904716946268	0.5882352941176471	False	False	up
COLEC12	0.5002	0.6811422954736328	0.1928820059892513	0.6626581453502466	1.0	False	False	up
COLGALT2	0.5482	0.5656557504993797	0.4711926327766749		1.0	False	False	up
COPG2	0.8104	-0.0189451268037089	0.922863063920042	0.9893592692048188	0.8235294117647058	False	False	down
COPZ2	0.571	-1.6670486622881726	0.0437145018073043		0.8235294117647058	False	False	down
CORIN	0.2842	-0.4252742910181432	0.54176748235028	0.8879375361572349	0.9411764705882352	False	False	down
CORO1C	0.8007	1.3600668250004195	0.0185628427648866	0.2526031422877172	1.0	False	False	up
CORO2B	0.9174	1.2737464645543166	0.0141861120899505	0.225236978823219	1.0	False	False	up
COTL1	0.5222	0.6597537031214683	0.2689227546378158	0.7454843458825702	1.0	False	False	up
COX10-AS1	0.577	0.3042946091870462	0.2360158073971001	0.7081647158368902	1.0	True	False	up
CP	0.4416	-0.1053588299294292	0.8785029137894953		0.8235294117647058	False	False	down
CPA6	0.9668	-0.9065321296746044	0.3514074939173415		0.8235294117647058	False	False	down
CPAMD8	0.4884	-3.628002914278877	0.0040659666000319	0.1320991351331981	1.0	False	False	down
CPB2-AS1	0.5932	-0.4615201607950337	0.5361919118185088	0.8860441581309024	0.9411764705882352	False	False	down
CPD	0.4684	0.5314809420931226	0.086970524301678	0.4949340333286267	1.0	False	False	up
CPE	0.3712	-2.143287708978316	0.1344107921303987	0.5778985573385724	1.0	False	False	down
CPEB1	0.9344	1.1339898297891848	0.0561963987376306	0.4150877538701897	1.0	False	False	up
CPEB2	0.0798	0.4981846898522011	0.196284079526136	0.6655064442879487	1.0	False	False	up
CPEB2-DT	0.4708	-0.1509179920313019	0.6204534044075527	0.9167514250884936	1.0	False	False	down
CPEB4	0.0236	-0.7939942271476311	0.0057642440054446	0.157585394912542	1.0	False	False	down
CPLX1	0.7433	-1.013397353007919	0.3192525256101887	0.7771896299728746	1.0	False	False	down
CPM	0.4918	0.546745424072906	0.3066535641674958	0.7716625853138634	1.0	False	False	up
CPNE4	0.8562	-0.5621910472749725	0.4647196662916283	0.8568572753202598	1.0	False	False	down
CPS1	0.9564	-0.0118901488296408	0.9744954046245116	0.9961924130086977	0.7647058823529411	False	False	down
CPVL	0.8506	-0.2447238119083949	0.6529637056321728	0.9243895439173192	0.9411764705882352	False	False	down
CR1	0.862	0.23107459304019	0.8061667899009779	0.9649078338233265	0.9411764705882352	False	False	up
CRB1	0.7931	-1.8329307605634435	0.0147106014966326	0.229367200925298	1.0	False	False	down
CREB5	0.2662	1.0753225629148857	0.0378391293780129	0.3530216055190964	1.0	False	False	up
CRIM1	0.5058	-0.1685928760051712	0.673589291709205	0.9309785696746962	1.0	False	False	down
CRISPLD1	0.0522	1.1176054719370665	0.1519452881847796	0.6073625596184611	1.0	False	False	up
CRISPLD2	0.7447	1.2282972772531733	0.0360659393476923	0.3471816948130731	1.0	False	False	up
CRLS1	0.626	-0.0929075503321375	0.7187352663210538	0.9424049032732192	0.9411764705882352	False	False	down
CRMP1	0.5472	1.2774739360673677	0.059091255457857	0.425168789269947	1.0	False	False	up
CRNDE	0.4102	-0.8493532187175958	0.297415065473556	0.7672392518133974	0.9411764705882352	False	False	down
CRPPA	0.4099	-0.0434698107168383	0.8739186165348387	0.9776771976738512	0.8235294117647058	False	False	down
CRPPA-AS1	0.9972	1.896715096404325	0.0202172261202073	0.2637952199304046	1.0	False	False	up
CRTAC1	0.8596	1.4182091966150236	0.2263695879992576		0.9411764705882352	False	False	up
CRTC3-AS1	0.8614	-0.0087217145474761	0.97828477963553	0.996669825520288	0.8235294117647058	False	False	down
CRY1	0.1094	0.1430395618123708	0.7909428202383908	0.96002704410723	0.8823529411764706	False	False	up
CRYAB	0.1864	0.8764845648026564	0.1793918539279417	0.6428739334867031	1.0	False	False	up
CSF1	0.8161	-0.9976027991772138	0.1513014709794049	0.6063604035977738	1.0	False	False	down
CSF2RA	0.7562	-1.6799187247191991	0.1691083499038338	0.6292502929065462	1.0	True	False	down
CSGALNACT1	0.0736	0.4215194405821861	0.5733451407679293	0.902159251795067	0.9411764705882352	False	False	up
CSRNP3	0.2477	-0.8775447153020868	0.0304452810804982	0.3227280121108501	1.0	False	False	down
CT69	0.3268	2.454807892267252	0.0101834748902142	0.1971210690691073	1.0	False	False	up
CTNNA3	0.0344	-1.0709069479529971	0.0091357055015901	0.1882006370788482	1.0	False	False	down
CTNNAL1	0.4048	0.8081128379563385	0.0411474939894081	0.3641375804538608	1.0	False	False	up
CTNND2	0.2796	-1.14293357654877	0.1116504873177927	0.5401261685593448	1.0	False	False	down
CTSB	0.715	0.3567503334300919	0.6083307116716075	0.9140732765664864	1.0	False	False	up
CTTNBP2	0.3323	-0.2323918484976782	0.6256865299902149	0.9182165089465264	0.9411764705882352	False	False	down
CTXND1	0.3472	-0.7392580025012792	0.2346880732162052	0.7071555689076447	1.0	False	False	down
CUBN	0.017	0.0130115097083955	0.981778511273814	0.9969867842539591	0.7058823529411765	False	False	up
CWH43	0.4126	-1.98632302223615	0.0056812552883722	0.156049377101471	1.0	False	False	down
CX3CL1	0.4556	-0.8428075635998505	0.0662425908841279	0.448066710467266	1.0	False	False	down
CXCL1	0.1448	-0.0219025532994668	0.9794911893140076	0.9966887843469237	0.6470588235294118	False	False	down
CXCL12	0.7896	-0.4932642911876572	0.5554524251683209	0.8943263040315177	0.9411764705882352	False	False	down
CXCL13	0.6936	-0.5791539128943344	0.6410942749769941		1.0	False	False	down
CXCL14	0.1695	-0.9957070810136102	0.4713391344820841	0.8599315783392678	1.0	False	False	down
CXCL2	0.4423	0.3983748473900335	0.6329853681948605	0.9198682698979244	0.9411764705882352	False	False	up
CXCL3	0.9154	0.1645159871130009	0.8975978842641716	0.983328027026826	0.7647058823529411	False	False	up
CXCL6	0.7523	-0.7156731655070757	0.5920431521078988		1.0	False	False	down
CXCL8	0.4718	0.4723825332760366	0.8185128891855153		0.8235294117647058	False	False	up
CXXC4	0.6494	-0.2511580129883338	0.7796703176104175	0.9571317544545264	0.8235294117647058	False	False	down
CXXC4-AS1	0.447	1.179071055899481	0.1169722477839789	0.5482863524211591	1.0	False	False	up
CXorf21	0.8394	0.6469552433290403	0.5675729177407915		0.8235294117647058	True	False	up
CYBRD1	0.7184	-0.7621585590118622	0.291975576686605	0.7626406020149054	1.0	False	False	down
CYP1B1	0.8784	0.2601788715805634	0.6979021739380371	0.9372823278040624	0.9411764705882352	False	False	up
CYP1B1-AS1	0.1524	-0.9846513457709296	0.0351466992365071	0.3445428392902114	1.0	False	False	down
CYP24A1	0.7276	-0.1922702926647458	0.8355839976159577	0.9695256696792534	0.8235294117647058	False	False	down
CYP2B6	0.2778	-1.7498124467008325	0.0941643131033151	0.5091570548468007	1.0	False	False	down
CYP2C8	0.649	0.353419767557702	0.6793801975355345	0.9317020633353053	0.9411764705882352	False	False	up
CYP2C9	0.6724	0.4006079490770253	0.631175338429802	0.9194242506157532	0.9411764705882352	False	False	up
CYP39A1	0.2494	-1.0542034681174255	0.0778427500443629	0.4750436752810733	1.0	False	False	down
CYP3A5	0.0788	0.5507155616558495	0.4325467106223492	0.8445941198940495	1.0	False	False	up
CYP46A1	0.3262	-0.1260414129703186	0.7476883969707524	0.949324429880132	0.8823529411764706	False	False	down
CYP4A11	0.2964	-0.6968711961496223	0.4621567706592964	0.8556279506803552	1.0	False	False	down
CYP4A22-AS1	0.309	-0.0486556871669699	0.9300039448943636	0.9909029374108396	0.7647058823529411	False	False	down
CYP4F3	0.1383	-0.3719508308540047	0.6871478656017316	0.9335388245026748	0.9411764705882352	False	False	down
CYP7B1	0.6822	0.1389427834347128	0.6069275677530892	0.9134879208528638	0.9411764705882352	False	False	up
CYS1	0.2461	-0.6746225270019295	0.1248445599674455	0.5635820742517148	1.0	False	False	down
CYSLTR2	0.05	-2.0975888949382995	0.0497956741602374	0.3945419771231062	1.0	False	False	down
CYTOR	0.381	1.6829428502522614	0.0003886575851572	0.0532533883358906	1.0	False	False	up
CYYR1	0.1946	-0.2579308296122077	0.6403228028105317	0.9218879935412656	0.8823529411764706	False	False	down
DAB1	0.111	-0.529536970158001	0.0967537301849299	0.5135363512874114	1.0	False	False	down
DAB2IP	0.3198	-0.0611776448936119	0.8432784956780385	0.9714389687618292	0.8235294117647058	False	False	down
DACH1	0.2045	-0.4653211363748954	0.6338706035734214	0.919948739569498	0.9411764705882352	False	False	down
DACH2	0.9388	-0.8554861106955459	0.4384605530214548	0.8478360195420108	0.9411764705882352	True	False	down
DAPK1	0.29	-0.4709022065867977	0.1388082590422064	0.5863509059158781	1.0	False	False	down
DAPK2	0.3748	0.1762302473639688	0.7240571920995649	0.9435846186556728	0.8823529411764706	False	False	up
DCBLD2	0.3584	0.687239754329674	0.0166235649881336	0.2401543423848887	1.0	False	False	up
DCC	0.0102	0.2456035019705704	0.7875317981285136	0.959109232372707	0.9411764705882352	False	False	up
DCDC1	0.5294	-0.356258718425661	0.1378614069152019	0.5851686748834304	1.0	False	False	down
DCDC2	0.1099	0.3540041453332425	0.2998059042890483	0.7684053004492675	0.9411764705882352	False	False	up
DCHS2	0.3208	2.867102283807412	1.618361393200957e-05	0.0144094398619678	1.0	False	False	up
DCLK1	0.2636	1.6379447225041752	0.0078044844749657	0.1768779149388133	1.0	False	False	up
DDB2	0.3598	-0.1694639978434535	0.5775166944166468	0.9032675046750056	0.9411764705882352	False	False	down
DDIT4	0.3476	2.541798376771061	0.03510685663687	0.3445428392902114	1.0	False	False	up
DDX11-AS1	0.4214	0.8840208912659052	0.0356457010852758	0.3468166827228355	1.0	False	False	up
DDX43	0.1974	-0.3464495541284246	0.7122598879074831	0.941054980113967	0.9411764705882352	False	False	down
DDX59-AS1	0.2822	-0.0215497094153143	0.9809396298731976		0.7058823529411765	False	False	down
DEC1	0.3399	1.7521911070521188	0.012158302699408	0.2132401484141131	1.0	True	False	up
DEFB1	0.21	-0.8682304811157951	0.5387636403659433	0.8876150165861555	1.0	False	False	down
DENND2A	0.1754	-1.4209230529499088	0.1000860885256963	0.5192049537919776	1.0	False	False	down
DENND2C	0.7716	0.242454114888428	0.5001495440699171	0.872091121692593	0.9411764705882352	False	False	up
DENND5A	0.16	-0.0970738847982055	0.750554210020208	0.9494855461323825	0.8235294117647058	False	False	down
DEPDC1B	0.2348	-1.4090106629245935	0.2049593203867078	0.6757948923566501	1.0	False	False	down
DEPTOR	0.175	-1.3270912830638053	0.0244276764203424	0.2877861239617021	1.0	False	False	down
DEUP1	0.948	0.0745278710440789	0.915001809850472	0.9878059387078102	0.7647058823529411	False	False	up
DGCR9	0.5602	0.1929485707562605	0.7572697518592224	0.951692979766366	0.8823529411764706	True	False	up
DGKB	0.8013	-0.4861952111253983	0.3160636710639752	0.7760113228541231	1.0	False	False	down
DGKG	0.1269	-0.0324315157266689	0.962283799704499	0.9951658358382964	0.7647058823529411	False	False	down
DGKH	0.317	0.3902187931253177	0.2188048984226918	0.6918268492464531	1.0	False	False	up
DGKI	0.2502	0.2970943724406235	0.5786036100367007	0.9032675046750056	1.0	False	False	up
DHRS3	0.2644	-0.1745227190143619	0.693600343074905	0.9364088769659812	0.9411764705882352	False	False	down
DHRS7B	0.4108	-0.2432801409692877	0.3245428518100089	0.7810421054328002	1.0	False	False	down
DIAPH2-AS1	0.9914	1.923589955910408	0.0151900431727741	0.2306339950127705	1.0	True	False	up
DIAPH3	0.4026	0.058546936155672	0.9301560516705648	0.9909029374108396	0.6470588235294118	False	False	up
DIO2	0.6084	-0.0687694577078907	0.9003074036392242	0.9844935939860204	0.8823529411764706	False	False	down
DIPK1A	0.3264	-0.0679164588009035	0.8387834427261189	0.9695256696792534	0.8823529411764706	False	False	down
DIPK2A	0.5538	-0.8867493436613326	0.134376484930568	0.5778985573385724	1.0	False	False	down
DIRC3	0.0284	-1.0514562385548394	0.0173205799445515	0.2433129087448908	1.0	False	False	down
DISC1	0.7536	0.0918795982120631	0.755616260463862	0.9510052937112526	0.9411764705882352	False	False	up
DISC1FP1	0.4402	-0.4050970168890458	0.6323496190072927	0.9198682698979244	0.9411764705882352	False	False	down
DISP1	0.4172	0.0020302600653748	0.9944622338851784	0.999037236145664	0.5882352941176471	False	False	up
DKK2	0.3272	-1.3493935986331271	0.1506123799731807		0.8235294117647058	False	False	down
DKK3	0.8881	1.202915324174221	0.1484057815212699	0.601687371605116	0.9411764705882352	False	False	up
DLC1	0.0309	1.576661093860657	0.0008797166687275	0.0741513819234157	1.0	False	True	up
DLEC1	0.4654	-0.1880507275578196	0.7759175092952791	0.9565839754905506	0.8823529411764706	False	False	down
DLEU1	0.044	0.8049279273402795	0.0672738309711952	0.4500504656646987	1.0	False	False	up
DLEU2	0.6001	-0.0039356001251349	0.991179203169214	0.9989334947898728	0.8235294117647058	False	False	down
DLEU7	0.8069	1.5994695341268057	0.0651233616939361	0.4442967553124688	0.9411764705882352	False	False	up
DLG2	0.2346	-0.0109814856570614	0.9607469071993968	0.995163193386602	0.8235294117647058	False	False	down
DLGAP1	0.056	0.8063821183770556	0.2275730282244792	0.6998961981465948	1.0	False	False	up
DLGAP1-AS3	0.2444	-0.5567505069505061	0.5681648482345418	0.9001537606293761	0.9411764705882352	False	False	down
DMRT2	0.4189	-1.7951061315758838	0.1987706649663954	0.6675738208304399	1.0	False	False	down
DNAH10	0.615	-0.464786542561624	0.5053506377635182	0.8744629172937463	1.0	False	False	down
DNAH11	0.1521	-0.8264065175530618	0.4753471080529307	0.8615772454768645	0.9411764705882352	False	False	down
DNAH12	0.2342	-4.794687056810797	4.734528918107831e-05	0.0195870764545148	1.0	False	False	down
DNAH17	0.5303	-0.3777576102547224	0.6853786070125862	0.933001746668276	0.8235294117647058	False	False	down
DNAH5	0.4262	0.0030115457919188	0.9942705111234562	0.999037236145664	0.5294117647058824	False	False	up
DNAH6	0.1096	-0.3084266569713939	0.4197655605503935	0.8364687946660773	1.0	False	False	down
DNAH9	0.5906	-0.2591042001255911	0.5996972735458039	0.9110654840663928	0.9411764705882352	False	False	down
DNAI1	0.6948	-0.9618688617824152	0.0389775004319379	0.3575683378398102	1.0	False	False	down
DNAJA4	0.386	0.373964022760813	0.6216819656877002	0.9172079323378396	1.0	False	False	up
DNAJB1	0.7542	1.9320003142420883	0.32799344386453	0.7815719619562997	1.0	False	False	up
DNAJB7	0.4572	-0.3005106156897945	0.7922166724128462		0.7647058823529411	False	False	down
DNAJC12	0.2736	-0.9957689973390628	0.1750311534950149	0.6384995708839353	1.0	False	False	down
DNAJC15	0.0486	-0.2994506040613106	0.2670031349002342	0.743149268383673	1.0	False	False	down
DNAJC27-AS1	0.6238	-1.1148574346200286	0.0563127407590341	0.4150877538701897	1.0	False	False	down
DNAJC6	0.485	-0.2107599584896851	0.6898000717115154	0.9350137790692664	0.9411764705882352	False	False	down
DNER	0.1186	1.046586138119064	0.2339062449818074	0.7064937353433756	1.0	False	False	up
DNM3	0.3996	-0.9449977289634572	0.0624170504286241	0.4342695725576443	1.0	False	False	down
DNMT3B	0.855	0.1228961955597396	0.8074848462344597	0.9654212111500592	0.8823529411764706	False	False	up
DOCK10	0.2658	1.2815879023932375	0.106888528760785	0.5331774769095633	0.9411764705882352	False	False	up
DOCK11	0.2264	-0.6049289328168953	0.1556591670884797	0.6122782602960534	1.0	True	False	down
DOCK3	0.3466	0.0688082843979662	0.9213689173093064	0.9893539766826128	0.6470588235294118	False	False	up
DOCK4	0.3618	-0.1530217928763725	0.6217931007140349	0.9172079323378396	0.9411764705882352	False	False	down
DOCK8	0.722	-0.4127448511268747	0.1209501199330638	0.5554216279616102	1.0	False	False	down
DOK5	0.5054	0.263416229790784	0.6316216581866465	0.9194242506157532	0.9411764705882352	False	False	up
DOK6	0.1392	-0.6885931085369428	0.2676374906727673	0.7435775075199318	1.0	False	False	down
DOLPP1	0.282	-1.869892229021391	0.1164821693080391		1.0	False	False	down
DPH6	0.3157	0.0424964569934892	0.8715416970331624	0.976666810162815	0.8823529411764706	False	False	up
DPH6-DT	0.0266	-0.9542492220178956	0.0045903594122671	0.138745494530616	1.0	False	False	down
DPP10	0.2694	-1.1923342833440929	0.0497332201191945	0.3945419771231062	1.0	False	False	down
DPP4	0.9102	0.5295210043170439	0.3162250305906644	0.7760113228541231	0.9411764705882352	False	False	up
DPP6	0.0166	-0.6867832673912925	0.3321710816285231	0.7835003296181506	1.0	False	False	down
DPYS	0.322	-0.3175542933750985	0.6830080089146795	0.9324176761626952	0.9411764705882352	False	False	down
DPYSL2	0.3127	0.2961221139917427	0.2597019417022923	0.7359469049200408	1.0	False	False	up
DRAIC	0.3488	-1.1027961033963378	0.1189427949999519	0.5506610879627407	1.0	False	False	down
DRC1	0.5459	-0.8858390197379901	0.386301764984187	0.8169105424396786	0.9411764705882352	False	False	down
DSCAML1	0.0232	0.1227164216203563	0.7584730403347112	0.9520447064026032	0.8823529411764706	False	False	up
DSCAS	0.8666	-0.6271028584254209	0.4469724833310708		0.8235294117647058	False	False	down
DSE	0.095	-0.2876503452479713	0.2107697146001228	0.6812127068151941	1.0	False	False	down
DTL	0.7507	0.758961890002122	0.5335632657078833		0.8235294117647058	False	False	up
DTNA	0.491	0.930390252312779	0.0450700926798812	0.3776865832144969	1.0	False	False	up
DUSP1	0.0172	0.7506052964899633	0.3621398769926673	0.8023979548808537	1.0	False	False	up
DUSP10	0.1482	1.3324313359163378	0.0134792042120154	0.22214330963936	1.0	False	False	up
DUSP16	0.498	-0.0690759774886288	0.8061026008386738	0.9649078338233265	0.8823529411764706	False	False	down
DUSP19	0.9201	-0.7377040930291149	0.3463976313334993		0.8235294117647058	False	False	down
DUSP5	0.7828	0.9338557829103096	0.1695930254997064	0.6298190801921854	1.0	False	False	up
DYNC1I1	0.7094	-0.588364010287431	0.4584919241187687	0.8539911454415758	1.0	False	False	down
DYNC2LI1	0.2302	-0.2196464058881027	0.5047955883344448	0.8741783926380474	1.0	False	False	down
DYSF	0.6252	0.9552604368229088	0.1194543330504915	0.5518169159081584	1.0	False	False	up
DZIP1	0.1488	-0.2006345890156787	0.6489569889465332	0.9228909641954024	0.8823529411764706	False	False	down
DZIP3	0.328	-0.6711024211311674	0.0686328108039927	0.4541429447260879	1.0	False	False	down
EAF2	0.1682	-0.9174146706759596	0.0508200572985068	0.3978612298447666	1.0	False	False	down
EBF1	0.203	0.0573244267447898	0.9379991628609908	0.9925027010186236	0.7058823529411765	False	False	up
EBF4	0.2064	-0.7958370038886842	0.0243015917813785	0.2872563097561605	1.0	False	False	down
EBNA1BP2	0.1146	-0.1265880005722683	0.7876204584043879	0.959109232372707	0.8823529411764706	False	False	down
ECT2	0.7262	0.2451206403480735	0.5482593380937366	0.890521444431518	1.0	False	False	up
ECT2L	0.7048	-0.1839707189647247	0.801769087282441	0.963552756714555	0.8235294117647058	False	False	down
EDA	0.4032	-0.2839252280360275	0.3377776635757734	0.787702851817021	1.0	True	False	down
EDAR	0.589	0.24930593702828	0.6174414196200876	0.916039120840504	0.9411764705882352	False	False	up
EDIL3	0.2875	-0.8525937830276847	0.3848192910965714	0.8159037544811639	0.9411764705882352	False	False	down
EDN1	0.1182	0.2667391001802178	0.6716466522385203	0.9297783313484912	0.9411764705882352	False	False	up
EDN2	0.3201	0.2932889897009341	0.7522833468824869	0.9497714085865516	0.9411764705882352	False	False	up
EEF1A1	0.0366	0.6439923348591583	0.6372490885825428	0.9211100239498224	0.9411764705882352	False	False	up
EEF1AKMT1	0.402	-0.4471376122669453	0.1789937980082645	0.6428739334867031	1.0	False	False	down
EEPD1	0.5048	0.5352896071603876	0.2653036188661717	0.7423823015131309	1.0	False	False	up
EFCAB11	0.9326	-0.0550604030573107	0.8114868033662924	0.9661432457189232	1.0	False	False	down
EFCAB13	0.524	-0.0117315003788655	0.9712504865862316	0.9961924130086977	0.8235294117647058	False	False	down
EFCAB2	0.2122	-0.135274692408088	0.7066705058807623	0.9396031018814276	0.9411764705882352	True	False	down
EFCAB5	0.878	0.1960040857496859	0.6713420765529359	0.929531177053957	0.9411764705882352	False	False	up
EFEMP1	0.7902	-0.1174223992001163	0.7764127320308958	0.9565839754905506	0.8823529411764706	False	False	down
EFHC2	0.8578	-0.6170074423743684	0.239175299699643	0.7128335966014301	1.0	True	False	down
EFHD1	0.2816	-1.6060134803399222	0.0021540475793556	0.0997697871884628	1.0	False	False	down
EFNA5	0.1038	0.456330296755517	0.4743473569031928	0.8615772454768645	0.9411764705882352	False	False	up
EFNB2	0.9056	0.0489484386066799	0.929456128711402	0.9907869207832471	0.7647058823529411	False	False	up
EFR3B	0.8752	-1.310063855499755	0.0777803153409681	0.4748591271851324	1.0	False	False	down
EGF	0.0048	-1.8456713007958296	0.2556728022446365	0.7294340102724155	1.0	False	False	down
EGFL7	0.0134	-3.792622041861881	0.0313181361586947		1.0	False	False	down
EGFLAM	0.7493	-0.2462990327916819	0.7745628425521961	0.9565839754905506	0.8823529411764706	False	False	down
EGFR	0.6904	0.1415534887993897	0.7106712215195743	0.941054980113967	0.9411764705882352	False	False	up
EGFR-AS1	0.9444	2.70380479716818	0.0057794678367324		1.0	False	False	up
EGLN1	0.2486	0.083757139097578	0.7834422011263866	0.9580950268200328	0.9411764705882352	False	False	up
EGLN3	0.5444	0.2528060331961245	0.5782849926376572	0.9032675046750056	0.9411764705882352	False	False	up
EGOT	0.047	-0.9846463928488596	0.0610953767437456	0.4301638602389678	1.0	False	False	down
EGR1	0.039	-1.2610055768520043	0.2081613459490238	0.6777880469642608	1.0	False	False	down
EHF	0.4946	-1.8573855744554064	0.2396930395023271	0.7136029920051478	0.9411764705882352	False	False	down
EIF1	0.0782	-0.0869705346133204	0.9471323953175772	0.9945367494316568	0.7647058823529411	False	False	down
EIF1B-AS1	0.5175	-0.1851108400943761	0.5112851921225983	0.8768856319645209	1.0	True	False	down
EIF2AK3	0.2033	0.2021188567739169	0.594410469294386	0.9085702488689325	0.9411764705882352	False	False	up
ELF3	0.1046	0.2733344960761007	0.6473946149316561	0.9227605705747486	0.9411764705882352	False	False	up
ELL2	0.8556	0.2504481868509166	0.4524373190829579	0.8513656640211837	1.0	False	False	up
ELMO1	0.1646	0.5180178742392358	0.3283814027456879	0.7815719619562997	0.9411764705882352	False	False	up
ELMOD1	0.5705	-2.777036994354435	0.004979166791776	0.1434589397024877	1.0	False	False	down
ELN	0.982	0.632908275502654	0.3620121748610099	0.8023560599849581	1.0	False	False	up
ELOVL5	0.8247	0.117837341045313	0.7481608980775606	0.9493610845357896	0.8823529411764706	False	False	up
ELOVL6	0.3682	-0.2776867334094355	0.2659046478143322	0.7428207491025378	1.0	False	False	down
ELOVL7	0.0603	-0.3860252695975951	0.2119184382821249	0.6821579600572456	1.0	False	False	down
EMCN	0.6278	-0.1145883918283635	0.9034050967597862	0.985374929912508	0.8823529411764706	False	False	down
EML5	0.3658	-0.2965896665242564	0.4827044019490059	0.8651170355562542	1.0	False	False	down
EML6	0.315	-1.1607072216499692	0.0297845771092514	0.3195454559418898	1.0	False	False	down
EMP1	0.7923	-0.77867101494197	0.5367585298380879	0.8863124729161569	0.9411764705882352	False	False	down
EMP2	0.3828	-0.5877722434865688	0.5197197626918337	0.8798138028300402	0.9411764705882352	False	False	down
EMX2OS	0.7366	0.2218025214618589	0.3454319884689535	0.7956138326485427	1.0	False	False	up
ENAH	0.7338	0.595856969956556	0.1058747808516525	0.5305748818880661	1.0	False	False	up
ENC1	0.8013	-0.8605202635544044	0.1955543414629087	0.6655064442879487	1.0	False	False	down
ENKUR	0.8568	0.3135674708394941	0.6707916779321701		0.9411764705882352	False	False	up
ENOX1	0.3556	-0.0974766236831036	0.8746526670429496	0.9778283449491288	0.8235294117647058	False	False	down
ENOX2	0.4876	0.1026969400140404	0.7285943034192466	0.9452692387574886	0.9411764705882352	True	False	up
ENPEP	0.2262	0.1130941961133501	0.8479456320080907	0.9721143885897664	0.8823529411764706	False	False	up
ENPP1	0.753	0.5668373507461028	0.1002139788208282	0.5192049537919776	1.0	False	False	up
ENPP2	0.3921	-0.6931618734178353	0.0811608505923763	0.4829054240571002	1.0	False	False	down
ENPP3	0.5366	0.1695394977498027	0.7118255251971285	0.941054980113967	0.8823529411764706	False	False	up
ENPP6	0.5832	-0.634404726575008	0.3135375232502648	0.7759211381337228	1.0	False	False	down
ENPP7	0.2327	-0.6255695244886766	0.62848020869379		0.8235294117647058	False	False	down
ENTPD1	0.6473	1.1418083470187907	0.1490623371067841	0.6025689243258175	0.9411764705882352	False	False	up
ENTPD1-AS1	0.4276	-0.0105767892221449	0.9659426444814224	0.9961904716946268	0.7647058823529411	False	False	down
ENTPD3-AS1	0.3084	-1.147774216342498	0.036575027059042	0.3485023573132236	1.0	False	False	down
EPAS1	0.5418	0.8066110206551462	0.1320789984360068	0.5751197126992827	1.0	False	False	up
EPB41L2	0.758	-0.011643469933272	0.9724362687784648	0.9961924130086977	0.7647058823529411	False	False	down
EPB41L3	0.1643	0.6081764467449317	0.269581889550439	0.7459626049970912	1.0	False	False	up
EPB41L4B	0.0858	-3.373411455676397	0.0004075862404548	0.0541612346550326	1.0	False	True	down
EPHA3	0.804	-0.4585695035034853	0.5015107084907154	0.8726542696828921	0.9411764705882352	False	False	down
EPHA4	0.162	-2.009975984025516	0.0133220004222462	0.2207272391184638	1.0	False	False	down
EPHA6	0.0412	-0.6110124728430476	0.4136661667607963	0.8340043684693476	1.0	False	False	down
EPHA7	0.2724	-0.5180480192955136	0.3193862382250197	0.7772557356573242	1.0	False	False	down
EPHB1	0.6775	0.877229257433178	0.0094697244356431	0.1915880579537608	1.0	False	False	up
EPHB2	0.5224	-0.6713656716689529	0.3594896256194553	0.8016246696808228	0.9411764705882352	False	False	down
EPM2A	0.288	-0.2118014617866035	0.4718269189889243	0.8600691187635999	1.0	False	False	down
EPS8	0.2244	0.2740345029129413	0.4404113779520542	0.8487031801200434	1.0	False	False	up
EPSTI1	0.2116	-0.7970750657128253	0.0468463829501087	0.3843994478111775	1.0	False	False	down
ERBB4	0.1044	-0.0797590493274585	0.8977103806958847	0.983328027026826	0.7058823529411765	False	False	down
ERC2	0.3173	0.201022943834996	0.4050329353066721	0.8280210654952606	0.9411764705882352	False	False	up
EREG	0.8444	0.6105714712453235	0.7411227988625333		0.7647058823529411	False	False	up
ERFE	0.9858	2.3900598133098487	0.0117234973220327		1.0	False	False	up
ERG	0.2808	-1.4222409364838895	0.0430979232708237	0.3713168038812208	1.0	False	False	down
ERI2	0.4784	0.6808631595144421	0.0507508653310867	0.3978612298447666	1.0	False	False	up
ERICH3	0.896	-0.9979217635144944	0.4455521885714348		1.0	False	False	down
ERICH6	0.8846	-0.5144461139799609	0.2733093192037589	0.7487961563795543	1.0	False	False	down
ERMP1	0.2726	-0.7444159654086583	0.1929884892356601	0.6626581453502466	0.9411764705882352	False	False	down
ERRFI1	0.0296	0.7135810693666566	0.2328180710118715	0.7055817849650926	1.0	False	False	up
ERVH-1	0.6734	0.8433278342599838	0.2623443666694093		1.0	False	False	up
ERVMER61-1	0.7146	-0.3560757528813953	0.3383769992787916	0.7882221301978747	1.0	False	False	down
ESR1	0.6176	-0.0226277942994216	0.9631088191171776	0.9953717485697804	0.7647058823529411	False	False	down
ESR2	0.2421	1.6806465264463315	0.0221187088363884	0.2744611583762609	1.0	False	False	up
ESRP1	0.0978	-1.2180220669629398	0.1073977467578257	0.5342720960127927	1.0	False	False	down
ESRRB	0.3414	-0.3998308154927862	0.6759685273924881	0.9313708956103488	0.9411764705882352	False	False	down
ESRRG	0.2433	-0.7449716621779554	0.0819499792048116	0.485251783729816	1.0	False	False	down
ETS1	0.1118	1.581364935060085	0.0091941728652971	0.1891409341187345	0.9411764705882352	False	False	up
ETV1	0.4092	0.047898313134795	0.953341700537498	0.9946677306023096	0.7058823529411765	False	False	up
EVA1A	0.461	0.6866297435754861	0.1293543726888524	0.5714341860298777	1.0	False	False	up
EVA1C	0.4932	0.3129919285302186	0.2146872023560366	0.686161697670973	0.9411764705882352	False	False	up
EVC	0.533	0.1924806645853111	0.3112278528664162	0.7735304369732807	0.5882352941176471	False	False	up
EXPH5	0.1418	-0.7593910419126255	0.0558888925434268	0.4144051309521587	1.0	False	False	down
EXT1	0.1692	0.1288473762894198	0.6355862190984829	0.9210159536813944	0.9411764705882352	False	False	up
EYA1	0.4042	-1.931413530351468	0.0165417741294389	0.2396769827202599	1.0	False	False	down
EYA2	0.2792	-0.3049831503114847	0.5813845502339355	0.9040445291286796	1.0	False	False	down
EZH2	0.8174	0.3070869346661483	0.4714378461529551	0.8599315783392678	1.0	False	False	up
EZR	0.2488	0.4205234324832871	0.1519953305373036	0.6073625596184611	0.9411764705882352	False	False	up
F11-AS1	0.8278	-0.983773778362394	0.1680248791940348	0.6274210156741926	1.0	False	False	down
F13A1	0.4034	0.4297158802171296	0.6031211462785218	0.912196965853536	0.9411764705882352	False	False	up
F3	0.5469	0.4104301238294792	0.6847116508716751	0.9329789238205272	0.9411764705882352	False	False	up
F5	0.6168	-0.1348223373984612	0.8540679613993831	0.972567744479894	0.8823529411764706	False	False	down
F8	0.788	-0.4298839178253313	0.2215161523756131	0.6949246788673196	1.0	True	False	down
FA2H	0.8795	0.569598566479943	0.2897022455041584	0.7618484975741323	0.9411764705882352	False	False	up
FABP3	0.8032	1.6730174576723662	0.1021884625988816	0.5226351675913674	1.0	False	False	up
FADS2	0.7355	-1.1240907605065895	0.155705474872576	0.6122782602960534	1.0	False	False	down
FAM102A	0.6054	1.741205580206597	0.0018109811319312	0.0947044685433151	0.9411764705882352	True	False	up
FAM102B	0.3924	-0.4223031049816713	0.2458222206664193	0.7181766725046166	1.0	True	False	down
FAM107B	0.1468	0.3682173764159002	0.2805554255603978	0.7542641102247498	1.0	False	False	up
FAM110B	0.0692	-0.1580558620203502	0.6395421058778366	0.9214921417312693	1.0	False	False	down
FAM117B	0.6406	-0.3777104033049028	0.1953289284146505	0.6655064442879487	1.0	False	False	down
FAM135B	0.0834	0.254135321977714	0.7214435736530748	0.9428759374469244	1.0	False	False	up
FAM151B	0.3374	-0.1261491992626932	0.6895508918894553	0.9350137790692664	0.9411764705882352	False	False	down
FAM155A	0.0334	1.5005535107349266	0.0536801197435135	0.4058338114899152	1.0	True	False	up
FAM167A	0.7153	-1.5617360957700572	0.1174664723191474		0.8235294117647058	False	False	down
FAM169A	0.302	0.1056263539676148	0.8644715646599216	0.9747812091944448	0.8235294117647058	False	False	up
FAM169B	0.4562	-0.6847287420183445	0.2725953628470567	0.7484941816551082	1.0	True	False	down
FAM171A1	0.4016	-0.0067228171560793	0.9855583810843128	0.9979492173879536	0.7647058823529411	False	False	down
FAM171B	0.6647	-0.6140814217215484	0.5293469802478392		0.8235294117647058	False	False	down
FAM174B	0.7604	-0.0970440423924766	0.7202961406654157	0.9424614632143068	0.8823529411764706	False	False	down
FAM184A	0.2994	-0.8834641214745297	0.0065961103441831	0.1679298520367349	1.0	False	False	down
FAM189A1	0.1512	0.1836365095660908	0.7117728138134582	0.941054980113967	0.9411764705882352	True	False	up
FAM189A2	0.708	-0.2380092483168931	0.7194546069240477	0.9424049032732192	0.8823529411764706	True	False	down
FAM20A	0.1172	-0.8094944812536587	0.2219608684457792	0.6951003841985655	1.0	False	False	down
FAM20C	0.0158	-0.8505426877528425	0.0974880403749883	0.5151136762832351	1.0	False	False	down
FAM227B	0.5574	-0.2625626150446781	0.3781844760614221	0.8129155515599477	1.0	False	False	down
FAM229B	0.631	-0.9528336057138208	0.0838681392260122	0.4878993226933307	1.0	False	False	down
FAM241A	0.3992	0.2454451228978356	0.5396669712463782	0.8876506356706431	0.9411764705882352	False	False	up
FAM245A	0.8396	-1.613267022444851	0.0418852564552574	0.3670726214529186	1.0	False	False	down
FAM3B	0.213	-2.822706371359295	0.0065272396838453	0.1671471967651369	1.0	False	False	down
FAM3D-AS1	0.5226	-0.2648548671748773	0.7295196935575755	0.9460537612075116	0.9411764705882352	False	False	down
FAM43A	0.895	0.411136029833786	0.7925074485759458	0.9605953543015204	0.9411764705882352	False	False	up
FAM49A	0.9482	1.0253802742082212	0.3322656516042263		1.0	True	False	up
FAM71D	0.7468	-0.0947865960363286	0.9013945936295292		0.8235294117647058	True	False	down
FAM78B	0.9132	-0.042212181200194	0.9106586174262836	0.9865747048870868	0.7647058823529411	False	False	down
FAM81B	0.5242	-1.5472028065203347	0.1842276366393673	0.6499722667168357	0.9411764705882352	False	False	down
FAM83B	0.5738	-1.0621508680686478	0.0564656934385332	0.415810772949758	1.0	True	False	down
FANCA	0.6976	0.6136290289975207	0.3332343791636268	0.7838278433508414	1.0	False	False	up
FANCB	0.6622	0.1948069551617249	0.7877392902193756		0.7647058823529411	True	False	up
FANCM	0.6342	-0.1765317538686775	0.5362731163927665	0.8860441581309024	1.0	False	False	down
FAR2	0.1764	0.0634034679921168	0.9073768645979128	0.9862065251506308	0.8235294117647058	False	False	up
FAS	0.915	0.6079202726083636	0.1334643439180388	0.577002022307969	1.0	False	False	up
FAT3	0.893	-0.4770366900184075	0.5154400996811959	0.8784990976200172	0.9411764705882352	False	False	down
FAT4	0.0956	-1.5943009915615418	0.0008620886403403	0.0741513819234157	1.0	False	True	down
FAU	0.2748	-0.2168973795587357	0.8909533355607158	0.98180738380409	0.7647058823529411	False	False	down
FAXC	0.3002	0.1189523648637034	0.8138426707489063	0.9663007438684964	0.8823529411764706	False	False	up
FBLN7	0.772	0.7196957967559224	0.076876869314882	0.4732279016593617	1.0	False	False	up
FBN2	0.3382	-0.4668800933440692	0.5818799037970549	0.9040704332419224	0.9411764705882352	False	False	down
FBXL13	0.499	0.1033846375202365	0.6922445222140425	0.936007059918874	0.9411764705882352	False	False	up
FBXL7	0.6534	0.1899604611054766	0.7371683650800576	0.9478139311792948	0.9411764705882352	False	False	up
FBXO15	0.5432	-1.187534224817623	0.0176025167606061	0.2455909484617477	1.0	False	False	down
FBXO16	0.8836	-0.4512639860924441	0.1463495892314801	0.5976487030265034	1.0	False	False	down
FBXO32	0.6358	-0.4066799165940614	0.5528037350102435	0.8929008716433462	0.9411764705882352	False	False	down
FBXO43	0.5912	-0.4917819251489999	0.5916159255342099		0.8235294117647058	False	False	down
FCAMR	0.554	-0.1156485761930223	0.8818768085941888	0.9794782898307236	0.8235294117647058	False	False	down
FCGBP	0.5559	-1.0860102989956746	0.280644671776124	0.7542641102247498	0.9411764705882352	False	False	down
FCHSD2	0.3326	-0.0725443826985981	0.7728981303501105	0.9565723476017176	0.9411764705882352	False	False	down
FCRL1	0.3742	2.548418835689421	0.0673477125246836		0.8235294117647058	False	False	up
FDFT1	0.4802	-0.4661536030765255	0.2621908712360685	0.7395303231803362	1.0	False	False	down
FFAR4	0.8622	0.7620338185048771	0.4882353544858306		0.8235294117647058	False	False	up
FGB	0.2458	-3.923370761883889	0.110225433026275		0.8235294117647058	False	False	down
FGD3	0.2568	-0.3908664242111364	0.7572245083221795	0.951692979766366	0.7647058823529411	False	False	down
FGD6	0.3872	0.117362805181559	0.6790553465759042	0.9317020633353053	0.8823529411764706	False	False	up
FGF12	0.49	0.0358137944819552	0.9334406847996004	0.9913791770311696	0.7647058823529411	False	False	up
FGF13	0.3066	0.4409274251257606	0.2194099137605225	0.6923834804620201	1.0	True	False	up
FGF14	0.3102	-0.2435769869916229	0.6030770828534329	0.912196965853536	1.0	False	False	down
FGF2	0.6137	0.21852237796732	0.6857682767770517	0.933001746668276	0.9411764705882352	False	False	up
FGFR1	0.1878	0.2809543183010496	0.5979597063457025	0.9108337185678654	0.9411764705882352	False	False	up
FGFR2	0.4772	-1.1978043274322434	0.0355588918409025	0.3465717747756004	1.0	False	False	down
FHAD1	0.4322	-0.2610186131347807	0.584115204670104	0.904705773303642	0.8823529411764706	False	False	down
FHL1	0.474	-0.1692304353201552	0.7600593853818022	0.952376765306897	0.8235294117647058	True	False	down
FHL2	0.2972	1.657550667792864	0.0380745662666101	0.3538399390032886	0.9411764705882352	False	False	up
FHOD3	0.0408	-0.185128467392137	0.6069910565045447	0.9134902646099412	0.9411764705882352	False	False	down
FIGN	0.1854	-0.1751268553420191	0.6707634931725381	0.929531177053957	0.8823529411764706	False	False	down
FILIP1L	0.712	1.9989377347489703	0.0001176973450357	0.0319898252677592	1.0	False	False	up
FJX1	0.9105	0.2468748885096449	0.8444815057769124		0.7647058823529411	False	False	up
FKBP5	0.0067	0.8832262152709329	0.3420106073180439	0.7922113100445016	1.0	False	False	up
FLACC1	0.8328	0.1045584811817111	0.8350176730327374	0.9695256696792534	0.8823529411764706	False	False	up
FLG-AS1	0.0196	-0.1881628705198214	0.6381051226775519	0.9211100239498224	1.0	True	False	down
FLG2	0.9782	1.4805014871004742	0.2636152650927247		0.8235294117647058	False	False	up
FLI1	0.215	1.642618554628788	0.1545032101087782	0.610856410562054	0.9411764705882352	False	False	up
FLNA	0.1796	-0.0226157822519733	0.9738465514653818	0.9961924130086977	0.8235294117647058	True	False	down
FLRT2	0.5613	-0.8604291452448467	0.3146498051428752	0.7760113228541231	1.0	False	False	down
FLT1	0.3652	-0.8037144093392333	0.395596021454901	0.8203347837002376	1.0	False	False	down
FLT3	0.0844	0.1807122202649008	0.8676684576620981	0.97494551310398	0.8235294117647058	False	False	up
FLVCR1-DT	0.7384	-0.0948271917828674	0.8505273723011617	0.9725490252806572	0.9411764705882352	False	False	down
FLVCR2	0.6466	0.3027555785486448	0.2249450690909904	0.6970461699773338	1.0	False	False	up
FMN1	0.0684	-0.8435110456746427	0.0307687399714018	0.3244108990940488	1.0	False	False	down
FMN2	0.0966	-1.9783688443088627	0.015569180809459	0.2325355438107399	1.0	False	False	down
FMNL2	0.3288	0.9982749510481936	0.0011667180385759	0.0798170455596398	1.0	False	False	up
FMO1	0.1208	-0.8413626833300786	0.2769954082380157	0.7522065587747643	1.0	False	False	down
FMO2	0.6104	-0.3347461157556202	0.6711776182081306	0.929531177053957	0.9411764705882352	False	False	down
FMO4	0.1004	-0.8203861821872155	0.0663539787725438	0.448066710467266	1.0	False	False	down
FN1	0.966	1.0873143669487777	0.2610493885285265	0.737498272514033	0.9411764705882352	False	False	up
FNBP1	0.3404	-0.6327999571892201	0.1051615342447387	0.5297584119227788	1.0	False	False	down
FNIP2	0.5043	0.1587444278619175	0.6514856259424375	0.9239012180687096	0.9411764705882352	False	False	up
FOCAD	0.787	-0.107487125883397	0.6697573862698244	0.9295037110944796	0.8823529411764706	False	False	down
FOLH1	0.1058	-1.7759940723821934	0.019499846758831	0.2602452230846243	1.0	False	False	down
FOS	0.0536	-1.1286830992500767	0.3370792936387248	0.7874628549137147	1.0	False	False	down
FOSB	0.3006	-4.474361492079723	0.0729887853350942	0.4646379729823067	1.0	False	False	down
FOSL1	0.2036	2.860527830977386	0.0105859301819102	0.2014741550750658	0.9411764705882352	False	False	up
FOSL2	0.1423	0.5120944372274002	0.2317451119590652	0.7050150213002097	0.9411764705882352	False	False	up
FOXC1	0.5622	-2.3034041073990505	0.0235201209611991	0.2819835652454622	1.0	False	False	down
FOXO1	0.3625	0.4249187933673242	0.1560074260645902	0.6125439549548364	1.0	False	False	up
FOXO3	0.0679	-0.3181182853412118	0.3986721700351125	0.8226657118100043	0.9411764705882352	False	False	down
FOXP2	0.0388	-0.90594307813057	0.1293435889254557	0.5714341860298777	1.0	False	False	down
FRAS1	0.0482	-0.1569619796140322	0.606655701844055	0.9134879208528638	0.9411764705882352	False	False	down
FREM1	0.2154	-0.8682093379938554	0.154954727911112	0.6119363418176447	1.0	False	False	down
FREM2	0.0958	-1.39928870762897	0.0014063485196218	0.0840182252326827	1.0	False	True	down
FRG1-DT	0.8342	-0.4870543770350361	0.2780697807476201	0.7529686343253409	0.9411764705882352	False	False	down
FRK	0.2461	-0.1033948283658355	0.7025198802436003	0.938012911011204	1.0	False	False	down
FRMD3	0.3816	-0.1998584673837561	0.5616922380198346	0.8973205362062775	1.0	False	False	down
FRMD4A	0.0791	-0.7391561953723101	0.0694628073412082	0.4551341616278064	1.0	False	False	down
FRMD5	0.3986	0.7981942516303787	0.2454342139336369	0.7181460937343456	1.0	False	False	up
FRMD6	0.7566	1.1213726236875188	0.0630655946405846	0.4363121580434442	0.9411764705882352	False	False	up
FRMD6-AS2	0.9952	2.592256335899599	0.002833595535573	0.1108455520869309	0.8235294117647058	False	False	up
FRMPD2	0.4056	-0.7767220225201287	0.126041494421084	0.5668024520460334	1.0	False	False	down
FRMPD4	0.3786	0.6607307930303526	0.3157378054717269	0.7760113228541231	1.0	True	False	up
FRY	0.1546	-0.8522672462592479	0.061333781354113	0.4303232742617631	1.0	False	False	down
FSCN1	0.9558	0.1976319206895579	0.8150875499363569		0.9411764705882352	False	False	up
FSHR	0.4294	0.7992992578075279	0.2081050814699548	0.6777544605170754	0.9411764705882352	False	False	up
FSIP1	0.5536	-0.1442256218093556	0.7099727745261359	0.9409214530372064	0.9411764705882352	False	False	down
FSIP2	0.5979	0.4979230757298328	0.2217980914040748	0.6949550321378383	0.9411764705882352	False	False	up
FSIP2-AS1	0.0516	-0.574951856958138	0.0490342306853644	0.3926064347603601	1.0	False	False	down
FSTL3	0.45	-0.3417366362869197	0.6091642924971318	0.9140732765664864	0.9411764705882352	False	False	down
FSTL4	0.0309	-1.2095003849928756	0.2192084610915335	0.6922125457289917	1.0	False	False	down
FSTL5	0.7611	-0.2933031265734476	0.6876976016580982	0.9336836915000872	0.8823529411764706	False	False	down
FTCD	0.1884	-0.0823870036872846	0.9191973796581676	0.9889191506251036	0.7647058823529411	False	False	down
FTCDNL1	0.6036	0.1097930845273591	0.6799838922749706	0.9317020633353053	1.0	False	False	up
FTH1	0.0105	-0.7181047390291626	0.4449620145601213	0.8509963072478737	1.0	False	False	down
FTL	0.1272	1.9110352834477784	0.3277347869661065	0.7815719619562997	0.9411764705882352	False	False	up
FUT3	0.4028	-0.946935269796384	0.2696447986349654	0.7459626049970912	1.0	False	False	down
FUT8	0.7738	0.5103732199374127	0.0380515177939215	0.3538399390032886	1.0	False	False	up
FUT9	0.3518	-1.9446027860970416	0.1377618563660791	0.5851686748834304	1.0	False	False	down
FXYD2	0.2234	0.0780124061883359	0.9290262183087276	0.9907869207832471	0.8235294117647058	False	False	up
FXYD6	0.7729	-2.2174922990061248	0.0942149092622342	0.5091570548468007	1.0	False	False	down
FYB1	0.3026	0.8640098106274435	0.1562208493481254	0.6129974801502662	0.9411764705882352	False	False	up
FYB2	0.1142	-0.8343409859534776	0.0795931933660327	0.4785974733587375	1.0	False	False	down
FYN	0.087	0.5857076181047319	0.5138476851281335	0.8778380073708558	1.0	False	False	up
FZD4-DT	0.8114	-0.5247490626016645	0.1664758737984321	0.6258397510915107	1.0	False	False	down
G0S2	0.851	1.544502925008029	0.338181488886404	0.7882221301978747	1.0	False	False	up
G6PC	0.015	0.2999511009276017	0.8059327423911319	0.9648951258335386	0.9411764705882352	True	False	up
GAB2	0.1028	0.3621453599797394	0.36693653736481	0.8067216663756005	0.9411764705882352	False	False	up
GAB3	0.5632	-0.1465237598250166	0.8194944184802364	0.96711076939778	0.8235294117647058	True	False	down
GABBR2	0.3606	-1.5408243442831564	0.1295534566801954		0.8235294117647058	False	False	down
GABPB1	0.6858	0.4110939501584826	0.0431965531090849	0.3717322977590448	1.0	False	False	up
GABRA2	0.3068	-4.947428493542732	0.0002506329227785	0.0473974891256711	1.0	False	False	down
GABRB2	0.5677	-1.1734164871232775	0.0743297155858666		1.0	False	False	down
GABRB3	0.545	-0.0882712124356927	0.8531246613292935	0.9725490252806572	0.8235294117647058	False	False	down
GABRG3	0.4948	0.4539802694416421	0.5237277616405651	0.8813547512151124	0.9411764705882352	False	False	up
GABRG3-AS1	0.6134	0.8307273104813414	0.4229400182551222		0.8235294117647058	False	False	up
GABRP	0.298	0.7706138150390657	0.2606522628172637	0.7369409385766993	1.0	False	False	up
GACAT2	0.8398	1.1527167779442888	0.1492726080399341		0.8235294117647058	False	False	up
GADD45A	0.5504	0.9130297610893956	0.1566496200895563	0.613863415600679	1.0	False	False	up
GADD45B	0.1792	0.2249973939106571	0.8055785504681483	0.9647944211230868	1.0	False	False	up
GALM	0.574	-0.5007905612893925	0.134531115745531	0.5780174649713321	1.0	False	False	down
GALNT1	0.535	0.4092786958932672	0.204261378786789	0.674771632050423	1.0	False	False	up
GALNT13	0.093	-0.9404123195096596	0.1484594200243629	0.601687371605116	1.0	False	False	down
GALNT14	0.072	-0.3406274186203998	0.3828657880605139	0.8150962933474489	0.9411764705882352	False	False	down
GALNT16	0.3406	0.4696149507574704	0.504080695518033	0.8741363764271831	1.0	False	False	up
GALNT17	0.1035	-0.3203930990729352	0.7030774609690381	0.9381860443066316	0.8235294117647058	False	False	down
GALNT18	0.2608	-1.3072922639582294	0.0334250265600876	0.3369918945736791	1.0	False	False	down
GALNT5	0.2805	1.6410411129522462	0.0127193136342917	0.2161404102601422	1.0	False	False	up
GALNTL6	0.1892	-0.9224062660979018	0.1895652211255298	0.6570896820292887	1.0	False	False	down
GAN	0.6579	0.1225728057460725	0.6315071957180531	0.9194242506157532	0.9411764705882352	False	False	up
GAPDH	0.2898	0.7705375444744003	0.5308046207413141	0.8841748340976152	0.9411764705882352	False	False	up
GAREM1	0.1738	0.0045942891621995	0.9867767606042296	0.9982242906046592	0.7058823529411765	False	False	up
GAS1RR	0.6672	0.1902437982372377	0.7911688439108422		0.8235294117647058	False	False	up
GAS2	0.5904	-0.8714175089201941	0.0028062493454695	0.1100855793767977	1.0	False	False	down
GAS2L3	0.8792	0.6958564360096083	0.217921993249573	0.6902188963777545	1.0	False	False	up
GASK1A	0.8838	-0.2646184162428676	0.6450005925758392	0.9219698207131176	0.9411764705882352	False	False	down
GATA3	0.073	0.9394011513173326	0.2207180078041447	0.6938598923936775	0.9411764705882352	False	False	up
GBE1	0.3708	0.3372973351614184	0.1944639927921846	0.6643144621661187	1.0	False	False	up
GBP1	0.1552	-0.7868487631125926	0.3407436602414195	0.7906828327151688	1.0	False	False	down
GBP2	0.845	0.4789726892530206	0.4838578650377582	0.8659562562640434	1.0	False	False	up
GCH1	0.3206	-0.2246508219514731	0.6280279496468928	0.9186247775973492	0.9411764705882352	False	False	down
GCLC	0.5478	-0.0840151498708507	0.8248696805969559	0.9685225720868929	0.8235294117647058	False	False	down
GCNT2	0.1002	-0.5954157144602392	0.0126372060495471	0.2160105790694147	1.0	False	False	down
GCNT3	0.9754	0.1511506776980199	0.8779839038414076	0.978383100006086	0.8823529411764706	False	False	up
GCNT4	0.802	-0.3004371739895339	0.5511002815901598	0.892286405428634	1.0	False	False	down
GDA	0.2646	0.7834408085134542	0.3683102391372088	0.8075778247768441	1.0	False	False	up
GDAP1	0.205	-0.0748786879784483	0.8152423141614208	0.9663007438684964	0.8235294117647058	False	False	down
GDF15	0.2008	0.2329049284161161	0.6813295617176524	0.9318135818132088	0.9411764705882352	False	False	up
GDNF-AS1	0.2916	-1.6986343188686497	0.077175658424752	0.4734136408203171	1.0	False	False	down
GDPD1	0.866	-0.1075445617727564	0.7967285529289476	0.9621029139970744	0.8823529411764706	False	False	down
GEM	0.7691	0.9642115464026232	0.1394640378078334	0.5876382701589985	0.9411764705882352	False	False	up
GFOD1	0.6092	-0.9054569671076927	0.280752453742744	0.754271707268461	1.0	False	False	down
GFPT2	0.5788	0.4657125578946465	0.5890093721069976	0.9072564994338151	1.0	False	False	up
GFRA1	0.3196	-0.5263506165227654	0.3518317561250893	0.7981281774832553	1.0	False	False	down
GGACT	0.6916	-1.3964592319996436	0.2808562224692055	0.754271707268461	1.0	False	False	down
GHR	0.1308	-0.8105614444700806	0.1161639191676178	0.5473552872921815	1.0	False	False	down
GINS3	0.6304	-1.4365110648283774	0.1136165279340651		1.0	False	False	down
GJA1	0.7514	0.3097800875102925	0.7435178570520621		0.9411764705882352	False	False	up
GK	0.4001	0.3085226390626921	0.5162368948532872	0.8786530773601711	1.0	True	False	up
GK-AS1	0.9646	2.136941773766898	0.0202468251170431	0.2638168467105886	1.0	True	False	up
GLB1L3	0.48	-0.4118222723442377	0.6867737186654997		0.8823529411764706	False	False	down
GLCCI1	0.5229	-0.5090798338320752	0.2329182671278286	0.7055954898614647	1.0	False	False	down
GLCE	0.6775	-0.5055833081894512	0.0539831083645252	0.4072894365098453	1.0	False	False	down
GLDC	0.1618	0.2968244075737368	0.6339226433209747	0.919948739569498	0.9411764705882352	False	False	up
GLI2	0.618	-1.085993703641999	0.2515270787541895	0.7241038235072017	1.0	False	False	down
GLI3	0.5084	-0.0480561592325536	0.9197439596411708	0.9889191506251036	0.8823529411764706	False	False	down
GLIPR1L2	0.2856	-1.1803809167559096	0.1298576607644234	0.5721947264646503	1.0	False	False	down
GLIS2-AS1	0.3138	-0.2813075442372305	0.7304843479849408	0.9462290191368112	0.8235294117647058	False	False	down
GLIS3	0.0478	-0.1932777237846919	0.5039866364873333	0.8741363764271831	1.0	False	False	down
GLRB	0.8649	0.2599288388820231	0.6392204576332516	0.9213819749917386	0.9411764705882352	False	False	up
GLS	0.0554	0.5993442296124093	0.0727052901794215	0.4642187805175958	1.0	False	False	up
GLUD1	0.372	-0.1587206379283499	0.5514743445912678	0.8923623971766825	1.0	False	False	down
GLUL	0.803	0.1271783166250439	0.8817058029745988	0.9794585080596704	0.7647058823529411	False	False	up
GLYAT	0.106	-0.0022680125897575	0.9960501998473192	0.999370141333784	0.6470588235294118	False	False	down
GLYATL1	0.426	-0.2022915295620114	0.8145549484444455	0.9663007438684964	0.9411764705882352	False	False	down
GLYATL2	0.296	-0.3077880638871115	0.7514139074178926	0.9494855461323825	0.9411764705882352	False	False	down
GMCL1	0.6544	-0.2374248937794565	0.2321000846146061	0.7050150213002097	1.0	False	False	down
GMDS	0.6828	0.1555826308183363	0.6150972326180979	0.9157279001502492	0.9411764705882352	False	False	up
GMNC	0.733	-0.2343771814908915	0.856541547001204	0.97263827960342	0.8823529411764706	False	False	down
GMPR	0.4274	-1.1253742411499013	0.1276383339182073	0.5700574556840192	1.0	False	False	down
GNA14	0.8412	0.5445384016084626	0.3490977982398975	0.7963263340021961	0.9411764705882352	False	False	up
GNA14-AS1	0.9779	1.8318073394742167	0.0502992079608633		0.8235294117647058	False	False	up
GNAI1	0.183	0.3565682723592781	0.3042637527014872	0.7703646834758979	0.9411764705882352	False	False	up
GNAL	0.828	0.5271698932717335	0.2099956882427459	0.6806056694310048	0.9411764705882352	False	False	up
GNAO1	0.428	0.9073643004581636	0.2737525268199497		0.8235294117647058	False	False	up
GNE	0.6912	0.0082290558388515	0.987100703671262	0.9982242906046592	0.5882352941176471	False	False	up
GNG12-AS1	0.7611	0.6142465202592816	0.0441187351823545	0.3748835052165215	1.0	False	False	up
GNG4	0.4104	-0.3679522236760288	0.6163619711980977	0.9157279001502492	0.8823529411764706	False	False	down
GNGT1	0.0346	0.2845704236155609	0.6283410014572695	0.9188093359269084	0.9411764705882352	False	False	up
GP2	0.1704	-1.0246546568795012	0.6089586818060333	0.9140732765664864	1.0	False	False	down
GPAT3	0.0518	-0.7491428743316537	0.0780526269778506	0.4755203789807055	1.0	False	False	down
GPC3	0.7462	0.388456494179642	0.5905186843693255	0.9075706443828933	0.9411764705882352	True	False	up
GPC4	0.5012	0.0951708424611548	0.8385469877371791	0.9695256696792534	0.8823529411764706	True	False	up
GPC5	0.0067	0.0931735042990537	0.9459813393895232	0.9944106535450123	0.6470588235294118	False	False	up
GPC6	0.0117	0.5585819213490447	0.3473508729489993	0.796057392168698	1.0	False	False	up
GPC6-AS1	0.9242	3.0569047357692463	0.0103617650768669	0.1995248497177384	1.0	False	False	up
GPD2	0.8454	0.1122031621892166	0.697602549170769	0.9372823278040624	0.9411764705882352	False	False	up
GPLD1	0.868	-0.2856673109171601	0.4910313976346745	0.8696382331222892	1.0	False	False	down
GPM6A	0.0328	-2.045511701880512	0.0489686664623579	0.3925477338694457	1.0	False	False	down
GPM6B	0.8872	1.5974534009541297	0.0010248767304432	0.0764898676814854	1.0	True	False	up
GPNMB	0.9546	1.0571473404214264	0.3939269564223941	0.8196735634397372	0.9411764705882352	False	False	up
GPR132	0.0854	0.4618139395898059	0.6955098646501571	0.9368189224607404	0.9411764705882352	False	False	up
GPR135	0.3693	0.2156981754612726	0.6444944837591452	0.9219698207131176	0.9411764705882352	False	False	up
GPR137B	0.3135	0.3647080664389313	0.4351894297104913	0.8453897126603117	1.0	False	False	up
GPR137C	0.3396	-0.4467733359401963	0.3158343658976696	0.7760113228541231	1.0	False	False	down
GPR143	0.9182	0.6426374768361609	0.0276839319206646	0.3082620923704095	1.0	True	False	up
GPR155	0.7744	-0.3754031552586396	0.3992893103157434	0.8232481586744781	1.0	False	False	down
GPR156	0.4648	0.1224766493182896	0.7435232564806369	0.9482894970245908	0.9411764705882352	False	False	up
GPR160	0.2298	-0.3290215346593851	0.1682950789349921	0.6276491565843577	1.0	False	False	down
GPR173	0.7667	-0.6156384453399982	0.1717085198405413	0.6330169126838253	1.0	True	False	down
GPR176	0.0964	-0.4730675555888656	0.1709338388367065	0.6318982764013588	1.0	False	False	down
GPR39	0.1252	-0.2597947232368991	0.2444729103169587	0.7174642712246599	1.0	False	False	down
GPR63	0.614	-1.3261661878568145	0.1853712556075132		0.8235294117647058	False	False	down
GPRC5A	0.9262	1.5789263257187565	0.1093549188664975	0.5364164095335288	0.9411764705882352	False	False	up
GPRC5B	0.6436	-1.6653632487390957	0.1617984610565627	0.6215078061080549	1.0	False	False	down
GPRC5D	0.9882	2.4784977056697044	0.0156146800552973		1.0	False	False	up
GPX3	0.0094	-1.0211481940804157	0.3093275337937883	0.7731877857072322	1.0	False	False	down
GRAMD1B	0.1301	-1.7452204602598878	0.051386807793724	0.3984902148942	1.0	False	False	down
GRAMD2B	0.2546	-0.1014353311281484	0.7505854796176538	0.9494855461323825	1.0	False	False	down
GRB14	0.2492	-0.6167524383086105	0.0825368619853562	0.485801561964886	1.0	False	False	down
GREB1	0.2932	-0.2320928245332133	0.6486398035328665	0.9228909641954024	0.9411764705882352	False	False	down
GREB1L	0.6719	-0.4439009698690532	0.5356565420897565	0.8858473951924688	0.9411764705882352	False	False	down
GRHL2	0.2018	-2.772448285151249	0.0367630167491594	0.3490425378466031	1.0	False	False	down
GRIA3	0.3497	-0.0430415548802426	0.9496211917416976	0.9945836330426604	0.7058823529411765	True	False	down
GRIA4	0.1872	-0.8024830990809263	0.5422982407700212	0.8880635939796246	1.0	False	False	down
GRID1	0.3558	0.309169674229956	0.6690062134959993	0.9295037110944796	1.0	False	False	up
GRIK1	0.9562	1.4565925239756727	0.0038017554491543	0.1287319878797607	1.0	False	False	up
GRIK2	0.2787	-2.4471330356810803	0.0002662672083767	0.0490930165444588	1.0	False	False	down
GRIK4	0.8194	-0.6742272211244175	0.3800155589448674	0.8142567208002244	1.0	False	False	down
GRIK5	0.3892	-0.5820426459092584	0.3998860470134634	0.8237875968503612	1.0	False	False	down
GRIN2A	0.0132	-1.2406575931321082	0.1470430106860039	0.5991393391211485	1.0	False	False	down
GRIN2B	0.7176	1.277414733451285	0.1474460140717851	0.6002839380510159	0.9411764705882352	False	False	up
GRIN2D	0.6068	-1.686140078171422	0.0704677344253872		0.8235294117647058	False	False	down
GRIN3B	0.8962	0.5991127678442729	0.5773774312683984		0.8235294117647058	False	False	up
GRIP1	0.7052	0.3786307795447922	0.2086485156634394	0.6781766430224178	1.0	False	False	up
GRIP2	0.7636	0.232500525496165	0.7731057220486663	0.9565839754905506	0.9411764705882352	False	False	up
GRK3	0.4752	0.0360016995496743	0.9184693592842974	0.9886135559880344	0.7647058823529411	False	False	up
GRK6	0.68	0.6411429570919817	0.1312147828743667	0.5740960445241836	1.0	False	False	up
GRM1	0.9402	-1.6713771586548178	0.300834486334272		1.0	False	False	down
GRM5	0.539	1.510982514476918	0.0186095607703265	0.2526031422877172	0.9411764705882352	False	False	up
GRM5-AS1	0.393	-0.8899947022975787	0.2175197002591682	0.6894751150272462	1.0	False	False	down
GRM7	0.9222	0.2624705935432471	0.534044561057917	0.8856709327191674	1.0	False	False	up
GRM7-AS3	0.9214	-0.9754919141558592	0.3235180686047267	0.7805643189742463	1.0	False	False	down
GRM8	0.3698	-0.1644650646578209	0.7930604190531081	0.9607129747892036	0.8823529411764706	False	False	down
GSTCD	0.2505	-0.2594463829205583	0.465261566915203	0.8568572753202598	0.9411764705882352	False	False	down
GTDC1	0.5588	0.1567137210802551	0.5176677705927135	0.8794919202358145	1.0	True	False	up
GUCY1A1	0.2078	-0.3907190638098427	0.2976203741498539	0.7673309768764804	1.0	False	False	down
GUCY1B1	0.5922	-0.45021253170692	0.2937191583464971	0.7638901234231389	1.0	False	False	down
GUCY2C	0.4834	0.390472486167497	0.5137317751671011		0.9411764705882352	False	False	up
GULP1	0.258	0.646390897198671	0.0043745000441538	0.1367031263798077	1.0	False	False	up
GXYLT2	0.791	0.3262608895402633	0.5836428898778885	0.904705773303642	1.0	False	False	up
GYG2	0.3896	-0.7145330429474991	0.1232980981562596	0.5599671907313989	1.0	True	False	down
H1F0	0.0218	-3.2873435960404525	3.3491863222613915e-05	0.0178926800475405	1.0	True	False	down
H1FX	0.2594	-0.8743543752128166	0.4452144611866266	0.8509963072478737	1.0	True	False	down
H3F3A	0.18	-1.897750642442848	0.1876479367976788	0.6548046097964283	1.0	True	False	down
H3F3B	0.022	-1.1307981862350256	0.4251861396199443	0.8410056059839507	1.0	True	False	down
HABP2	0.7654	0.5847340915899261	0.4765390758141249	0.8620249409195907	1.0	False	False	up
HAL	0.553	-0.8864555731161142	0.291239052964147		1.0	False	False	down
HARBI1	0.938	-1.1835537773488862	0.0686584421982217		1.0	False	False	down
HAVCR1	0.147	1.2854591370037216	0.0039737058361528	0.1309413978348961	1.0	False	False	up
HAVCR2	0.686	0.8757583860129151	0.0902525611810396	0.5013814228492881	1.0	False	False	up
HBEGF	0.5194	-0.2607721017547615	0.7694642023268041	0.9557555355217148	0.8823529411764706	False	False	down
HDAC2-AS2	0.8844	0.4441827364889855	0.2365732999281918	0.7087469856528421	0.9411764705882352	False	False	up
HDAC9	0.6062	0.7864827461909015	0.134609151784578	0.5781843298842533	1.0	False	False	up
HDGFL3	0.6664	0.1757601438440068	0.7352439997176304	0.9468554570188418	0.9411764705882352	False	False	up
HDX	0.6497	-0.0922416201132071	0.6931623399013884	0.9363627176065096	0.8823529411764706	True	False	down
HECW1	0.375	-0.2646232381314184	0.6696000206818946	0.9295037110944796	0.9411764705882352	False	False	down
HEG1	0.1264	-0.1960065266088436	0.7949688482057002	0.9617673512792112	0.8235294117647058	False	False	down
HEPACAM2	0.7172	-2.181734383787866	0.1255643161359502		1.0	False	False	down
HEPHL1	0.1901	-0.5797371163284605	0.4946889764800929		1.0	False	False	down
HERC3	0.1298	0.2163269872091612	0.3973911913107406	0.8220929579805383	0.9411764705882352	False	False	up
HERC6	0.1426	-0.8124267228178206	0.0083362937329051	0.1810903277766582	1.0	False	False	down
HERPUD1	0.7647	-0.3336262870457431	0.6744710108431862	0.9313708956103488	0.9411764705882352	False	False	down
HES1	0.4152	-0.8197897116872308	0.2142945531346231	0.685352267722396	1.0	False	False	down
HES4	0.863	1.7446752767811515	0.0595179899165279	0.4257470180740967	1.0	False	False	up
HESX1	0.4706	0.2246565241709894	0.7218653828218997	0.9428759374469244	1.0	False	False	up
HFM1	0.5164	0.7004255915161562	0.3016700786745038	0.7689016174959273	1.0	False	False	up
HHIP	0.7814	1.682571304833382	0.0052385233878397	0.1474584350584655	1.0	False	False	up
HHLA2	0.244	1.4126341994607785	0.0598856928752913	0.4266884297173658	0.9411764705882352	False	False	up
HIF1A	0.4162	1.0392522871383	0.0556056648108281	0.4138161230876461	0.9411764705882352	False	False	up
HIF1A-AS3	0.0322	3.2442235885284587	0.0010804260028625	0.0785038598139013	1.0	True	False	up
HIF3A	0.7664	-2.1196736282565105	0.0768529803590561	0.4732279016593617	1.0	False	False	down
HILPDA	0.9152	1.878174935974905	0.0198445520334771	0.2616394630373853	0.9411764705882352	False	False	up
HIP1	0.764	-0.0401316639865622	0.8669637480114297	0.9747812091944448	0.9411764705882352	False	False	down
HIPK2	0.6542	-0.2555471987972642	0.5103505313093464	0.8767377517834684	0.9411764705882352	False	False	down
HIST1H1C	0.4368	-0.4800965711474299	0.5583932940060006	0.8958298903921896	0.9411764705882352	True	False	down
HIST1H1D	0.1664	-1.4432589758737413	0.2915617040972752	0.7624878570997968	1.0	True	False	down
HIST1H2AC	0.3637	0.5123594615749469	0.5401226654042295	0.8876506356706431	0.9411764705882352	True	False	up
HIST1H2BC	0.7018	0.6364144694901548	0.4375894473918315	0.8471884222342368	0.9411764705882352	True	False	up
HIST1H2BD	0.369	0.4166544714109323	0.6423875221326798	0.9219129174386276	0.9411764705882352	True	False	up
HIST1H2BF	0.9616	1.6445979397712924	0.2919242138926537		0.8235294117647058	True	False	up
HIST1H2BG	0.4184	-0.343021459384007	0.7697560611210681	0.9558402451660846	0.8823529411764706	True	False	down
HIST1H4H	0.4272	0.2878294137973273	0.7452631240010127		1.0	True	False	up
HIST2H2AA4	0.8684	0.5992791740857368	0.6734283820295017		0.8235294117647058	True	False	up
HIST2H2BE	0.3516	0.9559834007037052	0.4074952888444796	0.8303006242528754	0.9411764705882352	True	False	up
HIST2H2BF	0.779	0.4960096839629686	0.6390334571544685	0.9212798758987462	0.9411764705882352	True	False	up
HIVEP1	0.2798	-0.0613590542305556	0.8143649163290156	0.9663007438684964	0.8823529411764706	False	False	down
HIVEP2	0.4482	0.2695934909560765	0.350935528871948	0.7977036601727897	0.9411764705882352	False	False	up
HIVEP3	0.5686	0.1830890248738195	0.4682187563159423	0.8583107234137215	0.9411764705882352	False	False	up
HK1	0.5334	0.1391830185421902	0.8371384414009404	0.9695256696792534	0.7647058823529411	False	False	up
HK2	0.5604	2.7265689565440114	0.0023578847149041	0.1021748592073879	1.0	False	False	up
HKDC1	0.6046	0.3264760064973651	0.4393212087098596	0.8487031801200434	0.9411764705882352	False	False	up
HLA-A	0.0914	0.1785135058944919	0.8224473064763068	0.967785885038144	0.9411764705882352	False	False	up
HLCS	0.5492	0.103182700008152	0.708731302807559	0.940266207567468	0.9411764705882352	False	False	up
HLF	0.0224	0.1365363842827234	0.7068766703900484	0.9396031018814276	0.9411764705882352	False	False	up
HLX-AS1	0.685	0.0942892294576041	0.9183264788071808		0.7058823529411765	False	False	up
HMCN1	0.6702	-0.6619458118414541	0.3581822889663053	0.8009534673973157	1.0	False	False	down
HMGA2	0.8592	1.010923628128962	0.1311051049127676	0.5738448575905698	1.0	False	False	up
HMGA2-AS1	0.6328	0.4532479293532351	0.3939853237059352	0.8196735634397372	0.5882352941176471	False	False	up
HMGCLL1	0.9666	-0.6957429036471264	0.4588516141105779		1.0	False	False	down
HMGCS1	0.7189	-0.2689387145644105	0.5579097322161308	0.8958298903921896	0.9411764705882352	False	False	down
HMGCS2	0.0997	-2.9463299984850506	0.0211548926396375	0.2704750577697485	1.0	False	False	down
HMGN5	0.1962	-0.3129641915805192	0.384184449410053	0.8156421167465666	0.9411764705882352	True	False	down
HMOX1	0.9116	0.4716935024615786	0.5780292320508638	0.9032675046750056	0.9411764705882352	False	False	up
HNF1B	0.346	-0.4781984574125498	0.3104277649047826	0.7735304369732807	1.0	False	False	down
HNF4A	0.5017	-0.3323271427955281	0.5921339760704403	0.908367129137578	0.9411764705882352	False	False	down
HNF4A-AS1	0.1652	-0.9758411897249984	0.3208312518367375	0.7785320411531275	1.0	False	False	down
HNF4G	0.2232	-0.0619147360831399	0.8771874530451043	0.978383100006086	0.7647058823529411	False	False	down
HNMT	0.6008	-0.7347405073139117	0.1080717715967939	0.5349405370308208	1.0	False	False	down
HOGA1	0.0646	0.1662676020958803	0.7585933204316441	0.9521146593232428	0.8823529411764706	False	False	up
HOMER1	0.2455	0.0075447644197437	0.9859671270820848	0.9980896925253964	0.7058823529411765	False	False	up
HORMAD2-AS1	0.5919	-0.9567476397776884	0.1934688006477205	0.6630262103982059	1.0	False	False	down
HOXB3	0.4669	-1.1674380147814982	0.159469448868196	0.6193192129557376	1.0	False	False	down
HOXC-AS3	0.4964	-0.8204780189280273	0.2929688360176682	0.7628050011051378	1.0	False	False	down
HOXD10	0.1836	-1.3381139511991884	0.0936988677538692	0.5091570548468007	1.0	False	False	down
HPN-AS1	0.907	1.2964692699244456	0.0356071265135551	0.3466700436138203	1.0	False	False	up
HPRT1	0.2074	0.2653294907714117	0.532885459019248	0.8854963579484256	0.9411764705882352	True	False	up
HPSE2	0.0746	-3.470917988777171	0.0029628187946516	0.1144020346102409	1.0	False	False	down
HPYR1	0.7298	-0.412229466888435	0.5601100680354907	0.8967928936211863	1.0	False	False	down
HRH1	0.3874	1.2369285310811815	0.0376866734270416	0.3526844553669677	0.9411764705882352	False	False	up
HRK	0.6476	3.368147572089788	2.6590809252022027e-05	0.0158195373844745	1.0	False	False	up
HS2ST1	0.1662	-0.1625747012563163	0.5881698764258925	0.9064367022549278	0.9411764705882352	False	False	down
HS3ST1	0.6926	1.323563234537816	0.039359242405266	0.3575683378398102	0.9411764705882352	False	False	up
HS3ST3A1	0.676	-0.4241300572087949	0.6864686852200585	0.9333274558083272	0.9411764705882352	False	False	down
HS3ST5	0.9016	1.1987072851243956	0.0944281194242037		1.0	False	False	up
HS6ST1	0.1254	-1.6218472971256583	0.0033365747462606	0.1215172284131973	1.0	False	False	down
HS6ST2	0.0465	-0.1027967066195377	0.9232305339488868	0.9893592692048188	0.8235294117647058	True	False	down
HS6ST3	0.1042	-1.1857171830863145	0.1215185646541798	0.5562225361895992	1.0	False	False	down
HSD11B1	0.967	1.5996772562922783	0.0342097871066647	0.3414034910847802	1.0	False	False	up
HSD11B1-AS1	0.4542	-0.5377093810640106	0.1882434732873825	0.6554736382261395	1.0	False	False	down
HSD11B2	0.1968	-0.4908311715444171	0.6436106904263608	0.9219129174386276	0.9411764705882352	False	False	down
HSD17B2	0.902	-0.9275315757853078	0.1162916691643643	0.5473552872921815	1.0	False	False	down
HSF2BP	0.7842	-0.4364128769960991	0.4801690529812092	0.8635081116158054	1.0	False	False	down
HSP90AA1	0.019	0.4588508039635978	0.7332702891200444	0.9464242881099628	0.9411764705882352	False	False	up
HSP90AB1	0.1499	0.0388609495582254	0.9655720280889446	0.9961904716946268	0.7058823529411765	False	False	up
HSP90B1	0.1772	-0.0254076725799556	0.950987815759252	0.9946677306023096	0.7647058823529411	False	False	down
HSPA1A	0.0184	2.930477962826477	0.2221224464695185	0.6953111386726226	0.9411764705882352	False	False	up
HSPA1B	0.0428	1.544885160366811	0.4189815416423007	0.8363393570917919	0.9411764705882352	False	False	up
HSPA2	0.1301	-1.9606004875449845	0.244366419559636	0.7174642712246599	0.8235294117647058	False	False	down
HSPA5	0.0287	-2.5420954228940187	0.0212299891273545	0.2704750577697485	1.0	False	False	down
HSPA8	0.3238	-0.8403812967127685	0.5199366780963075	0.8798138028300402	0.9411764705882352	False	False	down
HSPB1	0.8023	1.134558464404474	0.3815678314345945	0.8150962933474489	0.9411764705882352	False	False	up
HSPB8	0.4538	0.9499133805039796	0.0125227054850644	0.2157826003559594	1.0	False	False	up
HSPG2	0.477	-0.8574258867608971	0.1721217339256797	0.6334320297913614	1.0	False	False	down
HSPH1	0.5909	1.2916583627393328	0.27113123258084	0.747190394985451	1.0	False	False	up
HULC	0.0064	-0.8003968091765813	0.0619860760306004	0.4329046503084072	1.0	False	False	down
HUNK	0.2888	-0.4847313408611349	0.1486109355724483	0.6017049957984114	1.0	False	False	down
ICA1L	0.8924	-0.2485045397172653	0.4457214852095625	0.8510274924268872	1.0	False	False	down
ICAM1	0.5116	-1.374513608952696	0.0806315133226575	0.481165939721527	1.0	False	False	down
ID2	0.1065	1.9688716223200813	0.0437143171733138	0.3733942793476697	1.0	False	False	up
ID4	0.12	-2.7120583037134334	0.0002936482188476	0.049543174380266	1.0	False	False	down
IER2	0.252	-0.8642542895951053	0.2335717212238496	0.705881741103338	1.0	False	False	down
IER3	0.4255	0.6973112769379909	0.3896970603739431	0.8189245819227327	1.0	False	False	up
IFFO2	0.5278	0.5229507174497082	0.4501351612925008	0.8513656640211837	0.9411764705882352	False	False	up
IFI16	0.5336	1.1288141510807637	0.0421409057376956	0.3680156066495027	1.0	False	False	up
IFI44L	0.3308	-0.4151306459851713	0.4639285289050691	0.8564560602120649	1.0	False	False	down
IFIT1	0.7248	0.4319631173933747	0.4318261436350035	0.8441929249325781	1.0	False	False	up
IFIT2	0.5104	-0.2004493131953611	0.7137453186727245	0.941054980113967	0.8823529411764706	False	False	down
IFIT3	0.5248	0.8776888948814047	0.0668933462981064	0.4491901453424042	0.9411764705882352	False	False	up
IFNAR2	0.4328	0.0398357281310346	0.90320645346553	0.98523111881501	0.8823529411764706	False	False	up
IFNG-AS1	0.3454	2.2751416535963123	0.0324130661161225	0.3317784352621845	0.8235294117647058	False	False	up
IGDCC4	0.6013	0.4325684568274662	0.3551966658481338	0.800236875096987	1.0	False	False	up
IGF1	0.358	-1.12967200367441	0.1834446668728228	0.6484714487539773	1.0	False	False	down
IGF2BP3	0.1054	-0.2951722471956554	0.7142546609847698	0.941054980113967	0.8823529411764706	False	False	down
IGFBP3	0.6316	1.2278799797370024	0.2475927696160047	0.7199667245423021	0.9411764705882352	False	False	up
IGFBP4	0.453	0.1408377965475046	0.7366325200324618	0.9476129138739589	1.0	False	False	up
IGFBP5	0.053	-2.5447480452763265	0.0193454006947796	0.2591686287447777	1.0	False	False	down
IGFBP7	0.0126	-0.1400839819029779	0.7443578897137353	0.9484786041791164	0.9411764705882352	False	False	down
IGFBP7-AS1	0.8714	-0.406246551686195	0.5179941295916031		0.9411764705882352	False	False	down
IGFN1	0.0304	5.337793753950827	2.206366378946308e-07	0.0016271952044729	1.0	False	True	up
IGHM	0.2708	4.187051838283342	0.0820797019239847		1.0	True	False	up
IGKC	0.001	3.3877460239910624	0.2665645280423195	0.7431112329006578	0.9411764705882352	True	False	up
IGSF11	0.1012	-1.1174081012250772	0.0092522896508112	0.1892805441740174	1.0	False	False	down
IGSF23	0.9352	0.7174791233430705	0.3151285864310589	0.7760113228541231	1.0	False	False	up
IKBIP	0.7986	0.3264457861427006	0.3429665283054993	0.7932379669938395	1.0	False	False	up
IKZF2	0.2556	-0.4357086538329235	0.4113208641066583	0.8328047694678394	0.9411764705882352	False	False	down
IL12RB2	0.0938	-0.345444522057724	0.626124257869028	0.9182561400117616	1.0	False	False	down
IL15	0.8232	-0.3367609250720497	0.0977697249048841	0.5151136762832351	1.0	False	False	down
IL15RA	0.7916	0.2535694093332323	0.6941307370234855	0.936639328946602	0.9411764705882352	False	False	up
IL17RB	0.1864	-0.2116698261885346	0.691708276914569	0.9359797180361584	0.9411764705882352	False	False	down
IL17RD	0.9314	0.2927674075856678	0.515703904444555	0.8784990976200172	0.9411764705882352	False	False	up
IL18	0.1818	1.1708595752908475	0.0781142968318813	0.4755203789807055	1.0	False	False	up
IL1R1	0.7696	0.4823754023842602	0.310905103986128	0.7735304369732807	1.0	False	False	up
IL1RAP	0.6514	1.2929532496954317	0.0510597403935209	0.3978612298447666	1.0	False	False	up
IL1RAPL1	0.2914	0.0340237380729303	0.947748184788132	0.9945367494316568	0.7647058823529411	True	False	up
IL1RAPL2	0.1864	-0.1518262884758953	0.7911932309458591	0.96002704410723	0.9411764705882352	True	False	down
IL1RL2	0.864	1.1393689440689745	0.0006748356516917	0.0650576853755103	1.0	True	False	up
IL23R	0.9463	-0.6155788292880515	0.5800136682519647	0.9034067359244448	1.0	False	False	down
IL27RA	0.4243	-0.0754931283653333	0.8111578053297414	0.9660539062263774	0.9411764705882352	False	False	down
IL34	0.5066	-0.8729471221727354	0.1169999199626935	0.5482863524211591	1.0	False	False	down
IL7	0.2202	0.6497326462092772	0.0366494925150551	0.3489864522899055	1.0	False	False	up
ILDR2	0.178	-0.5437003594492459	0.215215944829622	0.686809862881204	1.0	False	False	down
IMMP2L	0.3676	-0.2057420148336738	0.5263957747277326	0.8822267538142128	0.9411764705882352	False	False	down
IMPG2	0.8381	-0.2479429252089353	0.5879876639670866	0.9064367022549278	0.9411764705882352	False	False	down
INHBA	0.7912	0.8306911145271033	0.2375026587386033	0.7105809769562675	1.0	False	False	up
INPP4B	0.2946	0.7629252832972514	0.0870748350161211	0.4949340333286267	1.0	False	False	up
INPP5D	0.8686	0.3270967643238148	0.581738324742935	0.9040704332419224	0.9411764705882352	False	False	up
INSIG1	0.8276	-0.5130906704272826	0.6670743459585002	0.9294145773507256	1.0	False	False	down
INTS12	0.9176	0.2719640388656346	0.3235145821104952	0.7805643189742463	1.0	False	False	up
INTS6	0.2878	-0.1292459246390461	0.6111790643949722	0.9147900123287368	0.9411764705882352	False	False	down
INTS6L	0.9212	0.0040059876758573	0.990944776603706	0.9989334947898728	0.5294117647058824	True	False	up
IPCEF1	0.0712	-0.3518149498438687	0.497687474865767	0.8709087975169134	1.0	False	False	down
IQANK1	0.2894	-0.997105969965298	0.0327667911958927	0.3330876431009079	1.0	False	False	down
IQCH	0.5914	0.0373580734832951	0.895873173821902	0.9828285097711458	0.8235294117647058	False	False	up
IQCJ-SCHIP1	0.4988	0.2416888829305521	0.5760697966453121	0.90269090624863	0.9411764705882352	False	False	up
IQCK	0.643	-0.4654844305783004	0.1413917449988199	0.5900635235537253	1.0	False	False	down
IQGAP3	0.7454	0.7816663350351564	0.2985179668434715	0.7678156414704679	1.0	False	False	up
IQSEC3	0.6674	-0.8912802977844273	0.1947214668508126	0.6647036470544503	1.0	False	False	down
IRAK2	0.4966	0.6465900355650208	0.1046160328029228	0.5283894711358037	1.0	False	False	up
IRAK3	0.4814	0.3244581651497566	0.7979622345802581	0.9622981670549136	0.8823529411764706	False	False	up
IRF1	0.659	0.2490658834816773	0.7450012156741526	0.948943690085816	0.9411764705882352	False	False	up
IRF8	0.8306	0.6364848167717638	0.3668562725636872	0.8067216663756005	1.0	False	False	up
IRGM	0.9828	1.7985014167222872	0.0188061134228501		1.0	False	False	up
IRS1	0.4346	-0.24246219213539	0.4244912228187268	0.8403290830227428	0.9411764705882352	False	False	down
IRX3	0.4796	-2.987253527492116	0.0120403700343816	0.2121809534135358	1.0	False	False	down
IRX5	0.088	-3.947687622940921	0.0156543874833458	0.2325355438107399	0.8235294117647058	False	False	down
ISM1	0.2814	0.9804002490322232	0.0923139096046495	0.5065588417665852	1.0	False	False	up
ITGA1	0.2902	-0.730510095815218	0.0785413468246556	0.4763027689509	1.0	False	False	down
ITGA11	0.224	0.7251901069536405	0.4333037893584019		0.9411764705882352	False	False	up
ITGA2	0.1926	-0.3016406124917175	0.3913831821348152	0.8190969002588754	1.0	False	False	down
ITGA3	0.5374	1.449399628961402	0.0004629011800537	0.056898270048275	1.0	False	False	up
ITGA5	0.5636	0.2296303538283933	0.7713962986264732	0.9562819982857672	0.9411764705882352	False	False	up
ITGA6	0.3046	0.9508008718275586	0.0380882303345203	0.3538399390032886	1.0	False	False	up
ITGA8	0.3734	-0.5659612112995377	0.5760573504516602	0.90269090624863	1.0	False	False	down
ITGA9	0.504	-0.1732830113170466	0.6563465222592593	0.9259467759049452	0.9411764705882352	False	False	down
ITGAV	0.1128	-0.3195721823858031	0.3945685942966997	0.8196735634397372	1.0	False	False	down
ITGB1-DT	0.1776	0.4340243219080094	0.3236549650105931	0.7805643189742463	1.0	False	False	up
ITGB3	0.09	-0.0363872995146943	0.9280604640441514	0.9905131580789606	0.8823529411764706	False	False	down
ITGB6	0.0339	-0.0596321777897797	0.9441860306280624	0.9944106535450123	0.7647058823529411	False	False	down
ITGB8	0.2774	0.3899267884935327	0.3609185354430356	0.8022181121438804	1.0	False	False	up
ITGBL1	0.3354	-0.8284823715322442	0.5281290438194037		0.8235294117647058	False	False	down
ITIH5	0.1598	-0.7269659361564257	0.2009754654089537	0.6696155669261503	1.0	False	False	down
ITPKC	0.6412	0.7374094237167803	0.2074720337065008	0.6772105421062997	0.9411764705882352	False	False	up
ITPR1	0.124	-1.2511679110814544	0.0700581258648481	0.4559404673451606	1.0	False	False	down
IVNS1ABP	0.3038	-0.10478730493079	0.8318957286365475	0.9695256696792534	0.8823529411764706	False	False	down
IZUMO4	0.6156	-1.1636627113383764	0.119343099609388		1.0	False	False	down
JADE1	0.1643	-0.0409859784807345	0.9166152477356452	0.9882874687151268	0.8235294117647058	False	False	down
JADE3	0.603	-0.2443388315179753	0.378526564694925	0.8130576422382619	1.0	True	False	down
JAG1	0.1465	-0.2388435914022503	0.626175356074598	0.9182561400117616	0.8823529411764706	False	False	down
JAK3	0.8214	-1.0429741185238333	0.3084154339711578	0.7722130488227585	1.0	False	False	down
JAKMIP3	0.7642	-0.218000813086538	0.7356466789108693		0.7058823529411765	False	False	down
JAM3	0.4252	0.2947727252073367	0.5634357006085973	0.8983544031971473	1.0	False	False	up
JAZF1	0.2966	0.6418997086980579	0.129631618601671	0.5721947264646503	0.9411764705882352	False	False	up
JHY	0.9463	-0.4727699739324618	0.1211918621332972	0.5558395418116088	1.0	False	False	down
JPH1	0.5702	1.2328390668645508	0.0572586955173959	0.4176883080522209	0.9411764705882352	False	False	up
JPH2	0.287	1.113866321387563	0.1053528579182469	0.5299448240496841	1.0	False	False	up
JPH3	0.8152	1.2863986628016646	0.234155404565012		0.8235294117647058	False	False	up
JUN	0.0558	-0.1450536970518488	0.8414010990571026	0.9704725668512876	0.8235294117647058	False	False	down
JUNB	0.4748	-0.8158852728434316	0.4549163162817218	0.851416782788402	1.0	False	False	down
KALRN	0.166	0.3677193805603211	0.2529698809827897	0.7266641746199609	1.0	False	False	up
KANK4	0.6504	-2.0224305436674315	0.0809592063656251		0.8235294117647058	False	False	down
KAZN	0.0287	-0.0097039803652459	0.984542792766496	0.9979060917991456	0.7647058823529411	False	False	down
KAZN-AS1	0.3818	1.39169984082722	0.0835224487199043	0.4876813526751311	1.0	False	False	up
KCNB1	0.3845	0.120838586415603	0.8002844689429646	0.963029642581594	0.8823529411764706	False	False	up
KCNB2	0.4532	1.219779082003404	0.0207499067138309	0.2674499978463386	1.0	False	False	up
KCND2	0.2746	-0.1242759388790722	0.8781767264394735	0.978383100006086	0.7647058823529411	False	False	down
KCND3	0.9578	0.8379945114931108	0.1893735720470561	0.6570080887828414	0.9411764705882352	False	False	up
KCNE1	0.6536	-2.2050735413411138	0.0391171894051528		0.8235294117647058	False	False	down
KCNG2	0.8754	1.1905426433953197	0.2478134063729264		0.8235294117647058	False	False	up
KCNG3	0.1228	-1.4643421340218037	0.234785234576617		0.8235294117647058	False	False	down
KCNH1	0.9078	1.985276520041064	8.709663112722324e-05	0.0281588243130463	1.0	False	False	up
KCNH7	0.0618	-2.638522519078652	0.0059418534732037	0.1587723527712966	1.0	False	False	down
KCNH8	0.4432	0.714704859997977	0.0185245653930661	0.2526031422877172	1.0	False	False	up
KCNIP1	0.078	1.2861504926144665	0.0161849838868801	0.2370690291275895	1.0	False	False	up
KCNIP3	0.5606	0.5093782084778594	0.3582790393894776	0.8009534673973157	1.0	False	False	up
KCNIP4	0.0046	0.7406714945054926	0.354945686365379	0.8000380308510606	0.9411764705882352	False	False	up
KCNJ15	0.0275	-0.3184492058676353	0.3970528538431603	0.8220929579805383	1.0	False	False	down
KCNJ3	0.1608	-1.3029498460182192	0.01454740848294	0.2282705054503885	1.0	False	False	down
KCNK1	0.1638	-0.1908971524167217	0.6830685239264741	0.9324176761626952	0.8823529411764706	False	False	down
KCNK10	0.6626	-1.0396437135738128	0.0913464451872878	0.5040628756126059	1.0	False	False	down
KCNK12	0.9361	0.8979744546820057	0.2915323296565585		0.9411764705882352	False	False	up
KCNK13	0.2118	-0.7892592838534065	0.340640314311319	0.7906285816037695	1.0	False	False	down
KCNK3	0.9694	1.035281569134497	0.3205113165948633		0.8235294117647058	False	False	up
KCNK5	0.2624	-0.5711253351978052	0.13972804089217	0.5879881981272322	1.0	False	False	down
KCNMA1	0.6369	0.3203878373141386	0.5628451659199474	0.8980650494135534	0.9411764705882352	False	False	up
KCNMB2	0.1396	-1.2619439576384706	0.0646288373197107	0.4423551510281827	1.0	False	False	down
KCNMB2-AS1	0.921	0.351618024715208	0.5370386800261964	0.886360325019798	0.9411764705882352	False	False	up
KCNMB4	0.6292	0.3352504861375268	0.5188151979635633	0.879729723106417	1.0	False	False	up
KCNN2	0.1262	-0.2860950699758455	0.7311071636184214	0.9462290191368112	0.8235294117647058	False	False	down
KCNN3	0.271	-1.1626160177961422	0.3562912743921685	0.8009534673973157	1.0	False	False	down
KCNQ1OT1	0.1211	-0.0181789791844099	0.95823743456466	0.995163193386602	0.7058823529411765	False	False	down
KCNQ3	0.2356	0.1435522391409353	0.7666507299987919	0.9549892375218632	0.9411764705882352	False	False	up
KCNQ4	0.5642	0.6599553394252581	0.2534461575987609		1.0	False	False	up
KCNQ5	0.136	1.988434323503242	0.0058173668402968	0.1577737549879088	1.0	False	False	up
KCNS3	0.943	-0.1711807915615667	0.7777180396246999	0.9565839754905506	0.8823529411764706	False	False	down
KCNT2	0.0592	-0.3470305723837101	0.3834946525208061	0.8156421167465666	1.0	False	False	down
KCTD16	0.3944	-0.4865713834323014	0.3346717175059859	0.7856579862638499	1.0	False	False	down
KCTD8	0.0976	-0.8073589704273132	0.2319125929377076	0.7050150213002097	1.0	False	False	down
KDM4D	0.6414	-0.220571218230289	0.7214570734328677	0.9428759374469244	0.8823529411764706	False	False	down
KHDRBS2	0.0324	-0.8533726073698497	0.1536717044490608	0.6092058455566213	1.0	False	False	down
KHDRBS3	0.5554	1.0501428674897295	0.0313557635819676	0.327779952398315	1.0	False	False	up
KIAA0319	0.8898	-0.5958317321007518	0.4275500969252545		1.0	False	False	down
KIAA0408	0.4426	0.8570384563816996	0.1759581202272329	0.6386829650255591	1.0	False	False	up
KIAA0825	0.2236	-0.2036458833262372	0.058571036398162	0.4229904685158173	1.0	False	False	down
KIAA1211	0.3948	1.027181222001344	0.049986356269443	0.3951225910901847	1.0	True	False	up
KIAA1211L	0.5396	1.7536900630451535	0.0246749194632497	0.2892247585895392	0.9411764705882352	True	False	up
KIAA1217	0.3648	-0.2326474305395296	0.4498690758850546	0.8513656640211837	1.0	False	False	down
KIAA1324	0.177	-2.229462042532522	0.0015944582172213	0.0894230368973963	1.0	True	False	down
KIAA1324L	0.4666	0.6812006276124979	0.1342192033993694	0.5778985573385724	1.0	True	False	up
KIAA1328	0.435	-0.384542889141424	0.1596385134987621	0.6196494931859846	1.0	False	False	down
KIAA1755	0.2054	0.8720547353842719	0.1640240930803873	0.6231942084780019	1.0	False	False	up
KIAA2012	0.9382	0.2570974680724619	0.7130841614852039	0.941054980113967	0.9411764705882352	False	False	up
KIF14	0.8904	-0.6141974098685903	0.5541214746001343		0.8235294117647058	False	False	down
KIF15	0.9228	-1.78826484397477	0.1210787418648055		1.0	False	False	down
KIF17	0.677	-0.0090055635684017	0.9898085603969092	0.9989334947898728	0.7058823529411765	False	False	down
KIF18A	0.633	0.0116781176460582	0.9887889825494328		0.5882352941176471	False	False	up
KIF20B	0.1428	-0.5074841222438197	0.2485724793241791	0.7211381590362661	1.0	False	False	down
KIF23	0.951	0.5890504451868528	0.2786473704585382	0.7529686343253409	1.0	False	False	up
KIF26B	0.0186	-0.0159764259112021	0.9720703261870164	0.9961924130086977	0.7058823529411765	False	False	down
KIF26B-AS1	0.8282	1.2569292421267626	0.0198450772324788	0.2616394630373853	1.0	False	False	up
KIF4A	0.9712	-0.7054516940543991	0.5006589549699365		0.8235294117647058	True	False	down
KIF6	0.4074	-0.653168056244382	0.2323201086744202	0.7050150213002097	1.0	False	False	down
KIFC3	0.3298	-0.2369678585094252	0.3826081155745209	0.8150962933474489	0.9411764705882352	False	False	down
KIRREL1	0.506	-0.1967366861006517	0.5691663758395473	0.9004739543127128	1.0	False	False	down
KIRREL3	0.1294	1.5181095681791883	0.0686863570365532	0.4541429447260879	1.0	False	False	up
KIT	0.8668	-0.3862652466393277	0.6759067334880522	0.9313708956103488	0.8823529411764706	False	False	down
KITLG	0.6484	0.5057074769704671	0.3096390810086958	0.7733112842665533	1.0	False	False	up
KL	0.1374	-0.8011065372240266	0.0951860033534769	0.5107910373264802	1.0	False	False	down
KLF10	0.0886	-1.0833398289925462	0.0200277541320442	0.2623529071471157	1.0	False	False	down
KLF2	0.374	1.2138118489899763	0.522407279914286		0.8235294117647058	False	False	up
KLF3-AS1	0.6427	-0.4804962490409465	0.1659549447280556	0.6253015196219525	1.0	False	False	down
KLF5	0.2394	0.7992159484131367	0.0762215765149652	0.472369176129986	1.0	False	False	up
KLF6	0.023	0.61451058377867	0.0763388891131978	0.472369176129986	1.0	False	False	up
KLF7	0.7016	-0.053264214399407	0.846885370816078	0.9721143885897664	0.8235294117647058	False	False	down
KLHL1	0.7344	-1.4906732001692518	0.0331832346947174	0.3361625767493696	1.0	False	False	down
KLHL13	0.196	-0.1130803091925884	0.7507703666852172	0.9494855461323825	0.8823529411764706	True	False	down
KLHL14	0.8136	-0.8170757389277422	0.1772246296825192	0.6408208246161445	1.0	False	False	down
KLHL29	0.4663	0.7981862012698154	0.0674800733226945	0.4506577128514867	0.9411764705882352	False	False	up
KLHL3	0.1144	-1.393950047996905	0.1814103761159706	0.6451675927587269	1.0	False	False	down
KLHL32	0.3408	-0.7620967784957562	0.0536717840364751	0.4058338114899152	1.0	False	False	down
KLHL4	0.3561	0.4472827281390746	0.5523250953338877	0.892607848977482	1.0	True	False	up
KLHL8	0.1612	-0.0018622659833854	0.9949327406452756	0.9990639867081408	0.6470588235294118	False	False	down
KLRD1	0.1082	-0.1045880294514145	0.8063448860526978	0.9649078338233265	0.8823529411764706	False	False	down
KLRG1	0.8487	-0.0811018355986167	0.8920220237427933	0.982206373518782	0.8823529411764706	False	False	down
KLRG2	0.3628	-2.4989545696297064	0.0410120426471622	0.3638537839751826	1.0	False	False	down
KMO	0.5296	-0.1953012388608025	0.6913156887635414	0.9359797180361584	0.9411764705882352	False	False	down
KNG1	0.0706	-1.0162800963222476	0.5230734016089575	0.8807457390105164	0.9411764705882352	False	False	down
KNL1	0.2482	-1.4715594785021069	0.0114670484994904	0.2079621026427982	1.0	False	False	down
KRT18	0.5426	1.0404632482637095	0.0731780672923813	0.4646379729823067	1.0	False	False	up
KRT19	0.028	-0.7818553031216021	0.2358070416012481	0.7078050190513654	1.0	False	False	down
KRT7	0.0993	-1.5015350726895695	0.0601882983684041	0.427396251938393	1.0	False	False	down
KRT80	0.4232	1.0367322503475054	0.1086536592795598	0.5357354348802404	0.9411764705882352	False	False	up
KRT86	0.3548	1.2325154480714375	0.0084718629610324	0.1826900273029653	1.0	False	False	up
KRTAP5-AS1	0.4816	0.2693381856590251	0.6069229813157486	0.9134879208528638	0.9411764705882352	False	False	up
KSR2	0.1107	0.7401188224192136	0.124866862281668	0.5635820742517148	1.0	False	False	up
KTN1-AS1	0.8942	-0.2175135816816809	0.6026262850631706	0.912196965853536	0.9411764705882352	False	False	down
KYNU	0.1327	-1.038827543312261	0.1406795640543733	0.5890818846464768	1.0	False	False	down
L3MBTL3	0.667	0.0780772621642623	0.8230350944672901	0.9679640879438342	0.8823529411764706	False	False	up
LACTB2-AS1	0.6403	2.098154068400844	0.0027483746364534	0.1100855793767977	1.0	False	False	up
LAMA1	0.7621	0.2881535534045299	0.5463226899494042	0.890218700480967	1.0	False	False	up
LAMA2	0.2372	0.4502095106788107	0.5036966978974096	0.8741363764271831	0.9411764705882352	False	False	up
LAMA3	0.4384	1.6325034629017572	0.0015709029752935	0.0894230368973963	1.0	False	False	up
LAMA4	0.9238	-0.1102723549678608	0.8834943823276734	0.9797898638347936	0.8235294117647058	False	False	down
LAMB1	0.6244	0.0724622627239986	0.8295753213378891	0.969075023124018	0.8235294117647058	False	False	up
LAMB3	0.6005	-0.3965083250574023	0.6237899461147869		0.9411764705882352	False	False	down
LAMC1	0.3393	0.3120707305271242	0.3478524513899873	0.796161631062944	0.9411764705882352	False	False	up
LAMC2	0.9308	1.0740760486729148	0.1520236257293691	0.6073625596184611	0.9411764705882352	False	False	up
LAMC3	0.5264	-0.5568710600749206	0.5050175401875177		0.9411764705882352	False	False	down
LARGE1	0.8348	0.015999288456329	0.958213208481509	0.995163193386602	0.6470588235294118	False	False	up
LATS2	0.0916	-0.518549449448748	0.1266753076869254	0.5680938851876406	1.0	False	False	down
LAYN	0.6072	-0.7199044529346139	0.2244654965186594	0.6965844884599678	1.0	False	False	down
LBH	0.5713	-0.1424963629338579	0.7611534667658231	0.95240310368427	0.8823529411764706	False	False	down
LCA5	0.1734	-0.5199789559396658	0.1576665582666923	0.6160481415718441	1.0	False	False	down
LCAL1	0.7548	2.119041301094132	0.025251519174806	0.2918964794893327	1.0	False	False	up
LCMT1-AS1	0.3745	-0.0626909001967662	0.9164024713053258	0.9882614990998368	0.8235294117647058	False	False	down
LDB2	0.413	0.4378432058168289	0.3265241386850526	0.7815432313670428	0.9411764705882352	False	False	up
LDHA	0.988	0.5859070499728636	0.4896443591643122	0.868790364209504	0.9411764705882352	False	False	up
LDHC	0.7096	-1.632706916731279	0.1046204848338309		1.0	False	False	down
LDLR	0.3456	-0.3913968088554496	0.4987483471404129	0.871439222264825	1.0	False	False	down
LDLRAD3	0.1848	0.8031983991435837	0.002704305803016	0.1095838203145227	1.0	False	False	up
LDLRAD4	0.0188	-0.6911377922624506	0.1554271106010699	0.6121248792290276	1.0	False	False	down
LEKR1	0.3796	-0.1065485808377894	0.8299675586468995	0.9692811947776538	0.8823529411764706	False	False	down
LEMD1	0.964	1.7991263753949605	0.0263879730480854		0.8235294117647058	False	False	up
LEPR	0.0816	-0.1594694541677554	0.7742904261158432	0.9565839754905506	1.0	False	False	down
LGALS3	0.1568	1.483646696385983	0.0710877931070459	0.4586810797589359	0.9411764705882352	False	False	up
LGALSL-DT	0.4904	0.1680254453326552	0.5433239268537047	0.8881777591812194	1.0	False	False	up
LGI2	0.3654	-3.351071022568278	0.1025104028264082		0.8235294117647058	False	False	down
LGMN	0.1065	-0.1898969158115301	0.7501641659380577	0.9494855461323825	0.9411764705882352	False	False	down
LGR4	0.5106	-0.0251880610537845	0.914416426026598	0.987794725508059	0.8823529411764706	False	False	down
LGSN	0.5594	-1.868624035908276	0.1512428309141631		0.8235294117647058	False	False	down
LHCGR	0.231	3.2267908894380315	0.0074715206083268	0.1739276700149961	1.0	False	False	up
LHFPL2	0.2106	-0.0900796631301211	0.8032731198341778	0.9642153741499124	0.8823529411764706	False	False	down
LHFPL3	0.2182	1.3955261727263248	0.0150943977431658	0.2306339950127705	1.0	False	False	up
LHFPL3-AS1	0.3358	-0.228619920277333	0.5051912526021718	0.8743922759777087	0.9411764705882352	False	False	down
LHFPL3-AS2	0.174	-0.771657087400832	0.0562762781155374	0.4150877538701897	1.0	True	False	down
LHFPL4	0.4358	1.0192817380004322	0.2060497429125116		0.8235294117647058	False	False	up
LHFPL6	0.0247	-0.1009948795720074	0.8530030011417763	0.9725490252806572	0.8235294117647058	False	False	down
LHX1	0.4278	-0.6553066796007064	0.4847055040219585	0.866071095520413	1.0	False	False	down
LHX1-DT	0.4626	-0.5321338828163887	0.5247564458026959	0.8815491351131574	0.9411764705882352	False	False	down
LIFR	0.4189	-0.4897799199394816	0.108699282708957	0.5357354348802404	1.0	False	False	down
LIFR-AS1	0.7182	-1.422944983382808	0.0462790805014129	0.3824181722105554	1.0	False	False	down
LIN7A	0.0596	-0.8407396779414505	0.069944083325567	0.4559404673451606	1.0	False	False	down
LINC00113	0.8682	-1.2951206272074025	0.2563631333421002	0.7304994560249942	1.0	False	False	down
LINC00159	0.3233	-3.249053229242125	0.0002872334153721	0.049543174380266	1.0	False	False	down
LINC00222	0.8968	-1.3669746149110458	0.1092413177664985		0.8235294117647058	False	False	down
LINC00240	0.8887	0.3741555542970898	0.5215230763029881	0.8801447798019536	1.0	False	False	up
LINC00271	0.143	-0.4291986292468514	0.28524150915607	0.7584842725891533	1.0	True	False	down
LINC00276	0.7259	-0.2649972094174017	0.5188264265356073	0.879729723106417	0.9411764705882352	False	False	down
LINC00278	0.0084	-0.5770388294395905	0.7646770432473234	0.9542231324460914	0.9411764705882352	True	False	down
LINC00299	0.7608	-0.1787692132994979	0.7264235199018614	0.9444466212915342	0.8823529411764706	False	False	down
LINC00310	0.6264	-0.2039892258697273	0.7425794133108113	0.9482894970245908	0.8823529411764706	False	False	down
LINC00343	0.7174	-0.8492404964425854	0.3051442499219966		0.8235294117647058	False	False	down
LINC00378	0.3701	0.4928855039539783	0.5549428116568529	0.89389608735815	0.9411764705882352	False	False	up
LINC00390	0.7811	2.4356755584369565	0.0113436105152131	0.2075943074022268	1.0	False	False	up
LINC00407	0.826	-0.9134603325702207	0.1553776290859971		1.0	True	False	down
LINC00410	0.2936	-0.4036809398175738	0.7828236537492388		0.8823529411764706	False	False	down
LINC00426	0.8438	0.0756824105597581	0.9655181730531072		0.5882352941176471	False	False	up
LINC00467	0.3662	-0.8704129626173362	0.0326280342741777	0.3323642994089238	1.0	False	False	down
LINC00470	0.5626	0.6919076702736244	0.5514252984923174	0.8923623971766825	1.0	False	False	up
LINC00472	0.1248	-0.3977981231791583	0.3436038254165353	0.793884151769094	1.0	False	False	down
LINC00476	0.3736	-0.5207016333788976	0.127717773627144	0.5700574556840192	1.0	True	False	down
LINC00504	0.5246	-0.8629950795933429	0.0067319596647241	0.1687042187038757	1.0	False	False	down
LINC00511	0.2135	2.140771430100037	0.0023067379210243	0.1015653263734604	1.0	False	False	up
LINC00513	0.115	2.718141228295973	0.0003562027784836	0.0520587631081153	1.0	False	False	up
LINC00534	0.1521	0.4882117910272588	0.1783392335408306	0.6426800643343864	1.0	False	False	up
LINC00535	0.3224	-0.4557873918821732	0.2899538013479239	0.7618484975741323	1.0	True	False	down
LINC00571	0.4738	0.1020500840432551	0.6372137843549006	0.9211100239498224	0.9411764705882352	False	False	up
LINC00578	0.2098	0.3569383875848606	0.4552750377279292	0.851871978496379	0.9411764705882352	False	False	up
LINC00598	0.303	-0.4737006625115456	0.2510264881130793	0.7231720116538908	1.0	False	False	down
LINC00607	0.9656	-0.2053789257248401	0.8000672244816731		0.8823529411764706	False	False	down
LINC00621	0.1196	2.255922680945309	0.0046442707246051	0.1394814030539562	1.0	False	False	up
LINC00624	0.5152	2.0594135968624445	0.0008196506955224	0.0739853651415888	1.0	False	False	up
LINC00639	0.8416	0.6617046537856571	0.3867712651594152		0.8235294117647058	False	False	up
LINC00649	0.2576	0.6982042286001233	0.4046811262002575	0.8277696035853277	0.9411764705882352	False	False	up
LINC00662	0.4536	-0.0660805975286916	0.786701591513424	0.958927137768788	0.8823529411764706	False	False	down
LINC00671	0.1768	-0.3366390804185259	0.6760795707064595	0.9313708956103488	0.9411764705882352	False	False	down
LINC00685	0.2214	-0.7998973691598114	0.0979691274256558	0.5151674258568356	1.0	True	False	down
LINC00862	0.7014	-0.6542241868238053	0.2322726191747802	0.7050150213002097	1.0	False	False	down
LINC00870	0.2526	-1.0408672174936435	0.2817305156521041		1.0	False	False	down
LINC00871	0.2678	-0.338008962632253	0.6541143834195287	0.9250419132730632	0.9411764705882352	False	False	down
LINC00882	0.5286	-0.990664854036202	0.0362267665668336	0.3477654807696682	1.0	False	False	down
LINC00884	0.7972	-0.1759890258959516	0.6181151442867469	0.9163449891490454	1.0	True	False	down
LINC00887	0.221	1.3292243013744591	0.0136263107782018	0.2236147586511668	1.0	False	False	up
LINC00906	0.1436	0.1314910433707619	0.8951101437664288	0.9826154409269348	0.7647058823529411	False	False	up
LINC00907	0.2108	0.0695212302929601	0.8876059686000448	0.9810556790446354	0.8235294117647058	False	False	up
LINC00923	0.151	-1.064961780870171	0.0353049277768759	0.3452660749784419	1.0	False	False	down
LINC00937	0.5043	-0.0175553874327237	0.9467956427039762	0.9945367494316568	0.8823529411764706	False	False	down
LINC00944	0.7864	0.5871100162255415	0.4143244216158923	0.8340184051931339	1.0	False	False	up
LINC00958	0.583	0.1746507222875299	0.6691118487294487	0.9295037110944796	0.9411764705882352	False	False	up
LINC00960	0.4614	0.9687951300204046	0.0916650104903597	0.504687907701682	1.0	False	False	up
LINC00970	0.5566	0.0049251381178741	0.9925622839373311	0.9989334947898728	0.6470588235294118	False	False	up
LINC00992	0.4154	-1.162889591763362	0.080490892327473	0.4806642355587965	1.0	False	False	down
LINC01006	0.2095	-0.4443051241903404	0.0757656317258464	0.4715121653740489	1.0	True	False	down
LINC01010	0.882	1.7266947722848538	0.0504563985015725		0.8235294117647058	False	False	up
LINC01020	0.2409	-0.6425911852252624	0.5045320645833371	0.8741783926380474	1.0	False	False	down
LINC01033	0.6986	-1.302264202909454	0.1343305485099638		1.0	False	False	down
LINC01060	0.0114	-0.4665132161265386	0.5119089605387533	0.8768856319645209	0.9411764705882352	False	False	down
LINC01088	0.4577	-0.6751262870032426	0.0283288619310577	0.3108740572658355	1.0	False	False	down
LINC01089	0.7328	-0.2881655041235966	0.7047654469558531	0.93926990676191	0.8823529411764706	False	False	down
LINC01090	0.0621	3.063146180548096	6.740066465526455e-06	0.0105871654577994	1.0	False	True	up
LINC01091	0.831	0.0728661189878236	0.8649122343636403	0.9747812091944448	0.8823529411764706	False	False	up
LINC01098	0.7192	-0.4444804307302226	0.7375519028928403		0.8235294117647058	False	False	down
LINC01099	0.291	-1.5533946668993084	0.1789400630346129	0.6428739334867031	1.0	False	False	down
LINC01111	0.332	-0.3172418066742452	0.7640149540811418	0.9538869623071646	0.7058823529411765	False	False	down
LINC01117	0.0658	1.2931530091864465	0.0078949787566059	0.1772464789344567	1.0	False	False	up
LINC01118	0.7686	-0.2849266761801687	0.5880816586093622	0.9064367022549278	0.9411764705882352	False	False	down
LINC01119	0.6162	-1.0570364627361903	0.1959970129327748		0.8235294117647058	False	False	down
LINC01122	0.2409	-0.7926815202474278	0.0840584351284483	0.4879425100923309	1.0	False	False	down
LINC01135	0.9406	-0.5588831070663643	0.0740785929139929	0.4665496351329613	1.0	True	False	down
LINC01139	0.1978	-0.320918761921758	0.7087415137890274	0.940266207567468	0.8823529411764706	False	False	down
LINC01170	0.897	-0.6954843591277	0.4999775053458379		0.8235294117647058	False	False	down
LINC01182	0.2259	1.4674736899387573	0.005737880962646	0.1573117921915038	1.0	False	False	up
LINC01184	0.3761	0.0385919259756773	0.8718001368846665	0.976666810162815	0.7647058823529411	True	False	up
LINC01185	0.4695	-3.072071745715336	0.0015096015646138	0.0873200905021729	1.0	True	False	down
LINC01187	0.154	-0.8663619755561578	0.5480135404111827	0.8903834326431107	0.9411764705882352	False	False	down
LINC01191	0.25	-0.2530041996017011	0.6501686249114933	0.9233306925019318	0.9411764705882352	False	False	down
LINC01197	0.1745	-0.8790204868079435	0.3159142032466386	0.7760113228541231	1.0	True	False	down
LINC01205	0.2517	-2.273638645360057	0.0088247992313911	0.1857650999977779	1.0	False	False	down
LINC01208	0.5332	-2.220836857484665	0.018050592727612	0.2494322709394704	1.0	False	False	down
LINC01235	0.7786	0.0470711104524102	0.9478074419156036	0.9945367494316568	0.7647058823529411	False	False	up
LINC01237	0.8458	-0.5430896651940529	0.4492131837769649	0.8513656640211837	1.0	False	False	down
LINC01239	0.0764	-0.5789972635850246	0.0845531504209442	0.4890044149137545	1.0	False	False	down
LINC01252	0.705	-1.103734522236223	0.054207286265797	0.40793748592883	1.0	False	False	down
LINC01266	0.0462	-0.9439947430061956	0.0158239372722214	0.2325355438107399	1.0	False	False	down
LINC01277	0.5098	-0.5193376956284986	0.3089876339096553	0.7727310274953232	1.0	False	False	down
LINC01284	0.2918	-0.639456960835188	0.4055266526427772		1.0	True	False	down
LINC01285	0.4282	-0.5753954617346329	0.2666122027457804	0.7431112329006578	1.0	True	False	down
LINC01301	0.6302	-0.4043455939779627	0.3173878928064029	0.7760113228541231	1.0	False	False	down
LINC01303	0.8656	0.6201717596591638	0.5944007544324782		0.8235294117647058	False	False	up
LINC01320	0.0922	-0.056384809404292	0.883884708092365	0.9797898638347936	0.8235294117647058	False	False	down
LINC01322	0.3347	1.1010911848087284	0.0691863927257862	0.4551341616278064	1.0	False	False	up
LINC01340	0.5542	-0.4047024548218544	0.6098485736339568	0.9144944263901312	1.0	False	False	down
LINC01341	0.6216	-1.0785257935372818	0.1228012488484343	0.5595670128249636	1.0	False	False	down
LINC01349	0.5532	-0.1034959007663244	0.8855988975305837	0.9804425568896856	0.7647058823529411	False	False	down
LINC01350	0.9958	0.905610997008779	0.3168033298356973		0.8235294117647058	False	False	up
LINC01357	0.1574	-0.4483742977020522	0.7144264638348781		0.4705882352941176	True	False	down
LINC01362	0.7466	1.322461687535389	0.0899624365011791	0.5009989132370691	1.0	False	False	up
LINC01374	0.1584	-0.7836636244847172	0.3464054567919835	0.796057392168698	1.0	True	False	down
LINC01376	0.6802	0.0238176550639196	0.9344218053822922	0.9916121325170252	0.7647058823529411	False	False	up
LINC01416	0.6154	0.4649632627836428	0.563532125991998	0.8984110309535204	0.9411764705882352	False	False	up
LINC01422	0.741	-0.0520075120385652	0.8949770699688764	0.9825762398244084	0.8235294117647058	False	False	down
LINC01426	0.7264	0.308743122013977	0.6854292931373074	0.933001746668276	1.0	False	False	up
LINC01428	0.0362	-1.2362309159377918	0.0853978770595313	0.491115005778075	1.0	False	False	down
LINC01435	0.0556	-2.441426843011994	0.0061741543669071	0.1626228159140724	1.0	False	False	down
LINC01446	0.0932	0.8704404222602882	0.6828026702466395	0.9324176761626952	0.9411764705882352	False	False	up
LINC01449	0.9486	0.1970230533833991	0.7144038779406119		1.0	False	False	up
LINC01470	0.5312	-1.143495064511877	0.2186241279298461	0.6917001044541462	1.0	False	False	down
LINC01473	0.601	-0.1755854841498829	0.5166288229879896	0.8787386788602273	0.9411764705882352	False	False	down
LINC01482	0.5758	-0.3739246232326231	0.4541393341430463	0.8513656640211837	1.0	False	False	down
LINC01483	0.612	-0.8350745215291084	0.3649829784156911		1.0	False	False	down
LINC01500	0.4164	-0.4668568232261436	0.5712508157629321	0.9014603115976516	0.9411764705882352	False	False	down
LINC01503	0.775	-0.6307440796382666	0.4676288655709685	0.857943043377131	1.0	False	False	down
LINC01505	0.1718	0.213050021892224	0.6167173824906718	0.9158861650963964	0.8823529411764706	False	False	up
LINC01508	0.768	-0.0879172295309008	0.8517962657608324	0.9725490252806572	0.7647058823529411	False	False	down
LINC01510	0.5982	0.141406915276648	0.8659747674014694	0.9747812091944448	0.8235294117647058	True	False	up
LINC01515	0.0422	-0.4784667235180936	0.2926851543672767	0.7627789354798887	1.0	False	False	down
LINC01517	0.388	-0.5678659543377029	0.2596654973607337	0.7359469049200408	1.0	False	False	down
LINC01524	0.1214	-1.3749509234561357	0.0829610628795059	0.4867509797747759	1.0	False	False	down
LINC01538	0.4996	-1.0507320760881356	0.3472094081680948		1.0	False	False	down
LINC01562	0.8586	-1.181119360449626	0.1211783284818773		0.8235294117647058	False	False	down
LINC01564	0.8264	0.8392877568176665	0.3361332318933034	0.786437131094214	0.9411764705882352	False	False	up
LINC01572	0.0488	-0.6201244017259959	0.0392677282732396	0.3575683378398102	1.0	False	False	down
LINC01594	0.263	0.5032081620027166	0.315456514879178	0.7760113228541231	1.0	False	False	up
LINC01605	0.3228	1.1972228432091057	0.1291245490475672	0.5712566943596956	1.0	False	False	up
LINC01606	0.0908	-0.7644949216591553	0.4895753294903483	0.868790364209504	1.0	False	False	down
LINC01619	0.6579	-0.5963714297640016	0.3551421206067936	0.8002362173770555	0.9411764705882352	False	False	down
LINC01622	0.0136	0.6469931476792613	0.3751127598773364	0.8116193116223397	0.9411764705882352	False	False	up
LINC01645	0.148	-0.4254347041885585	0.6787235603014402	0.9317020633353053	0.9411764705882352	False	False	down
LINC01684	0.6548	0.4203570212305784	0.7288430386858006		0.8235294117647058	False	False	up
LINC01687	0.2992	-1.9401646167234337	0.1103688873631487	0.5392318942055131	1.0	False	False	down
LINC01693	0.996	1.6689462312204986	0.3154073715930066		0.8235294117647058	True	False	up
LINC01695	0.0877	-0.5847140179298985	0.122612685915523	0.5592260721255304	1.0	False	False	down
LINC01697	0.2062	-0.1852564609054353	0.6466398149697786	0.9224808716617084	0.9411764705882352	False	False	down
LINC01725	0.314	-0.3286377208593483	0.1275204191349793	0.5700574556840192	1.0	False	False	down
LINC01727	0.6808	0.696854917158431	0.385275588883281	0.8161224351780165	0.9411764705882352	False	False	up
LINC01748	0.1237	-0.1447385622060342	0.9215336386157076	0.9893539766826128	0.8235294117647058	False	False	down
LINC01762	0.249	-0.1274790299945515	0.8861880730450811	0.9805171463067248	0.7647058823529411	False	False	down
LINC01781	0.0952	-0.0131010340831493	0.9755961922664668	0.9964140084463626	0.7647058823529411	False	False	down
LINC01788	0.0704	-0.694199015884892	0.4274171575592989	0.841659628921253	1.0	False	False	down
LINC01789	0.4465	0.5467408863582458	0.6216198807337376	0.9172079323378396	0.9411764705882352	False	False	up
LINC01798	0.5522	0.3844101758119995	0.584694047508636	0.9049566842342476	1.0	False	False	up
LINC01811	0.5626	-0.642276529580845	0.5265697362438019	0.8822267538142128	1.0	False	False	down
LINC01829	0.7496	-0.0454330661237028	0.8935390471854905	0.9825762398244084	0.8235294117647058	False	False	down
LINC01836	0.7778	-1.9082998826463544	0.0382121929407597	0.3547072661272539	1.0	False	False	down
LINC01876	0.0262	-0.0445978619639051	0.9517892110240002	0.9946677306023096	0.8235294117647058	False	False	down
LINC01877	0.5149	0.8200184609133181	0.3577136420389297	0.8009534673973157	0.9411764705882352	False	False	up
LINC01889	0.2834	-1.8593459331251905	0.0748418928848415		0.8235294117647058	False	False	down
LINC01905	0.354	-0.1006610124576247	0.8869480395511278	0.9809385942868328	0.8235294117647058	False	False	down
LINC01917	0.2787	-1.4193249787338	0.0821642814776887		1.0	False	False	down
LINC01931	0.6934	1.7968237502081574	0.0302370082783543	0.3217863435106254	1.0	False	False	up
LINC01933	0.6338	-0.4587215822594096	0.4839663749524983	0.8659562562640434	0.9411764705882352	False	False	down
LINC01948	0.5484	-0.4853237111147748	0.1316119942102481	0.5746823311430314	1.0	False	False	down
LINC01950	0.5909	-1.6922867460390527	0.0952789677120256		0.8235294117647058	False	False	down
LINC01965	0.6462	-1.334481867769457	0.2237143034891334	0.6961573790009954	1.0	False	False	down
LINC01967	0.169	0.4338508819092205	0.5651907488171697	0.8992632342543935	0.9411764705882352	False	False	up
LINC01990	0.8524	0.612165629859018	0.4800506868853073		1.0	False	False	up
LINC02006	0.077	0.1891264886392905	0.829237998074879	0.969075023124018	0.8823529411764706	False	False	up
LINC02009	0.9787	-0.3654070561543301	0.8186847293058716		0.7058823529411765	False	False	down
LINC02015	0.688	0.0026683512169434	0.9967096254951844	0.9995526864259706	0.7647058823529411	False	False	up
LINC02018	0.347	-0.0821677029991027	0.7884780408940256	0.9591794724277836	0.8823529411764706	False	False	down
LINC02027	0.131	-0.4594268140428411	0.415617185411871	0.8344218752335484	1.0	False	False	down
LINC02028	0.979	-1.8740172767817864	0.0256930896110249		1.0	False	False	down
LINC02055	0.0364	-3.5163327433685967	4.913368330963035e-05	0.0195870764545148	1.0	False	True	down
LINC02061	0.3278	-1.6028369704647634	0.0776079667390615	0.4741994653691624	1.0	False	False	down
LINC02062	0.7894	-0.1109007772105678	0.7514233484070575	0.9494855461323825	0.9411764705882352	True	False	down
LINC02068	0.2314	-0.3517260374614505	0.3065741486715588	0.7716625853138634	1.0	False	False	down
LINC02082	0.892	0.3222332097703451	0.6035721688213753		1.0	False	False	up
LINC02086	0.6512	-0.5492220355021232	0.3945374856380085	0.8196735634397372	1.0	False	False	down
LINC02109	0.78	-2.0671811112702367	0.0960257714917183	0.5120485743115789	0.8235294117647058	False	False	down
LINC02112	0.4374	-0.7890758410394898	0.2477071880739997	0.7200790350988363	1.0	False	False	down
LINC02119	0.6928	-1.0967117099886243	0.2845067293304206	0.7576215866230657	1.0	False	False	down
LINC02133	0.5175	-0.7171291537091448	0.3688268602513205		1.0	False	False	down
LINC02147	0.1404	-0.5108826296803777	0.4380107447148914	0.8475584233787198	1.0	False	False	down
LINC02149	0.5094	-4.308532759487402	0.000805834407957	0.0738264442072482	1.0	False	False	down
LINC02196	0.3016	0.4839301182928518	0.5474632799577106	0.8903749943130963	0.9411764705882352	False	False	up
LINC02197	0.4324	-1.4820875480191236	0.0988149156358805	0.5164207454108366	1.0	False	False	down
LINC02198	0.65	-1.595904435921919	0.0816755242239981		0.8235294117647058	False	False	down
LINC02204	0.4238	-0.2442848849489184	0.8027331735474409		0.8823529411764706	False	False	down
LINC02208	0.782	1.1279645612754696	0.0936486539377987	0.5091476762191417	1.0	False	False	up
LINC02211	0.0562	-5.190023909737789	0.0035360069823241	0.1241811975935282	1.0	False	False	down
LINC02220	0.0609	-1.139003110387954	0.2559445155323511	0.729926837606763	1.0	False	False	down
LINC02234	0.5734	-0.7745986755364137	0.4753978296995529		0.8235294117647058	True	False	down
LINC02235	0.5951	-0.2454169709719898	0.5669667281110262	0.8998987667747376	1.0	False	False	down
LINC02240	0.8384	0.0196391645354432	0.9746244983635494	0.9961924130086977	0.7058823529411765	False	False	up
LINC02245	0.8178	-0.1458534331597281	0.6788272622624605	0.9317020633353053	0.9411764705882352	False	False	down
LINC02246	0.6882	-0.5479566355677352	0.1101962017087246	0.5389237318314615	1.0	True	False	down
LINC02250	0.696	1.4577509319649584	0.0771416910029404	0.4734136408203171	1.0	False	False	up
LINC02254	0.7106	0.1846477701335802	0.774485717116602		0.8235294117647058	True	False	up
LINC02259	0.7647	0.9988612466565248	0.1501821632087698		0.9411764705882352	False	False	up
LINC02274	0.2514	-1.0457857413380445	0.2234074701064055	0.6961242182663939	1.0	False	False	down
LINC02275	0.4565	-0.3685447871446211	0.4526986066770729	0.8513656640211837	1.0	False	False	down
LINC02284	0.0708	-0.0674856643919995	0.8858553650287839	0.9804425568896856	0.8823529411764706	False	False	down
LINC02294	0.7571	-0.0082912288866959	0.9917253252401236	0.9989334947898728	0.7058823529411765	False	False	down
LINC02303	0.383	-0.4592166626805346	0.6763014049792458	0.9315881325591966	0.9411764705882352	False	False	down
LINC02306	0.3312	-0.9034129259642104	0.2274509546021008		0.8235294117647058	False	False	down
LINC02315	0.2588	-1.2125223291241376	0.3315329519806466	0.7835003296181506	1.0	False	False	down
LINC02328	0.946	0.7715563946774247	0.4652209408560024	0.8568572753202598	0.9411764705882352	False	False	up
LINC02331	0.709	-0.7908725143718064	0.1702709968696054	0.6307952468131619	1.0	False	False	down
LINC02334	0.3866	0.9134029966079048	0.07835547565885	0.4763027689509	1.0	False	False	up
LINC02336	0.0894	-1.2345426264761286	0.1640192873361506	0.6231942084780019	1.0	False	False	down
LINC02340	0.7501	-1.077149202695358	0.0669315461648625	0.4491901453424042	1.0	True	False	down
LINC02341	0.4496	-0.6001591766812842	0.5689600994857473	0.9003701502989496	0.9411764705882352	False	False	down
LINC02343	0.454	-1.2953373348933583	0.2343325274212002	0.7068277388919528	1.0	False	False	down
LINC02351	0.067	-0.6075204075057676	0.3974281415151647	0.8220929579805383	0.9411764705882352	False	False	down
LINC02356	0.6668	-2.0875964772538365	0.0262596772838147	0.2984054236797129	1.0	False	False	down
LINC02365	0.2396	1.3278263301265294	0.2217716772767641	0.6949550321378383	1.0	False	False	up
LINC02384	0.042	-1.3208704311004968	0.1101039963408891	0.5389237318314615	1.0	False	False	down
LINC02391	0.586	0.4445746246334092	0.461049210731529	0.8553385044400782	0.9411764705882352	False	False	up
LINC02398	0.3594	-0.5617203868010026	0.3492372669344747	0.7963263340021961	1.0	False	False	down
LINC02406	0.7428	0.0864171061145443	0.8854944540617872	0.9804425568896856	0.7058823529411765	False	False	up
LINC02427	0.5853	0.5024167500304572	0.3702643375915913	0.8076301691474966	1.0	False	False	up
LINC02432	0.3701	-0.3097875065081036	0.5965730282577286	0.9098802778204425	1.0	False	False	down
LINC02438	0.9584	3.3322410381892453	0.0036974518521488		0.9411764705882352	False	False	up
LINC02447	0.4858	-1.0216654333353463	0.4031133680276206		0.8235294117647058	False	False	down
LINC02450	0.8054	-0.2574808530058446	0.7480731232226605	0.9493313746480464	0.8823529411764706	False	False	down
LINC02458	0.2719	-0.3817216149450842	0.6177405443226638		0.7647058823529411	False	False	down
LINC02471	0.3032	0.1570496432831541	0.8476759660166167	0.9721143885897664	0.8823529411764706	False	False	up
LINC02484	0.6524	-0.8574079941145746	0.3224225466718485	0.7804087219926749	1.0	False	False	down
LINC02492	0.9264	-1.189392286996374	0.3972995516082539		0.8235294117647058	False	False	down
LINC02505	0.2683	1.2698941226509957	0.1406238569798377		1.0	False	False	up
LINC02506	0.5257	1.7524103681012562	0.1898356011928356	0.6573319168235265	1.0	False	False	up
LINC02511	0.2536	-1.2949092606536023	0.1546209647876621	0.6109454140417939	1.0	False	False	down
LINC02519	0.7794	-0.9740892045912452	0.1892503844817125	0.6568101579071198	1.0	False	False	down
LINC02542	0.8497	1.097094181981542	0.0802699745199833	0.4803665568902995	1.0	False	False	up
LINC02558	0.6013	-1.6077406158541956	0.008175175639024	0.1797076612155065	1.0	False	False	down
LINC02568	0.6866	-0.8945598069302843	0.302297946544834	0.7691308149288614	1.0	False	False	down
LINC02605	0.293	-0.7356157090084159	0.0822080050181942	0.4857773702103037	1.0	False	False	down
LINC02606	0.1278	0.7890909371328768	0.3917638398024741	0.8190969002588754	0.9411764705882352	False	False	up
LINC02609	0.3284	-0.3922300378687124	0.4842036698780535	0.8659562562640434	1.0	False	False	down
LINC02613	0.8132	-1.4078256419094126	0.0426185644914529	0.3695525667500106	1.0	False	False	down
LINC02615	0.0768	0.3880140315486816	0.2115864107226466	0.6820147635837057	1.0	False	False	up
LINC02641	0.6901	0.8269912194069533	0.188247943362152	0.6554736382261395	1.0	False	False	up
LINC02646	0.7704	-0.4051352844895352	0.468698494189135	0.8586652691056547	1.0	False	False	down
LINC02649	0.0732	0.586676833338495	0.2960328644135616	0.7656469840610264	0.6470588235294118	False	False	up
LINC02652	0.3984	-2.182455967073177	0.0444460236323002	0.3761209687759202	1.0	False	False	down
LINC02671	0.5166	0.5748332268353027	0.3921512129846684	0.8190969002588754	1.0	False	False	up
LINC02672	0.3062	-3.172001515463806	0.0803107748672188	0.4803665568902995	0.8235294117647058	False	False	down
LINC02680	0.6202	-0.0006568496435329	0.998991060750966	0.9995526864259706	0.8235294117647058	False	False	down
LINC02694	0.6346	0.2621828699553999	0.4651579790758824	0.8568572753202598	1.0	False	False	up
LINC02698	0.0954	0.9495695426379877	0.0607605562460127	0.4291072965662894	1.0	False	False	up
LINC02718	0.9787	0.0521233932532477	0.91411164671375	0.987794725508059	0.8823529411764706	False	False	up
LINC02732	0.7674	0.7350146206148311	0.3827016877342585	0.8150962933474489	1.0	False	False	up
LINC02742	0.5328	0.405026178521053	0.6302628576046327	0.9194242506157532	1.0	False	False	up
LINC02762	0.6562	-0.0861203030072142	0.8213847054406334	0.9672746742001436	0.7647058823529411	False	False	down
LINC02763	0.3178	-0.0717171744124855	0.8990917196128041	0.984037257472276	0.8235294117647058	False	False	down
LINC02774	0.3121	-0.247703019263758	0.7742173514601272	0.9565839754905506	1.0	False	False	down
LINC02794	0.3656	1.1051072914905284	0.0784721650500536	0.4763027689509	1.0	False	False	up
LINC02795	0.1526	-1.9063239877285527	1.0270317180111468e-05	0.0112764719569824	1.0	False	False	down
LINC02798	0.0656	-1.2860053169224892	0.1619004180837966	0.6215078061080549	1.0	False	False	down
LINC02811	0.9768	0.7509995606908052	0.5754318747930931		0.8235294117647058	False	False	up
LINC02814	0.1908	0.0282397813409614	0.9812128151936788		0.7058823529411765	False	False	up
LINC02853	0.8406	-1.101420569086962	0.0041978557775349	0.1340696034483111	1.0	False	False	down
LINGO2	0.4088	-0.5839173722941587	0.331760884049188	0.7835003296181506	1.0	False	False	down
LIPA	0.3389	0.9441424578943848	0.0463711455058197	0.3825355937626547	1.0	False	False	up
LIPC	0.4591	-0.5094979260617055	0.3331775389665681	0.7838278433508414	1.0	False	False	down
LIPE-AS1	0.1531	-0.3496544021190953	0.2392221222492935	0.7128335966014301	1.0	False	False	down
LIPG	0.7059	-0.313684048182617	0.6033048341576479	0.912196965853536	0.9411764705882352	False	False	down
LIPH	0.261	0.0244979533347313	0.9800804408750768	0.9966887843469237	0.7058823529411765	False	False	up
LIX1	0.531	-0.7016756875022114	0.4609076177098619	0.8553385044400782	0.8235294117647058	False	False	down
LIX1-AS1	0.6276	-0.1911590678917242	0.680434123538965	0.9318135818132088	0.9411764705882352	False	False	down
LMCD1	0.074	0.9677811607719626	0.1438688806694986	0.5932530024811586	0.9411764705882352	False	False	up
LMCD1-AS1	0.2424	0.3599255054533493	0.1806799348980883	0.6446000480346233	0.9411764705882352	False	False	up
LMNA	0.0174	-0.730860490367487	0.0993406408794144	0.5168516588964244	1.0	False	False	down
LMNB1	0.6272	0.7090473788581577	0.254070255076577	0.7274664339403725	1.0	False	False	up
LMNTD1	0.9716	-0.2378995753571678	0.7918169719390297		0.7058823529411765	False	False	down
LMO3	0.7157	0.6332135092163308	0.4432057750714614		1.0	False	False	up
LMO7	0.296	-0.5084350359497476	0.1743842516058206	0.6374641167746851	1.0	False	False	down
LMO7-AS1	0.6758	0.5750595105351316	0.4076745407333805	0.8303006242528754	0.9411764705882352	False	False	up
LMX1B	0.3127	-1.3897885940435564	0.2626343458533985		0.8235294117647058	False	False	down
LNCSRLR	0.7682	0.1324673777009998	0.7985513637306434	0.9627716829973384	0.9411764705882352	False	False	up
LNP1	0.9105	-0.602567732901361	0.2488817166918596	0.721408540534504	1.0	False	False	down
LNX1	0.4072	-0.6696909577327099	0.3158984696272018	0.7760113228541231	1.0	False	False	down
LNX1-AS1	0.6804	0.665119894721954	0.596645334482265	0.9098964726647444	0.9411764705882352	False	False	up
LONRF2	0.7114	0.2645080874472063	0.6632949305345788	0.9276822797991952	1.0	False	False	up
LONRF3	0.907	0.2815964310234753	0.5333386530429002	0.8856487409967495	0.9411764705882352	True	False	up
LOXL1	0.7708	-0.3037241383205517	0.4914416054081723	0.8696382331222892	1.0	False	False	down
LOXL2	0.9236	0.2811533209148661	0.524926779328363	0.8815784313690036	1.0	False	False	up
LOXL4	0.8691	-0.761209718982414	0.1430953451425873	0.5915131566034546	1.0	False	False	down
LPA	0.225	0.7784208511294106	0.4282287335140022	0.8418464373359368	0.9411764705882352	False	False	up
LPAR1	0.3784	0.2620234401919853	0.6139400202202041	0.9154483722450476	0.9411764705882352	False	False	up
LPCAT2	0.7758	-1.5487240238129625	0.0193933913132195	0.2594700090304243	1.0	False	False	down
LPIN1	0.4676	-0.9433737133598852	0.1157004104872386	0.5462807473389149	1.0	False	False	down
LPIN2	0.1726	-0.1821532058407572	0.6453171202040884	0.9219698207131176	0.9411764705882352	False	False	down
LRAT	0.6464	0.123894266255241	0.8105324128589735	0.9656209587004166	0.8823529411764706	False	False	up
LRFN5	0.4518	-0.5797805834487775	0.4970933611234451	0.8704887898101409	1.0	False	False	down
LRGUK	0.6908	-0.1171096034289116	0.6784509460089883	0.9317020633353053	0.9411764705882352	False	False	down
LRIG1	0.8649	-0.0194196033966965	0.9518152817408448	0.9946677306023096	0.8235294117647058	False	False	down
LRIG3	0.3502	0.0398184486322217	0.9141836684483806	0.987794725508059	0.7647058823529411	False	False	up
LRMDA	0.0773	0.1108437419620272	0.7765560774624763	0.9565839754905506	0.9411764705882352	False	False	up
LRMP	0.0902	-0.1515161491598518	0.8150094938447063	0.9663007438684964	0.8235294117647058	True	False	down
LRP1B	0.0403	-0.5201718747077991	0.4481483526117583	0.8513656640211837	0.9411764705882352	False	False	down
LRP2	0.1192	-0.2731823200398616	0.5480536396587663	0.8903834326431107	0.9411764705882352	False	False	down
LRP3	0.5362	0.9347769387055738	0.3799498563972275		0.8235294117647058	False	False	up
LRP4	0.7928	-1.1536188541697563	0.1227789781633191	0.5595670128249636	1.0	False	False	down
LRRC1	0.7246	-0.2437737144527913	0.409189639605668	0.8306560947128548	1.0	False	False	down
LRRC41	0.1648	0.2977493711492563	0.3066862347798402	0.7716625853138634	0.9411764705882352	False	False	up
LRRC49	0.8428	-0.2155351917155306	0.4044210568752829	0.8276153165127473	1.0	False	False	down
LRRC4C	0.0538	-3.864331229943152	0.0034804089565695	0.1234039233399048	1.0	False	False	down
LRRC7	0.4847	0.1482192535539909	0.8052442269581173	0.964775594804015	0.8823529411764706	False	False	up
LRRC8C	0.6614	0.9439703559832452	0.0392647620647474	0.3575683378398102	1.0	False	False	up
LRRC9	0.5626	0.3625583809571494	0.6367611375748948	0.9211100239498224	0.9411764705882352	False	False	up
LRRIQ1	0.6918	-0.291085897391561	0.2557767949657362	0.729589581462891	1.0	False	False	down
LRRIQ3	0.3684	-0.8961095966992147	0.0775547257513418	0.4741494845807418	1.0	False	False	down
LRRK1	0.2266	0.1617006225759132	0.7156081942946342	0.9411699389965096	0.9411764705882352	False	False	up
LRRK2	0.0726	-0.3923306774319876	0.2647475814541213	0.7419773563458656	1.0	False	False	down
LRRN1	0.3722	1.1075949461200227	0.0758157788934669	0.4715121653740489	1.0	False	False	up
LRRN2	0.4434	-1.2805108651760913	0.0143873243349486	0.2267233268595001	1.0	False	False	down
LRRTM4	0.4096	1.0744193249489888	0.0817984341231476	0.4848787309675574	1.0	False	False	up
LRTM1	0.9634	0.8778006604642945	0.2986766972075778		1.0	False	False	up
LSAMP	0.0062	-0.0904042589177834	0.9144917394395776	0.987794725508059	0.8235294117647058	False	False	down
LSP1	0.4394	-1.5015034279723425	0.5343035280356138		0.8235294117647058	False	False	down
LTB	0.664	1.3863781484424402	0.3608273635456712		0.8235294117647058	False	False	up
LTBP1	0.142	-0.7152630090426665	0.2357757644982745	0.7078050190513654	1.0	False	False	down
LTBP2	0.4234	1.5613834715349266	0.0139233133026915	0.2241722094472308	1.0	False	False	up
LUCAT1	0.6694	1.115211616365521	0.3375859436105834	0.7876805083586034	0.9411764705882352	False	False	up
LURAP1L	0.486	0.0727791026928194	0.8044488310374933	0.9645751938080632	0.8823529411764706	False	False	up
LURAP1L-AS1	0.8493	1.5093021433390144	0.0051621259085333	0.1460498941254645	1.0	False	False	up
LUZP2	0.5406	-0.2500752788828272	0.7149704475464985	0.941054980113967	0.9411764705882352	False	False	down
LY6E-DT	0.4436	0.2510594879317672	0.6969189116427573	0.9372823278040624	0.9411764705882352	False	False	up
LY86	0.9516	1.0139558599588454	0.6113796441975299		0.8235294117647058	False	False	up
LY86-AS1	0.6022	-1.6296696684567225	0.0976803853976029	0.5151136762832351	1.0	False	False	down
LYG1	0.6983	-0.1140370939603787	0.6651285767567823	0.928774638565042	0.9411764705882352	False	False	down
LYN	0.285	0.6496696406760623	0.111375189413384	0.539924697904914	1.0	False	False	up
LYPD6	0.7312	-0.2559389560606901	0.8065593920112385		0.6470588235294118	False	False	down
LYPD6B	0.8294	-0.8594727331068222	0.4614723182748976	0.8553385044400782	1.0	False	False	down
LYPLAL1-AS1	0.433	0.6356940297286731	0.492516823715315	0.8696382331222892	1.0	False	False	up
LYPLAL1-DT	0.8186	-1.0892247876486725	0.0349558811079539	0.3445428392902114	1.0	False	False	down
LZTS1	0.8533	0.2841196600127724	0.7266220149741949	0.944551193913872	0.9411764705882352	False	False	up
M1AP	0.9145	-0.7310255273010982	0.3210437335248387	0.7785320411531275	1.0	False	False	down
MACC1	0.3035	0.3176990597696906	0.3843195058568568	0.8156421167465666	0.9411764705882352	False	False	up
MACC1-AS1	0.1484	3.0861111136553894	0.0001496116361782	0.0367795272271611	1.0	False	False	up
MACROD2	0.7994	0.059110525828723	0.7776318558658752	0.9565839754905506	1.0	False	False	up
MACROD2-AS1	0.9818	2.172031794177016	0.0165743895764629		1.0	False	False	up
MAEL	0.3964	-0.1688031981771736	0.7393235340662615	0.9480519669222794	0.8823529411764706	False	False	down
MAF	0.055	-0.522193314898402	0.5389631902296265	0.8876150165861555	0.9411764705882352	False	False	down
MAFF	0.7651	-0.5527626482595263	0.3690415479353177	0.8076301691474966	1.0	False	False	down
MAGI1	0.2801	-0.5635796647014436	0.1523115237856952	0.6075162184529489	1.0	False	False	down
MAGI2	0.026	0.0228302008167833	0.9476237089991764	0.9945367494316568	0.6470588235294118	False	False	up
MAJIN	0.662	-1.0013860179434335	0.1274684311284879	0.5700574556840192	1.0	False	False	down
MAK	0.7802	1.7518645442524363	0.0016148994543111	0.089547996056726	1.0	False	False	up
MAL	0.2692	-0.5667371489122384	0.2950776676563834	0.7648171079386937	1.0	False	False	down
MAL2	0.4186	0.2181616535650935	0.5274925343044725	0.8828452151357051	0.9411764705882352	False	False	up
MAL2-AS1	0.8972	2.7927048096557607	0.0005861165539761	0.0634895531102356	1.0	False	False	up
MALRD1	0.6583	-0.2269247005617735	0.7331801830405968	0.9464242881099628	0.9411764705882352	False	False	down
MALT1	0.0564	-0.1358133907705837	0.6774453431422999	0.9317020633353053	0.9411764705882352	False	False	down
MAMDC2	0.82	1.1012024050038811	0.0410943295123968	0.364048865049762	1.0	False	False	up
MAMDC2-AS1	0.8176	-0.1606561279176122	0.5735895911988638	0.9022551423891692	1.0	False	False	down
MAML2	0.1564	-0.3539285880952334	0.3778312615473271	0.8128329414246228	1.0	False	False	down
MAML3	0.3756	-0.8344013863676466	0.072614933217451	0.46409966860071	1.0	False	False	down
MAMLD1	0.297	1.2268844271167585	0.0085122885851091	0.1830247007775419	0.9411764705882352	True	False	up
MAN1C1	0.723	-0.8977600119396707	0.1847508838363992	0.6508420197245973	1.0	False	False	down
MAOA	0.1104	-0.2144775788104606	0.6598904565224386	0.9270936013526614	0.9411764705882352	True	False	down
MAOB	0.3693	0.2240918434925955	0.4183047076829782	0.8358160983912123	0.9411764705882352	True	False	up
MAP1B	0.8052	1.8454622791482864	0.0017701872241221	0.0929190802697564	1.0	False	False	up
MAP1LC3B2	0.6708	0.1006181113352853	0.8790243434977955	0.978383100006086	0.8235294117647058	False	False	up
MAP2	0.8252	0.4694098170240436	0.286990846163273	0.7602577192723198	0.9411764705882352	False	False	up
MAP2K3	0.7991	0.9401642847875744	0.1171460503123009	0.5482863524211591	0.9411764705882352	False	False	up
MAP2K6	0.092	-0.0417756071626376	0.9514472385624988	0.9946677306023096	0.7058823529411765	False	False	down
MAP3K1	0.279	-0.4616465412384706	0.2761914526533809	0.7512122306172542	1.0	False	False	down
MAP3K13	0.0586	-0.138374539616521	0.6008318730536644	0.9117561859610648	0.9411764705882352	False	False	down
MAP3K15	0.1708	-0.7432109415432238	0.3941848589315574	0.8196735634397372	0.9411764705882352	True	False	down
MAP3K19	0.9304	0.071414784264988	0.9359009029881636		0.6470588235294118	False	False	up
MAP3K20	0.4452	0.2693547261404039	0.6010958196528282	0.9117815034840824	1.0	False	False	up
MAP3K20-AS1	0.949	2.117127836292607	0.0615984590784742		1.0	False	False	up
MAP3K21	0.7332	-0.5402409511124135	0.0367941621901684	0.3490425378466031	1.0	False	False	down
MAP3K5	0.0702	0.0666722851622286	0.8178951427740018	0.966712858121732	0.8823529411764706	False	False	up
MAP3K7CL	0.8126	-0.4130783848241187	0.4848285168583678	0.866071095520413	0.9411764705882352	False	False	down
MAP3K8	0.6126	0.0338941168538359	0.9125540367698852	0.9872504065098876	0.7647058823529411	False	False	up
MAP3K9	0.6416	-0.0252236172770496	0.9489604313782448	0.9945367494316568	0.7647058823529411	False	False	down
MAP6	0.6778	0.1565236967605703	0.837037476361656	0.9695256696792534	0.9411764705882352	False	False	up
MAPK4	0.3836	-0.9247570908342352	0.1088927699902651	0.5362788572424151	1.0	False	False	down
MAPRE2	0.4968	0.7273566634475127	0.0360907550430549	0.3471816948130731	1.0	False	False	up
MAPT	0.577	0.3849468758321029	0.5784710325413824	0.9032675046750056	0.9411764705882352	False	False	up
MARCH1	0.0988	-2.0168827930807134	0.1653687051127844	0.6252728824274516	0.9411764705882352	True	False	down
MARCH3	0.9447	0.1640873139203736	0.7764458558332165	0.9565839754905506	0.8823529411764706	True	False	up
MARK1	0.638	-0.2090052592888235	0.7961524005930005	0.9621029139970744	0.8823529411764706	False	False	down
MASP1	0.7068	-0.1933602441908192	0.5577196642596467	0.8957657638981866	1.0	False	False	down
MAST4	0.0152	0.1018914186257489	0.8291015874667332	0.969075023124018	0.8823529411764706	False	False	up
MAT2A	0.0105	-0.652318709507517	0.1872083710712113	0.6543744070263079	1.0	False	False	down
MB21D2	0.081	-0.1699361210458826	0.7165861549244905	0.9415271994975732	1.0	False	False	down
MBNL2	0.187	-0.4196788268031559	0.3276517542472807	0.7815719619562997	0.9411764705882352	False	False	down
MBNL3	0.4314	0.0218979944692748	0.9434968489226166	0.9943833385608046	0.7647058823529411	True	False	up
MBOAT1	0.561	-0.1065794703391284	0.8267816230996821	0.9686193562257204	0.9411764705882352	False	False	down
MBOAT2	0.1624	-0.2940088033084289	0.4096936849800452	0.8307711898588398	1.0	False	False	down
MCC	0.5506	0.026763174473593	0.9367657087372744	0.991837930074998	0.7058823529411765	False	False	up
MCF2L2	0.6692	0.7754448105381089	0.1255079732700631	0.5654375704744748	1.0	False	False	up
MCOLN2	0.9572	0.4501435643889811	0.7201800821221197	0.9424614632143068	1.0	False	False	up
MCTP1	0.1288	-1.0520818668537406	0.3095610004501208	0.7732760664668717	0.9411764705882352	False	False	down
MCTP2	0.456	-0.0189690375749263	0.95498484982816	0.9946677306023096	0.7647058823529411	False	False	down
MCUB	0.84	0.9768897972561008	0.0317182086103605	0.3290039219429099	1.0	False	False	up
MDFIC	0.4527	-0.4817643708230069	0.4167976689421053	0.8344492791504127	0.9411764705882352	False	False	down
MDGA2	0.8522	0.0676828132768254	0.9146073265538828	0.9878053794149354	0.7647058823529411	False	False	up
MDM2	0.3832	0.1977694704499993	0.5352808926202928	0.8858473951924688	0.9411764705882352	False	False	up
ME1	0.6998	0.6269940006283214	0.114346236064383	0.544787593586311	1.0	False	False	up
MECOM	0.2827	-1.1327662707901138	0.2022032165543708	0.672419224352045	1.0	False	False	down
MEF2C	0.2305	0.8482676718460814	0.195999014575778	0.6655064442879487	0.9411764705882352	False	False	up
MEF2C-AS1	0.2242	-1.1061534028050786	0.1210156806684022	0.5555497322934742	1.0	False	False	down
MEG3	0.0154	1.181049725250855	0.2323035166346483	0.7050150213002097	0.9411764705882352	False	False	up
MEG8	0.04	1.0147260815327763	0.322030350081533	0.7798305144808098	0.9411764705882352	False	False	up
MEGF11	0.7408	1.2395453093347844	0.1395590870267724	0.5876382701589985	1.0	False	False	up
MEGF9	0.1336	-0.3840586583899073	0.1423036079438345	0.5915131566034546	1.0	False	False	down
MEI4	0.4686	0.1055632995415557	0.8124745000803641	0.9663007438684964	0.8235294117647058	False	False	up
MEIS1	0.4984	-0.0640805861375627	0.9049723416096872	0.9853832341075488	0.8823529411764706	False	False	down
MEIS2	0.4798	-0.341932861998714	0.6074932161238903	0.9139060931826372	0.9411764705882352	False	False	down
MELK	0.7934	0.4687382350352314	0.6413173872725246	0.9219129174386276	1.0	False	False	up
MEP1B	0.607	0.6684595593033277	0.4099933783023581		1.0	False	False	up
MET	0.1832	0.5737646662470375	0.1420610988014171	0.5912531623365979	1.0	False	False	up
METTL24	0.8064	-0.1766697875668912	0.6246128769644463	0.917713633970502	0.9411764705882352	False	False	down
METTL25	0.3718	-0.3105730849989975	0.2381239121938912	0.7116250459809467	1.0	False	False	down
MFHAS1	0.4608	0.0393742702654329	0.8542268625006494	0.972567744479894	0.8235294117647058	False	False	up
MFSD2A	0.7726	1.559666101116557	0.0978131122100036	0.5151136762832351	1.0	False	False	up
MGAM	0.4896	-0.1358729623123273	0.8777283598099561	0.978383100006086	0.7058823529411765	False	False	down
MGAM2	0.6996	-0.9301368091838712	0.4265582385161771		1.0	False	False	down
MGLL	0.8788	0.7623994447029312	0.0372051578418479	0.3512628459244943	0.9411764705882352	False	False	up
MGST1	0.1237	0.0883202570586841	0.901477407947417	0.9846564371730904	0.8823529411764706	False	False	up
MICAL2	0.8538	1.9043566779776555	2.6812775227923e-05	0.0158195373844745	1.0	False	False	up
MICAL3	0.4058	0.627490337491475	0.0638845828135686	0.4395044759795416	1.0	False	False	up
MICALL2	0.737	-0.5430128279135562	0.4159347349306523	0.8344492791504127	0.9411764705882352	False	False	down
MID1	0.5866	-0.0194564752363934	0.9559665245279062	0.994964362024257	0.8235294117647058	True	False	down
MIDN	0.3789	-0.6613275469906474	0.0509708893984252	0.3978612298447666	1.0	False	False	down
MIF	0.2413	-1.078813385740921	0.3624488625459678	0.8028084949677533	1.0	False	False	down
MINDY2	0.5946	-0.4055418384467482	0.200130602503725	0.6689160178857794	1.0	False	False	down
MIOX	0.0088	1.9732837842626665	0.0818212312798813	0.4848787309675574	1.0	False	False	up
MIPOL1	0.8573	-0.1058270980662728	0.6454755260042377	0.9220185946700084	0.9411764705882352	False	False	down
MIR100HG	0.1588	-0.2044826176644281	0.5745297587983393	0.9025433699042152	0.9411764705882352	False	False	down
MIR155HG	0.8908	1.7216101613427717	0.047672222668598		1.0	False	False	up
MIR181A1HG	0.66	-0.5251875128653469	0.1617532041696386	0.6215078061080549	1.0	False	False	down
MIR181A2HG	0.651	1.199660313925496	0.0303104010640348	0.3221026049672293	1.0	False	False	up
MIR2052HG	0.8206	0.3218629349221301	0.5000616261736883	0.872091121692593	0.9411764705882352	False	False	up
MIR222HG	0.8544	1.2207001921525868	0.0082599554264394	0.1804920287187443	1.0	True	False	up
MIR3142HG	0.1929	1.1938408309794577	0.024667344820099	0.2892247585895392	1.0	False	False	up
MIR31HG	0.7227	0.918029528010378	0.057133099817513	0.4173698244645205	1.0	False	False	up
MIR34AHG	0.5386	0.1600979454473953	0.559922482677861	0.8967928936211863	1.0	False	False	up
MIR3659HG	0.5026	-1.348577535707001	0.1549919573453571		0.8235294117647058	False	False	down
MIR3681HG	0.725	-1.6184576791755585	0.0902982466411991	0.5013814228492881	1.0	False	False	down
MIR4300HG	0.0036	-4.071445954639253	0.0208673878811711	0.2681132153721905	1.0	False	False	down
MIR4435-2HG	0.5459	1.0851834857948166	0.0010739446114061	0.0784192228625745	1.0	False	False	up
MIR4500HG	0.327	0.4024482019503851	0.6344711178832501	0.92029196467479	0.9411764705882352	False	False	up
MIR503HG	0.494	2.351167987285508	0.0081917822472197	0.1798047442656129	1.0	True	False	up
MIR548A1HG	0.6994	-1.4300617814100467	0.01538208962531	0.231516144870738	1.0	False	False	down
MIR646HG	0.0396	-0.3521154346552596	0.3847026049375668	0.8158682132033229	1.0	False	False	down
MIR924HG	0.2561	0.2536270963074701	0.7994266349003653	0.9629008100650104	0.9411764705882352	False	False	up
MIR99AHG	0.3035	-0.2822347024433712	0.4416994278722077	0.8492882249780851	0.9411764705882352	False	False	down
MIRLET7BHG	0.0794	-0.1272370589572258	0.6123182086922481	0.9147900123287368	0.9411764705882352	False	False	down
MITF	0.6836	0.0454048620533507	0.9091980629846814	0.9864328570015264	0.8823529411764706	False	False	up
MKLN1	0.7672	-0.0854707707481137	0.7785610872290306	0.9568218660746708	0.8823529411764706	False	False	down
MLF1	0.1558	-0.5446861743105724	0.2237064263653637	0.6961573790009954	1.0	False	False	down
MLIP	0.8464	-0.9170451617890784	0.061429097041931	0.4303232742617631	1.0	False	False	down
MLIP-AS1	0.94	1.1945240901956944	0.0976245536770956		1.0	False	False	up
MLLT3	0.8161	-0.3058023804699303	0.4017617812926045	0.825231342997621	1.0	False	False	down
MLPH	0.8048	-2.762758496706084	0.0457449593917491	0.3802030281249682	0.8235294117647058	False	False	down
MME	0.2614	-0.0089656273270413	0.992068436404446	0.9989334947898728	0.7058823529411765	False	False	down
MMP26	0.6704	0.9304429573319742	0.2274290852549764		0.8235294117647058	False	False	up
MMP3	0.9908	0.5104836307129836	0.6180439873182398		0.8235294117647058	False	False	up
MMP7	0.0282	0.5024661654963671	0.4984182033174804	0.871439222264825	1.0	False	False	up
MMS22L	0.522	-0.2180686851909577	0.4445483849851067	0.8509963072478737	0.9411764705882352	False	False	down
MND1	0.6308	-0.5213509939539939	0.4544371227545646		1.0	False	False	down
MNS1	0.1226	-0.3660247627607001	0.4665620285069449	0.8574370695835333	0.9411764705882352	False	False	down
MNX1	0.5568	0.9460989148495058	0.1975287264675331		1.0	False	False	up
MOB3B	0.8164	-0.0688684082583548	0.8035179609672183	0.9643374429893178	0.8823529411764706	False	False	down
MOGAT1	0.2038	-0.4375018951339376	0.5950322192169022	0.9085702488689325	0.8823529411764706	False	False	down
MOGAT3	0.3912	0.5353868988260696	0.5571679609147311	0.8955282285448983	1.0	False	False	up
MORC4	0.8154	1.0279575699057428	0.0149327623618169	0.2306339950127705	1.0	True	False	up
MORN4	0.3966	-0.2126288903814048	0.5843879048313125	0.9047676704378986	0.9411764705882352	False	False	down
MOXD1	0.5598	0.2325133680196963	0.79724791528115	0.9622536775885574	1.0	False	False	up
MPP6	0.2186	0.2233765678135092	0.4772751353103682	0.8622989032126326	0.9411764705882352	True	False	up
MPPED2	0.6269	-1.168702034881934	0.086134521730767	0.4927247305371308	1.0	False	False	down
MRAS	0.3318	-0.1059562981610686	0.7838032498479205	0.9580950268200328	0.9411764705882352	False	False	down
MRC2	0.3764	-2.519232507409671	0.0231310013887552	0.2801716598916762	1.0	False	False	down
MROH8	0.7889	-0.1869748882433607	0.5775035535379447	0.9032675046750056	0.8823529411764706	False	False	down
MROH9	0.7212	1.840439067876178	0.0386656531292124	0.3571185871358069	1.0	False	False	up
MRPS30-DT	0.4106	-0.6928708928496369	0.1302522611550802	0.5729856403332639	1.0	False	False	down
MRPS6	0.3808	-0.0037612185743746	0.9945731922800518	0.999037236145664	0.7647058823529411	False	False	down
MSC-AS1	0.1164	0.4963369477002962	0.2360693595102845	0.7081647158368902	1.0	False	False	up
MSH4	0.0503	-0.2733531111630581	0.7414206637579143	0.9482894970245908	0.9411764705882352	False	False	down
MSMO1	0.5502	-0.03435934695523	0.950155875488705	0.9946677306023096	0.8235294117647058	False	False	down
MSN	0.2452	0.3486276886494445	0.2695331288200336	0.7459626049970912	1.0	True	False	up
MSR1	0.6788	0.1205536501380672	0.834531636354235	0.9695256696792534	0.9411764705882352	False	False	up
MSRB3	0.9622	0.5395949901397313	0.1477922953181176	0.6004764855729259	1.0	False	False	up
MT-ATP6	0.1414	0.5165853277105867	0.8787676469667242	0.978383100006086	0.9411764705882352	True	False	up
MT-ATP8	0.0534	-0.9116222238726676	0.6766694849432993	0.93158969209907	1.0	True	False	down
MT-CO1	0.1804	0.6212659393541278	0.7078632901591638	0.9399517041634556	0.9411764705882352	True	False	up
MT-CO2	0.1202	0.2767315418839109	0.8937342735728554	0.9825762398244084	0.9411764705882352	True	False	up
MT-CO3	0.1493	-0.2654835025316808	0.908634393638752	0.9864328570015264	0.7647058823529411	True	False	down
MT-CYB	0.1878	-0.3986123723186256	0.8871164234545099	0.9809385942868328	0.8235294117647058	True	False	down
MT-ND1	0.0205	-0.7432383894303265	0.6896137636636335	0.9350137790692664	1.0	True	False	down
MT-ND2	0.059	-0.7785168751039078	0.6052125314703481	0.9132363006841572	1.0	True	False	down
MT-ND3	0.2455	-0.6680941571768022	0.8023896635558377	0.9637823727564012	0.9411764705882352	True	False	down
MT-ND4	0.2616	-0.095363856151935	0.964469698531498	0.9958535831160156	0.7647058823529411	True	False	down
MT-ND4L	0.037	-0.9749379419815204	0.521142849373438	0.8799888919363066	1.0	True	False	down
MT-ND5	0.0124	-0.9835061680741296	0.5124598974109567	0.8774998243338299	1.0	True	False	down
MT-ND6	0.0378	-1.69054594891387	0.3249190052231088	0.7811826123945974	1.0	True	False	down
MT1E	0.0368	-0.7093162874019204	0.6355946706795195	0.9210159536813944	1.0	False	False	down
MT1F	0.5527	0.1830772146840792	0.8942470551966621	0.9825762398244084	0.8235294117647058	False	False	up
MT1G	0.0038	-6.314895713445926	0.0027951364176777	0.1100855793767977	1.0	False	False	down
MT1H	0.0446	-0.8264478331990334	0.5866738766287738	0.9062142297910162	1.0	False	False	down
MT1M	0.2784	-2.117434034947185	0.1909196680435567		0.8235294117647058	False	False	down
MT1X	0.2998	-0.0651308384300856	0.9560536189457468	0.994964362024257	0.8235294117647058	False	False	down
MT2A	0.1667	0.1376599062485152	0.907373844205104	0.9862065251506308	0.7058823529411765	False	False	up
MTCL1	0.7364	0.4562013762138941	0.1897581846567297	0.6573319168235265	1.0	False	False	up
MTERF1	0.6098	-0.3036020512278619	0.1820213300238579	0.6461647696394475	1.0	False	False	down
MTFP1	0.493	3.247712499431408	0.0153294527034506		1.0	False	False	up
MTHFD1L	0.1672	1.2636862939419975	0.0013900231501293	0.0840182252326827	1.0	False	False	up
MTHFD2L	0.8408	0.1919238804874095	0.4884478806831954	0.8676539559561869	0.9411764705882352	False	False	up
MTMR10	0.5384	-0.6746567464560638	0.122884684460596	0.5595747881406223	1.0	False	False	down
MTMR8	0.5466	-0.2841171051711786	0.3194717108856005	0.7773274896154411	1.0	True	False	down
MTRNR2L12	0.003	-4.092771039580994	0.0563393683558047	0.4150877538701897	1.0	True	False	down
MTRNR2L8	0.0258	-3.565077997359844	0.1237744796579539	0.5611837974035301	1.0	True	False	down
MTSS1	0.1614	-1.0840205098365123	0.0127877997485576	0.2167002054049903	1.0	False	False	down
MTUS2	0.3554	-0.0411536624399179	0.9537929199725468	0.9946677306023096	0.7647058823529411	False	False	down
MUC1	0.4291	-1.2732297016591845	0.2613336196754016	0.7380185506820167	1.0	False	False	down
MUC19	0.778	0.0096455964222999	0.9906350144992032		0.5294117647058824	False	False	up
MUC22	0.2868	2.530633024623466	0.0009842829076421	0.076302865733207	1.0	False	False	up
MUSK	0.4832	1.8898660091516328	0.0244225544247287		0.8235294117647058	False	False	up
MXD1	0.4478	0.4105129940496826	0.4609147105150292	0.8553385044400782	1.0	False	False	up
MXI1	0.7395	-0.4461168184887899	0.1630729090668187	0.622114526143664	1.0	False	False	down
MXRA5	0.2977	0.882891011268638	0.1848203076947879	0.6509311218954448	1.0	True	False	up
MYBL1	0.8749	0.4763790560392897	0.4861464718964878	0.8667545582585756	0.9411764705882352	False	False	up
MYC	0.3616	1.2614456449191067	0.0197855422197777	0.2616394630373853	1.0	False	False	up
MYCBP2-AS1	0.9538	1.4747381911348294	0.021907477202758	0.2733605298089363	1.0	False	False	up
MYH11	0.211	-0.5499643933942385	0.6289382669982666	0.9190947894411762	0.9411764705882352	False	False	down
MYH7B	0.7454	0.6930882319442196	0.2797589703922575	0.7531977606283976	1.0	False	False	up
MYH9	0.0386	0.5052541980914242	0.2755836603908862	0.7506309738137406	0.9411764705882352	False	False	up
MYLK	0.2863	-0.0709524117587891	0.8764486768353615	0.978383100006086	0.8235294117647058	False	False	down
MYO10	0.4465	0.6182211660669675	0.1830598634033238	0.6481881225704182	1.0	False	False	up
MYO1B	0.098	1.4245214107200368	0.0032112044244204	0.1193079729476129	1.0	False	False	up
MYO1D	0.3492	0.2307569997089873	0.4789263705965242	0.8629608374653835	0.9411764705882352	False	False	up
MYO1E	0.565	1.080269057601252	0.0012203966385993	0.0821956640152536	1.0	False	False	up
MYO3A	0.3434	-0.2663788990335137	0.5395479191363035	0.8876506356706431	0.9411764705882352	False	False	down
MYO3B	0.3257	-1.916494193566068	0.0629882631057998	0.4361863290190365	1.0	False	False	down
MYO5B	0.4812	0.9433584002645502	0.0592425821903469	0.4255875072829961	0.9411764705882352	False	False	up
MYO9A	0.6676	-0.6601746849896296	0.102248630550856	0.5227616293327993	1.0	False	False	down
MYOCOS	0.3426	0.7417289523352144	0.4224704157378837	0.83891203986723	1.0	False	False	up
MYOF	0.2293	0.5109420335442939	0.1359727818243822	0.5811585347813387	1.0	False	False	up
MYOM1	0.1366	-1.00597443366656	0.0995082821625405	0.5171765898158819	1.0	False	False	down
MYRFL	0.063	-0.1643174161874615	0.7297230066256215	0.9461017677721212	0.8823529411764706	False	False	down
MYRIP	0.0142	0.3302629640608818	0.5132436652253501	0.8777098001672178	0.9411764705882352	False	False	up
NAALADL2	0.0272	-0.0912313381727953	0.7261277352737472	0.9444187888098546	0.8823529411764706	False	False	down
NABP1	0.9588	0.6268418747167588	0.1859035074778142	0.6525646680860924	1.0	False	False	up
NALCN	0.6845	0.2680946137865748	0.7394046461960948	0.9480519669222794	0.9411764705882352	False	False	up
NAMPT	0.8546	0.8749408258639457	0.1962155152612545	0.6655064442879487	0.9411764705882352	False	False	up
NAT1	0.5096	-0.855285389549224	0.1702128086620388	0.6307952468131619	1.0	False	False	down
NAT8	0.2224	0.6505750932439067	0.6164774574279608	0.9157279001502492	0.9411764705882352	False	False	up
NAV2	0.2158	-0.2636541932423804	0.6624425869340353	0.927628371437108	0.8823529411764706	False	False	down
NAV3	0.7504	0.4448097955570843	0.2134063385265426	0.6842920637535879	1.0	False	False	up
NCALD	0.6248	-0.1001460296043111	0.7947714209391108	0.9617597014613296	0.8823529411764706	False	False	down
NCAM1	0.6312	0.3259466460912442	0.6211210959395028	0.9169788975185332	1.0	False	False	up
NCAM2	0.2382	-0.7023893362179664	0.2654657007716474	0.7423823015131309	1.0	False	False	down
NCAPG2	0.6656	0.1227913864143714	0.7650474456202393	0.9542875114501927	0.9411764705882352	False	False	up
NCEH1	0.1072	-0.0246283304963619	0.9490240507288524	0.9945367494316568	0.7647058823529411	False	False	down
NCKAP5	0.2438	0.1836344328915665	0.7002254362762825	0.9372823278040624	0.8823529411764706	False	False	up
NCKAP5-AS2	0.7164	0.8872617262834904	0.4451537882956785	0.8509963072478737	1.0	False	False	up
NCMAP	0.7798	-0.1063561378416093	0.8313036577073262	0.9695256696792534	0.8823529411764706	False	False	down
NDRG1	0.0162	1.6654975186544352	0.0001666806587648	0.0386712044041445	1.0	False	True	up
NDST3	0.6282	0.6390847006049551	0.2063016495376092	0.6767717211462448	1.0	False	False	up
NDUFAF2	0.7706	0.2780695639136502	0.2595487569777047	0.7357955343880732	0.9411764705882352	False	False	up
NEAT1	0.032	0.9767919098193542	0.0200043141866476	0.2623529071471157	1.0	False	False	up
NEBL	0.0582	-1.2339291155632912	0.06077011381289	0.4291072965662894	1.0	False	False	down
NECAB1	0.3894	-0.2459780111927249	0.5924797854877097	0.908367129137578	0.9411764705882352	False	False	down
NECTIN3-AS1	0.9156	-0.2841201657614278	0.5991402689716858	0.9108982748816536	0.9411764705882352	False	False	down
NEDD4	0.2188	0.1720725211175449	0.6063543772103862	0.9134879208528638	1.0	False	False	up
NEDD9	0.1358	0.1548717176344697	0.7352168024803152	0.9468554570188418	0.9411764705882352	False	False	up
NEFM	0.701	0.9346209780007456	0.5221524578370351		1.0	False	False	up
NEGR1	0.562	-0.3435774674389442	0.4786028725182261	0.8629608374653835	1.0	False	False	down
NEK10	0.5958	-0.1924006930478691	0.5545088644872018	0.8937507698901191	1.0	False	False	down
NEK5	0.5756	-0.3123555968202637	0.5425544006917962	0.8880635939796246	0.9411764705882352	False	False	down
NELL1	0.2754	-0.0413884748211199	0.9609519351669786	0.995163193386602	0.7058823529411765	False	False	down
NET1	0.6864	0.5932395688414562	0.1324476587153693	0.5753551167128934	1.0	False	False	up
NETO2	0.8984	1.1269805734302918	0.2141735932790964		1.0	False	False	up
NEURL3	0.7752	-0.1864133913562594	0.7530077685338891	0.949883470928508	0.8823529411764706	False	False	down
NEXMIF	0.8758	-0.3187202813545531	0.4337795441784369	0.8446477383181402	1.0	True	False	down
NEXN	0.5257	0.1827429000073031	0.5792929949587906	0.9032838146362788	0.9411764705882352	False	False	up
NF2	0.2908	0.3060219793763276	0.3826346469248725	0.8150962933474489	1.0	False	False	up
NFAT5	0.0662	-0.4589903599132657	0.3301161979418314	0.7825481250321586	0.9411764705882352	False	False	down
NFATC1	0.4209	0.4475837243483224	0.3726753049030924	0.8090999343103228	0.9411764705882352	False	False	up
NFATC2	0.4588	-0.975244480419072	0.3850434446040258	0.8159037544811639	1.0	False	False	down
NFATC4	0.422	-2.9687489404956047	0.024978774903416	0.2903364301224478	0.8235294117647058	False	False	down
NFE2L2	0.06	-0.0944402149914169	0.7425956075767102	0.9482894970245908	0.8823529411764706	False	False	down
NFE4	0.8146	2.2735072867773933	0.0098611283899523		1.0	False	False	up
NFIL3	0.7144	0.2249235221661902	0.725430831226801	0.944071357031526	0.9411764705882352	False	False	up
NFKB1	0.3096	-0.1238040738000587	0.6806103055001749	0.9318135818132088	0.8823529411764706	False	False	down
NFKBIA	0.0359	-0.420930307948016	0.4335743270727188	0.8446477383181402	0.9411764705882352	False	False	down
NFKBIZ	0.2112	0.6570585169805166	0.1625840409608849	0.622114526143664	0.9411764705882352	False	False	up
NHEJ1	0.4255	-0.2482635924309796	0.5499108628311488	0.8913071820593398	1.0	False	False	down
NHS	0.0086	0.3427193957343221	0.3854794641861442	0.8162506058329035	1.0	True	False	up
NHS-AS1	0.5071	2.593034944338973	0.006665165934824	0.1686298414042106	1.0	True	False	up
NHSL1	0.3419	0.2279591558104339	0.3913060540658108	0.8190969002588754	1.0	False	False	up
NHSL2	0.3368	0.2734572339898325	0.6531327419381491	0.9244513908058438	0.9411764705882352	True	False	up
NIBAN1	0.185	0.8408115200750488	0.0573579539953575	0.4182055469261115	1.0	False	False	up
NIBAN2	0.848	0.9401883212695384	0.0341480133525378	0.3412487784213638	1.0	False	False	up
NIBAN3	0.9	0.3187720106327226	0.7178631241602892		0.8235294117647058	False	False	up
NID2	0.2144	-0.5448817824592201	0.4491466969355251	0.8513656640211837	1.0	False	False	down
NIFK-AS1	0.8712	-0.4552539979302828	0.0714026563325155	0.4599698527113666	1.0	False	False	down
NIPAL1	0.4336	0.521546731174754	0.1054234208773057	0.5299448240496841	1.0	False	False	up
NIPAL2	0.336	0.3740936211108384	0.2226989969049605	0.6958462393189551	1.0	False	False	up
NIPAL3	0.5664	-0.6691889584026367	0.1649488761597529	0.6243253588289341	1.0	False	False	down
NKAIN3	0.5244	1.3598181927583477	0.1655329264802959	0.6252728824274516	1.0	False	False	up
NKAIN4	0.0574	-0.2781588453636072	0.6963032762042421	0.9368225191734184	0.8823529411764706	False	False	down
NKAPL	0.9396	-0.8602198747097466	0.305609712564984	0.7713595650548835	1.0	False	False	down
NKD1	0.7022	-2.379376378182139	0.0209568292207752	0.2685605829769201	1.0	False	False	down
NLGN1	0.4736	0.3417279571380802	0.424142794467629	0.8400947979594302	1.0	False	False	up
NLGN4X	0.716	0.3572906233008358	0.6521180568163896	0.9239770015220592	0.8823529411764706	True	False	up
NLGN4Y	0.0392	-0.1672142642802173	0.9191749977815312	0.9889191506251036	0.9411764705882352	True	False	down
NLK	0.625	-0.1514103692907957	0.6208972460205644	0.9167514250884936	0.9411764705882352	False	False	down
NMB	0.1702	-0.5669032485642339	0.6471385271455439		0.7647058823529411	False	False	down
NMD3	0.5496	-0.3073193518886118	0.1979979625410008	0.6670785626952405	1.0	False	False	down
NMNAT3	0.5126	-0.529192381283751	0.1407032853547904	0.5890818846464768	1.0	False	False	down
NMT2	0.6988	0.3226963765383038	0.2099940461811674	0.6806056694310048	1.0	False	False	up
NNMT	0.4258	0.9921512985105836	0.2555510909092368	0.7292278179360113	1.0	False	False	up
NOCT	0.6074	0.5311375696654393	0.4563330609831749	0.8528235832321767	0.9411764705882352	False	False	up
NOL4	0.1352	-0.6927463873020653	0.4089100548538349	0.8306560947128548	1.0	False	False	down
NOS1	0.305	-1.4646183140829627	0.04417119702926	0.3750117861659305	1.0	False	False	down
NOS1AP	0.446	0.0393977715800124	0.8998384938644435	0.9843964833123594	0.7647058823529411	False	False	up
NOVA1	0.361	0.492437857343961	0.3045228771679522	0.7703646834758979	1.0	False	False	up
NOX4	0.1206	-0.0568899305832337	0.9356359688282516	0.9916409739444658	0.7058823529411765	False	False	down
NOX5	0.6364	-0.0649004582654939	0.9316608879356212	0.9912068005320191	0.7647058823529411	False	False	down
NPAS2	0.2768	0.9453713982499914	0.0118137640917849	0.2107406391666278	1.0	False	False	up
NPAS3	0.126	0.1661458846786075	0.6089685649512532	0.9140732765664864	0.9411764705882352	False	False	up
NPC1	0.9108	0.9264731464338885	0.0151809933968604	0.2306339950127705	1.0	False	False	up
NPC1L1	0.7628	0.5626851279660136	0.5376014751314725		0.9411764705882352	False	False	up
NPFFR2	0.8322	-0.0964926724670137	0.9112480029127592		0.8823529411764706	False	False	down
NPHP3-AS1	0.7044	0.2137312131072236	0.7592488809827753		0.9411764705882352	False	False	up
NPHS1	0.3053	-0.7736679792446229	0.4983263092142991	0.871439222264825	0.9411764705882352	False	False	down
NPL	0.856	-0.1800201203296572	0.746019335899861	0.949324429880132	0.9411764705882352	False	False	down
NPNT	0.6482	-0.4104446330578656	0.3556352968913433	0.8006385193441621	1.0	False	False	down
NPR3	0.3201	-0.2282653936453564	0.6449535574910555	0.9219698207131176	0.9411764705882352	False	False	down
NPSR1-AS1	0.0906	0.1625658839762698	0.859391749565914	0.973716684347272	0.7647058823529411	False	False	up
NPY1R	0.294	1.8155783005742216	0.0358503671535774	0.3471816948130731	1.0	False	False	up
NR1D1	0.6756	-1.9468281092249853	0.1197343723445431	0.5529373801133413	0.8235294117647058	False	False	down
NR1D2	0.227	-0.3639314125886213	0.3780229700774206	0.8129155515599477	1.0	False	False	down
NR1H4	0.2052	0.1279129057454521	0.7829469464788118	0.958071469272084	1.0	False	False	up
NR2F1-AS1	0.283	-0.6464332157837529	0.2773930383459678	0.7522065587747643	1.0	False	False	down
NR2F2-AS1	0.1324	-0.1593486006654393	0.5625007894974194	0.8979314550959888	0.8823529411764706	False	False	down
NR3C2	0.323	-0.6673042118043908	0.1121829524457701	0.5408419444483759	1.0	False	False	down
NR4A1	0.043	-0.8982726483708048	0.3351788100958521	0.7859300850316971	1.0	False	False	down
NR4A2	0.0621	0.4326843261401844	0.6889593968540033	0.9350137790692664	0.9411764705882352	False	False	up
NR4A3	0.2166	-0.9136327089024936	0.4546782971407307	0.8513656640211837	0.9411764705882352	False	False	down
NRAD1	0.2048	-1.1758567859410585	0.2308127972217908	0.7040148739696518	0.9411764705882352	False	False	down
NRCAM	0.0414	1.7070643238776626	1.0703092026966364e-05	0.0112764719569824	1.0	False	True	up
NREP	0.536	-0.1801350538875217	0.5075874471983561	0.875178131192173	1.0	False	False	down
NREP-AS1	0.8138	1.7449818132702395	0.0410757788522656		1.0	False	False	up
NRG1	0.1964	-0.4353869174070241	0.1990329201394147	0.6675738208304399	1.0	False	False	down
NRG2	0.6875	-0.4421075604220743	0.3582242358276668	0.8009534673973157	1.0	False	False	down
NRG3	0.089	0.2549519621180515	0.4868428110858964	0.8670319499334349	1.0	False	False	up
NRG4	0.3437	0.7097930398202191	0.3481793397232101	0.7962240714600543	0.9411764705882352	False	False	up
NRK	0.2464	-1.7213022415163046	0.1069772707027785	0.5334397372772087	1.0	True	False	down
NRP1	0.0278	-0.4741984104605529	0.2140714161002394	0.6849356588890523	1.0	False	False	down
NRSN1	0.0798	3.1407053217039937	0.0113122102299356	0.2075943074022268	1.0	False	False	up
NRXN1	0.2026	-0.4527794899317982	0.6232609528033287	0.9172918632856814	1.0	False	False	down
NRXN3	0.0665	0.2128657454223453	0.708865100213576	0.940266207567468	0.9411764705882352	False	False	up
NSG1	0.5518	1.013871825557424	0.3488479402288559	0.7963263340021961	1.0	False	False	up
NSMCE1-DT	0.7606	-0.574454554719119	0.2120083379491711	0.6821579600572456	1.0	False	False	down
NT5DC3	0.2351	1.424726382194908	0.0175788978598358	0.2455385827960024	1.0	False	False	up
NTF3	0.8642	-0.4430034630836535	0.7248088201995861		0.7647058823529411	False	False	down
NTN4	0.0728	-1.288715053331405	0.0345866143239526	0.3430934146783745	1.0	False	False	down
NTNG1	0.104	-0.2803933215820079	0.7447480454301536	0.9487031410393614	0.8823529411764706	False	False	down
NTRK2	0.7742	-0.510701787499104	0.4232692487126488	0.8396138390975416	1.0	False	False	down
NTRK3	0.0986	0.1019396209913364	0.9103056463186794	0.9865747048870868	0.7647058823529411	False	False	up
NUAK1	0.4228	-0.7856094535266144	0.1764689207191416	0.6399800807807268	1.0	False	False	down
NUAK2	0.7024	0.1016687313000214	0.8261852763991864	0.9685225720868929	0.8823529411764706	False	False	up
NUDT4	0.4124	0.8851257913819176	0.0151481791141723	0.2306339950127705	1.0	False	False	up
NUGGC	0.2468	-1.9672622581377173	0.0058223259174588	0.1577737549879088	1.0	False	False	down
NUP214	0.4206	-0.4402461810389356	0.198496328030431	0.6675378108638527	1.0	False	False	down
NUPR1	0.5954	-0.7125294109287633	0.4935605320508981	0.8696382331222892	1.0	False	False	down
NUSAP1	0.7464	-0.357254202810984	0.3980849395600918	0.8220929579805383	0.9411764705882352	False	False	down
NWD1	0.9556	0.2059787772091955	0.728434036825468	0.9452605648372512	1.0	False	False	up
NXN	0.3296	0.2994994505940135	0.4302611305827533	0.8425407208950729	0.9411764705882352	False	False	up
NXPH2	0.4912	-2.969181230037645	0.0184185388265138	0.2522501835571768	1.0	False	False	down
NYAP2	0.6893	-2.118348690940584	0.0723761153590522		1.0	False	False	down
OAF	0.7526	0.8573401139419347	0.0504169555276291	0.3970368894994823	1.0	False	False	up
OCA2	0.6956	-0.3790389681731879	0.4468729735079689	0.8511591372988819	0.9411764705882352	False	False	down
ODC1	0.717	0.6671785715252198	0.4670993818231908	0.8577833518291912	0.9411764705882352	False	False	up
OGFRL1	0.6147	1.0378825945704957	0.0501489183635394	0.3961952575587613	1.0	False	False	up
OLFM2	0.8208	0.5317697106129882	0.2056599929958475	0.676496747660641	1.0	False	False	up
OMD	0.8988	2.147187613056293	0.0166769981906434	0.2404552525043899	1.0	False	False	up
ONECUT2	0.5382	-0.5811931349107884	0.5805732584616308		0.9411764705882352	False	False	down
OOEP	0.1383	-0.570255878806036	0.5876957431187384	0.9064367022549278	1.0	False	False	down
OOSP1	0.4142	0.5056636820147237	0.6232847976112073		0.9411764705882352	False	False	up
OPCML	0.3118	-1.5310103819348897	0.0451175430253521	0.3776865832144969	1.0	False	False	down
OPHN1	0.0798	-0.6661835353294145	0.0445373826883124	0.3762465032374619	1.0	True	False	down
OPN3	0.3542	-0.3058257454866966	0.4572432104052693	0.8528235832321767	1.0	False	False	down
OPRM1	0.9354	1.6534999166473798	0.0450041948981439	0.3776865832144969	1.0	False	False	up
OR2A1-AS1	0.488	-0.5945302692119715	0.3105316174082828	0.7735304369732807	0.9411764705882352	False	False	down
OR2F1	0.8678	-0.3604097602740284	0.807426316523303		0.8235294117647058	False	False	down
OR2G6	0.0091	2.42429828133864	0.0007148502317507	0.0675900058866865	1.0	False	False	up
OR2T10	0.0234	1.7863752190389093	0.2170306146891685	0.6892524704998093	1.0	False	False	up
OR2T11	0.005	1.029097320553337	0.4967374268859708	0.870278779732518	1.0	False	False	up
OR3A2	0.4934	-1.0226705621300056	0.2229737300861891	0.6961242182663939	1.0	False	False	down
OR9Q1	0.512	-0.1064611559069489	0.8063124422514483	0.9649078338233265	0.9411764705882352	False	False	down
OSBPL3	0.286	0.6417141871713025	0.135718456047637	0.5807180517020413	1.0	False	False	up
OSBPL6	0.1457	-0.625963246072477	0.241634780102786	0.7154101535353946	1.0	False	False	down
OSMR	0.4454	0.8746964686545824	0.0391018771301324	0.3575683378398102	1.0	False	False	up
OTX2-AS1	0.4789	-0.2700446623339604	0.7153532765033586	0.9410713571782356	1.0	False	False	down
OXCT1	0.2722	-0.0244832521213292	0.9573319448346204	0.995163193386602	0.8235294117647058	False	False	down
OXR1	0.3484	-0.2866051758303348	0.4179320243883661	0.8357507266443058	1.0	False	False	down
P2RX7	0.947	-0.2296583575423607	0.7171135113137317	0.9415545924761922	1.0	False	False	down
P2RY6	0.7376	-0.7564052380693967	0.2486583674417487	0.7211381590362661	1.0	False	False	down
P3H2	0.1406	-0.2147566679316559	0.6656199804088954	0.9291909541467634	0.8823529411764706	False	False	down
P3H2-AS1	0.7852	0.1045757542467194	0.8384770576730065	0.9695256696792534	0.8823529411764706	False	False	up
P4HA1	0.3576	-0.1076016505522604	0.7526097223030179	0.9498819652792964	0.8823529411764706	False	False	down
PACRG	0.8374	-0.4976131576544389	0.1819834043514004	0.6461647696394475	1.0	False	False	down
PACRG-AS3	0.889	2.03552925403266	0.0681072887497587		0.9411764705882352	False	False	up
PAG1	0.3399	0.967681070199385	0.0550348555051743	0.411019806937378	1.0	False	False	up
PAH	0.1148	0.0810241672098929	0.9197953781305626	0.9889191506251036	0.7647058823529411	False	False	up
PAIP2B	0.9123	-0.044112923381442	0.9039871500501068	0.9853832341075488	0.8235294117647058	False	False	down
PAK3	0.2278	0.9914273359846264	0.1395306039828132	0.5876382701589985	1.0	True	False	up
PALLD	0.6324	0.2180017716506165	0.5455778043466594	0.8896608499838552	1.0	False	False	up
PALM2-AKAP2	0.4628	0.0093685831642668	0.969752944381222	0.9961924130086977	0.5882352941176471	True	False	up
PALMD	0.9092	1.0385751582264449	0.2357302549878351	0.7078050190513654	1.0	False	False	up
PAMR1	0.7458	0.0821186178273364	0.9239646951853608	0.9895069522968178	0.8235294117647058	False	False	up
PANCR	0.4856	0.1197567280075768	0.87949990616366	0.9785151462597506	0.8823529411764706	False	False	up
PANK1	0.1102	-0.1586141855725815	0.6439639856522157	0.9219129174386276	0.9411764705882352	False	False	down
PANTR1	0.0997	-0.5538996218432224	0.312422446832764	0.7747530414901259	0.9411764705882352	False	False	down
PAPPA	0.6024	0.7818538748696378	0.1463530247682529	0.5976487030265034	0.9411764705882352	False	False	up
PAPPA2	0.2392	-0.1329485611281111	0.8977284889453044	0.983328027026826	0.8235294117647058	False	False	down
PAPSS2	0.7844	-0.1704557701661695	0.5289514774317773	0.8831825098617517	1.0	False	False	down
PAQR5	0.8658	0.5326745369320215	0.117649241044947	0.5482863524211591	0.9411764705882352	False	False	up
PARD3-AS1	0.9774	0.5711220474469143	0.5545313087091989		0.9411764705882352	True	False	up
PARM1	0.5646	0.5378945969098822	0.3821360386439359	0.8150962933474489	0.9411764705882352	False	False	up
PARP4	0.1917	-0.0169640833537866	0.9675739427177712	0.9961924130086977	0.8823529411764706	False	False	down
PATL2	0.8828	-0.5100054889674636	0.2989586641958652	0.7678156414704679	0.9411764705882352	False	False	down
PAWR	0.2675	-0.0853929052033203	0.7464881787960141	0.949324429880132	0.9411764705882352	False	False	down
PAX5	0.8855	0.5863564130259201	0.5165232163039136		0.8235294117647058	False	False	up
PAX8-AS1	0.075	2.429689643370175	0.001605024476147	0.089547996056726	1.0	False	True	up
PBX3	0.616	-0.3521839998111884	0.4417025898784715	0.8492882249780851	0.9411764705882352	False	False	down
PC	0.321	0.398222952673448	0.3815458262669657	0.8150962933474489	0.9411764705882352	False	False	up
PCA3	0.2794	2.24046445356743	0.0027235844463133	0.1097619414839382	1.0	False	False	up
PCAT1	0.1076	0.1019705574823828	0.7389153780427495	0.9480519669222794	0.9411764705882352	False	False	up
PCDH10	0.217	-0.3859368459937489	0.7681276574023681		0.7058823529411765	False	False	down
PCDH15	0.0634	-0.3369354910621076	0.643624867494263	0.9219129174386276	0.8823529411764706	False	False	down
PCDH7	0.3042	-0.3892202013578327	0.5521916185934281	0.892607848977482	0.8823529411764706	False	False	down
PCDH9	0.1906	-1.3614684382670077	0.0594374507719474	0.4256223190922091	1.0	False	False	down
PCED1B	0.4176	0.7513632548141603	0.1036243437988647	0.5260088645472968	0.9411764705882352	False	False	up
PCK1	0.016	0.0793315990372526	0.9231714328278648	0.9893592692048188	0.7647058823529411	False	False	up
PCLAF	0.3314	-0.4404138588649994	0.727141626586236		0.8823529411764706	False	False	down
PCP4	0.3568	-0.2075732184877329	0.78580195922702	0.9585781391285504	0.8235294117647058	False	False	down
PCSK1N	0.4764	0.0009276186934638	0.9993218799533444		0.4705882352941176	True	False	up
PCSK5	0.2085	0.329857291173901	0.4870662194676909	0.8670319499334349	1.0	False	False	up
PCSK6	0.412	-0.8896275473073902	0.2865032643188223	0.7597848163794731	1.0	False	False	down
PCYT1B	0.3173	-1.5964199586872	0.1002710845502756		0.8235294117647058	True	False	down
PDE10A	0.1216	0.4785430341492463	0.4761344675598852	0.8618057307047083	1.0	False	False	up
PDE11A	0.7433	-0.2644677488040078	0.6430017424929011	0.9219129174386276	0.9411764705882352	False	False	down
PDE1A	0.0837	0.9620189033761672	0.2117251599009391	0.6821465079138584	0.9411764705882352	False	False	up
PDE1C	0.2212	0.1844372769209409	0.7758248889873562	0.9565839754905506	0.9411764705882352	False	False	up
PDE2A	0.3018	-4.80294033022003	0.0444669431033871		1.0	False	False	down
PDE3A	0.041	-0.5721339642101174	0.4583632609561696	0.8539671717953141	1.0	False	False	down
PDE3B	0.1107	0.900163054777855	0.3112355065007022	0.7735304369732807	1.0	False	False	up
PDE4B	0.449	-0.3062045584319821	0.7790238497801911	0.9570503563494678	0.8823529411764706	False	False	down
PDE7A	0.4405	0.312907742439117	0.3615403012335397	0.8022181121438804	1.0	False	False	up
PDE7B	0.2085	-0.6722330759326492	0.1495637163727414	0.6033521972108185	1.0	False	False	down
PDE8B	0.9094	0.1756166885941706	0.7006153578093639	0.9372823278040624	0.9411764705882352	False	False	up
PDGFB	0.3215	-0.5712372849180052	0.1142350444608402	0.544767832459552	1.0	False	False	down
PDGFC	0.086	0.4425903847929996	0.2373366331451644	0.7103724307814884	0.9411764705882352	False	False	up
PDGFD	0.668	-0.8215884371772101	0.1962231501737533	0.6655064442879487	1.0	False	False	down
PDK1	0.6458	-0.1154234809566619	0.7995591838714933	0.9629008100650104	0.8235294117647058	False	False	down
PDK4	0.137	0.9288445856168654	0.2743508344168051	0.7495230241985321	1.0	False	False	up
PDLIM1	0.1445	1.219077151636906	0.0453513907601433	0.37878426597515	0.9411764705882352	False	False	up
PDLIM3	0.5534	1.753247723210342	0.0231925150323889	0.2801716598916762	0.9411764705882352	False	False	up
PDXK	0.2572	0.1135529064474358	0.7749319789651332	0.9565839754905506	0.9411764705882352	False	False	up
PDZD2	0.1099	-0.9085985580291772	0.0837012857888233	0.4876813526751311	1.0	False	False	down
PDZD8	0.1956	-0.0335151982426413	0.9245878196538224	0.9896824010692276	0.7647058823529411	False	False	down
PDZRN3	0.0572	-1.6241190205610658	0.0013181854910938	0.0838783246156466	1.0	False	True	down
PDZRN4	0.6921	0.7190521206246376	0.4687463540575673	0.8586652691056547	1.0	False	False	up
PECAM1	0.511	-0.0570464332115435	0.9460231574367892	0.9944106535450123	0.8235294117647058	False	False	down
PELI1	0.5732	-0.2168329606358637	0.64315856241608	0.9219129174386276	0.8823529411764706	False	False	down
PELI2	0.0722	-0.2349051673463243	0.4138969212591578	0.8340184051931339	0.9411764705882352	False	False	down
PEMT	0.2045	0.0932337241379619	0.8362331880847556	0.9695256696792534	0.8823529411764706	False	False	up
PER3	0.208	0.0775886856514395	0.8652658415472353	0.9747812091944448	0.8823529411764706	False	False	up
PEX5L	0.9118	-0.5745864618145711	0.4080295134961167	0.8304726540730952	1.0	False	False	down
PEX7	0.1634	-0.2558068098249107	0.2279347625100494	0.7002178405093745	1.0	False	False	down
PFKFB3	0.0326	-0.5565104335013914	0.4804858228564435	0.8637618387730094	0.9411764705882352	False	False	down
PFKP	0.5393	0.7468561545167272	0.1090646569328781	0.5362788572424151	0.9411764705882352	False	False	up
PGAP1	0.2606	-0.8029033241955695	0.0111194073363938	0.2066383000198633	1.0	False	False	down
PGBD5	0.475	-0.0536866032534526	0.9039140776159258	0.9853832341075488	0.8235294117647058	False	False	down
PGGHG	0.0868	-0.4242177641572198	0.593605423738257	0.9085702488689325	1.0	False	False	down
PGM2L1	0.6186	0.2826390064746976	0.4807549921780443	0.863995980940422	0.9411764705882352	False	False	up
PGM5	0.7002	-0.1044504918001522	0.8557120371055533	0.97263827960342	0.8823529411764706	False	False	down
PHACTR1	0.0972	0.4649013782025937	0.4537211915101747	0.8513656640211837	0.9411764705882352	False	False	up
PHACTR2	0.7004	0.3288868902209571	0.2026746320836322	0.6731481250244484	1.0	False	False	up
PHACTR3	0.8732	1.0708322199896878	0.1569992315454673	0.6148585703945544	1.0	False	False	up
PHF21B	0.5964	0.1676930920758274	0.8787137925665379	0.978383100006086	0.8235294117647058	False	False	up
PHLPP1	0.3898	-0.7218156692929764	0.000827632898194	0.0739853651415888	1.0	False	False	down
PHLPP2	0.2132	-0.1792624859204729	0.6601057234895032	0.9270936013526614	0.9411764705882352	False	False	down
PHYHIPL	0.5379	-0.8838481219084853	0.1556918433168102	0.6122782602960534	1.0	False	False	down
PI4K2B	0.3565	-0.6407652992587675	0.0635381616969967	0.4385530580396356	1.0	False	False	down
PIEZO2	0.3608	0.6318559429457202	0.3172760402844102	0.7760113228541231	1.0	False	False	up
PIGC	0.6102	-0.4640729199909109	0.0614524698142781	0.4303232742617631	1.0	False	False	down
PIGK	0.4682	-0.1437254219011932	0.6489791136263698	0.9228909641954024	0.9411764705882352	False	False	down
PIGR	0.2512	-0.0482508139625851	0.936091354548478	0.991688555547762	0.7058823529411765	False	False	down
PIK3AP1	0.886	-0.6121087262677234	0.1599277103899178	0.6201192766170578	1.0	False	False	down
PIK3C2B	0.9625	-0.1604206524786409	0.6899450828060947	0.9350137790692664	0.9411764705882352	False	False	down
PIK3C2G	0.3862	0.0495823556675776	0.9490171339769002	0.9945367494316568	0.6470588235294118	False	False	up
PIK3IP1-AS1	0.935	-0.1148043313492313	0.6962707457011206	0.9368225191734184	0.8823529411764706	True	False	down
PIK3R1	0.8558	0.5093249135217455	0.0839517614234355	0.4878993226933307	1.0	False	False	up
PIK3R3	0.2056	-0.5302445762400928	0.336655516001742	0.7871418983142352	1.0	False	False	down
PILRB	0.1518	-0.5807617198877337	0.184591290625024	0.6505334401804208	1.0	False	False	down
PIP4K2A	0.5936	0.8136025857299268	0.0611689627892883	0.4303232742617631	1.0	False	False	up
PIP5K1B	0.7766	-0.3391510867931106	0.3732972093920498	0.8097295675010947	1.0	False	False	down
PIR	0.5899	-0.0742642135299791	0.814677012129213	0.9663007438684964	0.9411764705882352	True	False	down
PITPNC1	0.0138	0.7663881305357638	0.0186155671638473	0.2526031422877172	1.0	False	False	up
PIWIL2	0.6921	-0.2446025849541055	0.6537871832470729	0.924756516388025	1.0	False	False	down
PIWIL4	0.8826	0.2007524795457738	0.5757810234219799	0.9026194372357356	1.0	False	False	up
PKIA	0.5951	-0.0271937361023337	0.9707335883045164	0.9961924130086977	0.7647058823529411	False	False	down
PKIA-AS1	0.6258	0.1631084379449562	0.741771754484335	0.9482894970245908	1.0	False	False	up
PKIB	0.555	0.0205289493916577	0.9535425216251108	0.9946677306023096	0.6470588235294118	False	False	up
PKLR	0.5092	-0.3339206435385016	0.7564384211383322		0.7058823529411765	False	False	down
PKM	0.5674	0.4683151374658432	0.2343361908914669	0.7068277388919528	1.0	False	False	up
PKN2-AS1	0.5662	-0.0924065958243389	0.7930225782923346	0.9607129747892036	0.8235294117647058	False	False	down
PKNOX2	0.6642	0.20323447229246	0.7456659618950858	0.949324429880132	0.9411764705882352	False	False	up
PLA1A	0.405	0.2892582153768057	0.5523737370276224	0.892607848977482	0.9411764705882352	False	False	up
PLA2G4A	0.8721	-0.1876514927994753	0.8590779094258059	0.973716684347272	0.8235294117647058	False	False	down
PLA2G4C	0.4818	-0.0259749536538766	0.9594939668915274	0.995163193386602	0.7647058823529411	False	False	down
PLAC4	0.942	3.6580993227466494	0.0008850143987897	0.0741513819234157	1.0	False	False	up
PLAC8L1	0.4302	0.2809595329731874	0.6182067109845526	0.9163449891490454	1.0	False	False	up
PLAC9	0.7007	3.3529636008477035	0.0029330129472948		1.0	False	False	up
PLAG1	0.2592	-1.9836887096501583	0.0010698092704009	0.0784192228625745	1.0	False	False	down
PLAGL1	0.2744	-0.2225703315538533	0.6065099801780698	0.9134879208528638	0.8823529411764706	False	False	down
PLAU	0.4082	-0.3003230326213293	0.7626310343785725	0.952867064273701	0.8823529411764706	False	False	down
PLAUR	0.9253	1.4066710911775429	0.3582187299639635	0.8009534673973157	0.9411764705882352	False	False	up
PLB1	0.6451	0.180900248282242	0.7847390675035277		0.9411764705882352	False	False	up
PLBD1-AS1	0.673	-0.1588220043473768	0.6930036817357579	0.9363198960888915	0.9411764705882352	False	False	down
PLCB1	0.0199	0.0578714430917647	0.941028059599759	0.9935693542660304	0.6470588235294118	False	False	up
PLCB4	0.362	0.1267792464992517	0.8092500423232549	0.9655955527158688	0.9411764705882352	False	False	up
PLCE1	0.2015	0.606745485979375	0.2453266187977809	0.7181460937343456	1.0	False	False	up
PLCH1	0.363	-0.3903466114796727	0.1133516554209124	0.5437782911361905	1.0	False	False	down
PLCL1	0.3534	-0.5249332534780653	0.3211071875667242	0.7785320411531275	1.0	False	False	down
PLCXD3	0.4577	0.1285664909692985	0.8655955309865777	0.9747812091944448	0.8235294117647058	False	False	up
PLCZ1	0.6722	-0.3840662340243171	0.630008680544428	0.9194242506157532	1.0	False	False	down
PLD1	0.6747	-0.0637736838909508	0.8380190983990174	0.9695256696792534	0.8235294117647058	False	False	down
PLD5	0.2505	-1.1225150983845773	0.1278825289800694	0.5700574556840192	1.0	False	False	down
PLEKHA5	0.2012	-0.0066063323877939	0.9877976403105608	0.9984225129704848	0.7058823529411765	False	False	down
PLEKHG4B	0.6504	0.204033141398602	0.8533517493464984	0.9725490252806572	0.8823529411764706	False	False	up
PLEKHH2	0.2428	-0.3512236615661944	0.3611960270716982	0.8022181121438804	1.0	False	False	down
PLG	0.0934	-0.1246113109880428	0.9326751989548404	0.9912068005320191	0.8235294117647058	False	False	down
PLIN2	0.8616	1.6557583123673878	0.0323358654003651	0.3317683507317822	1.0	False	False	up
PLK2	0.8297	0.802806146235623	0.2601058016710239	0.7364939996991605	0.9411764705882352	False	False	up
PLN	0.5895	3.970421579765441	0.0181424195696665		0.8235294117647058	False	False	up
PLOD2	0.5872	0.4476275946504284	0.325760952185017	0.7813288775402785	0.9411764705882352	False	False	up
PLPP1	0.1656	-0.3111380948324369	0.4218551317617771	0.838414209023283	1.0	False	False	down
PLPP3	0.0928	-0.5149947427743218	0.1969298545944786	0.6658277725520545	1.0	False	False	down
PLPP4	0.3665	-0.6512262987097036	0.0498281695460024	0.3945419771231062	1.0	False	False	down
PLPPR1	0.4837	-0.2790774015672139	0.6234723129965878	0.917357209009257	0.9411764705882352	False	False	down
PLPPR5	0.8652	3.114248766096994	0.0046119310290858		0.8235294117647058	False	False	up
PLS1	0.8023	0.3736476073439211	0.3319658396707086	0.7835003296181506	1.0	False	False	up
PLS3	0.3908	-0.0149752359144286	0.9724523289346662	0.9961924130086977	0.8235294117647058	True	False	down
PLS3-AS1	0.699	-0.947695884951612	0.2638309559350305	0.7408160289437844	1.0	True	False	down
PLSCR1	0.8702	0.4606391556168689	0.1143884259756977	0.5447947313986249	1.0	False	False	up
PLSCR2	0.4636	-0.380446412115276	0.2907705619651055	0.7622306087469425	1.0	False	False	down
PLXNA2	0.0552	0.7107964845314929	0.1138918507867877	0.5439697394318651	1.0	False	False	up
PLXNA4	0.1985	-0.487466862366758	0.3690121856139257	0.8076301691474966	1.0	False	False	down
PMEPA1	0.2742	0.3871889166386713	0.5064930287060465	0.8749018317427484	1.0	False	False	up
PMP22	0.9368	1.2294804058590616	0.1387366611163006	0.5863509059158781	0.9411764705882352	False	False	up
PNPLA1	0.6939	-0.1604353631063516	0.8406061689661445	0.9701072679955114	0.8235294117647058	False	False	down
PODXL	0.2366	-0.7936263234473709	0.3493038224402853	0.7963263340021961	1.0	False	False	down
POF1B	0.2208	-0.2472519116226819	0.7508579585191568	0.9494855461323825	0.8235294117647058	True	False	down
POLQ	0.6853	0.056869151465404	0.9386317916242216	0.9926378694775134	0.7058823529411765	False	False	up
PON3	0.5515	0.2999708697396812	0.7334937520279362		0.9411764705882352	False	False	up
POT1-AS1	0.743	-0.0815160148777998	0.8252184841702537	0.9685225720868929	0.8235294117647058	False	False	down
POU2F2	0.9285	-0.5083101230312831	0.3900462436448676	0.819057873517529	1.0	False	False	down
POU5F1	0.1445	0.1410632318245381	0.7869414839842874	0.9590503915366636	0.8235294117647058	False	False	up
POU6F2	0.6434	-1.245875987195407	0.0834467083216954	0.4876540997404941	1.0	False	False	down
PPARD	0.066	0.006305693942067	0.9876313144708432	0.9983936596837047	0.7058823529411765	False	False	up
PPARG	0.096	-0.1145745721001792	0.7222885251939203	0.943227600408174	0.8823529411764706	False	False	down
PPARGC1A	0.4936	0.2982315119263999	0.298574510892276	0.7678156414704679	1.0	False	False	up
PPFIA2	0.0654	0.5200220098292181	0.4751668268309379	0.8615772454768645	1.0	False	False	up
PPFIBP1	0.1454	0.1388091332166002	0.6794387464054372	0.9317020633353053	0.9411764705882352	False	False	up
PPIL6	0.7088	-0.3652352873609186	0.3192603881853013	0.7771896299728746	1.0	False	False	down
PPL	0.6798	0.2471686636088452	0.6418747723179343	0.9219129174386276	0.9411764705882352	False	False	up
PPM1D	0.6124	-0.2115229213993762	0.396824748459436	0.8219570309991584	0.9411764705882352	False	False	down
PPM1E	0.526	-0.4803081933688022	0.4353612173250711	0.8456120563003423	0.9411764705882352	False	False	down
PPM1H	0.1442	-0.8987456262147503	0.0744724790075877	0.467750037732099	1.0	False	False	down
PPM1L	0.2716	-0.4079787309615003	0.3633806407242949	0.803818903821738	0.9411764705882352	False	False	down
PPP1CB	0.8493	0.5299307190332864	0.0605774130563688	0.4287541634625245	1.0	False	False	up
PPP1R14C	0.707	0.1485649283646827	0.7347231391864129	0.9468554570188418	0.8823529411764706	False	False	up
PPP1R16B	0.0403	-0.0134771275821799	0.9850441757572423	0.9979060917991456	0.6470588235294118	False	False	down
PPP1R1C	0.8938	-0.71432835135949	0.3450156261953038	0.7951615523223365	1.0	False	False	down
PPP1R26-AS1	0.7544	-0.3269929990492833	0.43231006131824	0.8444674088788293	0.9411764705882352	False	False	down
PPP1R3C	0.7222	-0.1318108992482621	0.9050387306018316		0.7647058823529411	False	False	down
PPP1R42	0.8504	-0.8795459706341379	0.1156673101733513	0.5462807473389149	1.0	False	False	down
PPP2R2B	0.732	0.3151194804023456	0.569678649867811	0.9005157859195602	0.9411764705882352	False	False	up
PPP4R4	0.6699	-0.117981862486716	0.8335702567236102	0.9695256696792534	0.8235294117647058	False	False	down
PPP5D1	0.8762	-0.6195804455891886	0.1814342491364881	0.6451675927587269	1.0	True	False	down
PRAG1	0.8935	0.6293400325044635	0.1020690271963697	0.5226222817189143	0.9411764705882352	False	False	up
PRDM16	0.0356	-2.143402922093746	0.0486988827580521	0.3923039435725115	1.0	False	False	down
PRDM16-DT	0.0254	-0.0062927068972162	0.9959180178952548	0.999370141333784	0.7647058823529411	False	False	down
PRDM5	0.0614	0.388597684763153	0.3708850289628933	0.8076301691474966	1.0	False	False	up
PRDM6	0.7906	0.0422309799055652	0.9046382820536154	0.9853832341075488	0.8823529411764706	False	False	up
PRELID2	0.4076	-0.3698633559948215	0.1645791461655518	0.6239633447427301	1.0	False	False	down
PREX2	0.3513	-1.0211338047658507	0.1461600336565408	0.5974511038001096	1.0	False	False	down
PRICKLE1	0.0734	0.3389751564119394	0.5348828980940301	0.8858454731438875	0.9411764705882352	False	False	up
PRKACB	0.56	0.01183468198939	0.9740167879582304	0.9961924130086977	0.8235294117647058	False	False	up
PRKAR2B	0.4944	-1.2092656045822507	0.1799061226399807	0.6436127356147746	1.0	False	False	down
PRKCA-AS1	0.9854	2.52041656877397	0.0009041544848985	0.0741513819234157	1.0	False	False	up
PRKCB	0.1211	0.9404758537494498	0.3284196984258958	0.7815719619562997	1.0	False	False	up
PRKCH	0.0609	-0.1228432770093423	0.9072252646108824	0.9861870921225232	0.7647058823529411	False	False	down
PRKCQ	0.7198	-0.5726247758510844	0.4788683015156092	0.8629608374653835	0.9411764705882352	False	False	down
PRKD1	0.6444	-0.1086303289368671	0.7589395279024718	0.9521440874850268	0.9411764705882352	False	False	down
PRKG1	0.0298	-0.1067068225075384	0.8303518968565464	0.9695256696792534	0.8823529411764706	False	False	down
PRKG2	0.4138	0.8198942789842595	0.2307301304505051	0.7040148739696518	1.0	False	False	up
PRKN	0.6352	-0.0509679624021794	0.8261477679703518	0.9685225720868929	0.8235294117647058	False	False	down
PRKX	0.1991	0.6170049956390816	0.0605459772404807	0.4287541634625245	1.0	True	False	up
PRKY	0.8694	0.3181577980284668	0.8269209608744496	0.9686193562257204	0.8823529411764706	True	False	up
PRLR	0.7554	-0.2204493670855704	0.5613122218751075	0.897045624915475	0.9411764705882352	False	False	down
PRMT8	0.1766	-1.4820403893651286	0.0622073158345821		0.8235294117647058	False	False	down
PROCR	0.389	0.7295352950209774	0.1813714097304398	0.6451675927587269	1.0	False	False	up
PRODH2	0.0686	0.3212847869881047	0.8171410244473915	0.966644589584365	0.9411764705882352	False	False	up
PROM1	0.3379	-0.76990300300003	0.1034742108912744	0.5257479588286627	1.0	False	False	down
PROS1	0.9614	0.3639852933483726	0.3226457280704192	0.7805437575314976	1.0	False	False	up
PROSER2	0.3946	-0.1112700263024905	0.8038929518966021	0.964449785355556	0.8235294117647058	False	False	down
PROSER2-AS1	0.8262	1.4257530666419544	0.0774467896077295	0.4738034619303236	0.9411764705882352	False	False	up
PROX1	0.2632	-4.372411310522649	0.0307872050265657	0.3244108990940488	1.0	False	False	down
PRR16	0.9874	0.0961583652744306	0.8921894195038869		0.7058823529411765	False	False	up
PRR5L	0.5186	0.2484180827250505	0.4872561710138542	0.8671607773231599	1.0	False	False	up
PRRG1	0.5724	-0.913993860486473	0.0400206274894286	0.3593018185137204	1.0	True	False	down
PRRG4	0.1256	-1.1706675742227692	0.0008504002977159	0.074065189586146	1.0	False	False	down
PRSS12	0.2838	-0.898912832939516	0.1482752170867699	0.60152772748074	1.0	False	False	down
PRSS22	0.146	-1.9544654607401464	0.2463907412084746	0.7185178791666668	0.8235294117647058	False	False	down
PRSS23	0.8244	0.993249786403542	0.0126820552008075	0.2160105790694147	1.0	False	False	up
PRSS3	0.3132	-0.8048019606866395	0.3665695149811362		0.8235294117647058	False	False	down
PRSS55	0.3632	-3.73827258202958	0.0375340353721208		1.0	False	False	down
PRTFDC1	0.4506	0.37082981687514	0.4427024712802062	0.850040749361865	1.0	False	False	up
PRTG	0.6131	-0.4920307277242877	0.2526975141174891	0.7266641746199609	1.0	False	False	down
PRUNE2	0.1354	0.140841980019694	0.6026082764003644	0.912196965853536	0.9411764705882352	False	False	up
PSAT1	0.2152	0.3302785437697153	0.6789716829912158	0.9317020633353053	0.9411764705882352	False	False	up
PSD3	0.2281	1.3194918081902904	0.002962140825435	0.1144020346102409	1.0	False	False	up
PSG4	0.8918	2.4110750108642995	0.2058523312480941		0.8235294117647058	False	False	up
PSG8	0.5118	4.645686819680256	2.1994696062317444e-05	0.0158195373844745	0.8235294117647058	False	False	up
PSG9	0.6076	2.8916315715309664	0.028819610794857		0.8235294117647058	False	False	up
PSTPIP2	0.7208	-0.4733176466810667	0.2529463883966228	0.7266641746199609	1.0	False	False	down
PTBP3	0.1232	-0.0983789483145532	0.7362429291840671	0.9474422618622396	0.8823529411764706	False	False	down
PTCH1	0.5515	-0.5852561791893204	0.3668574315863948	0.8067216663756005	1.0	False	False	down
PTCH2	0.159	-1.3507188706254634	0.0668357000327992	0.4491901453424042	1.0	False	False	down
PTCHD1-AS	0.3044	0.3529204370051805	0.4966961283931768	0.870278779732518	0.9411764705882352	True	False	up
PTCHD4	0.4167	-0.2461671430891709	0.7306988416940958	0.9462290191368112	0.8823529411764706	False	False	down
PTCSC2	0.9036	1.1540970000460915	0.0689217224544538	0.4546725530060438	1.0	False	False	up
PTCSC3	0.1632	0.6811648366968207	0.2991753225213615	0.7678503579589493	1.0	False	False	up
PTER	0.1514	-0.0892682745598445	0.8345405226792397	0.9695256696792534	0.8823529411764706	False	False	down
PTGER1	0.6973	0.2325942022653083	0.8475097786335392		0.7647058823529411	False	False	up
PTGER3	0.1677	-1.5452608900715257	0.2406557116870201	0.7145071955280893	1.0	False	False	down
PTGFR	0.5315	-1.1711396528648843	0.131576715037222	0.5746823311430314	1.0	False	False	down
PTGR1	0.1556	-0.2135123023367562	0.3353999473219908	0.786135265056311	1.0	False	False	down
PTH1R	0.1462	0.5276757406262034	0.4998697291003342	0.872091121692593	0.9411764705882352	False	False	up
PTK7	0.1398	-0.0685102063903636	0.8404521843433562	0.9701072679955114	0.8235294117647058	False	False	down
PTMA	0.0442	-0.2365860769211144	0.8048444228631728	0.964609997337434	0.8823529411764706	False	False	down
PTN	0.9338	-0.5153085873582326	0.6001439821610808	0.91134132080776	0.9411764705882352	False	False	down
PTP4A1	0.8	0.4006526790399278	0.5078092586051391		0.9411764705882352	False	False	up
PTPN1	0.3402	1.1347884094691296	0.0079917607249245	0.1774437598511109	1.0	False	False	up
PTPN13	0.5586	-0.53767750243109	0.1591355751254108	0.6185111286165509	1.0	False	False	down
PTPN14	0.353	-0.299601516073694	0.4328600525280828	0.8446477383181402	0.9411764705882352	False	False	down
PTPN22	0.44	1.0685133387072514	0.5541684860714683		0.8235294117647058	False	False	up
PTPN9	0.8378	0.2289105435755904	0.4380825942062499	0.8475584233787198	1.0	False	False	up
PTPRC	0.0342	3.283097287622953	0.0226973422598098	0.2789881652768295	0.9411764705882352	False	False	up
PTPRD	0.0837	-0.0830992134863476	0.8444282477760746	0.971610453177867	0.8823529411764706	False	False	down
PTPRE	0.6318	1.323916980821039	0.0075244232568871	0.1744177322550276	1.0	False	False	up
PTPRO	0.311	0.6765935629610627	0.271511845780703	0.747190394985451	1.0	False	False	up
PTPRR	0.3834	-0.9487980703793976	0.248066369341561		1.0	False	False	down
PTPRT	0.9062	-1.572443785497117	0.1654450496637167	0.6252728824274516	1.0	False	False	down
PTPRU	0.5974	-0.9335636099201384	0.2880192916273036	0.7609322141326759	1.0	False	False	down
PUDP	0.245	-0.1021013139939405	0.8295784687067804	0.969075023124018	0.8823529411764706	True	False	down
PUM3	0.2986	0.2841411630780728	0.2875477576685388	0.7606756068341953	1.0	False	False	up
PURPL	0.3304	-1.345774230064023	0.1526631872623257	0.6077478453135157	1.0	False	False	down
PVT1	0.1344	1.3396365659138365	0.0002904423604518	0.049543174380266	1.0	False	False	up
PWRN1	0.004	1.067275383597616	0.2786562216945614	0.7529686343253409	1.0	False	False	up
PWWP3B	0.6218	0.2849688292209347	0.6303012666394445	0.9194242506157532	1.0	True	False	up
PXDC1	0.5077	0.3955057278978926	0.3789089450591264	0.8133693244277319	0.9411764705882352	False	False	up
PXDN	0.5966	0.8699004347285051	0.0911800232205465	0.5035212813564437	0.9411764705882352	False	False	up
PXDNL	0.3544	-0.4304820539340774	0.3479994169021402	0.7961829376929684	1.0	False	False	down
PXK	0.1423	-0.9416090678599144	0.006308753095451	0.1644002778803711	1.0	False	False	down
PYGO1	0.8813	-0.5474190428852974	0.3986417121470815	0.8226657118100043	1.0	False	False	down
QRFPR	0.8386	0.6555090105261184	0.1587213440376346	0.6178124436810593	1.0	False	False	up
RAB11A	0.1162	1.192787239252577	0.0285565805222929	0.3120070834843116	1.0	False	False	up
RAB11FIP1	0.6042	0.6120275608678856	0.2621192446432498	0.7395292384253894	0.9411764705882352	False	False	up
RAB19	0.2163	-0.6963504073430424	0.267109182087305	0.743149268383673	1.0	False	False	down
RAB20	0.1506	0.3954558648336549	0.3602011186531373	0.8019946935628647	0.9411764705882352	False	False	up
RAB27B	0.9804	0.5346364250670482	0.6074490312252117		0.9411764705882352	False	False	up
RAB30	0.251	-0.1773450917292351	0.7226169489528398	0.943345082931269	0.9411764705882352	False	False	down
RAB31	0.452	1.1009764237504518	0.0833980937603066	0.4876540997404941	0.9411764705882352	False	False	up
RAB39A	0.5882	-1.730739780605347	0.0574592261884451	0.4187369497428682	1.0	False	False	down
RAB3B	0.4217	-0.6915463586631747	0.346503343478436	0.796057392168698	1.0	False	False	down
RAB8B	0.7528	-0.0030101834548312	0.993981887468794	0.999037236145664	0.8235294117647058	False	False	down
RAD18	0.6608	0.4864441836747528	0.0994471231984751	0.5170672092713925	1.0	False	False	up
RAD51B	0.329	-0.2749490258906021	0.3114645846718169	0.7735481771189257	1.0	False	False	down
RAD54L	0.8456	2.38282785157007	0.0043561791941907	0.1367031263798077	1.0	False	False	up
RADX	0.3246	-0.4510722741562009	0.2864481828182647	0.7597848163794731	1.0	True	False	down
RAI2	0.6438	-0.6213159347445971	0.0314092717130328	0.328106768956965	1.0	True	False	down
RALYL	0.0598	-0.8564045452170583	0.4459384060316889	0.8510274924268872	1.0	False	False	down
RANBP17	0.0244	-0.0029998371769798	0.9936516907866496	0.999037236145664	0.6470588235294118	False	False	down
RANBP3L	0.1924	-0.6197248045284639	0.6431211306531357	0.9219129174386276	1.0	False	False	down
RAP1GAP	0.2968	-0.2850204360479663	0.6227613838465289	0.9172918632856814	0.9411764705882352	False	False	down
RAP1GAP2	0.4922	0.0468750943549216	0.8096441661436103	0.9655955527158688	0.9411764705882352	False	False	up
RAP2C-AS1	0.3094	-0.08006196206137	0.7275433672391345	0.9449976378483544	1.0	True	False	down
RAPGEF4	0.4352	0.3178389084081601	0.5844946510565785	0.904828763803	0.9411764705882352	False	False	up
RAPGEF5	0.1761	1.2913656166895209	0.0043866530110824	0.1367823749166876	1.0	False	False	up
RARB	0.2977	0.0934122565544496	0.8139538595573179	0.9663007438684964	0.8823529411764706	False	False	up
RARG	0.846	-1.5874156596721614	0.1237288560315377	0.5611837974035301	1.0	False	False	down
RARRES1	0.3242	0.9850503765906428	0.2390486956758257	0.7127487894114474	1.0	False	False	up
RASA3	0.8691	0.6049787022978853	0.0839499031193901	0.4878993226933307	1.0	False	False	up
RASD1	0.5875	0.4228149707008715	0.6128613836200902	0.915157626899405	0.9411764705882352	False	False	up
RASEF	0.2002	0.1104852526136365	0.7162118716721999	0.9413724476993676	0.9411764705882352	False	False	up
RASGEF1A	0.257	-0.0618035839776133	0.9082922988551688	0.9864328570015264	0.8823529411764706	False	False	down
RASGEF1B	0.0312	-1.5795343468201724	0.0073783830465891	0.1732990922818653	1.0	False	False	down
RASGEF1C	0.527	1.4458585765361125	0.1050352152027783		0.9411764705882352	False	False	up
RASGRF2	0.1478	-0.375284492033188	0.4919299853766565	0.8696382331222892	1.0	False	False	down
RASGRP1	0.313	-0.5791217642933074	0.1249758326915457	0.5637289089297555	1.0	False	False	down
RASGRP3	0.3778	-0.1331385649802855	0.7469841769931855	0.949324429880132	0.8235294117647058	False	False	down
RASSF3	0.4342	0.5562596880790337	0.1041691722189141	0.5269188238096649	1.0	False	False	up
RASSF4	0.0532	-0.2266952217621399	0.7187497457319456	0.9424049032732192	0.8823529411764706	False	False	down
RASSF5	0.5184	0.3039171919771778	0.7132956823141425		0.9411764705882352	False	False	up
RASSF6	0.444	0.4297487762244322	0.2898911569070537	0.7618484975741323	1.0	False	False	up
RASSF8	0.1408	0.0212970056360299	0.930184843546484	0.9909029374108396	0.8235294117647058	False	False	up
RBBP8	0.0652	-0.0070559562800417	0.9735664824072974	0.9961924130086977	0.7058823529411765	False	False	down
RBFOX1	0.1056	-0.281863096066814	0.5996338962158401	0.9110654840663928	0.8823529411764706	False	False	down
RBL1	0.5858	-0.2647502802902446	0.391967906513108	0.8190969002588754	1.0	False	False	down
RBM15-AS1	0.116	-1.801856498542943	0.0067822152275817		1.0	False	False	down
RBM20	0.0716	0.5202428995146139	0.474317853175766	0.8615772454768645	0.9411764705882352	False	False	up
RBM44	0.9008	-0.386741418427372	0.5205057962128243	0.8798730783736765	0.9411764705882352	False	False	down
RBMS1	0.1114	-0.1416740574792589	0.635005008081252	0.9207947177741318	0.9411764705882352	False	False	down
RBMS2	0.5821	-0.3652835301772433	0.2888140652559551	0.7609945580001035	1.0	False	False	down
RBMS3	0.0762	0.5911828723122198	0.1807410817661185	0.6446000480346233	0.9411764705882352	False	False	up
RBMS3-AS2	0.1745	2.5230405588640914	0.0005505882935488	0.0615445055230052	1.0	False	False	up
RBPMS	0.344	-0.3454452417442958	0.3157875796718057	0.7760113228541231	1.0	False	False	down
RCAN1	0.2538	0.2860907906201688	0.5853889464395234	0.9052722751083006	0.9411764705882352	False	False	up
RCAN2	0.4338	0.0716045947444111	0.857677443956277	0.9731801693053014	0.8235294117647058	False	False	up
RCAN3	0.8998	0.086943977956828	0.8391883418154924	0.969710818822489	0.8235294117647058	False	False	up
RDH10	0.6322	-0.5860593270064846	0.080650027194937	0.481165939721527	1.0	False	False	down
RDH10-AS1	0.6254	1.7915190439610569	0.0243437550640813	0.2872563097561605	1.0	False	False	up
REEP1	0.4999	-0.5936695744204901	0.3631072869686702	0.8033347056828987	1.0	False	False	down
REG1A	0.7621	1.114516643764607	0.5550919019702618		1.0	False	False	up
RELB	0.2238	-0.4269421906798469	0.1659035758260488	0.6253015196219525	1.0	False	False	down
RELN	0.6184	2.141071764702692	0.0008532489898761	0.074065189586146	1.0	False	False	up
REN	0.975	0.8463710819575301	0.4747992966934374		0.8235294117647058	False	False	up
REPS2	0.0156	0.6824090980131015	0.2605850163133585	0.7368920610855134	1.0	True	False	up
RERG	0.0053	0.5966918550212351	0.2117660243889869	0.6821465079138584	1.0	False	False	up
RERGL	0.4023	0.1941090851651848	0.7876071889102396	0.959109232372707	0.8823529411764706	False	False	up
RETREG1	0.1314	0.5577250091745315	0.1024213125572267	0.5230318868841108	1.0	False	False	up
REXO5	0.9518	0.1717621086517589	0.7825351872823827	0.9579154568644164	0.9411764705882352	False	False	up
RFC3	0.6848	-0.0842727373522668	0.7626812583603603	0.952867064273701	0.8235294117647058	False	False	down
RFFL	0.083	-0.0692415329084801	0.8294438928155725	0.969075023124018	0.7647058823529411	False	False	down
RFLNA	0.518	-0.314704021202153	0.2368568994147466	0.7092243740088333	1.0	False	False	down
RFTN1	0.39	-0.1426066458465372	0.6986298841103566	0.9372823278040624	0.8823529411764706	False	False	down
RFTN2	0.1457	-2.547423147279956	0.0130872522157891	0.2193601933896473	1.0	False	False	down
RFX3-AS1	0.281	-0.4557010733709728	0.1794491093869146	0.6429133746555722	1.0	True	False	down
RFX4	0.7346	0.3960076929340017	0.5891827827422409		0.9411764705882352	False	False	up
RGL1	0.4821	-0.4090629924928927	0.3076388287219812	0.7719967362388817	0.9411764705882352	False	False	down
RGS17	0.8868	1.539080995612142	0.0164852730433104	0.2393285210519976	1.0	False	False	up
RGS20	0.9336	1.5746321013181646	0.0083935487364	0.1817985959792966	1.0	False	False	up
RGS22	0.7253	0.107322297515146	0.8558758788778372	0.97263827960342	0.8823529411764706	False	False	up
RGS5	0.901	-0.5428209766433817	0.5630972896620783	0.8981275296017196	0.9411764705882352	False	False	down
RGS6	0.1538	-2.326391725301676	0.058084746052657	0.4211516620266291	1.0	False	False	down
RGS7	0.3753	-1.761819144168581	0.0693359571083327	0.4551341616278064	1.0	False	False	down
RGS7BP	0.2836	-1.9194418271389664	0.102153088434165	0.5226351675913674	0.8235294117647058	False	False	down
RHBDL2	0.7318	1.3109077414722454	0.0216380278368897	0.2722538890254901	1.0	False	False	up
RHBG	0.0496	0.2681087106319682	0.8814781945193535	0.9794585080596704	0.9411764705882352	False	False	up
RHCG	0.3186	-1.1056907065648032	0.3398761634864673	0.7900982523917089	1.0	False	False	down
RHEX	0.0015	-0.0378329064294718	0.941297672210332	0.9935740063357916	0.7647058823529411	False	False	down
RHOA	0.1636	-0.3221645084377538	0.2425003641460703	0.7157918532389973	1.0	False	False	down
RHOBTB1	0.0147	0.1242087381045804	0.8527046162796196	0.9725490252806572	0.8823529411764706	False	False	up
RHOBTB3	0.161	0.2428089288754125	0.6758706065926818	0.9313708956103488	1.0	False	False	up
RHOQ	0.4446	0.5084843418170631	0.2355238667658491	0.7078050190513654	0.9411764705882352	False	False	up
RHOXF1-AS1	0.8189	-0.1485411261773922	0.8162095912214484	0.9663026571021957	0.8823529411764706	True	False	down
RIMBP2	0.0545	-5.306388970000104	0.0001144645643925	0.0319898252677592	1.0	False	True	down
RIMKLA	0.7384	-0.0467158678472611	0.915547282680347	0.9879561586973408	0.7647058823529411	False	False	down
RIMS2	0.0882	2.423884527491013	0.0006031186279984	0.0639999982947987	1.0	False	True	up
RIPK2	0.7303	0.1597860867984196	0.7216210023057048	0.9428759374469244	0.9411764705882352	False	False	up
RIPOR2	0.5082	0.1352657865064402	0.813585476816582	0.9663007438684964	0.8823529411764706	False	False	up
RIPOR3	0.1174	-0.2279346040134329	0.5059302698834333	0.8749018317427484	0.9411764705882352	False	False	down
RIT2	0.7568	-1.7608882916044328	0.1286340265646177		1.0	False	False	down
RMDN2	0.2952	-0.4555251383997991	0.2382304959423852	0.7116250459809467	1.0	False	False	down
RMDN2-AS1	0.8204	1.3701096950636626	0.0320536780773872	0.3308549696581263	1.0	False	False	up
RMST	0.3012	-0.8429396171972033	0.0365745443281279	0.3485023573132236	1.0	False	False	down
RND3	0.114	1.0362513343838442	0.0787397864632544	0.4767036773305654	1.0	False	False	up
RNF128	0.3014	-0.3164839133617106	0.4547112278407663	0.8513656640211837	0.9411764705882352	True	False	down
RNF144A	0.6786	-0.2377460167612292	0.6706146896137772	0.929531177053957	0.9411764705882352	False	False	down
RNF144B	0.1874	-1.302630505593587	0.0890388960593327	0.499552573935016	1.0	False	False	down
RNF150	0.3665	-0.371254672295108	0.5008524552236976	0.872445066393964	0.9411764705882352	False	False	down
RNF152	0.1572	-0.1218548367206692	0.8572925010648789	0.9729217812346668	0.8823529411764706	False	False	down
RNF165	0.418	-0.7215034982314704	0.4182495762851945	0.8358160983912123	1.0	True	False	down
RNF180	0.1784	-0.118708438025601	0.6229695989461748	0.9172918632856814	0.9411764705882352	False	False	down
RNF182	0.7042	-0.4536921938028435	0.3047426851780831	0.7703646834758979	1.0	False	False	down
RNF183	0.443	-0.4524189738790825	0.5771567924406208	0.9032675046750056	0.9411764705882352	False	False	down
RNF19A	0.4118	0.4478861124929524	0.118399485648528	0.5491517060232266	1.0	False	False	up
RNF212B	0.1258	-0.4475013232448155	0.5697397572599505	0.9005157859195602	0.9411764705882352	False	False	down
RNF213	0.2058	-0.1899269806982994	0.4608125597699514	0.8553385044400782	1.0	False	False	down
RNF217-AS1	0.7919	-0.1624243076109483	0.7017666582418627	0.9377657373679538	0.9411764705882352	False	False	down
RNF220	0.7415	0.8329899898188808	0.1141363826572263	0.5446495128418276	0.9411764705882352	False	False	up
RNF24	0.122	-0.2042923322439189	0.6771367184728866	0.93158969209907	0.8235294117647058	False	False	down
RNF43	0.815	-0.6185510965132566	0.1770648750312644	0.6407276922313735	1.0	False	False	down
RNLS	0.1176	-0.8588053495217511	0.113687545105649	0.5439697394318651	1.0	False	False	down
ROBO1	0.7724	-0.9433556131883278	0.0740315592438855	0.4664525838732641	1.0	False	False	down
ROBO2	0.2484	0.4853967404419316	0.459125012899539	0.8542568753301663	1.0	False	False	up
ROR1	0.5138	0.8302452508950603	0.1364379115758902	0.5817513580244055	1.0	False	False	up
ROR1-AS1	0.1878	2.430678771831374	0.0025517013156236	0.1069249841063868	1.0	False	False	up
ROR2	0.7592	-0.0682986089767623	0.9308187753025008	0.9909474511520668	0.8235294117647058	False	False	down
RORA	0.1938	-0.3369661506740929	0.1737483210590431	0.6364012256322041	1.0	False	False	down
RORA-AS1	0.9458	1.626690247994424	0.0026039272107793	0.1072847104999889	1.0	False	False	up
RORB	0.5192	-0.7483005041595964	0.3755272056848597	0.8122930464660041	1.0	False	False	down
RP1	0.101	-2.012443263413428	0.0591531325411483	0.4254064870706673	1.0	False	False	down
RPL10	0.1348	1.436793054697164	0.3507306564529469	0.7973608481320847	0.9411764705882352	True	False	up
RPL11	0.4924	0.6343635870683857	0.733664343365222	0.9464682023650342	0.9411764705882352	False	False	up
RPL13	0.0612	1.3387343085413208	0.3448751388641625	0.7951615523223365	0.9411764705882352	False	False	up
RPL13A	0.4376	0.9810361957463556	0.5343914857106903	0.8857984708551426	0.9411764705882352	False	False	up
RPL18	0.8334	0.645519514366022	0.6680167451053491	0.9295037110944796	0.9411764705882352	False	False	up
RPL18A	0.5088	1.2478710659417398	0.3735776489481088	0.8098375862358439	0.9411764705882352	False	False	up
RPL19	0.4673	0.7283352904529801	0.6119897244393757	0.9147900123287368	0.9411764705882352	False	False	up
RPL21	0.264	1.4347560407650968	0.4422249582958526	0.8497678654069601	0.9411764705882352	False	False	up
RPL23	0.6288	-0.3164663729631924	0.8265328639078442	0.9685675492683484	0.8823529411764706	False	False	down
RPL26	0.0968	1.946575773110155	0.2729251622343284	0.7486292483937559	0.9411764705882352	False	False	up
RPL3	0.1778	1.0777909423433685	0.5087489294737011	0.8754137552189794	0.9411764705882352	False	False	up
RPL32	0.4334	1.5416605113577802	0.4133034488951899	0.8337289211165277	0.9411764705882352	False	False	up
RPL34	0.2634	1.2400631460434075	0.5144107489139547	0.8780255138188919	0.9411764705882352	False	False	up
RPL34-AS1	0.4873	-0.3069452399472739	0.4532515908359511	0.8513656640211837	0.9411764705882352	True	False	down
RPL35	0.2448	-0.1717830806271895	0.9202771757639416	0.9890766789943266	0.8235294117647058	False	False	down
RPL37	0.51	0.5424110470833128	0.7479107453002881	0.949324429880132	0.9411764705882352	False	False	up
RPL37A	0.186	0.6668943123494007	0.7161595168212241	0.9413724476993676	0.9411764705882352	False	False	up
RPL39	0.1774	1.5584205858964086	0.3469698348372042	0.796057392168698	0.9411764705882352	True	False	up
RPL41	0.0943	1.506010360068191	0.4112481868348245	0.8327719324291134	0.9411764705882352	False	False	up
RPL6	0.457	0.9625725023445812	0.5277197925850108	0.882873759597998	0.9411764705882352	False	False	up
RPL8	0.7892	0.3357262541671972	0.7860901541842013	0.9585781391285504	0.9411764705882352	False	False	up
RPLP0	0.4068	-0.0285860790562026	0.9852659706930772	0.9979246610923356	0.7058823529411765	False	False	down
RPLP1	0.133	1.1764307428117555	0.5605451920047615	0.8967928936211863	0.9411764705882352	False	False	up
RPS12	0.4209	1.1289458971879065	0.578431890298285	0.9032675046750056	0.9411764705882352	False	False	up
RPS13	0.4898	1.3432015417587384	0.3536351432984133	0.7986974828175475	0.9411764705882352	False	False	up
RPS14	0.2068	0.880457154633567	0.5429423782695029	0.8880635939796246	0.9411764705882352	False	False	up
RPS15	0.2551	1.4018102067771794	0.3910376640888433	0.819057873517529	0.9411764705882352	False	False	up
RPS18	0.3178	1.554691821288129	0.4456419411466966	0.8510122516719025	0.9411764705882352	False	False	up
RPS19	0.5826	0.6361805069383687	0.7806433250274559	0.9573601381612092	0.9411764705882352	False	False	up
RPS2	0.4286	1.2435067268949582	0.4528847361310746	0.8513656640211837	0.9411764705882352	False	False	up
RPS21	0.2148	0.7331129127336792	0.5944233616410626	0.9085702488689325	0.9411764705882352	False	False	up
RPS23	0.4288	1.985875407315091	0.2281044210876995	0.7002178405093745	0.9411764705882352	False	False	up
RPS26	0.046	-0.3919820209046917	0.7941420571868303	0.9613935027970624	0.9411764705882352	False	False	down
RPS27	0.0432	1.5890078793555282	0.4561376711707796	0.8528235832321767	0.9411764705882352	False	False	up
RPS27A	0.3106	1.132841745870964	0.5826338397667009	0.9044040920762556	0.9411764705882352	False	False	up
RPS28	0.113	1.9530412674635595	0.3021249562944739	0.7691306705805125	0.9411764705882352	False	False	up
RPS4X	0.4713	0.4600826434086458	0.7618539855293687	0.9527198656582928	0.9411764705882352	True	False	up
RPS6KA2	0.1402	0.209114088723337	0.5193245262675006	0.8798138028300402	0.9411764705882352	False	False	up
RPS6KA5	0.5864	0.0612643144040957	0.8420839160646947	0.9708973166242352	0.7647058823529411	False	False	up
RPS6KA6	0.0314	-0.8106805210091887	0.0018497027128045	0.0947044685433151	1.0	True	False	down
RPS8	0.3108	0.3537227358942589	0.8644251760314445	0.9747812091944448	0.9411764705882352	False	False	up
RPS9	0.5038	0.0963959882177997	0.942696315645942	0.9939788873956428	0.7647058823529411	False	False	up
RRAD	0.6065	0.1698025816363336	0.7517209078276312	0.9494855461323825	0.9411764705882352	False	False	up
RRAS2	0.4886	0.0112591414894351	0.974577400028512	0.9961924130086977	0.6470588235294118	False	False	up
RRH	0.9752	-0.4894817630482089	0.4295514536878896	0.8424924855958874	1.0	False	False	down
RRM2	0.6856	0.021431335265612	0.9475062473387128	0.9945367494316568	0.7647058823529411	False	False	up
RRM2B	0.4418	-0.7910368166647106	0.0613258880094873	0.4303232742617631	1.0	False	False	down
RSAD2	0.8338	-0.1687897575849143	0.8180205357782528		0.9411764705882352	False	False	down
RTKN2	0.7538	0.2822115444552817	0.5017305802443198	0.8727035446466648	0.9411764705882352	False	False	up
RTN1	0.1554	0.1873551551728053	0.7850656027558778	0.9583183838336032	0.8823529411764706	False	False	up
RTN4	0.0773	0.3514238412071273	0.3615499195331576	0.8022181121438804	0.9411764705882352	False	False	up
RTN4IP1	0.4009	-0.0202779849288965	0.9621662458304012	0.9951658358382964	0.8235294117647058	False	False	down
RTN4RL1	0.275	-1.6594797563736507	0.0166412044237233	0.2401739386007037	1.0	False	False	down
RUBCNL	0.4729	-0.8327864465296303	0.384136904850515	0.8156421167465666	0.9411764705882352	False	False	down
RUNDC3B	0.097	-0.4076000951799061	0.2660116325174085	0.7428830913164781	1.0	False	False	down
RUNX1	0.464	0.8349719699295978	0.04841180135699	0.3908451395816113	1.0	False	False	up
RUSC2	0.6853	-0.0776192351759679	0.7990553972351392	0.9629008100650104	0.9411764705882352	False	False	down
RYBP	0.36	-0.5330862290570781	0.0273490653499497	0.3054762316769351	1.0	False	False	down
RYR3	0.759	0.6857032213178809	0.3700252397181097	0.8076301691474966	0.9411764705882352	False	False	up
S100A14	0.5108	-1.3142468836997971	0.2646373457199438		0.8235294117647058	False	False	down
S100A2	0.1125	-4.072057090116524	0.0056009870140774	0.1543554301540323	1.0	False	False	down
S100A6	0.0178	0.3953643882978422	0.7279785533043409	0.945135433609632	0.9411764705882352	False	False	up
SAMD12-AS1	0.1138	-0.4717261682514591	0.2175936718950394	0.6894751150272462	1.0	False	False	down
SAMD13	0.9414	-0.0853909786701448	0.8703095151662577	0.9760571072284248	0.8823529411764706	False	False	down
SAMD3	0.7351	0.1838400842234205	0.6950317294588078	0.9368189224607404	0.9411764705882352	False	False	up
SAMD4A	0.0777	0.0368351634896204	0.9274379639428288	0.9902787004601654	0.7647058823529411	False	False	up
SAMD5	0.1714	-0.1155864853868983	0.7979470740489925	0.9622981670549136	0.9411764705882352	False	False	down
SAMMSON	0.3928	-1.0122727103706166	0.3223818511841763		0.8235294117647058	False	False	down
SASH1	0.0374	-0.6367875516445977	0.1136451702620791	0.5439697394318651	1.0	False	False	down
SAT1	0.1084	1.1509799320765703	0.0517295132806059	0.3990639753603227	0.9411764705882352	True	False	up
SATB2	0.366	-0.7731972853416711	0.1819657602797809	0.6461647696394475	1.0	False	False	down
SATB2-AS1	0.6792	-0.8089503714199319	0.2803366559579906	0.7538679444631471	1.0	False	False	down
SAXO1	0.437	-0.7562960040775202	0.2233941057562316	0.6961242182663939	1.0	False	False	down
SAXO2	0.7125	-0.6150738085294573	0.242415709892058	0.7157918532389973	1.0	False	False	down
SBSPON	0.4698	0.1795394947329021	0.7588921514215898	0.9521440874850268	0.8823529411764706	False	False	up
SCARA3	0.7368	-1.6632642240881172	0.0891505730529584	0.4996090245179092	1.0	False	False	down
SCCPDH	0.471	-0.7668557039909752	0.1431281955886827	0.5915131566034546	1.0	False	False	down
SCD5	0.3974	-0.2438299443707885	0.5690339349889362	0.9003701502989496	0.9411764705882352	False	False	down
SCEL	0.296	0.6248587049851431	0.5133300034578949	0.8777098001672178	0.9411764705882352	False	False	up
SCGB2B2	0.4366	-0.4289812099784827	0.2857680830803776	0.7590634297560903	1.0	False	False	down
SCGN	0.6954	0.4039459235833282	0.5523226597725708	0.892607848977482	1.0	False	False	up
SCHLAP1	0.3098	1.6288204983463468	0.0298583003256289	0.3195522087707474	1.0	False	False	up
SCIN	0.4492	-0.0869849306968505	0.8441942123051739	0.971610453177867	0.8823529411764706	False	False	down
SCLT1	0.6714	0.115683558545696	0.5983513959061839	0.9108337185678654	1.0	False	False	up
SCML2	0.7889	-0.2601838939178144	0.4340558018288866	0.8447584551870807	1.0	True	False	down
SCN11A	0.2686	-1.00257387166569	0.0257171457173708	0.29473807251843	1.0	False	False	down
SCN1A-AS1	0.2	-0.2618575700839171	0.5952213094793555	0.9085702488689325	1.0	False	False	down
SCN2A	0.1911	-0.6950633971843773	0.3387835989636664	0.7883475411595946	1.0	False	False	down
SCN3A	0.6897	-0.6021524649415994	0.6797500105773189	0.9317020633353053	0.9411764705882352	False	False	down
SCN7A	0.233	-0.4052244942443632	0.699667941798741	0.9372823278040624	0.8235294117647058	False	False	down
SCN9A	0.1994	-1.3197245147580765	0.0044880455285705	0.1372916528534911	1.0	False	False	down
SCNN1A	0.3447	-0.3066288421225147	0.5157636901910612	0.8784990976200172	1.0	False	False	down
SCOC-AS1	0.7306	0.4766096434122362	0.3977813225438344	0.8220929579805383	0.9411764705882352	False	False	up
SCRG1	0.4864	-1.207884867338137	0.2020580057038065		0.8235294117647058	False	False	down
SCTR	0.7056	-0.2508072998741332	0.8321787755641894	0.9695256696792534	0.6470588235294118	False	False	down
SCUBE2	0.5342	-0.4449124999461982	0.5078558468698213	0.875178131192173	1.0	False	False	down
SDC2	0.1032	-1.1068833184766946	0.0297188721310328	0.3194995363941217	1.0	False	False	down
SDC4	0.2762	0.4364195538571169	0.3449235989322973	0.7951615523223365	0.9411764705882352	False	False	up
SDCBP	0.5022	0.4471815792636265	0.4431233145368795	0.8504969277057869	1.0	False	False	up
SDHAF3	0.4484	-0.2459750861161322	0.5641248350765531	0.8985574716905661	1.0	False	False	down
SDK1	0.035	0.749937767697641	0.0633957117630563	0.4381849805553333	1.0	False	False	up
SEC14L4	0.9198	-0.6976683895281423	0.4948342482669727		0.8235294117647058	False	False	down
SEC24B-AS1	0.3424	-0.2528329889232796	0.4914694892855794	0.8696382331222892	0.9411764705882352	False	False	down
SEC24D	0.2714	0.2787516053312119	0.4548312835584358	0.8513656640211837	0.9411764705882352	False	False	up
SEL1L3	0.3625	0.3488075624626992	0.3023335908445789	0.7691308149288614	0.9411764705882352	False	False	up
SEM1	0.5308	-0.1605079177163095	0.594084863783541	0.9085702488689325	1.0	False	False	down
SEMA3A	0.17	-2.351729673476928	0.0064501535320267	0.1660379835905663	1.0	False	False	down
SEMA3C	0.4443	0.6301435729574247	0.2328860858584065	0.7055954898614647	0.9411764705882352	False	False	up
SEMA3D	0.3144	-1.0574480269820203	0.0655417871521016	0.4459706032252095	1.0	False	False	down
SEMA3E	0.0306	0.0586697987292271	0.9579457595437192	0.995163193386602	0.7647058823529411	False	False	up
SEMA3F	0.529	-1.661267412830761	0.0533342046333255	0.4052239071640815	1.0	False	False	down
SEMA3F-AS1	0.7166	-0.8246523635141523	0.3881978494762278	0.8179107556201003	0.8235294117647058	False	False	down
SEMA4A	0.5346	-0.4063758675596879	0.659152591881166	0.9270936013526614	0.8823529411764706	False	False	down
SEMA4B	0.2948	-0.2292199643261256	0.4867723744400013	0.8670319499334349	1.0	False	False	down
SEMA4D	0.3078	-0.2737154358504097	0.4089859282047756	0.8306560947128548	1.0	False	False	down
SEMA5A	0.0824	0.1869382458719332	0.6831254435953609	0.9324176761626952	0.9411764705882352	False	False	up
SEMA5A-AS1	0.9428	1.769524066766614	0.157722269215585		0.8235294117647058	False	False	up
SEMA5B	0.8116	-0.6660876388048205	0.3387816916884002	0.7883475411595946	1.0	False	False	down
SEMA6A	0.355	0.1769269186537072	0.7050789019233128	0.93926990676191	0.8823529411764706	False	False	up
SEMA6A-AS1	0.7718	1.38666138613534	0.0140449621294886	0.2248846839321491	1.0	False	False	up
SEPTIN6	0.0993	-0.1656808197424485	0.8295677391550786	0.969075023124018	0.8823529411764706	True	False	down
SEPTIN9	0.3152	0.8083603326192504	0.0446393698683548	0.3764090723183084	0.9411764705882352	False	False	up
SERINC5	0.8353	-0.2108309900366961	0.6384465517300998	0.921255585275185	0.8823529411764706	False	False	down
SERPINA1	0.0777	0.8364844733863849	0.4463103109361225	0.8511455554604994	0.9411764705882352	False	False	up
SERPINA3	0.5806	-0.6483236375037943	0.6439913673564169		1.0	False	False	down
SERPINE1	0.0426	1.927815192925907	0.0217962027676947	0.272915102566636	1.0	False	False	up
SERPINE2	0.8046	1.4483753408869502	0.0783463637297871	0.4763027689509	1.0	False	False	up
SERTAD2	0.6423	0.1401822827101355	0.6745168598397868	0.9313708956103488	0.9411764705882352	False	False	up
SESN3	0.6314	0.0735754953909292	0.8380243039187839	0.9695256696792534	0.8823529411764706	False	False	up
SEZ6L	0.8221	-1.0055258831271918	0.229155885017654		1.0	False	False	down
SFMBT2	0.6451	0.0193388576778176	0.9611593551950666	0.9951635890163716	0.7647058823529411	False	False	up
SFRP2	0.9808	0.0772199373759556	0.9648060207323188		0.6470588235294118	False	False	up
SFTPD	0.2534	-2.051071222379772	0.0249545531760667		1.0	False	False	down
SGCD	0.0354	0.9669932737260488	0.1321679596348745	0.5751227731777429	1.0	False	False	up
SGIP1	0.128	-2.4974247882989635	0.0139642532229286	0.2241722094472308	1.0	False	False	down
SGK1	0.3116	0.0999128754257751	0.8987930833148736	0.9839925213891274	0.7058823529411765	False	False	up
SGO1-AS1	0.0498	-0.1942805893712484	0.5660175631768684	0.8994569119649652	1.0	False	False	down
SGO2	0.7064	-0.9610742466552468	0.1089861919776068	0.5362788572424151	1.0	False	False	down
SGPP2	0.0202	0.4950111088529439	0.1879951053617443	0.6552286871658151	0.9411764705882352	False	False	up
SGSM1	0.7062	-1.2572535362458828	0.0326861520780642	0.3327265308153535	1.0	False	False	down
SH3BP4	0.5403	-0.1430391121895056	0.6088912706204583	0.9140732765664864	0.9411764705882352	False	False	down
SH3GL2	0.6966	0.4084987218997766	0.5497026271052887	0.8913071820593398	0.9411764705882352	False	False	up
SH3RF2	0.5892	1.0773237731118466	0.0341014444052769	0.3412241604772887	1.0	False	False	up
SH3RF3	0.1342	1.3693522780241196	0.0074254255133653	0.1732990922818653	1.0	False	False	up
SH3TC2	0.5617	0.3293963319249367	0.6431073605081201	0.9219129174386276	0.9411764705882352	False	False	up
SH3TC2-DT	0.8795	2.426863491905211	0.064999868178733		1.0	False	False	up
SHISA6	0.6224	0.7409636501731114	0.0769035444255925	0.4732279016593617	1.0	False	False	up
SHISA9	0.7806	0.1574463485008116	0.7843866677127769	0.9581774113103224	0.8823529411764706	False	False	up
SHISAL2A	0.9868	0.4583862962761819	0.3558219164726874	0.8006385193441621	1.0	False	False	up
SHLD1	0.3972	-0.4992958103002682	0.1598717394705741	0.620065253008406	1.0	False	False	down
SHOC1	0.2446	1.050369853493494	0.0755765795729327	0.4707578330661983	1.0	False	False	up
SHROOM2	0.1534	-0.1939378048338779	0.4863770361465864	0.8670319499334349	1.0	True	False	down
SHROOM3	0.3634	0.017176412823701	0.9535518438168694	0.9946677306023096	0.6470588235294118	False	False	up
SHROOM4	0.3301	-0.0818400860954424	0.7764971569444346	0.9565839754905506	0.8235294117647058	True	False	down
SIAH2-AS1	0.4651	-0.8942487664694525	0.0438226653974819	0.3738844565984137	1.0	False	False	down
SIK2	0.1712	0.0744766667106024	0.8101664862024326	0.9655955527158688	0.8823529411764706	False	False	up
SIM1	0.219	-1.5314288525961224	0.1012299520627791	0.520439802344368	1.0	False	False	down
SIM2	0.2222	-2.8071407421157626	0.1090492786574792	0.5362788572424151	1.0	False	False	down
SIPA1L2	0.1218	0.5589283289208573	0.089315384777825	0.5000765630814462	1.0	False	False	up
SIX3	0.7976	-0.0974816306766987	0.9452171985723998		0.7058823529411765	False	False	down
SKA2	0.5436	-0.52142628932041	0.0844613846017729	0.4889256067764722	1.0	False	False	down
SKAP1	0.0626	-0.167076869075823	0.8231314296961194	0.9679640879438342	0.8235294117647058	False	False	down
SKAP2	0.6194	-0.1187955654059578	0.6830549320319016	0.9324176761626952	0.8823529411764706	False	False	down
SLAIN1	0.7484	-0.1135470204512296	0.7005129387793712	0.9372823278040624	0.9411764705882352	False	False	down
SLC10A2	0.6875	0.1784439058919855	0.8754929891300601	0.9780168870228176	0.7647058823529411	False	False	up
SLC12A1	0.22	-1.1477589726802933	0.4486807785306403	0.8513656640211837	0.9411764705882352	False	False	down
SLC12A3	0.1364	-2.5815415935705217	0.1584851190527656	0.6173719652164131	1.0	False	False	down
SLC12A7	0.7835	0.3655807163506845	0.4295083808925931	0.8424924855958874	0.9411764705882352	False	False	up
SLC12A8	0.7283	0.2813472302623874	0.4116935053409404	0.8329014002792506	1.0	False	False	up
SLC13A1	0.0943	-0.3793121999898712	0.5466935944178863	0.890343860248328	0.9411764705882352	False	False	down
SLC13A3	0.052	-0.6480119924084589	0.4441048353104158	0.8509963072478737	1.0	False	False	down
SLC14A1	0.135	0.4718231466533436	0.7416069311452369		0.9411764705882352	False	False	up
SLC14A2	0.3112	-0.9206161939962624	0.0686181225417265	0.4541429447260879	1.0	False	False	down
SLC14A2-AS1	0.4318	-1.9336819733110795	0.080780573942189		0.8235294117647058	False	False	down
SLC15A1	0.1026	0.0865417173641157	0.8655097853077538	0.9747812091944448	0.8823529411764706	False	False	up
SLC15A2	0.5944	-1.0559890617328689	0.0236388765068019	0.2825554525732005	1.0	False	False	down
SLC16A1	0.2196	-0.1315314578427339	0.873415371429056	0.9776771976738512	0.8823529411764706	False	False	down
SLC16A1-AS1	0.5376	0.1932699732191265	0.680854025829353	0.9318135818132088	0.9411764705882352	False	False	up
SLC16A10	0.1736	-0.6738780234879604	0.0073238234387041	0.1728835869654398	1.0	False	False	down
SLC16A12	0.0252	0.3543601892277484	0.449153271059455	0.8513656640211837	1.0	False	False	up
SLC16A12-AS1	0.6158	1.8761447520479115	0.0020501961191866	0.0981830933701413	1.0	False	False	up
SLC16A14	0.731	-0.2276652480137174	0.8180196177681499		0.8235294117647058	False	False	down
SLC16A2	0.7651	-0.7417717432997881	0.1118956718770183	0.5404391745144199	1.0	True	False	down
SLC16A5	0.3854	-2.852333912502228	0.0109113893962756	0.2050563044354013	1.0	False	False	down
SLC16A7	0.4247	-0.1180804770235195	0.8466783513228144	0.9721143885897664	0.8823529411764706	False	False	down
SLC16A9	0.0468	0.430478968574063	0.4042061468779784	0.8273717272342744	1.0	False	False	up
SLC17A1	0.2852	0.0921672952503433	0.9029639636701716	0.9851123124360232	0.7647058823529411	False	False	up
SLC17A3	0.3226	0.8755206689092951	0.2989574169825553	0.7678156414704679	0.9411764705882352	False	False	up
SLC17A4	0.319	0.1853351267064318	0.779328689180216	0.9571317544545264	0.9411764705882352	False	False	up
SLC18A2	0.9232	1.0657084339010734	0.3931877495250612		0.9411764705882352	False	False	up
SLC19A3	0.1686	-0.290179247282738	0.6375121873919045	0.9211100239498224	0.9411764705882352	False	False	down
SLC1A1	0.7661	-0.1032420239011201	0.6485995903038391	0.9228909641954024	0.9411764705882352	False	False	down
SLC20A2	0.423	0.6130001604656904	0.0946380048304412	0.5093590499802506	0.9411764705882352	False	False	up
SLC22A10	0.5636	0.4042494136049641	0.5312679949197863	0.8846469773161941	0.9411764705882352	False	False	up
SLC22A12	0.0294	-1.1111049958192074	0.1810484779729444	0.6447476556037313	1.0	False	False	down
SLC22A15	0.8573	0.2407337886015834	0.4788308128274741	0.8629608374653835	1.0	False	False	up
SLC22A23	0.3352	-0.6596663332706139	0.1344949981228964	0.5780174649713321	1.0	False	False	down
SLC22A24	0.149	0.557671376536322	0.4777068505425074	0.8624600912528373	0.9411764705882352	False	False	up
SLC22A3	0.7194	0.5233587634079604	0.1721096282054041	0.6334320297913614	1.0	False	False	up
SLC22A5	0.0866	1.2647746198443353	0.008350891755947	0.1811406667650286	1.0	False	False	up
SLC22A6	0.1934	0.1546030678257721	0.8628442452282712	0.9746479259547404	0.8235294117647058	False	False	up
SLC22A7	0.0275	1.2157084597216283	0.1381852651665166	0.5858673932756884	1.0	False	False	up
SLC22A8	0.0898	-0.3657052059376051	0.7474411991146772	0.949324429880132	0.8823529411764706	False	False	down
SLC24A3	0.8842	0.5578952378709428	0.3137531144829725	0.775968939033163	0.9411764705882352	False	False	up
SLC25A21	0.5074	0.0719185490672351	0.813208816027853	0.9663007438684964	0.8823529411764706	False	False	up
SLC25A30	0.324	-0.3450959754273114	0.2739106008832135	0.7494968188263789	1.0	False	False	down
SLC25A48	0.2272	-0.875548620601824	0.0343367209959655	0.3418764116169496	1.0	False	False	down
SLC26A4	0.1336	0.1897048220794375	0.8788388988029209	0.978383100006086	0.7647058823529411	False	False	up
SLC26A5	0.9592	0.8474454221920855	0.1441355356747519	0.5934255320550024	1.0	False	False	up
SLC26A7	0.1842	-1.38811417584467	0.2242659339830501	0.6965844884599678	1.0	False	False	down
SLC27A2	0.4344	-0.2759387821311015	0.5166387676661621	0.8787386788602273	0.9411764705882352	False	False	down
SLC27A6	0.3714	0.4059944508377951	0.5869794804742193	0.9064367022549278	0.9411764705882352	False	False	up
SLC28A1	0.4472	-0.0458088856854727	0.9099419413272368	0.9865747048870868	0.7058823529411765	False	False	down
SLC29A4	0.746	-3.6133872729618233	0.0435887557495083		0.8235294117647058	False	False	down
SLC2A1	0.9076	1.6605161775322603	0.0503590528209199	0.3967927505921841	0.9411764705882352	False	False	up
SLC2A1-AS1	0.5355	-0.6960464508082861	0.3107205002494844	0.7735304369732807	1.0	True	False	down
SLC2A13	0.6944	-0.2403437446325694	0.5154361441057758	0.8784990976200172	0.9411764705882352	False	False	down
SLC2A14	0.5446	1.521654501945771	0.0483595350482524	0.3908451395816113	1.0	False	False	up
SLC2A2	0.549	-0.0076681855569942	0.992282691414251	0.9989334947898728	0.7058823529411765	False	False	down
SLC2A3	0.0786	0.9974896234981978	0.4266738004829291	0.8416445035378807	0.9411764705882352	False	False	up
SLC30A8	0.2586	-0.3630406389722262	0.7231509537606291	0.943345082931269	0.8823529411764706	False	False	down
SLC34A1	0.0503	-0.3641104673973339	0.8089975021566239	0.9655955527158688	0.8823529411764706	False	False	down
SLC34A2	0.8336	0.2347793059057167	0.8059290550138906	0.9648951258335386	0.9411764705882352	False	False	up
SLC35A4	0.6028	0.1678208048970957	0.838366044078714		0.8823529411764706	False	False	up
SLC35D1	0.2015	-0.6005294610914351	0.0221863180183226	0.2746245255688038	1.0	False	False	down
SLC35F1	0.051	-0.9889299862513784	0.3985652191724721	0.8226657118100043	0.9411764705882352	False	False	down
SLC35F3	0.0256	-0.4820012991509976	0.3043048437626695	0.7703646834758979	1.0	False	False	down
SLC35F4	0.7942	1.0766466783327648	8.309124852700233e-05	0.027854452631211	1.0	False	False	up
SLC35F5	0.0672	-0.5283635997466121	0.15085406628592	0.605963365391427	1.0	False	False	down
SLC35G1	0.704	0.5321605095832819	0.2791758962164472	0.7531977606283976	1.0	False	False	up
SLC36A2	0.0247	-0.751948251129433	0.4551200162589692	0.8516899568408774	1.0	False	False	down
SLC38A11	0.3053	-1.438622636551978	0.1753562775270288	0.6385713225177271	0.9411764705882352	False	False	down
SLC39A14	0.2358	-0.1249075692065126	0.7861061527319484	0.9585781391285504	0.8235294117647058	False	False	down
SLC39A4	0.5438	0.3497021685292616	0.773964982699704	0.9565839754905506	0.9411764705882352	False	False	up
SLC39A8	0.4828	-0.9085723044558568	0.1363345795045483	0.5817513580244055	1.0	False	False	down
SLC44A5	0.0688	-2.0656318261502062	0.0871926830660963	0.4949717490242764	1.0	False	False	down
SLC45A2	0.7086	0.1437579744398801	0.824083103132419	0.9682352852639142	0.8823529411764706	False	False	up
SLC45A4	0.1824	0.4516231579262873	0.2862989135295763	0.7597848163794731	0.9411764705882352	False	False	up
SLC47A1	0.0584	0.3085442820977042	0.6481880493418559	0.9228909641954024	0.9411764705882352	False	False	up
SLC47A2	0.0316	0.0251626012803579	0.9731197550092052	0.9961924130086977	0.7058823529411765	False	False	up
SLC4A11	0.4044	-2.8793763583882344	0.0328560964701304	0.3337654427923032	1.0	False	False	down
SLC4A4	0.4198	0.2875048832147723	0.511232628406453	0.8768856319645209	1.0	False	False	up
SLC4A7	0.738	0.4529432096836474	0.1331359907256255	0.57611542773996	1.0	False	False	up
SLC4A9	0.0624	-0.0875562249687539	0.9492666924409378	0.9945836330426604	0.7647058823529411	False	False	down
SLC5A1	0.6394	-0.2004126094125111	0.8384578057471739	0.9695256696792534	0.8823529411764706	False	False	down
SLC5A10	0.1742	-0.2733357880325614	0.4768976028439916	0.8621121025244876	0.9411764705882352	False	False	down
SLC5A11	0.3914	-0.9137698549065316	0.1646068830663639	0.6239633447427301	1.0	False	False	down
SLC5A12	0.033	-0.9005258476580152	0.348553633267588	0.7963263340021961	1.0	False	False	down
SLC5A2	0.3162	-0.5824028068219889	0.5745938948740169	0.9025433699042152	0.9411764705882352	False	False	down
SLC5A4	0.9207	1.3141525804851597	0.0599653361551218		1.0	False	False	up
SLC5A4-AS1	0.5033	-0.4129646411866235	0.576268345395885	0.9027067638657916	1.0	False	False	down
SLC5A8	0.7872	-0.7546878443480372	0.2972309245650171	0.7669972248659906	1.0	False	False	down
SLC6A18	0.2764	0.5761791382717217	0.5854801691117602	0.9053184290175555	0.9411764705882352	False	False	up
SLC6A19	0.5218	-0.5825457572325136	0.5551774636225083	0.8939911100821828	0.9411764705882352	False	False	down
SLC6A20	0.8884	1.5938898851769878	0.0185722198952436	0.2526031422877172	1.0	False	False	up
SLC6A6	0.6214	0.2651539817874174	0.4759807688108656	0.8617547980803077	1.0	False	False	up
SLC7A11	0.9058	1.3574330654295457	0.0902941354088703		1.0	False	False	up
SLC7A13	0.3028	-1.1961348556108855	0.3606562934810042	0.8022181121438804	1.0	False	False	down
SLC7A2	0.1788	0.9768625481929888	0.0137750571062795	0.223975392378598	1.0	False	False	up
SLC7A7	0.4348	-0.5163787747293289	0.423177208154043	0.8396138390975416	1.0	False	False	down
SLC7A8	0.3988	-0.2016825664479181	0.8007405849310257	0.9631572530640242	0.8823529411764706	False	False	down
SLC8A1	0.0192	-0.0666021353792314	0.959913962188576	0.995163193386602	0.8235294117647058	False	False	down
SLC8A1-AS1	0.0791	-1.4875617235414729	0.2831015306648249		1.0	False	False	down
SLC9A2	0.325	0.8149968212850702	0.2811394637938704	0.754271707268461	0.9411764705882352	False	False	up
SLC9A3	0.3274	-1.9311309206846257	0.0526895300511265	0.4022621988892941	1.0	False	False	down
SLC9A7	0.7128	-0.1187218285539201	0.7877458099614499	0.959109232372707	0.8235294117647058	True	False	down
SLC9A9	0.0884	-0.2393922437671436	0.6778935420477852	0.9317020633353053	0.8823529411764706	False	False	down
SLC9B1	0.8148	-0.775902898119759	0.2656170944262027	0.7423823015131309	0.9411764705882352	False	False	down
SLC9C1	0.1724	1.797865507794821	0.0005556787675112	0.0615445055230052	1.0	False	False	up
SLC9C2	0.771	0.262139653748014	0.6331880305317357	0.9198682698979244	1.0	False	False	up
SLCO1A2	0.2554	-2.5834664921016697	0.0333123726320825	0.3366443347207963	1.0	False	False	down
SLCO1B1	0.9066	-0.0865781859978342	0.9499702289166452		0.6470588235294118	False	False	down
SLCO1B7	0.9638	0.9187721661818246	0.518423379022302		0.8235294117647058	False	False	up
SLCO2A1	0.138	-1.2754562484834142	0.0277443786569664	0.3082939275422219	1.0	False	False	down
SLCO3A1	0.3954	0.1128098488446198	0.8292505841685355	0.969075023124018	0.8235294117647058	False	False	up
SLCO4A1	0.3124	1.3863198454477623	0.0491389747867236	0.392873261784483	1.0	False	False	up
SLCO4C1	0.2072	-0.2705183636388201	0.4282251333589076	0.8418464373359368	0.9411764705882352	False	False	down
SLCO5A1	0.4502	0.7934382490133103	0.0737742116547212	0.4664525838732641	1.0	False	False	up
SLCO6A1	0.8196	-1.312306398411974	0.1203644886330331		0.8235294117647058	False	False	down
SLFN13	0.7732	0.2105121063891013	0.6153636527168181	0.9157279001502492	1.0	False	False	up
SLFN5	0.8612	0.0880802405013709	0.8414490615227876	0.9704725668512876	0.8823529411764706	False	False	up
SLIT2	0.0332	-0.3138287806746936	0.6600075402597589	0.9270936013526614	0.9411764705882352	False	False	down
SLIT3	0.1188	-0.5113326489009676	0.4496322014820245	0.8513656640211837	0.9411764705882352	False	False	down
SLITRK4	0.917	-0.0526291024581735	0.9485237147439156	0.9945367494316568	0.7647058823529411	True	False	down
SLPI	0.9872	0.6222987314960794	0.7320757449920137		0.8235294117647058	False	False	up
SMAD1-AS2	0.9574	1.0149844948268696	0.4635797641867675		1.0	False	False	up
SMAD3	0.0877	0.2365771390161616	0.4325107446932887	0.8445941198940495	0.9411764705882352	False	False	up
SMAD6	0.2508	-1.797416574321007	0.0040529113000347	0.1319656549128323	1.0	False	False	down
SMAD9	0.2472	-2.1514334053897746	0.0069766007385723	0.1706370796234569	1.0	False	False	down
SMARCA2	0.508	-0.4421075863756544	0.2914810007378748	0.7624303530561543	1.0	False	False	down
SMC1B	0.7677	1.0365201850651182	0.267747763875316		1.0	False	False	up
SMC4	0.7358	-0.2884427729750177	0.6207842226645215	0.9167514250884936	0.9411764705882352	False	False	down
SMCO2	0.5262	1.0276905559723304	0.0878957176562472		1.0	False	False	up
SMIM2	0.8926	1.977671995246715	0.0941965313244321		0.8235294117647058	False	False	up
SMIM2-AS1	0.1586	0.3337766071903155	0.4294161833144601	0.8424924855958874	0.9411764705882352	False	False	up
SMOC1	0.8425	1.6055465084786589	0.1565105184097971		0.9411764705882352	False	False	up
SMOC2	0.745	-0.2220472325816937	0.8453166584598599		0.7647058823529411	False	False	down
SMOX	0.4844	0.490093352662389	0.4703355948904011	0.8595595220546428	0.9411764705882352	False	False	up
SMYD3	0.2095	-0.0134500719161611	0.9508656998921768	0.9946677306023096	0.8235294117647058	False	False	down
SNAP25	0.5182	1.4447325219366742	0.0138587448640402	0.2241408845883696	1.0	False	False	up
SNAP25-AS1	0.1894	3.128585533160165	2.959078971433239e-05	0.0167870826264001	1.0	False	False	up
SNAP91	0.2082	2.174339283060182	0.0068937546756288	0.1698629807082755	1.0	False	False	up
SNCA	0.3527	-0.248343657624183	0.711791885775761	0.941054980113967	0.8823529411764706	False	False	down
SNCAIP	0.6065	1.675868779494349	0.040806599729999		1.0	False	False	up
SNED1	0.4553	-0.2070664497805116	0.592498275163601	0.908367129137578	0.8823529411764706	False	False	down
SNHG14	0.1242	0.1286251805123039	0.7132710534471778	0.941054980113967	0.9411764705882352	False	False	up
SNHG31	0.6016	-0.0323354862449874	0.9239238938908204	0.9895069522968178	0.7647058823529411	False	False	down
SNTB1	0.3716	-0.7819231617012222	0.2154860747916472	0.6870773028916554	0.9411764705882352	False	False	down
SNTB2	0.2024	0.0142588231048223	0.9662811564577614	0.9961904716946268	0.6470588235294118	False	False	up
SNTG1	0.0527	-2.1859974026728675	0.0593700010037694	0.4255875072829961	1.0	False	False	down
SNTG2	0.0458	0.5008908464461741	0.5015247623119916	0.8726542696828921	0.9411764705882352	False	False	up
SNX10	0.1024	0.576412684613355	0.0978694452044107	0.5151136762832351	1.0	False	False	up
SNX30	0.299	-0.121067101566137	0.7440678699758023	0.9484786041791164	0.8823529411764706	False	False	down
SNX32	0.8736	0.1093363620227953	0.8716127143019005	0.976666810162815	0.8823529411764706	False	False	up
SOBP	0.3668	-0.2626135000936389	0.619556020466543	0.9167514250884936	0.9411764705882352	False	False	down
SOCS3	0.4906	-2.0213947865631416	0.3171529759726975		1.0	False	False	down
SOD2	0.2671	0.4135946512308202	0.3850197579869675	0.8159037544811639	1.0	False	False	up
SOGA1	0.7938	-0.3889144876786999	0.4151295556965005	0.8340184051931339	0.9411764705882352	True	False	down
SOGA3	0.8202	1.3532476080211764	0.0509056371308713	0.3978612298447666	1.0	True	False	up
SOHLH2	0.4509	-0.2407362998580162	0.689302606024293		0.9411764705882352	False	False	down
SORBS1	0.1474	-0.4256008393361404	0.3037798899877353	0.7703646834758979	1.0	False	False	down
SORBS2	0.1758	0.1825747344869276	0.5842022642934587	0.904705773303642	0.9411764705882352	False	False	up
SORCS1	0.0603	-1.943688000634701	0.1035552324839241	0.5259778509427967	1.0	False	False	down
SORCS2	0.2602	-0.1678745785346719	0.8216916384900202	0.9672746742001436	0.8235294117647058	False	False	down
SORCS3	0.3673	0.6595655834394007	0.5717107387661238	0.9015109468463036	0.9411764705882352	False	False	up
SORL1	0.5778	-0.4407279323373053	0.3358713306285218	0.786240616849817	1.0	False	False	down
SOSTDC1	0.4766	-3.670096295121892	0.0153012034740611		0.8235294117647058	False	False	down
SOX2-OT	0.844	-0.4573218304808992	0.1137190540459178	0.5439697394318651	1.0	False	False	down
SOX4	0.0418	-0.5420331626636811	0.2266104723667926	0.6986958720261203	1.0	False	False	down
SOX5	0.635	-0.3249008688577241	0.63121430286066	0.9194242506157532	0.9411764705882352	False	False	down
SOX9	0.5422	-0.2698659473273792	0.6755441302039946	0.9313708956103488	0.9411764705882352	False	False	down
SP110	0.4408	-0.0052197958464393	0.9882265781448972	0.998494095777152	0.7058823529411765	False	False	down
SP4	0.268	-1.0560783198725494	0.0233416311140573	0.2812819108924392	1.0	False	False	down
SPAG1	0.2974	-0.0140227010268478	0.9607933397807396	0.995163193386602	0.7058823529411765	False	False	down
SPAG16	0.6888	-0.0430534835217035	0.8534116562396141	0.9725490252806572	0.8235294117647058	False	False	down
SPAG17	0.1752	-0.2467422812564425	0.3077937987034068	0.7719967362388817	1.0	False	False	down
SPANXA2-OT1	0.8786	0.0299746725938538	0.952834658785262	0.9946677306023096	0.7058823529411765	True	False	up
SPATA1	0.9408	0.7833442973234024	0.0943564424191209	0.5091570548468007	1.0	False	False	up
SPATA17	0.6144	-0.3157189289332018	0.3449322592963039	0.7951615523223365	1.0	False	False	down
SPATA6L	0.2704	0.2813661134409239	0.462058479807222	0.8556279506803552	0.9411764705882352	False	False	up
SPC25	0.2956	2.468020624965812	0.0001016120216084	0.0304948382814641	1.0	False	False	up
SPECC1	0.5842	0.541535022049658	0.2693462537797144	0.7459363956535464	1.0	False	False	up
SPINK1	0.2344	-0.91437150422952	0.5542607327542235		0.8235294117647058	False	False	down
SPINK13	0.9906	1.5374745440624744	0.0240037872688938		0.8235294117647058	False	False	up
SPINK5	0.4824	-1.0435323906296654	0.223562062503587	0.6961242182663939	1.0	False	False	down
SPNS2	0.3218	-0.0669732233365824	0.7975943453594508	0.9622981670549136	0.9411764705882352	False	False	down
SPOCK1	0.2076	0.0838470599118732	0.8497895689911302	0.9725490252806572	0.8823529411764706	False	False	up
SPOCK2	0.1944	-1.5561305858004568	0.045723519591112	0.3802030281249682	1.0	False	False	down
SPON1	0.7874	0.0890353862520653	0.8888724073664989	0.9813523958574744	0.8235294117647058	False	False	up
SPP1	0.0028	-0.243962235721179	0.7907780334653887	0.96002704410723	0.9411764705882352	False	False	down
SPRY4-AS1	0.0542	-0.0467012516496937	0.9372728410036478	0.9920386268231052	0.8235294117647058	False	False	down
SPSB1	0.274	1.096442775022367	0.0898113934055629	0.5006756935627166	1.0	False	False	up
SPTBN1	0.099	0.0776556979239256	0.7338979682413984	0.9465172919848408	0.9411764705882352	False	False	up
SPTLC2	0.73	-0.122637626455326	0.7352733833690721	0.9468554570188418	0.8823529411764706	False	False	down
SPTLC3	0.7201	-0.0423484246171053	0.8375293113004306	0.9695256696792534	0.7647058823529411	False	False	down
SQLE	0.1898	-0.4565904561278794	0.4009024858617582	0.8246681786685811	1.0	False	False	down
SQSTM1	0.3074	0.7510103353733534	0.0569181047519238	0.4171243329857477	1.0	False	False	up
SREBF2	0.4852	-0.3179671749348777	0.3782893768922727	0.8129199538132243	0.9411764705882352	False	False	down
SRGAP3	0.1125	-1.6848102424023288	0.0270347126521882	0.3027805707059809	1.0	False	False	down
SRL	0.5214	-0.2022127908792008	0.741960124977832	0.9482894970245908	0.9411764705882352	False	False	down
SRPX2	0.7362	2.013497430060421	0.0106360808914605	0.2021677746766017	1.0	True	False	up
SRRM4	0.7232	-5.534614748291565	0.0183574016660713		0.8235294117647058	False	False	down
SSBP2	0.42	-0.1384023844945018	0.6616343086427152	0.927342034322194	1.0	False	False	down
SSBP3	0.2318	-0.633099909808548	0.0005250423307239	0.0613738489457615	1.0	False	False	down
SSPN	0.4656	1.2514889252288373	0.0019544083900808	0.097977143920971	1.0	False	False	up
SSTR5-AS1	0.301	1.7767876106591467	0.2790864836869858		0.8235294117647058	False	False	up
ST18	0.0214	-1.1794428641513592	0.2223199867816827	0.6955161287343132	1.0	False	False	down
ST3GAL6	0.8016	0.2599555287966108	0.3957482039043172	0.8204196778058578	1.0	False	False	up
ST5	0.7762	-0.0517083601168128	0.8738118172485071	0.9776771976738512	0.7647058823529411	True	False	down
ST6GAL1	0.049	0.005434671318614	0.9872224143779772	0.9982242906046592	0.7058823529411765	False	False	up
ST6GAL2	0.532	-0.3064593951418191	0.6684913215395345	0.9295037110944796	0.8823529411764706	False	False	down
ST6GALNAC3	0.1014	-0.381135619181416	0.6412591704796039	0.9219129174386276	0.8235294117647058	False	False	down
ST6GALNAC5	0.6842	1.0039937315864278	0.5139156795830838	0.8778524926288924	0.9411764705882352	False	False	up
ST7-AS2	0.3422	2.250574682361895	0.0046572566945399	0.1394814030539562	1.0	False	False	up
ST8SIA1	0.8035	0.5734578316290552	0.5631021212609582		0.9411764705882352	False	False	up
STAB2	0.742	2.2821352279478684	0.0212430794685558	0.2704750577697485	1.0	False	False	up
STAC	0.2664	0.717847932183754	0.097144074261618	0.5144006717671632	1.0	False	False	up
STAC2	0.7136	-1.973137426790116	0.1576216400600062		0.8235294117647058	False	False	down
STAMBPL1	0.8606	0.5494510031099215	0.3616236086538753	0.8022181121438804	0.9411764705882352	False	False	up
STARD13	0.4132	0.3164106086078865	0.1923882517917743	0.6616289843620125	1.0	False	False	up
STARD13-AS	0.5836	1.2585953712985125	0.0252163181249929	0.2917509336535911	1.0	False	False	up
STARD4-AS1	0.4443	1.6947103732282969	0.0148606362673517	0.2306339950127705	1.0	False	False	up
STARD7-AS1	0.8144	0.039895438595104	0.8941594577336208	0.9825762398244084	0.7647058823529411	False	False	up
STAT1	0.4378	-0.1121818435430151	0.807986931647992	0.9655955527158688	0.8235294117647058	False	False	down
STAT4	0.1988	2.8008955225015453	0.0171671851532699	0.242080287773166	1.0	False	False	up
STEAP2-AS1	0.5474	-0.518250471819928	0.14154302523143	0.5902628278664385	1.0	False	False	down
STEAP4	0.9475	1.5426821082214588	0.1946311336257993		1.0	False	False	up
STK32A	0.7898	0.2025410101459644	0.6835712749464181	0.9325087805937944	0.9411764705882352	False	False	up
STK32B	0.544	0.0433117285120688	0.8992717211964151	0.9840579285602856	0.7058823529411765	False	False	up
STK38L	0.4972	-0.227350110997031	0.3909699525498596	0.819057873517529	1.0	False	False	down
STK39	0.2582	1.6115259209777966	7.875782822734998e-05	0.0270157666593816	1.0	False	False	up
STKLD1	0.4064	-1.3170891850730553	0.2026979535277204		0.8235294117647058	False	False	down
STON2	0.045	-0.776638980883553	0.0124022035070177	0.2149618116668764	1.0	False	False	down
STOX1	0.5393	-0.696758142593567	0.284557531518087	0.7576215866230657	1.0	False	False	down
STOX2	0.0416	-0.5987660648583853	0.0388133371680822	0.3575683378398102	1.0	False	False	down
STPG2	0.1516	-0.6485306975272067	0.0361068962605596	0.3471816948130731	1.0	False	False	down
STPG2-AS1	0.4976	1.099820621941796	0.1692228677901929	0.6293588754173841	1.0	False	False	up
STRA8	0.9294	2.4294471308422527	0.0141753720140237	0.225236978823219	0.9411764705882352	False	False	up
STRIP2	0.206	-1.045672114490121	0.2004527027792807	0.6693845480450842	1.0	False	False	down
STS	0.5648	0.2499586951519897	0.5426083083702467	0.8880635939796246	0.9411764705882352	True	False	up
STUM	0.2442	-0.545802428392933	0.5198832024288971	0.8798138028300402	0.9411764705882352	False	False	down
STX17-AS1	0.8776	-0.3442706274859585	0.3053593591390288	0.7711094927753251	1.0	True	False	down
STX18-AS1	0.7616	-0.1015021187344676	0.6399617587171158	0.9218199161208456	1.0	False	False	down
STXBP5-AS1	0.8566	-0.6472282587991054	0.1403315708677886	0.5890818846464768	1.0	False	False	down
STXBP6	0.9112	-0.4071068868501848	0.3682805337792408	0.8075778247768441	1.0	False	False	down
SUCLG1	0.3678	-0.3090744380122182	0.6190892115443827	0.9165549989391384	0.9411764705882352	False	False	down
SUCLG2-AS1	0.6618	-0.4636692389712495	0.1098941744566583	0.5383391143260414	1.0	True	False	down
SUCNR1	0.1616	-0.5019717299246831	0.6760688589335728	0.9313708956103488	0.9411764705882352	False	False	down
SUFU	0.0832	-0.5101310028454807	0.0838127993432223	0.4878606118044709	1.0	False	False	down
SULF1	0.1048	-0.7163925033353724	0.0940749756906971	0.5091570548468007	1.0	False	False	down
SULT1A2	0.8662	0.2021808217422397	0.8128744146486737		0.8823529411764706	False	False	up
SULT1C4	0.0128	1.7304509310643954	1.460812622256359e-05	0.0143646574521875	1.0	False	True	up
SULT2B1	0.3428	-1.9760533232621813	0.0316736412795562	0.3290039219429099	1.0	False	False	down
SUSD1	0.1822	-0.3643826224968907	0.3924883145565097	0.8190969002588754	0.9411764705882352	False	False	down
SUSD4	0.3761	-0.5605606308530083	0.5715848250766734	0.9015109468463036	0.9411764705882352	False	False	down
SUSD6	0.0506	-0.155618167583384	0.5091846767760282	0.8757849719089364	1.0	False	False	down
SV2B	0.714	-0.0064262299845575	0.9940887730286426		0.7058823529411765	False	False	down
SVOPL	0.5368	-1.1019850977296366	0.2017874661697677	0.6715625284305221	1.0	False	False	down
SWAP70	0.239	-0.3945387942559894	0.3090534590435996	0.7727646246640267	1.0	False	False	down
SYBU	0.2194	1.2174618681944551	0.0791765678934648	0.4774547736829954	1.0	False	False	up
SYCP2	0.6868	-1.364692096274745	0.0391111658498156	0.3575683378398102	1.0	False	False	down
SYCP2L	0.4509	0.0198300934147243	0.9730149042780472	0.9961924130086977	0.7058823529411765	False	False	up
SYK	0.5979	-1.2321587699854837	0.1319995951337539	0.5751093759161593	1.0	False	False	down
SYN2	0.0636	-2.114519547915879	0.0090237618093319	0.1875993524044786	1.0	False	False	down
SYN3	0.837	0.1912617067587278	0.7625647882923419	0.952867064273701	0.8823529411764706	False	False	up
SYNDIG1	0.1548	-0.5797642403924127	0.4380871471077532	0.8475584233787198	1.0	False	False	down
SYNE1	0.3164	-0.6063433081303053	0.1590107792926407	0.6185111286165509	1.0	False	False	down
SYNPO2	0.681	0.391077222937272	0.5077995169213577	0.875178131192173	0.9411764705882352	False	False	up
SYT1	0.7746	-0.2189038688907949	0.7577202238597522	0.951861319342865	0.8823529411764706	False	False	down
SYT10	0.427	-1.7812420031934968	0.1418797222188057	0.5909985604991204	0.9411764705882352	False	False	down
SYT12	0.9608	1.6862243752513706	0.0377312590216322	0.3526844553669677	0.9411764705882352	False	False	up
SYT14	0.0918	2.3479257938891176	8.376390335727136e-06	0.0105871654577994	1.0	False	True	up
SYT16	0.8881	0.7950607065122796	0.2497246569308957	0.7222560504853818	1.0	False	False	up
SYT17	0.1901	0.6057476286887278	0.5001959925097855	0.872091121692593	0.9411764705882352	False	False	up
SYT9	0.521	-0.0417907435737731	0.9179851311081574	0.9884138027480344	0.8235294117647058	False	False	down
SYTL2	0.2366	0.6190682312602821	0.1146527035179984	0.5451732356191095	1.0	False	False	up
SYTL3	0.0208	2.251085505953048	0.0008975337984485	0.0741513819234157	1.0	False	True	up
SYTL5	0.5578	-0.7492278046866108	0.2644550788205908		1.0	True	False	down
TACC1	0.2938	0.1757705438157528	0.615491817152598	0.9157279001502492	0.9411764705882352	False	False	up
TACR1	0.564	2.3365956384494218	0.0003622629978128	0.0520587631081153	1.0	False	False	up
TAFA1	0.1154	-0.5313441171358899	0.0924069857324533	0.5068810113624719	1.0	False	False	down
TAFA2	0.2498	-0.3201662256145575	0.2413255550284595	0.7152003087542251	1.0	False	False	down
TAFA5	0.3329	1.603130082990178	0.0875073958035385	0.495002749239099	0.9411764705882352	False	False	up
TAGLN	0.5809	-0.1174991701079257	0.9221133723554074	0.9893592692048188	0.7647058823529411	False	False	down
TAGLN3	0.2322	-0.1919626272202704	0.8593711215547433	0.973716684347272	0.7647058823529411	False	False	down
TANC2	0.7059	0.3458409555580017	0.2427099387465224	0.7157918532389973	1.0	False	False	up
TANK	0.8448	0.0491318177308771	0.871234274441196	0.97649738206745	0.8235294117647058	False	False	up
TARID	0.6188	-0.7986091175048592	0.3557252730349959	0.8006385193441621	1.0	False	False	down
TBC1D30	0.8636	-0.5835716996443121	0.1477078200158046	0.6004764855729259	1.0	False	False	down
TBC1D32	0.573	-0.0271562480046518	0.9109296707030464	0.986657474915532	0.8235294117647058	False	False	down
TBC1D4	0.4457	-1.003458104215441	0.0740303605304485	0.4664525838732641	1.0	False	False	down
TBC1D8	0.7178	0.4979611247873647	0.0880587790236231	0.4965087884550614	1.0	False	False	up
TBC1D8B	0.0644	0.3311645759085221	0.5805831695827459	0.9040445291286796	0.9411764705882352	True	False	up
TBL1X	0.5286	-0.2782427158370022	0.3473004803304864	0.796057392168698	1.0	True	False	down
TBL1Y	0.102	-1.6330340949767868	0.3169257802921602	0.7760113228541231	1.0	True	False	down
TBXAS1	0.6057	-0.6408805547242068	0.3451809775945709	0.7951615523223365	1.0	False	False	down
TCAIM	0.8749	-0.3910358900329606	0.2110231269489296	0.6812127068151941	1.0	False	False	down
TCEANC2	0.6532	-1.0375206531055186	0.0162783089780128	0.2374926384032543	1.0	False	False	down
TCF19	0.2696	0.9899345608526008	0.3002044317252906		0.8235294117647058	False	False	up
TCF4	0.0842	-0.5557475313778473	0.3733539517677928	0.8097295675010947	0.9411764705882352	False	False	down
TCF7L1	0.6032	-0.3316056654551864	0.5678028103600475	0.9000315953101872	0.9411764705882352	False	False	down
TCIM	0.5178	0.7515788149446535	0.1455165642707685	0.5962584425093767	0.9411764705882352	False	False	up
TDRD1	0.1116	-0.8242235922527975	0.2233813754448294	0.6961242182663939	1.0	False	False	down
TEAD4	0.2875	0.0218010434714558	0.961919558141951	0.9951658358382964	0.8235294117647058	False	False	up
TENM2	0.0448	0.3255046215306693	0.571039195428767	0.9012227832842192	0.9411764705882352	False	False	up
TENM3	0.123	0.4467455190741843	0.3001411155134905	0.7684053004492675	1.0	False	False	up
TENM3-AS1	0.718	0.4729612046571024	0.204070959257607	0.6744874013406251	1.0	False	False	up
TENM4	0.1929	0.8605807692996078	0.1166249414115895	0.5474913704076847	1.0	False	False	up
TENT4B	0.4516	-0.1775510935301222	0.4715923076058533	0.8599315783392678	1.0	False	False	down
TENT5A	0.6246	0.1509602689979157	0.723304322752683	0.943345082931269	0.9411764705882352	False	False	up
TERB1	0.3938	-0.3245784141590501	0.553906205938496	0.8937152617628215	1.0	False	False	down
TERF2IP	0.5216	-0.4449785707120976	0.279781052914101	0.7531977606283976	1.0	False	False	down
TES	0.1914	0.785959115498184	0.0855372508368728	0.491115005778075	0.9411764705882352	False	False	up
TESK2	0.165	-1.1921473561909448	0.0043194766446933	0.1361373515154423	1.0	False	False	down
TET1	0.167	-0.1355846510381103	0.6373406438635871	0.9211100239498224	0.8823529411764706	False	False	down
TEX14	0.1007	-1.4102558076725884	0.185179925916991	0.6514199635763458	1.0	False	False	down
TEX41	0.349	-0.9528779614903566	0.2339332476892912	0.7064937353433756	1.0	False	False	down
TFAP2E	0.64	-0.0853988127687997	0.9159357519540128		0.7058823529411765	False	False	down
TFCP2L1	0.3292	0.3449921570746602	0.4724207984230342	0.8601950396597055	1.0	False	False	up
TFPI	0.2848	0.4062409289936688	0.0526231985272524	0.4022621988892941	1.0	False	False	up
TFPI2	0.7335	0.4117024730701033	0.6464348263974811	0.9224808716617084	0.9411764705882352	False	False	up
TGFA	0.0628	-0.1501558026264137	0.6605222429597675	0.9270936013526614	0.8823529411764706	False	False	down
TGFB2	0.903	-0.4422585409646425	0.3993983503284777	0.8233578850237661	1.0	False	False	down
TGFB3	0.7516	0.3562678703695554	0.4866454714679183	0.8670319499334349	1.0	False	False	up
TGFBI	0.3902	0.8763439955107917	0.1981561703288346		0.8235294117647058	False	False	up
TGFBR1	0.259	-0.4148201655252632	0.2461716458926823	0.7182393567803069	1.0	False	False	down
TGFBR2	0.2146	0.2210773284043064	0.4296082698723672	0.8424924855958874	1.0	False	False	up
TGFBR3	0.6118	0.495379591991163	0.1385984888663749	0.5863509059158781	0.9411764705882352	False	False	up
TGM2	0.5716	1.2326936787067448	0.1609638409648146	0.621470741621364	0.9411764705882352	False	False	up
THBS1	0.163	-1.0666808583855392	0.1509915429289182	0.6061854268376549	1.0	False	False	down
THBS2	0.8474	2.159985917345872	0.0060994190219298	0.1612301623180394	1.0	False	False	up
THBS4	0.7404	-0.6191031636972235	0.1995246306644281	0.6682728837460261	1.0	False	False	down
THRB	0.1416	-0.50873160139007	0.0214968759258394	0.2717043015476709	1.0	False	False	down
THSD4	0.3282	-0.3725643755476737	0.493581912474667	0.8696382331222892	0.8823529411764706	False	False	down
THSD7A	0.1802	-0.6268862100387579	0.1323367248925599	0.5751227731777429	1.0	False	False	down
THSD7B	0.682	0.283339127436423	0.6077769958070405	0.9140202577644624	0.9411764705882352	False	False	up
THUMPD1	0.3056	0.3264909962466614	0.2344313246416298	0.7068277388919528	0.9411764705882352	False	False	up
TIGAR	0.0892	-0.1116996257458235	0.814585279994315	0.9663007438684964	0.8235294117647058	False	False	down
TIMP3	0.3356	0.502223022614491	0.5043747320836925	0.8741363764271831	0.9411764705882352	False	False	up
TINAG	0.502	0.1231970836713984	0.8260251101931116	0.9685225720868929	0.8235294117647058	False	False	up
TINAGL1	0.1834	-0.2736908191143926	0.6825924453854064	0.9324176761626952	0.8823529411764706	False	False	down
TIPARP	0.6256	1.124298538470467	0.0731545833062053	0.4646379729823067	1.0	False	False	up
TIPIN	0.6106	-0.6315566812232776	0.2579981844960403	0.7332318345504035	0.9411764705882352	False	False	down
TJP2	0.365	0.5594909467860809	0.0307630277113051	0.3244108990940488	1.0	False	False	up
TK1	0.9696	-0.3291172054000585	0.6570855722397402		0.8235294117647058	False	False	down
TLCD4	0.5916	-0.2097016869618805	0.6235140883941093	0.917357209009257	0.9411764705882352	False	False	down
TLE1	0.8118	0.8269712875516954	0.0625859866590216	0.4348296294020579	1.0	False	False	up
TLE2	0.1808	-2.047111112436922	0.0039262580935447	0.1309413978348961	1.0	False	False	down
TLE4	0.2351	-0.4364821285067579	0.0188919885799313	0.2549665348659841	1.0	False	False	down
TLL1	0.2354	-0.6783056076885594	0.263621171756032	0.7405896166171058	1.0	False	False	down
TLL2	0.8634	0.3298156008616514	0.6676271945346288	0.9295037110944796	1.0	False	False	up
TM4SF1	0.9088	0.8508016357784344	0.4968799420358627	0.8704250766067666	0.9411764705882352	False	False	up
TM6SF1	0.9658	0.8205980516807592	0.5609514316118196		0.8235294117647058	False	False	up
TMC1	0.599	-0.4723783987103676	0.4861322021730813	0.8667545582585756	1.0	False	False	down
TMCC2	0.5274	-0.9675506498874372	0.2037248436367037		0.8235294117647058	False	False	down
TMCC3	0.2104	-0.6361335328323638	0.1458474091078113	0.5972029600565062	1.0	False	False	down
TMED3	0.3888	0.0713554531510875	0.8409334370649894	0.9704090280635732	0.8823529411764706	False	False	up
TMEFF1	0.8122	0.3756026007532111	0.3747003230952729	0.811218224813632	0.9411764705882352	False	False	up
TMEFF2	0.6354	2.059647915423988	0.0030992538813886	0.1169155875971429	1.0	False	False	up
TMEM101	0.3082	-2.409066446784492	0.1307630344970006	0.5738448575905698	1.0	False	False	down
TMEM108	0.3508	-2.832745456131459	0.0080680931220898	0.1778839664436845	1.0	False	False	down
TMEM130	0.1695	-1.105426982090653	0.1886289537739431	0.655769883444625	1.0	False	False	down
TMEM131L	0.5636	0.7309523816620914	0.0103280054065833	0.1991347447674568	1.0	False	False	up
TMEM132B	0.6634	0.4695839613594611	0.4095438465763988	0.8307711898588398	1.0	False	False	up
TMEM132C	0.2226	-2.40697171949007	0.0414373060947482		0.8235294117647058	False	False	down
TMEM132D	0.194	-0.102711625712782	0.8719813710531601	0.976666810162815	0.8235294117647058	False	False	down
TMEM140	0.434	0.4958855659051384	0.2682796779157453	0.7448823907908233	1.0	False	False	up
TMEM144	0.8705	0.0416372300632196	0.9326730011101722	0.9912068005320191	0.7058823529411765	False	False	up
TMEM161B-AS1	0.4582	0.0877661529768863	0.7010943151875844	0.9374403339186592	0.9411764705882352	True	False	up
TMEM163	0.4182	0.0630727114120414	0.9268686186241626	0.9901300180744204	0.7058823529411765	False	False	up
TMEM164	0.8935	0.1201684219381201	0.6469863200802917	0.9225869632440604	0.9411764705882352	True	False	up
TMEM171	0.6348	-0.1860206905708067	0.7219091999400575	0.9428759374469244	0.8823529411764706	False	False	down
TMEM178B	0.0714	0.4407744845292168	0.2855943367809895	0.7588752418518457	1.0	False	False	up
TMEM182	0.514	0.0321105204378721	0.917613435252114	0.9883743369335972	0.8235294117647058	False	False	up
TMEM196	0.9522	1.901334106344777	0.2019638913338481		1.0	False	False	up
TMEM200A	0.197	-0.2004118672112339	0.6940436063779127	0.9366096243434778	1.0	False	False	down
TMEM213	0.5344	-0.9864190787802916	0.3783657678941184	0.812949027886125	1.0	False	False	down
TMEM232	0.6768	-0.3630989023817815	0.2664922899159435	0.7431112329006578	1.0	False	False	down
TMEM233	0.8192	1.1392237704833112	0.121992504891528	0.557086516145523	0.9411764705882352	False	False	up
TMEM243	0.2477	0.8577602086428191	0.0763500467957374	0.472369176129986	1.0	False	False	up
TMEM246-AS1	0.1166	-0.2689828536258608	0.6810160591475214	0.9318135818132088	0.9411764705882352	False	False	down
TMEM252-DT	0.1292	0.7970600707906411	0.048925527158127	0.3925477338694457	1.0	False	False	up
TMEM254-AS1	0.3463	-0.9097930309112876	0.0932566317618458	0.5090728685465075	1.0	False	False	down
TMEM26	0.5276	-2.570940013028195	0.013281576254859	0.2203636105277514	1.0	False	False	down
TMEM267	0.7412	-0.2511863669227529	0.6163567330968329	0.9157279001502492	0.8823529411764706	False	False	down
TMEM38B	0.2924	-1.0198727892473858	0.0057692280171371	0.157585394912542	1.0	False	False	down
TMEM45A	0.9006	-1.045953794847993	0.3866179040637408		1.0	False	False	down
TMEM45B	0.7168	-1.3973519446275913	0.0189926570589936	0.2556037332300701	1.0	False	False	down
TMEM47	0.7923	-0.491607095217218	0.4886693934624307	0.867791181503835	0.9411764705882352	True	False	down
TMEM51	0.0854	-0.1897850669574349	0.6265850785787805	0.9183772302816754	0.8823529411764706	False	False	down
TMEM51-AS1	0.6344	-0.044456622442353	0.909591409361204	0.9864328570015264	0.8235294117647058	False	False	down
TMEM52B	0.085	-1.60285756011318	0.213825118628154	0.6844981200513048	1.0	False	False	down
TMEM64	0.466	0.0710430084661714	0.8532104025139611	0.9725490252806572	0.8823529411764706	False	False	up
TMEM72	0.1966	-0.4665351956864307	0.5987911144858782	0.9108982748816536	0.9411764705882352	False	False	down
TMEM72-AS1	0.5149	-0.2499176960298121	0.521311385609454	0.8799888919363066	0.9411764705882352	False	False	down
TMLHE-AS1	0.2988	1.810613347705212	0.0100496216443853	0.195814952780295	1.0	True	False	up
TMOD1	0.9844	1.0632231977590263	0.1428233258694496	0.5915131566034546	1.0	False	False	up
TMPRSS2	0.1628	-2.195170097075006	0.0052189151556551	0.1471873777168503	1.0	False	False	down
TMPRSS4	0.8247	0.935753041900302	0.3384061645838242	0.7882221301978747	1.0	False	False	up
TMSB10	0.1156	1.1571805846204566	0.4311985618817103	0.843748844223299	0.9411764705882352	False	False	up
TMSB15B	0.963	0.2104478663297249	0.7379005427271814		0.9411764705882352	True	False	up
TMSB15B-AS1	0.484	0.4014652398784993	0.5065277458928816	0.8749018317427484	0.9411764705882352	True	False	up
TMSB4X	0.0359	1.6114026175144562	0.4733828296856216	0.860681983090531	0.9411764705882352	True	False	up
TMTC1	0.4006	0.1861518318186714	0.8376306778277224	0.9695256696792534	0.8235294117647058	False	False	up
TMTC2	0.6528	0.4282886522452958	0.0726197989918941	0.46409966860071	1.0	False	False	up
TMX4	0.1132	-0.5315655895375035	0.2430963863569654	0.7157918532389973	1.0	False	False	down
TNC	0.0216	0.1015707319820867	0.8793552331447996	0.9785151462597506	0.8235294117647058	False	False	up
TNF	0.3188	1.5383804412950302	0.3409297574341032		1.0	False	False	up
TNFAIP2	0.0758	0.4135776410004156	0.271256867710832	0.747190394985451	1.0	False	False	up
TNFAIP3	0.734	0.2891718689125563	0.7186305778012552	0.9424049032732192	1.0	False	False	up
TNFAIP6	0.8198	0.4915743140650505	0.6760440644271992		0.8235294117647058	False	False	up
TNFAIP8	0.7288	0.8079697229930227	0.0214407696838187	0.2712275753313263	1.0	False	False	up
TNFRSF10B	0.3982	0.2849350463913366	0.4453093339363778	0.8509963072478737	0.9411764705882352	False	False	up
TNFRSF10C	0.8088	-1.932894764850907	0.0280617094210109		0.8235294117647058	False	False	down
TNFRSF11B	0.5895	-0.131935107828635	0.8309140804252593	0.9695256696792534	0.7647058823529411	False	False	down
TNFRSF19	0.6152	-0.6468046724449853	0.0824998177882583	0.4857773702103037	1.0	False	False	down
TNFRSF21	0.5051	0.3871137707225534	0.4170009247941089	0.8345670448460348	1.0	False	False	up
TNFSF10	0.0074	-0.523737036490497	0.2290573509096299	0.7016813968675062	1.0	False	False	down
TNFSF14	0.9548	0.3138236721196881	0.8187998120153848		1.0	False	False	up
TNFSF15	0.8922	0.3955481441111299	0.3782971229134896	0.8129199538132243	1.0	False	False	up
TNMD	0.9525	0.1659089244921117	0.8564519900982355		0.8235294117647058	True	False	up
TNNI3K	0.458	-0.5454213766541017	0.2942551449824094	0.764301795767132	1.0	False	False	down
TNS1	0.029	-0.3735990327037137	0.2461978432461852	0.7182393567803069	1.0	False	False	down
TOB1	0.776	0.1611534591635537	0.7966937886065479	0.9621029139970744	0.8823529411764706	False	False	up
TOX	0.0456	-0.1867404097484497	0.7750816916386204	0.9565839754905506	0.9411764705882352	False	False	down
TOX3	0.1068	-0.1208546991395866	0.7238620779510472	0.9435846186556728	0.8823529411764706	False	False	down
TP53	0.5617	-0.2129134433643966	0.5729309129383965	0.902159251795067	1.0	False	False	down
TP53BP2	0.4012	0.6098935246012226	0.244880390807091	0.7176605929673341	0.9411764705882352	False	False	up
TP63	0.2041	-0.1739147191436847	0.7167439039699826	0.9415545924761922	0.9411764705882352	False	False	down
TPD52L1	0.1806	1.0170966137946065	0.0011226527755915	0.0792112361792392	1.0	False	False	up
TPK1	0.3416	0.7925036735645006	0.017273126963015	0.2429776061468435	1.0	False	False	up
TPM1	0.0199	-0.2227436860546028	0.62185138806538	0.9172079323378396	0.9411764705882352	False	False	down
TPM4	0.5086	0.4195837450430896	0.450794382677166	0.8513656640211837	1.0	False	False	up
TPRG1	0.0438	-0.1975138801615213	0.669480373657466	0.9295037110944796	0.9411764705882352	False	False	down
TPST1	0.3386	-0.2130941986001198	0.4067421287535609	0.8297942528227933	1.0	False	False	down
TPT1	0.084	1.3765042289529126	0.4374971285990985	0.8471884222342368	0.9411764705882352	False	False	up
TPTE2	0.439	-1.068019501471413	0.0628180496977097	0.435522970923735	1.0	False	False	down
TRABD2B	0.0848	0.3370135228608636	0.4524239213339627	0.8513656640211837	1.0	False	False	up
TRAF1	0.3978	-0.4085485685695089	0.4767225346474607	0.8621121025244876	1.0	False	False	down
TRAF3IP2-AS1	0.6171	0.1290243081872657	0.6678075800984002	0.9295037110944796	0.9411764705882352	False	False	up
TRANK1	0.604	-0.1643774618248717	0.757337994285554	0.951692979766366	0.8823529411764706	False	False	down
TRERF1	0.6478	0.1562794572790912	0.7958970458378138	0.9620160145954072	0.8823529411764706	False	False	up
TRG-AS1	0.9679	1.1695703289736288	0.3926915225536203		0.8235294117647058	False	False	up
TRHDE	0.403	-0.5577547075742835	0.0978890599743666	0.5151136762832351	1.0	False	False	down
TRHDE-AS1	0.7601	-0.7014306446721278	0.078863904418817	0.4767890055993491	1.0	False	False	down
TRIB1	0.7656	-0.2635495396945936	0.6873940753471472	0.9336819890477472	0.8823529411764706	False	False	down
TRIM29	0.3792	-0.5434933301162913	0.2919347714342435	0.7626406020149054	1.0	False	False	down
TRIM38	0.3513	0.2521589600089261	0.5069201385323362	0.8749206697112051	1.0	False	False	up
TRIM5	0.9606	0.602796946602043	0.1386809936909032	0.5863509059158781	1.0	False	False	up
TRIM55	0.2378	2.120238335070677	0.0207490539383195	0.2674499978463386	0.9411764705882352	False	False	up
TRIM63	0.9411	1.335138266295695	0.1955523791054619	0.6655064442879487	1.0	False	False	up
TRIM71	0.3334	-0.2093432822687965	0.7567246592658139	0.9515027821500096	0.9411764705882352	False	False	down
TRIM72	0.8362	0.5100797898849512	0.6353343217671519		0.8235294117647058	False	False	up
TRIM9	0.7876	1.5435035152024172	0.0393320051942562	0.3575683378398102	1.0	False	False	up
TRIQK	0.79	0.0120202043650078	0.9700362843353676	0.9961924130086977	0.6470588235294118	False	False	up
TRMT112	0.8533	0.9751029738272704	0.5055755908218249		0.9411764705882352	False	False	up
TRPC3	0.671	-4.457672767058539	0.0095679213442408		0.8235294117647058	False	False	down
TRPC5	0.6236	0.4239900452845306	0.5845500535782229	0.904828763803	0.9411764705882352	True	False	up
TRPC7	0.932	1.4193303743756571	0.0960829747133942	0.5120485743115789	1.0	False	False	up
TRPM3	0.0434	-0.3698004863130319	0.3769762663399362	0.8128329414246228	1.0	False	False	down
TRPM6	0.1982	-2.6624061770051983	0.0435150587707637	0.3729500969603519	1.0	False	False	down
TRPV5	0.5576	-0.3946387354768751	0.7876240674648076		0.7058823529411765	False	False	down
TSBP1	0.8809	1.3071164165952882	0.07881549218172	0.4767890055993491	1.0	False	False	up
TSBP1-AS1	0.6366	-0.0258271390389646	0.9663283499549822	0.9961904716946268	0.8235294117647058	False	False	down
TSC22D1	0.5208	-0.0062457225160516	0.9801827435732012	0.9966887843469237	0.7058823529411765	False	False	down
TSC22D2	0.1954	-0.047997040240492	0.8590724296648528	0.973716684347272	0.8823529411764706	False	False	down
TSC22D3	0.2228	0.8695762980090009	0.407701696895177	0.8303006242528754	1.0	True	False	up
TSHR	0.8991	1.2787248765278525	0.076553856516563	0.472369176129986	1.0	False	False	up
TSHZ1	0.4332	-0.8361015059063114	0.087588285645557	0.4951809939716237	1.0	False	False	down
TSHZ2	0.2384	-0.3563155236806358	0.6088315277682003	0.9140732765664864	0.8823529411764706	False	False	down
TSHZ3	0.7078	0.4964303308399904	0.3485778466380678	0.7963263340021961	1.0	False	False	up
TSIX	0.1112	1.1794289656209076	0.4593276539102421		0.9411764705882352	True	False	up
TSPAN12	0.8772	-0.1349165280956646	0.7508547795538653	0.9494855461323825	0.9411764705882352	False	False	down
TSPAN15	0.5236	-0.0710407651206228	0.863404946774125	0.974774644538498	0.8823529411764706	False	False	down
TSPAN18	0.1282	0.1499021580905753	0.7724378531118082	0.956388679039635	0.8823529411764706	False	False	up
TSPAN5	0.1868	-0.1096726793569439	0.857818143635654	0.9731801693053014	0.8235294117647058	False	False	down
TSPAN8	0.9764	-0.0724379433418665	0.9270039324315216	0.9901300180744204	0.7647058823529411	False	False	down
TTC23L	0.6606	-1.0948639421450712	0.0508048409713797	0.3978612298447666	1.0	False	False	down
TTC26	0.2596	-0.1652669313645257	0.4717515188214765	0.8600691187635999	1.0	True	False	down
TTC29	0.3236	-1.524129913443511	0.1298455735139025	0.5721947264646503	1.0	False	False	down
TTC39C	0.3773	0.1876664089035662	0.5110807332086754	0.8768856319645209	0.9411764705882352	False	False	up
TTC6	0.5856	-1.3210544524005334	0.1354341119028031		0.8235294117647058	False	False	down
TTLL7	0.0453	-0.2122327945111804	0.6604424213060818	0.9270936013526614	0.9411764705882352	False	False	down
TTN	0.6546	0.9266908452432114	0.1021103764462372	0.5226222817189143	1.0	False	False	up
TTTY10	0.0492	-0.8281488477260178	0.5819148944541566	0.9040704332419224	1.0	True	False	down
TTTY14	0.007	-0.3941839142508607	0.7979077315050874	0.9622981670549136	0.9411764705882352	True	False	down
TTTY4	0.8004	-1.7173149788443711	0.2875556565303513		0.8235294117647058	True	False	down
TUB	0.8288	-0.3473154487535385	0.439750033728462	0.8487031801200434	0.9411764705882352	False	False	down
TUBA1A	0.1088	-0.5000883317788765	0.5838259361688678	0.904705773303642	1.0	False	False	down
TUBA8	0.2866	-0.6506477082892178	0.3345697420890143		1.0	False	False	down
TUFT1	0.1942	-0.4900592529055335	0.3667594174425911	0.8067216663756005	1.0	False	False	down
TUNAR	0.997	1.2451234900979635	0.4104816158200252		0.8235294117647058	False	False	up
TUSC8	0.8646	0.0390641954194195	0.9690063069640554		0.5882352941176471	False	False	up
TXK	0.3104	0.8865409035955766	0.0231924582081342	0.2801716598916762	1.0	False	False	up
TXN	0.0302	0.6037051225446931	0.5005676984044295	0.872223691844694	1.0	False	False	up
TXNDC16	0.7388	-0.8544454341816038	0.0041710839737596	0.1337467143759882	1.0	False	False	down
TXNIP	0.5545	0.9184878487087348	0.1214120795910411	0.5561578180024401	0.9411764705882352	False	False	up
TXNRD1	0.825	0.9440902966451764	0.0045050277953281	0.1372916528534911	1.0	False	False	up
TYMSOS	0.4099	0.1553993150526552	0.7958622812142421	0.9620160145954072	0.8823529411764706	False	False	up
TYR	0.8234	1.840717654526251	0.0325528232783982	0.3322866043988744	0.9411764705882352	False	False	up
U91319.1	0.4974	-0.0355101491043561	0.9537997344541284	0.9946677306023096	0.7058823529411765	True	False	down
UBA52	0.3612	0.0535239955413819	0.971845109294605	0.9961924130086977	0.6470588235294118	False	False	up
UBA6-AS1	0.0024	0.807204564630851	0.0149494257438701	0.2306339950127705	1.0	True	False	up
UBASH3B	0.4663	0.779884773868199	0.2793509122126376	0.7531977606283976	1.0	False	False	up
UBC	0.2574	1.1682124375257137	0.0464031406863686	0.3825355937626547	1.0	False	False	up
UBE2U	0.2174	0.5516688056936971	0.5502052810542374	0.8915223437932551	0.9411764705882352	False	False	up
UBE3D	0.7946	-0.3211337649227826	0.2523001248581861	0.7261320666650234	1.0	False	False	down
UBTD1	0.0854	-0.5121013466400942	0.0481721690239268	0.3905687390808866	1.0	False	False	down
UFL1-AS1	0.6108	-0.6184532343180218	0.1475882477381489	0.6004764855729259	1.0	False	False	down
UGCG	0.1158	0.375524450436863	0.3698972283951611	0.8076301691474966	0.9411764705882352	False	False	up
UGDH	0.6634	0.4762181031853079	0.3945848806008003	0.8196735634397372	0.9411764705882352	False	False	up
UGT2A3	0.0072	0.8920284549673416	0.0749758242207799	0.4690758415111159	0.9411764705882352	False	False	up
UGT2B7	0.0015	0.0743270363808177	0.8931670297746191	0.9825762398244084	0.8235294117647058	False	False	up
UGT8	0.5742	-0.3741143425244219	0.5988996497074416	0.9108982748816536	0.8823529411764706	False	False	down
UMOD	0.0176	-2.6352083416801166	0.2006700362271465	0.6693987640742055	1.0	False	False	down
UNC13C	0.1016	-0.8247604528423536	0.3604633986649289	0.8022181121438804	0.9411764705882352	False	False	down
UNC5C	0.2006	-1.0038013920621345	0.1571758440931421	0.6148585703945544	1.0	False	False	down
UNC5D	0.112	-0.7723472323059802	0.2735699674294426	0.7491936538403785	0.9411764705882352	False	False	down
UNC79	0.7253	0.1733904663267917	0.6670991274855684	0.9294145773507256	0.9411764705882352	False	False	up
UNC80	0.711	-0.3372309226649163	0.7180712534497792		0.8823529411764706	False	False	down
UPK2	0.6689	-1.61068936858583	0.0346838262018638	0.3435771903811226	1.0	False	False	down
UPK3BL1	0.3294	-0.0741918356466554	0.9433402379828874	0.9943833385608046	0.7647058823529411	False	False	down
UPP2	0.8497	-0.0186470201391752	0.949470189177528	0.9945836330426604	0.7647058823529411	False	False	down
UPRT	0.747	-0.3542034773842671	0.2727106596917662	0.7484941816551082	1.0	True	False	down
UQCRB	0.7532	-0.1706340041899849	0.8939839841841696	0.9825762398244084	0.8823529411764706	False	False	down
UQCRH	0.262	1.5086226801135456	0.0076158283186504	0.1749381474750529	1.0	False	False	up
USH2A	0.509	-0.4152799095945962	0.5224608076562334	0.8804339530753161	1.0	False	False	down
USP2	0.295	0.588581556686602	0.3777252412888203	0.8128329414246228	0.9411764705882352	False	False	up
USP2-AS1	0.652	0.1515872043234443	0.5613377029132092	0.897045624915475	1.0	False	False	up
USP44	0.5268	-0.6574965620572079	0.2250283995387599	0.6971579275775487	1.0	False	False	down
USP53	0.4264	-0.0124893501185504	0.9610276733131812	0.995163193386602	0.7647058823529411	False	False	down
UST	0.5762	0.5084651836689704	0.2314624503414876	0.7049496474369072	1.0	False	False	up
UTRN	0.1486	-0.6393806183889408	0.2684691439347079	0.7448823907908233	0.9411764705882352	False	False	down
UTY	0.0147	-0.5420642851344832	0.773929195792346	0.9565839754905506	0.9411764705882352	True	False	down
UXS1	0.5527	0.3791363331245665	0.3197335307476889	0.7775566340280381	0.9411764705882352	False	False	up
VASH2	0.6306	-0.5042377893403515	0.3938555495100181	0.8196735634397372	1.0	False	False	down
VAT1L	0.238	-2.37962323780087	0.0205711720240152	0.2670992846428031	1.0	False	False	down
VAV1	0.9452	1.0783302500406422	0.3675890797397438		0.9411764705882352	False	False	up
VAV3	0.278	-0.8548518728005806	0.1312441940430879	0.5740960445241836	1.0	False	False	down
VCAM1	0.0398	-0.3676552238531614	0.4407161394778471	0.8487031801200434	1.0	False	False	down
VCAN	0.2827	0.3790386740710926	0.5558456065218701	0.8945687611781324	1.0	False	False	up
VCAN-AS1	0.8618	1.7480980125916028	0.0373359464097427	0.3514391892429521	1.0	False	False	up
VCL	0.6356	0.722167954554492	0.1521851276944524	0.6074609260855287	0.9411764705882352	False	False	up
VDR	0.254	-0.7563538769573327	0.0978355262835148	0.5151136762832351	1.0	False	False	down
VEGFC	0.4809	-0.6480199859169967	0.3049062627435447	0.7706241013469209	1.0	False	False	down
VEPH1	0.396	-0.2687003628868062	0.4819596175912235	0.8650406862339434	0.9411764705882352	False	False	down
VLDLR-AS1	0.8914	-0.2846214549035507	0.4453542014584062	0.8509963072478737	1.0	False	False	down
VNN1	0.0694	-2.731359414476146	0.0138333276241968	0.223975392378598	1.0	False	False	down
VPS41	0.7316	-0.3292820251714246	0.4071850729911637	0.8302432715813746	0.9411764705882352	False	False	down
VSNL1	0.7835	-1.6715984139635467	0.050838215033883	0.3978612298447666	1.0	False	False	down
VSTM2L	0.958	0.8303656326697734	0.2755630273960857		1.0	False	False	up
VSTM4	0.0936	-0.6176447609934338	0.2503809801612529	0.7226207095751236	1.0	False	False	down
VTCN1	0.2192	-0.0224398491294641	0.973883466761818	0.9961924130086977	0.7647058823529411	False	False	down
VWA3A	0.5232	-0.6440893759795882	0.4832577407913955	0.8655263191944312	0.9411764705882352	False	False	down
VWA3B	0.7355	-3.864094768755337	0.0082270519604621		0.8235294117647058	False	False	down
VWC2L	0.9253	1.4759947737949206	0.0357027712317735	0.3469031489019799	1.0	False	False	up
VWCE	0.3482	-0.6254167161279629	0.2506872702620079	0.7228970895896787	1.0	False	False	down
VWDE	0.1722	-1.1926419970303497	0.2874265650148445	0.7606118729999662	0.8235294117647058	False	False	down
VWF	0.4546	-0.7703873488968365	0.4086198504938185	0.8306560947128548	1.0	False	False	down
WAKMAR2	0.818	-0.1100571494980778	0.8907062841202673	0.98180738380409	0.8235294117647058	False	False	down
WARS2	0.641	-0.1367155542037056	0.3902455003590707	0.819057873517529	1.0	False	False	down
WARS2-AS1	0.2517	-0.1870074859383891	0.4992111077603346	0.8716513678855143	1.0	False	False	down
WASF3	0.7677	-0.2140665135036337	0.6452834087265702	0.9219698207131176	0.9411764705882352	False	False	down
WASF3-AS1	0.8912	1.783796340331837	0.0767206909541521		1.0	False	False	up
WBP2NL	0.277	-0.6309679230869427	0.0660322215223329	0.4480107026009248	1.0	False	False	down
WDFY3-AS2	0.6628	-1.1078102942418626	0.0255421890959629	0.2931885518797308	1.0	False	False	down
WDFY4	0.3088	0.5169580711241795	0.648420418378957		0.9411764705882352	False	False	up
WDHD1	0.4134	-0.2632364235520684	0.544638812295285	0.88916786690279	0.9411764705882352	False	False	down
WDR11-AS1	0.8664	-0.2700274117053862	0.4465513246843964	0.8511455554604994	1.0	True	False	down
WDR17	0.6647	-0.2210723479093244	0.522430792108509	0.8804339530753161	1.0	False	False	down
WDR49	0.1318	-0.8830839029943537	0.3016672572217048		1.0	False	False	down
WDR66	0.234	-0.4569513135200659	0.3706085200446649	0.8076301691474966	1.0	True	False	down
WDR72	0.2675	-0.0812877598525652	0.869633092274783	0.9758149951352644	0.8235294117647058	False	False	down
WDR76	0.5644	0.8836864890193261	0.0887290733577907	0.4983579304395545	0.9411764705882352	False	False	up
WDR78	0.7138	-0.2946909112514383	0.3573575732256638	0.8009534673973157	1.0	True	False	down
WEE1	0.7755	0.6307473463240884	0.1793945159478827	0.6428739334867031	0.9411764705882352	False	False	up
WFDC2	0.0465	-0.5660708802378256	0.4542946764946611	0.8513656640211837	1.0	False	False	down
WFDC3	0.9569	-1.6531348003794626	0.077424230461029		0.8235294117647058	False	False	down
WIPF3	0.6598	-0.7123820447743471	0.1134318268027661	0.5438522751699821	1.0	False	False	down
WNK2	0.3486	1.1432781665340068	0.0158439472223588	0.2325355438107399	1.0	False	False	up
WNK4	0.2528	0.3964911703191023	0.6411463915601154	0.9219129174386276	0.9411764705882352	False	False	up
WNT5B	0.5355	-0.0776647578048534	0.90235951845137	0.9849421564671532	0.7647058823529411	False	False	down
WNT7A	0.9748	0.7998858812567238	0.3956995133778132		1.0	False	False	up
WNT9A	0.8974	2.4240728984763007	0.0369449716492414		0.9411764705882352	False	False	up
WNT9B	0.6885	-0.6293960525503977	0.6246711895001702		0.8235294117647058	False	False	down
WT1	0.5698	-0.8430231186647257	0.3170558133122159	0.7760113228541231	1.0	False	False	down
WTAP	0.5124	0.1570994894626792	0.5988292856387989	0.9108982748816536	0.9411764705882352	False	False	up
WWC1	0.218	0.2913549861615845	0.5375217279120581	0.8866523693472217	0.9411764705882352	False	False	up
WWTR1	0.2656	0.2803175530750264	0.1885166063714997	0.655769883444625	1.0	False	False	up
XDH	0.7422	-0.6854303139465097	0.3980197063873963		0.8235294117647058	False	False	down
XIST	0.0006	0.750234281955398	0.8549875273126846	0.97263827960342	0.9411764705882352	True	False	up
XKR4	0.0632	0.8069779947160641	0.1781781707626838	0.6426800643343864	1.0	False	False	up
XKR6	0.7624	0.3724367959817719	0.0643651519328003	0.4413735754605324	1.0	False	False	up
XKR9	0.1581	-0.3743501877034496	0.5598409970766329	0.8967928936211863	0.9411764705882352	False	False	down
XPNPEP2	0.0512	-1.3277542123032118	0.1934558574233993	0.6630262103982059	1.0	True	False	down
XRCC2	0.5462	0.4206910980350757	0.4582364650483111	0.8538387897249355	0.9411764705882352	False	False	up
XRCC4	0.9244	-0.0264344874643881	0.9202648740681042	0.9890766789943266	0.8235294117647058	False	False	down
XYLT1	0.4009	0.2406107156438617	0.7023926012978086	0.938012911011204	0.8823529411764706	False	False	up
YPEL2	0.0082	-0.7910427618741743	0.042091901875036	0.3680156066495027	1.0	False	False	down
Z82215.1	0.0642	3.714838761431783	3.3965765513975205e-05	0.0178926800475405	1.0	True	False	up
Z84484.1	0.8353	-0.3931030437171368	0.6947064057988281		0.8235294117647058	True	False	down
Z93403.1	0.3212	0.0189513108378715	0.9668771984121548	0.9961924130086977	0.7647058823529411	True	False	up
Z93930.2	0.335	0.055165847048533	0.8743607066499468	0.9778283449491288	0.8235294117647058	True	False	up
Z94721.1	0.5997	0.2268434162610082	0.3230787905033946	0.7805643189742463	1.0	True	False	up
Z95118.2	0.4866	-0.8541881119269734	0.0862697471370076	0.492826789415516	1.0	True	False	down
ZBBX	0.5416	-1.2850939855063328	0.0578526087348011	0.4205308433536815	1.0	False	False	down
ZBED3-AS1	0.4826	0.277225551789839	0.3686673004450942	0.8076301691474966	0.9411764705882352	False	False	up
ZBED5-AS1	0.654	-0.7831404861989592	0.1579885075020033	0.6164895464694574	1.0	False	False	down
ZBTB10	0.596	-0.4316689737965135	0.2172571815827569	0.6894456601432154	1.0	False	False	down
ZBTB16	0.011	0.0623034625221312	0.9214554796921924	0.9893539766826128	0.7058823529411765	False	False	up
ZBTB20-AS1	0.43	2.67600114584436	0.0013926785937248	0.0840182252326827	1.0	False	False	up
ZBTB20-AS5	0.2336	2.1664978687873893	0.00798359512585	0.1774437598511109	1.0	False	False	up
ZBTB44-DT	0.7084	-1.1111694009970283	0.0126958220514571	0.2160105790694147	1.0	False	False	down
ZBTB7C	0.7594	0.0909426334673939	0.8625684587406464	0.9745402933862178	0.8235294117647058	False	False	up
ZC3H12B	0.3858	-0.0114234088599115	0.9714973641673004	0.9961924130086977	0.7058823529411765	True	False	down
ZC4H2	0.808	-0.0581370203087923	0.870104381720451	0.9759725954659052	0.8235294117647058	True	False	down
ZCCHC24	0.501	0.0300264692808143	0.9619425138007852	0.9951658358382964	0.6470588235294118	False	False	up
ZCCHC3	0.5878	-1.561387082749446	0.0190223138432764		1.0	False	False	down
ZCWPW2	0.657	-0.5718753772348731	0.0315107442482784	0.3286387628208482	1.0	False	False	down
ZDHHC14	0.4902	0.6341834786999948	0.0132276708637937	0.2202123535450983	0.6470588235294118	False	False	up
ZEB1	0.394	0.5293560874367808	0.0853433429423607	0.491115005778075	1.0	False	False	up
ZEB1-AS1	0.5318	-0.1366921751624137	0.7951362858137638	0.9617673512792112	0.9411764705882352	False	False	down
ZEB2	0.0904	0.1768191965719636	0.7113487963314067	0.941054980113967	0.9411764705882352	False	False	up
ZEB2-AS1	0.7575	-0.6868111249336882	0.5294137995680923		0.8235294117647058	False	False	down
ZFHX4	0.436	0.682264399457368	0.308193312545158	0.7719967362388817	0.9411764705882352	False	False	up
ZFHX4-AS1	0.6682	0.5439680164120543	0.6234468880032837		0.8235294117647058	False	False	up
ZFP36	0.6492	0.4582446596258412	0.4974326059804547	0.8707727199396756	1.0	False	False	up
ZFP36L1	0.1007	-0.2640852278065579	0.4300424355289109	0.8424924855958874	1.0	False	False	down
ZFP36L2	0.4761	0.3952475916255968	0.4244943727188106	0.8403290830227428	1.0	False	False	up
ZFPM2	0.2374	1.3924722202223574	0.0031934916992158	0.119224699776116	1.0	False	False	up
ZFPM2-AS1	0.0034	2.5067750887788343	0.0007089421908202	0.0674638536425763	1.0	False	True	up
ZFY-AS1	0.911	0.391412262914998	0.7548947519397988	0.950789649996758	0.9411764705882352	True	False	up
ZMAT3	0.6418	-0.0973603880251309	0.8113773812976813	0.9661432457189232	0.8823529411764706	False	False	down
ZMAT4	0.6951	-0.0418412895695652	0.954479432388412	0.9946677306023096	0.7647058823529411	False	False	down
ZMIZ1-AS1	0.8832	0.3537891036238387	0.2812783383953876	0.7543812438909993	1.0	False	False	up
ZNF157	0.3266	-1.8911031856249496	0.0554268804814566		0.8235294117647058	True	False	down
ZNF16	0.3637	-0.2647324625588977	0.3523127161758288	0.7981281774832553	1.0	False	False	down
ZNF189	0.4606	0.2499280817022318	0.5155632042838083	0.8784990976200172	1.0	False	False	up
ZNF19	0.7748	-0.3144154001636317	0.260435807857918	0.7367921669612618	1.0	False	False	down
ZNF208	0.6392	0.6033300093977995	0.3981716672415569	0.8220929579805383	1.0	False	False	up
ZNF250	0.7447	0.5260297764490166	0.1605510827319157	0.6213929336908312	0.9411764705882352	False	False	up
ZNF331	0.091	-0.2091114338504585	0.7806866265629169	0.9573601381612092	0.8823529411764706	False	False	down
ZNF365	0.5456	-0.5051060596167782	0.5486661817948758		0.9411764705882352	False	False	down
ZNF367	0.5552	-0.43371990464033	0.5689887304865429	0.9003701502989496	0.9411764705882352	False	False	down
ZNF385B	0.0181	-0.4323644980080666	0.2714821620173412	0.747190394985451	1.0	False	False	down
ZNF385D	0.1592	0.6004864636747514	0.2893417248145739	0.7616881301192602	0.9411764705882352	False	False	up
ZNF385D-AS2	0.8254	2.2730061336909064	0.118798501267713		0.8235294117647058	False	False	up
ZNF423	0.397	0.0008868893379594	0.998640999167427	0.9995526864259706	0.5294117647058824	False	False	up
ZNF438	0.7204	-6.258601676663066e-05	0.999756513707259	0.9999292856786088	0.6470588235294118	False	False	down
ZNF486	0.2668	-0.2726542549969412	0.6137947172231928	0.9153849543288132	0.8823529411764706	False	False	down
ZNF503-AS1	0.5062	-0.8326269483669567	0.243853020138664	0.7166023188637226	1.0	False	False	down
ZNF521	0.3696	0.0343957444360872	0.9630648801143276	0.9953717485697804	0.7058823529411765	False	False	up
ZNF528-AS1	0.7688	0.3689921819014238	0.2321136159226515	0.7050150213002097	0.9411764705882352	False	False	up
ZNF532	0.7811	-0.1234358123658559	0.7252399116446928	0.9439894720048728	0.9411764705882352	False	False	down
ZNF536	0.7878	-0.6711753295125692	0.3440271963807488	0.7943147484976676	1.0	False	False	down
ZNF569	0.5348	-0.2620891331423752	0.3605259492640403	0.8022181121438804	1.0	False	False	down
ZNF578	0.9224	0.3551346252730849	0.6673006654247405	0.9295037110944796	0.9411764705882352	False	False	up
ZNF608	0.5962	-0.0118651348863852	0.9744181224437876	0.9961924130086977	0.7647058823529411	False	False	down
ZNF670	0.6432	-0.2065808422730656	0.3103309744269501	0.7735304369732807	1.0	False	False	down
ZNF676	0.1531	1.0667079001351134	0.0428229521255649	0.3702319130823732	1.0	False	False	up
ZNF730	0.9064	-0.2480320128360759	0.7896879570113918	0.959440606552124	0.7647058823529411	False	False	down
ZNF804A	0.5924	0.2123872636887773	0.8400849524235402	0.9701072679955114	0.9411764705882352	False	False	up
ZNF804B	0.4066	-0.0808731685385064	0.9053150876026246	0.9853832341075488	0.8235294117647058	False	False	down
ZNF821	0.6772	-0.3062150638163241	0.3728993057449106	0.8093385461650134	1.0	False	False	down
ZNF90	0.5941	-0.7964320766115703	0.4618360272345192	0.8555741524377241	1.0	False	False	down
ZNF98	0.4847	-0.4438379772588244	0.5950225419192622	0.9085702488689325	0.9411764705882352	False	False	down
ZNRF2	0.1234	-0.1457415205114623	0.6577123321965647	0.9266650969432924	0.9411764705882352	False	False	down
ZNRF3	0.0222	-0.416722317151359	0.1653997268237216	0.6252728824274516	1.0	False	False	down
ZPBP	0.575	-1.4200398374247043	0.0162110222276036	0.2371578473113098	1.0	False	False	down
ZPLD1	0.141	0.1048010961523214	0.9164963772989312	0.9882614990998368	0.8235294117647058	False	False	up
ZRANB2-AS2	0.817	-0.2955426113120343	0.2410276145183529	0.7147708855211258	1.0	True	False	down
ZSCAN31	0.7886	0.3808656513551973	0.6189659049120478	0.9165492518273974	0.9411764705882352	False	False	up
ZSWIM4	0.5014	-0.7476169777759603	0.0457803812388874	0.3802030281249682	1.0	False	False	down
ZSWIM5	0.0569	-0.5691045318545062	0.000367058397508	0.0520587631081153	1.0	False	True	down
