gene	seed0	seed1	seed2	seed3	seed4	mean_rank	mean_score	pct_rank
AC105402.3	0.35922658	0.4157546	0.36005628	0.40017855	0.35875374	1.0	0.37879395	0.0002
XIST	0.26852855	0.29425594	0.28952843	0.2854271	0.29331353	3.6	0.28621072	0.0004
AC079352.1	0.25273487	0.30615896	0.28409147	0.29656783	0.27455315	4.4	0.28282124	0.0006
ARL17B	0.27378145	0.25797623	0.24305496	0.310351	0.26296976	5.6	0.26962668	0.0008
UBA6-AS1	0.24954371	0.28165397	0.27288514	0.2545955	0.2854209	7.0	0.26881984	0.001
AC119673.2	0.28396443	0.28689882	0.34253746	0.23729323	0.3040468	7.6	0.29094815	0.0012
AC104041.1	0.25557145	0.2699462	0.22521792	0.27072865	0.23962902	9.8	0.25221866	0.0014
ALB	0.23622751	0.24941099	0.23257235	0.29080212	0.24385221	10.8	0.25057304	0.0016
AQP4-AS1	0.2392773	0.2398922	0.23903202	0.27274114	0.27535778	11.4	0.25326008	0.0018
AC096577.1	0.25515726	0.25100955	0.21562293	0.2819379	0.25335756	11.6	0.25141704	0.002
CACNA1E	0.24350676	0.25246477	0.21671294	0.25220692	0.24655059	13.8	0.2422884	0.0022
OR2T11	0.2156247	0.24589904	0.24515791	0.26350364	0.24460997	14.8	0.24295905	0.0024
SPP1	0.23168653	0.24565381	0.24126533	0.24393322	0.2241622	17.0	0.23734021	0.0026
HULC	0.24107356	0.25929123	0.20850408	0.2670001	0.21916933	18.6	0.23900767	0.0028
PWRN1	0.22430795	0.24751286	0.2040365	0.24293524	0.23192377	23.2	0.23014326	0.003
HLA-DRB5	0.23173672	0.24303268	0.21464886	0.2310844	0.22154687	25.0	0.22840992	0.0032
CLU	0.22933361	0.22977959	0.21531795	0.25269803	0.20863886	26.4	0.22715361	0.0034
LSAMP	0.22445321	0.22806665	0.2000939	0.24784505	0.23248556	26.8	0.22658888	0.0036
AL079338.1	0.21279825	0.23667046	0.22061077	0.22723624	0.23100568	28.2	0.22566429	0.0038
AC023469.1	0.20516412	0.24005462	0.21086589	0.2419136	0.2252376	30.0	0.22464716	0.004
MEG3	0.23162343	0.24150157	0.21034366	0.2416793	0.20342605	30.8	0.2257148	0.0043
ARHGAP15	0.24452403	0.228231	0.23078291	0.20432968	0.25777596	30.8	0.23312871	0.0043
RERG	0.2339465	0.24437667	0.21903378	0.20743096	0.23052365	31.0	0.22706231	0.0046
MAT2A	0.21115531	0.24420078	0.19504274	0.22040124	0.2268911	39.0	0.21953824	0.0049
CCN1	0.22160679	0.21433873	0.20291571	0.22499213	0.21639736	39.0	0.21605015	0.0049
AL137009.1	0.21347235	0.21211454	0.19663626	0.24272022	0.21992214	39.8	0.21697311	0.0052
AC073174.1	0.20843782	0.22745739	0.20003611	0.23368803	0.20882973	40.2	0.21568982	0.0054
TTTY14	0.2236128	0.2202371	0.20568451	0.20832303	0.21327975	44.2	0.21422744	0.0056
MRPL51	0.22483589	0.21434018	0.18631464	0.2382552	0.20622781	46.0	0.21399474	0.0058
GRIN2A	0.20772663	0.21546121	0.20219304	0.23133044	0.19943655	47.0	0.21122956	0.006
AC069277.1	0.21850322	0.21803375	0.19483007	0.23326355	0.1930353	48.2	0.21153316	0.0062
AC020916.1	0.21601681	0.24273291	0.18280335	0.21700233	0.20985691	49.4	0.21368246	0.0064
PITPNC1	0.20270558	0.21881698	0.18856278	0.23247041	0.20358592	52.0	0.20922832	0.0066
ZFPM2-AS1	0.19128744	0.21040335	0.21844746	0.20057032	0.23607782	56.0	0.21135727	0.0068
AC008554.1	0.22128358	0.21307097	0.16882485	0.24520543	0.21051757	56.8	0.21178047	0.007
AC024230.1	0.20694828	0.20427951	0.2049261	0.1966854	0.22619878	59.6	0.20780762	0.0072
PTPRC	0.21302497	0.21359067	0.21403925	0.20495062	0.18751492	60.6	0.2066241	0.0074
AC079298.3	0.20143755	0.19552006	0.21887624	0.199953	0.22382155	62.4	0.2079217	0.0076
G6PC	0.19976988	0.21722679	0.17438829	0.22868289	0.20602635	63.0	0.20521884	0.0078
AL078604.4	0.2004037	0.19615538	0.21326396	0.22140546	0.1879195	67.2	0.2038296	0.0082
EGF	0.18950988	0.20297782	0.20192157	0.21988535	0.19574589	67.2	0.2020081	0.0082
MTRNR2L12	0.18616538	0.20185703	0.21346647	0.20110677	0.22820161	67.2	0.20615944	0.0082
MT-ATP8	0.18288614	0.20912117	0.18704666	0.22361253	0.21369231	69.0	0.20327178	0.0086
HSP90AA1	0.1797784	0.21146719	0.17989641	0.2480758	0.20902216	69.2	0.20564799	0.0088
BICD1	0.20791431	0.20438786	0.17194362	0.23881733	0.19297612	69.6	0.20320785	0.009
UGT2A3	0.20952831	0.22788824	0.20818646	0.17601323	0.21238531	71.4	0.20680031	0.0092
LINC01266	0.1832671	0.22283615	0.18529762	0.22190365	0.19557467	71.6	0.20177583	0.0094
GPC5	0.22009136	0.22189537	0.22100508	0.17118923	0.21181291	73.6	0.2091988	0.0096
YPEL2	0.21329585	0.20465007	0.19000177	0.19979054	0.18871573	74.8	0.1992908	0.0098
SYTL3	0.18880402	0.21893239	0.17115708	0.23049393	0.1907837	76.8	0.20003423	0.01
SNHG8	0.17573372	0.20551684	0.18854807	0.26584992	0.19264874	77.4	0.20565946	0.0102
AL078590.2	0.21020117	0.21010736	0.1973104	0.21838152	0.17242172	78.0	0.20168443	0.0104
CTSS	0.1911504	0.21155177	0.18279272	0.24875966	0.17432676	82.0	0.20171626	0.0106
MYRIP	0.2028763	0.20580946	0.16915548	0.20204939	0.20530373	82.4	0.19703886	0.0108
AC013652.1	0.20153373	0.21862306	0.17064972	0.20502004	0.18709086	83.8	0.19658348	0.011
IL7R	0.21481928	0.22156487	0.17973037	0.18265454	0.1874302	86.8	0.19723985	0.0112
RANBP17	0.17945142	0.2016732	0.18263894	0.23304959	0.19025855	87.0	0.19741434	0.0114
SLC22A12	0.1982862	0.19652742	0.16929184	0.21685931	0.19763172	87.2	0.19571929	0.0117
MYL12B	0.20309769	0.20274492	0.1651231	0.22255126	0.19211663	87.2	0.19712672	0.0117
C7	0.19622587	0.21115537	0.20117229	0.17910951	0.1966992	87.6	0.19687244	0.012
AL133351.1	0.18873426	0.21421216	0.16747029	0.21062765	0.19672164	88.0	0.19555321	0.0122
FOSB	0.19738962	0.19975261	0.16881655	0.20181441	0.21034874	89.8	0.19562438	0.0124
SULT1C4	0.18541536	0.20688201	0.18975042	0.184359	0.20059548	91.8	0.19340047	0.0126
RHEX	0.19524354	0.19521698	0.16165332	0.23060563	0.20688729	94.4	0.19792137	0.0128
TNC	0.17071755	0.20197344	0.19064781	0.21537854	0.20255266	95.2	0.19625399	0.013
AP005230.1	0.1785016	0.2299596	0.18387617	0.18414982	0.1950596	96.8	0.19430935	0.0132
LRP1B	0.1942334	0.19007467	0.1722982	0.22471116	0.18217643	99.6	0.19269878	0.0134
IGFN1	0.19150214	0.1923561	0.19716248	0.18656822	0.18666661	101.2	0.1908511	0.0137
CCDC144A	0.19798289	0.24330279	0.24621736	0.15612039	0.23431697	101.2	0.21558806	0.0137
LINC01622	0.17179216	0.22446789	0.19651717	0.1814402	0.20421176	102.2	0.19568585	0.014
BHMT	0.17385054	0.18558249	0.20657077	0.19040985	0.22282502	103.8	0.19584772	0.0142
SLC47A2	0.19086921	0.18985884	0.17730746	0.21112148	0.17951787	105.6	0.18973497	0.0144
KRT19	0.18616597	0.18678221	0.16689016	0.21757942	0.19609618	107.4	0.19070278	0.0146
EGFL7	0.20045884	0.18621218	0.17611413	0.19549689	0.18498446	108.2	0.1886533	0.0148
SNTG1	0.18914959	0.21875481	0.16706645	0.17717256	0.20687522	108.6	0.19180372	0.0151
MEG8	0.21155798	0.21311034	0.16680516	0.20996276	0.16722867	108.6	0.19373298	0.0151
TNFSF10	0.19983049	0.20910463	0.17533168	0.18215196	0.17898911	108.8	0.18908158	0.0154
KIF26B	0.1693196	0.19636165	0.17436129	0.23051114	0.19038427	109.4	0.19218758	0.0157
FSTL4	0.19752836	0.21731657	0.19770083	0.16991517	0.1830926	109.4	0.1931107	0.0157
IGHA1	0.2009266	0.17851414	0.18580769	0.1946271	0.18988705	110.4	0.18995252	0.016
TMEM156	0.18883722	0.2036114	0.17598094	0.20114608	0.1709567	110.8	0.18810646	0.0162
DPH6-DT	0.19805023	0.1824151	0.16776331	0.2179326	0.18503903	112.2	0.19024006	0.0165
UTY	0.21505351	0.22650544	0.23202269	0.15253666	0.2162592	112.2	0.20847552	0.0165
NDRG1	0.231831	0.25776777	0.23650917	0.14997987	0.21455419	112.8	0.2181284	0.0168
IGHG3	0.19322771	0.17643833	0.16654134	0.24253017	0.1911616	113.0	0.19397983	0.017
KCNIP4	0.20272945	0.17536761	0.18893804	0.18580133	0.19874272	114.8	0.19031581	0.0172
CLIC4	0.20540236	0.20033029	0.16625379	0.19399613	0.1778545	115.2	0.1887674	0.0174
GNGT1	0.17243183	0.18526982	0.1830809	0.2284483	0.1839359	115.4	0.19063334	0.0176
AC016576.1	0.18341814	0.18701132	0.18743369	0.18890464	0.18576543	116.0	0.18650664	0.0178
DLC1	0.19925465	0.1944924	0.20651281	0.16423284	0.20317227	117.2	0.19353299	0.018
FYN	0.18045428	0.19387354	0.18930918	0.18089831	0.18843299	117.8	0.18659367	0.0182
ATP1B1	0.1758244	0.20318498	0.19259414	0.1705294	0.20699617	118.8	0.18982582	0.0184
LMNA	0.2108888	0.2276886	0.16210829	0.17356287	0.18664867	120.4	0.19217946	0.0186
APBB1IP	0.1913758	0.18342993	0.1678895	0.2288842	0.17369926	120.8	0.18905576	0.0188
LINC01060	0.18628518	0.18159539	0.1980471	0.17817454	0.19357367	121.4	0.18753518	0.019
AL139807.1	0.16716132	0.18681039	0.19710642	0.19611017	0.19811635	122.0	0.18906094	0.0192
AL391117.1	0.21418054	0.22533408	0.20700106	0.15086594	0.2180282	122.6	0.20308197	0.0194
PNRC1	0.18365052	0.20257218	0.18529609	0.16919649	0.19404103	123.6	0.18695125	0.0196
AC016383.2	0.1694681	0.19098182	0.19355588	0.18183333	0.2024048	126.2	0.18764879	0.0198
IFITM2	0.20502336	0.195209	0.15227103	0.21348354	0.18156528	131.8	0.18951043	0.02
MMP7	0.19867514	0.19278462	0.1734948	0.22390416	0.15558599	134.0	0.18888895	0.0202
AC087762.1	0.1749592	0.20466757	0.18920077	0.16797547	0.1879026	134.6	0.18494113	0.0204
FSIP2-AS1	0.18723857	0.18453856	0.16999528	0.20885018	0.16732192	136.4	0.18358889	0.0206
AC068587.4	0.17468639	0.1729107	0.19592416	0.20394194	0.18281968	137.2	0.18605658	0.0209
TACSTD2	0.1684423	0.2172421	0.1694734	0.2080812	0.168792	137.2	0.1864062	0.0209
AC111000.4	0.1823837	0.18496445	0.16485558	0.21270397	0.17410761	138.4	0.18380307	0.0212
LINC01876	0.18197788	0.19374095	0.16471694	0.19439688	0.1759421	139.4	0.18215494	0.0214
DCC	0.16823086	0.19485249	0.19148609	0.17100717	0.20582145	140.4	0.18627962	0.0216
SYT14	0.18594272	0.17151222	0.18398468	0.1787002	0.19283457	143.6	0.18259488	0.0218
FKBP5	0.19639948	0.21138571	0.20303372	0.15348162	0.18484564	144.0	0.18982922	0.022
SOX4	0.19351801	0.19168061	0.17121026	0.18714763	0.16284986	144.4	0.18128127	0.0222
HLF	0.18006463	0.19619964	0.16543505	0.21614414	0.16176972	145.6	0.18392262	0.0224
AC006305.1	0.18262817	0.20124756	0.1471731	0.21028489	0.18933897	146.2	0.18613455	0.0226
ITM2C	0.17039709	0.20357168	0.15850264	0.2265346	0.17230275	146.6	0.18626174	0.0228
ATP6V0C	0.17194211	0.19549155	0.15918323	0.22387059	0.17327425	147.2	0.18475235	0.023
ACSM2B	0.18384893	0.19487002	0.16181038	0.20871744	0.16249715	150.8	0.1823488	0.0232
NDUFA3	0.1843178	0.1887158	0.16115546	0.21421893	0.16440432	151.8	0.18256246	0.0234
FLG-AS1	0.17509548	0.18412392	0.16943279	0.1790053	0.18482749	152.0	0.17849699	0.0236
LDLRAD4	0.19057399	0.20071538	0.15660876	0.18802088	0.17000014	153.6	0.18118383	0.0238
IGHG1	0.1711775	0.18697628	0.16340964	0.19418807	0.18178031	154.4	0.17950635	0.024
ADAMTS9-AS2	0.18955153	0.19470988	0.16202426	0.20088013	0.16026436	154.8	0.18148604	0.0242
AC091151.5	0.18715282	0.16332579	0.1673674	0.20328596	0.18770972	155.0	0.18176833	0.0244
SLC22A8	0.1773852	0.18178473	0.16047777	0.19991852	0.17966314	156.8	0.17984587	0.0246
NDUFB1	0.176333	0.18338078	0.15796381	0.20712432	0.17929666	157.4	0.18081972	0.0248
C5orf67	0.1996548	0.18297495	0.18710755	0.15926054	0.1819424	160.0	0.18218805	0.025
AC013287.1	0.17394195	0.20233338	0.18900639	0.16729078	0.16895606	160.2	0.18030572	0.0253
S100A10	0.19477414	0.18165831	0.15871948	0.21750444	0.16275688	160.2	0.18308266	0.0253
CEBPB	0.1796664	0.20198481	0.14864859	0.21875523	0.1679888	163.0	0.18340877	0.0256
SOCS3	0.17656781	0.1911873	0.16492568	0.17160405	0.18317537	163.2	0.17749205	0.0258
IGHGP	0.16269949	0.20041932	0.21109939	0.1660262	0.17561892	166.4	0.18317266	0.026
CYBA	0.17270364	0.18630877	0.15696855	0.2069399	0.17315854	166.8	0.17921588	0.0262
CYP17A1	0.18061472	0.18024564	0.15573652	0.19793358	0.17807165	169.8	0.17852041	0.0264
ATP5MC2	0.16345453	0.19023128	0.16202678	0.21562834	0.16719122	171.0	0.17970642	0.0266
PNP	0.18793802	0.18882313	0.1597865	0.18016596	0.16639791	171.4	0.1766223	0.0268
KCNH7	0.17482188	0.18921359	0.1607241	0.1806802	0.17369093	171.6	0.17582615	0.027
SLC34A1	0.16665082	0.18143098	0.16538115	0.1912301	0.1801784	172.4	0.1769743	0.0272
IGKC	0.18226866	0.18080486	0.1617003	0.19529347	0.16393268	174.2	0.1768	0.0274
PERP	0.17537017	0.1942648	0.15575106	0.20826192	0.16214526	175.2	0.17915864	0.0276
PDE3B	0.18534912	0.2018423	0.20706065	0.1428535	0.2102542	178.8	0.18947195	0.0278
SGPP2	0.17212865	0.18073554	0.15399702	0.19746593	0.18173668	180.0	0.17721276	0.028
AC007319.1	0.15241158	0.1687088	0.22346658	0.17997749	0.2206543	181.6	0.18904375	0.0282
AC009271.1	0.15245195	0.2175638	0.201374	0.16689733	0.17892033	183.0	0.18344149	0.0284
AC023421.2	0.17214318	0.19776529	0.15436815	0.18244445	0.17070577	183.2	0.17548537	0.0286
MGST1	0.16878867	0.17539781	0.17568608	0.17138715	0.18238163	183.8	0.17472826	0.0288
EIF5A	0.17085266	0.19720079	0.15109468	0.19512153	0.16884948	184.0	0.17662382	0.029
LHFPL6	0.18524218	0.17265198	0.16414073	0.18908942	0.1634104	184.8	0.17490694	0.0292
NRCAM	0.16891779	0.18361688	0.18268244	0.16527294	0.17716324	185.0	0.17553066	0.0294
CTSV	0.16858359	0.19591643	0.16441664	0.1668406	0.17637938	188.6	0.17442733	0.0296
TTTY10	0.16666315	0.1939998	0.1856578	0.1550757	0.1866157	190.0	0.17760244	0.0298
PRKCH	0.15834177	0.18223494	0.1616607	0.18987946	0.18152256	191.8	0.17472789	0.03
RPL36	0.16054839	0.18367715	0.14997554	0.2702799	0.17171615	192.8	0.18723942	0.0303
WFDC2	0.1631457	0.17619276	0.17851599	0.18349253	0.1645497	192.8	0.17317934	0.0303
LINC02220	0.17855458	0.20850772	0.15022206	0.17938152	0.16190337	193.4	0.17571385	0.0306
NRSN1	0.17514434	0.17288424	0.15882683	0.18745455	0.1696512	194.6	0.17279223	0.0308
MAGI2	0.17437181	0.18641657	0.14222077	0.2168377	0.17347316	194.8	0.178664	0.031
REPS2	0.1774045	0.17489348	0.16766243	0.16144235	0.18399571	196.0	0.1730797	0.0312
DSCAML1	0.16081713	0.18373603	0.16050437	0.20000681	0.16699478	196.2	0.17441185	0.0314
RIMS2	0.18803519	0.18367107	0.17518613	0.1571671	0.16492043	197.2	0.17379598	0.0316
ST18	0.17898557	0.18324555	0.16016716	0.16901119	0.16820437	199.2	0.17192277	0.0318
AC021504.1	0.17097272	0.1920228	0.1890005	0.1489143	0.18789344	199.6	0.17776075	0.032
IGFBP7	0.16151585	0.16058114	0.17570502	0.18868576	0.18454517	201.2	0.17420658	0.0322
AC019117.2	0.17176555	0.16186793	0.18620943	0.17111343	0.17617199	204.4	0.17342567	0.0324
GPM6A	0.16590351	0.18267827	0.1739142	0.17570071	0.16007729	205.2	0.17165479	0.0326
LINC00278	0.19677927	0.19900694	0.23237042	0.13429111	0.2148227	206.2	0.19545409	0.0328
ARG2	0.16974054	0.18413405	0.14256379	0.21772225	0.17040835	206.6	0.1769138	0.033
ATF3	0.16540325	0.17052105	0.1731013	0.16547339	0.1854379	208.2	0.17198738	0.0332
SEMA3E	0.15713334	0.16443695	0.16493577	0.19209793	0.188559	208.4	0.1734326	0.0334
TPM1	0.15292066	0.1643791	0.1722964	0.19142897	0.18624175	213.0	0.17345338	0.0336
MIR4300HG	0.18507965	0.18135016	0.23391981	0.13891126	0.20042597	214.8	0.18793736	0.0338
AC006206.2	0.17939034	0.17299888	0.19859117	0.14705348	0.18496978	217.2	0.17660072	0.034
GNG5	0.1535837	0.19299702	0.15556246	0.18479086	0.17231326	220.6	0.17184946	0.0342
CNTNAP2	0.17801464	0.20540297	0.16775623	0.17230311	0.14356452	222.2	0.17340828	0.0344
LINC02798	0.16381156	0.17658146	0.1560949	0.18092097	0.16816308	222.8	0.16911438	0.0346
SERPINE1	0.18270828	0.19196886	0.19568387	0.13720933	0.19145694	226.0	0.17980544	0.0348
CLCNKA	0.16329572	0.17617933	0.17432353	0.15416709	0.17854626	230.0	0.16930237	0.035
AC005699.1	0.16840306	0.18119574	0.17125796	0.19251306	0.14398734	231.4	0.17147143	0.0352
C1QA	0.16658914	0.18840706	0.15015566	0.17978847	0.15982687	232.8	0.16895345	0.0354
CDH9	0.19301085	0.20546727	0.21563414	0.1299678	0.19171761	233.6	0.18715954	0.0356
NKAIN4	0.17937143	0.17120978	0.15852307	0.16317697	0.1659462	234.2	0.16764548	0.0358
AC005208.1	0.17547213	0.1730898	0.17371744	0.14939223	0.17625892	234.6	0.1695861	0.036
NFKBIA	0.16318831	0.17506655	0.1564409	0.1660674	0.18067642	234.8	0.16828792	0.0362
C19orf53	0.16745363	0.18395214	0.13913709	0.22137818	0.16183123	236.2	0.17475045	0.0364
LINC00923	0.18600868	0.20220071	0.1586836	0.17750748	0.140759	237.4	0.1730319	0.0366
RASGEF1B	0.21582021	0.2061863	0.17016809	0.13529365	0.17320813	240.0	0.18013528	0.0368
DIRC3	0.16974112	0.18173094	0.15774451	0.157331	0.16888699	242.4	0.16708691	0.037
KCNJ15	0.16126521	0.15965755	0.15754953	0.1821488	0.18086573	242.6	0.16829737	0.0372
RTN4	0.18403184	0.17093907	0.15197459	0.19439085	0.14817448	242.8	0.16990216	0.0374
FAM20C	0.18333204	0.16578802	0.19068158	0.14099902	0.191604	245.6	0.17448094	0.0376
PRODH2	0.14451371	0.18750529	0.17440978	0.17541751	0.1667204	246.4	0.16971333	0.0378
MSH4	0.17881273	0.16946657	0.14305413	0.20963101	0.15403448	247.4	0.1709998	0.038
IFITM3	0.17564814	0.16214256	0.15270944	0.1940208	0.1548795	247.6	0.16788009	0.0382
FBP1	0.15266304	0.18494417	0.15184444	0.16780363	0.18384373	249.6	0.1682198	0.0384
MT1F	0.1702562	0.16143315	0.14614654	0.20997597	0.16281165	251.0	0.1701247	0.0386
LINC02055	0.20198685	0.20181328	0.16567546	0.136601	0.17152384	251.4	0.17552009	0.0388
PPDPF	0.169243	0.1612057	0.14507991	0.20434706	0.166435	252.2	0.16926214	0.039
KCNIP1	0.17224325	0.16682555	0.16563693	0.15351719	0.17205545	252.4	0.16605568	0.0392
AC092422.1	0.16444203	0.18153486	0.1718608	0.15629278	0.15664089	252.6	0.16615428	0.0394
LINC02351	0.16714945	0.1811455	0.158523	0.15053801	0.18348941	252.8	0.16816907	0.0397
TNFAIP2	0.16569617	0.17718153	0.16107462	0.1537385	0.17304009	252.8	0.16614619	0.0397
ZFAND2A	0.16847074	0.16115049	0.16195697	0.17279197	0.16140446	255.0	0.16515493	0.04
GPC6	0.17351186	0.16810328	0.14849617	0.22189634	0.14715399	257.2	0.17183232	0.0402
KHDRBS2	0.17491932	0.18628047	0.17217864	0.13791317	0.18153764	258.4	0.17056584	0.0404
ALDOB	0.15512277	0.17934874	0.1465286	0.2153285	0.15716977	259.8	0.17069969	0.0406
NAALADL2	0.1559055	0.19328111	0.1566969	0.1770382	0.15078531	260.6	0.1667414	0.0408
LINC01357	0.15623419	0.17083362	0.15068172	0.17585517	0.169518	264.2	0.16462454	0.041
AC116049.2	0.16325025	0.1821305	0.16810878	0.15261818	0.15611884	268.0	0.16444531	0.0412
SLC13A3	0.1747474	0.16209452	0.16004089	0.1527555	0.17290996	269.2	0.16450965	0.0415
ATP1B3	0.1673062	0.18951507	0.14514808	0.17525023	0.15065245	269.2	0.1655744	0.0415
PDE1A	0.1778921	0.1832329	0.16100962	0.14428562	0.16432163	270.4	0.16614838	0.0418
FRAS1	0.17499992	0.17160651	0.13878626	0.18678646	0.15679745	271.2	0.16579533	0.042
LINC01117	0.16585794	0.17860626	0.15638332	0.14612855	0.18650115	272.4	0.16669545	0.0422
FAM155A	0.17644815	0.16766863	0.17699125	0.13922961	0.18269886	272.6	0.1686073	0.0424
ANK2	0.16067111	0.16366419	0.1564557	0.17841986	0.15670684	274.6	0.16318354	0.0426
PHACTR1	0.16812818	0.20197242	0.13598493	0.18119322	0.15293768	275.6	0.16804329	0.0428
FLT3	0.148649	0.17382237	0.16320194	0.17837976	0.15992665	276.0	0.16479595	0.043
SLC16A12	0.18872164	0.19486001	0.14690879	0.14358161	0.16637683	278.8	0.16808978	0.0432
VSTM4	0.16245759	0.15814053	0.14127868	0.19059415	0.17492992	279.8	0.16548017	0.0434
ALPK3	0.163459	0.16770254	0.13755319	0.17623842	0.17773393	281.6	0.1645374	0.0436
JCHAIN	0.1787858	0.16826144	0.14997113	0.16964582	0.14890288	283.0	0.16311342	0.0438
CELF2	0.17280312	0.17530666	0.16731106	0.14452022	0.16039039	283.2	0.16406628	0.044
CMBL	0.15973766	0.1621614	0.14828433	0.1768406	0.16543502	283.4	0.1624918	0.0442
DLEU1	0.1579064	0.17749758	0.14618266	0.17006543	0.16130944	284.8	0.1625923	0.0444
ZNF331	0.16736677	0.16633168	0.1508845	0.16614506	0.15613374	289.0	0.16137235	0.0446
SUSD6	0.15976489	0.16114768	0.15819085	0.16689666	0.16134183	289.2	0.16146839	0.0448
H1F0	0.17229806	0.18196844	0.16689111	0.13927084	0.163732	291.4	0.16483209	0.045
AL356010.2	0.1561888	0.16826788	0.16817039	0.15199667	0.1650813	291.6	0.16194102	0.0452
ELOVL7	0.18970434	0.17986268	0.1449781	0.14263533	0.1739361	292.0	0.16622332	0.0454
RPS29	0.17410378	0.1530724	0.13518296	0.23470539	0.16639327	292.4	0.17269155	0.0456
ANXA1	0.16880405	0.17774409	0.17335817	0.13636285	0.17506686	293.2	0.1662672	0.0458
SLC35F5	0.16892822	0.16760983	0.15698352	0.15408766	0.1583749	294.2	0.16119683	0.0461
AP002762.2	0.15904897	0.16185749	0.15392247	0.18174313	0.15231135	294.2	0.16177669	0.0461
SLC8A1	0.14532523	0.1758386	0.19513312	0.15106633	0.17093869	294.6	0.16766039	0.0464
Z82215.1	0.16127896	0.16872476	0.14679225	0.18558918	0.14967154	294.8	0.16241135	0.0466
AL117381.1	0.14922191	0.16208054	0.15459734	0.18325551	0.16466889	295.6	0.16276483	0.0468
BX322234.1	0.18614471	0.19139707	0.13974006	0.20439221	0.13480788	298.2	0.17129639	0.047
PFKFB3	0.15903443	0.15712053	0.17791493	0.15668881	0.16004042	298.8	0.16215983	0.0472
PLXNA2	0.174425	0.18178478	0.14033073	0.15509209	0.16046031	299.0	0.16241857	0.0474
RGCC	0.17347655	0.160313	0.14279276	0.19675742	0.14690666	302.4	0.16404928	0.0476
HS6ST3	0.17182174	0.17446426	0.1493687	0.17471197	0.14220887	302.6	0.1625151	0.0478
IPCEF1	0.15504247	0.16412033	0.14797178	0.18787979	0.15203558	307.8	0.16140999	0.048
DPP6	0.173139	0.17703187	0.16285278	0.13585398	0.1715001	308.4	0.16407554	0.0482
STOX2	0.17029548	0.17030944	0.1505691	0.15922299	0.1498887	308.6	0.16005713	0.0484
GPR132	0.1811924	0.14234476	0.1627021	0.17411464	0.15712065	308.8	0.16349491	0.0486
CNTN4	0.16954254	0.1709096	0.14522694	0.17235577	0.1455136	309.6	0.1607097	0.0488
RIPOR3	0.16238056	0.16357778	0.15492664	0.1646127	0.15053032	312.4	0.1592056	0.049
CYTIP	0.16067842	0.18793209	0.16598321	0.13767445	0.163365	313.8	0.16312663	0.0492
C1QL3	0.1608034	0.15203953	0.15584478	0.17946601	0.1545148	314.8	0.1605337	0.0494
PRKCB	0.15964776	0.16554298	0.16344915	0.14227939	0.17447573	317.4	0.161079	0.0496
LINC01572	0.15712947	0.18687475	0.16039494	0.140785	0.16381358	318.4	0.16179955	0.0498
VNN1	0.17467447	0.18967476	0.1773728	0.12593815	0.17185885	319.4	0.16790381	0.05
GCNT2	0.1715344	0.17973402	0.13407548	0.17441578	0.14945644	320.8	0.16184321	0.0502
SULF1	0.15278615	0.1707401	0.15277271	0.17086294	0.14879401	322.0	0.15919119	0.0504
SLC15A1	0.15530944	0.1541257	0.146571	0.1878078	0.15955442	323.4	0.16067366	0.0506
ERRFI1	0.18102364	0.17539516	0.14549139	0.14873232	0.1508304	325.0	0.16029458	0.0508
NOX4	0.17237711	0.15220548	0.14964594	0.167151	0.1530927	325.6	0.15889443	0.051
TOX	0.1875093	0.1733378	0.122186035	0.20038281	0.16208069	326.4	0.16909933	0.0512
KCNT2	0.16169545	0.1585628	0.14496773	0.17009571	0.15487331	327.2	0.158039	0.0514
NFE2L2	0.16213597	0.16506574	0.13584986	0.16753803	0.16445556	328.0	0.15900902	0.0516
FMN1	0.1487775	0.17403735	0.17451303	0.14321199	0.16667387	330.2	0.16144276	0.0518
HSPA1A	0.1597618	0.15782534	0.14002901	0.16794541	0.1666413	332.4	0.15844058	0.052
ST6GAL1	0.15679933	0.17693903	0.14019834	0.16509916	0.15273161	333.8	0.15835348	0.0522
CECR2	0.17367005	0.16781166	0.1532466	0.14107291	0.16091835	334.6	0.15934393	0.0524
CYP4A22	0.1617226	0.1513088	0.1453054	0.17572808	0.15720508	336.4	0.158254	0.0527
AC079779.2	0.1503105	0.16837294	0.15979855	0.14811328	0.16766651	336.4	0.15885235	0.0527
KCNQ5	0.15718953	0.1746795	0.14053209	0.16886286	0.14958154	337.2	0.15816912	0.053
MIRLET7BHG	0.13764077	0.17999914	0.16174383	0.17491345	0.15195121	340.6	0.16124968	0.0532
ZNF385B	0.169612	0.16730921	0.1575555	0.1506167	0.14498906	341.0	0.1580165	0.0534
PRKG1	0.18118751	0.15982251	0.16470738	0.13149592	0.17715614	343.4	0.1628739	0.0536
MAST4	0.17238356	0.16996948	0.15553245	0.15249065	0.14180195	344.0	0.15843561	0.0538
LMCD1	0.16261579	0.17583385	0.12535897	0.17817573	0.1654699	345.6	0.16149084	0.054
EGOT	0.16740237	0.18582778	0.16260406	0.12815322	0.16982763	346.4	0.16276301	0.0542
IRF1	0.16187963	0.16327243	0.1354063	0.17175168	0.15294284	349.8	0.15705058	0.0544
LAMP2	0.14761284	0.17868355	0.15064214	0.17635652	0.14219847	352.0	0.1590987	0.0546
GRIA4	0.17107688	0.16621667	0.13500893	0.16252874	0.15159893	352.4	0.15728603	0.0548
CLDN1	0.1630155	0.16382584	0.15457942	0.15747243	0.14292154	352.6	0.15636294	0.0551
PRDM16	0.14815299	0.15995146	0.16751912	0.15726215	0.15189394	352.6	0.15695593	0.0551
PRDX5	0.16708027	0.16055374	0.13850331	0.19884008	0.14083312	352.8	0.16116211	0.0554
LTF	0.1750832	0.1533331	0.13561375	0.1617944	0.16289984	353.0	0.15774485	0.0556
CD44	0.1620452	0.1623884	0.15586412	0.15407406	0.14525202	353.2	0.15592475	0.0558
KLF4	0.15382205	0.17341746	0.14278825	0.16299349	0.14822291	354.8	0.15624884	0.056
SLC35F3	0.16734679	0.18202184	0.18251078	0.13041969	0.15049604	358.2	0.16255903	0.0562
LINC02606	0.17185375	0.15859711	0.14252967	0.14757288	0.16184393	358.4	0.15647945	0.0564
SIPA1L2	0.1534694	0.1600732	0.13591653	0.19823493	0.15058371	359.2	0.15965554	0.0567
SLC35F1	0.15025881	0.17603262	0.15143129	0.16623354	0.142537	359.2	0.15729865	0.0567
AF165147.1	0.15521397	0.15890707	0.13353264	0.19361767	0.15457982	359.8	0.15917024	0.057
UMOD	0.14348352	0.153513	0.17893286	0.14838147	0.17804922	360.8	0.160472	0.0572
KNG1	0.14622782	0.15626603	0.14742987	0.16912358	0.16156	365.2	0.15612146	0.0575
TMBIM6	0.15851843	0.15671076	0.13519645	0.18901646	0.1502978	365.2	0.15794799	0.0575
CASC9	0.17043088	0.18404795	0.14507666	0.13413039	0.16166162	365.8	0.15906951	0.0578
CD83	0.14293121	0.16204867	0.16487673	0.15596107	0.15632714	366.2	0.15642896	0.058
SLC22A7	0.14412841	0.15658368	0.17042302	0.1563927	0.154738	366.8	0.15645316	0.0582
KRT17	0.15163687	0.15482599	0.15603542	0.19154567	0.1399096	368.0	0.15879071	0.0584
SKAP1	0.18534884	0.19827238	0.1492136	0.12486799	0.16212456	368.6	0.16396548	0.0586
IRX5	0.17087999	0.15304121	0.1407998	0.15308951	0.16012889	369.8	0.15558788	0.0588
HIF1A-AS3	0.15344846	0.16235267	0.1408092	0.18317118	0.14322683	370.8	0.15660167	0.059
AC138305.1	0.15805878	0.17162693	0.1548769	0.1329172	0.17481868	371.6	0.1584597	0.0592
NDUFB3	0.14513162	0.15524782	0.14663815	0.17069374	0.16023178	373.0	0.15558863	0.0594
STK39	0.14896017	0.15036762	0.15404266	0.17199184	0.15308121	373.8	0.15568869	0.0596
AC008957.1	0.15074341	0.16535918	0.13638484	0.16556485	0.15721272	374.4	0.155053	0.0598
GALNT13	0.15614094	0.1756241	0.14906873	0.13533263	0.17080255	375.6	0.15739378	0.06
ATP6V0B	0.16878389	0.15826423	0.14192307	0.1740233	0.13803542	377.4	0.15620598	0.0602
SLIT3	0.1450279	0.16350776	0.15087408	0.16728511	0.14722823	377.8	0.15478462	0.0604
GALNT17	0.15708013	0.16731925	0.1534541	0.17161733	0.1332189	378.0	0.15653794	0.0606
MYRFL	0.14402902	0.15606394	0.14260559	0.1815132	0.15639904	378.4	0.15612216	0.0608
BMP2K	0.16014817	0.15084775	0.1376124	0.18090086	0.15042742	378.6	0.15598732	0.061
AC092162.2	0.1630502	0.14768727	0.1474962	0.16965811	0.1464536	380.6	0.15486908	0.0612
TMEM252-DT	0.15886702	0.18401977	0.123506986	0.18530436	0.1499209	381.8	0.16032381	0.0614
SMAP2	0.14860387	0.15819351	0.16501549	0.14186351	0.16489464	383.4	0.1557142	0.0616
MRPL18	0.14769447	0.16492136	0.12667271	0.18652666	0.16924486	385.0	0.159012	0.0619
RHBG	0.15042765	0.16319051	0.14123395	0.15930966	0.15288013	385.0	0.15340838	0.0619
AKR1C2	0.14207307	0.1490869	0.15242456	0.1681041	0.1701684	386.4	0.1563714	0.0622
MAP2K6	0.13531113	0.16371754	0.1591368	0.15248574	0.18047278	388.6	0.15822479	0.0624
AF233439.1	0.1387839	0.15784876	0.16326381	0.15835556	0.15797651	388.8	0.1552457	0.0626
RBMS1	0.15565191	0.17278202	0.14616895	0.15734838	0.13948035	389.0	0.15428632	0.0628
LGALS3	0.15077877	0.15264086	0.158167	0.17778468	0.13934427	389.2	0.15574312	0.063
PDZRN3	0.15973121	0.16782527	0.16370125	0.13331057	0.1533013	390.4	0.15557392	0.0632
CUTA	0.14665855	0.16995835	0.14010702	0.19818692	0.13852032	391.8	0.15868624	0.0634
DUSP1	0.15879907	0.14777164	0.14890018	0.15593651	0.1548833	392.2	0.15325813	0.0637
ADGRG5	0.15528096	0.16068839	0.14320126	0.16629921	0.14224531	392.2	0.15354303	0.0637
PLCB1	0.15537582	0.16449268	0.16540587	0.12999786	0.16745393	392.6	0.15654524	0.064
AKR1C1	0.15072428	0.17542668	0.18268129	0.12762006	0.16355242	393.4	0.16000094	0.0642
MACC1-AS1	0.15651138	0.15339907	0.144551	0.15262991	0.15502965	393.6	0.1524242	0.0644
RTN1	0.15546554	0.15864564	0.14250964	0.14881803	0.15872404	394.0	0.15283258	0.0646
LINC02211	0.16165513	0.17729445	0.13814682	0.16352463	0.13587803	394.4	0.15529981	0.0648
SLC2A3	0.15348119	0.16456304	0.1365129	0.17688254	0.14222626	394.6	0.1547332	0.065
CD96	0.16313052	0.15281723	0.13805854	0.15750866	0.15209422	395.6	0.15272184	0.0652
CCDC26	0.16037999	0.14963068	0.14905173	0.14713995	0.1607364	396.8	0.15338776	0.0654
SLC22A5	0.18220659	0.186895	0.14822368	0.12850769	0.1481174	397.0	0.15879007	0.0656
AC110760.1	0.17124411	0.16050328	0.1482451	0.17643453	0.12832408	397.4	0.15695022	0.0658
SLC19A3	0.14894095	0.15511176	0.14463288	0.16623169	0.14933674	398.6	0.1528508	0.066
AL451166.1	0.15950134	0.15120009	0.15695581	0.14835285	0.14932619	399.6	0.15306726	0.0662
GPAT3	0.15600885	0.14626625	0.16274634	0.14030421	0.17050825	403.6	0.15516679	0.0664
CLDN14	0.1448914	0.15029672	0.15740046	0.1674757	0.148402	404.8	0.15369324	0.0666
LINC02698	0.15770018	0.16473201	0.13247375	0.18298964	0.13888702	405.2	0.15535653	0.0668
HIST1H1D	0.14628315	0.18605573	0.1347394	0.16030994	0.14621086	408.4	0.15471981	0.067
S100A6	0.14783111	0.14737049	0.13766108	0.1838168	0.15817735	409.2	0.15497136	0.0672
SERTAD1	0.15093657	0.15269569	0.13842283	0.18176591	0.1449294	410.0	0.15375009	0.0674
FAM110B	0.14989872	0.15252541	0.13546486	0.16531922	0.16266917	410.6	0.15317547	0.0676
TENM2	0.14367056	0.16612917	0.15825766	0.13599604	0.17242928	411.8	0.15529653	0.0678
HEG1	0.15327291	0.16465504	0.14334495	0.1594707	0.13877405	412.4	0.15190354	0.068
CRISPLD1	0.15453799	0.15278172	0.14720516	0.15570426	0.14609693	412.8	0.15126522	0.0682
NPY1R	0.15444906	0.15204458	0.14240772	0.14917344	0.16125381	413.4	0.15186572	0.0684
C3	0.16624454	0.1464687	0.14816108	0.14776613	0.15367433	413.8	0.15246296	0.0686
XKR4	0.15057369	0.15073286	0.16752863	0.14382435	0.15161209	415.4	0.15285432	0.0688
EPHA6	0.15716977	0.15222852	0.13184512	0.16162093	0.15835561	418.0	0.15224399	0.069
CTNNA3	0.15130393	0.17894885	0.14037742	0.1459244	0.14550921	418.2	0.15241274	0.0693
FGD3	0.14979093	0.17390269	0.14183027	0.14378327	0.15227719	418.2	0.15231687	0.0693
SAMD4A	0.17202371	0.16277556	0.14628987	0.13615948	0.14726163	418.4	0.15290205	0.0696
AC015712.4	0.15535009	0.15263641	0.13430895	0.18687609	0.14291546	420.0	0.1544174	0.0698
FMO1	0.1556104	0.17114857	0.14478438	0.14392495	0.14287612	424.0	0.15166888	0.0701
ATP1A1-AS1	0.15243904	0.17776835	0.1296758	0.19163302	0.13485365	424.0	0.15727398	0.0701
LINC02284	0.15802571	0.13702577	0.14184783	0.1639931	0.16472876	424.8	0.15312424	0.0704
STON2	0.14782608	0.16153097	0.16894798	0.12734684	0.17471303	426.0	0.15607297	0.0706
NLGN4Y	0.15154359	0.18461505	0.1895029	0.1156043	0.18769693	426.2	0.16579255	0.0708
CFAP70	0.16433467	0.15036371	0.14284669	0.13746335	0.16910619	426.8	0.15282293	0.071
ZFPM2	0.16251776	0.17016171	0.14201939	0.16303739	0.1287817	428.4	0.15330358	0.0712
TMEM246-AS1	0.1556137	0.16176234	0.12993822	0.16188885	0.14723268	428.6	0.15128715	0.0714
KLF6	0.1523394	0.14631835	0.146687	0.18048277	0.14027676	429.2	0.15322086	0.0717
CYSLTR2	0.14330019	0.16036683	0.1523688	0.15390965	0.14496541	429.2	0.15098217	0.0717
CD247	0.17229591	0.1722094	0.14672689	0.12692344	0.15278333	429.4	0.1541878	0.072
AC090630.1	0.16824843	0.18854038	0.15675882	0.118625924	0.16012697	429.6	0.15846011	0.0722
LINC01748	0.15485018	0.17058812	0.14462055	0.14201908	0.14416595	429.8	0.15124878	0.0724
AC007368.1	0.15916444	0.17309453	0.13881153	0.13322303	0.16054785	430.2	0.15296827	0.0726
TMEM176A	0.1405862	0.15953793	0.1437346	0.172847	0.14365774	433.0	0.1520727	0.0728
PAPPA2	0.15021083	0.17092426	0.16107507	0.1258599	0.16538735	433.4	0.15469149	0.073
FAM135B	0.14462294	0.1607595	0.13916823	0.16946003	0.14316502	434.0	0.15143514	0.0733
PELI2	0.14155385	0.15210208	0.15322457	0.16036384	0.1483952	434.0	0.1511279	0.0733
SPI1	0.1655226	0.15763988	0.1419887	0.16337368	0.13188218	435.2	0.15208142	0.0736
GATA3	0.15593837	0.15352818	0.14868507	0.15304424	0.13976762	435.8	0.1501927	0.0738
SNAP25-AS1	0.16256584	0.15689605	0.13981529	0.15301476	0.13931932	437.8	0.15032224	0.074
AR	0.14172074	0.1571929	0.13901338	0.15815619	0.15573621	439.2	0.15036389	0.0742
ERBB4	0.13699557	0.13854785	0.17092456	0.15588267	0.17535794	441.4	0.15554172	0.0744
PFDN5	0.16101168	0.16112028	0.117010765	0.20947738	0.15298781	442.0	0.1603216	0.0746
VCAM1	0.16026889	0.14977016	0.14061828	0.15906136	0.14126605	443.2	0.15019694	0.0748
MARCKSL1	0.15139998	0.15010034	0.13293587	0.16865703	0.15069933	443.6	0.15075852	0.075
TTLL7	0.1648927	0.16884612	0.15976138	0.11738392	0.17503633	444.4	0.15718408	0.0752
TSPAN18	0.16037627	0.13408677	0.15655337	0.16075061	0.14721605	445.8	0.15179662	0.0754
SYN2	0.16963437	0.19452587	0.16708665	0.11496734	0.15250732	449.6	0.1597443	0.0756
ALDH6A1	0.14278638	0.14477038	0.14957654	0.16227303	0.15224478	449.8	0.15033023	0.0758
LINC02615	0.14284492	0.16601919	0.12665637	0.16798566	0.15646426	451.8	0.15199408	0.076
POLR2L	0.14313026	0.15079214	0.13557607	0.18343076	0.1461706	452.8	0.15181997	0.0762
TCL6	0.14831938	0.16231443	0.1371353	0.15646286	0.1422088	456.0	0.14928815	0.0764
MIOX	0.14942972	0.15548748	0.13748237	0.14660242	0.15455982	456.2	0.14871237	0.0766
BACH2	0.14638747	0.15459673	0.14290611	0.1692459	0.13702913	457.2	0.15003307	0.0768
DCLK1	0.16299881	0.16504453	0.12583745	0.14834967	0.14995377	458.4	0.15043685	0.0771
RPS26	0.149917	0.1442015	0.12526926	0.21906334	0.15730567	458.4	0.15915135	0.0771
AL590004.3	0.17665373	0.15498202	0.17034467	0.113266274	0.18572392	461.8	0.16019413	0.0774
CCND2	0.16113062	0.15192229	0.17625557	0.11973153	0.16835146	462.0	0.1554783	0.0776
COX8A	0.15117456	0.15043166	0.13625471	0.14843334	0.15653782	463.4	0.14856642	0.0778
SPCS2	0.14054945	0.15063755	0.15179881	0.16067217	0.14386725	463.6	0.14950505	0.078
DLGAP1	0.1406118	0.13799772	0.1584715	0.15186304	0.16876051	465.6	0.15154092	0.0782
NDUFB9	0.16608919	0.15927267	0.12832487	0.14957313	0.14497204	466.0	0.14964637	0.0784
RNF212B	0.15266798	0.14217347	0.13524435	0.17489937	0.14567688	466.2	0.15013242	0.0786
LINC01446	0.14377776	0.1697585	0.15750897	0.12515108	0.16853419	466.4	0.15294608	0.0788
MYO1B	0.14364621	0.15659057	0.15812755	0.13533317	0.15620613	467.4	0.14998072	0.079
RPL39	0.15117359	0.13818026	0.13586113	0.20445554	0.1434876	471.2	0.15463161	0.0792
MB21D2	0.16191877	0.1711593	0.1580996	0.12782305	0.1379604	471.8	0.15139222	0.0794
MT-CO2	0.14883573	0.13960902	0.1348862	0.17337218	0.15286602	474.6	0.14991383	0.0796
KLRD1	0.14629371	0.1780965	0.12548123	0.16292007	0.14344206	475.2	0.15124671	0.0798
KHK	0.15773815	0.14508954	0.16130605	0.1267518	0.16742024	475.4	0.15166116	0.08
TMEM51	0.16747601	0.17436405	0.14626949	0.12613417	0.14210162	477.6	0.15126905	0.0802
SOD2	0.1463299	0.17892335	0.15088367	0.13733357	0.1374132	479.0	0.15017673	0.0804
NRG1	0.1431285	0.1542897	0.14136922	0.14667124	0.1511287	480.2	0.14731747	0.0806
RALYL	0.1465173	0.17229475	0.13488375	0.14497936	0.14321142	484.4	0.14837733	0.0808
UBTD1	0.13533589	0.18111004	0.15088359	0.13662422	0.15206766	484.8	0.15120427	0.081
GSTA2	0.14130804	0.14375292	0.13959324	0.16609347	0.151188	486.8	0.14838713	0.0812
SNHG14	0.15048498	0.16017756	0.1362161	0.13496597	0.1597588	487.8	0.14832069	0.0814
PPFIA2	0.12681992	0.16983768	0.15638962	0.15547876	0.15005396	488.8	0.151716	0.0816
NTN4	0.17656523	0.15443432	0.12601964	0.14366703	0.14637621	489.8	0.14941248	0.0818
PTCSC3	0.14261517	0.149701	0.15134583	0.14355287	0.1505281	490.6	0.14754859	0.0821
BCAM	0.14818642	0.15634784	0.14915904	0.13447519	0.14933337	490.6	0.14750037	0.0821
APOLD1	0.13971335	0.15702368	0.14683694	0.13822173	0.15786609	491.2	0.14793237	0.0824
MYL6	0.15046011	0.13578457	0.13803487	0.19337103	0.14261636	491.4	0.1520534	0.0826
AC004870.3	0.13597184	0.1672779	0.15166828	0.13524397	0.15775914	493.6	0.14958422	0.0829
FYB2	0.15076861	0.15758465	0.13519692	0.14437562	0.1446847	493.6	0.14652209	0.0829
BBOX1	0.17036046	0.15710905	0.14145999	0.13258837	0.14115138	494.0	0.14853385	0.0833
ZBTB16	0.15950778	0.16296865	0.1592684	0.11888501	0.15218244	494.0	0.15056245	0.0833
FAM107B	0.1470278	0.14148897	0.1432789	0.1487586	0.15384373	494.8	0.1468796	0.0836
CUBN	0.1273154	0.16018996	0.20148894	0.13025041	0.19361807	495.0	0.16257255	0.0838
RPL5	0.14919165	0.15027486	0.1272318	0.17759463	0.14344761	495.4	0.1495481	0.084
S100A2	0.1428383	0.16708994	0.15963706	0.12550841	0.15413895	496.2	0.14984253	0.0842
NDUFB10	0.13996786	0.14836362	0.1372145	0.15694547	0.15221617	500.2	0.14694151	0.0845
MSC-AS1	0.14839332	0.14810726	0.14046472	0.14116427	0.15457529	500.2	0.14654097	0.0845
AP002518.2	0.15186533	0.16193426	0.12934801	0.16136616	0.13422309	502.4	0.14774737	0.0848
AL110292.1	0.16173755	0.15282153	0.14120498	0.13722259	0.14066839	502.8	0.146731	0.0851
ARHGEF3	0.13286732	0.13441423	0.16867809	0.16201726	0.16117714	502.8	0.15183082	0.0851
SHROOM2	0.13587451	0.16141337	0.13179676	0.15743689	0.15125722	503.6	0.14755575	0.0854
LINC01606	0.15061022	0.1653695	0.13203147	0.14878388	0.13713147	505.6	0.1467853	0.0856
OSBPL3	0.15214466	0.16281328	0.12604703	0.14343551	0.1504976	507.4	0.14698762	0.0858
NRXN3	0.14608374	0.15553729	0.13096628	0.15787393	0.1410849	508.2	0.14630923	0.086
DAPP1	0.14248075	0.14466625	0.14324522	0.15888314	0.14302653	508.4	0.14646038	0.0862
SAMD12-AS1	0.15087664	0.15159878	0.12893575	0.15356359	0.14537174	509.0	0.1460693	0.0864
BICC1	0.12717773	0.14441933	0.14816478	0.16279386	0.17887415	510.0	0.15228596	0.0867
MT-ND1	0.15073472	0.12960026	0.13955234	0.1634315	0.15855151	510.0	0.14837407	0.0867
TPRG1	0.13633582	0.14649357	0.13718866	0.15722488	0.15988275	513.0	0.14742514	0.087
EIF2AK3	0.1385209	0.15591712	0.13888165	0.14379339	0.15210523	513.8	0.14584365	0.0872
AC097518.2	0.13331279	0.16059977	0.13479748	0.18139318	0.13973199	515.2	0.14996704	0.0874
ITGB6	0.14062352	0.15379594	0.13356642	0.17467147	0.1363227	516.4	0.147796	0.0876
SOD3	0.14987154	0.15746012	0.13826227	0.14275412	0.13842547	518.2	0.14535472	0.0878
CTSD	0.14121364	0.15809898	0.16169204	0.12364363	0.16017748	519.8	0.14896515	0.088
PRDM16-DT	0.16199617	0.14691989	0.13638902	0.1431357	0.13999459	520.6	0.14568707	0.0882
AC093916.1	0.14672871	0.15276352	0.14855051	0.12848718	0.1557966	520.8	0.1464653	0.0884
SLC16A9	0.1316405	0.17679094	0.15615946	0.1424358	0.13999464	522.4	0.14940426	0.0886
AC110296.1	0.15418966	0.14294769	0.14808472	0.18505724	0.122615375	525.8	0.15057895	0.0888
AC005062.1	0.15070656	0.13208744	0.15020895	0.17581679	0.13468021	526.0	0.14869998	0.089
EPSTI1	0.15036708	0.1553145	0.13368586	0.15589942	0.13155526	531.8	0.14536443	0.0892
AC083862.3	0.1438612	0.14999543	0.14188589	0.14438066	0.14229128	532.6	0.1444829	0.0894
IFI27L2	0.154214	0.14352073	0.1562382	0.13180369	0.14434989	533.0	0.1460253	0.0896
PVT1	0.14997266	0.15407649	0.13870265	0.1334132	0.14716528	534.2	0.14466605	0.0898
SEPTIN6	0.157987	0.16501695	0.13233142	0.14800738	0.12795255	535.2	0.14625907	0.09
ARID5B	0.13569084	0.13929363	0.14099534	0.16874461	0.1476495	536.4	0.1464748	0.0903
LINC01090	0.14634527	0.14940397	0.12772568	0.1610157	0.14288346	536.4	0.14547482	0.0903
EXPH5	0.13907157	0.14783406	0.13378598	0.15834685	0.1450044	539.4	0.14480856	0.0906
PSG8	0.15587167	0.17742597	0.13292292	0.15365234	0.12177342	539.6	0.14832927	0.0908
TEX49	0.14271054	0.14090829	0.1435495	0.14595947	0.14720649	541.4	0.14406684	0.091
RHOBTB1	0.15119387	0.17563175	0.1309627	0.1489831	0.12728173	542.4	0.14681062	0.0912
AC017002.5	0.13578658	0.15656109	0.15746097	0.16549626	0.12550573	543.0	0.14816214	0.0914
LEPR	0.14056166	0.143438	0.12776382	0.15794958	0.15916541	544.4	0.1457757	0.0916
HOGA1	0.13832022	0.1786171	0.12975316	0.14135571	0.14476159	545.4	0.14656155	0.0918
CYP1B1-AS1	0.13795084	0.15385681	0.13981918	0.13883306	0.15115388	546.6	0.14432275	0.092
CPEB4	0.1385994	0.15705432	0.1658153	0.11632269	0.18590994	547.2	0.15274033	0.0922
AL591506.1	0.13755009	0.1446635	0.15308265	0.1470816	0.14265272	547.4	0.1450061	0.0924
SEC61G	0.15042637	0.14022996	0.13429253	0.15496281	0.14062847	549.4	0.14410803	0.0926
RPS15	0.15340476	0.14560145	0.12053513	0.20457101	0.137145	550.0	0.15225147	0.0928
GPR176	0.15185885	0.1466144	0.14513342	0.13455497	0.14148882	553.0	0.1439301	0.0931
SH3RF3	0.16324195	0.13541259	0.16568765	0.11702348	0.17631872	553.0	0.15153688	0.0931
FRMD4A	0.14647713	0.13625424	0.1613094	0.14154786	0.14093217	554.0	0.14530416	0.0934
CA3	0.14570533	0.14527218	0.11984942	0.1732143	0.15317495	555.0	0.14744323	0.0936
BSG	0.14745823	0.15750591	0.14205268	0.13836986	0.13377759	555.4	0.14383285	0.0938
S100A11	0.15925418	0.15208122	0.1421627	0.13446318	0.13329227	556.0	0.1442507	0.094
PAH	0.14506675	0.1590874	0.12607634	0.14938939	0.14067999	558.0	0.14405997	0.0942
DNER	0.13833298	0.16585149	0.1334528	0.15063217	0.13447258	559.2	0.14454842	0.0945
AC012078.2	0.15980797	0.16394383	0.14675026	0.11640597	0.14536618	559.2	0.14645484	0.0945
XPNPEP2	0.15410845	0.14822884	0.13284251	0.13702896	0.1442208	561.0	0.14328592	0.0948
MT-CO3	0.13521247	0.1357195	0.13439323	0.16743623	0.16042536	561.2	0.14663735	0.095
TBL1Y	0.15018958	0.162284	0.14348821	0.119057536	0.15112077	561.8	0.14522803	0.0952
ADGRF5	0.14416641	0.14567474	0.15776256	0.12653205	0.15088378	562.2	0.14500391	0.0954
PDE4B	0.1423253	0.16146502	0.13642476	0.14566869	0.13214321	563.0	0.1436054	0.0957
CASR	0.14053261	0.14567442	0.13596639	0.14756997	0.14546527	563.0	0.14304173	0.0957
NRP1	0.15807357	0.15441425	0.1535863	0.11893897	0.14299572	564.6	0.14560176	0.0961
LINC00513	0.13620453	0.15999064	0.1256276	0.18259181	0.13469589	564.6	0.1478221	0.0961
SLC5A12	0.16036794	0.15231201	0.14287157	0.118722096	0.15088554	565.6	0.14503182	0.0964
PDE3A	0.14155772	0.14451848	0.12346348	0.17960605	0.14396213	567.8	0.14662157	0.0967
ADGRV1	0.16422689	0.15393505	0.12436271	0.14728932	0.13333607	567.8	0.14463	0.0967
MYH9	0.14453343	0.15986905	0.117055155	0.15595536	0.15104558	568.6	0.14569171	0.0971
TMEM174	0.134214	0.15075403	0.13097109	0.14520937	0.16172439	568.6	0.14457457	0.0971
CTXND1	0.1510849	0.15261947	0.12725033	0.15916675	0.1301465	570.0	0.1440536	0.0974
PCK1	0.13825561	0.13475746	0.14355166	0.14670874	0.15512449	570.2	0.14367959	0.0976
LRRC4C	0.15659595	0.15407121	0.13724348	0.13727069	0.13115185	571.2	0.14326665	0.0978
AP000542.2	0.14574303	0.15500443	0.12077994	0.17698744	0.13499834	572.4	0.14670262	0.098
FMO4	0.15950248	0.16682062	0.13767521	0.12265134	0.13741386	573.2	0.1448127	0.0982
PIGR	0.15373382	0.1627306	0.12471296	0.15939322	0.12580706	574.6	0.14527552	0.0984
ATP5F1B	0.1502515	0.15013817	0.124979354	0.13952242	0.15254226	574.8	0.14348674	0.0986
CXCR4	0.13641468	0.14199798	0.13081889	0.16820945	0.1445911	576.8	0.14440641	0.0988
AL008633.1	0.1436502	0.13590026	0.12894733	0.16365601	0.14620663	579.6	0.14367208	0.099
SMIM32	0.14136614	0.15061085	0.14415738	0.16450004	0.12323697	580.0	0.14477427	0.0992
JUND	0.1564163	0.1387111	0.137378	0.15748057	0.12716381	581.6	0.14342996	0.0994
SGO1-AS1	0.16144064	0.14298664	0.118885174	0.17703871	0.13549878	581.8	0.14716998	0.0996
ID2	0.15569805	0.17437635	0.14422348	0.123918116	0.1290547	582.4	0.14545414	0.0998
AC016745.1	0.13717817	0.13758025	0.14172716	0.15185794	0.1452149	584.2	0.14271168	0.1
LINC01182	0.15832168	0.15419239	0.14093918	0.117926136	0.14950314	584.6	0.14417651	0.1002
KLHL3	0.12839845	0.14650136	0.13992794	0.14866115	0.1598211	585.2	0.144662	0.1004
LINC01515	0.15956087	0.17334865	0.16397056	0.105720885	0.15343042	585.4	0.15120628	0.1006
RHOBTB3	0.15485604	0.15308386	0.14348482	0.12611467	0.13580243	586.8	0.14266837	0.1008
KAZN	0.13546525	0.16709478	0.1274613	0.16719621	0.1304006	587.2	0.14552364	0.101
CCDC167	0.14226745	0.15856326	0.12739977	0.16821516	0.12711394	587.6	0.14471193	0.1012
KLF10	0.15305932	0.18118222	0.14861888	0.10900934	0.15497111	588.0	0.14936818	0.1014
NPR3	0.13375917	0.14851446	0.14961663	0.14255944	0.14007081	591.2	0.1429041	0.1016
NCEH1	0.14374961	0.15475754	0.12924522	0.1443829	0.13637783	591.6	0.14170262	0.1019
CEP70	0.13679105	0.1594755	0.12334998	0.14967534	0.14706083	591.6	0.14327052	0.1019
LATS2	0.16834742	0.14339858	0.11727605	0.18595812	0.13159056	592.8	0.14931414	0.1022
ALCAM	0.13632903	0.14846867	0.15233414	0.13177711	0.14511757	595.0	0.14280531	0.1024
PGRMC1	0.15801889	0.14410691	0.12083126	0.16225696	0.13517301	597.4	0.1440774	0.1027
AC012459.1	0.15058926	0.14805704	0.1295439	0.14066014	0.1382778	597.4	0.14142564	0.1027
CCND3	0.15586726	0.16868185	0.11848889	0.14707063	0.13251682	601.6	0.14452508	0.103
LEAP2	0.15376884	0.14202419	0.12227241	0.17818879	0.13022551	602.8	0.14529595	0.1032
CEMIP2	0.15063637	0.13205764	0.1326869	0.15233725	0.1411254	605.4	0.14176871	0.1034
NTRK3	0.14393705	0.15055358	0.123245284	0.16707195	0.1319623	608.2	0.14335403	0.1036
CPEB2	0.122477576	0.1443886	0.14712319	0.14784338	0.1654881	609.4	0.14546415	0.1038
RNF181	0.1493286	0.14117591	0.11793112	0.17599672	0.14147715	611.0	0.14518191	0.104
MTRNR2L8	0.1261777	0.14000537	0.17050646	0.14465776	0.14432245	611.8	0.14513396	0.1042
PAX8-AS1	0.12965705	0.15007475	0.13583471	0.14626218	0.14710985	612.6	0.14178771	0.1044
MT-ND2	0.1509789	0.1341945	0.13832028	0.14507012	0.13496055	615.1	0.14070487	0.1046
RPS28	0.13740104	0.13640231	0.1241817	0.18293905	0.14478974	617.2	0.14514276	0.1048
HS6ST2	0.1431465	0.14948559	0.12906069	0.14215481	0.13818517	617.6	0.14040656	0.105
SLC25A4	0.14571775	0.14163704	0.13034953	0.14971897	0.13529192	618.6	0.14054306	0.1052
AC020656.1	0.15803777	0.15490472	0.13583131	0.13543719	0.124744855	619.0	0.14179116	0.1054
CAVIN2	0.13885379	0.13977753	0.15253203	0.13936523	0.13527831	620.6	0.1411614	0.1056
AC006504.5	0.14554876	0.13725889	0.12962341	0.14489241	0.14408708	622.0	0.14028211	0.1058
MTHFD1L	0.14308883	0.13837913	0.13712102	0.1352896	0.14806855	622.2	0.14038943	0.106
PTPN22	0.15065902	0.12846886	0.1256068	0.16478011	0.14467868	623.2	0.14283869	0.1063
AC007262.2	0.15605539	0.15395918	0.12143316	0.14394844	0.13282038	623.2	0.14164332	0.1063
FAR2	0.13458732	0.14669801	0.13620442	0.1388402	0.14717406	623.4	0.1407008	0.1066
LIN7A	0.15329818	0.13276356	0.16619313	0.115821876	0.16265315	624.4	0.14614598	0.1068
RBMS3-AS2	0.13040338	0.166084	0.13592896	0.13981283	0.1375362	625.4	0.14195307	0.1071
SUB1	0.14493385	0.13744923	0.1267185	0.1497539	0.14375332	625.4	0.14052176	0.1071
AC109466.1	0.13454132	0.17385672	0.13973	0.12191808	0.14702448	628.0	0.14341411	0.1074
DUSP2	0.14691338	0.1338386	0.12733881	0.17762919	0.13187404	629.2	0.14351879	0.1076
KSR2	0.15254237	0.17716913	0.14857519	0.109865524	0.14176343	629.6	0.14598313	0.1079
BTBD11	0.14372222	0.14209512	0.12644663	0.14996415	0.1384387	629.6	0.14013335	0.1079
LAPTM4A	0.14045416	0.1507911	0.13040406	0.1441783	0.13400432	630.2	0.1399664	0.1082
AL358232.2	0.15184131	0.15311639	0.15686424	0.10867794	0.1596051	630.4	0.14602098	0.1084
JUN	0.13697955	0.14203754	0.12865824	0.14994119	0.14396916	631.4	0.14031714	0.1086
HPSE2	0.12769982	0.1511616	0.1610745	0.12315735	0.16207257	632.4	0.14503317	0.1088
ATP5MG	0.14310141	0.13783291	0.11504684	0.18589944	0.15047559	634.0	0.14647123	0.109
MT-ND6	0.13694553	0.13971439	0.13050087	0.14557599	0.14557773	634.2	0.13966289	0.1092
ZNRF3	0.14374824	0.1637176	0.1742634	0.104396574	0.16438076	636.0	0.15010133	0.1094
ADCY8	0.13955219	0.15893005	0.12520172	0.13234143	0.14659563	637.8	0.1405242	0.1096
XBP1	0.13687581	0.1594393	0.12311956	0.14814796	0.13731764	638.0	0.14098005	0.1098
EDN1	0.14492594	0.14841191	0.13449155	0.14336318	0.12796704	638.2	0.13983193	0.11
CYC1	0.13405201	0.14744723	0.12958157	0.15346934	0.13754763	638.4	0.14041956	0.1102
AC008014.1	0.13883363	0.1438294	0.13829401	0.12970586	0.14810677	638.6	0.13975394	0.1104
AIF1	0.14289813	0.153294	0.13906229	0.13900328	0.12614045	639.0	0.14007962	0.1107
KLF2	0.13136652	0.14266369	0.1291817	0.150684	0.15061769	639.0	0.14090271	0.1107
AC097515.1	0.14144363	0.14361885	0.1392414	0.13502818	0.13741554	640.2	0.13934952	0.111
GPX3	0.1309039	0.13441676	0.12577721	0.15969606	0.16762656	641.2	0.1436841	0.1112
LDHD	0.13837908	0.14670132	0.125044	0.14513847	0.14377321	642.6	0.13980722	0.1114
LINC00907	0.14680398	0.13762556	0.13277611	0.1344991	0.14483558	643.4	0.13930807	0.1117
LINC01605	0.13041534	0.15662073	0.15310188	0.122620106	0.14886248	643.4	0.1423241	0.1117
SPOCK2	0.14906193	0.14423358	0.12957893	0.13836516	0.13509572	644.6	0.13926706	0.112
DOK6	0.14786445	0.14933603	0.12499587	0.13935125	0.1370757	645.2	0.13972466	0.1122
LINC02027	0.14952959	0.15406014	0.1228595	0.14421675	0.13023071	646.6	0.14017934	0.1124
LINC02006	0.14115243	0.15668572	0.12444422	0.13854669	0.13746399	648.8	0.1396586	0.1126
LINC01374	0.13448395	0.15100747	0.12489657	0.15502395	0.13714789	649.6	0.14051196	0.1128
GAPDH	0.14353442	0.13707536	0.116547115	0.1889805	0.14061897	653.4	0.14535128	0.113
SUFU	0.1321294	0.13587794	0.12213193	0.17386183	0.15350148	654.6	0.14350052	0.1132
YBX1	0.15415199	0.13734014	0.13549839	0.117768794	0.16414829	655.2	0.14178151	0.1134
BAIAP2L1	0.12527618	0.14375946	0.14547426	0.15081188	0.13927422	655.8	0.14091921	0.1136
ELF3	0.14118367	0.17404808	0.12205666	0.14383373	0.12799229	657.4	0.14182289	0.1138
DNAJB4	0.15235434	0.13858968	0.113981724	0.17049041	0.14062354	657.8	0.14320795	0.114
DUSP10	0.13328932	0.16743827	0.12354482	0.14939852	0.13259423	659.4	0.14125302	0.1142
SLC26A4	0.14594431	0.12778506	0.12993897	0.16395167	0.13551241	659.8	0.14062649	0.1144
CLIC5	0.15234503	0.14284727	0.14193611	0.12295108	0.13609368	660.6	0.13923463	0.1146
ZNRD2	0.15162684	0.1467189	0.13267742	0.15475532	0.117038004	667.6	0.1405633	0.1148
NRG3	0.13075212	0.13126856	0.13507707	0.1595418	0.14486042	668.6	0.14029999	0.115
LINC00887	0.14817825	0.14936839	0.11929777	0.128807	0.15704401	668.8	0.14053908	0.1152
LINC01111	0.14178155	0.13636936	0.12775151	0.1521977	0.13496679	669.4	0.13861339	0.1154
CCDC152	0.13673563	0.15617476	0.12625703	0.14044249	0.13424958	669.8	0.13877189	0.1156
COL4A5	0.13533372	0.16328791	0.12486037	0.15597522	0.12520179	670.8	0.1409318	0.1158
SLC47A1	0.15766217	0.16003528	0.12770142	0.13095215	0.12397233	671.2	0.14006467	0.116
AC009950.1	0.15194549	0.15620345	0.11074984	0.1577539	0.13493182	672.2	0.1423169	0.1162
AC011246.1	0.13646057	0.14454196	0.14988637	0.118439354	0.1509414	672.8	0.14005394	0.1164
CYTOR	0.13596465	0.13903418	0.13085285	0.13871603	0.14552587	673.2	0.13801871	0.1166
PDGFC	0.13155736	0.14233163	0.14018257	0.17244425	0.12301563	673.8	0.14190629	0.1168
EGR1	0.13802701	0.13819309	0.14368802	0.12840188	0.1433444	674.0	0.13833088	0.117
PLPP1	0.15315403	0.13059089	0.13000497	0.15040962	0.12999235	675.6	0.13883038	0.1172
TLE4	0.13080697	0.14378197	0.12786011	0.13978936	0.15376857	676.4	0.1392014	0.1174
B4GALT5	0.1418928	0.13904373	0.13171346	0.12939899	0.145699	680.0	0.1375496	0.1176
BBOX1-AS1	0.15913373	0.15075926	0.16005683	0.10368439	0.15066844	681.0	0.14486054	0.1178
AC079804.3	0.1500395	0.15348528	0.13837343	0.11289147	0.14444083	681.6	0.13984612	0.118
HSPA5	0.17573752	0.17614672	0.13533905	0.107014075	0.13552235	682.4	0.14595196	0.1182
FOS	0.14013463	0.14775318	0.13238236	0.13284121	0.13469495	683.4	0.13756126	0.1184
MUC4	0.12969287	0.1407875	0.13386616	0.14715602	0.13985446	684.8	0.1382714	0.1186
NR4A1	0.13971233	0.11711169	0.16305685	0.15333775	0.14148621	685.0	0.14294097	0.1188
AC092535.4	0.13540256	0.12269982	0.14223246	0.15686394	0.14276832	688.8	0.13999341	0.119
NPSR1-AS1	0.14448597	0.13488825	0.12774532	0.14195175	0.13721816	689.4	0.13725789	0.1192
LEKR1	0.14008814	0.15047407	0.12894978	0.13982762	0.12850633	689.8	0.13756919	0.1194
RPS10	0.13917473	0.13682364	0.12163248	0.1892879	0.12888467	691.8	0.14316067	0.1196
AC113414.1	0.14254923	0.16990422	0.15896308	0.10252436	0.15583001	693.4	0.14595418	0.1198
AC009318.1	0.14742619	0.14382198	0.12124916	0.15055671	0.1291591	694.0	0.13844264	0.12
SLC16A10	0.15028398	0.14605634	0.1475285	0.110860206	0.14568673	694.4	0.14008316	0.1202
AC093151.8	0.1403501	0.14569163	0.14698017	0.11460882	0.1494884	694.6	0.13942382	0.1204
GALNT14	0.14059779	0.1288953	0.1369822	0.13762136	0.14367945	696.2	0.13755521	0.1206
SASH1	0.13255912	0.15143605	0.1323375	0.13074003	0.14165491	696.6	0.13774553	0.1208
C1QBP	0.14798479	0.14239693	0.12043742	0.16219506	0.12502341	699.2	0.13960752	0.121
AC124861.1	0.14162835	0.14249414	0.13869707	0.12996358	0.13155286	699.8	0.1368672	0.1212
CSGALNACT1	0.14143036	0.1614596	0.14223734	0.11163406	0.14213336	700.4	0.13977894	0.1214
ARHGEF38	0.1351073	0.13483594	0.1340511	0.14428379	0.13713355	701.8	0.13708232	0.1216
PRSS22	0.14904109	0.14210907	0.13676143	0.12927225	0.12792946	703.4	0.13702266	0.1218
ISG15	0.14059263	0.13801424	0.14935297	0.16221309	0.11428342	703.6	0.14089128	0.122
SOSTDC1	0.13279146	0.14909053	0.12927656	0.13933128	0.13579795	704.2	0.13725755	0.1222
MRC2	0.14413576	0.14831871	0.13440529	0.11604964	0.1460448	706.0	0.13779083	0.1224
SORCS1	0.14373153	0.15467069	0.12564598	0.13266125	0.12894413	706.4	0.13713071	0.1226
VKORC1	0.13929525	0.14382577	0.12208429	0.1530705	0.13036838	706.8	0.13772884	0.1229
PGM2L1	0.15248471	0.13663706	0.13167271	0.1377811	0.12658212	706.8	0.13703153	0.1229
AC083837.1	0.15465686	0.1701065	0.12102426	0.14367622	0.11659002	707.0	0.14121076	0.1232
TMX4	0.14449231	0.15696341	0.1282003	0.12068622	0.13676088	707.2	0.13742062	0.1234
OTUD6B-AS1	0.14425991	0.12181098	0.13698786	0.15994994	0.13207793	707.8	0.13901733	0.1236
TUFT1	0.14613646	0.15233155	0.108357064	0.16092885	0.14061481	708.2	0.14167374	0.1238
MT-ND3	0.12951037	0.1389075	0.12366522	0.15080261	0.14763469	708.6	0.13810408	0.124
SGCD	0.15337953	0.17281188	0.17211656	0.095033556	0.1660909	708.8	0.1518865	0.1242
ANGPTL3	0.14489861	0.13774224	0.117547736	0.15587384	0.13520281	710.8	0.13825305	0.1244
CLDN10	0.1282784	0.15971209	0.12503196	0.1483017	0.13223816	711.6	0.13871247	0.1246
KRT8	0.13120854	0.15187271	0.12607099	0.13395643	0.14397623	712.4	0.13741697	0.1248
LRRK2	0.13961868	0.15167743	0.12869413	0.1416191	0.12359637	712.8	0.13704114	0.125
PPM1L	0.15160716	0.14221169	0.12563711	0.1603337	0.116595656	715.6	0.13927706	0.1252
CADM1	0.14872736	0.1427447	0.117842905	0.15677959	0.12696363	715.8	0.13861164	0.1254
PXK	0.14172691	0.14843813	0.13525255	0.13847654	0.12123681	717.0	0.13702619	0.1256
IL2RG	0.14081337	0.15194738	0.12901652	0.13708849	0.12477746	717.6	0.13672863	0.1258
RUNDC3B	0.14780314	0.12529162	0.12409671	0.16272403	0.13460581	719.0	0.13890426	0.1261
UGT3A1	0.14935148	0.1583814	0.12521844	0.119644195	0.13515924	719.0	0.13755095	0.1261
RBMS3	0.12497124	0.1332425	0.14071283	0.13513586	0.1628292	720.2	0.13937834	0.1264
PDK4	0.16151787	0.14851718	0.121142946	0.12673019	0.13177435	721.0	0.1379365	0.1266
HSPH1	0.13986558	0.13503282	0.11951522	0.1542457	0.13789468	721.6	0.1373108	0.1268
NDUFA11	0.13053885	0.1377238	0.12407599	0.15127273	0.14370136	722.2	0.13746254	0.127
MT1G	0.13646564	0.12924485	0.123772636	0.14060287	0.16086847	723.8	0.1381909	0.1272
ADGRG1	0.13360809	0.15792854	0.14212908	0.121057734	0.13245668	724.6	0.13743602	0.1274
ABCA1	0.13445374	0.14596973	0.12607239	0.15842597	0.124205135	725.8	0.1378254	0.1276
LINC02336	0.13578005	0.13951404	0.15217361	0.12461615	0.13321534	726.2	0.13705984	0.1278
UNC13C	0.15666968	0.14726749	0.13326459	0.13136025	0.118543975	727.0	0.13742119	0.1281
PCLAF	0.14208308	0.126713	0.1352908	0.13536206	0.14271964	727.0	0.13643372	0.1281
CFL1	0.12470389	0.12887537	0.13078031	0.16141252	0.15069258	728.6	0.13929293	0.1284
H2AFJ	0.13557653	0.1521918	0.115783215	0.1570038	0.13229513	729.0	0.1385701	0.1286
CMYA5	0.13897096	0.15477662	0.16819835	0.09969267	0.18050031	729.4	0.14842778	0.1288
SSR4	0.12737255	0.13254881	0.13341144	0.15218556	0.14096887	729.6	0.13729745	0.129
HAVCR1	0.13499057	0.13811956	0.13185373	0.13657966	0.13707422	730.0	0.13572356	0.1292
PPARD	0.13542196	0.15523049	0.13711892	0.1172884	0.1401141	730.6	0.13703477	0.1295
CHL1	0.13964473	0.12299121	0.13526928	0.13757779	0.15023676	730.6	0.13714394	0.1295
TAFA1	0.14001144	0.13761131	0.13388969	0.14081524	0.12586355	733.2	0.13563825	0.1299
JADE1	0.14997053	0.14561997	0.11201004	0.16529359	0.12777406	733.2	0.14013365	0.1299
CDS1	0.1463362	0.1431177	0.14382084	0.12300778	0.124995604	736.4	0.13625562	0.1302
LINC02742	0.15184368	0.13200945	0.12461392	0.13396758	0.13708067	739.4	0.13590305	0.1304
POF1B	0.13216685	0.1492666	0.14176534	0.11945095	0.14109156	739.8	0.13674827	0.1306
GPR183	0.13624533	0.1407514	0.1308345	0.14981517	0.12285988	740.0	0.13610126	0.1308
CNKSR3	0.13919175	0.13100608	0.14113244	0.12911741	0.1369432	741.6	0.13547817	0.1312
SLIT2	0.1317499	0.1632419	0.124926	0.12230603	0.14520426	741.6	0.13748561	0.1312
SEMA5A	0.13158761	0.16079903	0.12664665	0.13436012	0.12981744	741.6	0.13664217	0.1312
LINC02068	0.13340364	0.12517482	0.13201368	0.14477351	0.14732872	742.6	0.1365389	0.1316
CIDEB	0.14704563	0.14641	0.11563873	0.14218868	0.13256578	743.4	0.13676977	0.1318
SRGN	0.15010192	0.14236684	0.1310382	0.120344155	0.1333643	744.0	0.13544309	0.132
RND3	0.13594645	0.15278567	0.11405276	0.15503934	0.13219598	744.2	0.13800403	0.1322
AC019197.1	0.13860178	0.12541686	0.1292502	0.15946808	0.13207708	744.6	0.1369628	0.1324
SSTR5-AS1	0.11414817	0.18374203	0.16587815	0.12652157	0.13764681	745.4	0.14558734	0.1326
CCR7	0.13751474	0.12723339	0.12414783	0.1591393	0.13631329	747.4	0.13686971	0.1328
HPD	0.13275266	0.14329669	0.12362596	0.14869161	0.13176784	748.0	0.13602695	0.133
DOCK10	0.12443743	0.16979465	0.14180106	0.13312498	0.12438778	753.4	0.13870917	0.1332
PCDH15	0.16096953	0.14973657	0.10530447	0.14436801	0.14380543	754.2	0.1408368	0.1334
PLP2	0.14916012	0.1551483	0.12854464	0.15263902	0.10936342	756.2	0.1389711	0.1336
ZDHHC12	0.13642661	0.14726199	0.12853023	0.13906012	0.12405985	759.0	0.13506776	0.1338
DDC	0.13037324	0.13489127	0.12522851	0.13944924	0.14670226	761.4	0.13532892	0.134
STAT4	0.15363665	0.15189412	0.121674486	0.12391188	0.12810712	761.8	0.13584486	0.1342
ITGAV	0.1555054	0.14608982	0.12666664	0.12290872	0.12620981	762.2	0.13547608	0.1344
H2AFX	0.14777692	0.13650249	0.119476914	0.16552323	0.120555796	764.2	0.13796708	0.1346
FAM20A	0.15287682	0.15194425	0.14962916	0.10284413	0.13982	766.2	0.13942286	0.1348
TRPM3	0.13510908	0.13410315	0.1285436	0.13872172	0.13514592	768.2	0.1343247	0.135
COX7B	0.13614519	0.13788433	0.12065319	0.13363945	0.14532855	772.0	0.13473015	0.1352
TGFA	0.12164426	0.15541057	0.14035812	0.11965633	0.14726982	772.2	0.13686784	0.1354
AC010226.1	0.13763292	0.15016338	0.13021383	0.124754295	0.12834302	773.4	0.13422148	0.1356
LPIN2	0.14806604	0.15018371	0.13167672	0.10891218	0.1439184	775.6	0.13655141	0.1358
GLIS3	0.13950278	0.1379674	0.116857484	0.13602425	0.14407325	775.8	0.13488503	0.136
RASGRF2	0.13369085	0.15798496	0.119473055	0.1552104	0.120056815	776.6	0.13728322	0.1363
HSPA1B	0.15011998	0.14087868	0.119604275	0.13178289	0.13100559	776.6	0.13467827	0.1363
CSRNP3	0.14800003	0.14173855	0.11888851	0.15062603	0.12069791	777.0	0.1359902	0.1366
LINC01788	0.14893183	0.13828842	0.12638496	0.13326852	0.123750366	779.4	0.13412483	0.1369
MANF	0.13356939	0.12845781	0.14011715	0.14620954	0.12630582	779.4	0.13493195	0.1369
AGT	0.13466196	0.1393153	0.13187696	0.1291165	0.13256603	781.4	0.13350736	0.1372
PDZD8	0.14602488	0.13199195	0.12540598	0.13111874	0.13427675	782.2	0.13376367	0.1374
AC018467.1	0.13548762	0.13562815	0.12145757	0.15166484	0.12958635	783.2	0.13476491	0.1376
OPHN1	0.13544767	0.14433855	0.13362335	0.11824457	0.13810079	784.8	0.133951	0.1378
AL451048.1	0.16215397	0.14197968	0.119986586	0.14449583	0.11567701	787.4	0.13685861	0.138
NR2F2-AS1	0.14266059	0.1369817	0.1287048	0.13298461	0.12550087	791.2	0.1333665	0.1382
AC107419.1	0.136716	0.121242106	0.15051867	0.1325532	0.13582696	791.4	0.13537139	0.1384
MS4A6A	0.14676091	0.13977201	0.12802725	0.1379087	0.11783222	792.6	0.13406023	0.1386
NHS	0.12889057	0.12921503	0.13166869	0.12998061	0.15342607	794.8	0.1346362	0.1388
LTB	0.13597383	0.13266537	0.12530963	0.17278215	0.11939215	795.0	0.13722463	0.139
SLCO4A1	0.14325903	0.15440848	0.115081795	0.15664524	0.11652977	796.2	0.13718486	0.1392
NFAT5	0.13587143	0.12706567	0.13929804	0.1351495	0.13055517	797.4	0.13358796	0.1394
SQSTM1	0.14833273	0.14505942	0.109253995	0.15088579	0.12944746	797.6	0.13659588	0.1397
LAMTOR2	0.13570583	0.12966256	0.11845445	0.1449909	0.14316791	797.6	0.13439634	0.1397
MPV17L2	0.13542546	0.14213628	0.11635374	0.14156169	0.13568862	798.0	0.13423315	0.14
RBP5	0.13663094	0.14936224	0.12059377	0.14093946	0.123639196	799.0	0.13423312	0.1402
DCHS2	0.13418959	0.1548572	0.13088468	0.13324587	0.11852563	802.0	0.1343406	0.1404
SAMSN1	0.13259666	0.13192733	0.13224503	0.13021252	0.13765323	804.2	0.13292696	0.1406
AC096564.1	0.13566019	0.14046533	0.11691057	0.14726728	0.13010919	805.2	0.13408251	0.1408
CDH1	0.14263357	0.14957999	0.12837969	0.1402292	0.11344695	806.0	0.13485388	0.141
LGALS1	0.13929072	0.13053101	0.13364232	0.13946679	0.122275636	809.4	0.13304129	0.1412
RHOH	0.12475578	0.16016237	0.14590238	0.11673114	0.13141413	811.4	0.13579315	0.1414
PCA3	0.14026812	0.12951624	0.12228343	0.13576272	0.13597524	812.2	0.13276115	0.1416
RBM20	0.13475841	0.14940771	0.12282522	0.13976341	0.121862024	814.4	0.13372335	0.1418
GABBR2	0.13137732	0.14585283	0.11626376	0.14308913	0.13403127	814.6	0.13412285	0.142
RPL38	0.1437712	0.1304894	0.11983499	0.1651055	0.12015893	815.0	0.13587199	0.1422
ADAMTS10	0.13496578	0.13919462	0.12061176	0.15646492	0.12141474	817.4	0.13453035	0.1424
CSF2RA	0.126833	0.13039006	0.13082899	0.143592	0.13405418	819.6	0.13313964	0.1426
AFF2	0.13764791	0.120898336	0.13729234	0.14963746	0.124954164	821.6	0.13408604	0.1428
SPC25	0.12747413	0.14131491	0.12177739	0.14182167	0.13403036	822.0	0.13328369	0.143
ETS1	0.12662385	0.12917447	0.14743106	0.12296205	0.14434704	823.4	0.13410771	0.1432
ABI3BP	0.13716817	0.12597121	0.11781564	0.14930236	0.13977382	824.4	0.13400623	0.1434
MT-CYB	0.13469797	0.12588562	0.11924687	0.16917281	0.13065791	825.8	0.13593224	0.1436
IGFBP5	0.13470754	0.13605206	0.13499223	0.12528211	0.12894766	826.2	0.13199632	0.1438
AL359915.1	0.12561291	0.124149226	0.14301921	0.14284848	0.13429885	827.4	0.13398574	0.144
ZBTB20-AS5	0.13780907	0.13589297	0.11170906	0.1466799	0.13774295	827.6	0.13396677	0.1442
MPC2	0.12809026	0.1446738	0.12189607	0.13999252	0.13041396	828.2	0.13301332	0.1445
SDC2	0.13170828	0.16978446	0.1417467	0.11647658	0.12035497	828.2	0.1360142	0.1445
PGGHG	0.13620184	0.13254175	0.12901017	0.114932485	0.15778956	829.2	0.13409516	0.1448
RGS6	0.14060396	0.15420628	0.15431304	0.10418533	0.12994412	831.2	0.13665053	0.145
MT-ND4	0.13814925	0.12745938	0.12135435	0.15234475	0.12692912	832.0	0.13324736	0.1452
MALT1	0.15541916	0.11403534	0.12917948	0.15009724	0.12899312	832.8	0.13554487	0.1454
MZB1	0.13848636	0.14318052	0.12223548	0.12638712	0.12868632	835.0	0.13179515	0.1456
AC098829.1	0.14402963	0.13950385	0.11567446	0.140762	0.124783315	835.4	0.13295065	0.1458
DCDC2	0.13135986	0.13775437	0.12000887	0.14821182	0.12738629	836.2	0.13294424	0.146
CRY1	0.14210081	0.15150715	0.13710673	0.11546875	0.12063229	838.6	0.13336314	0.1462
RPL37	0.14518228	0.12107345	0.115207076	0.16047335	0.13459826	839.8	0.13530688	0.1464
TMEM208	0.13282235	0.13812612	0.11640226	0.14201698	0.13343464	841.2	0.13256046	0.1467
RPS11	0.14002976	0.13673578	0.11170432	0.17367657	0.12212963	841.2	0.13685521	0.1467
ATP5MD	0.13203369	0.13796072	0.12828286	0.14303613	0.12054023	841.6	0.13237074	0.147
LINC00511	0.13172996	0.12987202	0.14524414	0.11593454	0.14352116	842.0	0.13326037	0.1473
FOXO3	0.12811378	0.14088397	0.13300832	0.11880067	0.14037046	842.0	0.13223544	0.1473
AC025280.3	0.1327515	0.1508578	0.12829852	0.14068149	0.11437971	845.4	0.1333938	0.1476
ADAMTSL4-AS1	0.14333192	0.15063043	0.1140294	0.12363781	0.13273974	845.8	0.13287386	0.1478
PLPP3	0.13230197	0.16116455	0.13743041	0.10872262	0.13335866	846.0	0.13459565	0.148
ASTN2	0.1480652	0.14394288	0.11554644	0.12567936	0.12935372	846.4	0.13251752	0.1482
GALNTL6	0.14147992	0.1467374	0.12447696	0.13709654	0.11477195	847.6	0.13291255	0.1484
CXCL2	0.13889715	0.13928838	0.12035267	0.14933932	0.116870016	850.6	0.13294952	0.1486
TOX3	0.15105703	0.14887062	0.1346833	0.1051417	0.13094418	851.6	0.13413937	0.1488
TCEAL8	0.12809512	0.13917466	0.1283778	0.14087929	0.12274312	852.4	0.131854	0.1491
OCIAD2	0.14574434	0.13599774	0.13275063	0.11819695	0.124753244	852.4	0.13148859	0.1491
PIK3CG	0.13181274	0.13588938	0.120225646	0.13475274	0.13561882	854.0	0.13165985	0.1494
IGHM	0.12090532	0.12579419	0.13725619	0.14455584	0.13737257	854.8	0.13317682	0.1496
TMEM52B	0.14113393	0.12004056	0.12374326	0.13699031	0.1393795	856.0	0.1322575	0.1498
LHCGR	0.14592843	0.13995276	0.11055935	0.15346177	0.12149427	856.1	0.13427933	0.15
INPP4B	0.14434543	0.14689286	0.14912003	0.09861022	0.1447791	856.6	0.13674954	0.1503
SEC11C	0.14311257	0.15800317	0.12546267	0.12812833	0.11293537	856.6	0.13352843	0.1503
HLA-DQB1	0.13629442	0.15063336	0.14854436	0.10261865	0.13779658	858.6	0.13517746	0.1506
AL033504.1	0.1462387	0.12917884	0.124213696	0.12756592	0.12798184	859.4	0.13103579	0.1508
PRADC1	0.12307026	0.1396886	0.11633227	0.15498355	0.1347496	859.8	0.13376485	0.151
LINC01344	0.12233921	0.13253948	0.12362701	0.1396696	0.14399743	860.8	0.13243455	0.1512
HMGN5	0.1337194	0.13269414	0.112394474	0.15600243	0.13293241	861.4	0.13354857	0.1514
HSPB1	0.13524748	0.123242766	0.12567693	0.15202259	0.1257586	862.6	0.13238968	0.1516
TRIM55	0.12011092	0.15495202	0.13297626	0.14164633	0.118461914	864.4	0.13362949	0.1518
HERPUD1	0.12569813	0.12842216	0.12534508	0.14049527	0.13781166	868.0	0.13155445	0.1521
DGKG	0.11906203	0.15072738	0.12580039	0.13710701	0.13114092	868.0	0.13276753	0.1521
LRRC41	0.13364646	0.1352864	0.12383438	0.14161164	0.12200185	868.8	0.13127615	0.1525
ANKRD2	0.13248187	0.15147275	0.12455517	0.12816413	0.121286295	868.8	0.13159204	0.1525
MIF	0.11470294	0.13307567	0.12164522	0.1656928	0.14784873	870.0	0.13659307	0.1528
BIN1	0.13898543	0.1600349	0.112033576	0.11826992	0.13725667	870.2	0.1333161	0.153
PRDM5	0.12562451	0.1496506	0.15627491	0.104482874	0.14540623	871.4	0.13628784	0.1532
RNF24	0.13798304	0.12618943	0.13799807	0.13631581	0.11915394	872.8	0.13152805	0.1534
RPS27	0.13694347	0.112682566	0.12704323	0.16182512	0.13564251	873.2	0.13482739	0.1536
SPRY4-AS1	0.12920067	0.14771229	0.1373408	0.1056238	0.15025136	874.2	0.13402578	0.1538
MT-ND4L	0.13819683	0.1326898	0.115189515	0.13565178	0.1346836	874.8	0.1312823	0.154
PPM1H	0.12935425	0.12904225	0.11865258	0.16579176	0.12592258	876.4	0.13375267	0.1542
ITM2B	0.13799994	0.1341945	0.115993604	0.14027062	0.12729758	876.7	0.13115126	0.1544
AC011751.1	0.12480508	0.14310382	0.11886745	0.14090806	0.13058278	878.6	0.13165346	0.1546
PTMS	0.12630694	0.13297603	0.117945105	0.13639562	0.14519311	879.2	0.13176335	0.1548
LINC02432	0.13145909	0.120556906	0.13146576	0.15020429	0.12630378	880.0	0.13199797	0.1551
RPGRIP1	0.14561966	0.13331085	0.12899518	0.1159532	0.12863018	880.0	0.1305018	0.1551
NHS-AS1	0.14020823	0.11925272	0.12508582	0.15734196	0.122300774	883.4	0.13283789	0.1554
AL357507.1	0.13214841	0.128492	0.15981673	0.109071806	0.14366466	883.6	0.13463871	0.1556
BLK	0.13057002	0.14830814	0.124328695	0.12415547	0.12611273	884.0	0.13069502	0.1558
HIST1H2AC	0.1555917	0.1459023	0.1082913	0.126549	0.13011041	885.6	0.13328893	0.156
ID4	0.14011411	0.14536819	0.118117094	0.1134967	0.14066488	885.8	0.13155219	0.1562
GALNT5	0.14466242	0.15044735	0.11609864	0.12742063	0.11966616	886.6	0.13165905	0.1564
PROM1	0.14148387	0.13176237	0.11984746	0.14306016	0.119512305	886.8	0.13113323	0.1566
TMCC3	0.13739617	0.14180964	0.12667009	0.11979266	0.12443179	887.0	0.13002007	0.1568
AC246817.2	0.12653148	0.13661446	0.1259403	0.14528482	0.121027805	887.2	0.13107976	0.157
SLC4A9	0.1352634	0.1199995	0.1323619	0.13598135	0.13094194	887.6	0.13090962	0.1572
AL137100.3	0.15453407	0.13775109	0.13821669	0.10728732	0.124722935	889.6	0.1325024	0.1574
AKR1B10	0.1259019	0.13728417	0.14422625	0.116574004	0.13246647	889.8	0.13129056	0.1576
ITGA2	0.12816349	0.1425061	0.11743889	0.13657877	0.12931798	893.6	0.13080105	0.1578
NR4A2	0.13083719	0.13318641	0.1381574	0.11312794	0.13815388	894.0	0.13069256	0.1581
CAPG	0.125931	0.14785883	0.11618212	0.14636445	0.12385039	894.0	0.13203737	0.1581
LAMTOR4	0.12507027	0.124848366	0.1190779	0.1493272	0.14305398	894.2	0.13227554	0.1584
FOXP2	0.12937747	0.14950761	0.14126168	0.108338736	0.13286126	895.0	0.13226935	0.1586
MAF	0.12985542	0.13924606	0.16068783	0.107710704	0.13203365	896.0	0.13390674	0.1589
NEDD4	0.13904847	0.12780283	0.12492015	0.13108526	0.12556548	896.0	0.12968443	0.1589
GLRX	0.120751284	0.13829482	0.13009284	0.11897617	0.14840348	896.8	0.13130371	0.1592
C5orf17	0.12837346	0.15135485	0.1218315	0.12330363	0.12779304	899.4	0.13053128	0.1594
EPHA4	0.1484764	0.12608896	0.14359826	0.10448864	0.1429717	901.0	0.1331248	0.1596
RPL22	0.12578106	0.13029842	0.12082926	0.1580055	0.12476207	903.0	0.13193527	0.1598
ABHD14A	0.13827403	0.12518194	0.1320147	0.1181192	0.13519809	903.2	0.1297576	0.16
LINC02061	0.12799197	0.14431117	0.1298407	0.12217202	0.12537594	904.0	0.12993836	0.1602
EAF2	0.14231384	0.13226116	0.13748842	0.10331674	0.14635174	906.0	0.13234638	0.1604
UGCG	0.12775493	0.13349661	0.15358283	0.12213301	0.121771276	906.4	0.13174774	0.1607
IFIT2	0.14894992	0.13733616	0.11748445	0.11652455	0.131644	906.4	0.13038781	0.1607
CALR	0.12455989	0.14716475	0.13065192	0.11912318	0.12967464	906.6	0.13023488	0.161
CD52	0.1354396	0.12909415	0.11527159	0.15449463	0.1234144	908.2	0.13154288	0.1612
DAB1	0.13808101	0.15654148	0.12811182	0.10820718	0.12625952	908.8	0.13144019	0.1614
LINC01905	0.14309914	0.15422538	0.11748928	0.1252123	0.11607602	909.0	0.13122043	0.1616
SNX10	0.14593463	0.13784438	0.10394139	0.14293759	0.13695346	909.4	0.1335223	0.1618
AL356737.2	0.13418135	0.1312328	0.11863368	0.12553476	0.13777432	911.2	0.12947138	0.162
RPL21	0.13102017	0.1196028	0.1226526	0.17833778	0.12277715	911.6	0.1348781	0.1622
LINC01006	0.1277653	0.14688104	0.12112706	0.1514428	0.11411817	913.0	0.13226686	0.1624
AC117383.1	0.13983089	0.13129342	0.109002985	0.16433503	0.12301348	914.8	0.13349517	0.1626
LINC01428	0.12515275	0.15522523	0.13711338	0.10144851	0.15403152	915.4	0.13459429	0.1628
AC012085.2	0.13103154	0.12482601	0.1270213	0.12970415	0.13409719	915.8	0.12933604	0.163
TRAF3IP3	0.14049573	0.1546926	0.10854694	0.13223612	0.12350708	916.4	0.13189569	0.1632
NIBAN1	0.12447338	0.15079899	0.12532495	0.12938501	0.12147702	918.0	0.13029186	0.1634
IL12RB2	0.12247742	0.14142491	0.13478525	0.11679187	0.13472003	921.8	0.1300399	0.1636
SLPI	0.13261925	0.11485308	0.1329476	0.16047145	0.12271112	922.4	0.1327205	0.1638
SLC14A2-AS1	0.12271759	0.1388223	0.12394862	0.1285542	0.1329426	922.6	0.12939706	0.164
LINC02649	0.14161035	0.13083595	0.12858352	0.11176638	0.13344754	923.0	0.12924875	0.1642
HPGDS	0.13968778	0.12637751	0.11541646	0.13437031	0.13252848	925.0	0.12967612	0.1644
ERMP1	0.14346823	0.12577459	0.12442999	0.109577745	0.15384644	925.8	0.1314194	0.1646
KCTD8	0.12007262	0.13237806	0.12304132	0.13630007	0.13853163	927.4	0.13006474	0.1648
COL8A1	0.12826009	0.1492221	0.13080618	0.115100026	0.12585701	928.0	0.12984908	0.165
SNTG2	0.14755291	0.13439003	0.11107114	0.13100259	0.12679733	928.8	0.1301628	0.1652
AL049629.1	0.15542476	0.15518303	0.13254154	0.09480247	0.1371019	929.2	0.13501075	0.1654
AC011287.1	0.12324725	0.13099135	0.11444485	0.15598957	0.13324387	930.6	0.13158338	0.1656
AZGP1	0.12451643	0.12149782	0.12218001	0.15679227	0.13166198	931.2	0.1313297	0.1658
AFM	0.12879689	0.13922906	0.12689859	0.11695302	0.13160479	932.2	0.12869647	0.166
ZFP36L1	0.12430631	0.14194478	0.11431288	0.14257891	0.12914222	932.6	0.13045701	0.1662
TUBB4B	0.12858115	0.13426526	0.118061796	0.14825054	0.121463165	934.2	0.13012438	0.1664
ATP1A1	0.15668206	0.12547603	0.13527448	0.110540695	0.1252168	934.8	0.130638	0.1666
RACK1	0.12188539	0.1248555	0.12244034	0.1571051	0.12912758	935.4	0.13108277	0.1669
ARHGAP29	0.12963836	0.13446835	0.122132905	0.1196356	0.13716456	935.4	0.12860794	0.1669
AL672310.1	0.1356643	0.14696269	0.11861147	0.12396065	0.12100191	935.8	0.1292402	0.1672
PTMA	0.13082057	0.12898651	0.110537395	0.17204921	0.12566933	938.0	0.1336126	0.1674
C9orf16	0.12666057	0.14374562	0.11598987	0.14547582	0.120313235	938.6	0.13043702	0.1677
ZNF385D	0.13661948	0.13471003	0.11271734	0.13033774	0.1307871	938.6	0.12903436	0.1677
ENOX1	0.12949093	0.14417692	0.122217044	0.13496123	0.11652871	939.8	0.12947497	0.168
SLC36A2	0.1382483	0.14226985	0.16526479	0.09484706	0.14171459	942.0	0.13646892	0.1682
ATP5ME	0.11351326	0.14415388	0.12031312	0.14213204	0.13982786	942.6	0.13198802	0.1684
UBA52	0.12994006	0.13418107	0.113495916	0.14401707	0.12643948	944.0	0.12961471	0.1686
MZT2B	0.115961365	0.13310924	0.12350548	0.1395743	0.14161031	944.4	0.13075215	0.1689
S100A1	0.1249029	0.1416988	0.12130226	0.14384061	0.117486745	944.4	0.12984626	0.1689
LINC00906	0.11301076	0.12597191	0.12939964	0.14477071	0.146892	946.4	0.13200901	0.1692
SPSB1	0.13945909	0.12723154	0.10805686	0.15161423	0.12925687	948.4	0.1311237	0.1694
MT1E	0.13035467	0.11527309	0.12223191	0.13706426	0.14844577	948.8	0.13067394	0.1696
PDE10A	0.13163796	0.13266747	0.13904096	0.11026782	0.13198765	951.4	0.12912036	0.1698
RAB20	0.13937983	0.1259687	0.11694522	0.17108336	0.11272906	952.0	0.13322124	0.17
EPB41L4B	0.14142135	0.14761062	0.11665241	0.11424551	0.12547968	957.2	0.12908192	0.1702
CLDN3	0.12625799	0.16679531	0.118615605	0.11649278	0.12607998	957.4	0.13084832	0.1704
MIR646HG	0.15030898	0.1528598	0.1462663	0.09120752	0.1380015	957.8	0.1357288	0.1706
AC019117.1	0.1305611	0.14889179	0.13252875	0.108703494	0.12663412	959.2	0.12946385	0.1708
ABCC3	0.12002768	0.12654491	0.116226494	0.14370911	0.14577213	959.4	0.13045606	0.171
SMAD9	0.13504393	0.1481398	0.13266681	0.103498906	0.13101605	960.6	0.1300731	0.1712
MEF2C	0.13757817	0.14876904	0.12009931	0.11661892	0.120482944	962.2	0.12870967	0.1714
PSD3	0.12643565	0.12207158	0.12755576	0.122776814	0.14395483	963.2	0.12855892	0.1716
CDK6	0.12833567	0.1341579	0.12263234	0.1289936	0.123943724	965.0	0.12761265	0.1718
AC023590.1	0.1294914	0.123640165	0.12250578	0.13750955	0.12685575	967.4	0.12800053	0.172
LINC01435	0.1427321	0.16222611	0.15670075	0.08834742	0.14264823	967.6	0.13853092	0.1722
SNAP91	0.11968472	0.15030369	0.13804293	0.10751565	0.13872404	968.4	0.1308542	0.1724
MAP3K5	0.12400794	0.11978349	0.12224203	0.15203938	0.13067374	971.2	0.12974933	0.1726
TRAC	0.13041045	0.14666635	0.11025591	0.15269384	0.115712255	972.6	0.13114777	0.1728
ZEB2	0.1291535	0.13766071	0.1172888	0.12642896	0.12698255	972.8	0.12750292	0.173
RPSA	0.12894982	0.12412508	0.11670778	0.1447333	0.12814967	974.0	0.12853312	0.1732
RPL9	0.13100721	0.12325336	0.10993105	0.17356074	0.1270709	974.8	0.13296466	0.1734
AC096711.2	0.15259512	0.14510147	0.10923305	0.12998827	0.11541534	975.8	0.13046665	0.1736
SMIM24	0.13444082	0.13337865	0.11076405	0.14360397	0.12266734	976.6	0.12897095	0.1738
GLS	0.1283526	0.123146616	0.13149887	0.11387437	0.1455891	977.6	0.12849231	0.174
VWDE	0.12810206	0.12684001	0.14200476	0.12277627	0.12086546	978.2	0.12811771	0.1742
AC016816.1	0.13215208	0.13420454	0.11506172	0.13989064	0.120312825	979.2	0.12832436	0.1744
AC087482.1	0.12938875	0.12690437	0.120613806	0.14002101	0.1222469	979.4	0.12783498	0.1746
FLI1	0.13458532	0.1522865	0.108684294	0.114508525	0.14165686	980.0	0.1303443	0.1748
ARHGAP29-AS1	0.12821954	0.14636183	0.102333724	0.15286985	0.13545322	980.8	0.13304763	0.175
GUK1	0.13359897	0.13853203	0.12079152	0.116007	0.1272617	981.2	0.12723824	0.1752
AKAP12	0.12648068	0.11774183	0.12579836	0.13916917	0.13282585	981.6	0.12840317	0.1755
AC046195.1	0.13760146	0.13122709	0.10556974	0.13878633	0.13650554	981.6	0.12993804	0.1755
BCL2	0.12908368	0.14388499	0.113973625	0.12950307	0.12363533	983.6	0.12801614	0.1758
ABAT	0.13681334	0.13077752	0.13330235	0.100136176	0.15141945	983.8	0.13048977	0.176
HLA-C	0.12609504	0.13604163	0.101882	0.1743285	0.13996921	986.0	0.13566329	0.1762
RPS18	0.13039795	0.120130666	0.11582006	0.17059809	0.122074455	986.6	0.13180426	0.1764
MT-ATP6	0.1235152	0.12789112	0.115541704	0.15131855	0.12696446	989.6	0.1290462	0.1766
PRDX3	0.12600395	0.1303731	0.11092334	0.16078103	0.12390268	989.8	0.13039681	0.1768
GPD1	0.1274743	0.12907141	0.1107441	0.1368621	0.13837224	991.2	0.12850484	0.177
SCHLAP1	0.12860426	0.15484303	0.12977219	0.113485835	0.11647875	991.6	0.1286368	0.1772
KL	0.13245836	0.13652411	0.106717646	0.14588018	0.1267191	992.2	0.12965988	0.1774
ERP27	0.11585456	0.1375649	0.12673667	0.1197921	0.14334172	996.6	0.12865798	0.1776
RASEF	0.14312686	0.13908945	0.11407332	0.12009684	0.12029682	999.2	0.12733667	0.1778
SLC17A3	0.13136521	0.1536521	0.11758819	0.12264333	0.11576468	1000.0	0.1282027	0.178
AC025810.1	0.13981485	0.13154466	0.1154362	0.11587724	0.13169602	1006.0	0.12687378	0.1782
PCBP1	0.110624105	0.14593837	0.1323569	0.121136755	0.13935052	1006.4	0.12988134	0.1784
GRAMD2B	0.13556686	0.115200065	0.121476024	0.1587895	0.11817012	1008.4	0.12984052	0.1786
AC113386.1	0.11976532	0.114568196	0.13008156	0.14411542	0.13767609	1009.0	0.12924132	0.1788
KIAA1755	0.12812664	0.12826023	0.12839368	0.1299948	0.11725411	1009.6	0.12640588	0.179
LCP1	0.12880287	0.14699781	0.10829427	0.13788657	0.12252489	1009.8	0.12890129	0.1792
ADGRL4	0.12951086	0.13732652	0.11242371	0.14149764	0.11841294	1011.2	0.12783435	0.1794
CADM2	0.13645387	0.1304465	0.1292245	0.11163569	0.122971795	1015.0	0.12614647	0.1796
GRIK2	0.14255984	0.12566109	0.123015225	0.13116533	0.11295754	1017.0	0.1270718	0.1798
RBFOX1	0.13453849	0.1336485	0.12935641	0.106533	0.13012834	1017.6	0.12684095	0.18
SSBP3	0.13864082	0.13973159	0.14710028	0.097365245	0.12728927	1020.0	0.13002543	0.1802
ZSWIM5	0.13746409	0.12928535	0.1536515	0.092796095	0.15889186	1020.4	0.13441779	0.1804
AL132996.1	0.11960793	0.14413255	0.11568626	0.1302145	0.12743193	1021.2	0.12741463	0.1806
EDN2	0.1379356	0.13188365	0.11901977	0.11783944	0.12264988	1021.6	0.12586567	0.1808
CRYAB	0.13994142	0.12796499	0.116718255	0.12291651	0.12211304	1022.6	0.12593085	0.181
NR1I3	0.13521628	0.12080667	0.116172425	0.14337581	0.121014416	1025.2	0.12731713	0.1812
NDUFA2	0.11917523	0.1246373	0.11694504	0.13705584	0.141161	1027.6	0.12779489	0.1814
LINC01781	0.12337601	0.13467635	0.14102067	0.10114601	0.14863025	1027.8	0.12976985	0.1816
DNAH10	0.13665286	0.13091452	0.11940273	0.13427415	0.11244349	1030.0	0.12673756	0.1818
TGFBR1	0.12045303	0.1384468	0.11590139	0.12420346	0.13412575	1031.3	0.12662609	0.182
TIMM10	0.12743293	0.12736486	0.11423922	0.14598206	0.120525	1034.6	0.12710881	0.1822
TMEM132D	0.13284022	0.13913679	0.109950736	0.12190535	0.12818974	1035.0	0.12640455	0.1825
MT1H	0.1241649	0.1234195	0.11854564	0.14178552	0.12559484	1035.0	0.12670209	0.1825
CYP3A5	0.118860185	0.12733817	0.12431878	0.1513687	0.117828414	1036.0	0.12794286	0.1829
LINC01524	0.11941079	0.14685358	0.12514389	0.10971387	0.13732538	1036.0	0.12768951	0.1829
FREM1	0.11538337	0.12091008	0.13208792	0.12921102	0.14235085	1037.0	0.12798865	0.1832
ZFAND5	0.11569245	0.12610175	0.13108093	0.12847489	0.13329437	1037.8	0.12692888	0.1834
AC002429.2	0.15284337	0.117871664	0.10836798	0.14712131	0.12133003	1039.2	0.12950687	0.1836
SERPINA3	0.12854654	0.11977024	0.1359795	0.11432277	0.13285187	1041.4	0.12629418	0.1838
IL1RAPL2	0.13207883	0.12450952	0.12080091	0.13555272	0.1168821	1042.4	0.1259648	0.184
PLG	0.1160556	0.13014461	0.13516319	0.12792234	0.124613136	1043.2	0.12677976	0.1843
GLIPR1L2	0.134157	0.14554715	0.108151	0.13645267	0.11610461	1043.2	0.12808248	0.1843
CT69	0.14111178	0.12844132	0.100782365	0.15222502	0.13013868	1045.8	0.13053983	0.1846
CASC18	0.12961036	0.13954183	0.1210248	0.12436622	0.11411172	1046.4	0.12573099	0.1848
ARL2	0.13063045	0.14035676	0.108328074	0.15828806	0.1120491	1046.8	0.1299305	0.1851
LINC00649	0.120772995	0.12342341	0.10832674	0.14506091	0.14907153	1046.8	0.12933111	0.1851
AC078881.1	0.12134471	0.12914689	0.13786982	0.11633487	0.12477267	1048.6	0.12589379	0.1854
KCNN2	0.12331773	0.12535344	0.11537708	0.15368193	0.1210458	1049.0	0.1277552	0.1856
CABLES1	0.14452851	0.12447917	0.10290501	0.14344744	0.130601	1049.4	0.12919222	0.1858
VTCN1	0.13236776	0.136351	0.104908206	0.13822633	0.1272932	1050.2	0.12782931	0.186
IGLC2	0.12415239	0.13191493	0.119443394	0.12561408	0.1242959	1053.8	0.12508413	0.1862
ITIH5	0.13750333	0.13466921	0.11808003	0.13157104	0.109749876	1054.2	0.12631468	0.1864
ADARB2	0.119835034	0.13019426	0.12199479	0.13874494	0.119439125	1057.2	0.12604162	0.1866
LINC00621	0.1345591	0.12241851	0.10966914	0.16976239	0.11558788	1059.2	0.1303994	0.1868
MEGF9	0.13909382	0.148151	0.1198119	0.10421199	0.12275306	1059.4	0.12680435	0.187
VAV1	0.12640202	0.1456107	0.10972959	0.13673049	0.11725087	1060.8	0.12714472	0.1872
PCSK5	0.13252738	0.13226154	0.106058225	0.13718702	0.12695117	1061.0	0.12699707	0.1874
ITPR1	0.1327584	0.1262343	0.123207554	0.112238504	0.12914269	1063.8	0.12471628	0.1876
SYNDIG1	0.13933091	0.13802604	0.11091757	0.12415459	0.116093524	1064.8	0.12570453	0.1878
NR4A3	0.13905807	0.12760651	0.11450882	0.12866251	0.11632565	1065.4	0.12523231	0.188
AC016074.2	0.124754615	0.12241525	0.12811846	0.1240965	0.123955496	1065.8	0.12466806	0.1882
NKAIN3	0.1263592	0.11910377	0.11852289	0.14548534	0.12191859	1067.0	0.12627795	0.1884
LINC02384	0.1207331	0.13688494	0.14371476	0.09836279	0.14879255	1068.6	0.12969764	0.1886
DPEP1	0.11389781	0.12911251	0.13810594	0.11824303	0.13357182	1069.4	0.12658623	0.1888
MRPL54	0.12864798	0.12174767	0.11597038	0.145844	0.11845438	1070.0	0.12613288	0.189
HERC3	0.12314865	0.13838205	0.12988496	0.10398349	0.13574795	1072.4	0.12622942	0.1892
BCL6	0.13136837	0.11991273	0.11166545	0.12900332	0.13703278	1073.2	0.12579653	0.1894
HSPE1	0.13114056	0.11335198	0.11354677	0.16340771	0.12421541	1076.2	0.12913248	0.1896
DHRS3	0.13474971	0.12922758	0.12500629	0.1175228	0.1154267	1078.4	0.12438662	0.1898
PCAT1	0.1293644	0.12870155	0.11132004	0.14183977	0.11755522	1079.8	0.12575619	0.19
AL365295.1	0.1445212	0.13450018	0.10123444	0.13816872	0.12330038	1080.0	0.12834498	0.1903
IVNS1ABP	0.10650205	0.12697935	0.13593517	0.13271287	0.14195128	1080.0	0.12881614	0.1903
TOMM7	0.12842971	0.12748519	0.11087923	0.15806979	0.11428216	1080.4	0.12782922	0.1906
SEMA3C	0.10886606	0.13157383	0.13112825	0.12794425	0.13610211	1082.6	0.12712291	0.1908
RPL13A	0.12778358	0.12060398	0.110968895	0.17503361	0.1169905	1083.2	0.13027611	0.191
PPARG	0.13344666	0.1368362	0.13288794	0.0990523	0.1295733	1084.6	0.12635928	0.1912
NDUFAB1	0.13533181	0.12849492	0.12612055	0.1180997	0.113543995	1085.0	0.1243182	0.1914
FAT4	0.13321042	0.13495962	0.13478844	0.0994297	0.12910323	1085.4	0.1262983	0.1917
SCN9A	0.1315482	0.13361786	0.11960715	0.10312573	0.14247335	1085.4	0.12607446	0.1917
SYT17	0.115309976	0.11945468	0.12999652	0.14094563	0.12653808	1086.2	0.12644897	0.192
KLHL8	0.11974389	0.124136806	0.12552595	0.1356297	0.120124504	1088.8	0.12503217	0.1923
HUNK	0.14108844	0.13249388	0.120532535	0.103271276	0.12924677	1088.8	0.12532659	0.1923
KRT7	0.12905204	0.13414298	0.12038361	0.11004141	0.12833321	1089.0	0.12439065	0.1926
DNAH6	0.13800645	0.13716678	0.109700836	0.12510945	0.11579368	1091.6	0.12515545	0.1928
TLE2	0.14469258	0.12713534	0.12216337	0.10116862	0.13358551	1094.2	0.12574908	0.193
ZNF486	0.15956625	0.12205949	0.114320375	0.13970627	0.10638146	1095.2	0.12840678	0.1932
LINC02814	0.11588567	0.13176183	0.11401914	0.1289612	0.13825655	1096.8	0.12577687	0.1935
AGBL1	0.13310853	0.14295469	0.15982462	0.08789114	0.1425761	1096.8	0.13327101	0.1935
H3F3B	0.120672636	0.12756352	0.12133168	0.12219609	0.12796813	1097.2	0.123946406	0.1938
ELOB	0.11506562	0.1272703	0.11277181	0.15391947	0.12797442	1098.4	0.12740032	0.194
KCNQ1OT1	0.13782997	0.12076192	0.11115793	0.11976536	0.13283217	1100.6	0.124469474	0.1942
FKBP2	0.13499531	0.119936325	0.121778585	0.12753	0.11629596	1102.6	0.12410724	0.1944
CTSC	0.15272221	0.14345624	0.103984326	0.11811437	0.118976325	1102.8	0.1274507	0.1946
FOLH1	0.1375908	0.1368814	0.13767247	0.095226325	0.12725604	1103.4	0.12692541	0.1948
SUCNR1	0.13359387	0.14284931	0.1145533	0.11309996	0.118590534	1103.8	0.12453739	0.195
SLC22A24	0.15230961	0.13129671	0.14386605	0.092952676	0.12411319	1105.6	0.12890765	0.1952
MAL2-AS1	0.13261385	0.1398433	0.11549762	0.12092728	0.113010176	1107.6	0.12437844	0.1954
PAK3	0.13051073	0.16059744	0.13256115	0.093432896	0.12766649	1107.8	0.12895374	0.1956
SHOC1	0.106811285	0.11857147	0.13357933	0.13893957	0.14647192	1109.4	0.1288747	0.1958
TNS1	0.124768496	0.11302883	0.12229348	0.12520127	0.14039953	1110.8	0.12513831	0.196
AKR1C8P	0.14312372	0.12432674	0.13418734	0.097707614	0.13224046	1111.2	0.12631717	0.1962
EXT1	0.12473888	0.12783873	0.11777343	0.13845567	0.11401894	1111.8	0.124565125	0.1964
PPP1R16B	0.12917604	0.14763395	0.14477724	0.09373141	0.12731065	1112.2	0.12852585	0.1966
CHMP2A	0.11661883	0.124421746	0.12399904	0.12412295	0.13226661	1113.4	0.12428584	0.1968
NNMT	0.13845043	0.112345666	0.11616851	0.13368769	0.12450458	1116.0	0.12503137	0.1971
COL4A1	0.13379295	0.12412856	0.11873697	0.1141399	0.12521791	1116.0	0.12320326	0.1971
KCNMB2	0.12877992	0.12721635	0.122867435	0.10980077	0.12846586	1116.6	0.12342608	0.1974
RP1	0.14741145	0.14477462	0.14857312	0.08614861	0.1315426	1117.0	0.13169007	0.1976
RETREG1	0.13455552	0.116285324	0.112152785	0.14830829	0.11833275	1117.2	0.12592694	0.1978
AC110767.1	0.14216694	0.14637034	0.100169696	0.15045583	0.11179274	1117.6	0.1301911	0.198
ODC1	0.12544368	0.1436471	0.120791994	0.11473239	0.115885675	1119.2	0.12410017	0.1982
AC007613.1	0.12525277	0.13419063	0.12804212	0.11290873	0.11681596	1119.6	0.12344204	0.1984
CD72	0.12620264	0.1282366	0.11211719	0.13198654	0.12079394	1120.2	0.12386738	0.1986
QPRT	0.12518692	0.13846555	0.1178607	0.11739403	0.11788556	1121.4	0.12335856	0.1988
CIITA	0.12378241	0.12968062	0.12781832	0.11094002	0.12459713	1121.6	0.123363696	0.199
GBP1	0.12596568	0.12906253	0.1329602	0.102114156	0.1324103	1125.4	0.12450258	0.1992
GGH	0.12227084	0.12227676	0.121369585	0.14174826	0.114634484	1127.2	0.12445998	0.1994
TMSB4X	0.12910222	0.11689873	0.11120877	0.15404981	0.11973883	1127.6	0.12619968	0.1996
SLC12A3	0.119858	0.1375935	0.1226056	0.1092212	0.13016927	1130.4	0.123889506	0.1998
RIDA	0.11803841	0.1332828	0.13519989	0.13426854	0.10762401	1131.0	0.12568273	0.2001
HS6ST1	0.1335842	0.11942873	0.13128468	0.11191691	0.12073449	1131.0	0.1233898	0.2001
SIAH3	0.113227144	0.13479069	0.11822663	0.14007542	0.11942422	1135.4	0.12514882	0.2005
AC010148.1	0.12304436	0.1358853	0.11252232	0.110527106	0.13995142	1135.4	0.124386095	0.2005
CALN1	0.12249172	0.12680422	0.13065994	0.10978733	0.12660801	1136.2	0.12327025	0.2008
ONECUT2	0.13259093	0.14118332	0.1053757	0.13317125	0.115208864	1136.4	0.12550601	0.201
KRT86	0.14042006	0.13271138	0.116192654	0.108463205	0.119524606	1137.6	0.12346238	0.2012
VGLL3	0.12898982	0.12252635	0.12959985	0.11536256	0.11707123	1140.2	0.12270997	0.2014
CACNA1C	0.1390568	0.11775989	0.1381463	0.100914545	0.12982626	1141.6	0.12514076	0.2018
RPL17	0.1212234	0.11279555	0.1270666	0.14833008	0.11807104	1141.6	0.12549733	0.2018
WDR72	0.13058186	0.13763262	0.1065747	0.13307823	0.11582581	1141.6	0.12473865	0.2018
ATP8B4	0.12371474	0.15259784	0.12224374	0.10265128	0.12335953	1146.2	0.12491343	0.2022
TOMM5	0.11756045	0.11758726	0.12813024	0.11805188	0.1396089	1147.0	0.12418775	0.2024
ATG10	0.12594485	0.14395206	0.10824958	0.13491747	0.1129681	1147.8	0.12520641	0.2026
GHR	0.11315047	0.13731115	0.14369835	0.10590921	0.12873518	1151.8	0.12576088	0.2028
PLD5	0.11361887	0.14094344	0.11297287	0.12461792	0.12979728	1152.0	0.12439008	0.203
FUT9	0.1380458	0.111279055	0.1157273	0.12507929	0.1286191	1152.6	0.12375011	0.2032
PDZD2	0.12713937	0.12386939	0.11476979	0.12351364	0.12262362	1153.6	0.12238316	0.2035
SYBU	0.1390921	0.12900554	0.13416971	0.09854706	0.121341646	1153.6	0.12443121	0.2035
AC114812.2	0.13457055	0.13200869	0.105280355	0.15388454	0.10944751	1155.6	0.12703833	0.2038
AL353572.4	0.12257989	0.13545561	0.13029736	0.11543132	0.11211753	1155.8	0.12317634	0.204
FHL1	0.12322712	0.12629847	0.11346692	0.12364359	0.12592672	1156.0	0.122512564	0.2042
AK4	0.13381143	0.13725309	0.120563015	0.09716133	0.1350583	1156.4	0.124769434	0.2044
ADM	0.12987758	0.1266309	0.11560742	0.13649186	0.1097058	1159.8	0.12366271	0.2046
BNC2	0.13503954	0.12591666	0.116943195	0.12409745	0.11171136	1160.6	0.122741655	0.2048
TSHZ1	0.12901656	0.11250926	0.116379336	0.12464023	0.13421617	1162.8	0.12335231	0.2051
KIRREL3	0.127164	0.13832568	0.10946117	0.13024451	0.11320567	1162.8	0.12368021	0.2051
ANXA2	0.10616571	0.1187326	0.13065718	0.15056907	0.13022521	1163.0	0.12726995	0.2054
IGLC3	0.109173894	0.11968462	0.12518063	0.13674046	0.13622744	1163.2	0.12540141	0.2056
PTH1R	0.12793277	0.11172728	0.12994674	0.1377712	0.11399777	1165.2	0.12427515	0.2059
AC124852.1	0.12431162	0.122625574	0.11264302	0.13459963	0.12072627	1165.2	0.12298123	0.2059
AL445255.1	0.13527767	0.14627841	0.12315192	0.17126866	0.08921758	1166.4	0.13303885	0.2062
NENF	0.1193577	0.13025427	0.13596386	0.106633544	0.12407284	1167.0	0.123256445	0.2064
EFNA5	0.136404	0.14161466	0.105644226	0.12917836	0.11118757	1167.2	0.12480576	0.2066
KCNK5	0.14328921	0.13328905	0.12225206	0.095246695	0.1285849	1167.6	0.12453238	0.2068
NEBL	0.121993475	0.12544371	0.12599961	0.1052848	0.1361675	1170.0	0.12297783	0.207
LINC02672	0.11786524	0.117300935	0.12739798	0.13398126	0.120532915	1170.8	0.123415664	0.2072
MUC22	0.13772972	0.13857803	0.1256058	0.09949598	0.11684643	1171.4	0.12365119	0.2074
MCTP1	0.123480685	0.1413095	0.112847194	0.13170801	0.10969769	1173.0	0.12380862	0.2076
GIPR	0.12631321	0.11516663	0.1217023	0.121583626	0.12623608	1173.2	0.12220037	0.2078
MNS1	0.12210578	0.12606275	0.1102438	0.13183266	0.12337121	1173.4	0.122723244	0.208
PLAAT5	0.12324312	0.113583565	0.116920985	0.12984617	0.1326572	1173.6	0.1232502	0.2082
FLT1	0.12978579	0.1297831	0.10417798	0.13269149	0.1224766	1173.8	0.12378298	0.2084
UBC	0.13653542	0.11827727	0.115281515	0.11410557	0.12653828	1176.0	0.122147605	0.2086
RND1	0.1396459	0.13554536	0.11944989	0.1149362	0.10632558	1176.2	0.12318058	0.2088
RERGL	0.118344285	0.14610069	0.11844853	0.11807256	0.11537318	1176.8	0.12326785	0.209
TIPARP	0.13439772	0.12664175	0.11414131	0.12548737	0.1113209	1180.0	0.12239782	0.2092
ADAMTS9	0.12838168	0.10816375	0.12638648	0.13844115	0.117786735	1181.4	0.123831965	0.2095
ATP5F1D	0.117904976	0.13169025	0.112332135	0.16448198	0.1094522	1181.4	0.1271723	0.2095
CYP4F3	0.11586311	0.1231138	0.115032226	0.14131868	0.12273385	1182.2	0.12361233	0.2098
ATP5MC3	0.12153161	0.13174717	0.11521701	0.115524516	0.12502639	1182.6	0.12180934	0.21
AC015712.2	0.12372376	0.14882961	0.10714138	0.13533314	0.111007944	1182.8	0.12520716	0.2102
AHRR	0.11097579	0.15781333	0.11608215	0.1263015	0.116306275	1183.6	0.12549582	0.2104
AGMAT	0.11482367	0.12622733	0.12131199	0.1297602	0.12106793	1184.4	0.122638226	0.2106
LINC02505	0.1198733	0.12650935	0.113029905	0.12490389	0.12563984	1185.0	0.121991254	0.2108
RPL12	0.11791472	0.11776982	0.12127904	0.12906758	0.1267535	1185.8	0.12255694	0.211
LINC02506	0.1275772	0.13438174	0.11805378	0.11739216	0.11197608	1190.0	0.121876195	0.2113
AC083855.2	0.11983442	0.12043289	0.11701046	0.13811116	0.11753312	1190.0	0.12258442	0.2113
BCL11B	0.1339221	0.13238662	0.11142893	0.1162741	0.11543094	1190.4	0.12188854	0.2116
MTSS1	0.11500752	0.1176951	0.12765232	0.11889146	0.13491356	1192.2	0.122831985	0.2118
EFHD1	0.119820476	0.11636911	0.1376218	0.10641123	0.13881393	1195.2	0.12380731	0.212
LHFPL3-AS2	0.1464203	0.11635084	0.11709549	0.11373118	0.11785275	1195.6	0.12229011	0.2122
PLIN2	0.13238835	0.14374541	0.097406745	0.13787086	0.12204906	1197.6	0.12669209	0.2124
SRGAP3	0.14570753	0.13821067	0.1175487	0.119982824	0.09949722	1198.6	0.12418939	0.2126
VAMP8	0.12037569	0.12358575	0.11958372	0.12333629	0.1194058	1199.2	0.12125745	0.2128
LRP2	0.10329581	0.1292661	0.12742943	0.12541252	0.141725	1200.4	0.12542577	0.2131
AC021231.1	0.12745419	0.12727447	0.13306187	0.09929403	0.12643477	1200.4	0.12270387	0.2131
SPCS1	0.121092364	0.12019975	0.111706324	0.1436866	0.11752894	1206.0	0.12284279	0.2134
LINC02458	0.112486854	0.12446263	0.12214971	0.12597232	0.12501648	1208.8	0.1220176	0.2136
SDC4	0.13186137	0.12904516	0.103732	0.13129933	0.11914996	1209.6	0.123017564	0.2138
AC053527.2	0.14757344	0.12801465	0.10359245	0.14214998	0.107174076	1211.8	0.12570092	0.214
TIMP1	0.123138666	0.13341093	0.110369675	0.10956756	0.1332867	1215.0	0.1219547	0.2142
HSD17B10	0.12858686	0.12562798	0.109732844	0.14026368	0.110247724	1217.0	0.122891806	0.2144
AC106791.1	0.12690163	0.11957234	0.11853409	0.10792672	0.13463397	1218.0	0.12151375	0.2146
RMST	0.13283342	0.13732232	0.11371305	0.113777176	0.11067522	1218.4	0.12166424	0.2148
AC016821.1	0.1126258	0.1283758	0.11606241	0.12431742	0.12784204	1220.0	0.121844694	0.215
SEC61B	0.12817499	0.11808901	0.12107346	0.118309386	0.11722252	1220.6	0.12057388	0.2152
CITED2	0.12930292	0.12108062	0.15258294	0.092353016	0.13689089	1221.6	0.12644207	0.2154
ANKRD44	0.13098596	0.1252067	0.124487415	0.098571636	0.13171849	1222.0	0.12219404	0.2156
SLC16A1	0.12112465	0.1405931	0.11712112	0.10075744	0.13291225	1224.2	0.12250171	0.2158
KLHL13	0.12789042	0.13452739	0.121771306	0.10454776	0.11688645	1225.6	0.12112466	0.216
GCHFR	0.12150504	0.12375089	0.110311456	0.12725051	0.12240936	1227.6	0.12104545	0.2163
JAZF1	0.11629415	0.12370468	0.13625503	0.10914006	0.12462796	1227.6	0.122004375	0.2163
SUSD1	0.1336619	0.113355234	0.12347807	0.11618357	0.11843859	1228.0	0.121023476	0.2166
PTPN1	0.11308456	0.12178103	0.11591432	0.13382295	0.12582304	1231.2	0.12208518	0.2168
MSN	0.118701145	0.12101206	0.11468115	0.12975794	0.12160228	1231.8	0.12115091	0.217
AC079630.1	0.12864722	0.13642831	0.10780274	0.11112763	0.123018734	1232.6	0.12140493	0.2172
TMLHE-AS1	0.123079106	0.11732533	0.11059475	0.12927955	0.1264994	1234.0	0.12135563	0.2174
ABHD2	0.12379137	0.12845127	0.1067331	0.12424021	0.12285939	1236.2	0.12121506	0.2176
PSMA2	0.109705456	0.12691377	0.13539551	0.118002914	0.12101386	1237.0	0.12220631	0.218
NLGN1	0.12324472	0.11120772	0.13280618	0.13474089	0.11182505	1237.0	0.12276491	0.218
SAMD5	0.13300495	0.13333149	0.1257695	0.11267127	0.10350702	1237.0	0.12165685	0.218
KIFC3	0.11432368	0.13330986	0.11790235	0.11291773	0.12730305	1237.4	0.12115134	0.2184
WDR49	0.1449596	0.13315493	0.104640484	0.1153869	0.114605024	1237.6	0.12254939	0.2186
APBA1	0.11891676	0.12521696	0.12347838	0.10803484	0.1281603	1238.2	0.12076144	0.2188
RPL27A	0.114022255	0.118773155	0.114160046	0.1447699	0.122459844	1240.0	0.122837044	0.219
IFI27	0.12590997	0.12208475	0.11968426	0.11025624	0.122594416	1240.8	0.12010592	0.2192
VAV3	0.13115318	0.11998221	0.10829613	0.12938386	0.11706776	1241.4	0.12117664	0.2194
LINC01695	0.110048145	0.14849032	0.15458557	0.09993845	0.12210404	1241.6	0.12703331	0.2196
SLC25A6	0.11872416	0.12220722	0.113937505	0.13594556	0.11614656	1241.8	0.121392205	0.2198
AC105450.1	0.11236769	0.11946689	0.119124494	0.13295175	0.12536386	1242.8	0.121854946	0.22
SAT1	0.13235381	0.15539798	0.10097137	0.14557928	0.10315421	1243.8	0.12749133	0.2202
AL136962.1	0.11741992	0.12655108	0.14276563	0.1071025	0.11719828	1244.4	0.122207485	0.2204
AC253572.2	0.12612988	0.13771492	0.12788107	0.09856027	0.11822457	1245.8	0.121702135	0.2206
ITGB1-DT	0.12088097	0.116419464	0.11326845	0.13001579	0.12342406	1248.6	0.12080175	0.2209
CALM1	0.12173208	0.11994861	0.108368844	0.12352153	0.13147935	1248.6	0.12101009	0.2209
AC026462.3	0.13216053	0.12700583	0.1064119	0.13514446	0.1103634	1250.4	0.12221722	0.2213
NPC2	0.116117805	0.13019887	0.105189435	0.13332132	0.1278558	1250.4	0.122536644	0.2213
AC003984.1	0.13347393	0.13109648	0.10512367	0.122943126	0.11440199	1252.0	0.121407844	0.2216
CYP4F2	0.12455164	0.124700285	0.12115941	0.11109451	0.11712037	1253.6	0.11972524	0.2219
GPC3	0.13810576	0.11993406	0.12888007	0.10204019	0.11609277	1253.6	0.121010564	0.2219
PLCE1	0.1248451	0.1389462	0.11208263	0.116565704	0.111300625	1254.0	0.12074806	0.2222
FOSL2	0.11741591	0.12554452	0.11272703	0.121321194	0.124857925	1254.4	0.12037331	0.2224
ZPLD1	0.12955357	0.11293138	0.11642338	0.13369057	0.113583535	1257.0	0.12123649	0.2227
CDH2	0.14132114	0.13340083	0.117168754	0.11444973	0.102137126	1257.0	0.12169552	0.2227
RPS27A	0.12380293	0.108986475	0.107955016	0.15000188	0.12883285	1257.6	0.12391583	0.223
TRPM6	0.12338546	0.12862948	0.10977171	0.11477446	0.12368905	1257.8	0.120050035	0.2232
MARCH1	0.1429889	0.12195285	0.103114195	0.1114525	0.13151476	1260.4	0.12220464	0.2235
RPL13	0.1296546	0.11450818	0.114377305	0.13908237	0.1111043	1260.4	0.12174535	0.2235
AC024558.2	0.11994973	0.11918643	0.111557804	0.12913187	0.12264803	1260.8	0.12049477	0.2238
MIR34AHG	0.11476984	0.119557574	0.12943959	0.13631423	0.11030872	1262.2	0.12207799	0.224
RNF144B	0.13935696	0.11851442	0.10634502	0.1273651	0.11534954	1262.6	0.12138621	0.2242
NELL1	0.12686278	0.10767175	0.122205585	0.13591029	0.11566048	1262.8	0.12166218	0.2244
LAMA3	0.123376586	0.13849054	0.10567254	0.15068904	0.10451363	1264.8	0.12454847	0.2246
IGSF11	0.13721624	0.14052789	0.12547125	0.09054614	0.12114141	1265.8	0.12298058	0.2249
GPR39	0.12489997	0.110640235	0.11598318	0.121142924	0.12982498	1265.8	0.12049826	0.2249
HOMER1	0.12434676	0.11487941	0.11971291	0.11974333	0.12029455	1266.0	0.1197954	0.2252
HSP90B1	0.11293404	0.12667061	0.132809	0.11161583	0.12007952	1267.4	0.1208218	0.2254
PILRB	0.12418746	0.12329188	0.10793527	0.122883335	0.122376665	1269.4	0.12013493	0.2256
NTNG1	0.1324948	0.13293533	0.12538905	0.10454404	0.108433016	1269.6	0.12075925	0.2258
ADORA1	0.11851465	0.13910723	0.10353134	0.116718486	0.13231798	1271.2	0.12203793	0.226
AL096854.1	0.11085563	0.12848373	0.12490494	0.12692998	0.11411041	1272.2	0.12105694	0.2262
TP63	0.11882979	0.132818	0.108631365	0.11315225	0.12847273	1273.4	0.120380834	0.2264
LRRN2	0.12904458	0.13316788	0.1160141	0.09646307	0.13186368	1274.6	0.121310666	0.2266
AC098588.3	0.1286466	0.13058841	0.10818958	0.14365987	0.10310854	1275.6	0.1228386	0.2269
AC015943.1	0.12005688	0.12931748	0.11735118	0.1175295	0.113121435	1275.6	0.11947529	0.2269
ELMO1	0.12465501	0.12524103	0.122664176	0.11255715	0.11210789	1276.8	0.11944505	0.2272
LINC02147	0.12121722	0.13669974	0.1432843	0.08822868	0.13592808	1277.4	0.1250716	0.2274
RNF180	0.11175717	0.12395886	0.12274718	0.13403031	0.1133165	1279.0	0.12116201	0.2276
COBLL1	0.13612582	0.12926228	0.1009317	0.14046527	0.109744154	1280.4	0.12330584	0.2278
ADAMTS12	0.15514205	0.14989498	0.12380443	0.09966857	0.098995246	1282.0	0.12550107	0.228
RPS17	0.12680782	0.11471882	0.11393418	0.12813976	0.116230614	1282.6	0.119966246	0.2283
FREM2	0.1402171	0.1245939	0.13141185	0.09042719	0.12557516	1282.6	0.12244503	0.2283
RAPGEF5	0.11291767	0.123992965	0.12094997	0.10352938	0.15363944	1283.4	0.12300589	0.2286
AC009292.2	0.11780282	0.13377579	0.111573584	0.1517431	0.10333611	1285.2	0.123646274	0.2288
JUNB	0.1202886	0.1143717	0.11497457	0.1361811	0.11691291	1291.0	0.12054578	0.229
LINC01239	0.12454719	0.12426699	0.12149479	0.09891218	0.1323666	1291.4	0.120317556	0.2292
TCERG1L	0.1211369	0.14864244	0.10219157	0.13632466	0.11047877	1291.6	0.12375486	0.2294
AC023424.3	0.12285563	0.1225874	0.10959004	0.12191752	0.11975384	1292.0	0.11934088	0.2296
AL121827.2	0.13123691	0.13565217	0.105062984	0.12720953	0.107342556	1297.0	0.12130083	0.2298
PTGER3	0.10940961	0.12328703	0.12754406	0.12067401	0.119803645	1297.8	0.120143674	0.23
HMGCS2	0.10665849	0.13008595	0.12100612	0.11268679	0.13637252	1298.6	0.12136197	0.2302
SLC44A5	0.13050677	0.12389762	0.13127294	0.10057602	0.11372278	1300.6	0.11999522	0.2304
SLC34A3	0.12584807	0.11898371	0.11282484	0.11038068	0.12714057	1301.6	0.119035564	0.2306
ABCA12	0.1307967	0.14080682	0.09807198	0.14801206	0.10818538	1303.0	0.1251746	0.2308
RPS24	0.12939768	0.11314286	0.12271227	0.1129927	0.11694844	1303.2	0.11903878	0.231
RFTN2	0.11908619	0.120244555	0.11159193	0.12417988	0.120432235	1303.4	0.11910696	0.2312
ADCY5	0.117702365	0.12581046	0.12614669	0.111451335	0.11442317	1304.2	0.11910681	0.2315
AC092078.2	0.117135875	0.12374731	0.11175265	0.124126114	0.11948475	1304.2	0.119249344	0.2315
TMSB15B-AS1	0.12694858	0.12659594	0.11086868	0.11435964	0.11528624	1304.4	0.11881182	0.2318
AC008619.1	0.09967182	0.13556936	0.11598704	0.13034381	0.13618952	1309.6	0.12355231	0.232
RNF186	0.122300886	0.11555434	0.11838091	0.12229953	0.115572974	1311.6	0.118821725	0.2322
CTXN3	0.12426547	0.122208275	0.12015703	0.12574749	0.104631454	1314.2	0.119401954	0.2324
HNF4G	0.12072153	0.1171521	0.1108717	0.1282437	0.11900559	1314.4	0.11919892	0.2326
ARL4D	0.12283067	0.11976438	0.11331751	0.1226289	0.114865884	1314.8	0.11868147	0.2328
AC107072.2	0.11236293	0.123004206	0.11006006	0.1368452	0.12063571	1315.2	0.12058161	0.2331
AC113383.1	0.12699522	0.13894404	0.122182205	0.09300704	0.12288049	1315.2	0.12080181	0.2331
DENND5A	0.14574297	0.124308035	0.11321742	0.10118661	0.11545194	1319.6	0.11998139	0.2334
LAMTOR5	0.12501577	0.1331548	0.105326824	0.11699067	0.11620026	1319.8	0.11933766	0.2336
LINC01886	0.119638994	0.12898786	0.099008046	0.1380776	0.12574899	1320.2	0.1222923	0.2339
NID2	0.11703017	0.14445157	0.10534579	0.14053343	0.10718242	1320.2	0.12290869	0.2339
AC004540.1	0.12948158	0.14099115	0.13088907	0.08491929	0.13015659	1321.6	0.123287536	0.2342
IER2	0.12126478	0.122189365	0.12013638	0.10801551	0.11964539	1322.0	0.11825029	0.2344
TSPAN1	0.11846081	0.11362902	0.12404848	0.113062054	0.1256626	1322.8	0.118972585	0.2346
DSE	0.1297772	0.11587065	0.10252456	0.15130474	0.114347875	1323.2	0.122765005	0.2348
MBOAT2	0.12613665	0.11398337	0.11648564	0.12560013	0.112341344	1324.6	0.11890943	0.235
LINC02306	0.12056945	0.11839718	0.10767392	0.13366823	0.11824388	1326.0	0.11971053	0.2352
NUDT8	0.12641837	0.1154055	0.11583339	0.12420346	0.11191618	1326.1	0.11875538	0.2354
TEX41	0.13539527	0.11478813	0.10883238	0.11350424	0.122665316	1326.4	0.11903707	0.2356
PTBP3	0.12070483	0.11215631	0.123214796	0.12798414	0.11292434	1326.6	0.11939688	0.2359
DOCK8-AS1	0.12391416	0.11454608	0.1131283	0.12842497	0.11526652	1326.6	0.11905601	0.2359
RPL36A	0.12647139	0.10586314	0.111013	0.14442442	0.118124135	1327.8	0.12117921	0.2363
RPL6	0.12340007	0.118010744	0.10848171	0.15741228	0.10645543	1327.8	0.12275205	0.2363
PTPRR	0.14635514	0.12083482	0.1041374	0.10941893	0.12106261	1328.8	0.12036178	0.2366
ESRP1	0.11843339	0.13382794	0.119402744	0.11704135	0.106864765	1330.2	0.11911404	0.2368
RASSF8	0.13782394	0.12022576	0.115599066	0.11101703	0.10939385	1330.4	0.11881193	0.237
ARID4A	0.122952044	0.11235229	0.13134651	0.09958026	0.137272	1331.4	0.12070062	0.2372
KCNN3	0.12716025	0.12524585	0.110269085	0.108209565	0.12084033	1331.8	0.11834501	0.2374
CFH	0.113289475	0.12300351	0.11967564	0.115976855	0.12087668	1332.0	0.11856443	0.2376
GAB2	0.11544368	0.12403402	0.122668974	0.111806735	0.11751997	1332.8	0.11829468	0.2378
LDHB	0.12160574	0.11953128	0.13253103	0.10552529	0.11497637	1333.0	0.118833944	0.238
GRAMD1B	0.12178326	0.11771449	0.11254546	0.11103958	0.12870999	1333.2	0.11835855	0.2382
RPL10	0.12392092	0.106787235	0.10658881	0.14434841	0.12698838	1333.6	0.12172675	0.2384
DDIT4	0.13928908	0.12972824	0.103510566	0.11057653	0.11549102	1336.8	0.11971909	0.2386
CRISPLD2	0.13733162	0.12688577	0.11567593	0.10000377	0.11492708	1340.0	0.118964836	0.2388
PTK6	0.12536235	0.11481018	0.12948427	0.11825841	0.106603846	1342.4	0.118903816	0.239
PRICKLE1	0.11308267	0.10992835	0.122988485	0.13186082	0.1218082	1342.6	0.1199337	0.2392
AL360012.1	0.11568465	0.13310091	0.11891431	0.10307316	0.123560674	1343.2	0.11886674	0.2394
AC025627.1	0.13472718	0.11388307	0.10902059	0.12478968	0.112756535	1346.4	0.11903541	0.2396
SLC9A9	0.13513319	0.1285259	0.10501334	0.12246599	0.10718314	1346.6	0.11966431	0.2398
KCNG3	0.117728606	0.115553506	0.11831038	0.12288259	0.11673286	1347.4	0.118241586	0.24
AHNAK	0.118612915	0.12331374	0.121139996	0.10286373	0.12551582	1348.6	0.11828923	0.2402
FOSL1	0.117737204	0.11661384	0.11890629	0.14322671	0.10612739	1349.0	0.12052228	0.2404
Z93241.1	0.13111	0.11461817	0.13938999	0.09279891	0.12885883	1349.2	0.121355176	0.2406
STUM	0.1161986	0.13743384	0.10351411	0.12041731	0.12166265	1350.4	0.11984529	0.2408
SMAD6	0.1279764	0.12107779	0.12319525	0.10092935	0.11730705	1351.2	0.11809717	0.241
THY1	0.11436988	0.13913387	0.10267731	0.11855505	0.12693335	1351.6	0.12033389	0.2412
RASGRP1	0.1270046	0.13785428	0.11602452	0.09259417	0.1269489	1352.4	0.120085284	0.2414
AFF3	0.14187878	0.13023669	0.114874005	0.08726181	0.13702254	1352.6	0.12225477	0.2416
UNC5D	0.1224428	0.13236146	0.12714756	0.089346066	0.13378239	1353.0	0.12101605	0.2418
ARHGDIB	0.11310158	0.12130746	0.10677857	0.12999162	0.12684314	1353.6	0.11960447	0.242
TTN	0.119849265	0.12184408	0.12025397	0.12349182	0.10592812	1356.6	0.11827345	0.2422
HK2	0.111514434	0.13448058	0.12160018	0.113905534	0.11248945	1357.6	0.11879804	0.2424
RELN	0.12551682	0.11457446	0.1387605	0.105438575	0.11218189	1358.4	0.11929445	0.2426
ACTN1	0.1255006	0.12519048	0.10965998	0.12017147	0.109590285	1359.0	0.11802256	0.2428
AGXT	0.11734771	0.13582878	0.10499669	0.11812926	0.11882823	1360.2	0.119026124	0.243
AC090015.1	0.13581152	0.1276793	0.119970195	0.089588314	0.12785678	1361.2	0.120181225	0.2432
AC008056.1	0.12326681	0.10742565	0.10698734	0.13311368	0.12967992	1361.4	0.12009468	0.2435
AL159156.1	0.11813645	0.1103227	0.111448355	0.12774774	0.12698264	1361.4	0.118927576	0.2435
TMEM178B	0.10535353	0.111030795	0.12751172	0.1251636	0.13666902	1362.6	0.12114574	0.2438
PART1	0.11627694	0.11826011	0.11354353	0.10757364	0.14054078	1362.8	0.119238995	0.244
STPG2	0.11728115	0.1200715	0.10826731	0.11322671	0.13346905	1367.6	0.118463136	0.2442
RPS19	0.12599961	0.1067532	0.11145913	0.13920452	0.1148099	1371.0	0.11964526	0.2444
FRY	0.12854941	0.116810925	0.11580832	0.11754897	0.10935607	1371.2	0.117614746	0.2446
LINC02763	0.11269995	0.14168908	0.10546419	0.1380162	0.10905048	1372.6	0.12138398	0.245
AL157931.1	0.12187557	0.11077906	0.1362494	0.09969992	0.1295269	1372.6	0.119626164	0.245
ITGB3	0.121382326	0.13549615	0.12754162	0.08576291	0.1406988	1372.6	0.122176364	0.245
TMPRSS2	0.14136834	0.13794263	0.09965947	0.12850331	0.10243975	1375.2	0.12198271	0.2454
AC004817.5	0.1247178	0.1357869	0.1243517	0.08783611	0.13112149	1375.6	0.1207628	0.2456
NUGGC	0.1343804	0.11234619	0.10606452	0.13202934	0.1124643	1377.6	0.11945695	0.2458
AC022325.2	0.11396083	0.12208086	0.11771087	0.107562385	0.12760082	1378.0	0.11778315	0.246
RRAS2	0.13581376	0.15023224	0.101206824	0.109974965	0.109125964	1379.0	0.12127075	0.2462
LIME1	0.12636754	0.11156843	0.1118689	0.112985164	0.124989465	1380.2	0.1175559	0.2465
AL136419.3	0.12289862	0.12020018	0.12826875	0.10136772	0.11556465	1380.2	0.117659986	0.2465
KCNK1	0.13168298	0.12009201	0.11331652	0.09714248	0.1295712	1382.0	0.11836104	0.2468
RPL26	0.11687172	0.10804644	0.108449206	0.1405636	0.1271448	1382.6	0.120215155	0.247
KIAA1324L	0.1288765	0.12634453	0.11836878	0.0970917	0.11880585	1383.0	0.11789747	0.2472
G0S2	0.109699614	0.13995782	0.104457915	0.13674505	0.114213645	1383.4	0.12101481	0.2475
AP002812.2	0.12435826	0.101217195	0.1138396	0.12231727	0.13694124	1383.4	0.11973472	0.2475
NXN	0.134137	0.13560207	0.098228276	0.13562495	0.10589695	1384.0	0.121897854	0.2478
SPNS2	0.12793133	0.117557414	0.11839453	0.10581693	0.11565697	1384.8	0.117071435	0.248
FOXJ1	0.118478775	0.13154437	0.10039255	0.12509608	0.1209745	1387.8	0.11929725	0.2482
DAB2IP	0.12324136	0.11572609	0.11265042	0.11406476	0.118230976	1389.6	0.116782725	0.2484
ABLIM3	0.11425789	0.141321	0.10076131	0.16371007	0.1059323	1389.8	0.1251965	0.2486
IL7	0.107715726	0.107639395	0.12181914	0.13253367	0.13251378	1390.0	0.12044434	0.2488
DERL3	0.1258708	0.11976415	0.107747525	0.1195445	0.11340032	1391.6	0.11726546	0.249
JPH2	0.12612827	0.14768556	0.10601742	0.096111804	0.12549558	1393.6	0.12028773	0.2492
MIR548A1HG	0.13003597	0.13600628	0.10382373	0.116548955	0.1073131	1394.2	0.1187456	0.2494
CD69	0.11651468	0.11710408	0.11199828	0.14454234	0.10783172	1394.6	0.119598225	0.2497
KCNQ3	0.12002648	0.14798121	0.10807534	0.115746856	0.10537207	1394.6	0.11944039	0.2497
LAMB1	0.11974941	0.13323057	0.11170353	0.1099885	0.111871876	1394.8	0.11730878	0.25
DLEC1	0.13582493	0.14607029	0.097504534	0.13840464	0.10048844	1395.8	0.12365856	0.2502
SLC8A1-AS1	0.11978456	0.12902218	0.1089485	0.11282658	0.11467491	1396.0	0.11705135	0.2504
LINC01187	0.11802068	0.12066334	0.11248638	0.1250623	0.11055361	1396.6	0.11735727	0.2506
ROMO1	0.12155948	0.1295638	0.10494816	0.13536999	0.10517761	1398.4	0.119323805	0.2508
AL009177.1	0.13305613	0.13523692	0.09636684	0.1307479	0.11028464	1400.4	0.12113849	0.251
PMAIP1	0.12559594	0.11355141	0.10999422	0.12799221	0.11161985	1400.8	0.11775073	0.2512
MAOA	0.12002794	0.1322442	0.14108597	0.088331774	0.12262209	1401.0	0.12086239	0.2514
KIAA1211L	0.13499466	0.11661074	0.11858849	0.115838416	0.102798276	1402.4	0.11776612	0.2516
PDE1C	0.12008449	0.11592162	0.109774016	0.12817772	0.11325714	1403.2	0.11744299	0.2518
PLPP4	0.13232961	0.13217565	0.12944719	0.09135053	0.11157672	1404.6	0.119375944	0.252
SEMA4A	0.12917648	0.120550476	0.10583471	0.11758685	0.11286226	1406.0	0.11720216	0.2522
VDR	0.11695499	0.120047726	0.12247874	0.0944536	0.1449122	1406.6	0.119769454	0.2524
NDUFS7	0.119152635	0.12712023	0.10320987	0.11017896	0.13146456	1407.0	0.11822524	0.2526
ATP5IF1	0.11120635	0.119152784	0.11684177	0.11869261	0.11956241	1407.2	0.11709118	0.2529
AL137024.1	0.11549701	0.11687023	0.12312427	0.11960524	0.11063178	1407.2	0.1171457	0.2529
TEAD4	0.11266731	0.1122179	0.11753074	0.12756555	0.11917154	1409.4	0.11783061	0.2532
CDH6	0.122061335	0.114524126	0.12182971	0.10125723	0.12646024	1410.0	0.117226526	0.2534
GNAI1	0.11763851	0.11787117	0.12626067	0.11186423	0.11080076	1410.4	0.11688707	0.2536
AC025159.1	0.12604375	0.12243769	0.11541179	0.100128315	0.11983081	1411.0	0.11677047	0.2538
PDLIM1	0.124362014	0.11059241	0.109475926	0.117812835	0.12307356	1411.4	0.11706334	0.254
PON3	0.11146664	0.13228309	0.10473975	0.14125676	0.111309074	1411.6	0.120211065	0.2542
UGT1A9	0.13377532	0.13653436	0.11704048	0.09484822	0.1104173	1412.2	0.118523136	0.2544
B4GALT1	0.1380007	0.12625088	0.11234564	0.09829426	0.113447316	1413.6	0.11766776	0.2546
NACA	0.11746673	0.1131593	0.10968212	0.13460203	0.11581535	1416.4	0.11814511	0.2548
HK1	0.11616338	0.13026497	0.122672446	0.10310728	0.113142274	1416.6	0.117070064	0.255
CORIN	0.12710434	0.12025415	0.09768895	0.14556015	0.11381437	1416.8	0.120884396	0.2552
AL023553.1	0.12383127	0.10268434	0.11089152	0.1298328	0.12521338	1417.2	0.11849067	0.2554
RARRES1	0.11337197	0.115232885	0.12919262	0.101973295	0.1303745	1419.8	0.11802906	0.2556
TES	0.1231804	0.12021143	0.10966041	0.12236024	0.10863005	1421.2	0.1168085	0.2558
MYO10	0.12215063	0.13184173	0.11589222	0.10984092	0.10499919	1421.4	0.11694495	0.256
PCED1B	0.11037928	0.11876226	0.118829906	0.10235236	0.14510804	1422.2	0.11908636	0.2562
FTL	0.12650374	0.108358085	0.11405038	0.13843276	0.1061951	1422.6	0.118708014	0.2564
ANKS1B	0.13433236	0.10668132	0.11137046	0.14010574	0.10509451	1423.0	0.11951687	0.2566
AC104596.1	0.124465324	0.124220416	0.1263994	0.090461016	0.12503085	1424.8	0.1181154	0.2568
AC004053.1	0.13611117	0.11608953	0.11111801	0.11574317	0.10597413	1427.4	0.117007196	0.257
LINC02795	0.12043877	0.11908121	0.1348951	0.09010791	0.13267906	1430.6	0.119440414	0.2572
ADGRL3	0.15195301	0.12159039	0.12627327	0.08721528	0.11517144	1432.4	0.120440684	0.2574
RPS15A	0.12048892	0.10151828	0.11742357	0.12612614	0.12272966	1432.8	0.11765732	0.2577
ACSS2	0.1221286	0.13140075	0.1266423	0.09258993	0.116051026	1432.8	0.11776252	0.2577
ATP13A3	0.103196785	0.12359874	0.13011292	0.113430575	0.1210467	1433.2	0.11827715	0.258
MTRNR2L1	0.12440118	0.11684167	0.11041854	0.14431302	0.10016381	1434.0	0.11922765	0.2582
DNM3	0.13088904	0.12555046	0.09899814	0.10840941	0.12786606	1435.8	0.118342616	0.2584
AC013391.2	0.10604861	0.124794595	0.113216326	0.11520057	0.12880401	1436.6	0.117612824	0.2586
COL5A2	0.099884644	0.14638045	0.10991455	0.11402017	0.13434596	1437.6	0.120909154	0.2588
MACC1	0.116321005	0.11886506	0.10981158	0.12986976	0.11056774	1440.2	0.11708703	0.259
CXCL14	0.12048122	0.12305921	0.11119916	0.104464926	0.12032487	1440.4	0.11590588	0.2592
AL031599.1	0.12367789	0.12617153	0.1091384	0.11132206	0.11018637	1441.6	0.11609924	0.2594
UPP1	0.13113514	0.10519322	0.12209282	0.12237939	0.10649449	1443.8	0.117459014	0.2596
AUTS2	0.1168822	0.1272177	0.13635269	0.09289289	0.11861155	1444.4	0.11839141	0.2598
COL28A1	0.12132086	0.11515738	0.12508775	0.116855234	0.10393012	1446.0	0.11647028	0.26
TENM4	0.11456897	0.11438865	0.11805252	0.11405771	0.11926723	1447.6	0.116067015	0.2602
LINC01538	0.1243245	0.11080004	0.10649453	0.12274017	0.11933441	1448.2	0.11673874	0.2604
WDR66	0.12928143	0.12806061	0.10301795	0.12407989	0.10412489	1449.0	0.11771295	0.2606
SLC35D1	0.11951134	0.1399198	0.10785121	0.10171735	0.11654256	1449.2	0.11710845	0.2608
SPAG16	0.11122921	0.11914581	0.10902556	0.13126965	0.11575522	1449.4	0.11728509	0.261
RNASEK	0.1352841	0.121025324	0.10335275	0.10766801	0.11672001	1451.0	0.11681004	0.2613
SNHG29	0.12084368	0.12143067	0.09998581	0.12703273	0.11862651	1451.0	0.117583886	0.2613
DYNLL1	0.11425405	0.110490166	0.11403059	0.15325694	0.10721142	1458.4	0.11984863	0.2616
MAML2	0.13294382	0.11181354	0.11143081	0.10068172	0.12646331	1459.8	0.11666664	0.2618
C12orf57	0.113159776	0.113391496	0.106952645	0.14491831	0.11532862	1461.2	0.11875017	0.262
PRELID2	0.12818164	0.10910307	0.12806807	0.09676225	0.123340346	1463.2	0.117091075	0.2622
ANKRD33B	0.1185407	0.13699807	0.10322948	0.11566023	0.11167176	1463.4	0.117220044	0.2624
PLAG1	0.12734634	0.12692237	0.104133904	0.11327916	0.109593004	1463.8	0.11625495	0.2626
RPL7	0.11397948	0.12987456	0.1067262	0.12674788	0.108316235	1464.8	0.11712887	0.2628
DYNLRB1	0.1210741	0.11785526	0.110566035	0.11663388	0.110513344	1468.6	0.11532853	0.263
MT-ND5	0.12890771	0.109531514	0.1048607	0.12241847	0.11728871	1469.2	0.11660142	0.2632
AC109322.1	0.11910386	0.12496647	0.10477318	0.15777525	0.098869935	1469.6	0.12109773	0.2634
AC104170.1	0.12718128	0.13290507	0.10424551	0.10863567	0.10981637	1470.6	0.116556786	0.2636
IFI30	0.12939572	0.119264424	0.09939396	0.11392736	0.12269818	1471.2	0.11693593	0.2638
AC105411.1	0.11722777	0.09793553	0.11750156	0.12488056	0.1331662	1472.0	0.11814232	0.264
MRAS	0.12687822	0.12372243	0.10651509	0.10478523	0.11619976	1472.6	0.115620136	0.2642
CIT	0.13027999	0.114937365	0.10853619	0.10114392	0.12575796	1474.0	0.11613109	0.2644
DOCK11	0.13325843	0.1132417	0.113711365	0.10847135	0.11034544	1474.4	0.11580565	0.2646
SIK2	0.13019617	0.10987532	0.1067493	0.12815535	0.10959421	1474.6	0.11691407	0.2648
EFHD2	0.1183551	0.1114474	0.10286977	0.1521331	0.11439584	1474.8	0.11984024	0.265
TSIX	0.124631174	0.11467808	0.12036138	0.09291851	0.1342726	1475.0	0.11737235	0.2652
LDB2	0.1227314	0.13084394	0.10325923	0.11478911	0.10997439	1476.0	0.11631961	0.2654
ST6GALNAC3	0.116962805	0.105247185	0.11708884	0.13749269	0.11124516	1476.2	0.11760734	0.2657
CARD18	0.13664034	0.13466863	0.09353589	0.11602514	0.116100006	1476.2	0.119394004	0.2657
AC078980.1	0.11062247	0.12205616	0.11859693	0.11226209	0.114191405	1476.6	0.11554581	0.266
TMEM256	0.118890196	0.10424692	0.12506004	0.111841016	0.12115337	1477.4	0.11623831	0.2662
FRK	0.1339105	0.12004526	0.110078186	0.113856815	0.1022514	1478.4	0.11602844	0.2664
CNTN6	0.13174632	0.11966668	0.13323918	0.085158736	0.12343517	1479.0	0.11864922	0.2666
GAREM1	0.13587952	0.10863467	0.1229038	0.100657135	0.11348428	1479.6	0.116311885	0.2669
KIAA1211	0.13222203	0.1265228	0.12984507	0.08338272	0.121920854	1479.6	0.118778706	0.2669
TSC22D2	0.12247938	0.13359112	0.11315484	0.100359984	0.10973217	1480.0	0.11586349	0.2672
AL022068.1	0.11099622	0.12999986	0.1123188	0.10514126	0.121228576	1480.8	0.11593695	0.2674
AL445433.2	0.12872945	0.11721601	0.09503906	0.13536309	0.12004053	1481.4	0.119277634	0.2677
KYNU	0.11331219	0.12656519	0.12612759	0.0897345	0.1371121	1481.4	0.118570305	0.2677
LY9	0.115066096	0.13405864	0.1103364	0.11730877	0.10463515	1483.8	0.11628101	0.268
LINC01725	0.113817416	0.10402974	0.10823534	0.14226018	0.12613595	1484.4	0.118895724	0.2682
PTPRE	0.1326279	0.12933777	0.09598542	0.1160977	0.11499036	1485.2	0.11780783	0.2684
HLA-DPA1	0.11894802	0.11448621	0.11183976	0.11552218	0.114488155	1486.4	0.11505686	0.2686
PSMB6	0.118255466	0.11214323	0.108148776	0.13090803	0.11313059	1486.6	0.11651721	0.2688
DNAJA4	0.11807511	0.11507483	0.10297472	0.120356135	0.12504925	1487.4	0.11630601	0.269
SLCO2A1	0.115289524	0.14228027	0.109677434	0.10136432	0.11521871	1487.6	0.11676605	0.2692
IL18	0.11071801	0.11526166	0.113264926	0.1286152	0.11331066	1488.6	0.11623409	0.2694
LAMA2	0.11943267	0.121764764	0.1112129	0.11111411	0.11048472	1489.2	0.11480184	0.2696
ACER2	0.11712781	0.11547001	0.10332165	0.12403606	0.12200215	1489.6	0.116391525	0.2698
ENPEP	0.119286604	0.113212906	0.117037594	0.10284898	0.12381312	1490.8	0.11523984	0.27
RPL22L1	0.13135314	0.10805345	0.10763166	0.12470601	0.11015662	1491.2	0.11638017	0.2702
RPL10A	0.11197517	0.11022107	0.10658082	0.13543713	0.12342993	1491.6	0.11752883	0.2704
EVA1A	0.12530507	0.09675542	0.124879524	0.11691738	0.120267324	1492.0	0.11682495	0.2706
B3GALT5	0.106568016	0.12373903	0.11936409	0.10699286	0.12357577	1492.6	0.116047956	0.2708
CA12	0.13366681	0.12496511	0.12254297	0.0913413	0.11127025	1492.8	0.11675729	0.271
SPINK1	0.12189236	0.12150482	0.110646345	0.119130336	0.10298084	1494.4	0.11523094	0.2712
RPL35	0.1246154	0.10382047	0.109848574	0.1241248	0.11771855	1494.6	0.11602555	0.2714
SMIM2-AS1	0.11914508	0.110626474	0.10504828	0.12747839	0.11897905	1496.8	0.11625545	0.2716
TTC39C	0.12980115	0.1207352	0.12133011	0.09801855	0.10808602	1497.4	0.11559421	0.2718
AGXT2	0.11887552	0.11694703	0.1137465	0.11144419	0.11210471	1498.4	0.11462359	0.272
ZNF676	0.121837765	0.13424656	0.11550658	0.09581823	0.112143755	1498.8	0.115910575	0.2722
TFCP2L1	0.11735857	0.118014276	0.12002738	0.10786248	0.11115659	1499.0	0.114883855	0.2725
TPT1	0.12506823	0.109835185	0.109687515	0.11592715	0.11451955	1499.0	0.115007535	0.2725
CRIM1	0.11649933	0.12202868	0.10951204	0.118169464	0.10927624	1499.8	0.11509715	0.2728
MT1M	0.111879714	0.11408883	0.112381086	0.10975399	0.13141477	1500.4	0.11590369	0.273
RNASE1	0.122313954	0.12222487	0.106966	0.11744391	0.106770895	1501.0	0.11514392	0.2732
MYO1E	0.11976522	0.12554127	0.102797315	0.114925176	0.11485124	1501.4	0.11557605	0.2734
STRIP2	0.11447808	0.1355755	0.1098872	0.09743241	0.12482412	1502.2	0.11643946	0.2736
SEMA6A	0.111075014	0.11794225	0.11562347	0.12047383	0.11159533	1503.2	0.11534198	0.2738
CENPF	0.11354111	0.09660338	0.12504338	0.12395478	0.13105954	1503.4	0.11804043	0.274
KLF5	0.103522494	0.12546952	0.10641196	0.12121706	0.13063245	1504.6	0.1174507	0.2742
UBE2S	0.11514145	0.11536855	0.10710407	0.12095444	0.117737226	1504.8	0.11526115	0.2744
FIS1	0.116864316	0.11461995	0.11045287	0.13064244	0.107572615	1506.4	0.11603043	0.2747
LRRK1	0.116645664	0.099388346	0.12333244	0.12967256	0.11591262	1506.4	0.11699033	0.2747
HOXD10	0.13151585	0.12093814	0.09785839	0.120835885	0.11321322	1506.7	0.116872296	0.275
VEGFC	0.13245112	0.11221587	0.11408392	0.09968272	0.11794252	1507.6	0.11527523	0.2752
GLDC	0.116363615	0.12216962	0.10198593	0.118736215	0.11939389	1507.8	0.11572985	0.2754
P3H2	0.11757842	0.13031726	0.10979759	0.1128422	0.10555668	1509.0	0.11521842	0.2756
MXI1	0.13009511	0.11528366	0.10677036	0.11762812	0.10707715	1509.2	0.115370885	0.2758
CD163L1	0.122447535	0.14343245	0.13171895	0.078287914	0.12595539	1510.8	0.12036844	0.276
ESRRG	0.121229574	0.103650495	0.12125169	0.10687156	0.12482845	1511.0	0.11556635	0.2763
IMP3	0.10480795	0.14772263	0.105439775	0.111354545	0.122187704	1511.0	0.11830251	0.2763
AC007001.1	0.114500634	0.1276367	0.092512205	0.16017295	0.11908912	1512.4	0.12278233	0.2766
RPL4	0.10577062	0.12508854	0.108373545	0.14071853	0.10968337	1513.2	0.11792693	0.2769
GDPD4	0.13752489	0.13599864	0.10613489	0.09652351	0.10872889	1513.2	0.11698216	0.2769
ACAT1	0.14733237	0.105923235	0.110626176	0.106303506	0.112671934	1516.0	0.11657144	0.2772
IFNAR2	0.13471319	0.13274164	0.10468842	0.115192525	0.09730825	1516.2	0.116928816	0.2774
TMEM258	0.11467532	0.12393888	0.10828835	0.13378944	0.10260356	1516.6	0.116659105	0.2776
AC092943.2	0.12449229	0.13295452	0.099140905	0.11915705	0.10787708	1517.0	0.11672437	0.2778
LINC00671	0.1164631	0.107412316	0.12353916	0.11016246	0.11723849	1518.0	0.1149631	0.278
TMEM141	0.121407405	0.12663095	0.09874642	0.11880032	0.114803076	1519.0	0.11607764	0.2783
GNAO1	0.103616975	0.13474284	0.10669823	0.13422668	0.11203679	1519.0	0.118264295	0.2783
AC108752.1	0.11749507	0.12004603	0.12623592	0.09485854	0.118252546	1519.2	0.11537762	0.2786
DPP10	0.13694216	0.1020642	0.12769115	0.09812008	0.119037226	1519.6	0.11677096	0.2788
ICAM1	0.12891543	0.13898836	0.112777494	0.09128484	0.111479335	1521.0	0.1166891	0.279
RPS25	0.11666654	0.10636558	0.108850926	0.151601	0.10924473	1521.8	0.11854575	0.2792
AL390860.1	0.12812093	0.1303882	0.100469984	0.11185584	0.10884311	1522.6	0.11593561	0.2794
PSME1	0.12521496	0.122728914	0.111223556	0.10443179	0.1079953	1523.4	0.11431889	0.2796
ERVMER61-1	0.11693756	0.122947656	0.11284211	0.12504786	0.0997684	1523.6	0.11550872	0.2798
GSTCD	0.11086384	0.113779865	0.13269766	0.10532728	0.11588616	1523.8	0.11571096	0.28
CDKL2	0.119168304	0.1170119	0.11986372	0.095122926	0.124464355	1525.8	0.11512624	0.2802
AC084816.1	0.10928425	0.12658724	0.12582743	0.09645931	0.12168195	1527.8	0.11596803	0.2804
PCBD1	0.12714629	0.11020499	0.116211995	0.11344453	0.10587731	1528.6	0.11457702	0.2806
RPL19	0.116584174	0.11308786	0.10872262	0.12999177	0.10945422	1529.0	0.11556814	0.2808
TMED9	0.13390593	0.11450302	0.108407035	0.11552494	0.10368769	1529.8	0.11520573	0.281
RNLS	0.13363168	0.11335203	0.121275984	0.094902694	0.114266396	1530.4	0.115485765	0.2812
INTS6	0.1249578	0.11889002	0.1127704	0.097687274	0.11754066	1531.0	0.11436923	0.2814
MME	0.12122095	0.11126711	0.1108204	0.11853679	0.10993461	1532.4	0.11435597	0.2816
OSBPL6	0.12494336	0.10975224	0.10691748	0.12713885	0.10850761	1532.8	0.11545191	0.2818
IL17RB	0.10829612	0.115945384	0.1121111	0.12127745	0.11698101	1533.6	0.11492221	0.282
CXCL1	0.120748065	0.11997883	0.11232777	0.12238534	0.09957441	1534.0	0.11500287	0.2823
EBF1	0.13120623	0.13727878	0.09869091	0.1266878	0.09828391	1534.0	0.11842953	0.2823
CACNG2	0.11395841	0.116176285	0.11635253	0.117611416	0.108021125	1534.2	0.11442395	0.2826
FTCD	0.09652503	0.12002725	0.12253678	0.116211824	0.13238294	1535.0	0.11753677	0.2828
AC092802.1	0.116359025	0.113774575	0.11135629	0.122609444	0.109440774	1535.8	0.11470802	0.283
AIF1L	0.13110067	0.12667699	0.09241252	0.14909773	0.10584366	1536.6	0.121026315	0.2832
AC093496.1	0.116516896	0.11998895	0.114927106	0.11075387	0.108180985	1536.8	0.11407356	0.2835
AC020611.2	0.115461394	0.12429074	0.105899364	0.110594116	0.11583845	1536.8	0.114416815	0.2835
LPAR1	0.1138356	0.1294892	0.14046158	0.09257381	0.110566325	1538.6	0.117385305	0.2838
AL136234.1	0.12174606	0.11976998	0.10681929	0.11506071	0.107891835	1539.0	0.114257574	0.284
ATF7IP2	0.120311	0.14683445	0.110827535	0.093143225	0.11266677	1539.8	0.116756596	0.2842
PLAC8L1	0.10218781	0.10584925	0.11499402	0.1261314	0.14548911	1540.2	0.11893032	0.2844
CLMN	0.12337952	0.12679069	0.09634388	0.119549386	0.115175866	1542.4	0.11624787	0.2846
AL121972.1	0.118746854	0.115297794	0.10496192	0.112847395	0.12028074	1543.0	0.11442693	0.2848
COPS9	0.12693796	0.11484678	0.10255915	0.12026221	0.11051394	1545.8	0.11502401	0.285
RPL32	0.112944834	0.10980238	0.11077538	0.13338137	0.11166009	1546.4	0.11571281	0.2852
SORBS1	0.1255797	0.13076593	0.10236658	0.11894413	0.10107096	1548.6	0.11574546	0.2854
PRSS12	0.12121117	0.13088392	0.112472996	0.10384176	0.10342102	1550.0	0.114366174	0.2856
TXNIP	0.15694682	0.15430997	0.09412734	0.10532579	0.10295894	1551.4	0.12273376	0.2858
AL627171.1	0.11205482	0.099974886	0.1212885	0.12321841	0.12266312	1551.8	0.11583994	0.286
ASXL3	0.123480916	0.117819965	0.11843694	0.096632116	0.1140549	1553.0	0.114084974	0.2862
DOCK3	0.12665792	0.098987505	0.11791012	0.1130056	0.11695127	1553.2	0.114702486	0.2864
CFAP221	0.104112685	0.12809892	0.106499895	0.11299316	0.12769929	1554.0	0.11588079	0.2866
ISCU	0.10598439	0.12675835	0.11665413	0.10013768	0.12736453	1555.2	0.115379825	0.2868
HIST1H4C	0.11323003	0.121021695	0.1086514	0.12400938	0.10623948	1555.4	0.1146304	0.287
BMPR1B	0.11494187	0.10990066	0.105314665	0.12656157	0.11929599	1555.6	0.11520295	0.2872
ANPEP	0.10683513	0.11401352	0.1160293	0.1118252	0.12492965	1555.8	0.11472656	0.2874
AC110023.1	0.1135467	0.116144	0.105282724	0.11355041	0.12376915	1556.8	0.1144586	0.2876
CHST9	0.121416286	0.10743825	0.11417567	0.11810615	0.10901714	1557.6	0.114030704	0.2878
CD74	0.11676652	0.12689024	0.09726396	0.14217234	0.10765406	1559.6	0.11814942	0.288
NPAS3	0.116168216	0.11216863	0.10607799	0.11814094	0.11907992	1560.4	0.11432715	0.2882
SEMA3A	0.11028522	0.13021052	0.115628086	0.105830684	0.109619886	1562.8	0.11431489	0.2884
AXDND1	0.10680929	0.13454987	0.10642901	0.11354409	0.11496516	1563.0	0.11525948	0.2886
PCDH9	0.11889586	0.114856265	0.12716278	0.097048245	0.11411342	1563.6	0.11441531	0.2888
AC244035.1	0.107659884	0.122685425	0.11390316	0.10536651	0.121997125	1564.0	0.114322424	0.289
AC025262.1	0.10885899	0.10618516	0.1116792	0.13765943	0.11686187	1564.8	0.11624893	0.2892
ANXA3	0.10438552	0.10838321	0.13081054	0.12325794	0.11376656	1566.4	0.116120756	0.2894
AL109809.5	0.11139056	0.11222923	0.10463108	0.14279221	0.11335262	1567.6	0.11687914	0.2896
DNAH12	0.1300961	0.12323277	0.11460508	0.093865015	0.110114746	1568.4	0.11438273	0.2898
SLC5A4-AS1	0.10544938	0.117658675	0.10568602	0.13342576	0.11802274	1570.8	0.116048515	0.29
RPL31	0.11114047	0.108803585	0.11251975	0.12085148	0.11737595	1571.2	0.114138246	0.2902
STARD13-AS	0.11903974	0.13019335	0.0968435	0.13098845	0.10724956	1575.2	0.116862915	0.2904
UCP2	0.12118321	0.12320007	0.10277266	0.13135473	0.09999921	1576.8	0.11570197	0.2906
CCNT2-AS1	0.119623244	0.12337259	0.10386637	0.10523349	0.11638743	1577.0	0.11369662	0.2908
AL031666.2	0.115233265	0.1292188	0.10166432	0.1332236	0.10285375	1577.6	0.11643875	0.291
ID3	0.13285	0.12594555	0.09460168	0.11590122	0.11217848	1578.2	0.1162954	0.2912
TYROBP	0.11801468	0.0970489	0.12723568	0.11125095	0.12221848	1579.4	0.115153745	0.2914
NFKB1	0.113884546	0.123106934	0.12565032	0.107404776	0.101214804	1580.4	0.114252284	0.2916
CYP4A22-AS1	0.119051896	0.12074744	0.10583314	0.12602773	0.10144416	1580.6	0.11462088	0.2918
RPS2	0.118305214	0.11149485	0.10489076	0.1282686	0.11061932	1582.8	0.11471574	0.292
C8orf34	0.124612585	0.120550595	0.11332137	0.088179596	0.12840576	1584.8	0.11501398	0.2922
ANKUB1	0.11955894	0.11804963	0.09579322	0.12575863	0.12002142	1585.0	0.11583637	0.2924
AL031073.2	0.11862715	0.116983995	0.12018925	0.103290804	0.10755918	1585.8	0.11333008	0.2927
SKAP2	0.12427126	0.13572286	0.10148097	0.11980491	0.097952746	1585.8	0.11584655	0.2927
CARD11	0.12600644	0.117613345	0.12742397	0.08931247	0.11376449	1587.6	0.11482414	0.293
PPP1R15A	0.11927494	0.11417184	0.10965791	0.117529355	0.10626425	1588.6	0.11337966	0.2932
AP003086.1	0.10132295	0.113552645	0.12243199	0.11768773	0.12084668	1588.8	0.11516839	0.2934
NDUFAF3	0.109355524	0.12414719	0.1180823	0.10647042	0.109794535	1589.0	0.11357	0.2936
CCDC18-AS1	0.12512839	0.11743703	0.103945844	0.11513607	0.10699445	1590.6	0.11372836	0.2938
KALRN	0.11916707	0.11008583	0.10384506	0.120072216	0.116305046	1591.0	0.113895044	0.294
AC012494.1	0.12091989	0.13934201	0.124246575	0.08053902	0.11977109	1591.2	0.11696372	0.2942
LINC01721	0.12075431	0.123269066	0.10188548	0.12556452	0.10245214	1593.8	0.11478511	0.2944
AC087286.2	0.117007814	0.12393976	0.10611207	0.11299785	0.10705715	1596.0	0.11342293	0.2946
GATM	0.11841769	0.121370055	0.10482245	0.10736382	0.1140244	1597.0	0.11319969	0.2948
GABARAPL2	0.118360996	0.12858717	0.103067	0.12080502	0.10189987	1597.2	0.11454401	0.295
THBS1	0.12033327	0.116735324	0.10403907	0.107507475	0.11717077	1598.4	0.113157175	0.2953
AC125807.2	0.11250564	0.11702237	0.107214555	0.118603185	0.11173691	1598.4	0.11341653	0.2953
AC007611.1	0.11263515	0.10498828	0.111057535	0.11760456	0.12287828	1598.8	0.11383276	0.2958
CFB	0.12724742	0.13955842	0.0884593	0.11837687	0.11703164	1598.8	0.11813474	0.2958
LIPC	0.10478773	0.123230144	0.11599027	0.11487187	0.11109078	1598.8	0.11399416	0.2958
TNFRSF13C	0.11680796	0.116785705	0.11053995	0.13297768	0.09800969	1599.4	0.115024194	0.2962
SAP18	0.114878386	0.11519224	0.1012116	0.13774687	0.110444695	1599.6	0.11589476	0.2965
CACNA2D1	0.11832266	0.12970991	0.11300191	0.09658598	0.1102434	1599.6	0.11357278	0.2965
MEGF11	0.10715872	0.119993106	0.12084576	0.10180195	0.11867017	1601.4	0.11369394	0.2968
MYOM1	0.11833042	0.11239115	0.116417035	0.10414071	0.11292532	1601.8	0.11284091	0.297
AC128707.1	0.108383946	0.12675492	0.10793364	0.10963525	0.11560381	1603.4	0.11366232	0.2972
MAL	0.10489824	0.1158546	0.11907974	0.123503044	0.108624086	1605.8	0.114391945	0.2974
LINC02334	0.102187835	0.10206578	0.14107653	0.121441975	0.12030396	1607.0	0.11741521	0.2976
CA4	0.10704676	0.13355948	0.12604214	0.101946376	0.105236195	1607.4	0.114766195	0.2978
LINC01967	0.12364024	0.11104168	0.10840966	0.13184364	0.09905606	1607.8	0.11479826	0.298
PAG1	0.108031	0.13002329	0.121714406	0.09487034	0.11735267	1608.4	0.11439834	0.2983
LINC02680	0.12185842	0.11836983	0.10829005	0.13112272	0.09482511	1608.4	0.11489322	0.2983
SLC39A14	0.09912994	0.11568799	0.14442146	0.100469634	0.12876083	1609.8	0.117693976	0.2986
MET	0.13040982	0.11675452	0.10450851	0.10777213	0.10760822	1610.2	0.11341064	0.2988
AP001831.1	0.12411459	0.11589893	0.096591026	0.12989898	0.11141457	1610.6	0.11558361	0.299
PLEKHA5	0.11142878	0.11791806	0.10631099	0.121335685	0.11054087	1612.4	0.113506876	0.2992
C15orf48	0.12585807	0.114093035	0.10083588	0.12904453	0.10475484	1612.8	0.11491728	0.2994
HIST1H2BG	0.121429265	0.11926936	0.1068205	0.10809303	0.10786761	1613.0	0.112695955	0.2996
AC246817.1	0.13071045	0.14034155	0.0985431	0.094903454	0.11638564	1613.2	0.11617684	0.2998
AL049828.1	0.11574257	0.12995172	0.09995726	0.12053329	0.10687648	1615.2	0.11461226	0.3
PRKACB	0.11992711	0.11755571	0.105105765	0.119979806	0.104004346	1616.0	0.11331455	0.3002
GCGR	0.1130669	0.09702026	0.1269995	0.112090856	0.124443814	1616.6	0.11472426	0.3004
ADAM10	0.111144796	0.12417762	0.10587894	0.10999925	0.11450055	1617.4	0.113140225	0.3006
AJAP1	0.11953142	0.12556057	0.11237272	0.09037837	0.12049024	1617.8	0.11366667	0.3008
AC012593.1	0.10433981	0.11377925	0.114859626	0.11197646	0.12412592	1618.8	0.1138162	0.301
STAC	0.12057155	0.1362149	0.11249159	0.09092118	0.11105236	1620.0	0.11425032	0.3013
LINC01818	0.110742085	0.13184194	0.10530031	0.108758144	0.11211823	1620.0	0.11375214	0.3013
TACC1	0.12615752	0.12654653	0.110661715	0.09440361	0.10895332	1621.4	0.113344535	0.3016
LINC01762	0.113331236	0.113895215	0.108211085	0.11646077	0.11222696	1623.2	0.11282506	0.3018
SMAD3	0.12451116	0.12349282	0.10688065	0.10647354	0.103162736	1623.4	0.112904176	0.302
BANK1	0.11908144	0.12447774	0.11735785	0.10039956	0.10298538	1624.2	0.1128604	0.3022
EML5	0.106045865	0.11912592	0.10637968	0.13541204	0.10871468	1629.0	0.11513563	0.3024
PRMT8	0.102749534	0.12554803	0.12798029	0.10016893	0.11569583	1629.4	0.11442852	0.3026
PDE2A	0.11827477	0.11887751	0.11677804	0.09635641	0.11274011	1630.0	0.11260537	0.3028
RPL36AL	0.12102237	0.09930517	0.107469626	0.11814862	0.12243039	1630.4	0.11367524	0.303
LINC01098	0.102442004	0.1210283	0.121792555	0.11243333	0.11086918	1631.0	0.11371307	0.3032
PGM5	0.12651113	0.11008802	0.097301155	0.12597288	0.11422248	1631.2	0.11481913	0.3034
COX14	0.109743096	0.097217366	0.12174466	0.1315704	0.11588699	1632.6	0.115232505	0.3036
AC017101.1	0.118790075	0.1294344	0.10107037	0.12759987	0.098345354	1633.6	0.11504801	0.3038
SLC4A4	0.11234351	0.12093814	0.11055935	0.114623435	0.104190886	1639.0	0.112531066	0.304
SLC9C1	0.093827605	0.117724575	0.104034625	0.14496572	0.13622655	1639.2	0.11935581	0.3042
CACNA2D3	0.12078583	0.11589746	0.11951471	0.091347925	0.11711356	1640.0	0.11293189	0.3044
TP53BP2	0.11145771	0.11959907	0.11197295	0.10362523	0.114327975	1640.8	0.11219659	0.3046
HSPA2	0.11589705	0.11040924	0.11113974	0.120084	0.10518143	1646.4	0.112542294	0.3048
PCSK1N	0.1217123	0.12119291	0.10341482	0.11750731	0.10098464	1646.8	0.1129624	0.3051
CALCR	0.11925881	0.12094257	0.118359305	0.096430525	0.107200325	1646.8	0.112438306	0.3051
KNL1	0.1263529	0.11067865	0.11733276	0.09703282	0.11099854	1648.8	0.112479135	0.3054
AL096799.1	0.119238466	0.13052325	0.1069464	0.10191109	0.10471789	1650.6	0.11266742	0.3056
PTER	0.09968157	0.11102289	0.12172649	0.11160744	0.12758854	1654.2	0.11432538	0.3058
FSIP2	0.10409435	0.10857633	0.109848365	0.12861618	0.119718015	1654.4	0.11417065	0.306
ARID3A	0.11535914	0.12147429	0.102914914	0.1096929	0.11297893	1654.6	0.11248402	0.3062
PER3	0.10798364	0.108138025	0.11396247	0.11060498	0.12305594	1655.2	0.11274902	0.3065
ANAPC11	0.115856215	0.119051844	0.10788258	0.12338946	0.09936563	1655.2	0.11310915	0.3065
MYOCOS	0.11643338	0.13135332	0.09027504	0.11991859	0.1225706	1656.0	0.11611018	0.3068
AC020637.1	0.13285936	0.1042329	0.10768934	0.111238144	0.10870609	1657.2	0.11294518	0.307
ESR2	0.11655148	0.10793296	0.1145851	0.11300441	0.10798492	1658.0	0.112011775	0.3073
KIRREL1	0.123832636	0.124216065	0.10340031	0.10415921	0.10692048	1658.0	0.11250575	0.3073
C8orf37-AS1	0.11382799	0.10654678	0.10524228	0.12356701	0.1160736	1659.0	0.11305153	0.3076
AKR1C3	0.11811717	0.11586438	0.11299258	0.12108274	0.09599812	1659.8	0.11281099	0.3078
GCLC	0.11987476	0.12540801	0.098817244	0.1299008	0.099833384	1661.0	0.114766836	0.308
AL078459.1	0.11311363	0.12348328	0.10004291	0.11487611	0.11355973	1662.0	0.11301513	0.3082
GUCY1A1	0.114565276	0.11749151	0.1049799	0.10645389	0.11649195	1663.6	0.11199651	0.3084
SELENOP	0.11883163	0.10126602	0.11329432	0.106713526	0.12190429	1665.8	0.11240196	0.3086
HIST1H2BD	0.14772487	0.1320046	0.10517796	0.10131581	0.092860185	1668.0	0.11581669	0.3088
SULT2B1	0.11499476	0.13488105	0.1027049	0.09510333	0.121315435	1669.0	0.11379989	0.309
LINC01645	0.11900961	0.10937162	0.09813529	0.12953202	0.11507653	1670.0	0.114225015	0.3092
SRPX2	0.11414475	0.13252638	0.111355245	0.09422112	0.112006016	1670.2	0.1128507	0.3094
NEDD9	0.1122336	0.10838175	0.11109479	0.10895032	0.11867673	1671.2	0.11186744	0.3096
PIK3R3	0.117747	0.11681736	0.1180722	0.09851529	0.108078375	1671.4	0.111846045	0.3098
AP001021.3	0.11414481	0.103494786	0.10891331	0.12070103	0.11537605	1671.6	0.112526	0.31
AL603756.1	0.10939885	0.120081685	0.10151725	0.13063212	0.108187646	1673.6	0.11396351	0.3102
CFAP43	0.12717424	0.12772718	0.113719605	0.09509753	0.09989121	1674.2	0.11272194	0.3104
PSENEN	0.116610125	0.12292729	0.10033569	0.10512226	0.116813555	1676.6	0.11236179	0.3106
FAXC	0.103380516	0.12016242	0.12693654	0.09789572	0.118433215	1678.2	0.11336168	0.3108
B2M	0.11918692	0.10713118	0.10387926	0.12845361	0.10728839	1679.0	0.11318787	0.3111
CA2	0.12408842	0.12252234	0.1038213	0.09805212	0.112525776	1679.0	0.11220199	0.3111
PMEPA1	0.11229829	0.09714345	0.11250834	0.13949293	0.1124714	1680.0	0.114782885	0.3114
AP001442.1	0.108329825	0.12638153	0.096260324	0.12037681	0.120736256	1680.8	0.11441694	0.3116
MYH11	0.14332505	0.124073744	0.10323429	0.09051753	0.11042381	1681.2	0.11431488	0.3118
DPP4	0.12856124	0.11415159	0.10547124	0.10887443	0.10347159	1682.0	0.11210601	0.3122
SLC5A10	0.112110764	0.11316277	0.114481814	0.101555884	0.1165289	1682.0	0.11156802	0.3122
NRAD1	0.12015144	0.108442865	0.11074597	0.103335716	0.11382614	1682.0	0.111300424	0.3122
UQCRH	0.1039511	0.11582997	0.13106629	0.09988259	0.11609402	1682.4	0.11336479	0.3126
AC105094.2	0.11495985	0.12169105	0.1242889	0.08024569	0.13674767	1682.8	0.11558662	0.3128
PANK1	0.117888965	0.1202687	0.10192467	0.11840891	0.10358355	1683.6	0.11241497	0.313
RPS4X	0.13051152	0.10201669	0.104591064	0.110373534	0.11538603	1684.0	0.11257577	0.3133
ASS1	0.12789394	0.11030239	0.10310002	0.11112584	0.10837926	1684.0	0.11216029	0.3133
KIAA1324	0.12939823	0.12079919	0.11227594	0.09294627	0.10576746	1684.2	0.112237416	0.3136
PPM1E	0.11173103	0.1281997	0.10483711	0.11293887	0.104143344	1686.2	0.112370014	0.3139
GFRA1	0.11116049	0.1166625	0.09778883	0.12508504	0.11815117	1686.2	0.11376961	0.3139
GALNT18	0.13355935	0.1221582	0.10112221	0.09732229	0.11067205	1686.6	0.11296681	0.3142
ATP6AP1L	0.1090655	0.10947166	0.12038827	0.11108848	0.10982845	1687.2	0.11196847	0.3144
LRIG3	0.11065621	0.09978832	0.115301155	0.109537795	0.1312034	1687.6	0.11329738	0.3147
DAPK1	0.115111	0.11016921	0.10969389	0.11155257	0.11036643	1687.6	0.111378625	0.3147
SNX30	0.10652318	0.115607806	0.10295882	0.11929859	0.11990251	1688.2	0.112858176	0.315
PDE7B	0.12173989	0.11937964	0.09580535	0.111543685	0.11586771	1688.4	0.11286726	0.3152
SLC7A8	0.115165375	0.121353135	0.10217846	0.11567894	0.10699496	1688.6	0.11227417	0.3154
CALCB	0.11064106	0.13585885	0.10169421	0.14043185	0.09448512	1689.2	0.116622224	0.3156
FAM83B	0.12082279	0.12444656	0.11453959	0.087325275	0.11555851	1691.6	0.112538554	0.3158
SHROOM3	0.11839045	0.12584442	0.098698094	0.11125024	0.10902295	1692.0	0.11264123	0.316
SELENOM	0.11432042	0.11078874	0.11453203	0.10828588	0.10834876	1695.2	0.11125517	0.3162
NME2	0.112810805	0.12528501	0.09903019	0.11991297	0.1079921	1696.0	0.11300622	0.3164
SELENOK	0.11193605	0.11210083	0.10340925	0.11142132	0.12147433	1696.8	0.112068355	0.3166
CD37	0.118206106	0.10941694	0.106044084	0.11991418	0.105381645	1700.4	0.11179259	0.3168
AC026495.2	0.1082198	0.11271692	0.11941115	0.1210378	0.1008633	1702.6	0.11244979	0.317
SLC5A11	0.119441114	0.101378806	0.117235646	0.10910993	0.11049841	1703.4	0.111532785	0.3172
AKR1A1	0.10543131	0.12206965	0.11067029	0.104903206	0.11493035	1703.6	0.11160096	0.3175
TSC22D3	0.12618992	0.10976992	0.11298774	0.11598632	0.09530257	1703.6	0.11204729	0.3175
NT5DC3	0.11166988	0.1120472	0.12148097	0.10212472	0.110042945	1704.6	0.11147314	0.3178
RNASE4	0.114621215	0.109334074	0.10481985	0.1246397	0.10781641	1705.8	0.11224625	0.318
LINC01320	0.115835324	0.10211021	0.110708065	0.13017128	0.1053018	1706.6	0.112825334	0.3182
SGIP1	0.12582819	0.1198107	0.10375745	0.100164875	0.108215675	1707.0	0.11155538	0.3184
ROBO2	0.11825298	0.12889963	0.10184424	0.101260796	0.10993671	1708.8	0.11203887	0.3186
LINC00504	0.10883864	0.11262861	0.113853164	0.101640716	0.120633565	1709.0	0.111518934	0.3188
RCAN1	0.121506535	0.12013092	0.12341718	0.079678826	0.12332811	1709.4	0.11361232	0.319
NDUFB2	0.10569847	0.11233249	0.10901006	0.1192634	0.113230735	1710.6	0.11190703	0.3192
GMNC	0.12016612	0.11264674	0.097471565	0.11823619	0.11395644	1712.0	0.11249541	0.3194
PHB	0.10113412	0.11727128	0.12642938	0.094020896	0.13247898	1712.4	0.11426693	0.3196
MAGI1	0.10928946	0.10887654	0.10258004	0.13792805	0.1116154	1713.8	0.1140579	0.3198
HIGD2A	0.104815155	0.11447045	0.1069703	0.11410895	0.119449146	1714.2	0.11196281	0.32
LIPH	0.1197458	0.123680174	0.108849496	0.09143317	0.113878764	1717.0	0.111517474	0.3202
MYO3A	0.11545964	0.11439604	0.09490349	0.11634845	0.12617058	1717.8	0.11345564	0.3204
MAP3K15	0.10182717	0.121189654	0.10721254	0.11989316	0.111953594	1718.2	0.11241523	0.3206
STARD13	0.12772535	0.11445364	0.114177644	0.08771765	0.1164925	1719.0	0.11211336	0.3208
FYB1	0.11823921	0.10449531	0.11655238	0.093805216	0.12849866	1719.2	0.11231816	0.321
RPS13	0.12048291	0.10460403	0.101904705	0.12419182	0.11053431	1722.0	0.11234355	0.3212
AC093912.1	0.1250445	0.11196724	0.1069142	0.10171474	0.109161705	1722.6	0.11096047	0.3214
SLC6A18	0.123332225	0.11855228	0.10439711	0.101203926	0.10769973	1723.2	0.11103705	0.3216
SF3B5	0.11870276	0.11490815	0.09929997	0.123065986	0.105748296	1724.2	0.112345025	0.3218
FGF14	0.124951825	0.11932239	0.094842374	0.11374991	0.1105182	1724.4	0.11267694	0.322
THBS2	0.112609036	0.101231866	0.10358748	0.12684996	0.12041035	1725.6	0.11293773	0.3223
PCP4	0.11887817	0.11825517	0.10476159	0.11257789	0.10146832	1725.6	0.11118822	0.3223
SLC14A1	0.1117249	0.109488785	0.10572713	0.12903278	0.10591311	1726.6	0.11237733	0.3226
AC003991.1	0.10349249	0.112035856	0.10711612	0.12069349	0.11751462	1727.8	0.11217052	0.3229
POU5F1	0.11212593	0.11725882	0.09820108	0.12978575	0.10898949	1727.8	0.11327221	0.3229
DNAH11	0.117866024	0.116834044	0.09645338	0.13675658	0.103829876	1728.0	0.11434798	0.3232
AC015845.2	0.10731607	0.118537	0.10596933	0.105515175	0.119179636	1728.6	0.11130345	0.3234
GRM8	0.122077845	0.12183406	0.10293442	0.10982141	0.10007073	1729.8	0.1113477	0.3236
XKR9	0.13535912	0.11871441	0.11467344	0.08134526	0.11549569	1730.6	0.11311759	0.3238
CASC19	0.11566999	0.109332025	0.108176835	0.09905778	0.123576656	1733.2	0.11116265	0.324
AL110114.1	0.10903213	0.10683971	0.11632692	0.10289626	0.120597936	1733.8	0.1111386	0.3243
GPR160	0.116764046	0.13007814	0.11142136	0.10708594	0.09373213	1733.8	0.111816324	0.3243
GRHL2	0.1245528	0.12145143	0.101202205	0.0920841	0.121491015	1734.2	0.11215631	0.3246
PLAC8	0.12041257	0.10825229	0.10963462	0.11180305	0.10333212	1734.4	0.110686935	0.3248
BHLHE40	0.12557687	0.121547125	0.11562072	0.09057494	0.10388164	1735.6	0.111440256	0.325
AC076966.2	0.11796862	0.108080186	0.100097194	0.11051181	0.121981435	1736.2	0.11172785	0.3252
HNF4A-AS1	0.12142253	0.110983275	0.1090487	0.11045875	0.101136796	1739.0	0.11061001	0.3254
SLC16A12-AS1	0.13144934	0.119396575	0.10911803	0.08797774	0.11169134	1739.2	0.1119266	0.3256
EMP3	0.12074732	0.12581134	0.10571048	0.12717964	0.08853962	1740.2	0.113597676	0.3258
EEF1A1	0.10322276	0.12252031	0.10021116	0.14152198	0.10737025	1740.4	0.11496929	0.326
AL353151.2	0.10560268	0.11636042	0.10411654	0.12094085	0.111863635	1741.0	0.111776814	0.3262
CHCHD10	0.11279819	0.11347438	0.099528745	0.12105804	0.11284257	1742.8	0.111940384	0.3264
MAMLD1	0.115369454	0.109711684	0.10037807	0.108011834	0.12489023	1744.4	0.11167226	0.3266
C8orf86	0.12044199	0.11830454	0.11314879	0.10069374	0.09981007	1745.6	0.11047983	0.3269
NDUFB11	0.12236106	0.09866403	0.09901818	0.12058212	0.12346626	1745.6	0.11281832	0.3269
RGS10	0.121713385	0.11052683	0.0952484	0.13139826	0.10870486	1745.8	0.11351834	0.3272
AL138826.1	0.106887124	0.12087685	0.09884557	0.1309926	0.1091956	1746.6	0.11335955	0.3274
PRKG2	0.14328204	0.11154979	0.11532484	0.08891844	0.105468445	1746.8	0.112908706	0.3276
UBL5	0.11613081	0.10971767	0.09872671	0.1319259	0.108842194	1747.6	0.113068655	0.3278
AL160314.2	0.11777243	0.11262997	0.10669785	0.10055912	0.11445303	1749.4	0.11042248	0.328
TACR1	0.11091456	0.13084519	0.124679886	0.0790843	0.124957256	1751.0	0.11409624	0.3282
MYL12A	0.113580875	0.113653384	0.123214036	0.08683348	0.12472558	1751.6	0.11240147	0.3284
RPLP2	0.111612864	0.10539535	0.0946779	0.15205786	0.11940771	1755.8	0.11663034	0.3286
NUAK2	0.10855184	0.111933745	0.11314658	0.10036721	0.119213544	1756.8	0.11064259	0.3288
CYP4A11	0.105526365	0.10796862	0.12942345	0.10415706	0.11128711	1757.2	0.11167252	0.3291
LINC01517	0.09998263	0.1212562	0.10639862	0.11644531	0.11465243	1757.2	0.11174704	0.3291
AF127936.2	0.109722614	0.11821526	0.107938424	0.1316122	0.095310844	1758.2	0.11255987	0.3294
SERPINA1	0.09747251	0.1293167	0.11236779	0.10583149	0.114729084	1759.6	0.11194352	0.3296
IRAK3	0.12510295	0.13314457	0.10248407	0.09196789	0.1079144	1760.0	0.112122774	0.3298
TMEM176B	0.10479257	0.13102706	0.10595423	0.115806125	0.10231507	1762.4	0.11197901	0.33
DNAH5	0.11415632	0.11718992	0.10890439	0.10167385	0.10776668	1764.2	0.10993823	0.3302
AHNAK2	0.10967051	0.1064843	0.1080071	0.11039294	0.11763029	1765.4	0.110437036	0.3304
NEFL	0.1156629	0.13259985	0.12318843	0.08297608	0.10922064	1766.0	0.11272957	0.3306
IQCJ-SCHIP1	0.12563886	0.100502186	0.10927578	0.1261712	0.098189496	1767.0	0.1119555	0.3308
LMCD1-AS1	0.10302673	0.10902797	0.10152644	0.13217549	0.121295266	1768.2	0.113410376	0.331
GLYATL2	0.11928624	0.109955244	0.09542032	0.12502787	0.11231684	1769.4	0.11240131	0.3312
SPAG17	0.10989024	0.12208956	0.10784868	0.09934742	0.11233053	1770.4	0.11030128	0.3314
SLC26A7	0.10993643	0.113472044	0.10350962	0.1152371	0.11152941	1771.2	0.11073692	0.3316
HLA-DRA	0.10891925	0.11870356	0.09784426	0.12553994	0.11058956	1772.0	0.11231931	0.3318
TTC29	0.1176356	0.12071273	0.11428544	0.087005384	0.11550595	1772.6	0.111029014	0.332
KCNJ3	0.121429384	0.11817423	0.12743424	0.08369877	0.108869486	1773.4	0.11192121	0.3322
AC093765.2	0.12173069	0.12696673	0.102812015	0.11289729	0.09309304	1774.4	0.11149995	0.3325
AP000282.1	0.116908506	0.10658334	0.11022775	0.10041416	0.115209505	1774.4	0.10986866	0.3325
FILIP1L	0.10223763	0.1256619	0.11693226	0.11052031	0.10149814	1775.0	0.11137004	0.3329
PHLPP1	0.11208793	0.12326978	0.10205516	0.09993032	0.115988664	1775.0	0.11066637	0.3329
AC104035.1	0.12215169	0.110151514	0.10835203	0.10146746	0.106517605	1777.0	0.10972806	0.3332
ACKR1	0.123988435	0.11693644	0.10308634	0.10742158	0.100634106	1777.8	0.11041337	0.3334
AC103591.3	0.110415965	0.11544101	0.11147344	0.11406553	0.09975811	1778.0	0.1102308	0.3336
FCRL1	0.11412296	0.11818403	0.118293226	0.094797015	0.10602174	1778.2	0.11028379	0.3338
GLTPD2	0.11120869	0.10409992	0.11773989	0.10749667	0.110592045	1781.5	0.11022744	0.334
C8orf34-AS1	0.12494043	0.11696209	0.10137083	0.105876006	0.103067376	1781.6	0.11044334	0.3342
AP000424.1	0.11086574	0.12580225	0.091665335	0.15440774	0.10340568	1782.8	0.11722934	0.3345
ADIRF	0.11012293	0.10529965	0.10623708	0.11688803	0.1136613	1782.8	0.11044179	0.3345
GRB14	0.113750935	0.11418783	0.10227356	0.095338434	0.13447782	1783.4	0.11200571	0.3348
ARHGAP28	0.12721844	0.0920887	0.11651935	0.111782864	0.10896613	1784.4	0.111315094	0.335
MTUS2	0.12372837	0.10328693	0.110844344	0.1076159	0.104483075	1785.4	0.109991714	0.3352
H2AFZ	0.1101206	0.111863114	0.11183508	0.11207243	0.10378859	1785.8	0.10993596	0.3354
SLC13A1	0.10865809	0.10523057	0.12473838	0.107923344	0.10677427	1787.2	0.11066493	0.3356
SDF2L1	0.12062907	0.10326104	0.103070006	0.12297505	0.10543251	1787.6	0.11107354	0.3358
AL589669.1	0.12527686	0.11763318	0.100217514	0.09993256	0.109193616	1789.6	0.110450745	0.336
LHFPL3	0.11194718	0.104830675	0.12528549	0.10120884	0.108937666	1792.8	0.11044197	0.3362
FGFR2	0.11965749	0.106606804	0.106536835	0.11008112	0.105553806	1794.4	0.10968721	0.3364
GPR173	0.113939	0.11799778	0.10261302	0.10834754	0.10681388	1798.6	0.10994224	0.3367
NDUFS8	0.108494535	0.12416346	0.11103238	0.098141454	0.10803498	1798.6	0.10997337	0.3367
NFKBIZ	0.10600992	0.09673881	0.12556121	0.11284032	0.11598865	1800.0	0.111427784	0.337
FABP1	0.10384593	0.09728991	0.11287305	0.11848133	0.12681235	1800.4	0.11186051	0.3372
AC009961.1	0.10420039	0.1273446	0.120317735	0.10562869	0.09767293	1800.8	0.111032866	0.3374
ECHS1	0.12086566	0.11858825	0.092772566	0.14728114	0.0976585	1802.2	0.11543323	0.3376
RPL7A	0.10946784	0.103214875	0.10983892	0.1182594	0.10995002	1804.8	0.11014621	0.3378
CPE	0.11731826	0.11547682	0.10770951	0.09810437	0.10849883	1806.0	0.10942155	0.338
SYNE1	0.108383186	0.09844556	0.118256845	0.11623146	0.11176985	1807.0	0.11061738	0.3382
LINC00882	0.12894541	0.11438371	0.09489	0.107332096	0.110848	1807.2	0.111279845	0.3384
NMB	0.10451016	0.10319568	0.10772423	0.12081742	0.11894825	1808.2	0.11103915	0.3386
AC004870.4	0.11374938	0.118140526	0.09669957	0.122875474	0.10558037	1811.0	0.11140907	0.3388
VAT1L	0.099398434	0.11368812	0.1039885	0.122433595	0.1179557	1811.4	0.11149287	0.3391
LRCOL1	0.12877315	0.1186794	0.09916215	0.10914742	0.09865071	1811.4	0.110882565	0.3391
ITGA2B	0.12712704	0.11246654	0.099886574	0.1044793	0.10710598	1812.2	0.11021308	0.3394
SLC39A4	0.107068665	0.12485323	0.10322733	0.11304399	0.103690326	1812.8	0.110376716	0.3396
MIR503HG	0.110151805	0.104090616	0.1087071	0.12968683	0.10323728	1814.2	0.111174725	0.3398
JAG1	0.1091367	0.12263206	0.10737126	0.09526415	0.1145127	1815.4	0.109783374	0.34
ABCB5	0.1113583	0.11534279	0.1173888	0.097862445	0.105432585	1816.0	0.10947698	0.3402
LINC01285	0.1108666	0.1186954	0.102402136	0.117919855	0.10172397	1818.0	0.110321596	0.3404
HIVEP1	0.11130253	0.14304881	0.101043776	0.11038194	0.09614476	1819.0	0.112384364	0.3406
LY6E	0.1042966	0.116077654	0.12054677	0.1159258	0.096602105	1819.8	0.11068978	0.3408
AP001160.1	0.121201895	0.10192302	0.108394906	0.1089453	0.10641157	1820.2	0.10937534	0.341
AC034111.2	0.11420768	0.108757466	0.11043065	0.09739933	0.11502683	1822.8	0.109164394	0.3412
AC023282.1	0.10768775	0.11679628	0.10342002	0.1121159	0.10876064	1824.0	0.10975611	0.3414
ETFB	0.11604818	0.10437547	0.104389265	0.10527029	0.11722321	1824.6	0.109461285	0.3416
AC083949.1	0.11093223	0.10681361	0.10520349	0.11072523	0.113166876	1827.2	0.10936829	0.3418
AC010197.1	0.10736714	0.12700972	0.11665857	0.087718606	0.11488341	1827.8	0.11072749	0.342
C6	0.096219	0.12292058	0.11122913	0.10295874	0.12021809	1829.8	0.11070911	0.3422
AMN	0.09967401	0.1050793	0.116720445	0.112055294	0.11841812	1831.4	0.110389434	0.3424
NDUFB4	0.1050582	0.1071407	0.106566	0.124312975	0.10943505	1832.2	0.11050258	0.3426
TRMT112	0.11786484	0.1067862	0.109805435	0.12292816	0.094146274	1832.4	0.11030618	0.3428
DEPTOR	0.1384324	0.11546984	0.086989515	0.11444396	0.1118662	1833.4	0.11344038	0.3432
AC092902.4	0.11115333	0.10870444	0.1100031	0.09816111	0.11746335	1833.4	0.10909706	0.3432
AC079768.4	0.10978922	0.10645918	0.10889596	0.1033549	0.11672735	1833.4	0.10904531	0.3432
SCN2A	0.108942516	0.11855267	0.10288352	0.11645549	0.10282168	1833.6	0.109931186	0.3436
DPYS	0.12391159	0.11598118	0.10103253	0.10226245	0.104142234	1834.0	0.109466	0.3438
EEF1G	0.114178024	0.10758094	0.10138084	0.1342584	0.10068232	1836.6	0.1116161	0.344
OAZ1	0.12196181	0.11388293	0.096470095	0.12720986	0.09845714	1837.0	0.11159637	0.3442
GADD45G	0.11742311	0.118639596	0.09579514	0.12645568	0.09961731	1837.4	0.11158617	0.3444
TRDN	0.11148583	0.12277993	0.09658683	0.10730429	0.11332741	1838.2	0.11029686	0.3446
AGMO	0.13511772	0.11152567	0.10469796	0.097247116	0.10231437	1838.8	0.11018057	0.3449
NDUFA1	0.10544081	0.114151604	0.097064205	0.12569313	0.11557405	1838.8	0.11158476	0.3449
THSD7A	0.12287088	0.11010738	0.10988413	0.10363858	0.09834703	1839.6	0.10896959	0.3452
SPINK5	0.1140312	0.11479299	0.104082786	0.10925821	0.10340756	1840.6	0.10911455	0.3454
FTH1	0.10653197	0.112058036	0.10220162	0.10378761	0.12742385	1841.2	0.11040062	0.3456
CCL28	0.10767113	0.13495113	0.12174621	0.095902726	0.09585527	1841.8	0.11122529	0.3458
LINC01618	0.11430499	0.11167238	0.10126593	0.12446602	0.10029965	1843.8	0.110401794	0.346
EDIL3	0.1150794	0.11521838	0.10645533	0.09254845	0.11675024	1846.0	0.10921036	0.3462
TINAGL1	0.116382085	0.1084316	0.11049281	0.102647744	0.104775004	1846.2	0.108545855	0.3464
H3F3A	0.11639446	0.10479204	0.1157296	0.09599399	0.11244559	1846.4	0.109071136	0.3466
COL4A3	0.11030883	0.11609817	0.098943494	0.122178	0.104656965	1847.0	0.11043708	0.3469
AC110809.1	0.13326597	0.11233573	0.094026856	0.115908965	0.102567226	1847.0	0.11162095	0.3469
NIPAL3	0.118545555	0.11402862	0.09946616	0.120102674	0.09882129	1847.8	0.11019286	0.3472
DUSP16	0.13522652	0.11376675	0.10389207	0.10459843	0.09425807	1848.8	0.110348366	0.3474
AC091906.1	0.10266917	0.10597444	0.11252751	0.12591706	0.10527429	1852.0	0.110472485	0.3476
TYMSOS	0.10690914	0.1172159	0.10595208	0.101360776	0.11341585	1852.2	0.10897075	0.348
MAP1B	0.11600278	0.11945606	0.096050635	0.1064611	0.111634	1852.2	0.10992092	0.348
THSD4	0.10637762	0.12770003	0.10438811	0.09264804	0.12084681	1852.2	0.110392116	0.348
RPL3	0.112415746	0.10367859	0.100272134	0.120165326	0.11376774	1854.2	0.1100599	0.3484
TSPO	0.11404994	0.114454426	0.10492312	0.102655895	0.10724006	1854.6	0.10866469	0.3486
CLEC2B	0.12098496	0.13763739	0.08504309	0.11133353	0.11247004	1855.2	0.1134938	0.3488
LINC00871	0.10948639	0.11492029	0.09536354	0.1345095	0.10664637	1856.4	0.11218522	0.349
BAG3	0.103181496	0.11282185	0.10732761	0.11111078	0.112247586	1856.8	0.10933785	0.3492
SVOPL	0.11801655	0.11656626	0.102807574	0.10646277	0.10063978	1858.8	0.108898595	0.3494
KRTAP5-AS1	0.11404455	0.11547447	0.10439885	0.10964392	0.1004534	1861.8	0.108803034	0.3496
AC079142.1	0.1085575	0.1192328	0.11879039	0.088286325	0.11323462	1863.4	0.10962033	0.3498
PROSER2	0.11719701	0.120187245	0.09816396	0.10620215	0.10516498	1864.3	0.10938307	0.35
LINC01500	0.10864987	0.109641634	0.108821705	0.11979278	0.09957722	1864.8	0.10929664	0.3502
TMEM101	0.110641025	0.11445201	0.101860076	0.10425389	0.11342891	1865.0	0.108927175	0.3504
ITGA11	0.1372565	0.12539758	0.10786632	0.07667731	0.11172474	1865.2	0.11178448	0.3506
ABTB2	0.12802283	0.105272904	0.10096584	0.11158802	0.102022894	1866.0	0.10957451	0.3508
ENOX2	0.10443016	0.10936069	0.109613605	0.12116124	0.1032686	1868.0	0.10956687	0.351
ADAMTS1	0.10362392	0.12792198	0.11486394	0.09835527	0.10339943	1869.8	0.10963291	0.3512
DNAJC6	0.12142271	0.11014164	0.11009851	0.09680118	0.10303671	1871.6	0.10830015	0.3514
TRABD2B	0.11784808	0.1113374	0.10403755	0.1062433	0.10314004	1872.0	0.10852128	0.3516
ENTPD3-AS1	0.11346941	0.11010551	0.09631323	0.11561049	0.11362157	1875.2	0.10982404	0.3518
TLL1	0.10809146	0.116663575	0.11035702	0.09973298	0.10694644	1876.4	0.10835829	0.352
AKR7A2	0.10384022	0.10652534	0.10990811	0.120210126	0.106143154	1877.2	0.109325394	0.3522
PTGDS	0.10898029	0.12467559	0.09715347	0.116526194	0.10359131	1877.6	0.11018537	0.3524
MAL2	0.114366636	0.109117135	0.10705951	0.10878552	0.10229228	1878.0	0.108324215	0.3526
ARRDC4	0.11523367	0.11464651	0.112904854	0.105868906	0.09423743	1879.4	0.10857828	0.3528
PLS3	0.12902881	0.115836	0.09611382	0.11195367	0.09773452	1881.4	0.11013337	0.353
COMMD6	0.10929171	0.11359154	0.10774563	0.10966558	0.10206081	1882.4	0.10847105	0.3532
AL390957.1	0.10357802	0.12137426	0.09863177	0.120338015	0.10775198	1883.0	0.11033481	0.3534
HRK	0.10728281	0.121468574	0.10357547	0.1034914	0.10760737	1883.8	0.10868512	0.3536
AGBL4	0.10917425	0.1076732	0.10812176	0.09706854	0.12204078	1884.2	0.10881571	0.3538
PPM1D	0.120049365	0.1123465	0.10049387	0.10105567	0.10870389	1885.8	0.108529866	0.354
AC034139.1	0.10268395	0.10451619	0.119423114	0.111741744	0.10776444	1888.8	0.10922589	0.3542
TMTC2	0.12893139	0.11598852	0.11448194	0.07698849	0.11487147	1889.2	0.11025236	0.3544
ACSM3	0.13849784	0.13177988	0.099344976	0.12244391	0.08014317	1889.8	0.11444195	0.3546
C1QTNF7	0.13572283	0.110487394	0.09460515	0.100516945	0.11077815	1890.8	0.11042209	0.3549
LINC01322	0.10415879	0.09991246	0.1036168	0.12990665	0.11662976	1890.8	0.110844895	0.3549
CST3	0.103618145	0.11525687	0.097526364	0.11050252	0.12488545	1891.0	0.110357866	0.3552
AC021752.1	0.12938549	0.11764371	0.099365205	0.09322771	0.1075975	1891.8	0.109443925	0.3554
RFX2	0.091693036	0.122276194	0.12354973	0.09525807	0.12309289	1892.0	0.11117399	0.3556
CPM	0.14266562	0.11130404	0.107420295	0.08505818	0.10709443	1892.8	0.11070851	0.3558
HSD11B2	0.10454222	0.10735702	0.09923471	0.134189	0.11169309	1893.4	0.111403205	0.356
NDUFC2	0.10285351	0.11616154	0.10767293	0.116683304	0.10189875	1893.6	0.10905401	0.3562
AC008514.1	0.121156335	0.12149934	0.10847004	0.10895371	0.08747663	1894.0	0.10951121	0.3564
SLC9A2	0.1119551	0.10924261	0.11597453	0.09276659	0.11196052	1894.2	0.10837986	0.3566
SLC22A6	0.12703149	0.09523095	0.11498727	0.1137841	0.0967828	1894.6	0.10956333	0.3568
LY86	0.11878753	0.10189939	0.109900795	0.10010579	0.1092099	1895.8	0.10798068	0.357
LINC00159	0.11192904	0.128567	0.110504426	0.07868131	0.122813165	1897.8	0.11049899	0.3572
BCL2L1	0.11286963	0.111383304	0.09829583	0.107509226	0.1141966	1898.6	0.10885092	0.3574
DACH1	0.119383834	0.10499883	0.103760384	0.110252805	0.10305479	1899.2	0.10829012	0.3576
LINC02511	0.09813501	0.113867745	0.113517724	0.10676811	0.1121704	1899.4	0.1088918	0.3578
FLNA	0.099235766	0.12801711	0.117045105	0.089103356	0.11772739	1899.6	0.11022575	0.358
CAPN6	0.10117093	0.099035285	0.13749488	0.10354761	0.11419484	1901.8	0.11108871	0.3583
BICDL1	0.12044679	0.11462313	0.103661686	0.09615772	0.105797544	1901.8	0.10813737	0.3583
CAMK1D	0.10452882	0.1190305	0.11617617	0.09126885	0.11358344	1902.4	0.10891756	0.3586
OPN3	0.12045351	0.10934697	0.099862255	0.09957877	0.112940915	1902.6	0.10843649	0.3588
SUSD4	0.09086397	0.11885991	0.10686216	0.11512907	0.121281125	1903.0	0.11059926	0.359
AC024382.1	0.11155631	0.1150499	0.10603369	0.10347716	0.10323947	1903.2	0.10787131	0.3592
RTN4RL1	0.13546678	0.11427375	0.104015894	0.09248157	0.10066767	1903.6	0.109381124	0.3594
MEF2C-AS1	0.1150415	0.1324743	0.10765378	0.088268936	0.10390769	1904.6	0.10946925	0.3596
MYLK	0.10878547	0.11750372	0.10954466	0.09294709	0.112340294	1906.2	0.10822425	0.3598
LINC01088	0.1116569	0.12944141	0.10244313	0.09875652	0.102323554	1907.6	0.10892431	0.36
KCND2	0.10863415	0.11095677	0.10245021	0.101557404	0.11829229	1908.8	0.10837817	0.3602
TTTY4B	0.10988253	0.11315501	0.103861846	0.10762329	0.105666265	1909.6	0.108037785	0.3604
CRMP1	0.10910603	0.106537014	0.10853504	0.11955113	0.098912835	1911.4	0.10852841	0.3606
NEXN	0.1202706	0.10576271	0.106913686	0.113	0.09520892	1912.8	0.10823119	0.3608
LIPE-AS1	0.11436653	0.10644135	0.10540232	0.10439831	0.1075465	1915.6	0.107631005	0.361
RPS21	0.11897385	0.102002434	0.09443481	0.121139325	0.11371715	1916.0	0.11005352	0.3612
SLCO4C1	0.12153448	0.11131846	0.10746496	0.106735125	0.093314245	1917.8	0.10807345	0.3614
AC093535.1	0.10944202	0.11625325	0.10233483	0.09635898	0.116888754	1918.0	0.108255565	0.3616
MEA1	0.11481201	0.11302951	0.10094309	0.09971931	0.11174375	1920.2	0.108049534	0.3618
PSMA7	0.09431992	0.10691392	0.11889489	0.10537585	0.122834295	1921.0	0.10966778	0.362
MYBPC2	0.12059225	0.11528814	0.096220985	0.11540394	0.098527424	1921.2	0.10920654	0.3622
COX7A1	0.12470432	0.09605464	0.09425435	0.122123264	0.11678845	1923.4	0.11078501	0.3624
AP001977.1	0.112542965	0.11821222	0.1084738	0.08960064	0.11094299	1923.8	0.107954524	0.3626
AC087857.1	0.11039517	0.1076628	0.1000509	0.112910256	0.110555	1924.6	0.10831483	0.3628
PTPRZ1	0.10647845	0.10714927	0.1128534	0.115606084	0.099107906	1925.0	0.10823903	0.363
AC022601.1	0.10750837	0.12959063	0.09837522	0.12330571	0.09458497	1925.4	0.11067297	0.3632
HOXB3	0.12423726	0.11197509	0.09523038	0.10616645	0.10695684	1926.0	0.108913206	0.3634
AC007364.1	0.113797285	0.11933483	0.105130985	0.091585204	0.11034622	1926.2	0.1080389	0.3636
HHLA2	0.10129236	0.11599805	0.11213969	0.09909493	0.112303056	1927.4	0.10816562	0.3638
IGF2BP3	0.10393706	0.11980406	0.10886552	0.1014919	0.105224	1928.2	0.107864514	0.364
SOHLH2	0.10022147	0.10268923	0.10877241	0.12782288	0.10937301	1929.6	0.109775804	0.3642
UBB	0.12164795	0.10062079	0.09827742	0.107262164	0.11514487	1930.4	0.10859064	0.3644
UQCRQ	0.11895808	0.1107111	0.09429084	0.12554093	0.10079228	1930.6	0.11005864	0.3646
FNBP1	0.11532153	0.10616662	0.09966146	0.1055398	0.113272585	1930.8	0.107992396	0.3648
TMEM131L	0.112686545	0.10854864	0.103829436	0.09412062	0.12206289	1931.8	0.10824963	0.365
AC018730.1	0.11851865	0.11917557	0.09421001	0.103934236	0.10848513	1932.0	0.10886471	0.3652
AC068234.2	0.10505768	0.11829762	0.09888183	0.10750342	0.11326895	1933.0	0.108601905	0.3654
AOX1	0.108834386	0.10937026	0.1162103	0.097128294	0.10631911	1934.4	0.10757247	0.3656
AC005323.2	0.11332847	0.12208851	0.099315956	0.105946094	0.1002787	1934.6	0.10819155	0.3658
AP002336.2	0.11386313	0.11789286	0.09485956	0.15097775	0.09188671	1934.8	0.113896	0.366
AL024495.1	0.09673233	0.10833175	0.12257595	0.102074005	0.114922576	1935.0	0.108927324	0.3662
COX7A2	0.11474406	0.10530684	0.10282288	0.111156486	0.104412235	1935.4	0.1076885	0.3664
AC138627.1	0.11507376	0.105003975	0.099525586	0.10686616	0.11369473	1936.0	0.108032845	0.3666
GSTA1	0.115681954	0.10764659	0.09699052	0.11640942	0.106545255	1938.8	0.10865475	0.3668
AL645568.1	0.11327413	0.13912109	0.106844015	0.090416364	0.09831566	1939.0	0.10959425	0.367
NREP-AS1	0.10211327	0.11861757	0.108546495	0.10016868	0.109910205	1939.6	0.10787125	0.3672
LINC02652	0.10586397	0.11455055	0.115147606	0.09790721	0.10501267	1939.8	0.1076964	0.3674
AL136456.1	0.111813046	0.12686141	0.09293815	0.11066174	0.10573361	1941.2	0.109601595	0.3676
SERPINH1	0.10746798	0.1283284	0.099687696	0.10476214	0.1031505	1942.2	0.10867934	0.3678
PPL	0.122642264	0.10566178	0.10527733	0.10928828	0.09597475	1942.8	0.10776888	0.368
DTL	0.09991609	0.11645226	0.098751135	0.1323462	0.106239125	1944.8	0.11074096	0.3682
C4orf3	0.11540511	0.10374334	0.10994509	0.12486427	0.09154505	1945.6	0.10910058	0.3684
LINC01020	0.104817025	0.105036	0.11442246	0.11445892	0.10120085	1947.6	0.107987046	0.3686
BLOC1S1	0.1145372	0.11086882	0.101392925	0.1007691	0.10932396	1950.8	0.1073784	0.3688
LCMT1-AS1	0.11467267	0.110334024	0.10374206	0.105679855	0.101571314	1951.4	0.10719999	0.369
SLC51B	0.11037679	0.10913493	0.113865614	0.096503764	0.10573401	1952.2	0.10712302	0.3692
STEAP2-AS1	0.11720469	0.10751228	0.10209628	0.107895516	0.10260674	1953.4	0.1074631	0.3694
AC087477.2	0.1178098	0.12544343	0.090371035	0.12343042	0.09679578	1953.8	0.11077009	0.3696
TMEM130	0.120364405	0.10979997	0.10270612	0.09136879	0.11414352	1955.6	0.10767655	0.3699
AL583808.1	0.122932486	0.13277462	0.09201385	0.10239259	0.09994537	1955.6	0.11001179	0.3699
APCDD1L-DT	0.118168056	0.108875714	0.107217744	0.105574824	0.095832534	1957.8	0.10713378	0.3702
LINC02450	0.10362094	0.11871137	0.1144131	0.090964295	0.11232752	1958.4	0.108007446	0.3704
PDK1	0.11337208	0.10917331	0.118385404	0.09656557	0.09901729	1959.6	0.10730274	0.3706
CHI3L2	0.10450406	0.1124069	0.10796178	0.11128019	0.101521805	1960.0	0.107534945	0.3708
KLHL4	0.12294826	0.08846567	0.10167764	0.13563804	0.107126184	1960.4	0.11117116	0.371
SLC25A5-AS1	0.10846593	0.11220895	0.11015307	0.1067191	0.098339126	1960.8	0.107177235	0.3712
HIF1A	0.1042244	0.112221085	0.118593074	0.09129352	0.11392817	1961.4	0.10805204	0.3714
SLC14A2	0.115595385	0.11423185	0.092269704	0.10981629	0.11233952	1962.2	0.10885055	0.3717
ALDH1L1-AS2	0.1085174	0.12501319	0.10761438	0.08616675	0.1142412	1962.2	0.10831058	0.3717
ARSF	0.11857872	0.09940835	0.09943767	0.11323465	0.10924841	1963.2	0.10798155	0.372
RPL27	0.108313315	0.103575505	0.09880677	0.11600745	0.11558557	1964.0	0.10845772	0.3722
AC092650.1	0.112774014	0.11713211	0.12059867	0.09246067	0.096108414	1965.2	0.107814774	0.3724
AC090204.1	0.102758564	0.109556854	0.102597035	0.12603217	0.103689395	1966.4	0.108926795	0.3726
SLC2A2	0.12170015	0.12937774	0.09295176	0.10997842	0.094546124	1970.4	0.10971085	0.3728
ATP6V1C2	0.10799246	0.1139309	0.12039218	0.09438398	0.10103001	1970.6	0.10754591	0.3731
SQLE	0.113541745	0.113236696	0.10225129	0.10621432	0.10062807	1970.6	0.10717442	0.3731
NR1H4	0.11828498	0.11251622	0.0997796	0.09273306	0.11507138	1971.4	0.10767704	0.3734
SLC25A5	0.10545444	0.099487476	0.1089081	0.11025938	0.11310122	1972.4	0.107442126	0.3736
ATP6V1F	0.11136422	0.10358055	0.10581095	0.107464105	0.106695786	1972.8	0.106983125	0.3738
NR3C2	0.10948481	0.10857654	0.11011628	0.10293187	0.10206426	1973.2	0.10663475	0.3741
MT1X	0.10999148	0.11028695	0.10576128	0.09451087	0.11454814	1973.2	0.107019745	0.3741
SATB2-AS1	0.11533381	0.09895181	0.106981784	0.11078292	0.10342315	1974.4	0.10709469	0.3744
FOLR1	0.115854174	0.10205281	0.09669746	0.114667356	0.11201498	1974.6	0.10825735	0.3746
CHST15	0.12459993	0.11364034	0.095197074	0.10440481	0.10263025	1975.6	0.108094476	0.3749
CKS2	0.10715572	0.113384575	0.09909331	0.10892849	0.10999758	1975.6	0.10771193	0.3749
IDH3G	0.11191219	0.10352731	0.10820979	0.106462665	0.103757955	1975.8	0.10677399	0.3752
CRNDE	0.12775803	0.10519647	0.0969632	0.10234239	0.10784518	1976.2	0.10802106	0.3754
RFX3-AS1	0.10770116	0.11691266	0.10783354	0.0923609	0.11117809	1976.6	0.10719727	0.3756
TESK2	0.11961235	0.1227039	0.113531634	0.076876916	0.109354936	1977.2	0.10841595	0.3758
ATP5MC1	0.110590115	0.10019494	0.10243433	0.11159533	0.11266552	1977.6	0.107496046	0.3762
EFCAB13	0.11808331	0.11022589	0.11226297	0.09287257	0.10063791	1977.6	0.10681653	0.3762
C3orf22	0.10833507	0.114806406	0.09882037	0.12288221	0.09871029	1977.6	0.10871087	0.3762
SEMA4B	0.11382903	0.11314803	0.106894866	0.10033519	0.09949517	1978.6	0.10674045	0.3766
CALM3	0.09884869	0.10036108	0.11619651	0.107974365	0.11661128	1980.2	0.10799839	0.3768
HIST1H1C	0.1047234	0.12403585	0.098295175	0.111331336	0.10331718	1980.4	0.1083406	0.377
PRAP1	0.11858188	0.108939216	0.103739575	0.102805875	0.09974981	1980.6	0.10676328	0.3772
AC005920.2	0.111669004	0.11567445	0.102357104	0.10200569	0.10259918	1982.8	0.10686109	0.3774
PANCR	0.10969486	0.12066401	0.0985654	0.10723293	0.10191555	1984.2	0.107614554	0.3776
IGLC1	0.10781338	0.109788805	0.0979083	0.11007844	0.11305521	1985.0	0.10772884	0.3778
GABARAP	0.10399744	0.100512795	0.108546205	0.1099141	0.113553815	1985.4	0.10730487	0.3781
UTRN	0.10946384	0.11097241	0.113697745	0.104811445	0.0952579	1985.4	0.106840655	0.3781
COL14A1	0.11316508	0.1058092	0.09772389	0.10366218	0.11685829	1987.4	0.10744373	0.3784
CACNB2	0.11920695	0.1033127	0.1012868	0.100201026	0.11069746	1988.0	0.106940985	0.3786
Z93403.1	0.11309342	0.10273628	0.12014632	0.09586239	0.10331846	1990.8	0.10703137	0.3788
NOP53	0.11626402	0.11717918	0.10422241	0.11201028	0.08918056	1991.4	0.10777129	0.379
GDF15	0.09858633	0.1216693	0.12983699	0.078547515	0.12615368	1992.0	0.11095877	0.3792
AC008250.1	0.105219096	0.118617214	0.09706639	0.12753882	0.098792516	1992.2	0.1094468	0.3794
LINC01197	0.0917904	0.104715385	0.1146217	0.11345667	0.118855156	1994.0	0.10868786	0.3796
RPL41	0.108816065	0.11002672	0.10031608	0.10995198	0.10623596	1994.8	0.10706936	0.3798
ANKFN1	0.10100155	0.121278614	0.106329106	0.087920345	0.12857658	1996.0	0.10902123	0.38
EPHB1	0.10368653	0.121635236	0.10497988	0.09356603	0.11304066	1996.4	0.107381664	0.3802
AC004594.1	0.10843922	0.09960003	0.113229	0.107237294	0.10534536	1997.4	0.10677018	0.3804
RAB8B	0.1093967	0.115490034	0.103382446	0.10226154	0.102279276	1998.0	0.106561996	0.3806
NR2E3	0.10159397	0.1147665	0.104854405	0.10177985	0.11256017	1998.6	0.10711098	0.3808
KLHL6	0.100368164	0.13170405	0.12213129	0.096757516	0.09422754	1999.6	0.10903771	0.381
C4orf47	0.10775614	0.11605373	0.10236817	0.107999906	0.100494735	1999.8	0.10693453	0.3812
APOE	0.116901845	0.10170825	0.09890878	0.12778263	0.09856377	2002.6	0.10877307	0.3814
LIPA	0.099038005	0.11405288	0.11344738	0.096749246	0.11258107	2003.2	0.10717372	0.3816
TUBA1A	0.11536847	0.09925049	0.1018639	0.108204655	0.10993785	2005.0	0.10692507	0.3818
ARNTL2	0.091174394	0.10252209	0.116733916	0.11039782	0.12417695	2005.6	0.10900104	0.382
PRDX4	0.118000805	0.10142976	0.10882335	0.11722262	0.09185858	2007.8	0.10746702	0.3822
RNF152	0.11955492	0.12118655	0.101695545	0.1019729	0.09183547	2009.2	0.107249066	0.3824
GRIA3	0.11934001	0.10450861	0.099773265	0.11527987	0.097773634	2010.2	0.10733507	0.3827
RHOQ	0.12404418	0.099252515	0.09843692	0.10348849	0.11169266	2010.2	0.10738295	0.3827
LTBP2	0.11160636	0.09569135	0.11967491	0.085713	0.13597782	2012.0	0.10973269	0.383
TMEM108	0.104200415	0.13201334	0.12435428	0.07756106	0.11053233	2012.2	0.109732285	0.3832
TMEM238	0.122710936	0.10634484	0.105521	0.100828096	0.096620165	2012.4	0.106405005	0.3834
SOD1	0.10964234	0.104342245	0.10405871	0.10591299	0.1076316	2014.6	0.10631758	0.3836
LINC02315	0.11153445	0.12827127	0.0948364	0.09528269	0.11058959	2016.4	0.10810287	0.3838
RPS14	0.106688626	0.10132592	0.105972275	0.11854452	0.1029528	2016.8	0.10709683	0.3841
LINC00571	0.116134144	0.12275818	0.09554223	0.10100936	0.101661555	2016.8	0.107421085	0.3841
KCTD16	0.1061831	0.11739372	0.10363998	0.099588685	0.10521851	2021.4	0.1064048	0.3844
EEF1B2	0.10296899	0.106105916	0.0942761	0.1522634	0.10744069	2021.6	0.11261102	0.3846
AC073114.1	0.09526793	0.10498524	0.119342364	0.104711756	0.11322244	2022.8	0.10750594	0.3848
ZNF608	0.105681896	0.112638	0.09883337	0.11855135	0.10209432	2023.2	0.107559785	0.385
ADAMTSL1	0.09963384	0.12640755	0.10679275	0.095662646	0.108197875	2024.2	0.10733893	0.3852
AC011239.1	0.107998475	0.127062	0.11357908	0.120312475	0.079952374	2024.8	0.109780885	0.3854
RPL34	0.11696983	0.10008969	0.09800219	0.11973661	0.1034366	2025.0	0.10764699	0.3856
MRPS30-DT	0.105131365	0.12682387	0.10491761	0.09555018	0.10262957	2025.4	0.10701052	0.3858
RAB3B	0.13877966	0.10141268	0.09919623	0.09758728	0.10392646	2025.6	0.10818046	0.386
PANTR1	0.11655435	0.10215555	0.1087231	0.10503136	0.09758192	2026.8	0.10600926	0.3862
ALOX5AP	0.09268092	0.11581628	0.10616715	0.12243888	0.104361065	2028.8	0.10829286	0.3864
RPS12	0.09969193	0.1018	0.09924212	0.13113363	0.114931	2031.6	0.10935973	0.3866
CLDN2	0.10400113	0.10741722	0.104374684	0.10958314	0.10709515	2031.8	0.10649426	0.3868
GABRP	0.10785005	0.11699399	0.097163774	0.104208596	0.10803893	2032.6	0.10685106	0.387
COX6A1	0.10516066	0.10437038	0.10267206	0.114562124	0.107266344	2032.8	0.106806315	0.3873
SERF2	0.11527378	0.10082699	0.1063688	0.09670624	0.11114017	2032.8	0.1060632	0.3873
AC120193.1	0.111309685	0.11119169	0.09389103	0.107647344	0.11301685	2033.6	0.10741131	0.3876
LINC01787	0.09598258	0.11437952	0.10792412	0.09940005	0.117909424	2033.8	0.10711914	0.3878
MAP3K1	0.12104581	0.09783435	0.102549195	0.10719681	0.1035494	2034.6	0.10643512	0.388
LINC02018	0.11997155	0.115219444	0.10645729	0.083677955	0.107762285	2035.4	0.106617704	0.3882
SRRM4	0.1164793	0.113879666	0.09364785	0.11217914	0.10133878	2035.8	0.10750494	0.3884
CNNM2	0.10125445	0.10894292	0.10406774	0.09893263	0.12194803	2038.2	0.107029155	0.3886
LACTB2-AS1	0.13546859	0.110141836	0.08898326	0.11267734	0.09952966	2038.4	0.109360136	0.3888
AC022655.1	0.1051396	0.10861067	0.10927456	0.09378435	0.113964945	2038.6	0.10615482	0.389
TPI1	0.10198113	0.10165464	0.10220876	0.11424607	0.116453625	2038.8	0.10730885	0.3892
NIPAL2	0.103408925	0.100633934	0.115825154	0.10424666	0.10767726	2040.8	0.10635839	0.3894
DISP1	0.11256383	0.105179206	0.10562396	0.09792941	0.107365765	2042.2	0.10573244	0.3896
FAM3D-AS1	0.09902535	0.11824439	0.10734767	0.10183052	0.10543243	2043.0	0.10637607	0.3898
RABAC1	0.10701899	0.09977684	0.112062566	0.111030854	0.10132839	2043.4	0.10624353	0.39
DNAJB1	0.11572604	0.10111301	0.10563726	0.101875	0.10424942	2043.8	0.10572014	0.3902
C10orf90	0.112776056	0.13454673	0.09394952	0.09442422	0.106459334	2047.8	0.108431175	0.3904
PDE7A	0.12406385	0.11245521	0.0942937	0.09605347	0.10907257	2048.4	0.10718776	0.3906
ACTB	0.09680742	0.10266752	0.10395322	0.124361284	0.11254105	2049.2	0.1080661	0.3908
LDHC	0.11322743	0.11226188	0.10889131	0.09315656	0.100598894	2053.0	0.10562722	0.391
SHLD1	0.12627769	0.11237646	0.09565014	0.1196347	0.0890303	2053.2	0.10859386	0.3912
LINC01625	0.10774981	0.113301255	0.10411802	0.09719145	0.10640182	2056.0	0.10575247	0.3914
CDON	0.12150653	0.12653694	0.09529774	0.11861172	0.08504273	2057.6	0.109399125	0.3916
ATP8A1	0.109240346	0.108290166	0.10972879	0.08162917	0.12939736	2058.4	0.10765717	0.3918
ARL6IP1	0.11389497	0.11435356	0.09526586	0.10448325	0.104400136	2058.8	0.10647956	0.392
TENM3	0.10890656	0.1166397	0.10124838	0.111225426	0.094295725	2059.0	0.10646316	0.3922
TMTC1	0.11617994	0.12654087	0.094116025	0.09812112	0.10209646	2060.2	0.107410885	0.3924
SCN1A-AS1	0.10233382	0.116579525	0.12611873	0.0878303	0.10409081	2061.8	0.10739064	0.3926
PDZK1IP1	0.10025476	0.11057728	0.101940945	0.12762584	0.09935252	2062.8	0.10795027	0.3928
AC097460.1	0.11492437	0.09945095	0.101410076	0.10422253	0.10920103	2065.6	0.10584179	0.393
SLC12A1	0.112375535	0.09281592	0.12590644	0.09849229	0.104346775	2069.0	0.1067874	0.3932
CORO1A	0.108245514	0.09610408	0.12103504	0.11586238	0.09436647	2069.2	0.1071227	0.3934
RPL15	0.11085763	0.09715678	0.09614819	0.11833163	0.114208244	2069.8	0.10734049	0.3936
NKD2	0.11123827	0.10937725	0.118968815	0.09646252	0.093545824	2070.8	0.10591854	0.3938
LINC01205	0.10650994	0.10272528	0.10519325	0.095856406	0.12033764	2071.1	0.106124505	0.394
ADAMTS14	0.11418643	0.10825834	0.11251664	0.0904803	0.10162631	2072.2	0.1054136	0.3942
RPL28	0.10096042	0.1043532	0.109164454	0.10598762	0.108691916	2073.8	0.105831526	0.3944
PKNOX2	0.122655414	0.11558811	0.11198887	0.078365445	0.10391621	2074.4	0.10650281	0.3946
CLDN10-AS1	0.11606046	0.11250333	0.10445934	0.09093108	0.10375302	2075.2	0.105541445	0.3948
AC034245.1	0.10600461	0.11571596	0.11343895	0.08678849	0.10832389	2076.4	0.10605438	0.395
AL031289.1	0.11265477	0.109595	0.11107634	0.0950541	0.097571194	2076.6	0.10519028	0.3952
GABRA2	0.11750679	0.10925237	0.10678965	0.08487705	0.1108796	2078.2	0.10586109	0.3954
KRT18	0.09813465	0.110933	0.109402895	0.10256985	0.10786217	2078.8	0.105780505	0.3956
CADPS2	0.10600264	0.104551606	0.11167683	0.09730579	0.10730038	2079.0	0.105367444	0.3958
RPS9	0.107797176	0.09821381	0.10066256	0.119161464	0.10717989	2079.4	0.10660298	0.396
CLSTN2	0.106747605	0.124914765	0.104603946	0.091050394	0.10340142	2080.2	0.106143616	0.3962
GULP1	0.10036283	0.108600244	0.09718488	0.10727218	0.12204549	2088.6	0.10709312	0.3964
EML6	0.119989105	0.11384402	0.09574679	0.1096378	0.09354888	2089.0	0.106553316	0.3966
CDHR5	0.09934842	0.09648685	0.12076698	0.09921787	0.117881805	2090.2	0.10674038	0.3968
RPS23	0.12863037	0.09567656	0.102983266	0.117979676	0.09171053	2090.6	0.10739608	0.3971
DLG2	0.11829599	0.1294142	0.0886442	0.10505443	0.09884191	2090.6	0.10805015	0.3971
ACTG1	0.11337746	0.12714183	0.096599065	0.104198515	0.0929095	2090.8	0.106845275	0.3974
MXD1	0.09979826	0.10529778	0.0942449	0.1254011	0.11757764	2092.2	0.10846393	0.3976
HAPLN4	0.11792971	0.11152855	0.1142447	0.08556515	0.09938247	2092.6	0.10573012	0.3978
PTCHD4	0.10986792	0.106990576	0.1208967	0.10710537	0.087725006	2092.8	0.106517114	0.398
DLGAP1-AS3	0.112896904	0.11284518	0.115167655	0.08778671	0.09949366	2093.8	0.10563803	0.3983
LINC02198	0.1024917	0.11126349	0.09940222	0.11379252	0.104216754	2093.8	0.106233336	0.3983
RPS3	0.11144462	0.11171408	0.09125075	0.12281427	0.101617165	2094.4	0.10776818	0.3986
SGMS2	0.115457505	0.10434043	0.115453795	0.07888716	0.11880426	2095.8	0.10658864	0.3988
NDUFA6	0.101747066	0.11398758	0.10020575	0.11643219	0.09985143	2096.8	0.1064448	0.399
NFATC4	0.10641813	0.10869685	0.105673045	0.09226216	0.11350892	2098.0	0.105311826	0.3992
MAPT	0.118624024	0.10668163	0.10038503	0.09839393	0.10177385	2098.4	0.105171695	0.3994
EYA2	0.11543274	0.0993539	0.11773989	0.082224436	0.11710526	2099.5	0.10637125	0.3996
PNPLA4	0.12339488	0.10278667	0.09941548	0.099100836	0.10300885	2100.2	0.10554133	0.3998
MAGEH1	0.10836335	0.10873265	0.112003356	0.093725	0.101966284	2101.2	0.10495813	0.4
AC083870.1	0.10156024	0.113130756	0.10247163	0.105836876	0.10518377	2101.6	0.10563666	0.4002
AC021723.2	0.13188413	0.10859239	0.100464575	0.08882097	0.1021021	2101.8	0.10637283	0.4004
LY96	0.124664016	0.106533766	0.09738319	0.10663038	0.09501099	2102.8	0.10604447	0.4006
LINC01185	0.09815508	0.11757784	0.111028925	0.0880641	0.116412446	2104.4	0.10624768	0.4008
LINC01594	0.0962197	0.10784381	0.118707895	0.106699154	0.100484475	2104.8	0.105991006	0.401
IGFBP2	0.10387588	0.09708463	0.10711771	0.10871731	0.11106388	2105.4	0.10557189	0.4012
SNAP25	0.11812364	0.12111791	0.08804959	0.11739315	0.09533021	2108.6	0.1080029	0.4014
LINC02365	0.13261244	0.1132641	0.08998645	0.10857326	0.095112644	2109.0	0.107909776	0.4016
RPS5	0.10669352	0.10372244	0.09873742	0.11405049	0.10627452	2109.4	0.10589568	0.4018
SMIM26	0.10590426	0.112740256	0.094447315	0.11193266	0.10682642	2109.8	0.10637017	0.402
PLXNA4	0.11579908	0.11632143	0.0988052	0.09838618	0.09763032	2111.6	0.10538844	0.4022
DNAJB7	0.11762937	0.116231404	0.10255593	0.09515581	0.0945381	2112.4	0.10522213	0.4024
DYNC2LI1	0.1083832	0.12831242	0.09786097	0.111274004	0.090216696	2112.8	0.10720946	0.4026
APOM	0.10715379	0.11600062	0.10170113	0.10994577	0.09336902	2113.2	0.10563407	0.4028
AC114971.1	0.10861578	0.11621529	0.103599936	0.095688686	0.10054175	2113.4	0.10493229	0.403
SLC7A13	0.10758705	0.112550855	0.10151278	0.10026229	0.10323205	2113.6	0.105029	0.4032
ITGA6	0.11755926	0.106460504	0.096902944	0.11850522	0.09308219	2113.8	0.10650202	0.4034
TRAPPC5	0.10435167	0.11909877	0.100623064	0.10029745	0.102548376	2114.0	0.10538386	0.4036
SNRPD2	0.10644955	0.09962813	0.103889205	0.11622318	0.10196467	2114.4	0.10563095	0.4039
BAMBI	0.11760244	0.12730768	0.09812628	0.08268506	0.10848929	2114.4	0.106842145	0.4039
HAVCR2	0.11804924	0.097748704	0.10539446	0.11688307	0.09183187	2117.0	0.10598147	0.4043
AC079052.1	0.08607267	0.118485086	0.11655672	0.09178508	0.12907356	2117.0	0.10839462	0.4043
DNAJA1	0.11290993	0.10802386	0.09753663	0.10985471	0.09905869	2118.8	0.10547676	0.4046
AC022858.1	0.101096086	0.10000133	0.110631414	0.09030523	0.13599133	2119.4	0.10760508	0.4048
WBP2NL	0.10372813	0.115675546	0.11636201	0.09512193	0.09556074	2121.8	0.105289675	0.405
RPL29	0.11428667	0.10394026	0.10110738	0.109627075	0.09682076	2122.8	0.10515644	0.4052
RPS16	0.116037756	0.103633285	0.098152734	0.11031043	0.09941501	2123.0	0.10550984	0.4054
AC012485.1	0.09503875	0.1055297	0.099332765	0.123605095	0.11270241	2125.4	0.10724175	0.4056
CYP7B1	0.115322	0.104309484	0.10671894	0.101323016	0.09539603	2126.0	0.1046139	0.4059
AP000943.2	0.11942693	0.109372415	0.092525214	0.10539191	0.102869265	2126.0	0.10591714	0.4059
PLEKHH2	0.097404495	0.119717516	0.09701252	0.1126199	0.1060743	2126.8	0.10656575	0.4062
AP000779.1	0.10832683	0.09321447	0.101395	0.11967402	0.10877367	2127.2	0.106276795	0.4064
RPL8	0.10719341	0.104958616	0.100748844	0.115591064	0.09891938	2129.0	0.105482265	0.4066
HINT1	0.10732641	0.11067395	0.0999864	0.11476885	0.09516279	2129.8	0.10558368	0.4069
LPA	0.12964426	0.11317102	0.100455865	0.0799521	0.10904559	2129.8	0.10645376	0.4069
DRAIC	0.116361715	0.104347184	0.09892203	0.110120356	0.09675955	2130.4	0.10530217	0.4073
ANGPTL4	0.108264096	0.09476085	0.111797825	0.10296136	0.10664067	2130.4	0.10488496	0.4073
ASPHD2	0.11736235	0.10650378	0.10073539	0.10502515	0.09464911	2133.6	0.10485516	0.4076
SMDT1	0.10274262	0.10349406	0.10163134	0.10311566	0.11539569	2134.4	0.10527587	0.4078
TMEM72	0.111673735	0.100387976	0.105912864	0.09858377	0.10539263	2134.6	0.10439019	0.408
SCIN	0.10970585	0.104198985	0.10597533	0.112190485	0.09301229	2135.0	0.10501659	0.4082
LINC00472	0.10797363	0.11906718	0.09613299	0.1060565	0.09881631	2135.2	0.10560932	0.4084
ARL4C	0.11902437	0.09286088	0.10262927	0.1057049	0.10531429	2135.8	0.10510675	0.4086
AC092431.1	0.10528906	0.12135157	0.09718056	0.096745014	0.10709757	2140.2	0.10553275	0.4088
MDFIC	0.10530855	0.11502298	0.09388541	0.114207014	0.10260703	2140.4	0.10620619	0.409
SUSD2	0.12385548	0.123021886	0.09569825	0.10954472	0.08502587	2140.6	0.10742924	0.4092
ZDHHC14	0.09228634	0.11157996	0.12217058	0.09868664	0.10549012	2141.0	0.10604272	0.4094
SUCLG1	0.10683886	0.11516098	0.098560475	0.08936091	0.118735634	2141.7	0.10573137	0.4096
RAPGEF4	0.11765336	0.11353021	0.09130406	0.10338355	0.103394926	2141.8	0.10585322	0.4098
TAGLN3	0.0907943	0.112310864	0.12475053	0.09317654	0.113069445	2142.0	0.106820345	0.41
PRKAR2B	0.1050615	0.13383356	0.10036325	0.09504978	0.097258	2142.8	0.10631323	0.4102
AC011029.1	0.119291656	0.1283198	0.10197967	0.08303605	0.097857654	2143.8	0.10609697	0.4104
CCDC148	0.10953817	0.108976714	0.10089207	0.09942836	0.10328154	2145.2	0.10442337	0.4106
UQCR10	0.106434956	0.098827854	0.10010144	0.11819773	0.10412363	2146.8	0.10553713	0.4108
P4HA1	0.117193945	0.09134587	0.10238082	0.10898267	0.106444985	2149.2	0.10526965	0.411
ANXA4	0.12118714	0.12995836	0.10426282	0.10232963	0.07871169	2149.4	0.10728993	0.4113
AL162493.1	0.10624051	0.11799432	0.10157263	0.09476155	0.10313515	2149.4	0.104740836	0.4113
RMDN2	0.11206808	0.10940767	0.094913386	0.11532997	0.09677265	2149.6	0.10569836	0.4117
DPM3	0.108558886	0.11291835	0.096347995	0.10270397	0.104309745	2149.6	0.10496779	0.4117
SORCS2	0.1060496	0.10194103	0.120485544	0.08902842	0.10808927	2152.4	0.105118774	0.412
ITGA3	0.11901627	0.11272465	0.08991397	0.11789912	0.09479798	2152.8	0.1068704	0.4124
RPL18A	0.11551209	0.094879776	0.099420644	0.11060755	0.10545221	2152.8	0.105174445	0.4124
MTFP1	0.13028292	0.115080856	0.09893662	0.09404134	0.09169625	2152.8	0.1060076	0.4124
CTSH	0.09500293	0.11108684	0.107801534	0.09927149	0.112242706	2154.0	0.1050811	0.4129
GDA	0.10885008	0.103980064	0.09811428	0.10619252	0.107226	2154.0	0.1048726	0.4129
PKM	0.112289615	0.115098186	0.10143109	0.096840955	0.09644442	2155.8	0.104420856	0.4132
VWCE	0.103385605	0.11373322	0.103975035	0.10077637	0.10042396	2156.4	0.10445883	0.4134
AC073167.1	0.09719764	0.11494615	0.10186244	0.11676481	0.09825962	2156.8	0.10580613	0.4136
NHEJ1	0.10466904	0.10582088	0.10682054	0.10170763	0.10167906	2157.0	0.104139425	0.4138
FANCA	0.10287403	0.12391376	0.096378766	0.10808924	0.098399885	2157.2	0.10593114	0.414
NIPAL1	0.116507456	0.12344561	0.10740675	0.068797976	0.11293734	2158.6	0.10581903	0.4142
RNF183	0.1280256	0.10430057	0.097470805	0.090227604	0.10771521	2160.6	0.10554795	0.4144
AP005131.1	0.098552525	0.10771679	0.10966353	0.10928499	0.098452605	2161.8	0.1047341	0.4146
MPP6	0.12959123	0.10272528	0.0994716	0.11474093	0.08696797	2162.3	0.10669941	0.4148
PROX1	0.10765772	0.098899715	0.10949	0.09206547	0.11438155	2163.0	0.104498886	0.415
WDR83OS	0.10499134	0.1038793	0.11153787	0.10181302	0.09862911	2164.2	0.10417013	0.4152
GADD45B	0.095419616	0.10815347	0.11363079	0.090576306	0.119728886	2164.4	0.10550181	0.4154
ACMSD	0.12046278	0.11750405	0.08858335	0.10972461	0.09597474	2166.6	0.10644992	0.4156
HES1	0.116348796	0.12487086	0.09921205	0.0804637	0.10795237	2170.2	0.10576955	0.4158
DIAPH3	0.11605211	0.122979015	0.09409513	0.1230394	0.084319584	2170.6	0.108097054	0.416
AC068722.1	0.104628615	0.11570804	0.10382574	0.087435536	0.11281773	2170.8	0.104883134	0.4164
CCDC102B	0.09236992	0.11365502	0.10546145	0.10163021	0.11263607	2170.8	0.105150536	0.4164
B4GALNT2	0.107251815	0.10503294	0.115866736	0.084429756	0.1114087	2170.8	0.104798	0.4164
ACY1	0.09999566	0.10592045	0.10763819	0.112476066	0.09728384	2171.6	0.104662836	0.4168
AC073091.3	0.11332786	0.121084265	0.087333076	0.107927985	0.10210257	2172.4	0.10635515	0.417
AL356599.1	0.12122508	0.09765218	0.10097607	0.13234967	0.086651884	2174.2	0.10777098	0.4172
COL23A1	0.10973798	0.11291304	0.09591431	0.09390927	0.11186936	2174.8	0.10486879	0.4174
MIR3659HG	0.12451032	0.1160944	0.096433155	0.13101603	0.07780985	2175.2	0.10917276	0.4176
GABRG3	0.11008865	0.10453983	0.0935726	0.102246925	0.11561168	2177.0	0.105211936	0.4178
GLB1L3	0.106237344	0.09715753	0.1069893	0.109107666	0.10160947	2178.0	0.10422027	0.418
PGBD5	0.10050648	0.11754948	0.098070085	0.11045634	0.09978437	2178.6	0.10527335	0.4182
AC012291.3	0.11631552	0.119788505	0.098623425	0.089710504	0.09960701	2179.8	0.104809	0.4184
ANTXR1	0.107001126	0.12897365	0.109315135	0.08149643	0.10051664	2180.6	0.1054606	0.4186
TIMP3	0.120994836	0.11330113	0.1083374	0.08039104	0.0999857	2181.2	0.104602024	0.4188
CASC6	0.10399764	0.096312165	0.10626861	0.11361899	0.102961555	2181.4	0.1046318	0.419
RPL11	0.1093077	0.10909981	0.09192168	0.12246308	0.098833285	2181.8	0.10632511	0.4192
LINC01505	0.111549534	0.10863046	0.09802492	0.104755305	0.098422416	2183.6	0.10427654	0.4194
RPS3A	0.11148017	0.09423422	0.10125919	0.11465144	0.10257127	2184.6	0.10483925	0.4196
FAU	0.108755045	0.09689846	0.102842174	0.1166684	0.09851177	2185.6	0.10473517	0.4198
AOAH	0.10807654	0.1041858	0.103892215	0.10155001	0.10078219	2186.2	0.103697345	0.42
TTTY4	0.11047338	0.12138834	0.09023598	0.10077077	0.10424046	2188.8	0.10542178	0.4202
MRPS24	0.11518885	0.114910275	0.088163674	0.11322021	0.098821305	2191.0	0.10606086	0.4205
AC011447.3	0.11353464	0.116692014	0.102298036	0.08998595	0.09840373	2191.0	0.10418288	0.4205
RPL37A	0.11553965	0.10777373	0.08950546	0.11799226	0.099410325	2192.0	0.10604428	0.4208
IGFBP4	0.11012523	0.105956055	0.1068815	0.10667807	0.09069986	2192.4	0.104068145	0.421
RHCG	0.10843131	0.112177044	0.10562146	0.09340116	0.09891347	2196.2	0.103708886	0.4212
TMEM26	0.10646788	0.11606692	0.10495293	0.08481407	0.10941416	2196.6	0.1043432	0.4214
AL122035.1	0.104268104	0.10543597	0.10245296	0.121709235	0.092683665	2196.8	0.105309986	0.4216
AC021086.1	0.10281227	0.11544426	0.09933972	0.107575476	0.0972658	2197.4	0.1044875	0.4218
CFAP61	0.10582916	0.11567849	0.099337034	0.10347954	0.0965312	2197.8	0.10417108	0.422
OSMR	0.10649874	0.108312346	0.11495987	0.084805116	0.10658539	2198.2	0.10423229	0.4222
ARSJ	0.108990625	0.11251283	0.11190814	0.088937685	0.096764125	2199.4	0.103822686	0.4224
SLC7A7	0.12595391	0.1235698	0.097412705	0.089806475	0.09174689	2200.2	0.10569795	0.4226
FAM189A1	0.102428325	0.10524488	0.0987738	0.09990069	0.11612758	2200.4	0.10449505	0.4229
LYN	0.10230015	0.14074214	0.10432687	0.08470566	0.101619646	2200.4	0.10673889	0.4229
NOL4	0.10967677	0.09338039	0.11400216	0.101445384	0.10088313	2201.6	0.10387757	0.4232
SLCO1A2	0.111962855	0.101421714	0.1132921	0.090337716	0.101123326	2202.2	0.10362754	0.4236
ERC2	0.10796016	0.098967545	0.10129286	0.11462472	0.09895933	2202.2	0.104360916	0.4236
PTCHD1-AS	0.10267849	0.12584089	0.10797118	0.08244758	0.10653207	2202.2	0.10509405	0.4236
CCND2-AS1	0.10487838	0.109244384	0.10254346	0.10781658	0.09558127	2202.6	0.104012825	0.424
AC005537.1	0.10214562	0.11824671	0.096988425	0.11948578	0.09277069	2203.0	0.105927445	0.4242
CYYR1	0.11219501	0.111527	0.10673398	0.09747269	0.09118912	2204.0	0.103823565	0.4244
KLHL29	0.10498365	0.11315324	0.09936757	0.111326486	0.09404066	2206.4	0.10457432	0.4247
TCF7L1	0.118110955	0.11067034	0.0928094	0.10530512	0.09686629	2206.4	0.10475242	0.4247
NUPR1	0.10637568	0.11096037	0.09832321	0.10397934	0.10038056	2206.6	0.10400383	0.425
SLC30A8	0.12121831	0.10659408	0.09112866	0.09885559	0.10631398	2207.6	0.10482212	0.4252
LINC01554	0.09122705	0.10762161	0.1134838	0.0994032	0.111532405	2208.2	0.10465361	0.4254
DEPDC1B	0.10271212	0.11563515	0.10591488	0.0872692	0.109563045	2209.8	0.10421888	0.4256
NUP214	0.1209315	0.10932668	0.09614843	0.09319544	0.1014759	2211.8	0.104215585	0.4258
COX5B	0.1015603	0.106254004	0.09981375	0.11172715	0.10227374	2212.0	0.10432579	0.426
TSTD1	0.11533845	0.09080279	0.1057747	0.11056841	0.09840753	2213.4	0.10417837	0.4263
AC008571.2	0.10806067	0.113830075	0.10789085	0.08798293	0.10056784	2213.4	0.10366647	0.4263
RPL30	0.12344856	0.10791307	0.09489359	0.11686875	0.08708809	2214.0	0.10604241	0.4266
FGFR1	0.11286331	0.10472131	0.10257942	0.0891801	0.10898861	2215.2	0.103666544	0.4268
S100Z	0.10055784	0.11480774	0.10751657	0.08747127	0.11085036	2215.6	0.10424076	0.427
DTNA	0.10632335	0.0904645	0.10055945	0.12262886	0.10760512	2216.2	0.105516255	0.4272
EYA1	0.11520148	0.12686758	0.10583622	0.07587529	0.101210766	2218.6	0.10499827	0.4274
TUBA1B	0.11600146	0.08706128	0.09830388	0.11592327	0.10968816	2219.4	0.105395615	0.4276
ANGPT2	0.11427116	0.1240844	0.08699503	0.11097655	0.09488026	2219.6	0.10624148	0.4278
RIPOR2	0.09936441	0.1001745	0.15044111	0.08494773	0.108402975	2225.0	0.108666144	0.428
HIST2H2BE	0.10772746	0.10535778	0.10834984	0.09816831	0.095870614	2225.2	0.103094794	0.4282
LINC00624	0.11608737	0.12112655	0.08460047	0.10460429	0.10288835	2225.8	0.1058614	0.4284
LRFN5	0.09840027	0.1133387	0.107544824	0.09440654	0.10428785	2229.4	0.10359564	0.4286
AC074237.1	0.12387715	0.11871511	0.07912473	0.0953236	0.11680783	2229.6	0.10676968	0.4288
SCNN1A	0.11130142	0.10575798	0.10112592	0.09351874	0.10423937	2230.2	0.10318868	0.429
ID1	0.1155385	0.1002143	0.09924777	0.11133639	0.09363997	2230.4	0.1039954	0.4292
EEF1D	0.099005364	0.108037375	0.10731749	0.09942288	0.10307395	2231.8	0.103371404	0.4294
FGB	0.1120333	0.12039675	0.100792445	0.08831036	0.097556606	2232.6	0.103817895	0.4296
AL355499.1	0.11181456	0.11493248	0.10255141	0.085609935	0.10322301	2232.8	0.10362627	0.4298
AP001528.1	0.106200285	0.101479	0.09188261	0.110396564	0.11519955	2233.0	0.105031595	0.43
PRDM7	0.10171809	0.104182154	0.1098634	0.11559698	0.09093753	2233.2	0.10445963	0.4303
AL157938.2	0.118646465	0.107177995	0.08709629	0.10241419	0.11017763	2233.2	0.10510252	0.4303
HSPB8	0.100990936	0.11876527	0.099215895	0.096244164	0.10494842	2233.6	0.10403293	0.4307
NFATC2	0.11277777	0.100168	0.09079928	0.124511644	0.10125321	2233.6	0.10590198	0.4307
GCH1	0.105047345	0.105602294	0.110687986	0.10047094	0.09380818	2236.8	0.10312335	0.431
LTBP1	0.09968683	0.1177668	0.104322985	0.09066916	0.10627308	2237.4	0.10374377	0.4312
BTG1	0.106533125	0.10104613	0.101071835	0.096667506	0.111762196	2238.0	0.10341616	0.4316
COX6B1	0.11803985	0.104985945	0.08987832	0.11290237	0.09925339	2238.0	0.10501198	0.4316
CACNB4	0.10332386	0.1089487	0.10204356	0.09497495	0.1075999	2238.0	0.1033782	0.4316
METTL7A	0.10665635	0.11906123	0.093614325	0.09245259	0.111439	2239.4	0.10464469	0.4321
SPOCK1	0.09431304	0.11317807	0.09848818	0.11167346	0.10589201	2239.4	0.10470895	0.4321
C9orf135	0.10229448	0.104611136	0.103044145	0.089566216	0.12244771	2239.8	0.104392745	0.4324
VCAN	0.10291173	0.099094	0.110221915	0.09569763	0.10809233	2240.0	0.10320352	0.4326
LCK	0.123349756	0.113288276	0.08856941	0.11284321	0.09164181	2241.0	0.105938494	0.433
LINC02149	0.11215376	0.11669506	0.09445442	0.09877463	0.09767077	2241.0	0.103949726	0.433
MT-CO1	0.113592096	0.10152092	0.09128211	0.12707213	0.09684663	2241.0	0.10606277	0.433
AF274853.1	0.11021175	0.096719496	0.10329457	0.11061274	0.096434064	2241.2	0.10345453	0.4334
AC123912.4	0.1172076	0.0945756	0.101923004	0.096373685	0.10735634	2241.4	0.10348725	0.4336
DOLPP1	0.10991011	0.118536666	0.10569231	0.098337464	0.08721761	2241.6	0.10393884	0.434
LGMN	0.107635826	0.13030215	0.1024941	0.09032767	0.092703514	2241.6	0.10469265	0.434
LINC01483	0.10514283	0.100366175	0.09239481	0.107273206	0.120794825	2241.6	0.10519437	0.434
AL353576.1	0.105392866	0.09823558	0.110052116	0.0928799	0.10931172	2242.8	0.10317443	0.4345
ADAMTS20	0.10434539	0.106451906	0.09445719	0.11512481	0.10252185	2242.8	0.10458022	0.4345
LINC01931	0.11185261	0.08789822	0.10583198	0.11239091	0.10215481	2243.4	0.10402571	0.4348
GTDC1	0.101908	0.10007061	0.10739876	0.10719839	0.0999915	2246.0	0.103313446	0.4351
HSD11B1-AS1	0.11187043	0.10823074	0.10287093	0.08678542	0.10666721	2246.0	0.103284955	0.4351
AC090579.1	0.104469605	0.11003232	0.09121786	0.122340985	0.10026196	2246.4	0.10566454	0.4354
LGI2	0.12228442	0.1082268	0.10399494	0.074452564	0.112073705	2246.8	0.10420649	0.4356
AP003049.2	0.112494595	0.10593762	0.09788041	0.10491195	0.095596835	2247.0	0.103364274	0.4358
RUBCNL	0.11043221	0.10631978	0.097576514	0.10873118	0.09512358	2247.6	0.103636645	0.436
PLCXD3	0.106057286	0.1115507	0.09517321	0.100658916	0.10500132	2250.2	0.103688285	0.4362
SHROOM4	0.10734561	0.12241132	0.09478416	0.105382696	0.09259715	2250.8	0.10450418	0.4364
S100A4	0.10616203	0.108517066	0.10047525	0.104788944	0.09568944	2251.6	0.10312654	0.4366
WNT7B	0.115785316	0.113045335	0.08844869	0.096560486	0.10977094	2252.0	0.10472216	0.4368
AC002460.2	0.10507935	0.1196455	0.10025722	0.09823814	0.094666295	2253.2	0.1035773	0.437
WDFY4	0.11400026	0.117618546	0.09079326	0.08874712	0.112681404	2253.6	0.10476812	0.4372
ADAMTSL2	0.10985609	0.09441624	0.10896192	0.095430434	0.10597518	2254.0	0.10292797	0.4374
RPL18	0.11105451	0.09144828	0.10113844	0.13226368	0.09420898	2256.0	0.106022775	0.4376
DEC1	0.095864184	0.10497319	0.112547345	0.084154084	0.12892514	2257.4	0.10529278	0.4378
AL360267.2	0.09860834	0.09064149	0.1085815	0.11183573	0.11091246	2257.6	0.1041159	0.438
RGS7	0.1163734	0.09411635	0.111522816	0.0898475	0.10392842	2259.0	0.1031577	0.4383
DUSP23	0.10951824	0.11646564	0.088662684	0.09843739	0.10989658	2259.0	0.104596116	0.4383
AC092353.2	0.1136187	0.10898647	0.09538589	0.10928191	0.09242385	2260.2	0.10393937	0.4386
KHDRBS3	0.12161134	0.101012744	0.09958198	0.10335038	0.09194131	2260.4	0.103499554	0.4388
SIM2	0.10721953	0.11052257	0.090155035	0.099251226	0.114997305	2262.0	0.10442914	0.439
PLAU	0.10460346	0.10409733	0.11280622	0.09272057	0.09997978	2265.4	0.102841474	0.4392
CNTN5	0.12421716	0.10433742	0.10214379	0.08304764	0.104075134	2267.6	0.103564225	0.4394
GADD45GIP1	0.104623646	0.10337626	0.09956042	0.09793065	0.11027315	2269.2	0.10315283	0.4396
AL513327.1	0.09878069	0.09976011	0.10677385	0.09767562	0.11298586	2270.6	0.10319523	0.4398
AL136985.3	0.10959165	0.1065169	0.09140505	0.10830175	0.10363315	2271.2	0.103889704	0.44
AL135785.1	0.10290594	0.11056779	0.101545975	0.10514009	0.09509802	2271.6	0.103051566	0.4402
AC233296.1	0.11654124	0.114997126	0.09498499	0.08986312	0.10138894	2274.8	0.10355508	0.4404
IL34	0.11199987	0.09955735	0.10277251	0.0994389	0.098819904	2276.4	0.1025177	0.4407
AC025580.2	0.11238209	0.106222145	0.093614444	0.110287584	0.09625923	2276.4	0.10375309	0.4407
ATP10A	0.093704954	0.10762811	0.103890084	0.10929104	0.10299009	2278.0	0.10350086	0.441
HSP90AB1	0.10553297	0.10012964	0.09787913	0.10661366	0.10558801	2279.4	0.10314868	0.4412
AC008945.2	0.11693032	0.11442989	0.08843376	0.11289826	0.092517376	2279.6	0.10504192	0.4414
C6orf118	0.11999609	0.09724136	0.09717389	0.11823979	0.09000759	2281.2	0.10453174	0.4416
NR2F1-AS1	0.1170044	0.107837856	0.10983219	0.089830354	0.09004913	2282.0	0.102910794	0.4418
ADD3-AS1	0.10138794	0.1002471	0.09333592	0.109194174	0.11963298	2282.8	0.10475962	0.442
SFTPD	0.095810294	0.102003895	0.1180787	0.09472701	0.10622559	2283.2	0.1033691	0.4422
AL355612.1	0.12550265	0.10738345	0.10231683	0.077784196	0.105584286	2284.0	0.10371427	0.4424
CNTD2	0.11247579	0.11494705	0.09016349	0.09040751	0.112595096	2287.6	0.10411779	0.4426
SELL	0.10310128	0.1141727	0.09481717	0.098852634	0.10619891	2291.0	0.10342853	0.4428
FGF12	0.10784182	0.104873866	0.097417265	0.109501384	0.09594099	2292.2	0.10311507	0.443
ADI1	0.11297857	0.10143019	0.10532578	0.094113	0.09694122	2293.2	0.10215775	0.4432
CEBPD	0.112923235	0.101312965	0.10607722	0.098807886	0.09248824	2294.0	0.10232191	0.4434
KCNH4	0.13282561	0.09288035	0.102365375	0.11727342	0.08402716	2296.8	0.10587438	0.4436
SLC25A48	0.11180829	0.093056634	0.105424106	0.08822115	0.11701069	2297.0	0.103104174	0.4438
LDLR	0.110372946	0.11452917	0.087755434	0.12262983	0.09276886	2297.2	0.10561125	0.444
AC087854.1	0.093730174	0.11208776	0.09916495	0.10795696	0.1051874	2297.4	0.103625454	0.4442
NDUFS5	0.103367284	0.10785437	0.10125902	0.09198776	0.108870186	2297.8	0.10266773	0.4444
CCDC73	0.11068005	0.10863423	0.09749105	0.10011955	0.09606574	2298.0	0.10259813	0.4446
PTRHD1	0.10378577	0.098947264	0.09341895	0.11108799	0.11311149	2298.4	0.10407029	0.4448
REEP1	0.110578835	0.095234685	0.09722161	0.119408205	0.09717703	2300.6	0.10392407	0.445
SSR2	0.113063686	0.09973343	0.10187247	0.10434974	0.09327915	2301.8	0.10245969	0.4452
LINC01349	0.12864335	0.10655341	0.09308356	0.083643384	0.11022679	2303.2	0.1044301	0.4454
BMP7	0.10914862	0.09426832	0.101044476	0.09382812	0.11654077	2303.8	0.102966055	0.4456
ADAMTS18	0.10771695	0.09934328	0.10711488	0.09679672	0.09910568	2304.8	0.102015495	0.4459
ZC3H12B	0.10368383	0.11202774	0.097209744	0.09370798	0.1084661	2304.8	0.10301908	0.4459
ISG20	0.10709382	0.10169704	0.10795817	0.09172522	0.10171527	2308.2	0.10203791	0.4462
MYO3B	0.11139624	0.10053518	0.09461919	0.10325357	0.10398107	2312.6	0.10275705	0.4465
PPIB	0.10121858	0.106485225	0.103744686	0.102254175	0.09736823	2312.6	0.10221418	0.4465
FAM151A	0.12298424	0.09284093	0.093944944	0.113872714	0.09717822	2313.0	0.104164205	0.4468
LINC02645	0.097340986	0.10957728	0.100141495	0.11952956	0.09298379	2313.4	0.10391462	0.4471
RGS2	0.10713546	0.09353512	0.102549225	0.09947773	0.10975898	2313.4	0.102491304	0.4471
SOBP	0.10160438	0.09755872	0.10726843	0.09968241	0.10495724	2314.4	0.10221424	0.4474
UFL1-AS1	0.112817995	0.10112239	0.090207756	0.11721598	0.0990956	2314.8	0.10409194	0.4477
AL355304.1	0.097191066	0.10075208	0.113094814	0.106714316	0.09567563	2314.8	0.102685586	0.4477
RPL14	0.10723872	0.093588345	0.10034707	0.11472878	0.09962583	2316.4	0.103105746	0.448
AC007906.2	0.11360297	0.11454078	0.09919574	0.081388615	0.106055975	2317.2	0.10295682	0.4482
AC005599.1	0.1090903	0.10979129	0.11102863	0.085412234	0.09583754	2317.6	0.102232	0.4484
ARHGAP26	0.09976324	0.10370575	0.10846541	0.10077286	0.0978183	2318.8	0.1021051	0.4487
FIRRE	0.09286323	0.10811908	0.12978525	0.075929604	0.123504326	2318.8	0.1060403	0.4487
DDT	0.114578664	0.09431704	0.09153854	0.13134293	0.09700757	2320.0	0.10575695	0.449
DENND2A	0.11089907	0.1047889	0.100088224	0.092756785	0.1017814	2320.6	0.102062866	0.4492
SIM1	0.1077846	0.10722479	0.10454994	0.095314525	0.094381385	2322.2	0.101851046	0.4494
FUT8	0.11496094	0.09824879	0.10536292	0.088763684	0.102695614	2322.8	0.10200639	0.4497
LRRTM4	0.11680934	0.10037138	0.10474877	0.08352362	0.10619823	2322.8	0.10233028	0.4497
CYBB	0.11872363	0.09454104	0.09689988	0.12536116	0.08929026	2323.6	0.1049632	0.45
ST8SIA2	0.105691075	0.1127495	0.10741409	0.08719424	0.09821087	2324.4	0.10225196	0.4502
AC009315.1	0.121009074	0.121450424	0.09667214	0.09193421	0.087660305	2326.4	0.10374524	0.4504
AC099560.1	0.10838492	0.108875476	0.10611561	0.0862067	0.100303665	2327.0	0.101977274	0.4506
ATP6V0D2	0.10924576	0.09618596	0.0988162	0.109108075	0.09939512	2327.4	0.10255022	0.4508
FAM81B	0.10480663	0.10645051	0.105701014	0.09055398	0.10163876	2327.6	0.10183017	0.451
CCDC151	0.09657269	0.11627586	0.10564264	0.108539835	0.089184985	2328.4	0.10324321	0.4512
SLC22A23	0.09939631	0.10839696	0.10056048	0.111107595	0.09424158	2329.2	0.102740586	0.4514
SLC4A11	0.12504578	0.10301821	0.09513829	0.10924962	0.0874377	2329.4	0.10397792	0.4516
AP004550.1	0.104030274	0.121829	0.11272997	0.08763801	0.089603916	2330.2	0.10316624	0.4518
AC096751.2	0.10206168	0.09523499	0.10705902	0.097601734	0.10943485	2331.0	0.102278456	0.452
HSPA8	0.120483674	0.10416381	0.08979602	0.09844225	0.10335657	2332.4	0.10324848	0.4522
ITGA1	0.10300302	0.11324985	0.09489341	0.09899296	0.10352469	2332.8	0.10273278	0.4524
AL132718.1	0.10903966	0.11948972	0.08946961	0.104969844	0.09511924	2333.0	0.10361762	0.4526
DISC1	0.09162416	0.101284094	0.10293461	0.10626506	0.11310085	2334.0	0.10304175	0.4529
AC068413.1	0.11949953	0.11167719	0.093318395	0.086314745	0.105342105	2334.0	0.103230394	0.4529
DZIP3	0.10504621	0.10368562	0.095145755	0.11558656	0.0968016	2334.4	0.10325315	0.4534
AC026495.1	0.0979854	0.097196445	0.09519516	0.11920068	0.11086352	2334.4	0.10408825	0.4534
CD63	0.113753535	0.09587887	0.10775316	0.093689054	0.09765349	2334.4	0.10174562	0.4534
ASPDH	0.1013377	0.09619472	0.10290568	0.12645717	0.09366922	2334.8	0.1041129	0.4538
KCNB2	0.11632152	0.11387678	0.09811062	0.09395642	0.09098058	2335.8	0.102649175	0.454
ZNF208	0.10893617	0.10121838	0.10815776	0.089915946	0.099966146	2336.6	0.10163889	0.4542
RPL24	0.10514143	0.1061767	0.09390883	0.11391335	0.096630804	2338.8	0.10315423	0.4544
UQCRB	0.10335977	0.09889165	0.09711151	0.12310394	0.09654231	2340.0	0.10380183	0.4546
GGACT	0.098928235	0.11338597	0.09920393	0.098224215	0.10221008	2340.4	0.10239049	0.4548
ARHGAP20	0.08993359	0.108799845	0.10955201	0.094579086	0.11104999	2340.8	0.102782905	0.455
LINC00271	0.09631174	0.10495528	0.124345034	0.08256989	0.110226385	2341.6	0.10368167	0.4552
HRH1	0.10141485	0.09343185	0.11613114	0.08698792	0.11917538	2342.2	0.10342823	0.4554
LRRIQ3	0.11019894	0.10697886	0.10061257	0.09254925	0.097776555	2343.8	0.10162324	0.4556
AC107223.1	0.11148411	0.101352826	0.10606194	0.08345153	0.1071934	2344.0	0.101908766	0.4558
WNK2	0.11692358	0.11964565	0.095481195	0.093050554	0.09028405	2344.6	0.10307701	0.4561
SLC27A6	0.115703836	0.106488675	0.10145014	0.08291543	0.10363823	2344.6	0.10203926	0.4561
MINDY2	0.1210387	0.121351175	0.089600764	0.10269105	0.08714504	2345.6	0.10436535	0.4564
TMCC2	0.11225947	0.11486481	0.09353761	0.10404673	0.0905159	2346.8	0.103044905	0.4566
FOXO1	0.09675768	0.089940585	0.107323624	0.10738628	0.113309585	2347.2	0.102943555	0.4569
SPOCK3	0.10995064	0.10041697	0.11202285	0.08254025	0.1046216	2347.2	0.10191046	0.4569
LRRC1	0.10082271	0.102613576	0.103015035	0.0992743	0.103375345	2347.8	0.10182019	0.4572
GJB1	0.118504055	0.09295887	0.09596086	0.10530687	0.100108035	2348.8	0.10256773	0.4574
IQGAP3	0.104727715	0.10000753	0.11192864	0.088215925	0.10410457	2349.6	0.10179688	0.4576
RPLP1	0.1118945	0.094429545	0.099240705	0.11661581	0.09269924	2350.0	0.102975965	0.4578
AC090709.1	0.108917125	0.10098812	0.1037572	0.09269504	0.10088551	2350.4	0.101448596	0.458
AC092821.3	0.10323557	0.11668575	0.09763099	0.08300223	0.115283914	2351.0	0.1031677	0.4582
AC009879.4	0.10288307	0.10953886	0.10386956	0.10772388	0.08817816	2353.8	0.1024387	0.4584
AC087564.1	0.10715172	0.11676627	0.09897753	0.10518904	0.08639409	2357.6	0.10289572	0.4586
PWRN4	0.10411602	0.10842	0.103216946	0.09531697	0.095958404	2360.8	0.101405665	0.4588
SLC16A1-AS1	0.10779079	0.10722781	0.09227558	0.10960926	0.096677	2361.0	0.10271609	0.459
LHX1	0.11390969	0.09975808	0.087285176	0.12032457	0.09962464	2361.2	0.10418043	0.4592
AC090791.1	0.09392139	0.12358788	0.108127475	0.10036812	0.08925147	2361.4	0.10305127	0.4594
AC006115.2	0.10099071	0.09488388	0.10001927	0.10741564	0.10891438	2362.4	0.10244478	0.4596
ZMAT4	0.110434	0.10173509	0.103591226	0.10057111	0.091237105	2363.0	0.101513706	0.4598
SGK1	0.10842899	0.10400076	0.09453181	0.10876716	0.096309766	2365.0	0.102407694	0.46
RBPMS	0.11111922	0.105486244	0.09672795	0.10140206	0.094027996	2368.6	0.10175268	0.4602
DRAP1	0.10489414	0.103868544	0.096974425	0.09707664	0.106505476	2369.6	0.10186384	0.4604
TIFA	0.11764753	0.092743754	0.09599267	0.10264446	0.102052584	2370.0	0.1022162	0.4606
NRK	0.11124025	0.10249105	0.101560116	0.09653314	0.094587825	2371.0	0.10128248	0.4608
IRS1	0.09582166	0.11391535	0.09974425	0.09973088	0.10087029	2372.6	0.102016486	0.461
PSAT1	0.11082528	0.09789236	0.10065137	0.101182826	0.09605254	2373.6	0.10132088	0.4612
KRTCAP2	0.113210805	0.09761294	0.09975534	0.1112148	0.089674935	2374.2	0.10229377	0.4614
PCDH7	0.10957821	0.10660879	0.09280216	0.11115464	0.092966646	2374.6	0.10262209	0.4616
LINC01122	0.10851779	0.118042134	0.10694401	0.08500259	0.09144666	2375.6	0.10199064	0.4619
AC034226.1	0.11433959	0.11460778	0.10226225	0.087563366	0.09115935	2375.6	0.10198647	0.4619
GLUD1	0.10660957	0.12403543	0.09878799	0.085523985	0.09742129	2377.8	0.10247566	0.4622
PPP1R3A	0.098419935	0.11559894	0.10721474	0.090104766	0.09688855	2378.0	0.10164539	0.4624
TLL2	0.11160662	0.10185644	0.109063625	0.08356122	0.10021662	2378.2	0.1012609	0.4626
TPTE2	0.11409006	0.08972246	0.105783425	0.09653413	0.10113355	2379.2	0.10145272	0.4629
CHCHD2	0.11100476	0.10310402	0.08886257	0.09452383	0.117796265	2379.2	0.10305829	0.4629
SH3BGRL3	0.112494126	0.10719876	0.097434364	0.09216344	0.098191716	2380.0	0.10149648	0.4632
CYP39A1	0.09901363	0.1039669	0.10293681	0.096031286	0.10495744	2384.0	0.101381205	0.4634
CCDC173	0.10364323	0.100389585	0.10386394	0.09781796	0.09975729	2386.0	0.1010944	0.4636
AC019068.1	0.098266914	0.1055255	0.111086234	0.08420072	0.1094732	2387.0	0.10171051	0.4638
UBASH3B	0.102290265	0.10369784	0.10325981	0.09929703	0.09728238	2387.4	0.10116546	0.464
AC104459.1	0.10768807	0.116014816	0.0960078	0.092898645	0.09633395	2388.4	0.101788655	0.4642
SLC6A20	0.107169844	0.1004978	0.10178139	0.09961306	0.09604028	2390.2	0.10102048	0.4644
BFSP2	0.10597996	0.093697086	0.10320329	0.09108482	0.11473531	2390.4	0.1017401	0.4646
OGFRL1	0.10428331	0.111405775	0.11373637	0.095578365	0.08528292	2396.0	0.10205735	0.4648
ATP11A-AS1	0.10838749	0.12014798	0.100548364	0.09916649	0.08400457	2397.0	0.10245098	0.465
NUDT4	0.109594755	0.08805765	0.09841093	0.10172317	0.11218752	2399.0	0.1019948	0.4652
TRIM71	0.11021012	0.11015087	0.090700634	0.10590606	0.094134875	2399.6	0.10222051	0.4654
RGS5	0.10846412	0.09614347	0.10978568	0.08675434	0.10433404	2400.2	0.10109633	0.4657
SLC9A3	0.10761471	0.11959378	0.09024773	0.08786631	0.1089637	2400.2	0.10285725	0.4657
ANKRD37	0.09916977	0.1030557	0.105096005	0.09641882	0.101210706	2402.4	0.1009902	0.466
ACAA2	0.09247029	0.10429392	0.10086811	0.10199287	0.10921225	2402.8	0.101767495	0.4663
ZFHX4	0.11780839	0.0998673	0.08918232	0.09979968	0.10471389	2402.8	0.10227432	0.4663
AC007529.2	0.1095749	0.09810664	0.10537133	0.097425245	0.09343375	2403.0	0.10078237	0.4666
TOMM6	0.107389994	0.10429337	0.09841887	0.09336655	0.10216186	2404.0	0.101126134	0.4668
MYO1D	0.09356764	0.1061013	0.10897553	0.09665511	0.100666694	2405.0	0.10119325	0.467
GP2	0.09806027	0.104992755	0.10167439	0.1053402	0.09634489	2405.8	0.1012825	0.4672
MLF1	0.12320564	0.106140114	0.10030912	0.09136899	0.088168494	2406.2	0.10183847	0.4674
CPAMD8	0.10980995	0.10515011	0.10040337	0.08568322	0.103940435	2407.8	0.100997426	0.4677
IL1RAPL1	0.09161824	0.11348484	0.10189096	0.11750179	0.09085138	2407.8	0.10306944	0.4677
POU2AF1	0.111398846	0.120310806	0.094226286	0.1032307	0.08522732	2408.0	0.102878794	0.468
LUZP2	0.096644066	0.10392172	0.10296574	0.10174403	0.10036636	2409.2	0.101128384	0.4682
HLA-A	0.09801942	0.11023485	0.095346816	0.09617001	0.109339684	2410.8	0.10182216	0.4684
NMNAT3	0.09881937	0.103582814	0.09542331	0.112915725	0.09993036	2411.0	0.10213431	0.4686
EIF1	0.10554792	0.10478045	0.091550454	0.09431504	0.1145435	2411.2	0.102147475	0.4688
MTMR10	0.11903011	0.09491088	0.09580916	0.10110208	0.09686885	2412.2	0.10154422	0.469
RPS6	0.097636715	0.100254565	0.09740829	0.11828375	0.09875327	2412.6	0.10246732	0.4692
CDHR1	0.09368946	0.098447606	0.10952994	0.099959165	0.104268774	2415.4	0.10117899	0.4694
ADAMTS16	0.106769666	0.10295952	0.108768806	0.09322948	0.0919592	2416.2	0.10073733	0.4696
LINC02646	0.11692984	0.10058863	0.088713385	0.12131402	0.09113144	2416.4	0.10373546	0.4698
NOVA1	0.106857635	0.10342829	0.10956909	0.089930736	0.09375245	2417.0	0.10070765	0.47
PKIA	0.09930168	0.120516434	0.09170386	0.102671996	0.09805547	2417.4	0.102449894	0.4702
AL606489.1	0.102834456	0.117816076	0.096297584	0.0977692	0.093863055	2418.2	0.10171608	0.4704
CCDC40	0.10252298	0.10394217	0.11580396	0.08166086	0.10340193	2418.4	0.10146638	0.4706
TLE1	0.11556058	0.10162744	0.09142733	0.09904899	0.10024195	2421.0	0.10158126	0.4709
RGS1	0.0931896	0.09360144	0.11340132	0.10994052	0.09966916	2421.0	0.101960406	0.4709
DACH2	0.10874555	0.10775661	0.08609283	0.12483837	0.09301748	2423.0	0.10409017	0.4712
MILR1	0.09886994	0.121124566	0.09673275	0.09030994	0.10243654	2423.4	0.10189476	0.4714
AC244502.1	0.10030844	0.09702527	0.105159365	0.10097064	0.100079246	2424.4	0.10070859	0.4716
DLEU2	0.123113245	0.116180494	0.09410693	0.10484193	0.07920194	2425.0	0.10348891	0.4718
CTSL	0.099305615	0.101882614	0.11706272	0.08488439	0.10349732	2426.0	0.10132654	0.4721
KCNH1	0.11978357	0.115384735	0.09725893	0.089315526	0.08804867	2426.0	0.10195829	0.4721
BRIP1	0.085765205	0.10012351	0.10164715	0.10931866	0.11642317	2426.2	0.102655545	0.4724
FAM171B	0.10683469	0.087648496	0.0994402	0.107020974	0.107134566	2426.6	0.10161579	0.4726
NAV2	0.10399201	0.10532271	0.09628293	0.1014502	0.09821438	2426.8	0.10105245	0.4729
LINC02770	0.1076014	0.092386104	0.10830895	0.103589274	0.0925897	2426.8	0.100895084	0.4729
BST2	0.106568426	0.10159105	0.10813354	0.090323895	0.095561326	2427.2	0.10043564	0.4732
POLR2K	0.09713359	0.101083204	0.099682875	0.10959383	0.099694125	2428.8	0.101437524	0.4734
BIRC3	0.09264068	0.10907831	0.10432583	0.0872046	0.11574617	2429.0	0.101799116	0.4736
ATP6V0A4	0.09637292	0.11737464	0.09435207	0.111748345	0.09300049	2429.6	0.102569684	0.4738
BCAS1	0.10278494	0.1097667	0.11024253	0.08281878	0.09892879	2430.0	0.100908354	0.474
AP002784.1	0.107322164	0.096785314	0.102738194	0.09895434	0.09654455	2430.6	0.10046891	0.4742
Z93930.2	0.109332554	0.09925205	0.08881533	0.106893376	0.10603829	2431.2	0.102066316	0.4744
ZNF98	0.110406734	0.1128482	0.09011078	0.098646924	0.09650623	2431.4	0.10170378	0.4747
ACSL4	0.10492732	0.0965259	0.10491611	0.09013393	0.10703692	2431.4	0.10070803	0.4747
EPB41L3	0.11021778	0.0998446	0.093541875	0.09746941	0.10514981	2433.4	0.1012447	0.4751
NXT1	0.09418056	0.10304479	0.103875086	0.10486102	0.09917948	2433.4	0.10102818	0.4751
TIMM13	0.10536666	0.099890105	0.098841414	0.11574808	0.08982398	2433.6	0.10193405	0.4754
AL160313.1	0.09723748	0.09825251	0.104453556	0.09898346	0.10479245	2433.8	0.100743905	0.4756
PURPL	0.10131052	0.119327694	0.09963125	0.079374604	0.11035552	2434.2	0.101999916	0.4759
LINC01917	0.098469414	0.12145814	0.104623534	0.09735249	0.08725074	2434.2	0.10183086	0.4759
AP003464.1	0.11113544	0.10908501	0.10498603	0.08082021	0.097492576	2434.8	0.10070385	0.4762
KCNG2	0.11726678	0.10501898	0.08720512	0.09517827	0.105313845	2435.0	0.1019966	0.4764
GSTM3	0.112261795	0.10085153	0.09492982	0.10158967	0.09504973	2436.4	0.10093651	0.4766
FSTL3	0.088806175	0.10543838	0.101477556	0.10963913	0.103885606	2437.0	0.10184938	0.4768
STK32B	0.11607582	0.119991384	0.09172521	0.083650194	0.099514894	2438.4	0.10219149	0.477
CYB5A	0.106065765	0.10278491	0.090960726	0.09998335	0.10762931	2439.4	0.10148481	0.4772
ADTRP	0.10001094	0.09223616	0.10707345	0.100991055	0.10344952	2440.0	0.10075222	0.4774
NCF1	0.10514576	0.09990957	0.10075457	0.10145085	0.09497376	2441.6	0.1004469	0.4776
AC090921.1	0.09765776	0.1004476	0.09898675	0.09322196	0.11643591	2445.2	0.101349995	0.4778
AP000708.1	0.114078015	0.085567184	0.106199674	0.101010874	0.09684291	2446.2	0.10073973	0.478
MAML3	0.11649852	0.095427275	0.10032932	0.096081235	0.0946012	2446.6	0.10058751	0.4782
GPR156	0.111834	0.09129213	0.09788935	0.107449174	0.09716263	2447.4	0.10112546	0.4784
RNF19A	0.10629006	0.10257638	0.1026722	0.09573116	0.09407089	2447.6	0.10026814	0.4786
PRSS55	0.10427084	0.11814952	0.10250209	0.08083802	0.09969366	2450.6	0.101090826	0.4788
AC012409.2	0.10947777	0.10641395	0.10552385	0.083734	0.09627061	2450.8	0.10028404	0.4791
CFAP54	0.109333806	0.0998189	0.10375939	0.087084614	0.101817995	2450.8	0.10036294	0.4791
ADGRF1	0.11187515	0.10425408	0.093224786	0.09574573	0.09961086	2453.2	0.10094212	0.4794
CCSER1	0.12760076	0.10483293	0.08181232	0.124449305	0.08762633	2454.2	0.10526433	0.4797
RAB39A	0.12058065	0.09936023	0.110659696	0.074443795	0.09961313	2454.2	0.1009315	0.4797
COPZ2	0.101945385	0.109787956	0.099991135	0.09134836	0.099745594	2454.4	0.10056368	0.48
PLA1A	0.09410083	0.10093198	0.100330435	0.11882121	0.09524001	2454.8	0.10188489	0.4802
FNIP2	0.11214431	0.096629344	0.115361184	0.08200591	0.09744388	2456.0	0.100716926	0.4804
ZFP36L2	0.10893656	0.103237376	0.0898905	0.10362752	0.10072863	2457.8	0.101284124	0.4806
LINC00470	0.112831354	0.09796652	0.080311954	0.11749052	0.108058445	2458.4	0.10333176	0.4809
CSTB	0.104869515	0.09978708	0.09532075	0.099531405	0.10406524	2458.4	0.1007148	0.4809
AC099778.1	0.10300782	0.10280894	0.09675919	0.11544482	0.09082973	2459.2	0.10177009	0.4812
LYPLAL1-AS1	0.10182753	0.10144875	0.10641281	0.10901391	0.08715969	2460.2	0.101172544	0.4815
HINT2	0.114432946	0.102149054	0.09173895	0.10044475	0.096089706	2460.2	0.10097108	0.4815
AC093879.1	0.093991935	0.11183277	0.098236926	0.097513825	0.10384268	2460.6	0.10108362	0.4818
SNCA	0.119574405	0.09646582	0.09785285	0.08795037	0.10233157	2461.2	0.100835	0.4821
CHL1-AS2	0.093746185	0.10550979	0.10016003	0.09789049	0.10667438	2461.2	0.10079618	0.4821
NETO2	0.10744341	0.11572076	0.097020954	0.11078229	0.08113433	2461.4	0.10242035	0.4824
AC244131.2	0.10512942	0.120956145	0.096355915	0.091865435	0.0923267	2461.8	0.10132673	0.4826
AURKAIP1	0.10193575	0.10905357	0.09701092	0.10947964	0.089859076	2462.6	0.10146779	0.4828
MYBL2	0.10819159	0.1044169	0.0965721	0.09297186	0.09985621	2462.8	0.10040174	0.483
MYO9A	0.124765955	0.10286246	0.09804564	0.08544217	0.09463118	2463.0	0.101149485	0.4832
HS3ST4	0.1023128	0.10679858	0.090790115	0.12539366	0.09123158	2465.4	0.103305355	0.4834
RBP4	0.099607155	0.095530264	0.095498666	0.110723905	0.10589164	2465.8	0.101450324	0.4836
STYK1	0.1068181	0.096110456	0.09489063	0.100962	0.10459248	2466.6	0.10067473	0.4838
MITF	0.1147363	0.106601566	0.08130082	0.11094918	0.09882839	2468.4	0.10248325	0.484
ATP6V1G1	0.105842054	0.1004403	0.09763934	0.09313165	0.104483366	2469.6	0.100307345	0.4842
LINC00937	0.106278434	0.10618189	0.10345297	0.090099074	0.09400529	2469.8	0.100003526	0.4844
ATOX1	0.10964878	0.09853001	0.09571164	0.10630202	0.09308642	2471.0	0.10065577	0.4846
ZNF804B	0.10188824	0.10181879	0.1084584	0.08434139	0.10488911	2471.6	0.10027919	0.4848
AC096531.2	0.10230598	0.1049591	0.09353265	0.10225838	0.10138453	2473.0	0.10088813	0.485
ZBED5-AS1	0.10334226	0.10743657	0.098379925	0.09460292	0.09748443	2473.2	0.100249216	0.4852
COL5A1	0.11149586	0.09610512	0.09780749	0.09227377	0.103868425	2473.6	0.10031013	0.4854
AC005162.3	0.119447544	0.112172864	0.10211663	0.082873374	0.08875533	2474.2	0.101073146	0.4856
TMEM163	0.104300246	0.10867717	0.10481437	0.09014033	0.09257182	2474.4	0.10010078	0.4858
RPS8	0.10807139	0.10233428	0.09141731	0.11021847	0.09453033	2474.8	0.10131435	0.486
RPL23	0.11301439	0.09658357	0.09285118	0.11717669	0.09070614	2475.2	0.1020664	0.4862
HLA-DPB1	0.10804094	0.09477809	0.09564555	0.09558353	0.109427504	2475.8	0.10069512	0.4864
SCN11A	0.095073394	0.09898238	0.09475758	0.1034922	0.11471487	2480.4	0.101404086	0.4867
AC106799.2	0.10879313	0.12668432	0.08050122	0.094262205	0.10453158	2480.4	0.10295449	0.4867
CACHD1	0.115087934	0.10791512	0.099354364	0.0828876	0.09635964	2480.6	0.100320935	0.487
AC007656.2	0.097839236	0.0909215	0.10318366	0.0960037	0.1165853	2481.2	0.100906685	0.4872
SLC16A5	0.1116877	0.098301776	0.09271202	0.09769076	0.10289707	2481.4	0.100657865	0.4875
TANC2	0.09807506	0.1116194	0.11882336	0.07330044	0.10508552	2481.4	0.10138075	0.4875
IQANK1	0.09771776	0.10064017	0.10988976	0.08913261	0.102977164	2482.4	0.10007149	0.4878
SLC5A2	0.115877755	0.10673045	0.091162555	0.09245391	0.09771418	2483.2	0.100787774	0.488
LINC02550	0.10762716	0.1271922	0.09820914	0.0957914	0.08244469	2484.0	0.102252916	0.4883
EZR	0.10940626	0.113698624	0.0855044	0.095202856	0.10405345	2484.0	0.101573125	0.4883
MARCH4	0.0974838	0.109592654	0.1096355	0.078381665	0.108649805	2484.6	0.10074868	0.4886
CDC37L1-DT	0.103011996	0.109570466	0.09116513	0.1317449	0.08631916	2486.2	0.10436233	0.4888
AL139317.5	0.09850567	0.10478318	0.09615799	0.10439706	0.09884878	2488.2	0.10053854	0.489
AC140168.1	0.110228024	0.08958149	0.10725686	0.097124025	0.09548441	2488.4	0.099934965	0.4892
AC239799.2	0.10619488	0.11016368	0.09804915	0.091840096	0.09445177	2490.0	0.100139916	0.4894
TSHZ2	0.105435446	0.12157644	0.098726735	0.083713785	0.09476678	2490.2	0.10084383	0.4897
CD86	0.101814955	0.122918695	0.085771985	0.10725769	0.09508739	2490.2	0.10257014	0.4897
ATP11A	0.099269696	0.10237525	0.09970066	0.09949215	0.099146225	2491.4	0.09999679	0.4901
AL357141.1	0.12821776	0.094861485	0.09552746	0.08564708	0.10299507	2491.4	0.10144977	0.4901
SH3TC2	0.11567201	0.08291874	0.09680752	0.09999522	0.10964153	2491.6	0.10100701	0.4904
LSM3	0.090652175	0.107497536	0.10543494	0.09449095	0.103656	2492.4	0.10034631	0.4907
ARMC4	0.092755005	0.10430053	0.10426289	0.112309486	0.091454856	2492.4	0.101016544	0.4907
AL157388.1	0.086232625	0.11713917	0.112178996	0.08522731	0.10620571	2493.0	0.10139676	0.491
PRRG1	0.10890052	0.10526756	0.10714107	0.08534777	0.09246829	2493.8	0.09982504	0.4912
LGR5	0.10369483	0.09541505	0.09984626	0.093087114	0.1089848	2494.2	0.100205615	0.4914
IER3	0.1106077	0.09637734	0.097508	0.09868555	0.096582994	2494.6	0.09995232	0.4916
VIM	0.10277116	0.10719667	0.09505148	0.0961975	0.09990895	2495.2	0.10022515	0.4918
ASAP2	0.10917483	0.11232374	0.09738583	0.09756847	0.08708582	2497.6	0.10070775	0.492
AC110992.1	0.10806049	0.10151923	0.10138042	0.095706515	0.09195741	2497.8	0.099724814	0.4922
NLGN3	0.09561	0.108084895	0.09394936	0.10013035	0.106373616	2498.2	0.100829646	0.4924
ZNF157	0.10152046	0.09807289	0.110035494	0.08012621	0.11249292	2499.2	0.1004496	0.4926
CACYBP	0.1144259	0.088397406	0.10354664	0.100014195	0.09396301	2500.6	0.10006944	0.4928
COL4A4	0.107832156	0.10770617	0.10227088	0.0811071	0.10054348	2501.2	0.09989195	0.493
RPS27L	0.10598235	0.100057356	0.09728368	0.097989716	0.09813976	2501.6	0.099890575	0.4932
B3GNT5	0.107238956	0.09705137	0.10316246	0.084012575	0.10801459	2501.8	0.09989599	0.4934
PELI1	0.10066989	0.09558497	0.098470315	0.10205228	0.103998765	2502.4	0.10015525	0.4936
SLC17A1	0.104500905	0.112596005	0.09425556	0.10464347	0.08898825	2503.4	0.10099684	0.4938
TMIGD3	0.10013067	0.10741834	0.10727867	0.086917505	0.09723823	2504.4	0.09979669	0.494
HNF4A	0.09766369	0.097899586	0.103853196	0.09754472	0.101778455	2504.6	0.09974793	0.4942
DEFB1	0.100878	0.108289205	0.09275206	0.098766975	0.1023187	2504.8	0.100600995	0.4944
AP000919.2	0.10840911	0.10580427	0.095047265	0.11477936	0.084344864	2505.6	0.10167696	0.4946
BAZ1A	0.12849288	0.10390237	0.08808982	0.097988084	0.09152549	2506.0	0.10199972	0.4948
LINC02789	0.114425406	0.09639158	0.09398982	0.09606391	0.09998653	2507.6	0.10017145	0.495
AC068633.1	0.11101901	0.108364224	0.090704724	0.090080895	0.10248177	2507.8	0.100530125	0.4952
IL32	0.09475015	0.111509226	0.101840444	0.09712193	0.09516731	2508.8	0.10007781	0.4955
PTGER1	0.11115548	0.10960869	0.09915293	0.07854618	0.10234895	2508.8	0.10016243	0.4955
RPS7	0.10502195	0.091407806	0.103008054	0.098329276	0.10084683	2509.2	0.09972279	0.4958
PRTG	0.10534863	0.09709322	0.10562993	0.10333925	0.0882224	2509.6	0.09992669	0.496
TRHDE	0.112297885	0.1187771	0.09208597	0.09489146	0.08788045	2510.8	0.10118657	0.4962
MIR4435-2HG	0.10934835	0.09678194	0.10009404	0.10785851	0.08774364	2511.4	0.1003653	0.4965
AC099792.1	0.113928765	0.095811374	0.10001175	0.08938309	0.09935074	2511.4	0.09969714	0.4965
ZNF703	0.11643485	0.10840395	0.0900006	0.09007016	0.098422274	2511.6	0.10066637	0.4969
NCAM2	0.10898833	0.10753845	0.0998383	0.08750182	0.09475801	2511.6	0.09972498	0.4969
CLTRN	0.103428334	0.104924776	0.094988644	0.091389455	0.10607957	2511.8	0.10016215	0.4972
LINC02641	0.0999186	0.10772179	0.103209734	0.09625733	0.09162211	2513.8	0.099745914	0.4974
TMEFF2	0.09873896	0.11705144	0.09056357	0.09706598	0.10153449	2514.0	0.10099089	0.4976
CSF3R	0.09866004	0.09271866	0.099251114	0.09960309	0.1111737	2515.2	0.10028132	0.4978
ELMOD1	0.11292965	0.1078778	0.09476675	0.08654039	0.09863836	2515.6	0.1001506	0.498
RNF220	0.102836855	0.09569467	0.09809838	0.09954115	0.10315577	2516.8	0.09986536	0.4982
RHCE	0.103993215	0.1050269	0.111953	0.083436735	0.094202854	2517.0	0.099722534	0.4986
SV2B	0.091225795	0.10818892	0.09687366	0.109836295	0.09841191	2517.0	0.10090731	0.4986
AC004381.1	0.10630547	0.10757743	0.087981075	0.122143224	0.08921097	2517.0	0.10264363	0.4986
ANO9	0.080518395	0.09125331	0.118559636	0.09867076	0.122353435	2518.4	0.1022711	0.499
COL4A2	0.098437	0.114627376	0.09657555	0.086292736	0.106933214	2518.8	0.10057318	0.4992
PPFIBP1	0.099638075	0.10555172	0.10626199	0.07963187	0.10897592	2519.4	0.10001192	0.4994
RGL1	0.106379494	0.1041729	0.09826584	0.09002678	0.09930333	2520.2	0.09962967	0.4996
RANBP3L	0.1075759	0.09532315	0.09208508	0.102792144	0.10418766	2521.2	0.10039278	0.4998
TRPC5	0.10331061	0.12061961	0.08975624	0.1042211	0.08993986	2522.0	0.10156949	0.5001
ANG	0.11372745	0.09802492	0.08554236	0.11280196	0.09761618	2522.0	0.10154258	0.5001
MAPK4	0.09903492	0.11241368	0.0904375	0.09775954	0.104011364	2522.2	0.10073141	0.5004
FIGN	0.1087453	0.10080067	0.09993143	0.08941351	0.09776177	2523.0	0.09933054	0.5006
COX7C	0.09979265	0.10839156	0.097389005	0.1026487	0.092155665	2523.2	0.10007552	0.5008
STMN1	0.107770905	0.09501116	0.09979509	0.09832374	0.09638499	2527.2	0.09945717	0.501
AC087379.2	0.11279934	0.103514746	0.09942155	0.09641445	0.087209225	2528.8	0.09987186	0.5012
AC002069.2	0.101455934	0.11807202	0.097292215	0.08164076	0.104097806	2529.4	0.100511745	0.5014
MGAM	0.10426933	0.1175836	0.08766884	0.10118012	0.09478199	2529.6	0.10109677	0.5016
TPK1	0.09006796	0.09648105	0.102901354	0.09901311	0.11363067	2530.6	0.10041883	0.5018
CWH43	0.111444876	0.11184626	0.08288471	0.09431104	0.105661966	2531.6	0.10122977	0.502
ACSF2	0.10939972	0.0908722	0.10076992	0.10129692	0.09502681	2532.4	0.09947311	0.5022
DZIP1	0.10461337	0.094888985	0.10496206	0.08779366	0.10517067	2533.8	0.09948574	0.5024
ADAMTS15	0.1145209	0.09390156	0.09990247	0.09210258	0.09661463	2534.8	0.09940843	0.5026
PIP5KL1	0.11004604	0.11476923	0.09921543	0.08340406	0.09224992	2535.0	0.09993694	0.5028
DCXR	0.09926312	0.10610842	0.09393033	0.10625329	0.09555151	2536.4	0.100221336	0.503
AC010754.1	0.09453442	0.105813146	0.09788628	0.09615189	0.10489093	2536.6	0.09985534	0.5032
AOC1	0.11724901	0.09549234	0.08867483	0.097308286	0.104201965	2539.0	0.10058528	0.5034
CRB1	0.119088635	0.106923595	0.10985755	0.07837891	0.08687439	2539.6	0.100224614	0.5036
LINC01277	0.10390965	0.111461855	0.10035358	0.09434534	0.088796504	2540.0	0.099773385	0.5038
AC011472.2	0.09761841	0.090995006	0.097563796	0.1116618	0.10503374	2540.2	0.10057455	0.504
AC090197.1	0.117087364	0.088497825	0.081311315	0.1196472	0.10856348	2540.8	0.10302143	0.5042
CDCP1	0.09704198	0.10000687	0.1018365	0.09427289	0.103808485	2541.4	0.099393345	0.5044
DNAJB9	0.09805855	0.09391318	0.10110214	0.10180147	0.10314152	2541.6	0.09960337	0.5046
ZFP36	0.09614846	0.11217376	0.10468272	0.09966522	0.087544225	2541.8	0.10004288	0.5048
SLC17A4	0.108527176	0.10415471	0.099558316	0.10301545	0.0848646	2543.0	0.10002406	0.505
CDH22	0.10410475	0.09210978	0.10845438	0.09335721	0.097423896	2546.2	0.09909	0.5052
PLAAT4	0.08871129	0.09609362	0.10212547	0.108027436	0.10752486	2546.6	0.10049653	0.5054
TSC22D1	0.10110096	0.11384323	0.096435726	0.08924303	0.09870717	2547.2	0.09986602	0.5057
ADAMTSL3	0.08762411	0.12768984	0.0954236	0.08279258	0.12088387	2547.2	0.1028828	0.5057
STAC2	0.09743916	0.09298474	0.09812598	0.106418766	0.10529639	2547.4	0.10005301	0.506
SCRG1	0.09823883	0.09849606	0.10160427	0.08809579	0.11199748	2548.2	0.09968649	0.5062
SLC35A4	0.09462319	0.08756493	0.10613223	0.104538515	0.1076187	2548.5	0.10009551	0.5064
TMSB10	0.11096233	0.0951682	0.08633964	0.112053	0.101285584	2548.6	0.101161756	0.5066
SUPT4H1	0.091036886	0.09494456	0.107290655	0.100953445	0.104289696	2549.2	0.09970305	0.5068
CAT	0.10363946	0.09585916	0.0965173	0.100490876	0.10077014	2549.6	0.09945539	0.507
LINC01191	0.11083691	0.10097944	0.085560516	0.10881022	0.098249584	2549.8	0.100887336	0.5072
AL353138.1	0.1116248	0.09738976	0.09691732	0.09952029	0.09172219	2552.2	0.09943487	0.5074
CRIP1	0.10384687	0.09961407	0.09816396	0.09778915	0.096562944	2552.3	0.099195406	0.5076
TNFRSF10B	0.10093967	0.09595579	0.10531686	0.0947138	0.0982634	2553.0	0.0990379	0.5078
LAPTM5	0.10252329	0.09118526	0.09898025	0.10702831	0.09890651	2555.4	0.099724725	0.508
PRLR	0.10149364	0.09801333	0.104155056	0.08639117	0.10583235	2557.0	0.09917711	0.5082
RAB30	0.09034824	0.10836711	0.0935868	0.092419334	0.12332063	2557.4	0.10160842	0.5084
AC104365.1	0.092082165	0.104903325	0.095224775	0.1083664	0.10060803	2557.8	0.10023694	0.5086
PDYN-AS1	0.10761451	0.105339766	0.10355548	0.08677938	0.0920923	2558.6	0.099076286	0.5088
LINC01811	0.11194913	0.112343416	0.09510051	0.07722493	0.10322072	2561.4	0.09996774	0.509
LINC00476	0.10104405	0.10237616	0.10168656	0.089607194	0.0999267	2563.4	0.09892814	0.5092
AC027288.3	0.098735556	0.10299616	0.10295962	0.09543636	0.09431609	2565.2	0.098888755	0.5094
IGFLR1	0.10611388	0.09445016	0.09711393	0.0970858	0.101183996	2565.6	0.09918956	0.5096
ICAM2	0.107060425	0.09767048	0.09468732	0.113838285	0.088857815	2566.4	0.10042286	0.5098
SRP14	0.10315973	0.10500939	0.09278583	0.09431225	0.10279931	2566.6	0.09961331	0.51
NLRP8	0.109559536	0.09999129	0.10876313	0.085717805	0.09078528	2567.0	0.0989634	0.5102
GABRG3-AS1	0.10649441	0.09268535	0.089067385	0.105688475	0.108224235	2568.4	0.10043198	0.5105
ATP5PO	0.09412154	0.102005124	0.10461486	0.10120906	0.093590714	2568.4	0.099108264	0.5105
AC009522.1	0.10226088	0.10526329	0.098715425	0.097986326	0.09180432	2568.8	0.09920605	0.5108
LINC02410	0.1097433	0.10180693	0.0969393	0.08570731	0.10119995	2572.0	0.099079356	0.511
CD79A	0.09672614	0.09876194	0.10029245	0.111554824	0.09159384	2572.2	0.09978584	0.5112
IRF8	0.10898019	0.10623943	0.09160474	0.103590354	0.089232445	2572.4	0.09992943	0.5114
ADGRG2	0.11064895	0.11482706	0.09532088	0.09171845	0.08722674	2572.6	0.09994842	0.5117
ELOVL5	0.09044613	0.103233956	0.09480731	0.10555569	0.10747186	2572.6	0.10030298	0.5117
ALDH1A2	0.10222751	0.10153394	0.09322911	0.10748638	0.094798766	2572.8	0.09985514	0.512
AC005237.1	0.098107606	0.09505483	0.09976095	0.09831334	0.1046247	2574.0	0.09917228	0.5122
FGD6	0.10615372	0.09835052	0.098577835	0.09192079	0.09889	2574.2	0.098778576	0.5124
AC117386.2	0.117823966	0.10889551	0.09454919	0.084023215	0.09317331	2574.6	0.09969304	0.5126
LAMC1	0.09692564	0.09588438	0.11247232	0.08851233	0.10180762	2575.0	0.09912046	0.5128
LINC02274	0.11832722	0.09685786	0.10001333	0.08916891	0.09149767	2575.8	0.099172994	0.513
TMEM233	0.1088712	0.111269094	0.10202019	0.09771236	0.079916835	2576.2	0.099957936	0.5132
GADD45A	0.10442184	0.09297771	0.09720427	0.10283327	0.09871238	2576.6	0.099229895	0.5134
IGF1	0.1014801	0.101486914	0.10165423	0.099041715	0.09116228	2577.6	0.09896505	0.5136
AC068286.2	0.102900155	0.10763718	0.08089563	0.116091944	0.10010163	2578.4	0.10152531	0.5138
HIP1	0.10147142	0.10272066	0.10120546	0.089986995	0.098465204	2579.0	0.09876995	0.514
GPX4	0.10224256	0.10381924	0.09939936	0.09676627	0.09235423	2581.2	0.09891634	0.5142
CA6	0.093575105	0.11936404	0.10915535	0.079599075	0.0973852	2581.6	0.099815756	0.5144
CLVS1	0.103198506	0.09004257	0.10412443	0.112476	0.08935574	2582.0	0.09983944	0.5147
MT2A	0.112003595	0.09746136	0.096557245	0.084844075	0.10466126	2582.0	0.09910551	0.5147
SAXO1	0.09166372	0.104694426	0.1033628	0.11050312	0.08937817	2583.0	0.09992045	0.515
TPST1	0.09092479	0.12085928	0.09720589	0.09694537	0.09467929	2584.0	0.10012291	0.5152
LSP1	0.097253844	0.10256342	0.103444375	0.0838643	0.10823099	2585.8	0.09907138	0.5154
IRX3	0.11946296	0.10630543	0.091844685	0.087817185	0.09310627	2587.8	0.099707305	0.5156
SLC15A2	0.1054768	0.09251556	0.10818119	0.09368063	0.09303405	2588.2	0.09857765	0.5158
AL360015.1	0.09617859	0.10426331	0.113546304	0.084337905	0.096806794	2592.2	0.099026576	0.5161
CPVL	0.09148777	0.10701825	0.10158059	0.09277365	0.102298096	2592.2	0.09903167	0.5161
LIFR	0.09546852	0.094284244	0.11437616	0.08451016	0.10898655	2592.8	0.09952513	0.5164
AC117481.1	0.10782483	0.10137321	0.09970937	0.09037617	0.0931698	2593.2	0.09849068	0.5167
ADAMTS3	0.099974446	0.109849475	0.10154955	0.08819483	0.09445418	2593.2	0.098804496	0.5167
SYTL2	0.09346122	0.0960366	0.11100326	0.08346398	0.11391091	2595.4	0.0995752	0.517
AC003044.1	0.109361134	0.1103881	0.08952969	0.0930261	0.0949233	2596.6	0.09944566	0.5172
AC095060.1	0.0960858	0.10385623	0.107210316	0.08832887	0.09760347	2597.8	0.098616935	0.5174
COL19A1	0.103175044	0.10349542	0.10222558	0.10020417	0.086351655	2599.0	0.099090375	0.5176
RNASEH2B-AS1	0.10748336	0.100166135	0.0872744	0.11046479	0.09521857	2599.2	0.10012145	0.5178
BMX	0.10663339	0.09103834	0.08689823	0.12817474	0.09865338	2599.4	0.10227962	0.518
PDGFB	0.10237767	0.092438996	0.11186011	0.08847997	0.098218635	2600.8	0.09867507	0.5182
BMPER	0.10172145	0.101734824	0.09703162	0.092303574	0.10066555	2601.2	0.098691404	0.5184
NAT8	0.11095911	0.09104284	0.0971527	0.106233045	0.09119491	2601.8	0.09931652	0.5186
RUNX1	0.114896454	0.10348154	0.09539683	0.11187936	0.07723184	2606.8	0.1005772	0.5188
ATP5PF	0.10515788	0.09529237	0.103094764	0.09187836	0.09574481	2607.2	0.09823363	0.519
TMC1	0.09703926	0.10639533	0.10661677	0.08752924	0.09508816	2607.4	0.09853375	0.5192
ADGRB3	0.10452912	0.09705007	0.09143827	0.12321263	0.08951602	2607.6	0.101149224	0.5195
CXXC4	0.09667645	0.11368889	0.08687335	0.113815635	0.09402904	2607.6	0.10101668	0.5195
LINC00467	0.118549936	0.109426886	0.087078266	0.090673365	0.09366133	2607.8	0.09987796	0.5199
TBL1X	0.10480749	0.10489031	0.09198729	0.08881185	0.105580375	2607.8	0.09921546	0.5199
CHCHD1	0.10402142	0.102387466	0.08768729	0.104557686	0.099560395	2609.6	0.09964285	0.5202
STPG2-AS1	0.10202953	0.09556028	0.09229158	0.111263454	0.09755629	2611.6	0.09974023	0.5204
FCRL5	0.09645955	0.08953387	0.11324427	0.09585287	0.099095024	2613.6	0.09883712	0.5206
LINC01707	0.11014978	0.08399547	0.1031039	0.093852274	0.101492666	2614.6	0.09851882	0.5208
MIDN	0.102055036	0.10729568	0.095132075	0.093588635	0.095526576	2615.2	0.0987196	0.521
APRT	0.095240794	0.09833441	0.09630192	0.10921228	0.09676816	2621.6	0.09917151	0.5212
ZNF90	0.10633115	0.108879246	0.09197966	0.099811755	0.08909324	2622.2	0.09921901	0.5214
TGFB2	0.111319445	0.095664434	0.096586876	0.092122585	0.09603356	2625.6	0.09834538	0.5216
JAM3	0.10260298	0.10112929	0.0984843	0.091865346	0.09709854	2626.4	0.0982361	0.5218
UQCR11	0.10017984	0.10053147	0.08862889	0.12286105	0.09286543	2628.6	0.10101334	0.522
ALPK2	0.09774738	0.0941078	0.10011285	0.104912765	0.09593494	2629.6	0.09856315	0.5222
AC097450.1	0.10250384	0.10635396	0.09840082	0.09551518	0.08975074	2629.8	0.09850491	0.5224
FLRT2	0.11027114	0.0982931	0.09544738	0.09613627	0.091895945	2630.6	0.09840877	0.5226
CTSB	0.1064946	0.10553998	0.093917124	0.10983577	0.083745785	2631.8	0.09990665	0.5228
LAMB3	0.10430994	0.09118632	0.11281774	0.08347984	0.100269884	2634.8	0.098412745	0.523
SEMA6A-AS1	0.10519129	0.10055078	0.09037461	0.09387284	0.10368016	2635.0	0.09873394	0.5232
PIR	0.10029098	0.1012896	0.10044204	0.0900494	0.0978601	2636.2	0.09798642	0.5234
RUSC2	0.10401081	0.10646774	0.08620494	0.11606462	0.09008851	2637.0	0.10056732	0.5236
EVI2B	0.093457915	0.112132266	0.09788841	0.09434632	0.095929235	2638.2	0.09875083	0.5238
MIR31HG	0.110615954	0.10404818	0.09471385	0.09829019	0.08691004	2638.4	0.098915644	0.524
COLEC12	0.10004121	0.10562387	0.104277335	0.08382515	0.09626264	2639.0	0.09800604	0.5243
AL117382.1	0.10165597	0.0937437	0.10030474	0.10025602	0.0949372	2639.0	0.098179534	0.5243
TSPAN5	0.11033748	0.099269435	0.08860949	0.10181624	0.09476786	2640.2	0.0989601	0.5246
AC005487.1	0.1013196	0.09939174	0.090196125	0.109268114	0.09649568	2640.8	0.099334255	0.5248
C6orf141	0.09038315	0.09563543	0.10539158	0.10217307	0.098882794	2641.0	0.0984932	0.525
ARRDC3-AS1	0.10159253	0.105141215	0.085101716	0.11377406	0.095401734	2641.2	0.10020225	0.5252
CLIC1	0.10234661	0.1168052	0.097414665	0.08896775	0.08920402	2642.6	0.098947644	0.5254
DDX59-AS1	0.10474883	0.0918384	0.10653689	0.08279772	0.10516269	2643.0	0.098216906	0.5257
GK	0.09975247	0.10060106	0.098561004	0.09625928	0.09502461	2643.0	0.098039694	0.5257
GFRA2	0.11218138	0.090982914	0.09667922	0.10624592	0.08874434	2643.2	0.098966755	0.526
AC104383.2	0.1027927	0.09783092	0.097789936	0.10411865	0.09013715	2643.6	0.098533876	0.5262
TNF	0.098489866	0.108593196	0.11331659	0.08785131	0.08608657	2644.2	0.098867506	0.5264
PLCL1	0.09464386	0.09581667	0.098489255	0.09632299	0.10736993	2645.2	0.09852854	0.5266
CLNK	0.10546248	0.10454772	0.094427556	0.0962712	0.091412276	2648.0	0.09842425	0.5268
CLIP2	0.09886213	0.11033313	0.09259876	0.09830241	0.09397795	2648.2	0.098814875	0.527
FBN2	0.095734596	0.09814376	0.1010015	0.11581419	0.08708475	2648.8	0.09955575	0.5272
TNNI3K	0.11173128	0.104577735	0.101226695	0.0866734	0.08745655	2650.2	0.098333135	0.5274
POMP	0.09523791	0.103067905	0.10614773	0.08859097	0.09644452	2652.2	0.09789781	0.5276
TAFA4	0.09031783	0.10999213	0.10018795	0.09046018	0.101492055	2654.8	0.09849003	0.5278
ME1	0.11587259	0.10710588	0.10390522	0.08220527	0.084356055	2655.0	0.098689005	0.528
ABCG8	0.10359683	0.10277406	0.09261828	0.0949526	0.097747445	2655.2	0.098337844	0.5282
FXYD2	0.10067496	0.10491166	0.092280366	0.10320481	0.09263055	2655.8	0.09874047	0.5284
AC022424.2	0.09436093	0.09867662	0.11141631	0.07638384	0.11347376	2656.2	0.09886229	0.5286
LINC01697	0.09909312	0.1065083	0.08576171	0.11916485	0.09234633	2658.4	0.100574866	0.5288
TJP2	0.10038094	0.099529654	0.096708745	0.09949768	0.09423747	2658.8	0.098070905	0.529
LINC02671	0.10816837	0.10029345	0.10599456	0.0777866	0.09633473	2662.0	0.09771554	0.5292
SF3B6	0.1145634	0.09619089	0.10129029	0.09874207	0.08208411	2662.2	0.098574154	0.5294
PRSS3	0.08849199	0.10609402	0.10463075	0.10396332	0.09006376	2664.2	0.098648764	0.5296
RIT2	0.109710604	0.09813297	0.094860435	0.089723505	0.09698178	2664.4	0.09788185	0.5298
FCAMR	0.10985505	0.09023117	0.10633033	0.08042108	0.10271944	2665.0	0.09791142	0.53
AL139351.3	0.116599776	0.10847409	0.103769965	0.07532714	0.0880849	2665.6	0.09845118	0.5302
PEPD	0.09894559	0.09661239	0.121851735	0.091415085	0.08642394	2670.6	0.09904975	0.5304
MRPL34	0.106129274	0.09543945	0.09886937	0.08946369	0.09830597	2671.6	0.09764155	0.5306
AL513166.1	0.10251052	0.10267071	0.08292614	0.11624352	0.09642168	2673.6	0.100154504	0.5308
AC111152.2	0.095827386	0.10171915	0.089136325	0.11232937	0.097799905	2674.0	0.099362426	0.531
HLA-DQA1	0.114336	0.10539947	0.08812522	0.08889433	0.096151076	2674.6	0.098581225	0.5312
EVA1C	0.096273854	0.092566945	0.09464316	0.09229797	0.12127888	2676.0	0.099412166	0.5314
LINC02015	0.11377883	0.089626916	0.09011942	0.10490506	0.09570473	2677.0	0.09882699	0.5316
KIF20B	0.08712583	0.09790034	0.1136604	0.08380857	0.11187611	2678.0	0.09887425	0.5318
AC007846.1	0.10304528	0.10060903	0.115726694	0.069103606	0.10136397	2678.6	0.09796971	0.532
AL442636.1	0.10461189	0.106294215	0.09810528	0.07424534	0.1077149	2681.4	0.09819432	0.5322
OXR1	0.0975394	0.09642383	0.0933195	0.10504487	0.09970721	2682.0	0.09840696	0.5324
IFI44L	0.09742471	0.101668306	0.09905904	0.088854946	0.10125608	2683.0	0.097652614	0.5326
HSPD1	0.102246605	0.092125274	0.09616015	0.11047849	0.092036925	2683.4	0.09860949	0.5328
OR3A2	0.095042005	0.102261916	0.10148458	0.083673775	0.107103065	2684.4	0.097913064	0.533
PROS1	0.10219662	0.10297286	0.09971003	0.090346515	0.092484474	2685.2	0.09754209	0.5332
AC103923.1	0.10620878	0.10887614	0.085621685	0.10592124	0.0896193	2686.2	0.09924943	0.5334
ATOH8	0.11129033	0.08606361	0.10306669	0.09346019	0.09413643	2687.8	0.09760344	0.5336
DGKH	0.098529875	0.09430763	0.09323358	0.1008642	0.10468907	2688.0	0.09832487	0.5338
FXYD5	0.107232906	0.09898995	0.09221166	0.103859715	0.08931301	2689.4	0.09832145	0.5341
FN1	0.10264744	0.1108979	0.09989329	0.0867918	0.08960366	2689.4	0.09796681	0.5341
AC124947.1	0.098283574	0.1075425	0.095003255	0.089232296	0.099368185	2690.2	0.09788596	0.5344
AL158206.1	0.1156528	0.09736403	0.096443884	0.08834426	0.09132072	2691.4	0.09782514	0.5347
STAP1	0.100148104	0.09092926	0.096629046	0.09941128	0.102439456	2691.4	0.09791143	0.5347
ATP5F1E	0.10382762	0.10467889	0.08449363	0.10947189	0.094276264	2692.0	0.099349655	0.535
CASC15	0.09588628	0.09580834	0.103312075	0.09407249	0.09764099	2692.6	0.09734403	0.5352
TNFRSF21	0.09776376	0.1097472	0.116533875	0.07476728	0.092562005	2696.2	0.09827483	0.5354
CFAP299	0.102195464	0.101711035	0.09917434	0.09300176	0.091283955	2696.6	0.09747331	0.5356
CEP128	0.09733916	0.11012482	0.08775403	0.094252236	0.10394148	2696.8	0.098682344	0.5358
GPRC5B	0.09913706	0.09726972	0.09591365	0.09818606	0.097233586	2697.4	0.09754802	0.536
ITGB8	0.10131346	0.10227178	0.07997943	0.11582275	0.100604914	2698.8	0.09999847	0.5362
C9orf92	0.0938454	0.095976315	0.09067701	0.10820559	0.10603398	2699.8	0.09894766	0.5364
SLC2A1	0.09984105	0.11011733	0.09379815	0.092749625	0.09338745	2700.4	0.097978726	0.5366
RPS20	0.09461824	0.09863407	0.09260884	0.10536205	0.10036782	2700.6	0.098318204	0.5369
CA8	0.10512919	0.102898926	0.09078614	0.10055123	0.09129894	2700.6	0.098132886	0.5369
LINC01999	0.09470117	0.09479754	0.09645654	0.094835505	0.109611094	2701.8	0.098080374	0.5372
BACE2	0.11404185	0.09944728	0.08908439	0.10109385	0.08890444	2703.2	0.09851436	0.5374
AL358777.1	0.10351834	0.112343214	0.09369118	0.09046313	0.09075167	2703.6	0.09815351	0.5376
AC008771.1	0.10851353	0.11017904	0.07898902	0.12431643	0.08533326	2703.8	0.10146625	0.5378
MSX1	0.098545715	0.10272741	0.09656988	0.10057775	0.090330265	2704.4	0.0977502	0.538
SEPHS2	0.09841491	0.093269065	0.0945235	0.10083806	0.102642715	2704.6	0.09793765	0.5382
CPB2-AS1	0.10249498	0.09480077	0.08512323	0.12043348	0.09730185	2706.2	0.10003086	0.5385
LINC00662	0.10570014	0.10461468	0.084380984	0.10419484	0.0946957	2706.2	0.09871727	0.5385
PIK3R1	0.10151298	0.10252726	0.09809129	0.0848942	0.10032458	2706.4	0.09747006	0.5388
AL021155.5	0.10154723	0.09819106	0.08880552	0.11064784	0.09452771	2706.8	0.09874388	0.539
LINC00390	0.0973451	0.10833524	0.105353326	0.09201996	0.085799895	2707.6	0.097770706	0.5392
ACSM6	0.091304086	0.09498546	0.10011875	0.11202367	0.09329056	2708.6	0.098344505	0.5394
SLC4A7	0.11760468	0.10507011	0.09157116	0.08751548	0.089842334	2708.8	0.098320745	0.5396
LY86-AS1	0.102200255	0.10475634	0.0941361	0.08877081	0.09857403	2709.6	0.097687505	0.5398
MBOAT1	0.10348375	0.10072036	0.09530506	0.08591049	0.102239236	2709.8	0.09753178	0.54
ANXA13	0.11197549	0.09862884	0.104191504	0.08049391	0.090759754	2712.0	0.09720991	0.5402
DOCK4	0.096611746	0.10589826	0.1101028	0.08429828	0.09039561	2713.2	0.097461335	0.5404
BAALC-AS1	0.11831963	0.104829066	0.09042276	0.095255524	0.084599	2713.6	0.09868519	0.5407
PRDX2	0.09105622	0.09830689	0.08858999	0.1138361	0.10563207	2713.6	0.09948425	0.5407
SLC6A19	0.09500827	0.105361134	0.09702091	0.09719076	0.09295105	2715.4	0.09750643	0.541
BMP2	0.095624655	0.10134617	0.0974927	0.103477895	0.09067049	2718.0	0.09772238	0.5412
FMNL2	0.10022988	0.10268867	0.08989158	0.113878794	0.08877164	2720.0	0.09909211	0.5414
CRLS1	0.09265005	0.114821516	0.09326834	0.09377459	0.09646685	2720.6	0.09819627	0.5416
CXXC4-AS1	0.09776243	0.10641736	0.09413262	0.10612409	0.08726782	2721.4	0.09834087	0.5418
CCDC168	0.09652851	0.09600883	0.09995773	0.09977676	0.09363572	2722.6	0.097181514	0.542
GRM7-AS3	0.102686554	0.10230434	0.09866321	0.096628144	0.08709035	2723.2	0.09747452	0.5422
HSF2BP	0.099300444	0.092290625	0.09416818	0.12593637	0.088828705	2723.4	0.10010485	0.5424
DNAJC12	0.10379836	0.10366136	0.0983361	0.07902619	0.10205851	2724.8	0.0973761	0.5426
MSRB1	0.10207708	0.093546525	0.09779406	0.09271777	0.09994114	2725.0	0.09721531	0.5428
TMEM147	0.1064061	0.09181699	0.09901406	0.09657687	0.09186259	2725.6	0.09713532	0.543
KIAA1217	0.09099339	0.10221362	0.095135994	0.0984263	0.101827435	2725.8	0.09771935	0.5432
WARS2-AS1	0.09384687	0.093669236	0.094419055	0.100243814	0.10792501	2727.8	0.09802079	0.5434
AZIN1-AS1	0.10805655	0.10276744	0.092831925	0.08747713	0.096130595	2728.0	0.09745274	0.5436
ADAM12	0.098297276	0.09808881	0.10106457	0.09310051	0.09354683	2732.0	0.0968196	0.5438
CCDC141	0.102474205	0.08770547	0.10190719	0.1021979	0.09225005	2732.2	0.09730697	0.544
SULT1A2	0.10478818	0.113089226	0.084623784	0.09833298	0.0922067	2734.6	0.09860817	0.5442
DNAH17	0.087487124	0.10535932	0.10095162	0.10367192	0.09119581	2735.4	0.09773316	0.5444
SEMA5B	0.10909889	0.10275223	0.09366122	0.0883459	0.09268033	2735.6	0.09730772	0.5447
PET100	0.10939116	0.09392847	0.091964684	0.09286749	0.098885104	2735.6	0.097407386	0.5447
FANCB	0.09939768	0.09234922	0.0948607	0.09037499	0.111859	2735.8	0.097768314	0.545
CTNND2	0.12302503	0.10130132	0.09021254	0.07323838	0.10421347	2737.4	0.09839815	0.5452
RNF144A	0.10303888	0.09842108	0.102521956	0.08063845	0.09947523	2738.4	0.09681912	0.5454
NPL	0.115378164	0.11614522	0.08401212	0.08798294	0.09112554	2740.0	0.098928794	0.5456
BICDL2	0.11719483	0.09767285	0.0989271	0.082018614	0.0905045	2742.4	0.09726358	0.5458
STXBP6	0.090642914	0.10487577	0.100403115	0.10156746	0.089917675	2742.6	0.097481385	0.546
AMOT	0.10600638	0.087998755	0.09778462	0.10460676	0.09113803	2744.2	0.09750691	0.5462
AC015987.1	0.10056885	0.100499764	0.09486262	0.09465209	0.09447713	2745.6	0.09701209	0.5464
PRDX1	0.114202335	0.09710181	0.09416453	0.08341019	0.09709505	2745.8	0.09719478	0.5466
AC099788.1	0.09771118	0.09352272	0.10830343	0.101097986	0.0862764	2746.4	0.097382344	0.5469
PTPRO	0.103823535	0.095676385	0.09457125	0.10133316	0.091232635	2746.4	0.097327396	0.5469
ST6GAL2	0.112279445	0.095857754	0.09216567	0.102687456	0.08644269	2747.8	0.0978866	0.5472
AC005050.3	0.105159275	0.09652696	0.08739124	0.09880194	0.100425504	2748.0	0.09766098	0.5474
IL6R-AS1	0.09617959	0.0872175	0.10322367	0.10135214	0.09724583	2749.2	0.09704374	0.5476
TAGLN	0.1202556	0.10728172	0.08839329	0.08917378	0.08713666	2749.4	0.09844821	0.5478
TERB1	0.10005958	0.08434559	0.09868671	0.10217493	0.10124479	2749.6	0.09730232	0.548
CGNL1	0.09388308	0.09032111	0.10121159	0.1032675	0.096949615	2751.8	0.09712657	0.5482
LINC02398	0.105767675	0.09396988	0.10007603	0.09119042	0.09228906	2754.2	0.09665861	0.5484
AC008415.1	0.10943967	0.10440491	0.10145386	0.09002444	0.08113112	2758.0	0.0972908	0.5486
SERTAD2	0.109228894	0.1045248	0.094939694	0.091873266	0.08612084	2758.2	0.0973375	0.5488
DCDC1	0.095071584	0.11079136	0.09650156	0.10918736	0.08146422	2759.4	0.09860322	0.549
APELA	0.09632091	0.09635508	0.10491098	0.07846298	0.109443784	2759.6	0.09709875	0.5492
RAN	0.090794235	0.08216734	0.11164113	0.093189	0.11097674	2760.0	0.09775369	0.5494
AP001636.3	0.11114169	0.11037182	0.094248004	0.09189431	0.081831545	2760.6	0.09789748	0.5497
NDUFA4	0.09732216	0.08705119	0.10802713	0.10240672	0.09088272	2760.6	0.09713798	0.5497
AL450332.1	0.0894015	0.09353201	0.11647187	0.084243104	0.10510344	2761.6	0.09775039	0.55
DNPH1	0.107024	0.09335887	0.1024587	0.088552095	0.09146887	2762.6	0.0965725	0.5502
ROBO1	0.107417494	0.109096	0.09557431	0.088297844	0.086329386	2764.0	0.097343005	0.5504
POLR2I	0.10317174	0.096852526	0.09005431	0.11314008	0.088658005	2764.2	0.098375335	0.5506
DMRT2	0.09766265	0.10159678	0.09921104	0.08813435	0.096189454	2764.6	0.096558854	0.5508
AC079793.1	0.10363005	0.11199857	0.080780715	0.1131064	0.08778173	2765.2	0.09945949	0.551
ALKAL2	0.108567	0.09269615	0.09365319	0.091774	0.09809332	2765.4	0.09695673	0.5512
AL807761.4	0.10675259	0.107523456	0.09122801	0.09367181	0.08794936	2766.4	0.09742505	0.5514
ABHD3	0.1006132	0.08646504	0.098512344	0.09896477	0.100184344	2767.2	0.096947946	0.5516
PTGFR	0.103428006	0.0903547	0.10769285	0.08079496	0.1010259	2767.8	0.09665929	0.5518
AC022034.3	0.106621325	0.097270325	0.10091956	0.09345912	0.08535543	2770.2	0.09672515	0.552
MAP1LC3B	0.101121	0.092976205	0.09434726	0.09673125	0.09944553	2771.8	0.096924245	0.5522
SELENOH	0.10566486	0.10121035	0.09246161	0.09064754	0.094157934	2772.0	0.09682846	0.5524
HDGFL3	0.09873371	0.11736272	0.08993578	0.09313318	0.0904217	2773.2	0.09791742	0.5526
KLRG2	0.10673527	0.09611654	0.089207925	0.09697858	0.09642	2773.6	0.09709166	0.5528
ACSM1	0.09455202	0.09089349	0.10892515	0.09485643	0.09360424	2774.2	0.09656627	0.553
LINC01687	0.11114787	0.10372849	0.09026489	0.08973504	0.09114404	2775.0	0.09720407	0.5532
CDH20	0.10001109	0.088521704	0.09590759	0.09873408	0.1015345	2777.0	0.09694179	0.5534
RAB19	0.0930002	0.103362836	0.0831202	0.11306092	0.1019028	2781.8	0.09888939	0.5536
MS4A1	0.09720355	0.09554559	0.09457626	0.10248647	0.09470547	2782.2	0.096903466	0.5538
LINC01889	0.11005328	0.10807264	0.09031494	0.09511956	0.084367044	2783.6	0.09758549	0.5541
PPP1R14C	0.09683362	0.10580369	0.111827165	0.07640245	0.09270808	2783.6	0.096715	0.5541
NALCN	0.09575693	0.10470003	0.09565275	0.092727855	0.09435812	2785.6	0.09663914	0.5544
ABO	0.11280644	0.10042279	0.095370464	0.08779732	0.08781357	2787.2	0.096842125	0.5546
BASP1	0.12019779	0.09123062	0.09889328	0.08468451	0.08996495	2787.8	0.096994236	0.5548
ESRRB	0.10583836	0.09849884	0.10277368	0.08586	0.08845366	2790.4	0.09628491	0.555
SCN3A	0.11408772	0.11175309	0.0858212	0.0849072	0.092435375	2791.2	0.097800925	0.5552
NUAK1	0.09859732	0.11003086	0.095013276	0.08366995	0.09626685	2793.4	0.09671565	0.5554
AC009495.1	0.0890448	0.10486717	0.095181756	0.09703468	0.098870024	2794.6	0.09699969	0.5556
SCN5A	0.09741219	0.09668574	0.09495673	0.10427427	0.091096185	2795.2	0.096885026	0.5558
EVC	0.11180123	0.094979525	0.09387905	0.09594135	0.087935425	2796.0	0.09690731	0.556
MICAL2	0.09411151	0.09890703	0.09883479	0.09640578	0.09326033	2796.4	0.096303895	0.5562
AL353653.1	0.09681272	0.10575696	0.10404866	0.08021673	0.094435416	2797.0	0.096254095	0.5564
CHN1	0.09222589	0.09113204	0.11794471	0.08754727	0.09639745	2797.2	0.097049475	0.5566
PCDH10	0.11069492	0.09542345	0.08241188	0.10650714	0.09430383	2797.4	0.09786825	0.5568
MCUB	0.09296013	0.117418416	0.088749364	0.09840798	0.09221242	2797.8	0.09794966	0.557
RAI2	0.090575255	0.10996573	0.10730044	0.08527859	0.09083138	2798.7	0.09679028	0.5572
PRDM1	0.10492718	0.10533233	0.09128743	0.09347036	0.08923707	2799.2	0.09685087	0.5574
ASB17	0.10512116	0.0987521	0.09364231	0.08051271	0.105761364	2799.8	0.096757926	0.5576
F13A1	0.113989286	0.10129707	0.09008622	0.101967916	0.08148033	2801.0	0.09776417	0.5578
PLAGL1	0.11120464	0.09479822	0.10590326	0.08491335	0.08556492	2804.4	0.096476875	0.558
HLA-DRB1	0.09706123	0.099850096	0.09032494	0.0969847	0.09973681	2804.6	0.09679155	0.5582
ZNF189	0.097725615	0.10604218	0.10464724	0.077090465	0.095297165	2805.4	0.09616053	0.5584
SLC6A6	0.09486224	0.11026281	0.092821054	0.09487895	0.0919438	2805.6	0.096953765	0.5586
AL109946.1	0.10179979	0.113813855	0.07689914	0.10503988	0.093015075	2806.4	0.09811355	0.5588
AC044810.2	0.1112933	0.11349938	0.08809322	0.076681875	0.09809446	2806.6	0.09753245	0.559
MRPS6	0.09449938	0.09783876	0.101871215	0.08180511	0.10587692	2807.8	0.09637828	0.5592
RAD51B	0.11295846	0.08732788	0.08735988	0.10891391	0.09283195	2808.2	0.09787841	0.5594
AQP1	0.097823635	0.08811682	0.0956367	0.10659436	0.09624878	2809.8	0.09688406	0.5597
CLCA4-AS1	0.10433929	0.108855255	0.09368027	0.106611215	0.07547723	2809.8	0.09779265	0.5597
MECOM	0.10807047	0.100615196	0.08877934	0.10600202	0.08467428	2810.2	0.09762825	0.56
PSG9	0.10284281	0.10287423	0.09313	0.103348486	0.08428159	2810.6	0.09729542	0.5602
ZMAT3	0.111785516	0.09908395	0.08891995	0.0907588	0.09277424	2812.2	0.096664496	0.5604
IMMP2L	0.102331236	0.09930474	0.10052751	0.0819025	0.095393986	2813.0	0.095892	0.5606
AC012178.1	0.10493287	0.089479834	0.08502088	0.107659005	0.10174369	2815.2	0.097767256	0.5608
CCDC178	0.11245716	0.08618443	0.09127901	0.09246441	0.101737306	2815.6	0.09682447	0.561
AC093151.2	0.09345595	0.10212651	0.11628796	0.08906541	0.08446081	2817.2	0.09707932	0.5612
RPS19BP1	0.09890765	0.086412564	0.09378962	0.11829797	0.09282349	2818.4	0.09804626	0.5614
ADARB1	0.11372891	0.098826736	0.09089425	0.09150473	0.08853713	2822.4	0.09669835	0.5617
AL157871.4	0.1120536	0.1031243	0.097707465	0.064695984	0.1000618	2822.4	0.095528625	0.5617
PTPN13	0.09669928	0.101331264	0.09255417	0.10359573	0.08992509	2822.6	0.09682111	0.562
PLCH1	0.115119435	0.094667524	0.08639566	0.104976445	0.0873815	2824.4	0.097708106	0.5622
PPP2R2B	0.09479545	0.10458094	0.10082109	0.09436933	0.08695208	2825.0	0.096303776	0.5624
CFAP206	0.1023825	0.09410727	0.09379319	0.10366327	0.08963043	2826.0	0.09671533	0.5626
AP000446.1	0.10990287	0.10474767	0.08289254	0.103904694	0.08710693	2826.2	0.097710945	0.5628
AC015923.1	0.10240789	0.104150094	0.08832571	0.09455274	0.09399046	2827.6	0.09668537	0.563
FKBP11	0.09130567	0.10151687	0.09752999	0.094783045	0.09537992	2828.0	0.096103095	0.5632
NDUFA13	0.0998748	0.107187845	0.08592213	0.100630075	0.09197739	2829.6	0.09711845	0.5635
PDGFD	0.10611305	0.113715515	0.0833001	0.08901048	0.09455957	2829.6	0.09733974	0.5635
ZNF503-AS1	0.10924047	0.104615934	0.1002022	0.07916564	0.08748127	2832.4	0.0961411	0.5638
INSIG1	0.10522197	0.0883603	0.10446532	0.09116068	0.08989116	2834.4	0.09581989	0.564
NCKAP5	0.10620896	0.09205999	0.094399534	0.08563444	0.10245659	2834.6	0.0961519	0.5642
HIST2H2BF	0.09695242	0.10342036	0.09217791	0.101071395	0.08973023	2834.8	0.09667046	0.5644
AC027698.1	0.08728388	0.093343	0.10460739	0.08736465	0.11065467	2835.2	0.09665072	0.5646
PLPPR1	0.10680042	0.102825984	0.08023696	0.09908048	0.09611523	2835.4	0.09701181	0.5648
TMA7	0.09204652	0.09505616	0.09482721	0.10540264	0.095432535	2835.8	0.09655301	0.565
FAM167B	0.10783082	0.09238243	0.10232583	0.09064729	0.08650567	2836.6	0.09593841	0.5652
ADCY2	0.10543027	0.102151215	0.097982526	0.07295651	0.10047056	2839.2	0.09579822	0.5654
CHRNA7	0.10093111	0.09022098	0.097086266	0.09509318	0.09594202	2839.8	0.095854715	0.5656
SLC38A11	0.1022573	0.104786456	0.09589777	0.09907087	0.08154565	2840.4	0.09671161	0.5658
AC010280.1	0.10264793	0.09696373	0.099964775	0.1072807	0.07741209	2843.2	0.096853845	0.566
LINC00598	0.11378146	0.11514669	0.08794437	0.08774961	0.083822116	2845.8	0.097688854	0.5662
OST4	0.1030698	0.09187753	0.09513216	0.09809357	0.091788396	2846.4	0.09599229	0.5664
CHST7	0.09373788	0.10274108	0.10949559	0.07171333	0.10197816	2847.0	0.09593321	0.5666
DGKI	0.0949016	0.10680179	0.09541487	0.08287478	0.10032646	2847.2	0.0960639	0.5668
MIR4500HG	0.0918446	0.09800898	0.10862568	0.087784424	0.09240037	2847.4	0.09573281	0.567
BOC	0.103766985	0.09840793	0.09787806	0.08098199	0.09704122	2847.6	0.09561524	0.5672
UST	0.0987932	0.1063685	0.09130159	0.085636325	0.098984614	2848.4	0.09621684	0.5674
RGS7BP	0.102323785	0.09067445	0.09697055	0.085689574	0.104010664	2849.2	0.09593381	0.5676
SCLT1	0.1050541	0.10769957	0.087713815	0.086303964	0.0956295	2849.4	0.09648019	0.5678
AC092078.3	0.10300891	0.08678125	0.09841903	0.097606584	0.09339175	2849.6	0.09584151	0.568
MUC12	0.10171054	0.09975629	0.099379644	0.08651344	0.09087313	2851.2	0.095646605	0.5682
TMEM64	0.12223472	0.09576174	0.09992408	0.0771025	0.08739787	2851.6	0.096484184	0.5684
MICAL3	0.10706158	0.092947416	0.0894715	0.09859663	0.09319568	2852.0	0.09625456	0.5686
PTPN14	0.11366695	0.092276804	0.09010338	0.10447463	0.084898524	2853.6	0.09708406	0.5688
LINC01099	0.10198422	0.09032155	0.0970447	0.09367303	0.09535422	2853.8	0.09567554	0.569
SEPTIN9-DT	0.098332785	0.09868331	0.09519111	0.10043908	0.08775834	2854.2	0.09608092	0.5692
DRC1	0.09607976	0.090666085	0.10498619	0.09328804	0.09249723	2854.8	0.095503464	0.5694
LURAP1L-AS1	0.09822116	0.10164715	0.09503421	0.08917655	0.09434737	2855.8	0.09568529	0.5696
HDAC9	0.08250692	0.09144017	0.091715395	0.13640168	0.099969134	2856.8	0.10040666	0.5698
AL589740.1	0.09194325	0.10313757	0.10410315	0.08149586	0.09734374	2858.0	0.09560471	0.57
QPCT	0.100536525	0.10348999	0.09253069	0.08169595	0.10252769	2859.8	0.096156165	0.5702
DPYSL2	0.08989986	0.101822525	0.10192815	0.09844052	0.08791988	2860.6	0.09600219	0.5704
ATRAID	0.10527338	0.10097312	0.08133383	0.09635646	0.09903465	2862.2	0.09659429	0.5706
PCSK6	0.099307194	0.100557216	0.09207056	0.095424004	0.09195998	2862.8	0.09586379	0.5708
LURAP1L	0.10851632	0.09141687	0.08768584	0.10010168	0.094197884	2864.2	0.09638373	0.571
PIWIL4	0.10552475	0.11013945	0.09292722	0.09785924	0.0780976	2864.4	0.09690966	0.5713
PIK3AP1	0.10634651	0.10197142	0.08871144	0.09806179	0.08725591	2864.4	0.09646942	0.5713
C17orf49	0.10609744	0.10247425	0.09009842	0.09540903	0.087049216	2868.6	0.09622567	0.5716
TRAF3IP2-AS1	0.09550668	0.1049931	0.10828436	0.079599455	0.08982589	2868.8	0.095641896	0.5718
SLC22A10	0.116559386	0.09304101	0.08945428	0.09670526	0.08732015	2869.4	0.096616015	0.572
LINC00885	0.09781993	0.10359588	0.09651701	0.08844218	0.09165328	2870.4	0.09560566	0.5723
AC079384.1	0.09218893	0.093507044	0.09526241	0.101659864	0.0967877	2870.4	0.09588119	0.5723
LINC01789	0.0949898	0.09962693	0.09470329	0.100299634	0.08998387	2871.0	0.095920704	0.5726
XYLT1	0.10572252	0.09437682	0.09988635	0.06803881	0.10941983	2871.4	0.09548886	0.573
NOS1	0.099243075	0.087760836	0.09632175	0.090568446	0.1050767	2871.4	0.09579416	0.573
PEG10	0.10495615	0.10049524	0.08457831	0.0959589	0.09544197	2871.4	0.09628611	0.573
TANK	0.09815705	0.08794253	0.10241141	0.094342254	0.09406097	2872.6	0.09538285	0.5735
AC073569.2	0.09754001	0.09477615	0.094275266	0.09496309	0.09649344	2872.6	0.09560959	0.5735
AC034195.1	0.0881978	0.09672101	0.09183941	0.10163583	0.1042036	2873.2	0.09651953	0.5738
EDF1	0.103175305	0.09106142	0.09379099	0.09376503	0.09646401	2874.0	0.09565134	0.574
ADAMTS17	0.10513666	0.09876806	0.09348954	0.08624232	0.09411317	2875.8	0.095549956	0.5742
TDO2	0.110183164	0.09307377	0.1004235	0.08869902	0.08545905	2876.4	0.095567696	0.5744
COL4A6	0.10660677	0.094061166	0.087896876	0.0925424	0.09876675	2880.6	0.09597479	0.5746
RHOB	0.10242983	0.105233386	0.09776483	0.08794981	0.08550183	2881.2	0.09577593	0.5748
NXPH2	0.093611605	0.09968404	0.103988886	0.09577529	0.085117646	2882.8	0.095635496	0.5751
AC011586.2	0.091657266	0.11172316	0.09468584	0.09933891	0.0855343	2882.8	0.0965879	0.5751
FRMD3	0.09429816	0.09671926	0.0959431	0.08754618	0.10339696	2883.2	0.09558073	0.5755
HSPG2	0.09889006	0.0986848	0.09387662	0.08838198	0.097214304	2883.2	0.09540956	0.5755
WT1	0.08585362	0.09216239	0.10926042	0.09467933	0.09598206	2883.4	0.09558757	0.5758
LINC02294	0.10743175	0.103256114	0.086409256	0.09774708	0.08764901	2883.6	0.096498646	0.576
PKN2-AS1	0.11444687	0.08008127	0.088539645	0.11635209	0.089148894	2885.4	0.097713746	0.5762
RRM2	0.09825457	0.09456994	0.09709521	0.09561804	0.09142046	2885.6	0.095391646	0.5764
BCAS2	0.08721162	0.09697198	0.09795117	0.09474457	0.10157418	2885.8	0.095690705	0.5766
RARB	0.08754371	0.08817163	0.11870784	0.09027688	0.09694841	2886.0	0.0963297	0.5768
KMO	0.09507019	0.08968527	0.110685304	0.09247471	0.089532755	2887.2	0.09548964	0.577
MDM2	0.1144306	0.1098507	0.084428184	0.094978094	0.082335636	2888.2	0.09720464	0.5772
LINC00534	0.078414835	0.09570681	0.12971121	0.07790914	0.10607777	2888.6	0.09756395	0.5774
MUC1	0.10421422	0.096551314	0.09325729	0.10427087	0.08345909	2891.6	0.09635056	0.5776
RPL35A	0.104336075	0.08922265	0.08861978	0.1023821	0.095911756	2892.4	0.096094474	0.5779
CYS1	0.09765517	0.10221249	0.08775247	0.09745142	0.09458196	2892.4	0.0959307	0.5779
LHFPL3-AS1	0.09753091	0.09554631	0.09681689	0.0962046	0.09056967	2893.4	0.09533368	0.5782
MCOLN2	0.10653262	0.08665499	0.09193388	0.10539021	0.09028297	2894.2	0.09615894	0.5785
FBXO32	0.10803103	0.097645745	0.09255615	0.09780343	0.08412063	2894.2	0.09603139	0.5785
CXCL8	0.11051316	0.09780714	0.08819103	0.09952742	0.08537489	2896.2	0.09628273	0.5789
TRIM5	0.102438144	0.104277976	0.09115796	0.106047034	0.08019094	2896.2	0.09682242	0.5789
RASGRP3	0.10505745	0.10522027	0.09478492	0.08189632	0.09020626	2899.0	0.09543304	0.5792
AC093298.2	0.110384956	0.113548525	0.084725745	0.08937304	0.086274214	2901.6	0.09686129	0.5794
GCNT4	0.10145836	0.09977612	0.086986676	0.097747415	0.09347917	2902.6	0.09588955	0.5796
GAMT	0.09447454	0.08506125	0.102308765	0.09375067	0.1003392	2904.2	0.09518688	0.5798
SYT7	0.099077016	0.09382104	0.10263804	0.08733014	0.09176469	2904.8	0.094926186	0.58
PLS1	0.08972979	0.105022624	0.09184025	0.10288527	0.09119105	2905.8	0.0961338	0.5802
AC002074.1	0.096982755	0.094819285	0.09444342	0.09508787	0.094683684	2907.2	0.09520341	0.5804
BRINP3	0.10368363	0.09428434	0.09433993	0.08710724	0.09643035	2911.2	0.095169105	0.5806
CREB5	0.10052966	0.09714795	0.08551986	0.101940185	0.09439488	2913.0	0.09590651	0.5808
HS3ST1	0.089960665	0.09524828	0.0930876	0.10130494	0.09933478	2913.6	0.09578725	0.581
PLA2G4C	0.09877187	0.089283444	0.10017717	0.08536541	0.10122285	2913.8	0.09496415	0.5812
PRELID1	0.09389734	0.09080605	0.08871158	0.099478655	0.108366884	2914.2	0.0962521	0.5814
AC025171.2	0.10182876	0.09589961	0.09561183	0.08919132	0.092153385	2915.8	0.09493698	0.5816
AC046195.2	0.09585675	0.11886985	0.100411564	0.06860115	0.093228444	2916.4	0.09539355	0.5818
FDFT1	0.0964965	0.091923565	0.09921026	0.083053276	0.104429334	2916.8	0.09502259	0.5821
SEMA3G	0.09267666	0.0916428	0.09294813	0.09527157	0.105721004	2916.8	0.09565203	0.5821
HIST1H2BC	0.1036829	0.11157637	0.08059636	0.09183868	0.09377963	2917.2	0.09629479	0.5824
PFN1	0.09095727	0.10145848	0.090872295	0.10475362	0.09182195	2918.4	0.09597272	0.5826
NDUFB7	0.09852563	0.105224945	0.08534495	0.09641118	0.093495265	2919.0	0.095800385	0.5828
KLHL1	0.10928769	0.09651447	0.09321177	0.08461107	0.09217068	2920.2	0.09515913	0.583
AGBL3	0.09016224	0.10113084	0.088895336	0.11033512	0.0923421	2922.6	0.09657313	0.5832
PLSCR2	0.09932985	0.10484957	0.09306178	0.09268455	0.08736218	2923.0	0.09545759	0.5834
AC108519.1	0.10222512	0.09309179	0.09503847	0.09609497	0.08907558	2925.6	0.095105186	0.5836
LINC00578	0.099006355	0.106624246	0.08788971	0.100298084	0.08644198	2925.8	0.09605207	0.5838
NHSL1	0.10011511	0.10485387	0.09785552	0.08435227	0.08815096	2926.0	0.09506555	0.584
AC093765.3	0.10281565	0.09814684	0.09229646	0.07907368	0.10407305	2926.6	0.09528114	0.5842
KCNK13	0.086785756	0.09658929	0.106296934	0.09796677	0.08852392	2928.2	0.09523253	0.5844
AC087239.1	0.1179214	0.09706161	0.09095503	0.087205835	0.08611283	2929.4	0.09585134	0.5846
AC090115.1	0.09951391	0.09464057	0.088839196	0.09618657	0.09761574	2930.0	0.0953592	0.5848
TARID	0.10486886	0.100319944	0.08268606	0.093800426	0.09651727	2931.2	0.09563851	0.585
HIVEP2	0.108100206	0.1043266	0.08394047	0.10149525	0.084460415	2931.8	0.09646459	0.5852
AP001347.1	0.09372858	0.0885553	0.09736103	0.09180368	0.10414604	2932.6	0.095118925	0.5854
AP000695.2	0.098608784	0.099965386	0.10492892	0.07267435	0.095872335	2934.2	0.09440996	0.5856
PIP5K1B	0.10042323	0.10570349	0.09513554	0.077520296	0.09569705	2934.6	0.09489592	0.5858
CHST11	0.09109804	0.11071363	0.0858699	0.09722211	0.095450096	2934.8	0.09607076	0.586
CD36	0.09077235	0.09558822	0.096612655	0.0909696	0.1007461	2935.8	0.09493779	0.5862
AC117453.1	0.09306237	0.108818285	0.08547019	0.09384392	0.098357946	2936.0	0.09591054	0.5865
LINC02558	0.08981293	0.095025554	0.1094255	0.08509447	0.09479284	2936.0	0.09483025	0.5865
AC093895.1	0.09387305	0.108630575	0.09148277	0.08818552	0.094537355	2936.4	0.09534185	0.5868
TTC23L	0.10389872	0.09314797	0.09555164	0.0860425	0.09470229	2937.0	0.09466863	0.587
SCD5	0.09064967	0.09780275	0.10805694	0.099146396	0.08164489	2939.2	0.09546013	0.5872
LINC00870	0.09603136	0.10329713	0.086911105	0.10273957	0.09045391	2939.6	0.09588661	0.5874
AC061708.1	0.09584321	0.099253275	0.109610245	0.08198062	0.0874883	2940.8	0.09483513	0.5876
BTG2	0.09169622	0.0953528	0.08777447	0.105633445	0.09913891	2941.0	0.09591917	0.5878
TENT5C	0.09778061	0.08739579	0.09881695	0.09813653	0.09208181	2941.4	0.094842345	0.588
AC092546.1	0.10010367	0.12788405	0.081166744	0.09858478	0.082675904	2942.0	0.09808303	0.5882
ARPP21	0.088848054	0.09699159	0.101811916	0.09241939	0.09335083	2943.8	0.094684355	0.5884
TMEM213	0.117442034	0.093411304	0.08478086	0.09395949	0.09003428	2944.6	0.09592559	0.5886
COX4I1	0.09555437	0.10062083	0.09076631	0.0904291	0.097158566	2945.0	0.09490583	0.5888
PARM1	0.087632574	0.10174768	0.09729145	0.095889196	0.09227866	2946.2	0.09496792	0.589
FAM102B	0.09362734	0.114722736	0.0944595	0.09137037	0.084985435	2946.4	0.09583308	0.5892
STAT1	0.10906239	0.0995907	0.09341233	0.07881325	0.093275726	2947.2	0.094830886	0.5894
AC067751.1	0.10107485	0.08993064	0.084511615	0.10424369	0.099963054	2948.2	0.09594478	0.5896
AC010343.3	0.10477415	0.10045616	0.0902438	0.09526418	0.08572605	2948.4	0.09529287	0.5898
TRAPPC1	0.09632473	0.11149603	0.094194524	0.08965431	0.08584433	2949.4	0.09550278	0.59
MAEL	0.089024745	0.09382711	0.09601002	0.105024315	0.092717424	2951.2	0.095320724	0.5902
SAXO2	0.10132475	0.101477265	0.08562707	0.10506627	0.086711496	2953.0	0.09604137	0.5904
TBXAS1	0.11069832	0.10052693	0.08967055	0.0978255	0.08012171	2954.0	0.09576859	0.5906
PAWR	0.101930656	0.09508205	0.09123697	0.09423129	0.09205502	2955.2	0.0949072	0.5908
KITLG	0.091395766	0.10739762	0.08891362	0.0989903	0.09119629	2956.6	0.095578715	0.591
CLDN16	0.09728519	0.08569415	0.091300234	0.10126304	0.100630514	2956.8	0.09523463	0.5912
AC093843.1	0.11165056	0.084817916	0.08853249	0.10359266	0.08989347	2958.0	0.09569742	0.5914
LY6E-DT	0.102242015	0.091669105	0.09653864	0.08980503	0.0921018	2958.8	0.09447132	0.5916
AC004160.1	0.08842636	0.08141085	0.118499756	0.0873512	0.10300028	2961.8	0.09573769	0.5918
OTUD1	0.09602098	0.10774936	0.080263	0.10792962	0.09003549	2962.2	0.096399695	0.592
SCGN	0.1057235	0.09990978	0.09587813	0.083152585	0.08801018	2963.2	0.09453484	0.5922
LINC01562	0.097459495	0.096636765	0.08631602	0.09683591	0.09867976	2965.2	0.09518559	0.5924
AL357075.4	0.09480925	0.095785365	0.096452855	0.0986939	0.08798348	2965.4	0.09474497	0.5926
RFLNA	0.100315094	0.086689964	0.10388667	0.081331305	0.09935607	2966.6	0.09431583	0.5928
AC090825.1	0.10859884	0.09184616	0.079953626	0.1105194	0.09064777	2967.4	0.096313156	0.593
AC108690.1	0.09511103	0.093308955	0.10060754	0.08406526	0.09764173	2968.2	0.0941469	0.5932
SNHG27	0.11045062	0.113406785	0.089823976	0.07003913	0.09244999	2968.8	0.095234096	0.5934
SOX9	0.09146391	0.10123821	0.1005598	0.07247474	0.10743005	2969.8	0.09463334	0.5936
PLS3-AS1	0.10599799	0.09466032	0.09392043	0.09689056	0.083882794	2970.0	0.09507042	0.5938
CMTM7	0.08790092	0.095958605	0.08664717	0.110106036	0.10065367	2971.2	0.09625328	0.594
SNTB2	0.10260502	0.09823502	0.09164732	0.080401085	0.10016543	2972.6	0.09461077	0.5943
GLI2	0.10015005	0.09359582	0.089060985	0.0983596	0.09326042	2972.6	0.09488537	0.5943
LINC02437	0.11798493	0.090227015	0.08717576	0.08946896	0.09203965	2973.6	0.095379256	0.5946
MIR181A1HG	0.10460646	0.09524232	0.09876481	0.0848944	0.0880661	2974.2	0.09431481	0.5949
GLI3	0.08525636	0.113181144	0.110452965	0.09020972	0.079664186	2974.2	0.09575287	0.5949
SLC29A4	0.09280849	0.10050333	0.094181076	0.09377609	0.09170538	2974.6	0.09459487	0.5952
AL606923.2	0.10248304	0.09739508	0.095253654	0.08917915	0.08772497	2976.8	0.09440718	0.5954
TMEM182	0.090120025	0.08752556	0.09913631	0.08594993	0.11380632	2978.0	0.09530763	0.5956
AL136114.1	0.090575255	0.105823144	0.08621395	0.1049911	0.09154844	2978.7	0.09583038	0.5958
KCNIP3	0.08834895	0.09730746	0.097525194	0.09383017	0.094872	2981.8	0.09437676	0.596
AC090001.1	0.10758611	0.091492146	0.10532318	0.06711439	0.09634018	2982.0	0.0935712	0.5962
WDR11-AS1	0.09857436	0.09305349	0.08768877	0.09283883	0.10244491	2982.6	0.09492008	0.5964
LINC00488	0.09849268	0.09031972	0.093549035	0.0891939	0.10058641	2985.0	0.09442835	0.5966
ITGA8	0.10861821	0.08510718	0.10693831	0.08481351	0.08646337	2985.2	0.09438811	0.5968
GHITM	0.09120056	0.09569309	0.09894819	0.08861275	0.09595397	2986.6	0.09408171	0.597
DIPK2A	0.08345905	0.09606395	0.0954195	0.09596877	0.10244893	2986.8	0.09467204	0.5972
SLC6A3	0.10664744	0.0893657	0.0959515	0.07657493	0.10347288	2987.0	0.09440249	0.5974
RPLP0	0.1002175	0.09682322	0.082523525	0.12115689	0.08569099	2987.6	0.09728243	0.5976
ADGRG3	0.09843133	0.087824985	0.094230734	0.091276765	0.10043738	2988.0	0.09444024	0.5978
MEI4	0.11435526	0.08682325	0.08918592	0.09091188	0.09299286	2990.2	0.09485383	0.598
WNT9B	0.0902045	0.08973672	0.09406252	0.11522938	0.090713054	2991.8	0.095989235	0.5982
NPHS1	0.09808125	0.09579933	0.09340811	0.09257096	0.0917071	2992.4	0.09431335	0.5984
ATP5MF	0.10213467	0.094459705	0.0884376	0.098268434	0.090900935	2993.4	0.09484027	0.5986
LINC00410	0.100478716	0.10052781	0.08918001	0.093740076	0.08925895	2994.4	0.09463711	0.5988
EBP	0.09689734	0.098353	0.08786723	0.09350502	0.096067496	2996.4	0.09453802	0.599
THUMPD1	0.09499953	0.11278049	0.08997387	0.08738708	0.09043212	2997.6	0.09511461	0.5992
ARHGEF19	0.08995257	0.09094164	0.09535901	0.09356323	0.10268661	2998.0	0.094500616	0.5994
PUDP	0.10510581	0.112256676	0.08416243	0.09038952	0.086076334	2999.4	0.09559816	0.5996
DYSF	0.090916865	0.09087756	0.09378401	0.0925204	0.10519754	3001.4	0.094659284	0.5998
AC078785.1	0.10328593	0.09565939	0.08939547	0.08784396	0.095589906	3002.6	0.09435493	0.6
SUCLG2-AS1	0.11037114	0.095576175	0.08360496	0.09662067	0.08913657	3003.8	0.095061906	0.6002
ZCCHC3	0.10522817	0.09969032	0.08362947	0.08566432	0.09971657	3004.4	0.094785765	0.6004
VWA3A	0.086379446	0.10118461	0.08888432	0.08807373	0.113094814	3006.2	0.09552338	0.6006
PARK7	0.09676477	0.109816186	0.09306026	0.095143735	0.08076705	3006.4	0.0951104	0.6009
AL158058.2	0.08641291	0.09292096	0.09865892	0.09096281	0.10233502	3006.4	0.09425813	0.6009
SPATA6L	0.09469145	0.09189638	0.09013866	0.10564846	0.091963135	3007.4	0.09486762	0.6012
ARSB	0.1000824	0.095658086	0.09127525	0.08790339	0.09579333	3009.0	0.09414249	0.6014
PEBP1	0.08806912	0.09519151	0.095064245	0.099509485	0.09428695	3009.4	0.09442426	0.6016
SPN	0.10178754	0.0926004	0.08750804	0.08851751	0.10264959	3010.0	0.09461262	0.6018
AC017083.1	0.09970698	0.096338935	0.095797725	0.07537647	0.10288182	3011.2	0.09402038	0.602
ACE2	0.09944625	0.09106858	0.08999588	0.08930269	0.1019137	3013.4	0.09434542	0.6022
HPGD	0.10192938	0.087078765	0.101299845	0.090310134	0.0887299	3014.2	0.093869604	0.6024
AC074351.1	0.095604144	0.088279136	0.10811286	0.076690294	0.10106585	3015.4	0.09395045	0.6026
SCUBE2	0.097166866	0.087722935	0.10232143	0.08107315	0.10087994	3015.6	0.093832865	0.6029
CERCAM	0.101001576	0.099802226	0.09656666	0.09050272	0.08327212	3015.6	0.09422906	0.6029
CD68	0.093703724	0.094066136	0.10338582	0.08745809	0.09030491	3016.6	0.093783736	0.6032
EID1	0.095841214	0.0886451	0.092730395	0.1082163	0.08967305	3016.8	0.09502121	0.6034
CORO1C	0.09332795	0.10099627	0.1025822	0.08672355	0.086478636	3017.2	0.09402172	0.6036
AC093866.1	0.09205233	0.08653032	0.11458008	0.082231484	0.09591223	3017.6	0.09426129	0.6038
GRIK4	0.105857834	0.09430592	0.093034014	0.074109845	0.10351993	3018.8	0.094165504	0.604
WWC1	0.08535689	0.09290229	0.105179004	0.098202355	0.08918777	3019.2	0.09416566	0.6042
LGSN	0.101535	0.08580573	0.087418355	0.10494197	0.09481206	3019.6	0.09490262	0.6044
CNGA1	0.12165882	0.08338951	0.08934136	0.09160285	0.08936224	3021.4	0.09507095	0.6046
PPIA	0.09725755	0.10025522	0.100862965	0.076972984	0.09249115	3021.6	0.093567975	0.6048
SAMMSON	0.10295883	0.08971002	0.09407395	0.077312045	0.10768314	3025.2	0.094347596	0.605
ZSCAN31	0.089346595	0.09431335	0.103356056	0.08259203	0.09938951	3025.8	0.09379951	0.6052
TFAP2C	0.100852296	0.106720924	0.093387455	0.08178166	0.08853755	3026.6	0.09425597	0.6054
MOGAT1	0.10824885	0.09761842	0.08585201	0.08478436	0.09506925	3027.0	0.09431458	0.6056
MAP3K20	0.094930574	0.11482919	0.10466758	0.07258971	0.085159935	3027.2	0.0944354	0.6059
RAD54L	0.09409726	0.11132301	0.08905966	0.09582229	0.0851876	3027.2	0.09509796	0.6059
C2orf76	0.08247262	0.08873416	0.105654925	0.08502382	0.10971483	3029.6	0.09432007	0.6062
MAP3K7CL	0.08567786	0.09860396	0.09101236	0.10331776	0.09440003	3031.0	0.09460239	0.6064
DNAI1	0.09592389	0.10542067	0.095449425	0.08498785	0.08789008	3031.8	0.09393439	0.6066
OOSP1	0.094580576	0.09036849	0.0993137	0.094846815	0.089330584	3032.6	0.09368803	0.6068
SYCP2	0.09980545	0.09647155	0.097320534	0.079691894	0.093944535	3036.8	0.09344679	0.607
ABCA13	0.095520586	0.11366101	0.08606876	0.08836244	0.090875	3038.4	0.09489756	0.6072
CMTM8	0.09791599	0.09346264	0.09296605	0.079946324	0.106176704	3040.4	0.094093546	0.6075
DKK2	0.08664701	0.09998713	0.09137996	0.09561861	0.097188726	3040.4	0.09416429	0.6075
DIPK1A	0.09823964	0.09178949	0.099679396	0.073159955	0.10480814	3041.0	0.09353533	0.6078
AL359546.1	0.10172202	0.10330872	0.102550074	0.068030946	0.09017688	3041.4	0.09315773	0.608
GALNT16	0.09798353	0.09658255	0.09249143	0.08462775	0.0967162	3042.6	0.09368029	0.6082
FABP3	0.100149326	0.09001418	0.09359211	0.091046624	0.09362382	3042.8	0.09368521	0.6084
LINC02331	0.10351381	0.09816635	0.093465775	0.07403563	0.09910918	3045.6	0.09365815	0.6086
NSG1	0.0946831	0.09585861	0.09273628	0.08412096	0.1018734	3046.6	0.09385447	0.6088
KCNH3	0.09866828	0.08806756	0.091950834	0.1028363	0.089649595	3047.0	0.09423451	0.6091
LINC02542	0.096605144	0.08506772	0.103136376	0.086753115	0.09503977	3047.0	0.09332043	0.6091
PLOD2	0.08257107	0.09603331	0.10826041	0.08715461	0.0937309	3047.8	0.093550056	0.6094
HIPK2	0.09567555	0.09891301	0.08328935	0.10343021	0.09214131	3048.8	0.09468988	0.6096
Z83844.2	0.099771746	0.1027074	0.09139505	0.10204638	0.077381015	3049.8	0.09466032	0.6099
MCTP2	0.10511018	0.08850859	0.09622716	0.10196756	0.08004435	3049.8	0.09437157	0.6099
PLAC4	0.12035799	0.11719712	0.073844984	0.09010029	0.07767845	3051.4	0.09583577	0.6102
PLAT	0.09905877	0.09540726	0.09541567	0.07272603	0.10530723	3053.6	0.093582995	0.6104
LTC4S	0.10019052	0.10473607	0.10018025	0.076043904	0.08682912	3054.2	0.09359597	0.6106
PDZRN4	0.08969494	0.0882397	0.10496693	0.09221809	0.092385344	3054.6	0.09350101	0.6109
MCC	0.10467571	0.112111494	0.08804645	0.07899983	0.089000925	3054.6	0.09456688	0.6109
SYN3	0.10541353	0.104269154	0.088108055	0.09428777	0.081032716	3055.0	0.09462225	0.6112
AC112493.1	0.09654434	0.09001163	0.094513744	0.097985536	0.089772865	3057.8	0.09376562	0.6114
RNF150	0.098572016	0.08537307	0.09738529	0.09893002	0.08804458	3058.8	0.093660995	0.6116
LINC01837	0.09148993	0.10377496	0.08896938	0.0870482	0.099556774	3059.4	0.09416785	0.6118
FUOM	0.09706484	0.0851855	0.09697815	0.08893146	0.09880013	3061.4	0.093392015	0.612
SCEL	0.08713655	0.08942898	0.1001138	0.093950875	0.09666266	3061.6	0.09345858	0.6122
HIST1H4H	0.09075743	0.092315406	0.098647416	0.08863623	0.0961617	3061.8	0.093303636	0.6124
ARHGEF26-AS1	0.104988605	0.09187265	0.097073205	0.07718888	0.094873644	3062.0	0.093199395	0.6126
AC016553.1	0.1056495	0.094950065	0.08538766	0.101914085	0.08507427	3064.6	0.09459512	0.6128
PECAM1	0.10640939	0.10315063	0.08650373	0.08248126	0.09163665	3065.6	0.09403633	0.613
AC078883.1	0.102644905	0.09696752	0.07959895	0.10567013	0.088925086	3066.0	0.09476132	0.6132
HMCN1	0.09844006	0.10325863	0.086613886	0.09357625	0.08884679	3067.2	0.09414712	0.6134
AC091946.1	0.09519731	0.10012328	0.08995572	0.09121573	0.09186163	3067.6	0.09367073	0.6136
SLC25A21	0.09395588	0.09413645	0.0993725	0.08710339	0.09149644	3069.0	0.09321293	0.6138
SLC20A2	0.09103527	0.09345261	0.09149375	0.09946987	0.09352363	3071.2	0.093795024	0.614
EPAS1	0.10010589	0.09340298	0.09690407	0.08304126	0.09215091	3071.8	0.093121015	0.6142
AC004593.2	0.09512156	0.09783725	0.08737749	0.10323612	0.08784088	3073.8	0.09428266	0.6144
CA10	0.09080599	0.09150254	0.09359645	0.1035062	0.09040212	3076.0	0.09396266	0.6147
RPL23A	0.103750855	0.091374464	0.08974814	0.08784462	0.0948273	3076.0	0.09350907	0.6147
AL591043.2	0.10513555	0.09623301	0.08265227	0.092418216	0.0929077	3077.2	0.09386935	0.615
AC010476.2	0.11666563	0.082970016	0.0847567	0.10194877	0.08750663	3081.4	0.09476955	0.6152
POU6F2	0.09469631	0.08879345	0.09917856	0.08261492	0.10016688	3081.6	0.09309003	0.6154
NLGN4X	0.094465084	0.10723369	0.08821684	0.094190836	0.08669272	3084.0	0.094159834	0.6157
GINS3	0.10325315	0.09475631	0.08692839	0.10210228	0.08470895	3084.0	0.09434982	0.6157
TBC1D4	0.1102529	0.08941394	0.08112311	0.10488246	0.087850906	3084.2	0.094704665	0.616
AL031123.5	0.09654021	0.092227876	0.098007396	0.08710597	0.091301456	3086.8	0.09303658	0.6162
PTP4A1	0.08696081	0.09413246	0.096954614	0.112653054	0.08370612	3087.0	0.09488141	0.6164
AC010884.1	0.10544517	0.08992946	0.08699209	0.104029655	0.08551405	3087.2	0.094382085	0.6166
COL7A1	0.0981249	0.09597158	0.09411577	0.08957226	0.08826064	3088.2	0.09320903	0.6168
NAALAD2	0.105175376	0.103859134	0.084157914	0.09490829	0.0837899	3088.4	0.09437813	0.617
AC097512.1	0.1083051	0.08569135	0.086914055	0.09006958	0.09747867	3088.8	0.09369175	0.6172
PXDC1	0.10233651	0.0956146	0.09066708	0.08355993	0.09392416	3091.2	0.09322046	0.6175
CETN2	0.09444917	0.093292505	0.094843335	0.09016218	0.0925277	3091.2	0.09305497	0.6175
EPHB2	0.10566404	0.095109835	0.09065261	0.081221215	0.09336692	3092.2	0.093202926	0.6178
TIMM8B	0.103229605	0.09768394	0.08658005	0.086024165	0.094092354	3093.0	0.09352203	0.618
EPHA7	0.09907253	0.10151192	0.08227877	0.10900265	0.0836102	3094.8	0.09509521	0.6182
KCNH8	0.088945314	0.09828792	0.10318484	0.08755181	0.08768747	3095.0	0.09313147	0.6184
NPNT	0.093730204	0.08990589	0.10408343	0.08031886	0.09566088	3095.6	0.09273986	0.6186
EMCN	0.09982809	0.08792609	0.08062885	0.1101123	0.09514154	3095.8	0.094727375	0.6189
AC025164.1	0.0959255	0.09287507	0.09076858	0.08642076	0.10054498	3095.8	0.09330698	0.6189
SORCS3	0.112846486	0.08935273	0.09089709	0.09442488	0.08226211	3098.0	0.093956664	0.6192
AC010967.1	0.09355041	0.10962324	0.09173872	0.083853714	0.089513145	3098.2	0.09365585	0.6194
AC067956.1	0.09737175	0.098407336	0.09813274	0.091058895	0.08138599	3098.6	0.093271345	0.6196
LPIN1	0.1096526	0.098552085	0.0942482	0.08223884	0.0826248	3099.0	0.0934633	0.6198
PIM2	0.105980836	0.09840806	0.07901013	0.0925711	0.09245369	3099.6	0.09368476	0.6201
TXN	0.09741535	0.0969758	0.087839924	0.08872533	0.095428534	3099.6	0.09327699	0.6201
CP	0.0885459	0.09210364	0.09805509	0.07948528	0.10981604	3103.6	0.0936012	0.6204
NEK5	0.0996566	0.09966661	0.09856081	0.08261246	0.084726214	3104.2	0.093044534	0.6206
SESN3	0.094407685	0.0841112	0.10624274	0.078163706	0.101599544	3105.0	0.09290498	0.6208
AC079760.1	0.085859016	0.0946958	0.100630164	0.07936893	0.10546567	3105.2	0.09320392	0.621
CACNG4	0.08671982	0.09912675	0.09048822	0.10118494	0.09111645	3105.6	0.09372724	0.6212
PRKD1	0.10777776	0.10168653	0.08410646	0.08889401	0.086885035	3107.8	0.09386996	0.6215
AC006525.1	0.09701167	0.09074532	0.083949044	0.10555547	0.0932415	3107.8	0.09410061	0.6215
PAPPA	0.091035604	0.09779472	0.10118104	0.09020772	0.08479985	3108.6	0.09300379	0.6218
GABRB2	0.10173236	0.09308012	0.08630087	0.09874938	0.08877389	3111.0	0.09372733	0.622
TMEM171	0.0914387	0.101443924	0.09803598	0.08026587	0.09279904	3111.4	0.0927967	0.6222
AC010168.1	0.09176785	0.09257454	0.10710276	0.08741392	0.086140275	3111.6	0.09299986	0.6225
CFAP77	0.10358729	0.09068746	0.101324946	0.08298189	0.08543408	3111.6	0.092803136	0.6225
AC068051.1	0.105513945	0.08887093	0.088158	0.098550126	0.08729305	3112.4	0.093677215	0.6228
AC137770.1	0.10898872	0.08245508	0.09007639	0.09188949	0.09241873	3113.0	0.09316568	0.623
LPCAT2	0.10510177	0.10807369	0.07989642	0.095120974	0.08359079	3113.8	0.09435673	0.6233
ATP2A3	0.09617379	0.08705114	0.095602386	0.09229382	0.09289595	3113.8	0.09280342	0.6233
DISC1FP1	0.09665931	0.098873004	0.079884514	0.1040546	0.09089434	3114.2	0.09407316	0.6236
AQP3	0.089087375	0.088357925	0.09782755	0.101681024	0.08983077	3116.0	0.09335693	0.6238
AC244033.2	0.09528251	0.09719574	0.09729614	0.08981758	0.0848697	3116.2	0.092892334	0.624
COTL1	0.08824012	0.096591644	0.10159784	0.088749886	0.08890861	3117.4	0.09281762	0.6242
FGF13	0.098340616	0.092855	0.09710533	0.08740963	0.08812516	3118.4	0.09276714	0.6244
RPS6KA5	0.0944191	0.09713949	0.09597359	0.08973366	0.08701474	3118.6	0.09285612	0.6246
RAB37	0.099620946	0.12001364	0.096720465	0.07748516	0.07711447	3120.0	0.09419093	0.6248
AC012501.2	0.09838521	0.09366212	0.08263347	0.098656036	0.09460258	3120.4	0.09358788	0.625
HMMR	0.09303731	0.08873283	0.1024989	0.08128335	0.097281896	3120.8	0.09256686	0.6252
AC119674.1	0.0832221	0.096593276	0.09986967	0.087906994	0.0955672	3121.2	0.09263185	0.6255
ACVR1C	0.0924245	0.09508884	0.09538206	0.07990673	0.10148497	3121.2	0.09285742	0.6255
MROH9	0.10174335	0.09035925	0.09638994	0.0876606	0.087801605	3122.0	0.09279095	0.6258
BDKRB2	0.09837622	0.094162904	0.10030777	0.07727641	0.09193926	3123.2	0.09241252	0.626
UGT8	0.09931092	0.09219161	0.09572847	0.09540466	0.08271627	3124.4	0.09307039	0.6262
ABCC2	0.10843168	0.09833215	0.08587322	0.093648866	0.08251819	3124.8	0.09376082	0.6264
LINC01159	0.10434614	0.09145427	0.10024831	0.08934626	0.079318784	3125.4	0.09294275	0.6266
AC011294.1	0.095474385	0.098512	0.0851707	0.09911309	0.089429766	3125.6	0.09354	0.6268
CX3CL1	0.0973072	0.107636616	0.089837715	0.08568551	0.086782105	3126.6	0.093449816	0.627
AL353660.1	0.09604108	0.09808197	0.09534569	0.08034652	0.09272677	3127.0	0.09250841	0.6273
EHF	0.10157086	0.10049693	0.08769258	0.08315707	0.09246305	3127.0	0.093076095	0.6273
MORC1	0.082764916	0.090036765	0.097602725	0.091168396	0.103249386	3128.0	0.09296443	0.6276
EZH2	0.09161718	0.09765239	0.09956433	0.08483743	0.08901745	3131.0	0.09253776	0.6278
CYP46A1	0.092618905	0.097337805	0.09297837	0.08604587	0.09447941	3131.8	0.09269207	0.628
RNF182	0.10142397	0.09502439	0.092554174	0.08098651	0.09349178	3132.0	0.09269617	0.6282
CALCRL	0.09238895	0.0860224	0.09457412	0.09500852	0.09591932	3132.2	0.09278266	0.6284
EGLN1	0.10852832	0.09505456	0.09326658	0.08632396	0.0827984	3133.2	0.09319436	0.6286
LINC01948	0.09659763	0.0983821	0.09488837	0.085003026	0.08816132	3134.0	0.092606485	0.6288
CYP2C9	0.097546004	0.09753323	0.10562648	0.078958035	0.08374486	3135.2	0.09268172	0.629
DUSP5	0.092196174	0.097808786	0.09324561	0.08379832	0.096143804	3135.8	0.09263854	0.6292
LARGE1	0.10566967	0.09407988	0.09143832	0.076966986	0.09518837	3136.4	0.09266865	0.6294
CHST8	0.092414744	0.105116025	0.090691894	0.079525374	0.096988186	3136.6	0.092947245	0.6296
SLC27A2	0.09394828	0.092087336	0.09437375	0.102649316	0.08383095	3138.2	0.093377925	0.6298
DCBLD2	0.10156701	0.10307156	0.08945457	0.086071454	0.08602284	3139.4	0.09323748	0.63
TBC1D10C	0.09006615	0.09190359	0.10030571	0.09028208	0.089808	3140.5	0.092473105	0.6302
SNTB1	0.10373527	0.10105167	0.078345604	0.09329608	0.090351745	3141.0	0.09335607	0.6305
FBXL7	0.08862103	0.10828217	0.08404158	0.0979509	0.09114146	3141.0	0.094007425	0.6305
GDAP1	0.100757994	0.08640738	0.10309185	0.09366275	0.08040443	3141.4	0.09286488	0.6308
ALKBH7	0.10820167	0.08969926	0.0871827	0.100345775	0.08329698	3142.8	0.09374528	0.631
SEPTIN9	0.09512713	0.09926727	0.07270607	0.12246011	0.08637948	3143.0	0.09518801	0.6312
AC015983.2	0.098870896	0.09888593	0.08986451	0.088135146	0.088532776	3143.6	0.09285785	0.6314
GAGE10	0.08573377	0.11171292	0.092521384	0.08191361	0.09490016	3143.8	0.09335637	0.6316
CXCL13	0.10272201	0.089866996	0.082006805	0.10464743	0.08980958	3145.0	0.09381057	0.6318
LINC01426	0.09294344	0.10773996	0.09016555	0.08194054	0.09225648	3146.2	0.09300919	0.632
CHRM3-AS2	0.11109439	0.08632057	0.08527131	0.094479896	0.08953788	3149.6	0.09334081	0.6322
MAP3K21	0.10338999	0.09776153	0.08388497	0.090562284	0.0898514	3150.2	0.09309004	0.6324
AL109930.1	0.11133385	0.09670608	0.07817049	0.09805557	0.08453125	3150.6	0.09375945	0.6326
NTM	0.10546696	0.097551644	0.08790097	0.08319558	0.08978421	3151.2	0.092779875	0.6328
SCARA3	0.10402457	0.10246879	0.09642703	0.07366248	0.086063005	3153.6	0.09252917	0.633
LINC01416	0.097760916	0.10634221	0.09385108	0.088389	0.079399526	3154.8	0.093148544	0.6332
COX10-AS1	0.107524745	0.08486933	0.09012429	0.09925265	0.084609225	3155.8	0.093276046	0.6335
FSHR	0.08881244	0.09057109	0.092589244	0.10199313	0.091579676	3155.8	0.093109116	0.6335
PRKCA-AS1	0.10889954	0.09441994	0.0833131	0.093458906	0.086798966	3156.2	0.09337809	0.6338
FAM171A1	0.09642214	0.09494403	0.095892005	0.075190835	0.09887294	3157.2	0.09226439	0.634
AL163541.1	0.09499292	0.09044145	0.095860414	0.07984763	0.10041838	3157.4	0.092312165	0.6342
SAA2	0.08601534	0.11000872	0.095063604	0.083851844	0.089820184	3157.6	0.09295194	0.6344
AP001207.3	0.092034854	0.08511133	0.105889395	0.07633409	0.10227903	3159.8	0.09232974	0.6346
TRAF1	0.09233907	0.09555114	0.092426956	0.08908987	0.0928538	3160.6	0.09245217	0.6348
HLA-B	0.08987781	0.09728215	0.085083984	0.0996904	0.094158985	3161.0	0.09321867	0.635
LRAT	0.09171825	0.098680615	0.09184475	0.084027395	0.09585168	3161.6	0.09242454	0.6352
BCAR3	0.1014386	0.09283963	0.094720185	0.08256205	0.08983644	3163.8	0.09227939	0.6354
PPARGC1A	0.10513886	0.103381686	0.09376807	0.07767319	0.084114455	3164.0	0.09281526	0.6356
ELF5	0.107773915	0.08907323	0.09000544	0.08541084	0.090795405	3165.0	0.09261177	0.6358
LINC00535	0.10024469	0.103482075	0.09173103	0.06629467	0.09789568	3166.0	0.09192963	0.6361
HBEGF	0.10092017	0.105069414	0.088276625	0.0840784	0.08659242	3166.0	0.0929874	0.6361
FSIP1	0.09643744	0.09001858	0.089992724	0.091986656	0.094096154	3166.4	0.09250631	0.6365
LINC01836	0.09804187	0.091703504	0.092383385	0.08252142	0.096786834	3166.4	0.09228741	0.6365
PREX2	0.102345474	0.08626363	0.09008161	0.08985221	0.093945846	3167.8	0.09249775	0.6368
FSTL5	0.10103532	0.08913814	0.096719086	0.079798706	0.09357238	3168.8	0.09205272	0.637
CYP1B1	0.093953535	0.09077869	0.09909362	0.07932619	0.096605256	3169.2	0.09195145	0.6372
AC097658.2	0.0891478	0.0914687	0.111548424	0.072223574	0.09655798	3174.4	0.0921893	0.6374
WDR76	0.09628881	0.096798696	0.09184106	0.08579508	0.09053046	3174.8	0.09225082	0.6376
GNG11	0.086847	0.10203098	0.09242264	0.08825038	0.093024686	3175.4	0.09251513	0.6378
LINC02605	0.09434702	0.10178079	0.09256771	0.09775444	0.07898947	3175.6	0.09308789	0.638
BEX1	0.102917835	0.088207975	0.09352821	0.0836461	0.09268485	3177.0	0.092196986	0.6382
TLCD3B	0.09385054	0.1059819	0.1030863	0.0700048	0.08710506	3177.2	0.092005715	0.6384
AC106729.1	0.08859792	0.089926615	0.09448689	0.104043834	0.08802571	3177.6	0.0930162	0.6386
LYPLAL1-DT	0.090770684	0.08976864	0.10112332	0.0888993	0.0896601	3178.6	0.09204441	0.6388
LMO7-AS1	0.09125075	0.0913108	0.09813615	0.07834602	0.10175163	3178.8	0.09215907	0.639
AC090796.1	0.09281862	0.10796019	0.09808355	0.07556256	0.08761132	3179.0	0.09240725	0.6392
KRT10	0.09284925	0.091593385	0.08522393	0.09570438	0.098756626	3182.4	0.09282551	0.6394
SYK	0.099174805	0.094936445	0.090195805	0.08958368	0.087944806	3183.0	0.09236711	0.6396
STARD4-AS1	0.10084196	0.08489564	0.08015517	0.10721998	0.09460538	3183.6	0.09354363	0.6398
BHLHE40-AS1	0.09838631	0.104118675	0.09569603	0.07652773	0.086714886	3184.2	0.092288725	0.64
CCDC85A	0.09241419	0.09304724	0.09489013	0.08669474	0.09303418	3185.0	0.0920161	0.6402
C3orf67	0.0954339	0.09278574	0.09394147	0.08678207	0.091652475	3186.2	0.092119135	0.6404
CDKN1C	0.09061835	0.105776966	0.09961586	0.07706018	0.08799607	3187.2	0.092213474	0.6406
AL365259.1	0.10602775	0.10055984	0.10098809	0.07186521	0.08088474	3187.8	0.09206512	0.6408
LINC02471	0.09074162	0.097654305	0.094480656	0.08054263	0.096738525	3189.0	0.092031546	0.641
SLCO3A1	0.08715237	0.106632575	0.092743285	0.09348041	0.08466314	3189.4	0.092934355	0.6412
AL354740.1	0.10388267	0.097464055	0.08936327	0.08033633	0.09015897	3190.4	0.09224106	0.6414
AC027458.1	0.083457366	0.08996493	0.09107006	0.09230742	0.10758933	3192.6	0.09287782	0.6416
AC068305.2	0.097479284	0.10049957	0.08920665	0.09330638	0.083080344	3193.2	0.092714444	0.6418
TMPRSS4	0.10099302	0.087252155	0.09924273	0.075340115	0.0955881	3193.8	0.09168323	0.642
LINC02253	0.10393301	0.08990349	0.087447226	0.077110924	0.10496384	3194.0	0.0926717	0.6423
FOCAD	0.1050947	0.09856633	0.08508148	0.08381603	0.08985881	3194.0	0.09248347	0.6423
WDFY3-AS2	0.10907932	0.087557614	0.0882438	0.09798828	0.08256402	3194.4	0.093086615	0.6426
MICOS10	0.093763866	0.098295905	0.09634055	0.08549295	0.086396076	3195.0	0.09205787	0.6428
ARRDC3	0.11234432	0.091869935	0.0939941	0.077869125	0.08560412	3195.8	0.09233632	0.643
AL359220.1	0.08011927	0.09954622	0.10657377	0.08414918	0.08869398	3196.2	0.09181648	0.6432
CCDC146	0.094498664	0.091113076	0.08425378	0.11797845	0.08533105	3196.6	0.094635	0.6434
TCIM	0.089031994	0.095333636	0.089344345	0.09642991	0.092522204	3197.4	0.09253242	0.6436
GAS1	0.1117149	0.09161437	0.092269786	0.07950054	0.08666073	3198.0	0.09235207	0.6439
AC006387.1	0.09040816	0.09594057	0.09736282	0.072494216	0.10348546	3198.0	0.09193824	0.6439
Z94721.1	0.08874961	0.08791004	0.10243321	0.099884845	0.083931684	3198.2	0.092581876	0.6442
KIAA0319	0.09792453	0.10615615	0.08827648	0.08387407	0.08674151	3199.6	0.09259455	0.6444
GRK6	0.0990059	0.07778894	0.0972826	0.10118486	0.085326895	3200.2	0.092117846	0.6446
FMO2	0.09513366	0.09733014	0.09416327	0.09677928	0.079110265	3200.4	0.092503324	0.6448
NOP10	0.10776098	0.0922067	0.08578625	0.082243994	0.09357629	3201.4	0.09231485	0.645
TMPRSS13	0.0883637	0.08966323	0.09369758	0.09434265	0.094999425	3202.2	0.09221332	0.6452
AC021594.2	0.10097293	0.095689654	0.08873845	0.08847758	0.087633125	3202.6	0.092302345	0.6454
MIR100HG	0.10100144	0.09870574	0.09331285	0.07743271	0.08925118	3203.4	0.09194079	0.6456
AL138828.1	0.09737697	0.092767745	0.09649909	0.0794005	0.09212308	3204.4	0.09163348	0.6459
LMO3	0.08070264	0.095142156	0.097192876	0.09402328	0.09196201	3204.4	0.091804594	0.6459
GBE1	0.09470511	0.09411391	0.0957178	0.07826801	0.09543575	3205.4	0.09164812	0.6462
F3	0.09481551	0.087892555	0.08872268	0.09548747	0.09432989	3208.6	0.09224962	0.6464
AC098617.1	0.10527387	0.11157495	0.08731532	0.08031053	0.08127669	3209.4	0.09315027	0.6466
AC063944.1	0.0975769	0.09310577	0.09678962	0.074397296	0.09547454	3209.6	0.091468826	0.6468
PRKCQ	0.09546232	0.094256066	0.09637108	0.08314293	0.08911481	3210.4	0.09166945	0.647
AL162497.1	0.10396701	0.09406026	0.10042638	0.07614551	0.08431579	3211.4	0.09178299	0.6473
MYO5B	0.0965303	0.097503185	0.09195698	0.090151526	0.08461781	3211.4	0.09215196	0.6473
PALM2-AKAP2	0.100799136	0.097072035	0.088948935	0.084962375	0.08866625	3212.8	0.09208975	0.6476
GSTP1	0.0919119	0.08447877	0.09760235	0.087893836	0.09651008	3213.0	0.09167939	0.6478
C11orf52	0.09723518	0.0896867	0.097077385	0.08015839	0.093464695	3213.4	0.09152447	0.648
TMEM59	0.09800283	0.094466075	0.08907599	0.09322296	0.08662866	3213.6	0.0922793	0.6482
ADRA1A	0.08928497	0.09816071	0.09458504	0.08530989	0.09188037	3216.2	0.09184419	0.6484
CMSS1	0.09783959	0.0887269	0.09818803	0.09277954	0.082449876	3216.6	0.09199679	0.6486
PDLIM3	0.102380015	0.096657366	0.092944905	0.08251213	0.08534938	3219.2	0.09196876	0.6489
CXCL12	0.10203776	0.09057841	0.09320562	0.0775409	0.09510467	3219.2	0.091693476	0.6489
CYCS	0.08650606	0.098981	0.086253114	0.105414964	0.088111065	3221.4	0.09305324	0.6492
STK38L	0.09071015	0.100552656	0.09050357	0.10137078	0.080840595	3221.6	0.09279555	0.6494
SYF2	0.095783345	0.08819384	0.09019247	0.08626178	0.09947963	3221.8	0.09198221	0.6496
VSNL1	0.09570263	0.09034276	0.085653	0.09435283	0.09473127	3222.0	0.09215649	0.6498
IKZF2	0.09177393	0.09065993	0.08799314	0.09806901	0.09270556	3223.2	0.09224031	0.6501
AL133538.1	0.101893745	0.08916339	0.09588608	0.081279576	0.08978486	3223.2	0.091601536	0.6501
LINC02082	0.102110825	0.085989445	0.08800037	0.0942677	0.09047369	3225.2	0.092168406	0.6504
PHF21B	0.09089249	0.096060164	0.09320609	0.09109573	0.08824283	3225.4	0.09189947	0.6506
TRIM9	0.091135986	0.11152145	0.08119193	0.10347214	0.08183972	3226.0	0.09383224	0.6508
TRDN-AS1	0.09655617	0.0932663	0.09259901	0.084035106	0.09175538	3227.8	0.091642395	0.651
ZPBP	0.10491765	0.08914897	0.094293155	0.08381644	0.08671376	3228.6	0.091777995	0.6512
OLFM2	0.09202738	0.10001679	0.101905204	0.07887333	0.085193165	3229.2	0.091603175	0.6514
LINC02405	0.10376723	0.10207695	0.087724514	0.08450208	0.08382109	3229.4	0.09237837	0.6517
BAG1	0.08085594	0.09539366	0.10264196	0.08640413	0.091509305	3229.4	0.091361	0.6517
EPHA3	0.09691908	0.101188816	0.08694781	0.08875558	0.08722905	3231.4	0.092208065	0.6522
KANK4	0.10804136	0.10718433	0.08439197	0.083397426	0.08144328	3231.4	0.09289167	0.6522
SCAND1	0.08988518	0.08528088	0.0949902	0.09463539	0.09370013	3231.4	0.09169836	0.6522
SLC6A1	0.09986763	0.101856604	0.09035296	0.07862696	0.088486925	3232.0	0.09183822	0.6526
ARHGAP26-AS1	0.093450986	0.08525443	0.08739996	0.10017341	0.09499128	3232.2	0.09225402	0.6528
PXDN	0.090681635	0.103419974	0.08438192	0.09160915	0.09216468	3233.2	0.09245147	0.653
AC011444.2	0.0940115	0.088520095	0.09351789	0.10329183	0.08325169	3235.0	0.092518605	0.6532
PTPN9	0.09503209	0.09855781	0.09902947	0.0749323	0.08876605	3236.4	0.09126355	0.6534
AL163952.1	0.09440378	0.09615777	0.09504874	0.07261156	0.097889505	3237.8	0.09122227	0.6536
CHRNA4	0.0984436	0.08801868	0.09231424	0.09192926	0.08785903	3240.0	0.09171297	0.6538
PLN	0.10470377	0.09231959	0.10273734	0.07543391	0.082399264	3241.0	0.091518775	0.654
SREBF2	0.103863545	0.09239702	0.099208474	0.07993612	0.08238684	3241.4	0.0915584	0.6542
AC129803.1	0.10335138	0.08455232	0.092103176	0.086205415	0.091682	3242.4	0.09157886	0.6544
AL354771.1	0.10283741	0.09895493	0.08937695	0.081888065	0.086346224	3244.6	0.09188072	0.6546
C21orf62-AS1	0.10116607	0.09581865	0.08861672	0.087705	0.086459905	3245.2	0.09195327	0.6548
ABCG1	0.102646366	0.08143396	0.08651043	0.094349675	0.09460065	3246.8	0.09190822	0.655
RFTN1	0.08966283	0.095522955	0.09979464	0.08450969	0.087534785	3248.4	0.09140498	0.6552
AC002377.1	0.0913705	0.094442196	0.0962758	0.075755894	0.098684125	3250.2	0.0913057	0.6554
TBC1D32	0.10402011	0.09121094	0.09121258	0.08752716	0.08502886	3250.8	0.09179993	0.6556
FRMD5	0.09462319	0.08906568	0.086751744	0.087981224	0.10155673	3252.1	0.091995716	0.6558
LINC01812	0.08083151	0.100632444	0.10316847	0.08054701	0.09022004	3252.2	0.0910799	0.656
AC124944.3	0.09917402	0.0764452	0.09039749	0.0913882	0.098444715	3255.4	0.09116993	0.6562
SLC39A8	0.095084995	0.09249185	0.09551008	0.08368925	0.08896511	3257.2	0.09114826	0.6565
OTX2-AS1	0.10003302	0.08455016	0.08982602	0.10761681	0.08176608	3257.2	0.09275842	0.6565
SLC39A5	0.08895358	0.10373855	0.08397737	0.09008106	0.09428742	3259.6	0.092207596	0.6569
AJ009632.2	0.100972965	0.08870996	0.09671503	0.07814927	0.09116011	3259.6	0.09114147	0.6569
GRID1	0.1005688	0.08323141	0.09663247	0.08738873	0.08826233	3259.8	0.09121675	0.6572
SLC22A15	0.10402747	0.091722734	0.09019323	0.07939087	0.09154603	3260.4	0.09137607	0.6574
NREP	0.09691383	0.08586193	0.09201155	0.09871861	0.085819066	3260.6	0.091864996	0.6576
NDUFC1	0.09488731	0.10162427	0.09176926	0.07838789	0.09036057	3261.0	0.09140585	0.6579
OTOG	0.10218393	0.0935449	0.09879427	0.07571754	0.08582201	3261.0	0.09121253	0.6579
MIR99AHG	0.08999832	0.104503036	0.08647918	0.08720033	0.0921075	3263.0	0.092057675	0.6582
PDXK	0.08658081	0.08663457	0.09836538	0.09268737	0.09218603	3263.6	0.09129083	0.6584
AQP9	0.100118	0.09974785	0.09405658	0.08796382	0.07630438	3264.0	0.091638125	0.6586
SSBP2	0.101535425	0.10427296	0.08559614	0.09163428	0.07906401	3265.2	0.09242056	0.6589
AC009229.2	0.08620351	0.09302693	0.089973055	0.10248605	0.08880821	3265.2	0.09209955	0.6589
BTF3	0.09608541	0.09157188	0.0816666	0.09791584	0.09253463	3267.2	0.09195487	0.6592
HECW1	0.09964574	0.08287835	0.090368226	0.09238224	0.09154159	3267.4	0.09136323	0.6594
PDE11A	0.10858886	0.091959834	0.08712492	0.08949404	0.082798235	3268.0	0.09199318	0.6596
AC079380.1	0.09869484	0.09494192	0.08598257	0.105534784	0.07838759	3268.2	0.09270834	0.6598
C1orf162	0.10095587	0.086872034	0.091989785	0.08542827	0.09137101	3268.4	0.09132339	0.66
WDR17	0.09937656	0.08705375	0.093469396	0.097167514	0.081938796	3269.8	0.09180121	0.6602
IL1RL1	0.09741625	0.10780198	0.09525341	0.08071939	0.077343784	3271.2	0.09170696	0.6604
AC125603.2	0.09170935	0.08272747	0.09042117	0.0948138	0.09740257	3272.0	0.09141488	0.6606
ITGBL1	0.09416684	0.09470323	0.085255705	0.07814932	0.10837098	3272.6	0.092129216	0.6608
IGHD	0.10214534	0.08636479	0.09961413	0.08057613	0.08665995	3273.6	0.09107207	0.661
SGSM1	0.10169841	0.10498113	0.090850174	0.07992114	0.081710264	3273.8	0.091832235	0.6612
NRG2	0.10770402	0.08367215	0.095481984	0.07890505	0.08940664	3276.6	0.09103397	0.6614
GRIN2D	0.094862886	0.096782625	0.08636452	0.08097791	0.098434076	3277.8	0.091484405	0.6616
LINC01284	0.091377385	0.0968956	0.09218321	0.08285451	0.09222593	3278.0	0.091107324	0.6618
AC004784.1	0.10051079	0.09894968	0.08312837	0.08825249	0.08785453	3278.8	0.09173917	0.662
ZEB1-AS1	0.100658424	0.08896046	0.09353813	0.08619081	0.087093666	3279.6	0.091288306	0.6622
CTTNBP2	0.0943532	0.087519936	0.093392834	0.09052904	0.09012873	3279.8	0.09118475	0.6624
ATL1	0.09042768	0.092208125	0.10055338	0.07120888	0.09896342	3280.2	0.0906723	0.6626
PDE8B	0.10922404	0.093807675	0.08436222	0.08864443	0.08404397	3280.6	0.09201647	0.6628
AC022523.1	0.09130969	0.095363274	0.08873922	0.089005	0.09238212	3281.4	0.091359854	0.663
GPR63	0.10209871	0.08453084	0.09130031	0.08753948	0.090700716	3281.8	0.09123401	0.6632
HMGA2-AS1	0.1009961	0.101830356	0.09382534	0.08276914	0.078305624	3282.8	0.09154531	0.6634
PBX3	0.09878932	0.08937292	0.086907506	0.09420255	0.08876729	3283.0	0.09160791	0.6637
WAKMAR2	0.09193248	0.09404761	0.09914601	0.076100476	0.09251411	3283.0	0.09074813	0.6637
RFX4	0.093069576	0.091305226	0.09063886	0.08865254	0.09220073	3283.6	0.091173396	0.664
SPHKAP	0.09864965	0.111477	0.0872032	0.070527464	0.090461366	3285.0	0.09166373	0.6642
AC017050.1	0.10593441	0.09618415	0.08933109	0.08356	0.08277457	3285.8	0.09155685	0.6645
AP000829.1	0.10698116	0.09602054	0.09321238	0.07720897	0.08342497	3285.8	0.09136961	0.6645
AKR7A3	0.09057162	0.09003631	0.08503222	0.108885564	0.08882527	3287.2	0.09267019	0.6648
PCYT1B	0.09357933	0.0888691	0.098560475	0.07883765	0.09373845	3288.9	0.090716995	0.665
ACOXL	0.09758479	0.10615715	0.08381068	0.08178835	0.08950051	3289.8	0.0917683	0.6652
ABCA9	0.10298115	0.10224321	0.07757002	0.08712168	0.0887257	3290.2	0.09172835	0.6654
SH3TC2-DT	0.088956915	0.09019146	0.098993964	0.077251785	0.09899917	3290.8	0.09087866	0.6656
EFEMP1	0.10407587	0.09072949	0.08337053	0.088817835	0.09049078	3292.0	0.0914969	0.6658
RASD1	0.08569622	0.089861535	0.100269064	0.08804817	0.09042673	3292.4	0.090860344	0.666
PPP4R4	0.09924085	0.09178362	0.089554004	0.09036722	0.085483596	3294.2	0.09128586	0.6662
REEP6	0.10434956	0.0938698	0.08432439	0.085618444	0.08919179	3295.4	0.09147079	0.6664
AP000676.5	0.08342664	0.09143272	0.095219515	0.09967992	0.08716262	3295.6	0.09138428	0.6666
TMEM232	0.09564342	0.097801305	0.094899215	0.08947009	0.07793201	3297.2	0.0911492	0.6668
MPPED2	0.09721859	0.08930748	0.08579876	0.093599826	0.09106907	3299.4	0.091398746	0.667
AC063979.2	0.10973364	0.08536895	0.08356659	0.09457561	0.08581527	3301.4	0.091812015	0.6672
AP001439.1	0.087121926	0.09558766	0.10081754	0.077629015	0.09194908	3302.4	0.09062105	0.6675
HDX	0.09039875	0.09461284	0.09395983	0.08660428	0.08955695	3302.4	0.09102653	0.6675
ABCA4	0.09356319	0.09550555	0.091181606	0.09060906	0.08511002	3305.6	0.09119388	0.6678
AC080079.2	0.09940995	0.08225144	0.09557229	0.08109008	0.09412313	3306.4	0.09048937	0.668
LINC01019	0.10541963	0.0876644	0.09425614	0.07231769	0.092920534	3307.8	0.09051568	0.6682
SLCO5A1	0.095083125	0.10458529	0.087743364	0.08057792	0.088361956	3310.2	0.09127033	0.6684
ST6GALNAC5	0.10128635	0.09018508	0.09082972	0.0850288	0.087475754	3310.8	0.09096114	0.6686
LINC02269	0.090256244	0.10218284	0.09158503	0.08745131	0.085164905	3311.2	0.09132807	0.6688
FCGBP	0.10362754	0.1048275	0.08034895	0.09420115	0.0772777	3312.2	0.092056565	0.669
GALNT1	0.095627464	0.09561707	0.08337319	0.101902045	0.08355238	3312.4	0.09201443	0.6692
ATP10B	0.0996039	0.09331906	0.09023852	0.06918514	0.1003899	3313.4	0.0905473	0.6695
TNFAIP8	0.08670377	0.095336825	0.08909375	0.09571121	0.0896555	3313.4	0.09130021	0.6695
FBXO15	0.0914341	0.08245014	0.09992195	0.09594147	0.08465053	3313.6	0.090879634	0.6698
ABLIM2	0.097326666	0.08985869	0.08891843	0.090431616	0.0883639	3315.2	0.09097986	0.67
LINC01119	0.09509167	0.09274614	0.092467315	0.082135804	0.09096945	3315.4	0.090682074	0.6702
CASC1	0.0999172	0.082872465	0.08834904	0.08808349	0.09510395	3317.0	0.090865225	0.6704
FBXL13	0.0908523	0.08162268	0.09470067	0.097122565	0.090021856	3318.8	0.09086402	0.6706
CYP27C1	0.109295666	0.08454402	0.0879104	0.08025626	0.0927378	3320.2	0.09094883	0.6709
BARX2	0.08254979	0.09733708	0.091358654	0.09168828	0.09123811	3320.2	0.09083439	0.6709
AC109441.1	0.085953586	0.085581146	0.09440724	0.089834355	0.09827969	3320.8	0.09081121	0.6712
LINC01659	0.09560025	0.094443075	0.100273944	0.0711156	0.089063086	3321.8	0.090099186	0.6714
CDH4	0.08233685	0.10556968	0.083637625	0.09959549	0.088047065	3322.6	0.09183734	0.6716
TST	0.092951156	0.100058675	0.08484967	0.09365661	0.085852325	3323.4	0.09147368	0.6718
RAD9B	0.08543624	0.10009388	0.10568464	0.07571248	0.08639485	3324.8	0.09066442	0.672
GUCY1B1	0.101223275	0.098661624	0.08757252	0.087309614	0.08194465	3325.2	0.09134233	0.6722
AC026689.1	0.09199418	0.087142006	0.09290354	0.08197324	0.09968546	3325.8	0.09073968	0.6724
ZNF521	0.09164147	0.091372535	0.10111445	0.07918481	0.08831759	3326.4	0.09032617	0.6726
LAT2	0.098914884	0.09772436	0.08951445	0.07206922	0.094096586	3327.0	0.0904639	0.6728
AC015871.7	0.09466685	0.10093649	0.09850033	0.08178197	0.078101575	3327.8	0.09079745	0.6732
CCN2	0.09445531	0.090438485	0.09159321	0.08307592	0.09295592	3327.8	0.09050377	0.6732
AC099489.1	0.09161859	0.09037435	0.09569264	0.09428217	0.08257957	3327.8	0.090909466	0.6732
GRM5	0.09155332	0.09210922	0.08485228	0.09168785	0.095118366	3328.2	0.09106421	0.6736
NECTIN3-AS1	0.09504515	0.08542885	0.09893086	0.10079226	0.07344456	3330.6	0.09072833	0.6738
FAM230C	0.10207945	0.09509104	0.0954509	0.07832752	0.08260176	3331.6	0.09071013	0.674
LINC02235	0.0926288	0.08452929	0.083085865	0.10985666	0.0906133	3333.6	0.09214278	0.6742
CXorf58	0.10076404	0.09181201	0.07470596	0.09112997	0.09494066	3333.8	0.090670526	0.6744
H1FX	0.10908026	0.09133329	0.098633386	0.079335034	0.07386073	3334.6	0.09044854	0.6746
AC106798.1	0.09721098	0.09612895	0.076116145	0.108976796	0.08242178	3334.8	0.09217093	0.6748
TOB1	0.08922397	0.090215445	0.095848575	0.082097724	0.09448769	3337.4	0.09037468	0.675
ELOVL6	0.095266744	0.09238455	0.09262714	0.0915525	0.0825196	3338.2	0.090870105	0.6752
KIF26B-AS1	0.09783738	0.10034016	0.08378336	0.088039316	0.0861461	3338.4	0.09122926	0.6754
PSTPIP2	0.108699985	0.0834106	0.07112208	0.09900843	0.090356424	3338.6	0.0905195	0.6756
KCNMB4	0.084857084	0.107605144	0.086933464	0.09746932	0.08271314	3338.8	0.09191563	0.6758
TINAG	0.093434125	0.1053364	0.08590239	0.091856316	0.08120523	3339.6	0.091546886	0.676
AL023755.1	0.09863869	0.091056146	0.08739604	0.09039915	0.08681785	3340.2	0.090861574	0.6763
AC110772.2	0.106795564	0.10001402	0.08824223	0.06431454	0.08995707	3340.2	0.089864686	0.6763
NYAP2	0.09589687	0.09494863	0.08943217	0.09485526	0.08041661	3342.6	0.09110991	0.6766
SDR42E2	0.090981364	0.09346438	0.09804934	0.06938272	0.09745546	3343.8	0.08986665	0.6768
FAM169B	0.0896914	0.09316633	0.090919286	0.09092532	0.08879756	3345.2	0.090699986	0.677
SLC9C2	0.101721086	0.09587488	0.08394623	0.091878004	0.08312348	3345.4	0.09130873	0.6773
BUB1B	0.08910571	0.09282994	0.07987567	0.10118815	0.09429891	3345.4	0.09145968	0.6773
LINC02669	0.09181495	0.086543515	0.099344626	0.08290596	0.08999216	3346.4	0.09012024	0.6777
IFI6	0.09994972	0.092831604	0.09275759	0.08096106	0.08618197	3346.4	0.090536386	0.6777
MIR4527HG	0.09728039	0.093088515	0.091486424	0.08751613	0.084195234	3346.6	0.09071334	0.678
PPP1R26-AS1	0.094599076	0.08886026	0.09612645	0.08753059	0.08529516	3346.8	0.09048231	0.6782
LINC00970	0.0950169	0.098347045	0.09828256	0.080991276	0.079862446	3347.0	0.09050004	0.6784
PALMD	0.10545243	0.104387276	0.08311743	0.083036445	0.0812818	3347.2	0.09145508	0.6786
LINC02275	0.09745426	0.08651908	0.096857466	0.086975195	0.08465437	3348.0	0.09049207	0.6788
GPR137B	0.089508906	0.093078196	0.09243437	0.091712914	0.08702702	3348.6	0.09075228	0.679
AC007317.1	0.10131536	0.09326896	0.09124101	0.08831295	0.08016176	3348.8	0.09086	0.6792
LINC02356	0.09692768	0.09575781	0.08962913	0.08666133	0.08481309	3349.4	0.0907578	0.6794
TRIM72	0.082178205	0.09989367	0.08569637	0.10242175	0.08712674	3349.6	0.09146334	0.6796
ATP5PD	0.09080372	0.092423595	0.08692657	0.09171898	0.09200609	3350.8	0.09077579	0.6798
HNF1B	0.10031758	0.086780354	0.08948995	0.08104716	0.09438031	3352.4	0.09040308	0.68
VIPR1	0.09811269	0.099237524	0.07876138	0.08892287	0.08929694	3352.6	0.09086628	0.6802
AC099343.4	0.09457493	0.09665937	0.081195414	0.08797463	0.09340113	3353.6	0.090761095	0.6804
GDNF	0.08465959	0.09220505	0.101037584	0.0837093	0.08898937	3354.2	0.09012018	0.6806
CTNNAL1	0.08512897	0.08082148	0.09974638	0.08541552	0.099683486	3357.0	0.09015916	0.6808
SCCPDH	0.09868092	0.10593051	0.09553945	0.07012407	0.0815044	3357.2	0.090355866	0.681
PIK3C2G	0.090058796	0.096035406	0.09009666	0.09244727	0.08518842	3359.0	0.09076531	0.6812
FRMPD2	0.09347824	0.10751084	0.08762384	0.079923004	0.086632386	3359.6	0.09103366	0.6814
AC087645.2	0.09174809	0.08941317	0.09155113	0.08124195	0.09747848	3361.4	0.09028656	0.6817
AL078604.2	0.09073182	0.09761995	0.091779135	0.0821068	0.08953956	3361.4	0.090355456	0.6817
CCNJL	0.08880823	0.086802214	0.11506531	0.07044871	0.091182515	3362.0	0.090461396	0.6822
AL138999.2	0.093394004	0.086248636	0.09067225	0.10012953	0.08451781	3362.0	0.09099244	0.6822
AL445426.1	0.0935915	0.09793101	0.07892352	0.100891985	0.08536787	3362.0	0.091341175	0.6822
LINC02492	0.1077555	0.08945579	0.08940723	0.08391121	0.08336463	3362.4	0.09077887	0.6826
COX6C	0.09176181	0.09284362	0.089215465	0.08620159	0.09191719	3364.2	0.09038793	0.6829
RYR3	0.09236129	0.09474075	0.09031096	0.0884701	0.08657776	3364.2	0.090492174	0.6829
LINC01508	0.09221867	0.09794241	0.082432225	0.08926636	0.09168161	3365.6	0.090708256	0.6833
POU2F2	0.09255277	0.096380986	0.088474475	0.08527808	0.089449085	3365.6	0.090427086	0.6833
AC138123.1	0.08946795	0.10062463	0.09409107	0.07287147	0.093181975	3365.8	0.09004742	0.6837
DAPK2	0.1013403	0.09817446	0.078762926	0.0990313	0.0797817	3365.8	0.09141814	0.6837
OASL	0.0959512	0.09863044	0.08926379	0.080275364	0.08773478	3366.0	0.09037112	0.684
AC106738.1	0.09246469	0.09665571	0.08725763	0.08735424	0.08898894	3367.8	0.09054424	0.6842
AC245187.2	0.09545225	0.088329576	0.087031074	0.09973544	0.08473096	3368.0	0.091055855	0.6844
TIPIN	0.10178417	0.08535306	0.086473726	0.097568296	0.084164314	3368.4	0.091068715	0.6846
AC006148.1	0.10492873	0.09170021	0.09112577	0.079989314	0.08446936	3368.6	0.09044268	0.6848
LRP4	0.10423375	0.102665365	0.09472603	0.0663535	0.08151093	3369.6	0.089897916	0.685
PPP1CB	0.10658767	0.083797514	0.08223877	0.08759441	0.09292027	3370.2	0.09062773	0.6852
RASA3	0.11823864	0.08231895	0.08134477	0.08134798	0.09241648	3372.0	0.09113337	0.6854
PAUPAR	0.10430041	0.08599975	0.093445025	0.08225196	0.08542201	3374.0	0.09028383	0.6857
FHL2	0.082341105	0.095189884	0.0892537	0.0849517	0.10041302	3374.0	0.09042989	0.6857
TRPV5	0.09058682	0.09022502	0.08917391	0.09202787	0.09008828	3376.2	0.09042038	0.686
MORC4	0.088587046	0.08922613	0.08989786	0.096214645	0.089164175	3376.6	0.09061797	0.6862
ARMH1	0.08750347	0.09514371	0.08823162	0.09328785	0.08891745	3377.2	0.09061682	0.6864
CSF1	0.08636477	0.08705276	0.09431483	0.089401826	0.09323985	3378.0	0.090074815	0.6866
AC018754.1	0.092812344	0.0924809	0.09192223	0.08934499	0.0849474	3379.8	0.09030157	0.6868
KIF15	0.08198391	0.09773667	0.08973028	0.08709146	0.094667554	3380.0	0.09024197	0.687
HFM1	0.09410971	0.09560096	0.08987104	0.079729535	0.091152914	3382.2	0.09009283	0.6872
CEMIP	0.10436325	0.085169114	0.083715804	0.08940395	0.08992968	3383.0	0.09051636	0.6874
AC011921.1	0.10345146	0.09047405	0.08767884	0.074041784	0.094688386	3384.2	0.0900669	0.6876
SMCO2	0.100571215	0.093519434	0.097257964	0.075453416	0.08314696	3384.6	0.0899898	0.6879
TNFRSF11B	0.088291936	0.08136273	0.096333824	0.09327911	0.09092316	3384.6	0.09003815	0.6879
TPM4	0.09717076	0.08310802	0.08821979	0.08281883	0.09984057	3385.0	0.0902316	0.6882
STRA8	0.0903695	0.10016303	0.09589266	0.079188354	0.084950194	3386.6	0.090112746	0.6885
SCTR	0.105998315	0.09613752	0.08745859	0.07551839	0.08655471	3386.6	0.09033351	0.6885
NF2	0.09435775	0.092517115	0.09205223	0.08221261	0.0886552	3389.8	0.08995898	0.6888
ALOX5	0.09714993	0.10385763	0.09130188	0.074687734	0.08450212	3390.4	0.09029986	0.689
IRAK2	0.096959256	0.09450105	0.091086216	0.08234439	0.08563304	3392.4	0.09010479	0.6892
RASGEF1C	0.083402865	0.10712484	0.099160984	0.06746308	0.09037175	3393.6	0.089504704	0.6894
IFIT1	0.084542364	0.07950888	0.11155784	0.081396244	0.09210566	3394.8	0.089822195	0.6896
NDRG4	0.10434078	0.08768868	0.090038106	0.08231493	0.08642096	3396.8	0.09016068	0.6898
ENPP3	0.091762505	0.10538759	0.08157085	0.0850379	0.089150205	3399.0	0.09058181	0.69
TNFAIP6	0.09158484	0.09505121	0.092025466	0.09215341	0.08094043	3399.6	0.09035107	0.6902
SH3GL2	0.098655224	0.10319324	0.08423746	0.08483916	0.08295404	3400.0	0.090775825	0.6904
LINC02345	0.090892516	0.09027724	0.08018632	0.107606344	0.08776412	3401.6	0.0913453	0.6906
VEPH1	0.0818956	0.09669597	0.09615995	0.07679129	0.096072175	3402.4	0.089522995	0.6909
CRPPA	0.11215588	0.087745406	0.0880135	0.08061326	0.084090896	3402.4	0.09052379	0.6909
AL139815.1	0.099174954	0.09014571	0.084424876	0.09172047	0.08664352	3402.6	0.0904219	0.6912
LINC02778	0.08469848	0.08103042	0.09654311	0.08713403	0.099720985	3403.4	0.08982541	0.6914
GRK3	0.08592199	0.08410036	0.09603427	0.098873466	0.08612605	3404.2	0.09021123	0.6916
AC114930.1	0.09831695	0.10085973	0.077573396	0.0852831	0.08924214	3404.6	0.09025507	0.6918
ENAH	0.0895491	0.0837711	0.09366453	0.08526718	0.09675934	3405.2	0.08980225	0.692
NRXN1	0.09414424	0.08839637	0.09456866	0.08367533	0.087820165	3405.4	0.08972095	0.6922
DOCK8	0.094672434	0.096941955	0.086810306	0.084420465	0.08767778	3407.4	0.09010459	0.6924
LINC01564	0.087496035	0.1051343	0.08696161	0.0900209	0.08414141	3407.8	0.09075085	0.6926
C1orf87	0.09923975	0.09622701	0.0933847	0.064967	0.09013839	3408.2	0.08879137	0.6928
AP003400.1	0.10101151	0.11362373	0.085473925	0.08293821	0.06910227	3408.6	0.090429924	0.693
RIPK2	0.097114734	0.083215654	0.08787283	0.08868318	0.09253202	3409.6	0.089883685	0.6933
CFAP47	0.10430149	0.081262946	0.093379565	0.09394348	0.07807881	3409.6	0.09019326	0.6933
RRAD	0.08875631	0.084969714	0.09454242	0.084575765	0.09571552	3411.0	0.08971195	0.6937
COLEC10	0.08819619	0.09164903	0.09467592	0.081858955	0.09209609	3411.0	0.08969524	0.6937
GHRHR	0.10128146	0.095077164	0.08988871	0.07798424	0.08552896	3413.8	0.089952104	0.6941
LINC01727	0.101106524	0.09014018	0.09477718	0.072126016	0.08883903	3413.8	0.08939778	0.6941
UGT2B4	0.11015462	0.09173313	0.08738454	0.08394962	0.07883549	3415.8	0.090411484	0.6945
AL589745.1	0.09278093	0.08929477	0.081618614	0.08878445	0.09872817	3415.8	0.09024139	0.6945
F5	0.09093751	0.09001672	0.09617948	0.0775647	0.092326805	3416.2	0.089405045	0.6948
AC007422.1	0.095413275	0.09211965	0.08018203	0.09286592	0.09038032	3417.0	0.09019224	0.695
LGALSL-DT	0.093668655	0.098149575	0.086064875	0.081125915	0.09070778	3418.6	0.089943364	0.6952
MYDGF	0.090491384	0.07761979	0.09337426	0.08845244	0.09713925	3419.0	0.089415416	0.6954
GUCY2C	0.10562996	0.10566986	0.07925089	0.0861013	0.07690387	3419.6	0.09071118	0.6956
PKIB	0.084390424	0.11073932	0.090414256	0.071889564	0.09296497	3422.0	0.09007971	0.6958
LINC02428	0.094162464	0.10400282	0.09282024	0.07759488	0.08179889	3422.6	0.09007586	0.6961
XKRX	0.087034285	0.08328162	0.095921405	0.08787627	0.09311612	3422.6	0.08944593	0.6961
AL356108.1	0.09720578	0.08713887	0.093837075	0.08273092	0.08717455	3423.2	0.089617446	0.6964
GMFG	0.10045036	0.08593668	0.09920695	0.08299745	0.07957099	3424.0	0.08963248	0.6966
EDA	0.09696746	0.09372036	0.08764798	0.077041246	0.092907734	3427.2	0.08965696	0.6968
TMEM47	0.08131863	0.09055871	0.09654385	0.09291837	0.086383075	3429.8	0.08954452	0.697
DNAJC27-AS1	0.08468417	0.07993949	0.09931457	0.092504345	0.09007733	3430.0	0.089303985	0.6973
AC023024.1	0.09388072	0.098900944	0.087012514	0.07943626	0.08971429	3430.0	0.089788936	0.6973
AC092164.1	0.09356945	0.08172195	0.10100562	0.070255235	0.09763618	3430.4	0.08883768	0.6976
SLC22A3	0.0908292	0.09063118	0.08884955	0.09407506	0.085607134	3434.6	0.089998424	0.6978
LINC02341	0.09386727	0.10229666	0.086600535	0.08063329	0.08677615	3435.0	0.09003478	0.698
AC093459.1	0.09196798	0.1000601	0.08387628	0.085541405	0.088849746	3435.2	0.0900591	0.6982
TNFRSF19	0.10780799	0.083925635	0.07931777	0.10380599	0.0800398	3435.4	0.09097944	0.6984
TGFB3	0.09196796	0.08412053	0.0971803	0.078804076	0.0934151	3436.6	0.0890976	0.6986
LINC01933	0.08981861	0.09660937	0.09788748	0.0722603	0.08888814	3438.2	0.089092776	0.6989
PPP1R3C	0.087602764	0.08504007	0.09878135	0.0829776	0.09174091	3438.2	0.08922853	0.6989
HNMT	0.096777804	0.09311575	0.08863703	0.08196077	0.08761694	3438.4	0.089621656	0.6992
SLC25A3	0.093296096	0.09585308	0.0876135	0.08107319	0.090243295	3441.8	0.08961584	0.6994
CAMK2N1	0.0820197	0.09440705	0.09087789	0.08412426	0.09552466	3442.4	0.08939072	0.6996
AL391336.1	0.096145324	0.0955941	0.090469845	0.07737989	0.08753723	3443.6	0.08942528	0.6998
MOXD1	0.10048008	0.090677604	0.09768115	0.06250763	0.08803415	3446.8	0.087876126	0.7
AL121601.1	0.082434125	0.09956351	0.10753895	0.06901429	0.08634745	3447.2	0.08897967	0.7002
AC005394.1	0.103246056	0.08699625	0.09712572	0.0725405	0.08566103	3447.4	0.089113906	0.7004
LINC01422	0.092457704	0.12157492	0.08271318	0.076823555	0.08348469	3450.6	0.09141081	0.7006
AC107029.2	0.07464694	0.10554869	0.09288234	0.07564005	0.09449576	3451.0	0.08864275	0.7008
AL357153.1	0.09339553	0.09626717	0.0892276	0.09555036	0.07431302	3451.6	0.08975074	0.701
CCDC39	0.087241754	0.08224794	0.08244634	0.09180388	0.109176464	3451.8	0.09058327	0.7012
ABCC9	0.083992705	0.08777403	0.092811406	0.08580476	0.096436985	3452.4	0.08936398	0.7014
GPA33	0.10030478	0.08038951	0.09218308	0.08185921	0.090772375	3454.2	0.08910179	0.7016
AL591519.1	0.11363114	0.08899247	0.08232375	0.08485512	0.082238965	3455.0	0.09040829	0.7018
LINC02438	0.110131346	0.095373794	0.085541025	0.0877661	0.060921747	3455.2	0.0879468	0.702
CIB1	0.0965963	0.0924091	0.08347184	0.084364615	0.091127865	3458.0	0.08959395	0.7022
ARRB1	0.09684049	0.09054172	0.08262996	0.08957337	0.08887204	3458.1	0.08969151	0.7024
ENPP6	0.09785795	0.088438705	0.08562742	0.085811675	0.08991701	3458.6	0.08953055	0.7026
ENTPD1-AS1	0.09691569	0.099466175	0.09295131	0.08478788	0.07068633	3460.0	0.088961475	0.7028
AC108134.2	0.09444955	0.086467996	0.09445299	0.07029445	0.09836144	3461.0	0.08880528	0.7031
ANKRD6	0.10243563	0.094589554	0.0799744	0.084134795	0.087666206	3461.0	0.08976012	0.7031
SPATA17	0.09408819	0.08670383	0.0970353	0.09015577	0.078851424	3463.0	0.089366905	0.7034
RNF165	0.0934336	0.07919903	0.09191561	0.08753924	0.09288909	3463.4	0.08899532	0.7037
VWC2L	0.10704029	0.0866027	0.087249495	0.08868583	0.080004245	3463.4	0.08991651	0.7037
PTPRT	0.10795611	0.0874435	0.09069572	0.06882675	0.0896256	3464.2	0.08890953	0.704
SATB2	0.0925636	0.09699465	0.08360614	0.08832241	0.08706796	3465.4	0.08971095	0.7042
MLPH	0.1034884	0.07784846	0.09210136	0.08038262	0.09017306	3467.2	0.088798776	0.7045
P2RX7	0.10057524	0.09183739	0.0872828	0.0762268	0.09029741	3467.2	0.089243926	0.7045
TENM3-AS1	0.09620029	0.08830273	0.10215711	0.07647308	0.08202462	3469.2	0.08903156	0.7048
U91319.1	0.09843169	0.09370093	0.08619894	0.08076296	0.08794836	3469.6	0.08940858	0.705
CREB3L3	0.090745136	0.09225814	0.09726255	0.084949225	0.081000194	3470.0	0.08924304	0.7052
NCALD	0.09627993	0.0838591	0.095426835	0.08210234	0.08694403	3471.0	0.088922456	0.7054
CDRT4	0.085859224	0.08209668	0.10042765	0.10189836	0.0778085	3472.4	0.08961809	0.7056
XKR6	0.110274464	0.08386588	0.094995044	0.07903717	0.07848701	3472.8	0.08933191	0.7058
NMD3	0.098631635	0.10209866	0.085717246	0.07970296	0.08246151	3474.4	0.0897224	0.706
ARHGAP31	0.097788215	0.10849706	0.07963845	0.07517072	0.08814901	3475.2	0.08984869	0.7062
RADIL	0.09682074	0.09261141	0.0900028	0.086639956	0.081168376	3476.8	0.08944866	0.7064
STKLD1	0.08895237	0.09090161	0.09419222	0.0852413	0.086678594	3477.0	0.08919322	0.7066
TRPC3	0.11048267	0.08243549	0.088536024	0.074853815	0.089694194	3478.0	0.08920044	0.7068
SIAH2-AS1	0.10087049	0.08542893	0.08823141	0.08711457	0.08550746	3479.4	0.08943057	0.707
CCL20	0.096368164	0.09076423	0.08939579	0.08746381	0.083152674	3479.6	0.08942893	0.7072
AP003472.1	0.09535589	0.084600165	0.09247931	0.078005515	0.09350911	3479.8	0.08879	0.7074
MND1	0.085694194	0.0993817	0.099572204	0.074345954	0.08550845	3480.0	0.08890049	0.7076
DOK5	0.09662091	0.09993446	0.091870084	0.06898668	0.08637502	3481.4	0.08875743	0.7078
PTGER2	0.09389153	0.091678225	0.08530633	0.09224047	0.08481208	3482.2	0.08958573	0.708
RNF217-AS1	0.08178288	0.08913921	0.10582617	0.06950321	0.09505541	3483.2	0.08826137	0.7082
DHRS4L2	0.08823363	0.082391426	0.09546296	0.10352378	0.079477906	3483.6	0.08981794	0.7084
FHAD1	0.08675509	0.09768297	0.08455101	0.09976812	0.08198741	3484.8	0.09014892	0.7086
AL031123.1	0.09310495	0.088518396	0.08661122	0.08556748	0.09235157	3485.4	0.089230716	0.7089
AC092131.1	0.093832254	0.10167939	0.09434722	0.07054901	0.084037386	3485.4	0.088889055	0.7089
PROX1-AS1	0.09283529	0.08539628	0.09170706	0.085673034	0.0889743	3487.4	0.08891719	0.7092
LINC00862	0.09192888	0.08812409	0.09323206	0.07908644	0.09183109	3487.6	0.08884051	0.7094
VCL	0.09094138	0.074757226	0.09357866	0.09940324	0.085769676	3488.2	0.08889003	0.7096
AFF1	0.09445145	0.10175494	0.084773794	0.090333804	0.07745912	3488.6	0.089754626	0.7098
NYAP1	0.09351571	0.086606756	0.09053353	0.086079605	0.088468105	3489.0	0.08904074	0.71
CFTR	0.08954005	0.08129074	0.08668599	0.10008793	0.09052072	3490.2	0.08962508	0.7102
EVA1B	0.09714128	0.08515883	0.100281216	0.07285228	0.086714715	3490.4	0.08842967	0.7104
ACPP	0.09836403	0.08115031	0.09270613	0.08970374	0.08359308	3491.6	0.08910346	0.7106
TERF2IP	0.09402719	0.09205039	0.08922205	0.07617184	0.092585094	3493.2	0.088811316	0.7108
DBI	0.094696015	0.08822625	0.08217136	0.08833393	0.09277808	3493.6	0.08924113	0.711
ARHGAP22	0.09518875	0.09134674	0.08737747	0.08538988	0.08659361	3494.2	0.08917929	0.7112
LMO7	0.08690584	0.09149666	0.083541825	0.09387391	0.091647446	3494.4	0.08949314	0.7114
AL109976.1	0.11248548	0.09674909	0.08218259	0.07186562	0.084432445	3495.0	0.089543045	0.7116
STS	0.09332195	0.087216415	0.09202599	0.09493695	0.07938488	3496.4	0.08937724	0.7118
RAB11FIP1	0.08124993	0.08776934	0.09299514	0.085009664	0.0965878	3496.8	0.08872237	0.712
PIEZO2	0.095315985	0.08324991	0.09077141	0.08937155	0.08604462	3498.8	0.08895069	0.7122
FZD4-DT	0.094083466	0.09024233	0.08838398	0.0910944	0.08281323	3499.6	0.08932348	0.7124
PLCZ1	0.08972743	0.07647528	0.094474964	0.09631025	0.08655763	3500.2	0.08870911	0.7126
SLC7A11	0.09531155	0.09431789	0.08457403	0.084125675	0.08755343	3501.0	0.08917651	0.7128
AL845331.2	0.08942866	0.074183434	0.09833429	0.08886855	0.08943969	3501.2	0.088050924	0.713
AL138767.1	0.0949487	0.09339917	0.08532034	0.090368785	0.08298642	3503.2	0.08940469	0.7133
AC245123.1	0.09139507	0.096142426	0.09325752	0.07282413	0.08903679	3503.2	0.08853118	0.7133
UNC79	0.092272356	0.088437535	0.0952739	0.0849118	0.08325685	3506.8	0.088830486	0.7136
TNFAIP3	0.090478174	0.097049765	0.08270655	0.08959337	0.08698384	3507.8	0.08936234	0.7139
PACRG	0.09466911	0.08417937	0.1000838	0.08462596	0.079941936	3507.8	0.08870003	0.7139
ZCWPW2	0.07836894	0.10514072	0.09302771	0.08324913	0.08431851	3508.8	0.088821	0.7142
HMGA2	0.09769007	0.09789967	0.07510471	0.10411898	0.0716175	3509.8	0.089286186	0.7144
ERP29	0.097550526	0.084146746	0.095892884	0.07465762	0.089097485	3510.6	0.088269055	0.7146
SMOC2	0.09544194	0.08099492	0.09240324	0.074002504	0.099753015	3510.8	0.088519126	0.7148
TMEM161B-AS1	0.08918597	0.08532995	0.085114196	0.08462698	0.10238751	3511.2	0.08932892	0.715
BTC	0.08034762	0.0903466	0.09400357	0.09444696	0.08489333	3511.6	0.08880762	0.7152
MGLL	0.09146518	0.08472984	0.08557318	0.092004046	0.09155482	3512.4	0.08906542	0.7154
AL031123.4	0.095455796	0.083550856	0.09490947	0.09160264	0.07878273	3512.8	0.088860296	0.7156
LINC01937	0.079574436	0.10339061	0.08276916	0.10008919	0.083267145	3513.0	0.089818105	0.7158
STOX1	0.09341737	0.08697494	0.08541442	0.0827898	0.09608518	3514.2	0.088936344	0.716
AC010198.1	0.09096729	0.08989875	0.100239284	0.085500315	0.07616241	3517.2	0.08855361	0.7163
MRPL57	0.09714904	0.08630008	0.09086188	0.07676725	0.09160401	3517.2	0.088536456	0.7163
HMGCS1	0.098986186	0.09041381	0.084547326	0.096067205	0.077218704	3517.8	0.08944664	0.7166
LINC01791	0.089666694	0.09054522	0.08050382	0.09702374	0.08920958	3518.2	0.08938981	0.7168
ATP5MPL	0.09973705	0.08713588	0.08187419	0.08362522	0.09220951	3521.6	0.088916376	0.717
MUSK	0.10229954	0.08972507	0.08609244	0.08214782	0.085011095	3522.4	0.089055195	0.7172
MKRN3	0.09167988	0.08678524	0.09779641	0.0686522	0.09412401	3524.2	0.08780755	0.7174
AL034417.2	0.0947199	0.08798424	0.08490705	0.095260985	0.08371744	3526.2	0.089317925	0.7176
AL035701.1	0.09018658	0.09065174	0.09165515	0.06870609	0.09985442	3526.6	0.0882108	0.7178
MMS22L	0.0948801	0.086431146	0.09856796	0.074768044	0.08643851	3527.0	0.088217154	0.718
WTAP	0.09206203	0.09588286	0.083791144	0.0838758	0.08886899	3527.8	0.08889617	0.7182
LGALS2	0.08788239	0.08152854	0.08784366	0.10069392	0.088320516	3528.0	0.089253806	0.7184
NUSAP1	0.09214595	0.07465342	0.09092414	0.09220627	0.09001169	3528.8	0.087988295	0.7186
OR9Q1	0.08954756	0.09425395	0.09425122	0.08122567	0.08417859	3530.2	0.0886914	0.7188
SSPN	0.08432385	0.10640333	0.08682024	0.08401262	0.08513576	3531.2	0.08933916	0.719
MAFF	0.10012945	0.08114408	0.093507454	0.08021701	0.08701639	3531.8	0.08840288	0.7192
LRRC9	0.08351839	0.0970478	0.09162473	0.07936081	0.09067084	3532.0	0.088444516	0.7194
AL592429.2	0.08365487	0.08804362	0.09818755	0.08324035	0.08825369	3532.4	0.088276014	0.7196
AC099517.1	0.09577791	0.08443314	0.093787394	0.084994525	0.08390863	3532.8	0.088580325	0.7198
SMC1B	0.085549146	0.09546237	0.07910575	0.09102166	0.09396039	3533.8	0.08901986	0.7201
LINC02067	0.09202108	0.08668198	0.097471334	0.092183426	0.07311211	3533.8	0.088293985	0.7201
CYP11A1	0.09209843	0.09397863	0.08894359	0.07951779	0.088042825	3537.4	0.08851625	0.7205
LINC00113	0.090589926	0.10381835	0.09958231	0.07430216	0.07287763	3537.4	0.08823408	0.7205
LINC00240	0.08150143	0.089399055	0.09973762	0.070878275	0.09721356	3537.6	0.08774599	0.7208
IRX2	0.089129716	0.080208935	0.09566579	0.089613736	0.08703569	3538.0	0.08833077	0.721
CFAP161	0.094154656	0.0819321	0.09212971	0.08890747	0.085302874	3539.4	0.08848536	0.7212
UXT	0.08926443	0.08610034	0.09032903	0.090245456	0.0873752	3540.0	0.088662885	0.7214
CHI3L1	0.08744053	0.094172895	0.08508344	0.093297526	0.08564574	3540.2	0.08912803	0.7216
LYZ	0.09488868	0.09483511	0.088628344	0.08143781	0.083905324	3540.8	0.08873906	0.7218
LINC01798	0.08378208	0.09498818	0.09757766	0.06642828	0.094436675	3542.0	0.08744258	0.7221
AC005381.1	0.103361785	0.08517797	0.08171648	0.09469517	0.08144463	3542.0	0.089279205	0.7221
AC124854.1	0.09644397	0.10129816	0.08046122	0.08637447	0.081512526	3542.6	0.089218065	0.7225
AC000085.1	0.1001224	0.0836414	0.08929967	0.0882527	0.08242646	3542.6	0.08874853	0.7225
TMEM72-AS1	0.08748444	0.09154964	0.08035368	0.0949677	0.09079938	3543.0	0.089030966	0.7228
RAC2	0.09456864	0.08369068	0.094617076	0.07764668	0.089786425	3543.4	0.08806189	0.723
ALDH1L1	0.0913601	0.09238364	0.084843196	0.09582589	0.081615	3544.0	0.08920556	0.7233
AC007785.1	0.09541459	0.081409104	0.095646136	0.0838433	0.08469786	3544.0	0.08820219	0.7233
LINC02343	0.09443716	0.08380937	0.08864065	0.08671503	0.08889643	3546.0	0.08849973	0.7237
HKDC1	0.09759037	0.08056138	0.091274396	0.07743402	0.0931944	3546.0	0.088010915	0.7237
BLNK	0.099155635	0.093255095	0.08424598	0.08021331	0.0869011	3546.2	0.08875422	0.7241
PPP1R1C	0.09387148	0.07825519	0.08416042	0.10361176	0.08618196	3546.2	0.089216165	0.7241
MIR3681HG	0.10573121	0.08948869	0.08524914	0.08613533	0.07853558	3547.4	0.08902799	0.7246
BDNF	0.089982286	0.0818312	0.09597378	0.08189048	0.09057104	3547.4	0.088049755	0.7246
DGKB	0.097909205	0.08527591	0.086622715	0.08518834	0.08784095	3547.4	0.08856742	0.7246
AC019211.1	0.088997446	0.07226084	0.10736135	0.08403742	0.08470835	3548.4	0.08747308	0.725
ROR2	0.10281969	0.09585128	0.09307595	0.064521246	0.081709184	3549.0	0.08759547	0.7252
EVI2A	0.106927276	0.08394098	0.08918373	0.08078784	0.08247494	3550.2	0.08866296	0.7254
ANKRD55	0.09024957	0.08582524	0.0914993	0.092100486	0.083868474	3550.4	0.08870861	0.7256
PAFAH1B3	0.09469049	0.101051524	0.080426015	0.074281685	0.09248348	3551.2	0.08858664	0.7258
SYNPO2	0.089375235	0.09182796	0.08965238	0.08555531	0.08650806	3551.6	0.08858379	0.726
AC009899.1	0.09357891	0.08443285	0.094627686	0.084869646	0.08410816	3552.2	0.08832345	0.7263
SERPINE2	0.08078693	0.092738666	0.08981825	0.087205976	0.09102447	3552.2	0.08831485	0.7263
CCDC170	0.093557194	0.085360356	0.08241418	0.084766686	0.09704516	3552.6	0.08862872	0.7266
FA2H	0.07914797	0.08867909	0.10276302	0.08801149	0.081640996	3553.0	0.08804851	0.7268
CERNA2	0.10270774	0.0836541	0.09319586	0.07171361	0.08867227	3553.2	0.08798872	0.727
UGDH	0.08842064	0.080299556	0.11033565	0.079031266	0.08381833	3553.4	0.08838109	0.7272
AMACR	0.093340784	0.08172697	0.087147474	0.08919011	0.09093925	3553.6	0.08846892	0.7275
GNA14	0.10047026	0.0884514	0.08441109	0.08751042	0.083889484	3553.6	0.088946536	0.7275
AC002070.1	0.087528646	0.09084831	0.08773946	0.08615327	0.09023325	3555.6	0.08850058	0.7278
LINC00992	0.10390568	0.08114228	0.09453914	0.07412703	0.08639593	3557.2	0.08802201	0.728
TMED3	0.08576855	0.08292881	0.1086145	0.07356514	0.08867067	3558.6	0.087909535	0.7282
KIAA2012	0.09563322	0.08792564	0.087674625	0.0986024	0.07407422	3559.6	0.08878203	0.7284
ARMC3	0.08412117	0.0845137	0.09372821	0.07936139	0.09922878	3560.6	0.088190645	0.7286
DHRS7B	0.10250163	0.08508649	0.086683154	0.08080741	0.08721241	3562.4	0.088458225	0.7288
IL1R1	0.090744205	0.08963278	0.082721874	0.0879533	0.0919944	3563.8	0.08860931	0.729
MMP26	0.093271054	0.08186449	0.089396775	0.0950386	0.083636835	3564.4	0.08864155	0.7292
NFE4	0.09590535	0.08609005	0.091335244	0.08639599	0.08215453	3567.6	0.088376224	0.7294
LINC00343	0.08979188	0.10321372	0.08546811	0.08349276	0.08285438	3568.0	0.08896417	0.7296
RASSF6	0.087243006	0.093508765	0.08053111	0.09413142	0.08872494	3568.2	0.08882785	0.7298
AC025434.1	0.0933121	0.08798711	0.08168422	0.088578105	0.0908475	3572.8	0.088481806	0.73
WSCD2	0.08953484	0.07970282	0.10052604	0.07603085	0.09166608	3573.0	0.08749212	0.7302
ANLN	0.08833251	0.08015908	0.092114754	0.09397424	0.08674128	3573.6	0.08826437	0.7304
AL359636.2	0.09509976	0.10069271	0.08154788	0.08424868	0.082049355	3574.6	0.088727675	0.7306
MACROD2	0.10100722	0.08905944	0.0793766	0.09103886	0.08352151	3575.0	0.08880073	0.7309
ISOC2	0.09949937	0.081446975	0.08892858	0.08444745	0.086482614	3575.0	0.088161	0.7309
SLC16A7	0.101983495	0.09940935	0.08298938	0.08523007	0.07222871	3577.8	0.08836819	0.7312
GALM	0.0846059	0.08815038	0.093693756	0.08153525	0.091738895	3579.2	0.08794484	0.7314
LINGO2	0.09638819	0.0995107	0.08429538	0.07905951	0.08368949	3580.6	0.088588655	0.7316
CAPSL	0.10275836	0.096395	0.071716	0.092383794	0.07637029	3581.6	0.0879247	0.7318
FOXC1	0.10288939	0.08864282	0.080919825	0.08453836	0.08566549	3583.0	0.08853118	0.732
LINC01829	0.096117474	0.08341497	0.083939224	0.09473122	0.08486566	3583.2	0.088613704	0.7322
GK-AS1	0.090270154	0.09841345	0.08436223	0.08213146	0.08718776	3583.4	0.08847301	0.7324
ENPP1	0.097701356	0.09735794	0.082429565	0.08794073	0.07776294	3584.4	0.0886385	0.7326
CERS3-AS1	0.095076546	0.086883865	0.08655331	0.087150685	0.086223856	3585.8	0.088377655	0.7328
AL078600.1	0.08818689	0.08486316	0.087710306	0.108086735	0.07896269	3586.8	0.089561954	0.733
UXT-AS1	0.086278014	0.098663546	0.08551131	0.09669757	0.07689679	3587.6	0.088809446	0.7332
AC061992.2	0.09523028	0.08679443	0.088276975	0.085996985	0.08479835	3587.8	0.088219404	0.7334
AC011586.1	0.0823082	0.09626736	0.09177573	0.072952434	0.09449983	3588.4	0.08756071	0.7336
MAP6	0.093620375	0.0879718	0.09115009	0.08254158	0.08496589	3588.8	0.08804995	0.7338
AC096570.1	0.09313678	0.08339676	0.086963356	0.0823555	0.09378417	3591.2	0.08792732	0.734
P2RY6	0.100538135	0.09232002	0.08159559	0.076216176	0.0896714	3595.4	0.08806826	0.7342
ELL2	0.08862707	0.09689163	0.09381114	0.08322061	0.07810766	3596.2	0.08813162	0.7344
SLC12A7	0.091719314	0.07831699	0.093297444	0.09154574	0.08410456	3598.6	0.08779681	0.7346
AP000331.1	0.10789695	0.08593545	0.0874922	0.08029356	0.08015821	3598.8	0.08835527	0.7348
SCGB2B2	0.082193114	0.07735499	0.09071153	0.09346778	0.09371585	3599.0	0.08748865	0.735
B4GALNT3	0.08723807	0.08194299	0.093471386	0.08335237	0.09233048	3599.2	0.08766706	0.7352
AL591501.1	0.094204344	0.07847	0.095899455	0.0860359	0.08314636	3599.4	0.087551214	0.7354
AP001042.1	0.07830829	0.09580303	0.100382306	0.07010045	0.089051284	3599.6	0.08672907	0.7356
C12orf74	0.0945026	0.08573832	0.10233666	0.07454949	0.08068872	3600.2	0.08756316	0.7358
LRIG1	0.08696264	0.08964639	0.10427833	0.07471657	0.08259383	3601.8	0.087639555	0.736
BRINP1	0.10034469	0.08720732	0.08303226	0.08724189	0.08427888	3602.0	0.088421	0.7362
AC004264.1	0.09018529	0.09220126	0.08571651	0.09130539	0.082935266	3602.6	0.088468745	0.7364
UBE3D	0.10212686	0.088901065	0.09356388	0.07127182	0.0825433	3605.6	0.08768139	0.7366
LINC01208	0.09928008	0.07476253	0.09047854	0.083388865	0.087585926	3607.0	0.08709919	0.7368
ZC4H2	0.0995695	0.087124884	0.09271198	0.07451261	0.08456597	3607.6	0.087696984	0.737
AL049779.4	0.089335375	0.08596511	0.095468834	0.07783319	0.08891814	3607.8	0.087504126	0.7372
SHISA3	0.08539161	0.0815996	0.10705535	0.08417613	0.08056209	3608.0	0.08775695	0.7374
GPC4	0.099342816	0.09033987	0.08617583	0.08315626	0.081597544	3610.0	0.088122465	0.7376
AL109933.5	0.09731741	0.10689022	0.08072007	0.07732742	0.08071201	3611.4	0.08859343	0.7378
AL358944.1	0.09036885	0.08357798	0.08246772	0.10278973	0.084838964	3612.8	0.08880864	0.738
TMEM160	0.08939759	0.08845295	0.093340755	0.08934233	0.079886004	3613.0	0.08808392	0.7382
GRIP1	0.1039382	0.08615925	0.08537338	0.08278429	0.08271979	3613.4	0.08819498	0.7384
LINC01033	0.096588455	0.09332082	0.07974283	0.08839742	0.08330077	3615.4	0.08827005	0.7386
SNHG31	0.07550648	0.08189092	0.093353786	0.08978937	0.093050756	3618.0	0.086718254	0.7388
AL365214.2	0.08970528	0.08390525	0.09148185	0.09141911	0.08312381	3619.6	0.08792706	0.739
Z95118.2	0.10459617	0.08877255	0.08665379	0.0743505	0.085115865	3620.2	0.08789778	0.7393
TMPRSS12	0.088683344	0.089053184	0.1030134	0.06657687	0.08652137	3620.2	0.086769626	0.7393
SHISA9	0.07694721	0.08598145	0.09392738	0.08394023	0.093479626	3620.4	0.08685519	0.7396
PLPPR5	0.08934189	0.08771072	0.07437713	0.10504815	0.08621198	3621.2	0.088537976	0.7398
COA3	0.08839379	0.09942489	0.08525891	0.08361137	0.084351964	3621.8	0.08820818	0.74
LIPG	0.09566707	0.08880073	0.091811664	0.078044325	0.08379733	3623.4	0.08762422	0.7403
AGTR1	0.09460993	0.08900353	0.0866402	0.07121758	0.09564474	3623.4	0.0874232	0.7403
ACSL3	0.09624548	0.07951427	0.08975616	0.08566508	0.086384304	3623.6	0.08751306	0.7406
EGFR	0.088935725	0.094654076	0.0898739	0.0832555	0.0830658	3625.8	0.087957	0.7408
AP001825.1	0.07893849	0.08542447	0.098038346	0.08105722	0.09064209	3627.8	0.086820126	0.741
AC018541.1	0.09354214	0.08774063	0.09069277	0.08455748	0.0823803	3628.4	0.087782666	0.7412
PLA2G4A	0.09751976	0.092331305	0.091797434	0.07583404	0.080348544	3630.0	0.08756622	0.7414
CHSY3	0.10577236	0.08356179	0.08134843	0.09330944	0.07702138	3630.2	0.08820268	0.7416
MOB3B	0.09726399	0.09753635	0.0849701	0.07621303	0.08356123	3630.8	0.08790894	0.7418
LINC02028	0.095823	0.0883665	0.08453151	0.08163786	0.08835161	3631.4	0.0877421	0.742
DCT	0.08340822	0.08422294	0.096150346	0.07285047	0.09865166	3631.6	0.08705673	0.7422
FXYD6	0.08981263	0.09851883	0.085600846	0.08085449	0.08482344	3632.8	0.08792205	0.7424
TM4SF5	0.08529792	0.0969107	0.08258203	0.08977989	0.0858347	3634.2	0.08808105	0.7426
HES4	0.095555834	0.0903761	0.08472911	0.09466298	0.07430683	3634.8	0.08792617	0.7428
KIF14	0.08914261	0.08915164	0.08904564	0.09222283	0.080582924	3636.6	0.08802913	0.7431
TAFA2	0.09446082	0.08919059	0.08126768	0.080983885	0.09239967	3636.6	0.08766053	0.7431
AHR	0.09616633	0.08945133	0.08672799	0.08139554	0.08490412	3636.8	0.08772906	0.7434
ARHGAP44	0.08890996	0.09422918	0.08772724	0.08722966	0.08223581	3637.2	0.08806638	0.7437
ETV1	0.11729716	0.09410778	0.07437819	0.08162571	0.070789166	3637.2	0.08763959	0.7437
RAP2C-AS1	0.081631124	0.089037135	0.08119268	0.09446057	0.09276985	3639.8	0.08781828	0.744
AC093765.4	0.100879826	0.08362559	0.092627585	0.07903991	0.08132342	3640.0	0.08749926	0.7442
ENKUR	0.08924386	0.09240957	0.09395366	0.07705603	0.084529504	3640.2	0.087438524	0.7444
NFIL3	0.09108848	0.09630532	0.09274808	0.074532986	0.08248226	3641.4	0.08743143	0.7447
AC012063.1	0.09173174	0.086455606	0.084565565	0.09202193	0.085035376	3641.4	0.087962046	0.7447
MMP12	0.086072974	0.09148027	0.09634172	0.08428986	0.07917651	3642.2	0.08747227	0.745
LHFPL4	0.085155964	0.08954247	0.083086915	0.09483572	0.08754885	3642.6	0.08803399	0.7452
C1orf195	0.09212973	0.0899421	0.08475224	0.08264827	0.08858379	3642.8	0.08761123	0.7454
ARFGEF3	0.08966594	0.088102825	0.08134424	0.076475	0.104550585	3644.8	0.088027716	0.7456
SPARC	0.09318749	0.08176995	0.08567898	0.08853085	0.088740714	3645.2	0.0875816	0.7458
LINC02853	0.09151443	0.083205	0.0912491	0.078332886	0.09137779	3646.2	0.08713584	0.746
AC079760.2	0.091243014	0.08730843	0.0860549	0.08266383	0.0902104	3648.0	0.08749612	0.7462
LINC02246	0.086746834	0.09789331	0.08258288	0.08011358	0.091122754	3648.2	0.08769187	0.7464
AC026341.1	0.08868697	0.09568914	0.09158264	0.0724447	0.08750823	3648.4	0.08718234	0.7466
ACP5	0.087741084	0.08389215	0.09436836	0.087575674	0.0837563	3648.6	0.08746672	0.7468
MEIS2	0.08845367	0.09628842	0.086520426	0.08229788	0.08517685	3649.0	0.08774745	0.747
ABCB1	0.093553185	0.093299195	0.08987367	0.077969044	0.0828415	3649.2	0.08750732	0.7472
LINC00426	0.08904471	0.096204996	0.082091324	0.09346685	0.08019856	3650.6	0.08820129	0.7474
LINC02391	0.07846198	0.09216198	0.104063675	0.0685169	0.087469034	3651.0	0.08613472	0.7476
DNAH9	0.09083341	0.091253035	0.094772376	0.072701775	0.08533626	3652.4	0.086979374	0.7479
ACHE	0.08692479	0.08901897	0.089567624	0.089954704	0.083123475	3652.4	0.08771791	0.7479
LINC02240	0.09504434	0.09967424	0.08569039	0.075414844	0.08261951	3653.6	0.08768866	0.7482
KLHL32	0.09032492	0.088815935	0.092225544	0.075916804	0.0884979	3655.6	0.08715622	0.7484
AL445250.1	0.08528233	0.09347329	0.0985326	0.0709981	0.08574633	3656.6	0.086806536	0.7486
RCAN2	0.08691391	0.09154981	0.08883235	0.084592864	0.08563856	3657.2	0.087505504	0.7488
COL25A1	0.07240309	0.08125665	0.09076609	0.090345986	0.09478431	3658.4	0.08591123	0.749
LIFR-AS1	0.09594254	0.087815896	0.08694184	0.07681391	0.08885946	3660.2	0.08727473	0.7492
MELK	0.09132167	0.087534	0.08693308	0.082232274	0.08885057	3660.8	0.087374315	0.7495
NTRK2	0.097593844	0.09290994	0.08396118	0.08233556	0.0816917	3660.8	0.087698445	0.7495
AC022274.1	0.09535835	0.10444241	0.0831779	0.08158471	0.07407095	3662.6	0.08772686	0.7499
AC137494.1	0.091685496	0.09017378	0.08753097	0.08285644	0.084875196	3662.6	0.08742438	0.7499
RPL3L	0.088973105	0.08617046	0.09483209	0.076997094	0.087995194	3664.0	0.08699359	0.7502
AC008629.1	0.097909436	0.08348589	0.0850376	0.09016705	0.081543885	3664.8	0.08762877	0.7505
RAB31	0.08515336	0.087425806	0.1025102	0.06668068	0.08901904	3664.8	0.08615781	0.7505
LINC01470	0.09297512	0.08541339	0.09280287	0.08934546	0.07528481	3667.8	0.08716433	0.7508
PLK2	0.0921627	0.08521144	0.09364775	0.08706811	0.07844035	3668.6	0.08730607	0.751
ANKRD30BL	0.09621218	0.095607616	0.08340796	0.088443205	0.0732453	3669.0	0.08738325	0.7512
MLIP	0.09110288	0.09743925	0.09863825	0.06754785	0.07741844	3669.2	0.086429335	0.7514
ADAMTS2	0.09210459	0.08213622	0.09436544	0.07235072	0.091557615	3669.4	0.08650292	0.7516
AL121974.1	0.09064335	0.09506475	0.087731324	0.075964935	0.087014526	3669.6	0.087283775	0.7518
ROR1	0.09019193	0.09453004	0.092248395	0.079664454	0.08010173	3669.8	0.087347314	0.752
AL022724.3	0.08383886	0.115341745	0.09307659	0.07197443	0.075063035	3670.0	0.08785893	0.7522
REXO5	0.087948024	0.09414463	0.09789337	0.06576003	0.085329026	3671.2	0.08621501	0.7524
TXNDC5	0.09897269	0.08018151	0.08139421	0.09483383	0.083007224	3671.4	0.08767789	0.7527
AL158167.1	0.09785891	0.09113304	0.08332819	0.076194316	0.08787029	3671.4	0.08727695	0.7527
LINC02133	0.08525391	0.08325109	0.09619162	0.07728778	0.09146805	3671.6	0.086690485	0.753
LINC01237	0.08964722	0.08651842	0.083463855	0.090838246	0.08760653	3672.0	0.08761485	0.7532
KLRG1	0.08869369	0.10050969	0.08400556	0.08181832	0.08398319	3672.8	0.08780209	0.7534
AC114689.3	0.101012714	0.08136777	0.08362248	0.09041234	0.08171472	3673.2	0.087626	0.7536
ASIC2	0.099317715	0.08806683	0.08657946	0.0733513	0.087888464	3674.0	0.087040745	0.7539
AL355834.2	0.085920885	0.08836076	0.0867442	0.09216868	0.0849344	3674.0	0.08762579	0.7539
AL035401.1	0.098129205	0.0976887	0.08451573	0.07836631	0.07907697	3674.2	0.087555386	0.7542
AL121757.2	0.09371299	0.09009042	0.07754141	0.079831325	0.09446415	3675.4	0.08712806	0.7544
PLSCR1	0.08881642	0.08206631	0.09830841	0.08772666	0.07870679	3675.8	0.08712492	0.7546
SLCO6A1	0.0850598	0.0807938	0.09831481	0.07926875	0.08947125	3677.0	0.08658168	0.7548
AC006960.2	0.087311275	0.08716631	0.0834551	0.094466254	0.08635649	3677.6	0.08775108	0.755
AC012485.2	0.08827113	0.08872338	0.09569453	0.08204395	0.0808553	3678.8	0.08711766	0.7552
AL139393.1	0.09207314	0.08864795	0.09072619	0.07386032	0.08855907	3679.8	0.08677333	0.7554
MTCL1	0.08922063	0.09426877	0.08332796	0.08819907	0.08361488	3681.0	0.087726265	0.7556
AC020687.1	0.08840916	0.07769214	0.091203116	0.08575812	0.09027568	3682.8	0.08666764	0.7558
AC096746.1	0.090767056	0.09396541	0.080149196	0.083570465	0.08814074	3684.6	0.08731858	0.756
AL162253.2	0.093374416	0.09799634	0.07960885	0.08092695	0.085112266	3685.2	0.08740377	0.7562
AC093725.2	0.0990375	0.08825723	0.086140536	0.085060894	0.07844816	3686.4	0.08738886	0.7564
KCNMA1	0.09198327	0.09276494	0.07559109	0.08303335	0.09096718	3687.6	0.086867966	0.7566
GLCCI1	0.08251353	0.09374777	0.089035675	0.0916865	0.0798943	3689.6	0.08737556	0.7568
AC008551.1	0.10138041	0.085422635	0.08804026	0.08217591	0.07922351	3689.8	0.08724855	0.757
AC109927.1	0.08613771	0.08285986	0.09026884	0.08507638	0.089710906	3690.0	0.08681073	0.7572
ZBTB44-DT	0.09818277	0.081819385	0.08887193	0.07659454	0.08825896	3691.4	0.086745515	0.7574
AL161804.1	0.09066117	0.100129455	0.07795264	0.08910026	0.08035719	3691.6	0.087640144	0.7577
LINC01031	0.09645885	0.09341694	0.07883294	0.08483078	0.08341664	3691.6	0.08739123	0.7577
PARP4	0.09252577	0.07625732	0.087208636	0.08047009	0.095473096	3693.2	0.08638698	0.758
AC004870.2	0.10027091	0.075971	0.088678055	0.079024196	0.08794123	3693.4	0.08637708	0.7582
AL589935.1	0.08282362	0.08656906	0.09577375	0.08032122	0.08733786	3694.2	0.0865651	0.7585
UPP2	0.08077013	0.09599599	0.0846447	0.08770655	0.086738326	3694.2	0.087171145	0.7585
AC104664.1	0.09160677	0.081949525	0.08950761	0.078856304	0.09154487	3694.4	0.08669301	0.7589
LINC01102	0.092535384	0.08967472	0.088786595	0.082322836	0.08228396	3694.4	0.0871207	0.7589
SFMBT2	0.08998095	0.08326004	0.09788851	0.07797744	0.084046744	3695.4	0.08663074	0.7592
GPRC5D	0.094739676	0.09488937	0.08676854	0.06450406	0.08905849	3696.6	0.08599202	0.7594
LSAMP-AS1	0.09034185	0.09470478	0.093016416	0.073038444	0.082925014	3699.0	0.08680531	0.7596
GOLGA6L7	0.08232724	0.09164477	0.08964023	0.09031102	0.08151836	3701.0	0.087088324	0.7598
SPATA1	0.09491399	0.089388296	0.08661576	0.078559875	0.08538875	3703.4	0.08697333	0.76
AC108749.1	0.0939213	0.08657374	0.088190876	0.08644118	0.08061516	3703.6	0.08714845	0.7602
LINC02109	0.09229919	0.09370244	0.086783715	0.07311385	0.08771131	3703.8	0.0867221	0.7604
MIR155HG	0.086339325	0.09072609	0.08976209	0.08531879	0.08307568	3704.6	0.0870444	0.7606
BDNF-AS	0.08930423	0.08700185	0.08811066	0.08143291	0.08872526	3705.8	0.08691499	0.7608
KCNE1	0.102695495	0.10448907	0.07955223	0.07498046	0.0751596	3706.2	0.08737537	0.761
KCNMB2-AS1	0.086404264	0.089169614	0.08605225	0.08241342	0.090653904	3706.4	0.086938694	0.7612
GPR137C	0.08562651	0.08325943	0.08268933	0.10381873	0.08421231	3706.6	0.08792126	0.7614
GPRC5A	0.10135743	0.07821196	0.07789119	0.08935083	0.08731042	3707.0	0.08682437	0.7617
AC005009.2	0.09302616	0.07793171	0.0891877	0.08029846	0.09117815	3707.0	0.08632443	0.7617
PKLR	0.09135232	0.08396967	0.08334413	0.088198565	0.08820617	3708.8	0.087014176	0.762
HORMAD2	0.087910816	0.09635563	0.09302158	0.077854425	0.07943553	3709.4	0.0869156	0.7624
MSMO1	0.08708675	0.090438366	0.093605086	0.07761545	0.084714085	3709.4	0.086691946	0.7624
MARK1	0.090757705	0.0787625	0.08757534	0.085600786	0.09015949	3709.4	0.08657117	0.7624
GMPR	0.09606013	0.09016548	0.090156324	0.07502626	0.08226179	3710.2	0.086734	0.7628
AC005871.2	0.097788565	0.08200811	0.078752995	0.09143186	0.085339166	3710.8	0.08706413	0.763
PADI2	0.08166827	0.09178955	0.09845284	0.07924757	0.081079155	3713.4	0.08644748	0.7633
AC022431.1	0.08843977	0.07875428	0.08683155	0.085580096	0.09336734	3713.4	0.086594604	0.7633
MAJIN	0.09707765	0.086300075	0.08072461	0.087430134	0.08450428	3713.8	0.08720735	0.7636
LINC02112	0.10022432	0.08188691	0.07971742	0.0778415	0.09396854	3714.2	0.08672774	0.7638
PLAUR	0.096650586	0.084397845	0.08917505	0.068046935	0.09171069	3715.2	0.08599622	0.7641
PAX5	0.08962412	0.0922451	0.08665615	0.08500226	0.08206455	3715.2	0.08711843	0.7641
LRRC7	0.092070505	0.08912628	0.080569305	0.09282319	0.08200969	3715.4	0.08731979	0.7644
IL20RA	0.08623934	0.09175902	0.08357062	0.08248376	0.09045897	3716.8	0.08690234	0.7646
AC060765.2	0.095019504	0.08992765	0.08287456	0.08763819	0.080656394	3717.2	0.08722327	0.7648
SLC1A1	0.09003699	0.09189528	0.088700406	0.08585591	0.07866101	3717.6	0.08702992	0.765
AL356488.3	0.09323147	0.08751092	0.089724876	0.07853584	0.08471652	3717.8	0.08674392	0.7652
CFAP73	0.09190476	0.094996676	0.08508919	0.0764941	0.08593765	3718.4	0.086884476	0.7654
AC079848.2	0.090735696	0.08496118	0.08567531	0.08585584	0.087278694	3718.6	0.086901344	0.7656
SHC4	0.09098956	0.0879358	0.09062014	0.0836546	0.08087013	3719.0	0.08681404	0.7658
CYP24A1	0.095518984	0.07561932	0.08611622	0.07731724	0.09566681	3720.4	0.08604771	0.766
AC023095.1	0.09330184	0.087607555	0.09170387	0.082098715	0.07917494	3720.8	0.08677738	0.7662
MRPS33	0.07893136	0.08319283	0.08977689	0.09390488	0.08666183	3721.2	0.08649357	0.7664
AC007344.1	0.09415402	0.08605666	0.09001954	0.079486564	0.083689675	3721.8	0.08668129	0.7666
AC012405.1	0.09184987	0.08985376	0.094971746	0.07828123	0.077259704	3724.4	0.08644326	0.7668
NHSL2	0.08323969	0.08622395	0.08753174	0.08636327	0.08997775	3726.0	0.08666728	0.767
AC084740.1	0.10503486	0.07402672	0.08729383	0.0821985	0.08257148	3727.2	0.08622508	0.7672
KCNB1	0.077680215	0.08990897	0.0894122	0.086789176	0.08726913	3727.6	0.08621194	0.7674
MICALL2	0.084625125	0.09127163	0.08643644	0.08340719	0.08791834	3730.4	0.08673175	0.7676
BMP6	0.086244695	0.09013693	0.09424647	0.07949219	0.08251744	3730.8	0.08652754	0.7679
RARRES2	0.09101745	0.102385715	0.08591476	0.07801364	0.077817924	3730.8	0.0870299	0.7679
AC036176.1	0.09339509	0.10022503	0.079347625	0.083063595	0.07960974	3731.0	0.08712822	0.7682
CPEB2-DT	0.089158125	0.09983334	0.07707472	0.09101385	0.07913287	3731.4	0.08724258	0.7684
FAM241A	0.09016264	0.08623138	0.09469783	0.07444339	0.085828595	3732.2	0.08627277	0.7686
LINC02197	0.09043887	0.085555315	0.09333657	0.07152512	0.08929671	3733.4	0.08603052	0.7688
ERI2	0.090575315	0.089097664	0.085327774	0.0889639	0.081219934	3734.4	0.08703692	0.769
MYH13	0.08745287	0.09423324	0.0942524	0.07756023	0.07938611	3734.8	0.086576976	0.7692
CDH26	0.09032581	0.08764096	0.09764018	0.079099186	0.07684506	3736.0	0.08631024	0.7694
AC013451.1	0.087735556	0.08135276	0.067395486	0.10178096	0.090048075	3737.8	0.085662566	0.7696
GPR1-AS	0.076878496	0.07791498	0.09024094	0.08071291	0.102615945	3739.0	0.085672654	0.7698
AL031280.1	0.09061992	0.090325	0.0818868	0.096992716	0.075910546	3741.8	0.08714699	0.77
TMEM45B	0.08531246	0.09550895	0.08685035	0.07786496	0.08729423	3744.2	0.08656619	0.7702
AMPH	0.08360857	0.07938307	0.09417348	0.0785996	0.09307051	3747.0	0.085767046	0.7704
SAMD3	0.09314902	0.09112784	0.08720496	0.07096778	0.08809	3747.4	0.086107925	0.7706
BRINP2	0.093007594	0.086459436	0.085972	0.0768526	0.08959045	3748.0	0.08637641	0.7709
GRAP2	0.10173417	0.087253764	0.08845759	0.072483584	0.082051165	3748.0	0.08639605	0.7709
AC132153.1	0.08791451	0.08397965	0.09157798	0.06957739	0.09575194	3748.2	0.085760295	0.7712
AL450163.1	0.08918206	0.087596096	0.09042016	0.083546765	0.08205089	3748.4	0.08655919	0.7714
MROH8	0.09193874	0.08510401	0.08241189	0.0861138	0.087542795	3748.6	0.08662225	0.7716
LINC00471	0.10269208	0.07958721	0.0893642	0.08180829	0.0786106	3749.0	0.086412475	0.7718
AC091912.3	0.08755602	0.084534824	0.08966563	0.09686932	0.07499254	3749.6	0.08672367	0.772
AC011997.1	0.094264105	0.08246229	0.08209307	0.088305995	0.086076096	3750.0	0.08664031	0.7722
SLC16A2	0.096093796	0.08456744	0.081055075	0.088284686	0.08385046	3750.2	0.08677028	0.7724
FBXO43	0.096441776	0.08315221	0.0807055	0.08243861	0.08945476	3750.4	0.086438574	0.7726
AL157911.1	0.09572334	0.08518694	0.0914677	0.07842011	0.080627814	3750.8	0.08628519	0.7729
SPTLC2	0.08741395	0.09039693	0.08215537	0.092149176	0.08299343	3750.8	0.08702177	0.7729
AC104232.3	0.09632124	0.077575184	0.09135198	0.076672	0.086974755	3751.2	0.08577903	0.7732
THSD7B	0.08598476	0.09014553	0.08756311	0.07797417	0.08987108	3752.4	0.08630773	0.7734
AC093772.1	0.09475762	0.084942505	0.08457343	0.0863441	0.08296413	3753.6	0.086716354	0.7737
EFHC2	0.09193211	0.09048464	0.09425136	0.075096704	0.07909232	3753.6	0.086171426	0.7737
NAMPT	0.0948068	0.0756743	0.09402606	0.07357333	0.08834921	3755.4	0.08528594	0.774
AC079447.1	0.09545749	0.08909792	0.08968839	0.06904988	0.085866205	3755.6	0.08583198	0.7742
CNIH3	0.08847753	0.08166733	0.09279782	0.07217309	0.093883246	3756.0	0.0857998	0.7744
ATP13A4	0.091886625	0.090600714	0.0875416	0.07704932	0.08476376	3756.4	0.086368404	0.7749
HIST1H2BN	0.0962314	0.08824329	0.08116321	0.088901706	0.07963372	3756.4	0.08683466	0.7749
PLEKHG4B	0.09958696	0.0885177	0.08824808	0.07579783	0.08011583	3756.4	0.086453274	0.7749
H19	0.08640357	0.08247523	0.08996939	0.09076964	0.08271771	3756.4	0.08646711	0.7749
KDM4D	0.079929896	0.08286399	0.09389592	0.08754902	0.08547063	3757.0	0.08594189	0.7754
ZNF804A	0.08183758	0.08562797	0.088401	0.081935026	0.09253598	3757.4	0.08606751	0.7756
AP001605.1	0.10601968	0.08374969	0.0835635	0.06672137	0.08885388	3758.2	0.08578162	0.7759
SLC5A1	0.08385117	0.089641444	0.082432844	0.085873835	0.09080922	3758.2	0.0865217	0.7759
GABRB3	0.08937323	0.08596608	0.09184585	0.07969464	0.08450626	3758.4	0.08627721	0.7762
CENPP	0.083951704	0.08791847	0.09462519	0.066020295	0.0931556	3758.8	0.08513425	0.7764
CDH3	0.08844991	0.091860875	0.08023814	0.08154065	0.090286955	3760.2	0.0864753	0.7766
AC011313.1	0.101519994	0.091933414	0.07763005	0.08711954	0.07435794	3760.4	0.086512186	0.7768
TXNDC17	0.10679358	0.07721131	0.08490693	0.08377663	0.07919528	3761.6	0.08637675	0.777
NEK10	0.097383134	0.081413105	0.08670212	0.09159313	0.07484146	3762.6	0.08638659	0.7772
SSUH2	0.08915776	0.086166844	0.09124679	0.08476101	0.08087717	3763.2	0.08644192	0.7774
KIF6	0.083750896	0.08602698	0.089055665	0.082114644	0.089808	3763.9	0.08615123	0.7776
NCMAP	0.10376066	0.0839586	0.09327691	0.07403654	0.07403726	3765.0	0.08581399	0.7778
LAMC3	0.08601137	0.088947356	0.0910206	0.08506055	0.080920964	3765.6	0.08639217	0.7782
CRTC3-AS1	0.08739154	0.09551963	0.08189918	0.09620196	0.071883485	3765.6	0.08657916	0.7782
AC116362.1	0.08176642	0.09255769	0.09399808	0.074812494	0.08604869	3765.6	0.08583668	0.7782
MEIS1	0.10612197	0.08432854	0.07063591	0.08941714	0.078365825	3767.0	0.08577388	0.7786
LINC00310	0.08895423	0.07544449	0.090857446	0.08921764	0.084460706	3769.8	0.0857869	0.7788
S100A13	0.083578415	0.09144347	0.09146338	0.075705685	0.087357625	3771.8	0.08590971	0.779
LINC02234	0.09679045	0.0746456	0.092981465	0.08245767	0.08058912	3772.4	0.08549286	0.7792
AC114956.3	0.081033885	0.08520701	0.08827367	0.10197998	0.07701845	3773.2	0.0867026	0.7794
ZNF365	0.08568226	0.086771645	0.08159633	0.085475855	0.0922257	3773.4	0.08635037	0.7797
AC090403.1	0.09248833	0.08341971	0.08801141	0.06185249	0.09722052	3773.4	0.08459849	0.7797
NABP1	0.09199312	0.09384338	0.08327047	0.077811554	0.085037604	3773.6	0.086391225	0.78
PTN	0.084414616	0.08739306	0.09076959	0.08271972	0.08533113	3774.8	0.08612563	0.7802
MLLT3	0.09046579	0.08525046	0.08510123	0.093213536	0.07944375	3775.0	0.08669495	0.7804
GPM6B	0.10039588	0.07708911	0.08587313	0.07859022	0.08705688	3775.8	0.08580104	0.7806
MYBL1	0.08618681	0.08371887	0.10118294	0.06798471	0.086634584	3776.0	0.085141584	0.7808
STXBP5-AS1	0.09203663	0.08479515	0.096477926	0.074456796	0.081019305	3776.4	0.085757166	0.781
AC122707.1	0.07745945	0.085894994	0.086422555	0.09121094	0.088170215	3776.6	0.08583163	0.7812
FLACC1	0.098321036	0.08048658	0.07111053	0.0959436	0.0826358	3776.8	0.085699506	0.7814
AC026167.1	0.09046182	0.0844336	0.08822197	0.08353308	0.08456086	3777.0	0.086242266	0.7816
DIAPH2-AS1	0.09430268	0.094113775	0.078236595	0.089486256	0.07627039	3777.4	0.086481944	0.7818
AC124254.2	0.08886654	0.09305599	0.084256515	0.076106206	0.08898841	3779.0	0.08625473	0.782
LINC02231	0.0891719	0.093771644	0.08153867	0.08332182	0.08470284	3779.2	0.086501375	0.7822
RPL34-AS1	0.09794736	0.07968232	0.08133298	0.077526	0.092864275	3779.4	0.08587059	0.7824
WFDC10B	0.08449417	0.08960311	0.09032598	0.07779089	0.08748106	3780.0	0.085939035	0.7826
PRR5L	0.08837289	0.0937284	0.0895577	0.07738273	0.08219222	3780.2	0.08624678	0.7828
IGSF9	0.09401617	0.09530026	0.08286048	0.07213202	0.08623846	3781.0	0.086109474	0.783
NOCT	0.09109894	0.09134642	0.0876752	0.08077715	0.0804496	3781.6	0.08626947	0.7833
AL391152.1	0.0930564	0.09222011	0.0899478	0.07861339	0.07599318	3781.6	0.08596618	0.7833
MAOB	0.08574455	0.08848259	0.08984779	0.07710427	0.0885213	3783.2	0.0859401	0.7836
BCL11A	0.08503226	0.09466573	0.08845289	0.08251325	0.080958925	3784.2	0.08632461	0.7838
LINC02303	0.08471162	0.088772364	0.08442303	0.08795991	0.08614868	3787.4	0.08640312	0.784
MNX1	0.08596226	0.09245458	0.100476615	0.06908332	0.07864259	3788.8	0.085323885	0.7842
KPNA7	0.089929484	0.091898575	0.09305845	0.062811516	0.0854236	3790.2	0.08462433	0.7845
KCNS3	0.09092185	0.085652605	0.08552154	0.08936315	0.08037622	3790.2	0.08636707	0.7845
ZBBX	0.08402617	0.08757031	0.089336954	0.077428736	0.09066427	3791.4	0.08580528	0.7848
AC139720.1	0.10078881	0.0853544	0.08962904	0.074610375	0.07937236	3791.6	0.08595101	0.785
HLCS	0.092433125	0.10156217	0.07964109	0.0746676	0.08337098	3792.0	0.086334996	0.7852
ADGRF4	0.08858009	0.10189706	0.083746634	0.06399157	0.08849968	3792.6	0.085343	0.7854
AC004083.1	0.09084882	0.08993398	0.08636222	0.075052716	0.087462604	3794.2	0.08593206	0.7856
AC010997.3	0.0958549	0.08946191	0.081999265	0.088162586	0.07591423	3794.6	0.08627857	0.7858
IFFO2	0.098091125	0.09057478	0.08114278	0.07142209	0.08767835	3795.0	0.08578183	0.786
EMP2	0.09814785	0.08971209	0.08133036	0.07964459	0.08239233	3795.4	0.08624545	0.7863
AP002026.1	0.07725676	0.08718888	0.08996152	0.07296739	0.0981907	3795.4	0.08511305	0.7863
AL161910.1	0.092008255	0.08635937	0.08207467	0.084714346	0.08596059	3795.6	0.086223446	0.7866
STEAP4	0.0873215	0.09065151	0.08530484	0.07694093	0.089515135	3797.0	0.085946776	0.7868
CHCHD5	0.08593055	0.0851092	0.08525886	0.08201	0.09137905	3798.2	0.08593753	0.7872
SGO2	0.09343797	0.08334528	0.090064764	0.07819635	0.08391079	3798.2	0.08579104	0.7872
AC091212.1	0.09375927	0.09605781	0.08648567	0.06904229	0.08318243	3798.2	0.0857055	0.7872
AC022509.1	0.10442732	0.08771738	0.07867051	0.07712191	0.083207704	3798.4	0.08622896	0.7876
AC079950.1	0.10064967	0.072615765	0.07779326	0.09184009	0.08423445	3798.6	0.08542664	0.7878
AC046134.2	0.08960271	0.08815629	0.08104181	0.09036699	0.08311123	3799.2	0.08645581	0.788
MIR222HG	0.099870466	0.098262094	0.08270374	0.06970882	0.079287715	3799.4	0.085966565	0.7882
ST8SIA6-AS1	0.089109816	0.089033835	0.09018583	0.075503595	0.085191615	3802.6	0.08580493	0.7884
POLQ	0.08722572	0.092474364	0.083638854	0.08663134	0.08195069	3803.0	0.08638419	0.7886
AC018680.1	0.09709652	0.085834645	0.08084841	0.09295991	0.073659696	3803.6	0.086079836	0.7888
LOXL1	0.096537076	0.08017054	0.08879324	0.06942208	0.090457395	3804.6	0.08507607	0.789
AL662907.3	0.0907412	0.09569656	0.07929426	0.088285014	0.077559456	3804.8	0.0863153	0.7892
TXNRD1	0.09619125	0.085335	0.08650682	0.0772258	0.08415023	3805.8	0.085881814	0.7894
AC003682.1	0.091237284	0.08235788	0.081822716	0.10474876	0.07204419	3806.0	0.086442165	0.7896
ERICH3	0.08039984	0.08968453	0.09554042	0.0762037	0.084688924	3806.2	0.085303485	0.7898
LINC02036	0.08923359	0.097978346	0.0783146	0.07355607	0.08996135	3807.2	0.08580879	0.79
EGFLAM	0.09564701	0.08174848	0.08709332	0.09129595	0.07262887	3807.4	0.08568273	0.7902
ADAMTS6	0.097001806	0.08266243	0.07925801	0.09155618	0.08068455	3807.6	0.08623259	0.7904
SLC5A8	0.09367633	0.09899538	0.07754405	0.0814066	0.07909715	3810.0	0.086143896	0.7906
ZCCHC24	0.088936344	0.088157676	0.081410445	0.08681078	0.08579041	3811.6	0.08622112	0.7909
UPRT	0.09604574	0.08507232	0.085205495	0.076280974	0.08626712	3811.6	0.08577433	0.7909
C9orf153	0.0853656	0.094427675	0.08634116	0.0803752	0.08375324	3812.0	0.086052574	0.7912
RBL1	0.0776247	0.07867209	0.09439955	0.074669644	0.09710298	3813.4	0.084493786	0.7914
HIST2H2AA4	0.08390882	0.074509956	0.10255119	0.08267657	0.080620095	3813.8	0.08485333	0.7916
GBP2	0.09163135	0.07865511	0.08826014	0.092205435	0.07823512	3814.0	0.08579743	0.7918
NEGR1	0.103473	0.08313065	0.08395817	0.0811175	0.07886174	3814.4	0.086108215	0.7921
LINC00407	0.090636425	0.0990449	0.08696259	0.07219715	0.080481075	3814.4	0.085864425	0.7921
POT1-AS1	0.08895011	0.09169563	0.08385845	0.0866405	0.08046564	3814.8	0.08632207	0.7924
AC003093.1	0.08214611	0.0917848	0.091943	0.07121672	0.08853499	3815.2	0.08512512	0.7926
SNED1	0.08865843	0.08919576	0.08433688	0.08192809	0.086160585	3815.8	0.08605595	0.7928
AL161785.1	0.08130814	0.09627251	0.083139054	0.082630426	0.086008795	3816.2	0.085871786	0.793
C5orf47	0.083480604	0.09235486	0.08428341	0.0811429	0.087844394	3817.2	0.08582123	0.7932
LINC00639	0.083563805	0.07966198	0.08964373	0.100106955	0.07749017	3817.4	0.08609333	0.7934
AL096794.1	0.096239425	0.0912187	0.084582746	0.07705127	0.080598675	3817.6	0.08593816	0.7936
CNNM1	0.09881984	0.09794816	0.080752246	0.06771616	0.08231783	3817.8	0.08551084	0.7938
LINC01965	0.091627665	0.08063067	0.087191954	0.087183364	0.08269276	3820.2	0.08586528	0.794
AC108047.1	0.089429356	0.0868128	0.09005633	0.084767535	0.07834024	3820.6	0.08588125	0.7942
TGM2	0.081958875	0.07790065	0.09485994	0.074874155	0.09371126	3822.0	0.08466098	0.7944
CADM3	0.08881778	0.07728457	0.07886463	0.089843035	0.09261284	3823.4	0.08548457	0.7946
AC017074.1	0.08603146	0.090109125	0.09203193	0.08059539	0.079464234	3826.6	0.08564642	0.7948
MTERF1	0.09298791	0.0846039	0.08259607	0.07561072	0.09186658	3827.2	0.08553304	0.795
FAM71D	0.088730015	0.082697645	0.08103144	0.08957337	0.08735385	3829.3	0.08587727	0.7952
IL15RA	0.099914946	0.07706415	0.089671694	0.072421946	0.0854044	3829.4	0.084895425	0.7954
TGFBR2	0.07898376	0.095047586	0.08662468	0.082719564	0.08413097	3829.6	0.08550131	0.7957
P2RY8	0.104909055	0.078517005	0.074096315	0.08189805	0.086332366	3829.6	0.08515056	0.7957
LINC02208	0.0855	0.07902385	0.0942533	0.08026247	0.08649696	3829.8	0.08510731	0.796
AL033523.1	0.09541528	0.08855202	0.08509797	0.07284452	0.0854451	3830.4	0.085470974	0.7962
REG1A	0.08319465	0.086867176	0.08089423	0.06498191	0.11289409	3832.0	0.08576641	0.7964
AC035140.1	0.09392964	0.09704483	0.08440828	0.07397987	0.07957603	3832.4	0.08578773	0.7966
ECM1	0.08620027	0.089238845	0.09299978	0.075586334	0.08323784	3833.0	0.085452616	0.7968
SMOX	0.09100525	0.06686366	0.09808015	0.08008346	0.08171105	3833.6	0.08354872	0.797
AC093523.1	0.091104284	0.081779666	0.08135716	0.09099043	0.084193006	3834.2	0.08588491	0.7972
C1orf21	0.09028802	0.09392554	0.0866292	0.07260109	0.08433895	3834.8	0.08555655	0.7974
FAM43A	0.09783423	0.08109076	0.08430831	0.075766616	0.0880308	3835.2	0.08540615	0.7976
GCNT3	0.09513025	0.09683682	0.07439295	0.07844781	0.082040824	3836.0	0.08536973	0.7978
AC124017.1	0.09736169	0.076502666	0.08618849	0.085360266	0.08131978	3836.2	0.08534658	0.798
C12orf60	0.09208561	0.08327559	0.0936356	0.07295357	0.08358542	3836.4	0.085107155	0.7983
HIPK1-AS1	0.08481846	0.090072215	0.090598784	0.07832807	0.08372039	3836.4	0.08550759	0.7983
LINC02340	0.08844903	0.08846566	0.08244627	0.08866802	0.082355514	3836.8	0.0860769	0.7986
SYCP2L	0.08902011	0.0985514	0.08771287	0.07063465	0.08155043	3837.0	0.085493885	0.7988
AC005323.1	0.09006442	0.090770945	0.07996439	0.08772679	0.0815488	3838.0	0.08601507	0.799
LINC02519	0.08322125	0.07993182	0.08825489	0.082123466	0.09224343	3838.6	0.085154966	0.7993
PFKP	0.09073206	0.08360798	0.08697759	0.09187211	0.07535354	3838.6	0.08570866	0.7993
AL121749.2	0.08978838	0.08708682	0.07925171	0.088186935	0.08514487	3839.4	0.085891746	0.7996
AC022075.1	0.086165786	0.082517356	0.09835827	0.07468298	0.08338131	3839.6	0.08502114	0.7998
SEZ6L	0.09324232	0.0890375	0.084106594	0.082661524	0.080230996	3841.4	0.0858558	0.8
COL12A1	0.0897532	0.094114035	0.08195615	0.07538721	0.087053716	3842.0	0.085652865	0.8002
SPATA9	0.08265992	0.081220835	0.094079144	0.06887883	0.09536036	3844.2	0.08443982	0.8004
TRHDE-AS1	0.10167266	0.08884741	0.07873847	0.07319291	0.08504716	3844.6	0.08549972	0.8007
LINC02056	0.08942397	0.0850928	0.08647798	0.08372204	0.08376627	3844.6	0.085696615	0.8007
MRPL17	0.083036765	0.09380602	0.08753963	0.08181841	0.08192976	3844.8	0.08562611	0.801
TSBP1-AS1	0.084433734	0.09180408	0.081047654	0.08461237	0.08666419	3846.4	0.08571241	0.8012
AC093607.1	0.090692855	0.08499834	0.1000829	0.07276531	0.075206056	3846.6	0.08474909	0.8014
COL6A2	0.09242305	0.081264466	0.09008836	0.08581237	0.076806076	3849.0	0.08527886	0.8016
CEP126	0.08357758	0.0818897	0.08588295	0.08894174	0.08708396	3850.2	0.08547519	0.8019
SOGA1	0.08700006	0.086975664	0.09540657	0.072278455	0.083304025	3850.2	0.08499295	0.8019
F11-AS1	0.0925317	0.083514616	0.08491948	0.08073087	0.08538793	3850.4	0.08541693	0.8022
IDO1	0.09597907	0.08905412	0.07575878	0.08473806	0.08177043	3851.4	0.08546009	0.8024
AC068875.1	0.08132283	0.09666327	0.09416166	0.06921243	0.082295924	3851.6	0.08473122	0.8027
KAZN-AS1	0.08095754	0.089229874	0.07874749	0.08804148	0.08991736	3851.6	0.08537875	0.8027
DKK3	0.091826685	0.09586757	0.07904949	0.08293016	0.07888231	3852.8	0.08571125	0.803
AC107029.1	0.09075724	0.07780619	0.08712998	0.09224044	0.07927509	3854.8	0.08544178	0.8032
MEIKIN	0.09366121	0.098627344	0.08213568	0.07483993	0.07893978	3855.0	0.08564079	0.8034
CFAP45	0.09092468	0.082862526	0.08768508	0.09313102	0.069813125	3857.4	0.08488329	0.8036
RORB	0.091216296	0.083546795	0.08891083	0.07884226	0.08382499	3857.6	0.08526823	0.8038
LINC02609	0.08593657	0.08558604	0.091265604	0.072472505	0.0888553	3858.2	0.084823206	0.804
GLRB	0.084961265	0.08979452	0.08248317	0.07908304	0.090486094	3858.8	0.08536162	0.8042
LINC01510	0.0895609	0.08204395	0.08825203	0.09173892	0.07556363	3860.0	0.08543189	0.8044
HSD17B2	0.08906468	0.088480614	0.0998304	0.0690048	0.07612321	3860.4	0.084500745	0.8046
AC024941.2	0.0902016	0.09544227	0.0789444	0.08728858	0.07670861	3863.0	0.0857171	0.8048
AC015522.1	0.08664887	0.07538211	0.09206862	0.09280344	0.0772246	3864.8	0.08482553	0.805
AC025887.2	0.08889111	0.082263865	0.08888914	0.09192153	0.07442051	3865.4	0.08527723	0.8052
AC068279.2	0.08733421	0.073951624	0.09223089	0.074265234	0.09257304	3866.2	0.084071	0.8055
AL392023.2	0.08477784	0.09758705	0.08181151	0.07817827	0.08512304	3866.2	0.08549554	0.8055
GLUL	0.078625955	0.08560691	0.085273504	0.0916281	0.08467079	3866.4	0.085161045	0.8058
ELN	0.086653195	0.08798036	0.08913676	0.081478976	0.081524715	3868.0	0.085354805	0.806
LINC00222	0.09353605	0.091487475	0.084129795	0.08266573	0.074663654	3869.4	0.085296534	0.8062
FAM3D	0.08169415	0.0924841	0.08085837	0.0871142	0.08514495	3869.6	0.08545915	0.8065
AC114964.2	0.09440534	0.08705105	0.08568058	0.079567716	0.080317415	3869.6	0.08540441	0.8065
CDADC1	0.08751057	0.09305104	0.07602113	0.081481	0.087589025	3872.2	0.08513056	0.8068
AC005865.2	0.080477074	0.087288044	0.09233964	0.07660514	0.086807884	3873.4	0.08470355	0.807
AC015631.1	0.09169021	0.07729915	0.09555658	0.07795495	0.07989384	3875.2	0.08447895	0.8072
M1AP	0.08377044	0.0946399	0.078505374	0.08341604	0.08643548	3875.6	0.08535345	0.8074
AC003005.2	0.09563844	0.08668553	0.08780502	0.07927502	0.075687155	3878.0	0.08501823	0.8076
AL357873.1	0.08831133	0.10107216	0.08243416	0.07451965	0.0814633	3879.8	0.08556013	0.8078
CD14	0.09246571	0.07800397	0.09400854	0.080641985	0.07744052	3883.0	0.08451215	0.8081
CNTNAP5	0.08943258	0.07666324	0.078319	0.088591404	0.0908965	3883.0	0.08478055	0.8081
ADGB	0.08856992	0.086476766	0.09018101	0.08026622	0.080282606	3883.2	0.0851553	0.8084
SLC2A13	0.09524651	0.0926124	0.080115594	0.08233144	0.07565745	3884.4	0.08519268	0.8087
AC006213.3	0.090964206	0.08889053	0.083689995	0.07066522	0.08972385	3884.4	0.08478676	0.8087
AC013472.2	0.08482529	0.09291426	0.08307375	0.0821324	0.083779186	3888.4	0.08534498	0.809
INPP5D	0.09257578	0.073751286	0.081417404	0.086769685	0.0876149	3889.0	0.08442581	0.8093
ABCG5	0.084902234	0.08953558	0.084903	0.069793925	0.09407822	3889.0	0.0846426	0.8093
AL391261.2	0.08696506	0.0753816	0.08997243	0.07997453	0.0887201	3892.8	0.084202744	0.8096
EFCAB11	0.08537885	0.090545	0.09883032	0.06853065	0.07749692	3893.2	0.08415635	0.8098
VWA3B	0.09902269	0.09597997	0.07528954	0.06924378	0.08295454	3893.4	0.08449811	0.81
SEC24B-AS1	0.08486185	0.086507715	0.094678774	0.07754749	0.0802833	3893.8	0.08477583	0.8102
AC116345.1	0.0820701	0.08531499	0.08030097	0.08150475	0.09494046	3895.2	0.084826246	0.8104
PHYHIPL	0.08396035	0.09115337	0.08740598	0.078547075	0.0839834	3895.8	0.08501004	0.8106
AC025180.1	0.092128225	0.0749779	0.10439935	0.06672389	0.078194655	3896.2	0.0832848	0.8108
AC093801.1	0.0897899	0.10009728	0.07667883	0.07920991	0.08032769	3896.8	0.08522072	0.811
AC106793.1	0.084334485	0.09008064	0.085589744	0.0767184	0.0877973	3897.0	0.08490411	0.8112
LNX1	0.09434602	0.092607744	0.0782013	0.076748826	0.08353241	3897.6	0.085087255	0.8114
FAM169A	0.08761581	0.08873134	0.0862773	0.08195406	0.08150877	3898.0	0.08521745	0.8116
CFAP100	0.08295139	0.089466915	0.07927844	0.0789971	0.09339962	3899.4	0.08481869	0.8118
CHRDL1	0.09406645	0.090460986	0.08724228	0.07738355	0.07422596	3900.4	0.08467584	0.812
TOP2A	0.09400827	0.08180592	0.08128773	0.080422975	0.0868696	3903.0	0.08487889	0.8122
EMP1	0.081128106	0.090219766	0.08785702	0.07354562	0.0891878	3903.2	0.08438766	0.8125
AC069120.1	0.08654163	0.08534328	0.08669693	0.08272259	0.08376147	3903.2	0.08501317	0.8125
LBH	0.09259904	0.08719183	0.08526814	0.08096237	0.07934478	3903.8	0.085073225	0.8128
AL353740.1	0.09390888	0.089306414	0.09123987	0.067096695	0.07934797	3904.4	0.08417996	0.813
AL357054.2	0.093811125	0.083322525	0.08215104	0.081387445	0.084290564	3905.4	0.08499254	0.8132
PALLD	0.088943265	0.08702483	0.09398085	0.06745374	0.083511055	3906.2	0.084182754	0.8134
BARD1	0.09390936	0.094425134	0.08091787	0.07412563	0.08159265	3907.2	0.08499413	0.8136
COL26A1	0.08782328	0.08913846	0.08014988	0.090149	0.07954321	3909.6	0.08536077	0.8138
SERINC5	0.083067104	0.088204496	0.091659375	0.07134283	0.08704939	3910.4	0.084264636	0.814
LINC01133	0.09682563	0.083390445	0.08776053	0.07558299	0.08002168	3910.6	0.08471625	0.8142
LINC02484	0.08625413	0.08701813	0.07998151	0.089213245	0.083422296	3915.8	0.08517786	0.8145
AL121578.3	0.08526471	0.09352006	0.09080631	0.075980656	0.07752907	3915.8	0.08462016	0.8145
NECAB1	0.08892127	0.08234495	0.08560365	0.072175294	0.09285009	3917.2	0.084379055	0.8148
IGFBP3	0.09112607	0.08452087	0.08679058	0.0829541	0.078933865	3918.4	0.0848651	0.815
AC092068.2	0.08055814	0.08232704	0.089932755	0.080651455	0.08759655	3918.6	0.08421318	0.8152
SPTLC3	0.08969475	0.08159855	0.09213974	0.08149096	0.07776407	3921.0	0.08453761	0.8154
PLCB4	0.08557136	0.08875007	0.08216779	0.0897787	0.07971597	3922.6	0.08519678	0.8156
MIR217HG	0.07951844	0.094098665	0.07396637	0.08628516	0.08689106	3923.6	0.08415194	0.8158
AP000919.3	0.07473994	0.08526883	0.091272205	0.08034694	0.085941456	3925.6	0.08351387	0.8161
TUBB8	0.09103934	0.08645896	0.08625499	0.081052564	0.079448655	3925.6	0.08485091	0.8161
LINC02185	0.0813153	0.09092831	0.09157988	0.067899354	0.08687696	3926.0	0.083719954	0.8164
SLC9B1	0.093299605	0.086655945	0.083989434	0.0838255	0.07638718	3927.2	0.084831536	0.8166
GFOD1	0.08801042	0.07854071	0.086960256	0.07938462	0.08868291	3927.4	0.08431579	0.8168
LINC01340	0.09452922	0.0791927	0.08625288	0.079450645	0.08302763	3928.0	0.08449061	0.817
AC024022.1	0.08450952	0.08738562	0.08135725	0.094210446	0.07870858	3928.2	0.085234284	0.8172
NKAPL	0.085605904	0.084827736	0.09585315	0.0664312	0.084979355	3928.4	0.08353947	0.8174
TRPM8	0.08867918	0.093888186	0.09060723	0.06797085	0.07975945	3928.6	0.08418097	0.8176
SCG5	0.07891014	0.086400226	0.090657406	0.07504628	0.08826371	3930.0	0.083855554	0.8178
PSG4	0.07495062	0.086713366	0.08500878	0.09212745	0.08213457	3930.2	0.08418696	0.8182
HEPACAM2	0.07850917	0.084534936	0.092529245	0.08241515	0.08239943	3930.2	0.08407758	0.8182
ATP2B3	0.08560727	0.084885545	0.08728198	0.08002872	0.08517339	3930.2	0.08459538	0.8182
SYTL5	0.08903779	0.089475736	0.08772793	0.07886092	0.078776404	3930.8	0.08477576	0.8187
AP002383.2	0.08123462	0.09729058	0.0859039	0.079476096	0.079526916	3930.8	0.08468642	0.8187
KIAA0408	0.0834923	0.08479102	0.089521736	0.07773495	0.086352505	3931.2	0.084378496	0.819
FGF2	0.08015487	0.09540859	0.091211975	0.07013685	0.08301207	3931.6	0.08398487	0.8192
ZNF536	0.083592266	0.08065162	0.088881746	0.07969917	0.08825133	3931.8	0.08421522	0.8194
SPIB	0.08755101	0.086737305	0.078017764	0.08124227	0.089466155	3933.6	0.0846029	0.8196
AL359232.1	0.09132359	0.093381196	0.09488154	0.06271954	0.06737837	3936.8	0.08193684	0.8198
LINC02009	0.08444677	0.093732804	0.08764883	0.07191516	0.08428442	3937.4	0.08440559	0.82
MTHFD2L	0.085962415	0.078642584	0.09860396	0.07177706	0.08343616	3938.8	0.08368444	0.8202
SLC9A7	0.08469249	0.080330566	0.09383325	0.0756989	0.08557162	3939.0	0.08402537	0.8204
PRTFDC1	0.09611883	0.09020652	0.08024313	0.07638482	0.080420494	3939.4	0.08467476	0.8206
PCDHB15	0.08030137	0.08819423	0.0885137	0.079435885	0.084765926	3941.8	0.084242225	0.8208
AC131944.1	0.0828611	0.08694633	0.08422124	0.091752365	0.07882101	3942.6	0.08492041	0.821
DENND5B-AS1	0.08959447	0.08503097	0.08585427	0.07752411	0.084697254	3943.0	0.08454021	0.8212
LRRIQ1	0.08173161	0.08490069	0.087362096	0.08351846	0.08433324	3945.8	0.08436922	0.8214
AC092053.3	0.08471775	0.08398567	0.089230254	0.085529834	0.07905407	3946.6	0.08450352	0.8216
AC107032.2	0.09053125	0.08483736	0.085756786	0.07901203	0.08261936	3949.8	0.08455136	0.8218
GEM	0.081481844	0.09692644	0.083329484	0.08240615	0.0790597	3950.4	0.08464073	0.822
GREB1L	0.0913183	0.0876052	0.08711471	0.07242321	0.0829737	3950.6	0.084287025	0.8222
AC107021.2	0.09721048	0.087276325	0.08878501	0.067856215	0.07820798	3950.8	0.0838672	0.8224
GAS1RR	0.09329115	0.086356185	0.08462746	0.07714088	0.08138232	3952.0	0.0845596	0.8227
QRFPR	0.0954378	0.09011042	0.08097271	0.076139614	0.08012731	3952.0	0.08455757	0.8227
LINC02694	0.08210512	0.09658545	0.08888148	0.064475186	0.08438897	3954.6	0.08328724	0.823
NIFK-AS1	0.08341476	0.0854198	0.08918581	0.073897734	0.08780989	3954.8	0.0839456	0.8232
CYP2C8	0.084421	0.08560968	0.08712699	0.08517362	0.08034817	3956.6	0.08453589	0.8235
LINC01503	0.09018022	0.07926941	0.08244661	0.085760266	0.08436671	3956.6	0.08440464	0.8235
LRP3	0.08491045	0.08502494	0.081577025	0.090742014	0.08135648	3958.0	0.08472218	0.8239
LINC01640	0.08941897	0.095311746	0.07830466	0.07357552	0.08519727	3958.0	0.08436163	0.8239
LINC01341	0.09268226	0.087996416	0.08575248	0.06250792	0.08631765	3958.2	0.083051346	0.8242
NEURL3	0.091921136	0.08219709	0.08990174	0.077384606	0.07930012	3960.0	0.084140934	0.8244
HMGCLL1	0.088277504	0.0868218	0.086627506	0.078281105	0.08251236	3960.2	0.08450405	0.8246
AC073346.1	0.085840605	0.09713092	0.08388513	0.065272525	0.08608523	3961.2	0.083642885	0.8249
STX18-AS1	0.093479045	0.09380966	0.07919765	0.07192529	0.083019294	3961.2	0.08428618	0.8249
AC098828.2	0.098638795	0.08021401	0.08497798	0.07584806	0.08134522	3961.4	0.08420481	0.8253
GMDS	0.07996453	0.082362056	0.088764034	0.080280975	0.0874833	3961.4	0.083770975	0.8253
AP1S3	0.08191332	0.08364314	0.087151684	0.08606337	0.0828364	3961.6	0.08432158	0.8256
AC006296.3	0.07307428	0.08977173	0.08892635	0.07602055	0.08690246	3963.6	0.08293908	0.8258
MAP3K19	0.08944801	0.084404945	0.092975006	0.06828114	0.08301777	3963.8	0.08362537	0.826
LEFTY1	0.08725072	0.07118281	0.09007864	0.08647718	0.08131565	3969.0	0.083261	0.8262
LPAR5	0.09228135	0.08523688	0.08420896	0.0874178	0.069703884	3969.6	0.083769776	0.8264
AC092969.1	0.09205103	0.08268539	0.08252588	0.07460871	0.08801279	3969.8	0.08397676	0.8266
AF064858.1	0.09520545	0.083232686	0.0889833	0.07097591	0.080475874	3971.8	0.08377464	0.8268
FLVCR2	0.09065477	0.09005888	0.08056071	0.0782269	0.08252497	3973.0	0.08440524	0.8271
TSHZ3	0.08212528	0.086948015	0.08055398	0.0735509	0.09644213	3973.0	0.08392406	0.8271
NWD1	0.09022958	0.078112565	0.087170966	0.0711251	0.090511076	3973.6	0.08342986	0.8274
TENT5A	0.09155677	0.08943556	0.086319715	0.07908312	0.07333457	3974.2	0.083945945	0.8276
AC073475.1	0.08421793	0.086402126	0.085047334	0.081843495	0.08416348	3974.4	0.08433487	0.8278
CCL2	0.081019476	0.087728955	0.09372077	0.07810429	0.078614645	3974.6	0.08383763	0.828
MAN1C1	0.08978295	0.0933296	0.08135691	0.07834564	0.07944422	3976.4	0.08445187	0.8282
LINC00877	0.08639358	0.08193461	0.08216984	0.08823774	0.08339287	3976.6	0.084425725	0.8284
Z84484.1	0.0883005	0.08298731	0.085035205	0.08300942	0.08229513	3977.0	0.08432551	0.8286
LINC01801	0.09462719	0.074547455	0.08652177	0.075934455	0.085253686	3977.4	0.083376914	0.8288
C3orf14	0.08535466	0.074186355	0.09498944	0.080167376	0.0812333	3978.0	0.083186224	0.829
DIO2	0.098210126	0.08189332	0.08279677	0.06553484	0.087507464	3978.6	0.083188504	0.8292
ITGA5	0.083156064	0.08442988	0.084490895	0.08913461	0.08085857	3978.8	0.084414005	0.8294
WIPF3	0.08473236	0.090311475	0.08835581	0.07241406	0.08369126	3980.6	0.083901	0.8296
GAS2L3	0.09330092	0.0789386	0.09079251	0.07515922	0.080101885	3981.0	0.08365862	0.8298
AC010974.1	0.08966386	0.093771026	0.085548535	0.07584677	0.075760685	3982.0	0.08411817	0.83
LINC02086	0.089041814	0.08997863	0.08754189	0.07234319	0.08094181	3985.8	0.083969474	0.8302
AC017037.5	0.0903873	0.08490858	0.08805332	0.06285521	0.08720662	3986.6	0.08268221	0.8304
TNFRSF10C	0.090951726	0.09156461	0.09021775	0.065687664	0.07686656	3987.0	0.08305766	0.8306
LINC01301	0.08103103	0.08268217	0.09774179	0.07517398	0.08031301	3987.2	0.0833884	0.8308
AGPAT4	0.086973175	0.084854096	0.08525244	0.07063862	0.090325385	3987.6	0.08360875	0.831
AC004485.1	0.084280804	0.09338032	0.08489894	0.079103686	0.07975693	3989.0	0.08428414	0.8312
HHIP	0.098341845	0.09704632	0.075504184	0.06818953	0.077952795	3989.4	0.08340694	0.8314
ASTN2-AS1	0.083858065	0.07729417	0.08481958	0.084968664	0.08748391	3989.6	0.08368488	0.8316
S100A14	0.08821634	0.08847655	0.080482416	0.06576092	0.09314188	3990.0	0.083215624	0.8319
NIBAN3	0.09279617	0.084949575	0.077526554	0.08563016	0.0800677	3990.0	0.08419403	0.8319
NOS1AP	0.088663444	0.08635842	0.092105456	0.0702128	0.08069381	3990.6	0.08360679	0.8322
SPON1	0.08791237	0.09198192	0.08029857	0.077291384	0.0836166	3991.6	0.08422017	0.8325
CFAP52	0.085201174	0.087257795	0.09396849	0.06294642	0.08360006	3991.6	0.08259479	0.8325
OR2A1-AS1	0.0835615	0.08175787	0.08784688	0.078152806	0.08728618	3991.8	0.08372105	0.8328
ZC2HC1B	0.08480896	0.078305446	0.084738635	0.07428236	0.09531661	3992.4	0.0834904	0.833
FRMPD4	0.08666803	0.07795896	0.08584408	0.09513011	0.073048204	3993.0	0.08372988	0.8332
PEG13	0.081535116	0.079615794	0.091048	0.0843006	0.08146352	3993.2	0.08359261	0.8334
MUC15	0.079108395	0.09511881	0.09046453	0.07419322	0.07834457	3996.2	0.08344591	0.8336
AP001053.1	0.09310704	0.07393721	0.08993878	0.07036364	0.0859783	3996.8	0.082665	0.8338
IL1RAP	0.08940312	0.07559727	0.08646545	0.08543653	0.081378385	3997.6	0.083656155	0.834
LIX1-AS1	0.09994728	0.07705208	0.078986496	0.08319889	0.07972053	3997.8	0.083781056	0.8342
AL583829.1	0.08706292	0.087418705	0.075272776	0.081265695	0.08749736	3998.8	0.08370349	0.8344
ST5	0.08144453	0.090216786	0.080310605	0.075267725	0.09109057	4000.0	0.08366604	0.8346
SOX5	0.08944489	0.0796167	0.084847495	0.08608751	0.080267064	4000.6	0.08405274	0.8349
FMNL1	0.09839896	0.08112037	0.08260143	0.079190485	0.07856903	4000.6	0.08397605	0.8349
C11orf65	0.08428859	0.08370943	0.08892393	0.07669063	0.08480924	4001.6	0.08368436	0.8352
SLC45A2	0.07417107	0.08905622	0.095811985	0.059056938	0.08515358	4002.0	0.08064996	0.8354
LINC02406	0.08898546	0.08443849	0.08860004	0.07849686	0.07921019	4002.4	0.08394621	0.8358
PTCHD1	0.076107934	0.07972215	0.087356	0.07183841	0.09826847	4002.4	0.0826586	0.8358
NETO1	0.08804667	0.083837315	0.08322788	0.082629606	0.08296889	4002.4	0.084142074	0.8358
USP2-AS1	0.090717174	0.08119426	0.091336995	0.071698435	0.08209021	4003.8	0.08340742	0.8362
GADL1	0.10253162	0.0806883	0.08384036	0.07783094	0.07300597	4005.2	0.083579436	0.8364
SHISA2	0.09658672	0.089735106	0.07936989	0.06958156	0.082730085	4005.6	0.08360067	0.8366
IGFBP7-AS1	0.082294576	0.08194428	0.081413835	0.092933804	0.081942305	4006.0	0.08410577	0.8368
ITGAX	0.08893507	0.08082079	0.08883663	0.077567786	0.08256283	4007.2	0.08374462	0.837
CNGA4	0.08215406	0.07483649	0.08228419	0.08498284	0.09145215	4007.6	0.083141945	0.8372
AL139042.1	0.07884801	0.084684044	0.078550905	0.08869809	0.087044924	4008.0	0.08356519	0.8374
GNG4	0.08599969	0.09414264	0.082532726	0.07051557	0.08523769	4008.6	0.08368566	0.8376
AL158198.1	0.07574173	0.08783724	0.09121162	0.07835115	0.081545115	4009.6	0.082937375	0.8378
LINC02785	0.08110822	0.09051676	0.077250294	0.08100239	0.08776292	4009.8	0.08352812	0.838
ANKRD7	0.09487768	0.08063293	0.0738736	0.082764	0.084312335	4010.6	0.08329211	0.8382
COL24A1	0.09346404	0.07758121	0.08460561	0.06536122	0.09119243	4012.2	0.0824409	0.8384
EFR3B	0.08830062	0.0875681	0.08551891	0.07854683	0.08020451	4012.4	0.0840278	0.8386
AC007448.5	0.0874157	0.08194721	0.07936432	0.09317675	0.07915532	4013.2	0.08421186	0.8388
ISM1	0.0852885	0.07761041	0.08744713	0.07992445	0.08639853	4013.8	0.083333805	0.839
GACAT2	0.08795727	0.0827644	0.086994156	0.07884606	0.08242736	4015.0	0.08379785	0.8392
SFRP2	0.081924826	0.08612776	0.08306182	0.08393093	0.08419415	4015.4	0.083847895	0.8394
COLGALT2	0.09846421	0.08393178	0.086340465	0.07402701	0.07405233	4015.6	0.08336316	0.8396
CASC2	0.08556782	0.0771416	0.090886764	0.08154835	0.081038885	4019.4	0.08323668	0.8398
ATRNL1	0.09532768	0.08147165	0.07252663	0.08915973	0.07737385	4020.8	0.083171904	0.84
FRMD6	0.09248254	0.07209322	0.07515761	0.08945091	0.08401249	4021.2	0.08263936	0.8402
AL049828.2	0.08812853	0.089365296	0.089257665	0.07408956	0.07683565	4024.2	0.083535336	0.8404
PAMR1	0.074669085	0.07265225	0.08824011	0.0818245	0.09084826	4024.4	0.081646845	0.8406
CPD	0.08729046	0.091439515	0.0781152	0.076928385	0.084747575	4029.4	0.083704226	0.8408
AL138787.2	0.085162625	0.08261801	0.08056497	0.07550597	0.092884816	4031.2	0.083347276	0.841
ANKRD34B	0.086218044	0.08205669	0.088427074	0.07890278	0.08198189	4031.6	0.0835173	0.8413
LINC00491	0.084628366	0.065150544	0.083575144	0.08087339	0.09304154	4031.6	0.08145379	0.8413
SMAD1-AS2	0.10670968	0.09023321	0.07573726	0.06991087	0.06995825	4032.8	0.08250986	0.8416
PRAG1	0.09457013	0.078907914	0.087623484	0.0806615	0.07282767	4034.2	0.08291814	0.8419
ALX4	0.08796673	0.07635047	0.08493717	0.09566765	0.068985045	4034.2	0.08278142	0.8419
GRIN3B	0.097134545	0.08430777	0.078960724	0.0808086	0.07668211	4035.0	0.08357875	0.8422
FER1L6-AS2	0.08915942	0.09006345	0.08110711	0.07901579	0.07993532	4035.2	0.08385622	0.8424
LINC01844	0.092416525	0.07892986	0.08912444	0.07955011	0.07508409	4036.4	0.083021	0.8427
FTCDNL1	0.09808788	0.08676006	0.081540644	0.068029515	0.08150635	4036.4	0.08318489	0.8427
AC126121.3	0.08285512	0.07303858	0.09051509	0.07542429	0.089055024	4036.6	0.082177624	0.8432
TM4SF1	0.086831085	0.087766305	0.08910181	0.062174853	0.08478883	4036.6	0.08213257	0.8432
AC003666.1	0.093884714	0.07981599	0.080130726	0.08157176	0.08229605	4036.6	0.08353985	0.8432
CRTAC1	0.09574036	0.07999493	0.08718669	0.072114386	0.08077256	4037.4	0.083161786	0.8436
NPC1	0.083683215	0.08895926	0.07794317	0.08628963	0.082087345	4037.8	0.08379252	0.8438
AL133259.1	0.08703441	0.076026976	0.08348233	0.08985894	0.08059279	4038.0	0.08339909	0.844
OR2F1	0.09206624	0.07840571	0.081356555	0.08821601	0.07730252	4038.6	0.083469406	0.8443
AC114763.1	0.08966519	0.09141284	0.08627723	0.07062337	0.07897315	4038.6	0.083390355	0.8443
TMEM51-AS1	0.090371445	0.08100566	0.0793473	0.08741713	0.08085322	4039.0	0.08379895	0.8446
KIF23	0.09282603	0.08902934	0.07375114	0.08678349	0.071230106	4040.8	0.08272403	0.8448
WDR78	0.09200516	0.08192863	0.08990068	0.07188856	0.07972696	4041.2	0.08309	0.845
HS3ST2	0.087572224	0.07893891	0.085850924	0.08716361	0.07826051	4041.4	0.08355724	0.8452
AC091563.1	0.08510077	0.08555096	0.08423718	0.078338295	0.08463915	4042.0	0.08357327	0.8454
ANO3	0.08235936	0.08315978	0.08107155	0.093763806	0.07878339	4042.4	0.08382758	0.8456
MAMDC2-AS1	0.092177846	0.08820637	0.07804484	0.083474	0.07533806	4046.0	0.083448224	0.8458
AXL	0.08396601	0.078564346	0.09845583	0.0732612	0.078732856	4046.4	0.08259605	0.846
CPA3	0.08810097	0.087749995	0.0741635	0.08603013	0.080821745	4047.4	0.08337326	0.8462
PNPLA1	0.0854013	0.086547986	0.08124849	0.084026106	0.081346355	4047.8	0.08371405	0.8464
AC005064.1	0.08318741	0.09205313	0.08150049	0.06397475	0.09059049	4048.8	0.08226125	0.8466
AL035446.2	0.092512846	0.0826122	0.08351774	0.075244516	0.08299438	4050.0	0.08337633	0.8468
AC009313.1	0.08102384	0.0850209	0.10120308	0.06535421	0.07659844	4050.6	0.08184009	0.847
AC091096.1	0.08081737	0.0835878	0.084979676	0.07668012	0.08900059	4051.0	0.08301311	0.8472
AC117834.1	0.095613554	0.08040265	0.07520996	0.084462725	0.079972	4052.4	0.083132185	0.8474
C10orf55	0.094508395	0.08878237	0.08789129	0.0696503	0.0706582	4055.0	0.082298115	0.8476
WASF3-AS1	0.08493949	0.08712154	0.08770929	0.07901479	0.07821955	4055.8	0.08340093	0.8478
RSAD2	0.09249735	0.08722428	0.07519463	0.07666015	0.08381402	4058.2	0.08307809	0.848
LEMD1	0.07631569	0.09554595	0.09094962	0.06368758	0.08081067	4059.0	0.08146191	0.8482
AC011511.2	0.08294654	0.08876237	0.09074278	0.07668662	0.07562727	4060.2	0.08295312	0.8485
HIVEP3	0.08411987	0.086332045	0.090875715	0.06743264	0.08389087	4060.2	0.08253022	0.8485
EIF1B-AS1	0.08883861	0.08233555	0.08496471	0.08640988	0.07360114	4060.4	0.083229974	0.8488
HS3ST3A1	0.08885658	0.08235517	0.08214216	0.07357544	0.08855138	4060.8	0.08309614	0.849
ZRANB2-AS2	0.08046179	0.088556476	0.09022679	0.07000503	0.08352807	4064.0	0.08255564	0.8492
CORO2B	0.09361926	0.09136547	0.07827368	0.074374065	0.078790426	4064.2	0.08328458	0.8494
MOV10L1	0.088969365	0.08047956	0.08305101	0.0813001	0.08302054	4065.6	0.083364114	0.8496
MIR924HG	0.09983074	0.082131505	0.08327024	0.074393116	0.0758253	4066.0	0.083090186	0.8498
AC093307.1	0.09811298	0.08026195	0.07927307	0.07322249	0.08399493	4066.4	0.08297308	0.85
AIM2	0.08523617	0.07817147	0.08512824	0.07515142	0.08980962	4068.4	0.08269938	0.8502
SLC16A14	0.085335135	0.07943149	0.09831941	0.055549435	0.08192817	4069.2	0.080112725	0.8504
AC079209.2	0.089511186	0.09646585	0.077787064	0.08006343	0.06868264	4070.0	0.08250204	0.8506
AL158064.1	0.09756908	0.08320143	0.0887303	0.062364858	0.076442406	4070.6	0.08166162	0.8508
AC233976.1	0.08291473	0.094206885	0.07867664	0.08382808	0.0766139	4073.6	0.08324804	0.851
BLM	0.085976556	0.07513461	0.086773574	0.07821037	0.08642408	4074.2	0.08250384	0.8512
AC005740.5	0.08482838	0.091749445	0.087154604	0.07221486	0.07932497	4074.4	0.083054446	0.8514
AC109361.1	0.09344199	0.087632686	0.07820297	0.07289911	0.08315758	4075.8	0.083066866	0.8516
PWWP3B	0.08212027	0.0815602	0.08634047	0.06898958	0.09255153	4076.4	0.082312405	0.8519
ATP1A2	0.099097826	0.08206425	0.085012615	0.068148874	0.078839436	4076.4	0.0826326	0.8519
AC090518.1	0.09382105	0.08362222	0.078641094	0.08753773	0.06746087	4077.4	0.08221659	0.8522
AP005203.1	0.07367908	0.09131088	0.09243988	0.06855912	0.08125852	4077.8	0.081449494	0.8524
SLC35F4	0.08814849	0.08518092	0.08133514	0.07291159	0.08726255	4078.0	0.082967736	0.8527
LINC01010	0.07723996	0.09062614	0.08411737	0.08020225	0.08165003	4078.0	0.08276715	0.8527
CCDC60	0.08082797	0.081963755	0.08289342	0.08296256	0.086044244	4078.2	0.08293839	0.853
C7orf57	0.086038955	0.079219446	0.08016638	0.089791514	0.081016764	4079.6	0.08324661	0.8532
LINC01821	0.096702255	0.07863622	0.08472227	0.07923041	0.07366716	4080.2	0.08259167	0.8534
C2CD6	0.09211022	0.08024852	0.07722972	0.076267816	0.08751255	4080.4	0.082673766	0.8536
CDKL3	0.09645308	0.08541353	0.08588099	0.07098518	0.0736934	4080.8	0.082485236	0.8538
AC009097.2	0.08409765	0.08594737	0.09277482	0.07582094	0.07393509	4085.2	0.082515165	0.854
LINC00607	0.085903816	0.08426212	0.08533473	0.073790394	0.085150056	4086.0	0.08288823	0.8542
CXCL6	0.091319524	0.072939314	0.0902945	0.07535232	0.07988167	4086.8	0.08195747	0.8544
CHRNB4	0.08685618	0.08619827	0.08661406	0.07915548	0.07634928	4088.0	0.08303466	0.8546
LINC01794	0.08501536	0.07891678	0.090441115	0.08312999	0.07473364	4088.2	0.08244738	0.8548
GNG12-AS1	0.08750824	0.08428404	0.077667326	0.08600663	0.08068265	4088.8	0.083229765	0.8551
LINC02752	0.09427117	0.07839354	0.08300293	0.07076733	0.08568861	4088.8	0.082424715	0.8551
AC096719.1	0.09408558	0.07691634	0.08942017	0.07323659	0.07753276	4089.2	0.08223829	0.8554
LINC02328	0.08002942	0.07135574	0.08801805	0.09026917	0.07964493	4092.6	0.08186346	0.8556
PAPSS2	0.09109956	0.08200022	0.08399328	0.069933675	0.08575022	4093.6	0.0825554	0.8558
AC092153.1	0.085614234	0.08759692	0.078351274	0.091435775	0.07026861	4094.6	0.08265336	0.8561
STX17-AS1	0.08814489	0.08315455	0.08668268	0.07760687	0.07954744	4094.6	0.08302729	0.8561
ACAT2	0.0845378	0.08955626	0.082164325	0.0825771	0.07663886	4096.8	0.08309487	0.8564
ZNF385D-AS2	0.09405903	0.082669206	0.08167794	0.07592608	0.080271654	4097.0	0.082920775	0.8566
PMP22	0.08561739	0.07411422	0.0835619	0.083365306	0.08516244	4098.2	0.082364246	0.8568
SLC34A2	0.09300147	0.09105506	0.07849497	0.07887261	0.07013858	4098.4	0.08231254	0.857
HIF3A	0.08442009	0.08363127	0.086692	0.085905366	0.07193015	4100.2	0.082515776	0.8572
LINC01684	0.07915649	0.090152286	0.088104315	0.07021697	0.08325892	4100.8	0.082177795	0.8574
LINC01091	0.08240705	0.09379229	0.08394936	0.07616946	0.07869067	4101.0	0.08300177	0.8576
NPHP3-AS1	0.082819745	0.08258769	0.08501733	0.06904934	0.0912925	4101.2	0.08215332	0.8578
BX284613.2	0.09003898	0.082310855	0.081683956	0.07971496	0.08119369	4101.8	0.082988486	0.858
TNMD	0.08824399	0.077572234	0.08270572	0.073735856	0.08957686	4102.4	0.08236693	0.8583
AP002989.1	0.091111116	0.09433478	0.07431856	0.070687965	0.08111792	4102.4	0.082314074	0.8583
AC000065.1	0.08148451	0.089756414	0.08722107	0.06872705	0.084062256	4103.8	0.08225026	0.8586
LNP1	0.086121865	0.0875706	0.08423341	0.08216458	0.07412849	4104.0	0.082843795	0.8588
GFPT2	0.08990175	0.08886938	0.08346393	0.07645271	0.07574407	4105.4	0.08288637	0.859
UGT1A8	0.10370546	0.06890641	0.08343373	0.063965105	0.08307287	4106.6	0.08061671	0.8592
AL512380.2	0.086188324	0.07586417	0.0886089	0.07712727	0.08338431	4107.0	0.0822346	0.8594
AC090945.1	0.082414284	0.079048775	0.093870066	0.0720621	0.08271718	4107.2	0.08202248	0.8596
SHISA6	0.076176584	0.079562604	0.089364484	0.0740291	0.08822055	4109.2	0.08147067	0.8598
DRD3	0.08606125	0.07711039	0.08847874	0.07620531	0.08365024	4111.4	0.082301185	0.86
LONRF2	0.08149274	0.08116532	0.0906431	0.07082572	0.08560345	4113.4	0.08194607	0.8602
WNT5B	0.08353563	0.09008707	0.08678858	0.06821871	0.0826716	4115.0	0.08226031	0.8604
AP001363.1	0.09056449	0.094800316	0.07693702	0.06672359	0.081764504	4115.6	0.082157984	0.8606
JPH1	0.08748563	0.08622331	0.08823273	0.07620982	0.07401583	4117.2	0.08243346	0.8608
MID1	0.081295	0.081839584	0.09142771	0.07300416	0.082829244	4119.0	0.082079135	0.861
GRM7	0.08995523	0.07450005	0.09030707	0.077271596	0.077108204	4119.2	0.08182843	0.8613
LDHA	0.08280693	0.081080526	0.08251609	0.08189098	0.08496695	4119.2	0.08265229	0.8613
DDB2	0.085863836	0.08878898	0.0829002	0.07630484	0.080460586	4120.4	0.08286368	0.8617
RASSF5	0.09184615	0.08098649	0.08546743	0.07542395	0.07935376	4120.4	0.082615554	0.8617
AC048352.1	0.08970116	0.08237261	0.08277999	0.07076458	0.0861493	4121.0	0.08235353	0.862
XDH	0.09275576	0.0713633	0.08910599	0.078120016	0.07518293	4123.6	0.0813056	0.8622
VLDLR-AS1	0.08182349	0.07746831	0.09413109	0.0799553	0.075336754	4124.6	0.08174299	0.8624
C6orf201	0.10417073	0.07005789	0.08184838	0.0704122	0.080153085	4125.0	0.08132846	0.8626
LINC02762	0.083732426	0.07401452	0.08795388	0.081108294	0.082648516	4125.4	0.08189152	0.8628
SEMA3F-AS1	0.09018033	0.09116572	0.07461937	0.07488539	0.08083447	4127.0	0.08233706	0.863
AC104248.1	0.07306939	0.07442467	0.09186328	0.075574115	0.08694335	4130.0	0.08037496	0.8632
LINC02119	0.08823769	0.08211422	0.0883618	0.076873355	0.0763834	4131.6	0.0823941	0.8634
ZEB1	0.08800594	0.07594235	0.08575606	0.07532915	0.08506053	4132.6	0.08201881	0.8637
AL158011.1	0.08997887	0.08790562	0.077189535	0.079212606	0.07907623	4132.6	0.08267257	0.8637
AC020718.1	0.090428635	0.07708131	0.08023669	0.07992736	0.08388694	4132.8	0.08231219	0.864
CENPI	0.08010112	0.07522788	0.07827988	0.08298901	0.09148567	4133.0	0.081616715	0.8642
ANKRD1	0.09158582	0.07582976	0.08131957	0.07373722	0.086875334	4134.4	0.08186954	0.8644
KRT80	0.08490532	0.09153827	0.084524065	0.06919907	0.081179135	4137.0	0.08226918	0.8646
ZNF341-AS1	0.08255314	0.08840689	0.07907985	0.08963034	0.07087427	4137.2	0.0821089	0.8648
ALDH1A1	0.083062984	0.08506009	0.0844269	0.078590155	0.08159784	4138.2	0.08254759	0.865
AL133415.1	0.070662	0.07346047	0.09190313	0.07550984	0.0871641	4138.6	0.07973991	0.8652
AC021851.2	0.100131325	0.06892765	0.0734083	0.077946596	0.08279185	4139.2	0.08064115	0.8654
MAP2	0.087735154	0.08274579	0.08773005	0.07284261	0.08021884	4139.4	0.08225449	0.8656
OCA2	0.09030445	0.079434775	0.08616554	0.064657174	0.08593374	4140.4	0.08129914	0.8658
AC011389.1	0.080683105	0.081399694	0.085294835	0.091453455	0.07001612	4140.8	0.081769444	0.866
RDH10-AS1	0.07999904	0.08045282	0.09202199	0.07043477	0.08444621	4141.4	0.08147097	0.8662
AL352984.1	0.09137565	0.07282584	0.08276397	0.079681695	0.08188509	4142.0	0.08170645	0.8664
AC011346.1	0.09396654	0.080525726	0.07644981	0.07785608	0.082189426	4142.2	0.082197525	0.8666
CD22	0.08924595	0.076840825	0.092332505	0.07550606	0.07323637	4144.8	0.08143234	0.8668
AC125618.1	0.086027324	0.09169521	0.08019412	0.0723269	0.081816494	4145.0	0.08241201	0.867
AC093817.2	0.08588707	0.07961017	0.08466393	0.076569214	0.08458495	4147.2	0.08226307	0.8672
AC116345.3	0.09009782	0.08980784	0.08249525	0.073286265	0.0757595	4148.4	0.08228933	0.8674
CENPN	0.090316206	0.07357853	0.083149515	0.0788267	0.083153814	4149.0	0.08180495	0.8676
NEFM	0.09269636	0.08344829	0.08048493	0.07281614	0.08153873	4153.0	0.08219689	0.8678
GNA14-AS1	0.0860242	0.0751656	0.082109205	0.089883	0.07690665	4154.6	0.082017735	0.868
C21orf58	0.08643531	0.081695884	0.08347602	0.074138656	0.0852362	4155.2	0.082196414	0.8682
LRRC63	0.09770449	0.07561779	0.079992644	0.068473965	0.084790766	4156.0	0.081315935	0.8684
ERICH2	0.10581627	0.060526416	0.06772461	0.07983113	0.07600813	4156.6	0.07798131	0.8686
LZTS1	0.09583304	0.082548395	0.08000381	0.07423234	0.07846885	4158.0	0.08221729	0.8688
HESX1	0.07469181	0.0896309	0.08219917	0.06908664	0.08901179	4158.6	0.08092406	0.869
DLEU7	0.08946143	0.08850703	0.08317298	0.075431705	0.07445224	4160.0	0.08220507	0.8693
AC093898.1	0.07934777	0.08104093	0.08610252	0.07708582	0.085318	4160.0	0.08177901	0.8693
AL353072.2	0.08710786	0.08970579	0.07300687	0.07370383	0.08460658	4161.6	0.08162619	0.8696
ATAD2	0.08680325	0.084037	0.08604392	0.071375825	0.08195241	4162.4	0.08204248	0.8698
KCNQ4	0.07357156	0.0844948	0.08873315	0.08080716	0.07797253	4162.6	0.08111584	0.87
CFAP157	0.08654504	0.08434118	0.08047926	0.07824392	0.08233258	4163.4	0.08238839	0.8702
AC019130.1	0.0816924	0.08763439	0.06718827	0.09475971	0.07043982	4163.6	0.08034291	0.8704
AL157392.2	0.083448835	0.07789254	0.093352556	0.06998604	0.081758685	4163.8	0.08128773	0.8706
TRIM63	0.094818644	0.07644268	0.08101784	0.08116216	0.07526643	4164.4	0.08174155	0.8708
GRIK1	0.0965647	0.0721928	0.08415041	0.06996126	0.08228486	4164.8	0.0810308	0.8711
AC104123.1	0.09072147	0.07976525	0.08410481	0.080285944	0.07548277	4164.8	0.08207204	0.8711
LINC01170	0.0903328	0.09077707	0.081842765	0.06706225	0.079048984	4165.2	0.08181278	0.8714
AL133346.1	0.08929643	0.083830774	0.082885906	0.07683132	0.078969866	4165.6	0.08236285	0.8718
ICA1L	0.08575882	0.077185296	0.08108453	0.07768202	0.08735339	4165.6	0.081812814	0.8718
LINC00276	0.09492567	0.07463327	0.0745522	0.07801851	0.08387407	4165.6	0.08120075	0.8718
AL589693.1	0.09040227	0.080907	0.08444964	0.07345707	0.08133733	4166.0	0.08211066	0.8722
AL359551.1	0.09097285	0.074134484	0.07637597	0.076304145	0.0879679	4167.4	0.08115107	0.8724
AL132857.1	0.09530648	0.06899395	0.07337676	0.08751033	0.07689346	4169.4	0.08041619	0.8726
STX11	0.08382565	0.0785052	0.09050004	0.07761283	0.077828996	4169.6	0.08165455	0.8728
ADRB2	0.088712804	0.078000404	0.07998808	0.07374943	0.08812504	4170.2	0.08171515	0.873
ESR1	0.090602346	0.0803092	0.07715587	0.077684514	0.084062785	4171.0	0.08196294	0.8732
AC016925.3	0.07360854	0.08230422	0.08985739	0.06900204	0.08692576	4171.4	0.08033959	0.8734
AC004917.1	0.08309443	0.083318375	0.08491424	0.07186643	0.08581508	4172.0	0.081801705	0.8736
AC006460.2	0.0873122	0.08076706	0.07726032	0.08815333	0.07756635	4172.2	0.08221185	0.8738
LINC01950	0.08827404	0.08775071	0.07200228	0.0807769	0.079530954	4172.4	0.081666976	0.874
RAB7B	0.08976498	0.07847472	0.08624909	0.07428454	0.08047886	4173.4	0.08185043	0.8742
KTN1-AS1	0.08624888	0.08096979	0.07531687	0.08029964	0.08594631	4173.8	0.081756294	0.8745
AC083805.2	0.08947353	0.08274225	0.07746288	0.086583674	0.0735422	4173.8	0.08196091	0.8745
AL596214.1	0.083560094	0.07707844	0.08852413	0.07435806	0.08399867	4175.0	0.08150388	0.8748
CCNH	0.080680594	0.079172924	0.09166126	0.061409626	0.086564906	4176.4	0.079897866	0.875
AC006452.1	0.08465717	0.09528217	0.07698358	0.07574728	0.077927805	4176.6	0.0821196	0.8752
FO393415.3	0.093468666	0.07857604	0.08111666	0.08069388	0.07501243	4177.2	0.081773534	0.8754
CDKN2B	0.091300935	0.0803685	0.07840085	0.08242761	0.077558406	4179.4	0.08201126	0.8756
AC093865.1	0.09823103	0.082706615	0.079714656	0.07665533	0.06767486	4180.0	0.0809965	0.8758
MN1	0.086068325	0.0771319	0.09281542	0.07154291	0.07858406	4181.4	0.08122853	0.876
LINC01376	0.084019534	0.09206978	0.08291405	0.07729805	0.072156124	4183.0	0.08169151	0.8763
AC022031.2	0.08491177	0.09068094	0.08006076	0.07644794	0.078825	4183.0	0.08218528	0.8763
AC073529.1	0.08624452	0.07748388	0.08717044	0.07977067	0.077688195	4183.2	0.08167154	0.8766
INSYN2B	0.09246025	0.077368796	0.07819429	0.08335475	0.07721339	4184.2	0.08171829	0.8768
AC012435.3	0.08183945	0.071996585	0.09021275	0.079357706	0.08057177	4184.4	0.08079565	0.877
AC002072.1	0.084628955	0.07878346	0.086157225	0.08112756	0.07852922	4185.8	0.08184528	0.8772
MUC19	0.08451128	0.07974349	0.0802779	0.08091862	0.084220454	4186.2	0.08193435	0.8774
XG	0.082985125	0.075465776	0.09122272	0.080879904	0.074062414	4187.4	0.080923185	0.8776
TSPAN12	0.09218543	0.0827101	0.079007454	0.07603274	0.07980955	4187.8	0.081949055	0.8778
AL050403.2	0.082656905	0.08983154	0.08514134	0.07524094	0.076311536	4188.8	0.08183645	0.878
CPS1	0.08057691	0.08159909	0.08469225	0.0829885	0.079550125	4189.0	0.081881374	0.8783
AC021351.1	0.082738996	0.07940859	0.09279172	0.061747864	0.08364163	4189.0	0.080065764	0.8783
AC008825.1	0.08909016	0.0761991	0.08943832	0.0685538	0.081508495	4190.2	0.08095797	0.8786
LIX1	0.08959493	0.07637123	0.07751629	0.091645494	0.07058152	4191.6	0.0811419	0.8788
LINC01619	0.08127284	0.08420854	0.083143815	0.07307715	0.08628923	4192.0	0.08159832	0.879
SYT10	0.08789673	0.08534063	0.089393474	0.0704949	0.07253464	4193.0	0.08113207	0.8792
TMEM196	0.088357314	0.09687702	0.07095216	0.0762959	0.069926195	4193.8	0.08048172	0.8794
NKD1	0.08913564	0.08523398	0.08009189	0.07964177	0.07564466	4196.4	0.08194959	0.8796
CATIP	0.086871065	0.07190807	0.08077853	0.08193631	0.08396609	4196.8	0.081092015	0.8798
AL161757.4	0.08101292	0.07152962	0.08644555	0.08708601	0.078728594	4197.2	0.08096053	0.88
WWTR1	0.0783285	0.08212821	0.08477333	0.07897164	0.08324646	4197.4	0.08148964	0.8802
ERVH-1	0.08611048	0.08710176	0.08477858	0.07556238	0.0752236	4203.2	0.081755355	0.8804
LOXL4	0.08788598	0.069885924	0.085390605	0.079602234	0.08078986	4204.2	0.080710925	0.8806
LYPD6B	0.08660852	0.08208105	0.08025997	0.07295514	0.08593958	4206.6	0.08156885	0.8808
NCAM1	0.080303855	0.07931875	0.09478162	0.06823256	0.0800162	4207.2	0.0805306	0.8811
SRL	0.07945761	0.08242079	0.083398364	0.08334854	0.07945415	4207.2	0.081615895	0.8811
LINC02568	0.08131951	0.08898136	0.084697284	0.07609237	0.07744447	4207.6	0.08170699	0.8814
NDST4	0.08272452	0.09202682	0.07850802	0.081812315	0.07165259	4208.2	0.08134486	0.8816
LINC01525	0.0824389	0.08940861	0.07279757	0.078644246	0.08260641	4208.4	0.08117915	0.8818
IFIT3	0.08460765	0.08532432	0.07505044	0.070991665	0.08915335	4208.6	0.08102549	0.882
AC079466.2	0.08150186	0.0853196	0.08619927	0.06876572	0.083995536	4209.6	0.081156395	0.8822
AC073316.3	0.09232442	0.086584955	0.07422739	0.08008356	0.070461534	4210.0	0.08073637	0.8826
AC016042.1	0.07895522	0.077373885	0.089462325	0.0643821	0.08824181	4210.0	0.079683065	0.8826
AC105001.1	0.08234013	0.08419967	0.08717564	0.0762532	0.07783859	4210.0	0.081561446	0.8826
HIST1H4E	0.088366844	0.08481187	0.08344415	0.076819845	0.07534678	4212.0	0.08175789	0.8831
FJX1	0.088041775	0.078069806	0.08724201	0.073399775	0.07998271	4212.0	0.08134721	0.8831
C6orf58	0.0849435	0.08439013	0.08861925	0.07584877	0.07155959	4212.6	0.08107225	0.8834
ECT2	0.078238286	0.087068416	0.07844173	0.074737385	0.08716522	4213.4	0.08113021	0.8836
GNAL	0.085381575	0.0827918	0.089099064	0.075730525	0.07208648	4213.6	0.08101789	0.884
AC006041.2	0.0783536	0.081630655	0.09263041	0.07465707	0.07673254	4213.6	0.08080086	0.884
LINC01235	0.09114016	0.084866144	0.08596854	0.070883006	0.071737275	4213.6	0.08091903	0.884
TSBP1	0.09193652	0.09193508	0.06548339	0.0768233	0.06821367	4215.4	0.07887839	0.8844
PRPH2	0.09628202	0.084801696	0.078053646	0.07386675	0.07306652	4216.2	0.08121413	0.8846
NXPH1	0.0799137	0.0789461	0.084794216	0.084839396	0.0783974	4217.2	0.08137816	0.8849
SLAIN1	0.08858298	0.08149578	0.08499245	0.07892176	0.072972305	4217.2	0.081393056	0.8849
CDKN1A	0.084832	0.08097007	0.08353236	0.07425278	0.084310815	4217.6	0.0815796	0.8852
AC087280.2	0.08955019	0.083241515	0.07714137	0.084366836	0.07184542	4217.8	0.08122906	0.8854
FAM117B	0.08488937	0.08069764	0.086318396	0.07639114	0.079699464	4219.0	0.0815992	0.8856
JPH3	0.07788919	0.08608752	0.089868166	0.06787561	0.08107952	4219.4	0.08056	0.8858
HS3ST5	0.10010018	0.08158141	0.07652476	0.07089574	0.07656564	4220.8	0.081133544	0.886
CPLX1	0.082913026	0.08161278	0.08609167	0.07595972	0.08100156	4221.0	0.081515744	0.8862
VPS41	0.08426813	0.08492607	0.07846386	0.08166199	0.07970273	4221.4	0.08180456	0.8865
IQCH	0.090758316	0.081786595	0.08152029	0.08004103	0.071884744	4221.4	0.0811982	0.8865
TMEM45A	0.08943348	0.08105526	0.080915935	0.077090055	0.08014784	4222.0	0.08172851	0.8868
C2orf72	0.07833965	0.0837351	0.08799666	0.08042219	0.07322799	4223.0	0.08074431	0.8871
MCF2L2	0.086817585	0.080053724	0.089424446	0.071111485	0.07819754	4223.0	0.08112095	0.8871
AL138733.1	0.09282367	0.08639044	0.07479206	0.07632042	0.07543353	4223.4	0.08115202	0.8874
LINC02250	0.07798876	0.076700315	0.09295697	0.07461032	0.079878435	4223.8	0.080426954	0.8877
COPG2	0.08419621	0.08507007	0.08339215	0.070702344	0.08372094	4223.8	0.081416346	0.8877
NAV3	0.08658902	0.08187321	0.08952702	0.068091325	0.07856333	4224.6	0.08092879	0.888
AC005224.2	0.08028789	0.08475861	0.0840663	0.073047854	0.08412191	4225.0	0.08125652	0.8882
LINC00536	0.077959284	0.09176297	0.078142025	0.072208166	0.084735826	4225.4	0.08096166	0.8884
VCAN-AS1	0.08221195	0.08685423	0.07525166	0.079715624	0.08255441	4226.2	0.08131757	0.8886
TNFSF15	0.085644186	0.08740713	0.07374745	0.077676855	0.08166165	4227.0	0.08122745	0.8888
PCDHGA1	0.082288526	0.07513565	0.09642186	0.06658025	0.07866796	4227.2	0.07981885	0.889
SLC24A3	0.079814054	0.08448167	0.08947764	0.06855075	0.081135355	4227.4	0.080691904	0.8892
ARSI	0.07512251	0.088704415	0.08261564	0.07996276	0.0782156	4228.8	0.08092418	0.8894
PYGO1	0.08144812	0.07629919	0.094645865	0.072959885	0.07611982	4229.2	0.08029458	0.8896
AC012038.1	0.07317963	0.085771635	0.08659484	0.056666475	0.087688476	4230.2	0.077980205	0.8898
NDST3	0.086577244	0.08359845	0.079577334	0.07057587	0.08575935	4230.6	0.08121765	0.89
MAMDC2	0.08396433	0.081242636	0.08692887	0.07451076	0.08026901	4231.6	0.081383124	0.8902
LINC02732	0.08429654	0.08467557	0.07901784	0.0823016	0.07807393	4232.2	0.0816731	0.8904
CATSPERE	0.0876597	0.08741185	0.085250676	0.06957863	0.07591194	4232.4	0.08116256	0.8906
NPFFR2	0.08708651	0.088333145	0.075666025	0.0789724	0.076796815	4233.6	0.08137099	0.8908
DUSP19	0.08319961	0.09248311	0.08495624	0.071234554	0.07259202	4234.0	0.08089311	0.891
AL109761.1	0.06580287	0.06905374	0.08943027	0.068343535	0.0913746	4236.4	0.07680101	0.8912
ADGRG6	0.09176119	0.0812787	0.08213774	0.07296955	0.0783997	4237.8	0.08130938	0.8914
SMIM36	0.08549215	0.08562491	0.08385031	0.07983121	0.06891797	4238.2	0.08074331	0.8916
IL21R	0.08990415	0.08226199	0.07838676	0.0682302	0.08552629	4239.6	0.08086188	0.8918
MYH7B	0.09319256	0.07593108	0.08441233	0.06739804	0.08130285	4240.0	0.080447376	0.892
SLC35G1	0.08609744	0.08085649	0.08920011	0.06520539	0.08055402	4241.4	0.08038269	0.8922
LSMEM2	0.083883174	0.076769255	0.08506322	0.08001439	0.07983289	4241.8	0.08111258	0.8925
RGS17	0.08682029	0.075273365	0.08042024	0.089006335	0.071823366	4241.8	0.08066872	0.8925
LINC02062	0.08937445	0.07503895	0.08561461	0.07860732	0.07518073	4242.0	0.08076321	0.8928
AC091214.1	0.091129646	0.08589197	0.08176869	0.07141429	0.075449	4243.6	0.08113072	0.893
PDGFRL	0.08229654	0.081649736	0.08443883	0.061873578	0.08859492	4243.8	0.07977072	0.8932
GJA1	0.07591519	0.08801842	0.08247639	0.08476128	0.06985677	4244.8	0.080205604	0.8934
FAM174B	0.084933855	0.09081637	0.07776819	0.08136351	0.064460345	4245.4	0.07986845	0.8936
PIK3IP1-AS1	0.094637156	0.078529745	0.08598988	0.07043101	0.07164238	4247.0	0.080246024	0.8939
AC024901.1	0.08547506	0.07700395	0.08482754	0.07311625	0.083941504	4247.0	0.080872856	0.8939
AC132803.1	0.09242769	0.082478225	0.08049064	0.07567606	0.07414732	4247.4	0.08104399	0.8942
AC079163.2	0.08776275	0.0850577	0.07677375	0.08247573	0.073201604	4248.8	0.08105431	0.8945
RTKN2	0.08156837	0.08188028	0.09104864	0.0690993	0.07920552	4248.8	0.08056042	0.8945
EFCAB5	0.076988354	0.07715499	0.08373261	0.08324838	0.08168829	4249.2	0.08056252	0.8948
GXYLT2	0.086995296	0.083707936	0.08413456	0.0740371	0.07764395	4249.4	0.08130377	0.895
P3H2-AS1	0.087452695	0.08269337	0.07394999	0.07461748	0.0848332	4253.2	0.08070935	0.8952
AL390800.1	0.089858495	0.071460456	0.08980505	0.072972946	0.0747865	4253.8	0.07977669	0.8954
NANOS3	0.08295354	0.07537445	0.07872964	0.08715234	0.08053012	4254.8	0.08094802	0.8956
AC002057.2	0.092352584	0.08673418	0.0807358	0.06827322	0.075760655	4255.2	0.08077129	0.8958
ADGRE2	0.07847442	0.077773616	0.08230682	0.084848054	0.08044012	4256.2	0.08076861	0.896
AL589843.1	0.089429624	0.08475588	0.080831125	0.07423538	0.0772903	4256.8	0.08130846	0.8962
C2orf73	0.079585865	0.08063637	0.07957576	0.07980917	0.08478054	4257.4	0.08087754	0.8964
HARBI1	0.092557855	0.07192736	0.08341594	0.07165108	0.08119428	4258.0	0.08014931	0.8967
FBLN7	0.0769895	0.07774201	0.07896903	0.07916362	0.088178694	4258.0	0.08020857	0.8967
AL356804.1	0.08567107	0.07368696	0.07196546	0.066445604	0.09687696	4259.2	0.0789292	0.897
SHCBP1L	0.08534142	0.07779384	0.08763285	0.07000426	0.081843704	4260.8	0.080523215	0.8972
UPK2	0.08815093	0.07574446	0.081667185	0.07073582	0.086062156	4261.6	0.08047211	0.8974
AC133065.1	0.08093332	0.08262665	0.07319492	0.07925996	0.08578932	4262.4	0.08036084	0.8976
KLF7	0.09311859	0.08465911	0.07609939	0.07720465	0.07061384	4265.2	0.08033912	0.8978
MATN3	0.085848324	0.08099724	0.08533634	0.07001004	0.08181794	4266.2	0.08080198	0.898
JAML	0.09503065	0.08911729	0.07550255	0.061430033	0.07610289	4266.4	0.07943668	0.8982
AC105285.1	0.09126227	0.07815236	0.08146075	0.07409082	0.07935321	4268.2	0.08086388	0.8984
IGSF21	0.0878716	0.071253076	0.09279526	0.073136754	0.070130244	4268.6	0.07903738	0.8986
SPANXA2-OT1	0.0838167	0.077668704	0.08488699	0.07212353	0.084509425	4268.8	0.080601074	0.8988
SOGA3	0.08385929	0.08630534	0.07789876	0.07236238	0.08419976	4270.8	0.0809251	0.899
GLRA3	0.086844064	0.07938473	0.086015075	0.06262302	0.08369273	4271.0	0.07971193	0.8992
AC055714.1	0.07725597	0.07680798	0.08519515	0.059322067	0.09208666	4272.2	0.07813356	0.8994
AC117528.1	0.086281754	0.0741163	0.08861942	0.07120142	0.08027198	4273.0	0.080098175	0.8996
PAIP2B	0.08445391	0.08793966	0.076454945	0.07524758	0.08088627	4275.6	0.08099647	0.8998
ERFE	0.094338715	0.082480475	0.06587465	0.07858662	0.07283792	4276.0	0.07882368	0.9
AL359644.1	0.08435106	0.082368374	0.078273185	0.078464456	0.081806816	4278.0	0.08105277	0.9002
ITPKC	0.08099647	0.091167465	0.08205206	0.073283084	0.0763068	4279.6	0.08076117	0.9005
PROSER2-AS1	0.07393328	0.08226244	0.07282401	0.07918213	0.087881505	4279.6	0.079216674	0.9005
PRRX2	0.08970191	0.085103415	0.07887848	0.07436549	0.0765818	4281.8	0.080926225	0.901
CCDC192	0.08505415	0.087592185	0.08109392	0.07178432	0.079554945	4281.8	0.0810159	0.901
AC104389.5	0.07408097	0.09176891	0.07905155	0.07935811	0.07588427	4281.8	0.08002876	0.901
CASC11	0.082582675	0.07788494	0.08717995	0.06751323	0.08448094	4283.0	0.07992835	0.9014
FAT3	0.087539285	0.07425373	0.0870827	0.071952544	0.08004647	4283.4	0.080174945	0.9016
KLF3-AS1	0.08898388	0.08945801	0.08025698	0.06846845	0.075976476	4283.6	0.08062877	0.9018
SNCAIP	0.08556211	0.077256545	0.07517119	0.06504704	0.09307053	4284.6	0.07922148	0.902
DENND2C	0.077981204	0.078099936	0.08137143	0.076793164	0.08657214	4285.4	0.080163576	0.9022
AC007405.1	0.08603867	0.08000094	0.07855058	0.07578772	0.083729245	4286.8	0.08082143	0.9024
TRIM36	0.08005452	0.079904065	0.08378832	0.0825449	0.07696513	4287.4	0.08065139	0.9026
DIPK2B	0.090882234	0.07512332	0.07851993	0.077871464	0.07984648	4287.8	0.08044869	0.9028
NTF3	0.09188485	0.080635376	0.077428445	0.0779634	0.075175665	4289.8	0.08061755	0.903
KEL	0.086328365	0.085283	0.08231509	0.07400798	0.076101154	4290.8	0.08080712	0.9032
DSCAS	0.08171426	0.08928675	0.086095534	0.06829517	0.075775124	4291.2	0.08023337	0.9034
LINC02608	0.085410915	0.069154315	0.08253734	0.08830145	0.07037589	4293.0	0.07915598	0.9037
LGR4	0.08022449	0.08123165	0.08432752	0.07695513	0.08068055	4293.0	0.08068387	0.9037
AC073332.1	0.07861338	0.08835712	0.08014797	0.07463256	0.08103698	4294.6	0.0805576	0.904
CCDC175	0.0814182	0.088264644	0.075186715	0.080620565	0.07718262	4295.2	0.08053455	0.9042
MMP23B	0.08105008	0.079472385	0.086781666	0.069981426	0.08335107	4297.0	0.08012732	0.9044
RASL11A	0.08605895	0.083135284	0.0767582	0.0825085	0.07453813	4298.0	0.08059981	0.9046
AC018638.6	0.085214384	0.079266615	0.076231964	0.07980781	0.08220383	4298.4	0.080544926	0.9048
AL442067.3	0.09052707	0.072253406	0.076375484	0.07627942	0.08340807	4299.0	0.079768695	0.905
PATL2	0.08035922	0.07475902	0.08102257	0.0840691	0.08076865	4299.6	0.08019571	0.9052
UTS2B	0.07698998	0.09524775	0.08041915	0.0738561	0.07347959	4300.0	0.079998516	0.9054
AL136307.1	0.08330802	0.08396533	0.08425152	0.071011715	0.08034634	4301.2	0.080576584	0.9056
AC002066.1	0.08385978	0.08497787	0.07985017	0.080707334	0.07380828	4301.6	0.08064069	0.9058
HMOX1	0.07994355	0.07905644	0.07976145	0.07617109	0.08637082	4303.4	0.08026068	0.906
AC073176.2	0.08652985	0.072546065	0.081535555	0.086388305	0.07034451	4303.6	0.07946886	0.9063
MSR1	0.0806381	0.07926195	0.08809663	0.07778979	0.07453304	4303.6	0.0800639	0.9063
AC107021.1	0.07528319	0.081941575	0.08233856	0.07544897	0.084476806	4304.2	0.07989782	0.9066
LYPD6	0.08245318	0.08331029	0.08571833	0.07444329	0.0763232	4305.6	0.080449656	0.9068
LRFN2	0.07816357	0.087442145	0.08202521	0.07901632	0.074891016	4305.8	0.08030765	0.907
LINC02572	0.082268365	0.07472446	0.08849214	0.07145416	0.081708	4306.0	0.07972942	0.9072
LAMA1	0.08459919	0.083681166	0.07895999	0.07427111	0.082042016	4306.6	0.080710694	0.9074
MPP2	0.08620481	0.07813514	0.08179267	0.07553929	0.08098093	4307.6	0.08053057	0.9076
AC008170.1	0.07620722	0.085969925	0.07762878	0.08471534	0.07566328	4308.0	0.0800369	0.9078
AL117327.1	0.073798314	0.07070115	0.095949434	0.076261505	0.07057719	4308.6	0.077457525	0.908
AC005410.2	0.08064207	0.08771232	0.084450394	0.06389083	0.08145618	4309.0	0.07963036	0.9082
AC018816.1	0.08364741	0.08082172	0.084938176	0.07877198	0.07350999	4311.2	0.08033785	0.9084
CACNA1B	0.08021611	0.08546249	0.08682239	0.06997107	0.07789821	4311.8	0.08007405	0.9086
AK8	0.08840167	0.07853752	0.080293044	0.07727464	0.078455575	4312.2	0.08059249	0.9088
LINC02540	0.09106977	0.08103618	0.07802727	0.073481664	0.07891467	4313.2	0.080505915	0.909
CD5	0.087587886	0.09127968	0.07858992	0.05821847	0.07852438	4313.6	0.07884007	0.9092
LINC01151	0.077969365	0.0818777	0.08520301	0.06612213	0.085502386	4314.8	0.079334915	0.9094
MARCH3	0.07932163	0.076601066	0.09059134	0.076843664	0.07276453	4320.0	0.079224445	0.9096
AL078602.1	0.08783938	0.07235378	0.078213744	0.08283885	0.07807995	4320.2	0.079865135	0.9098
ASB4	0.08471248	0.07700962	0.0830208	0.07695554	0.08008138	4320.8	0.08035596	0.91
LINC00944	0.0737881	0.08457044	0.08241772	0.076675355	0.08093077	4321.2	0.07967648	0.9102
AC009468.1	0.07748104	0.07929718	0.07667128	0.08941059	0.076338574	4323.4	0.07983973	0.9104
FO704657.1	0.080271706	0.07840216	0.0824046	0.07224826	0.08586819	4327.4	0.079838976	0.9106
ZNF423	0.080482416	0.07711897	0.08721247	0.07267396	0.08109639	4327.8	0.07971685	0.9108
AL136018.1	0.0862796	0.08145506	0.0805156	0.07780023	0.07606169	4329.2	0.08042243	0.911
AL592156.2	0.089550875	0.082214676	0.07709791	0.08026662	0.06881878	4329.8	0.07958977	0.9112
IFNE	0.07408564	0.08403701	0.080741875	0.07027403	0.08648819	4330.6	0.07912535	0.9115
CXorf21	0.08555085	0.08214554	0.07822106	0.08173528	0.073687896	4330.6	0.08026812	0.9115
AC010974.2	0.09027616	0.08456629	0.07302715	0.07226152	0.07879636	4333.2	0.079785496	0.9118
GNE	0.08820435	0.08292248	0.0775237	0.07271445	0.08022941	4334.0	0.080318876	0.912
COL21A1	0.08160956	0.07688221	0.08142318	0.08735022	0.07043757	4334.4	0.07954055	0.9122
LNX1-AS1	0.08325286	0.089613885	0.08441979	0.061566442	0.076400444	4335.0	0.07905068	0.9124
RSPH9	0.08268951	0.077493206	0.09159527	0.062855236	0.07824684	4335.4	0.07857601	0.9126
AC121761.1	0.077718645	0.069165155	0.08721547	0.08417289	0.07277026	4338.8	0.07820849	0.9129
ADAMTS8	0.087459624	0.072051786	0.090884306	0.07103837	0.07003795	4338.8	0.07829441	0.9129
B4GALT6	0.09105093	0.06879742	0.08464371	0.068823405	0.07997069	4341.4	0.078657225	0.9132
RBM46	0.084436946	0.06399929	0.08205782	0.08563823	0.07480674	4341.8	0.07818781	0.9134
AK5	0.09009143	0.078318395	0.08109043	0.06177546	0.08299339	4344.0	0.07885382	0.9136
CABCOCO1	0.086856395	0.08177515	0.08273862	0.063320614	0.081744134	4344.4	0.079286985	0.9138
PTCSC2	0.0864493	0.08399164	0.08393561	0.06859487	0.076577276	4344.6	0.07990974	0.914
KIF17	0.079114035	0.08004482	0.07460911	0.08712536	0.07755201	4346.0	0.07968907	0.9142
ADAM7	0.08237028	0.08093226	0.07978425	0.07770884	0.08050034	4346.6	0.08025919	0.9144
A1BG	0.08209827	0.08735301	0.0797528	0.07750763	0.073642366	4347.0	0.080070816	0.9146
PKIA-AS1	0.08230893	0.08625619	0.08472525	0.069705784	0.076382615	4348.0	0.07987575	0.9149
VGLL1	0.08699251	0.07853261	0.0850747	0.07290505	0.07548657	4348.0	0.07979829	0.9149
AP002755.1	0.086917326	0.083763525	0.083328985	0.072326005	0.072698034	4348.6	0.079806775	0.9152
GRIN2B	0.08272222	0.08278329	0.08494574	0.07467268	0.07428002	4348.8	0.07988079	0.9154
LINC02355	0.08726749	0.07237725	0.079205364	0.084108375	0.073123366	4349.4	0.07921637	0.9156
FHL5	0.08911586	0.07573056	0.082134396	0.07960022	0.068715565	4350.6	0.07905932	0.9158
AC009975.1	0.071621776	0.08187538	0.081528425	0.08160872	0.07840614	4351.6	0.07900809	0.916
AC010735.2	0.08354391	0.08933409	0.07559667	0.0702064	0.08035575	4351.8	0.07980736	0.9162
AC104850.2	0.0850511	0.08170419	0.08049515	0.07870514	0.074801125	4352.0	0.080151334	0.9164
ANKRD31	0.08650734	0.07328086	0.0785403	0.07506028	0.083823934	4354.2	0.079442546	0.9166
TNFSF14	0.0952189	0.08306317	0.07208244	0.06939444	0.0745565	4354.6	0.07886309	0.9169
CELA2B	0.08283536	0.08805224	0.07948422	0.06726819	0.08105762	4354.6	0.079739526	0.9169
AC019330.1	0.09259033	0.07152264	0.07712435	0.07824721	0.075567	4355.6	0.07901031	0.9172
LINC01482	0.08517757	0.080548726	0.086452335	0.069605276	0.07660919	4356.8	0.07967862	0.9174
RBM44	0.08872751	0.08175624	0.07953036	0.07315429	0.07751973	4357.0	0.08013763	0.9176
LEXM	0.08667127	0.078561574	0.07997467	0.07668211	0.07849488	4358.2	0.0800769	0.9178
AC019131.1	0.08721185	0.07910214	0.07633555	0.07454145	0.0818578	4358.6	0.07980976	0.918
AC083862.2	0.09076542	0.07259865	0.06778864	0.079826236	0.07880868	4358.8	0.077957526	0.9183
KIAA1328	0.079469524	0.07957163	0.08499763	0.07852372	0.07561278	4358.8	0.07963506	0.9183
PPP1R42	0.091609344	0.08688109	0.07177191	0.06913109	0.07529425	4359.2	0.078937545	0.9186
TRIB1	0.08753835	0.08442181	0.0756619	0.06952441	0.08117908	4362.4	0.07966511	0.9188
FRG1-DT	0.08223989	0.080400705	0.08529885	0.06846708	0.08111175	4364.0	0.07950366	0.919
AL355916.1	0.08161588	0.08288041	0.080543324	0.07062075	0.08305393	4364.4	0.079742864	0.9192
AL355581.1	0.06877627	0.07848277	0.06685915	0.09492698	0.07222341	4367.2	0.07625371	0.9194
AL161449.2	0.08340499	0.078325756	0.0887756	0.07367871	0.0693788	4371.4	0.07871277	0.9196
DNM3OS	0.08471736	0.06997971	0.08147676	0.08325606	0.07431629	4373.0	0.07874924	0.9198
AL450992.1	0.09600121	0.07478473	0.084565036	0.059935603	0.06990486	4374.4	0.07703829	0.92
ZNF578	0.08359911	0.070507675	0.08399421	0.08165135	0.07400298	4374.8	0.07875107	0.9202
AL137186.2	0.086905375	0.08000196	0.088206895	0.06629951	0.071483135	4375.8	0.07857938	0.9204
LINC01135	0.082514636	0.0819605	0.079836644	0.07212187	0.08243061	4376.8	0.07977285	0.9206
CENPU	0.07791546	0.08390503	0.07730071	0.08140833	0.07660932	4379.2	0.079427764	0.9208
AC122685.1	0.082009345	0.08096856	0.07795834	0.08214201	0.0758084	4379.4	0.07977734	0.921
ARHGAP11B	0.08769473	0.081181206	0.08225152	0.06868666	0.078375325	4379.8	0.079637885	0.9212
AC016766.1	0.089523464	0.07487925	0.08229322	0.07588963	0.07300404	4380.2	0.079117924	0.9214
AC090150.1	0.07915937	0.076057605	0.08330202	0.073661916	0.083324425	4380.6	0.07910107	0.9216
NOX5	0.07824909	0.08050669	0.08428888	0.076211214	0.07820727	4381.0	0.07949263	0.9218
C4orf50	0.07869539	0.071801126	0.0817514	0.08866446	0.06843135	4385.2	0.077868745	0.922
AF064860.1	0.07638319	0.07971676	0.08511608	0.06800558	0.083639555	4385.6	0.078572236	0.9222
AC007563.2	0.09115274	0.073984936	0.08076258	0.06874338	0.07974076	4387.8	0.078876875	0.9224
GRM1	0.085374884	0.083812766	0.08082761	0.07460294	0.07294451	4388.8	0.07951254	0.9226
AC004949.1	0.07747707	0.08019649	0.08158071	0.07277706	0.08356986	4389.2	0.07912023	0.9228
LINC01990	0.07171264	0.06799883	0.09188597	0.074609786	0.07664341	4389.4	0.07657013	0.923
LINC01992	0.08299739	0.07313937	0.088511	0.072491825	0.07563815	4391.4	0.07855554	0.9232
ENC1	0.08396833	0.07576705	0.07286672	0.080998994	0.08051418	4392.6	0.07882305	0.9234
AC104461.1	0.08959258	0.07117549	0.07809454	0.07914387	0.07588511	4393.0	0.07877832	0.9236
AC024257.3	0.09042829	0.0822808	0.08404798	0.06298146	0.07048028	4393.4	0.07804377	0.9238
AP003778.1	0.08955922	0.07707852	0.08279991	0.0738117	0.07110767	4395.0	0.07887141	0.924
SPATA16	0.079485826	0.09875273	0.06913165	0.068106845	0.07176655	4395.2	0.077448726	0.9242
SIX3	0.085689686	0.07140902	0.08184617	0.07280957	0.081983306	4395.4	0.078747556	0.9244
TEX29	0.07907008	0.090733215	0.080358006	0.07233872	0.071879715	4395.6	0.078875944	0.9246
CCDC138	0.082983516	0.07474262	0.0866911	0.0698391	0.079828925	4397.2	0.078817055	0.9248
FAM189A2	0.073987395	0.09802894	0.07843478	0.06338543	0.073685184	4398.8	0.07750435	0.925
MGAM2	0.08411613	0.084646426	0.073991954	0.071755506	0.08140243	4399.4	0.07918249	0.9252
ARHGAP25	0.086800575	0.07728026	0.08334824	0.069214225	0.07913183	4401.6	0.07915503	0.9254
AC097459.1	0.08773396	0.08249056	0.07630458	0.073673695	0.07680699	4401.8	0.079401955	0.9256
AL354696.2	0.08013326	0.09158948	0.068763465	0.071645424	0.07842563	4402.8	0.078111455	0.9258
CCNB3	0.08157284	0.082657345	0.082946576	0.06653053	0.08105605	4404.4	0.07895267	0.926
TPX2	0.078500204	0.079919636	0.08260778	0.071510084	0.082567714	4405.2	0.07902108	0.9262
TBX15	0.069886506	0.073675744	0.09394115	0.05740548	0.07930996	4409.2	0.07484377	0.9264
KCNK3	0.09150821	0.071721666	0.08259828	0.06530244	0.078503035	4410.8	0.077926725	0.9266
SH3GL3	0.08791423	0.07925621	0.085067384	0.06612981	0.07460895	4411.4	0.07859532	0.9268
AC004158.1	0.086096905	0.07521722	0.0768173	0.07986047	0.076897435	4411.8	0.07897787	0.927
AC007686.4	0.077471554	0.067965955	0.07550224	0.09134209	0.07497785	4413.2	0.07745194	0.9272
CHODL	0.07575526	0.08700082	0.08410937	0.07248769	0.07264524	4414.0	0.07839967	0.9274
BEST4	0.08000982	0.08320547	0.081757784	0.063169695	0.083106905	4414.4	0.07824993	0.9276
RFC3	0.09064158	0.07742568	0.07992855	0.06386998	0.08004656	4415.8	0.07838248	0.9279
HLX-AS1	0.08139299	0.08287703	0.07411507	0.072690785	0.08304648	4415.8	0.078824475	0.9279
CD70	0.07425984	0.08954104	0.078209266	0.050150864	0.08358809	4420.8	0.07514982	0.9282
PRDM6	0.07484768	0.09106547	0.08283649	0.06732508	0.0731006	4423.4	0.07783507	0.9284
INTS12	0.084333874	0.07524175	0.08071957	0.07751435	0.07729971	4425.4	0.079021856	0.9286
AC092353.1	0.08374214	0.08517097	0.07567338	0.07482425	0.07585488	4427.6	0.07905313	0.9288
RNF43	0.082895674	0.08324011	0.07984467	0.07398528	0.07649288	4428.4	0.079291716	0.929
LAMA4	0.07730318	0.08835161	0.075815044	0.07953756	0.06795278	4429.2	0.07779203	0.9292
MCF2	0.08409477	0.06530289	0.07760854	0.0715246	0.08690348	4431.4	0.07708686	0.9294
KLHL14	0.087402724	0.07348723	0.07893303	0.0702424	0.082312845	4433.8	0.07847565	0.9296
AL009178.3	0.07326612	0.08331968	0.08548358	0.06572204	0.07986087	4435.2	0.07753046	0.9298
MUC6	0.08450254	0.080438115	0.07703123	0.07719844	0.0764973	4436.8	0.079133525	0.93
EEPD1	0.08589567	0.07999816	0.07944504	0.07339935	0.07686722	4437.8	0.07912109	0.9302
NET1	0.08619311	0.08114942	0.0788297	0.07184298	0.07774423	4438.2	0.07915189	0.9304
GTSE1	0.07861844	0.074261524	0.084749125	0.07251886	0.08073158	4438.6	0.0781759	0.9306
NEXMIF	0.07878526	0.071679085	0.08939221	0.063225195	0.08042585	4439.0	0.07670152	0.9308
PPIL6	0.08459766	0.07722556	0.08392014	0.076394536	0.06881434	4440.4	0.078190446	0.931
ZNF532	0.079430886	0.08409202	0.08119471	0.07426163	0.07530329	4440.6	0.078856505	0.9312
LINC02388	0.08649227	0.08026101	0.078000195	0.07617786	0.07335666	4444.6	0.0788576	0.9314
SPAG4	0.08861032	0.07905255	0.07628784	0.07304663	0.07672925	4447.4	0.07874532	0.9316
AC004231.1	0.08972093	0.07514488	0.08014135	0.06717255	0.0791444	4447.6	0.07826482	0.9318
CFAP58	0.085754715	0.0737973	0.08440389	0.07024856	0.07738387	4448.0	0.078317665	0.932
NCAPG2	0.07934845	0.088028856	0.07788079	0.07315252	0.07485632	4448.4	0.07865338	0.9322
AL592402.1	0.084786996	0.07555143	0.08278171	0.061673447	0.08244055	4449.8	0.07744683	0.9325
BICRAL	0.079178445	0.076617315	0.08362553	0.07213729	0.08039334	4449.8	0.07839038	0.9325
PRIMA1	0.08888847	0.07208264	0.07835352	0.06961448	0.081346594	4451.2	0.07805714	0.9328
AC011491.3	0.08466002	0.081383355	0.080309555	0.07699928	0.06735056	4451.6	0.07814056	0.933
AC079385.1	0.08359987	0.078609906	0.080946386	0.07501822	0.075986244	4453.4	0.07883213	0.9332
ALDH1A3	0.09273766	0.080123566	0.074980624	0.07034434	0.07077073	4454.0	0.07779138	0.9334
AC022509.2	0.08424378	0.08065285	0.07367937	0.06730175	0.08418676	4455.0	0.0780129	0.9336
METTL24	0.088358924	0.08069178	0.075869896	0.075086005	0.07221568	4456.6	0.07844445	0.9338
AC005400.1	0.08142145	0.0774985	0.07858779	0.08361663	0.06693006	4457.0	0.07761089	0.9341
IRGM	0.066436134	0.07836338	0.07821198	0.074693136	0.08453896	4457.0	0.07644872	0.9341
AC006116.8	0.08202989	0.07831848	0.087215245	0.06761465	0.07451809	4459.8	0.077939264	0.9344
LANCL3	0.08459003	0.06882814	0.08766236	0.07087733	0.07352645	4463.0	0.077096865	0.9346
AL356094.2	0.07957096	0.08298348	0.08122587	0.073387615	0.07560476	4463.8	0.07855454	0.9348
AC243571.2	0.08813223	0.078740634	0.08279923	0.062332876	0.0760791	4464.2	0.07761681	0.9351
RAB27B	0.08347379	0.06633882	0.07650378	0.081507556	0.07830656	4464.2	0.0772261	0.9351
GASK1A	0.0867494	0.08583266	0.07837074	0.067765966	0.072487555	4464.4	0.078241274	0.9355
AC009120.4	0.07595791	0.074364334	0.08732955	0.06583185	0.08099882	4464.4	0.07689649	0.9355
AC010996.1	0.082819015	0.075796284	0.08215814	0.07561366	0.07579449	4465.0	0.07843632	0.9358
SEPTIN3	0.078007124	0.08285209	0.08075873	0.071072616	0.079469785	4466.0	0.07843207	0.936
BRCA2	0.084061354	0.07817083	0.07172847	0.069805555	0.084329315	4469.0	0.077619106	0.9362
DDIT4L	0.08211285	0.07750064	0.084060654	0.06719458	0.07984299	4469.4	0.078142345	0.9364
ASB18	0.0763362	0.07184542	0.08134691	0.070528805	0.085322194	4470.0	0.077075906	0.9366
AF130417.1	0.086736865	0.07289142	0.08151496	0.06581419	0.08080349	4470.2	0.077552184	0.9368
POSTN	0.07397709	0.07558803	0.07927417	0.068815745	0.08725542	4471.2	0.076982096	0.937
AC009365.1	0.072402336	0.07236536	0.082777485	0.07212939	0.08390067	4471.4	0.076715045	0.9372
HDAC2-AS2	0.089773	0.07230773	0.07586458	0.07789817	0.07015148	4474.8	0.077199	0.9374
FAM227B	0.08520031	0.068935946	0.08057696	0.07388143	0.07968775	4475.6	0.07765648	0.9376
AC011773.3	0.09154343	0.075067244	0.07607689	0.07053939	0.075644605	4477.2	0.07777431	0.9379
XRCC4	0.07738326	0.08258955	0.08107411	0.072319545	0.077923544	4477.2	0.078258	0.9379
CD38	0.08257259	0.07070161	0.08418942	0.078862764	0.067484245	4478.2	0.076762125	0.9382
MYT1	0.08071889	0.07264072	0.074601084	0.08801231	0.06493342	4478.4	0.07618128	0.9384
GRIP2	0.072637565	0.079719864	0.084212966	0.077005714	0.072584316	4478.8	0.077232085	0.9386
AC018742.1	0.082873836	0.082352355	0.07628593	0.07162023	0.079415806	4479.2	0.07850963	0.9388
AC077690.1	0.08390283	0.07483291	0.079646654	0.075901404	0.077439666	4480.0	0.07834469	0.939
VSTM2L	0.088143915	0.07190401	0.08309942	0.06728217	0.077021025	4480.4	0.077490106	0.9392
NCKAP5-AS2	0.0811811	0.08178866	0.08490826	0.069247246	0.07231896	4482.6	0.07788885	0.9394
ZNF19	0.08262735	0.080083765	0.07263144	0.081288464	0.07098266	4483.0	0.07752274	0.9396
DYNC1I1	0.07912935	0.08191068	0.07481808	0.07994063	0.07372613	4483.6	0.07790498	0.9398
CBLN2	0.08203511	0.070207424	0.08293026	0.0719924	0.08030131	4485.2	0.0774933	0.94
AC141930.1	0.07980633	0.07969146	0.07641696	0.06996948	0.08383254	4485.4	0.077943355	0.9402
TSHR	0.08573519	0.07675778	0.079010665	0.07574483	0.07394348	4485.8	0.07823839	0.9404
AC018645.3	0.07372882	0.082339086	0.080018386	0.07749985	0.0746001	4487.4	0.07763725	0.9406
SOX2-OT	0.08807168	0.07229443	0.081348196	0.071733505	0.075046636	4489.6	0.077698894	0.9408
AC118658.1	0.07761873	0.07774421	0.08365417	0.067101344	0.08128938	4491.0	0.07748156	0.941
ANO1	0.08100302	0.07032183	0.07049481	0.085536174	0.07517031	4491.8	0.07650523	0.9412
REN	0.08123924	0.0846333	0.08021603	0.07191959	0.07225584	4495.0	0.078052804	0.9414
LINC02301	0.07830017	0.07890286	0.07826047	0.07028369	0.0833373	4496.6	0.077816896	0.9416
AL136366.1	0.08492876	0.08345684	0.07228877	0.07578883	0.069865	4501.6	0.07726564	0.9419
AC036214.1	0.07544096	0.071675226	0.088401996	0.06926948	0.07696837	4501.6	0.07635121	0.9419
LRRTM3	0.08447499	0.079241164	0.080511175	0.06648302	0.07888538	4504.0	0.07791914	0.9422
ARHGAP11A	0.06624888	0.08060916	0.08725006	0.06910592	0.07392358	4506.6	0.07542752	0.9424
AC104051.1	0.0865761	0.07852218	0.07845714	0.06796067	0.07834285	4506.8	0.07797179	0.9426
AC009226.1	0.079291984	0.07502667	0.08372857	0.0719152	0.078209706	4507.8	0.077634424	0.9429
CLMP	0.09229019	0.07455119	0.0763706	0.0716217	0.0690098	4507.8	0.076768704	0.9429
LINC02254	0.081056885	0.07013465	0.08983343	0.06282644	0.074480996	4508.0	0.07566649	0.9432
NIBAN2	0.07802748	0.06880922	0.078578606	0.085234635	0.07120244	4508.4	0.07637048	0.9434
HTR4	0.07613938	0.07690406	0.08327642	0.06655369	0.08184602	4508.6	0.07694392	0.9436
LINC01273	0.06891596	0.07298402	0.08259989	0.071468	0.08273732	4513.2	0.07574104	0.9438
AL353693.1	0.08067881	0.07632719	0.07760403	0.068367444	0.08406989	4513.8	0.07740947	0.944
HS3ST3B1	0.07409733	0.08376295	0.074737124	0.061750747	0.084671356	4515.0	0.0758039	0.9442
CPEB1	0.08204034	0.07015413	0.07624933	0.075282715	0.08163195	4516.2	0.0770717	0.9444
AC015914.1	0.06983027	0.077952385	0.07955736	0.06920214	0.0843005	4516.8	0.07616854	0.9446
SLC2A14	0.078811325	0.07089846	0.0823141	0.08083182	0.06841808	4517.6	0.07625476	0.9448
IMPG2	0.084496066	0.07611178	0.08400219	0.06190691	0.07738987	4518.4	0.07678136	0.945
ZNF311	0.090977445	0.070558965	0.071729474	0.0748743	0.07253589	4520.0	0.0761352	0.9452
AC010451.1	0.083113015	0.07857152	0.08158954	0.06649958	0.07821406	4520.6	0.07759754	0.9454
VWC2	0.08079801	0.07598268	0.0872953	0.0669039	0.072392724	4521.0	0.07667452	0.9456
AC018695.9	0.075845666	0.06866634	0.084126964	0.06260208	0.084467694	4521.2	0.07514175	0.9458
PEX5L	0.09084376	0.074479416	0.07484161	0.066252075	0.07761236	4522.6	0.076805845	0.946
TMPRSS3	0.088394344	0.07390918	0.076198645	0.07738006	0.06416054	4524.0	0.07600856	0.9462
AC112206.2	0.08037912	0.08214084	0.07481769	0.07850883	0.07012837	4525.2	0.07719497	0.9464
AC008840.1	0.08509102	0.08044716	0.07680759	0.06614692	0.07936698	4526.2	0.077571936	0.9466
LUCAT1	0.082457334	0.07399895	0.086769	0.06580747	0.073605835	4529.0	0.07652772	0.9469
EDAR	0.08593993	0.07082908	0.08043788	0.072304115	0.076161064	4529.0	0.077134416	0.9469
TEKT1	0.07523815	0.06651154	0.08313121	0.058998145	0.085880116	4530.0	0.073951825	0.9472
AC092803.1	0.07572004	0.08336453	0.07937049	0.07139417	0.07698451	4531.4	0.07736675	0.9474
TMEM30B	0.07798722	0.070412375	0.079435006	0.07791189	0.07856541	4531.8	0.07686238	0.9477
LRRC49	0.07689787	0.081501566	0.08361382	0.06682266	0.07661301	4531.8	0.07708979	0.9477
FSCN1	0.08767084	0.07912443	0.07587188	0.06799684	0.07655951	4532.0	0.077444695	0.948
AC012363.1	0.089729026	0.07546401	0.08290567	0.06101638	0.06840306	4535.2	0.07550363	0.9483
WNT7A	0.074146934	0.078854695	0.06821666	0.08439936	0.07060535	4535.2	0.07524459	0.9483
AC079790.2	0.08004338	0.08225067	0.08432727	0.06778037	0.06998534	4535.6	0.07687741	0.9486
KIF18A	0.081911154	0.07810139	0.08109153	0.0725636	0.07414142	4538.6	0.07756181	0.9488
PRR16	0.08763537	0.078950614	0.075176306	0.059404306	0.07950056	4539.4	0.07613343	0.949
SRGAP3-AS4	0.06974976	0.082354836	0.07729266	0.0717342	0.08032893	4541.0	0.076292075	0.9492
ART3	0.079373516	0.07609505	0.08295962	0.06479306	0.08011664	4542.4	0.07666758	0.9495
AC005736.1	0.08036017	0.07398273	0.07696042	0.078656316	0.075987406	4542.4	0.0771894	0.9495
SLC28A3	0.084974155	0.07421175	0.08159902	0.07097963	0.07387418	4543.6	0.07712774	0.9498
AC079779.3	0.0862795	0.085034154	0.07411609	0.06315734	0.07322768	4545.0	0.07636295	0.95
INHBA	0.08219252	0.081405826	0.077651426	0.07320668	0.0733743	4546.8	0.077566154	0.9502
AC104211.1	0.085136734	0.07039163	0.08570739	0.06700864	0.07040533	4553.2	0.07572995	0.9504
AC069437.1	0.08626986	0.08113579	0.07842706	0.069993466	0.068137355	4556.0	0.0767927	0.9506
C6orf132	0.07550285	0.075705364	0.08208735	0.07462861	0.07562859	4556.6	0.07671056	0.9508
MSRB3	0.077607974	0.07154335	0.078989886	0.074293286	0.08056897	4556.8	0.07660069	0.951
SEC14L4	0.08178559	0.069827564	0.075992614	0.07936948	0.07529574	4558.8	0.0764542	0.9512
TMEM144	0.077984326	0.07735382	0.08456308	0.07077261	0.07249278	4560.6	0.07663332	0.9514
AC022182.1	0.07919893	0.077560015	0.08408813	0.07007853	0.072914295	4562.4	0.07676798	0.9516
MLIP-AS1	0.07733105	0.08010925	0.076183885	0.07757978	0.07317255	4562.6	0.0768753	0.9518
AL121790.1	0.08521532	0.06872041	0.08494727	0.065887734	0.0732433	4563.6	0.07560281	0.952
AC008760.2	0.08980047	0.076285176	0.0800902	0.0596422	0.07113528	4565.0	0.07539067	0.9522
MDS2	0.08095585	0.0826896	0.07194635	0.07229278	0.0759571	4566.8	0.07676833	0.9524
AC006581.2	0.083323374	0.0776249	0.078484476	0.07532245	0.069730856	4567.4	0.07689721	0.9526
LINC00299	0.07536204	0.07752011	0.08075461	0.073426515	0.076481365	4569.0	0.07670893	0.9528
HIST2H3PS2	0.07132107	0.082454294	0.08086004	0.07328163	0.070879355	4573.2	0.07575928	0.953
AL008628.1	0.08239224	0.076116435	0.0811277	0.072468095	0.07169417	4573.6	0.076759726	0.9532
TEX55	0.071691036	0.06674318	0.07164255	0.08256845	0.0782562	4574.4	0.07418028	0.9534
PAQR5	0.075558305	0.08422876	0.07713253	0.07289744	0.07278001	4575.0	0.07651941	0.9538
TM4SF4	0.08185823	0.07366816	0.08299997	0.067883626	0.07653561	4575.0	0.07658912	0.9538
LINC00640	0.06686028	0.0800613	0.085510984	0.061390586	0.076356016	4575.0	0.07403584	0.9538
AC090993.1	0.07615737	0.06905984	0.09030964	0.06597382	0.066910096	4577.2	0.07368215	0.9542
MEP1B	0.0756015	0.07763204	0.07561355	0.07986975	0.07170518	4578.4	0.0760844	0.9544
LINC02427	0.08623601	0.07907888	0.07624731	0.06120092	0.077575974	4578.8	0.07606782	0.9546
LINC01350	0.08909535	0.06699413	0.07411816	0.075810246	0.06842084	4579.2	0.07488775	0.9548
GPLD1	0.074525684	0.06916408	0.08775001	0.06862089	0.0739978	4580.0	0.07481169	0.955
AC025470.2	0.07478136	0.07373971	0.087560624	0.054624226	0.076638415	4580.4	0.073468864	0.9552
SAMD13	0.079586886	0.06681019	0.08554863	0.07265631	0.070318185	4580.8	0.074984044	0.9554
AC004930.1	0.082820304	0.07644052	0.07357218	0.06973472	0.08009374	4586.2	0.07653229	0.9556
AP000317.1	0.085117355	0.07676845	0.07570934	0.06924437	0.07673936	4589.4	0.07671578	0.9558
AC104781.2	0.0743206	0.07578894	0.070437156	0.08425529	0.06290262	4589.6	0.073540926	0.9561
CLSPN	0.08205393	0.074754536	0.078358114	0.075293936	0.07303956	4589.6	0.07670002	0.9561
SYT12	0.084957965	0.07721016	0.07234659	0.07229713	0.07540365	4589.8	0.0764431	0.9564
AC002454.1	0.079684064	0.07605463	0.084024355	0.06977823	0.07140019	4590.2	0.076188296	0.9566
AC073050.1	0.074337766	0.07009892	0.08542623	0.06751031	0.077771865	4592.2	0.07502902	0.9568
AC099329.1	0.073982015	0.07272417	0.08446009	0.072347485	0.07351527	4594.0	0.07540581	0.957
HILPDA	0.07992873	0.07994863	0.071499094	0.076900214	0.07171836	4596.8	0.07599901	0.9572
PSMA8	0.09307689	0.06976403	0.07351743	0.06855016	0.06351057	4598.6	0.07368381	0.9574
FAM49A	0.08717898	0.074857086	0.08085461	0.063090846	0.0716125	4600.0	0.0755188	0.9576
AC079148.3	0.076986864	0.078523256	0.08089855	0.07192259	0.07371394	4600.2	0.07640904	0.9578
LINC00840	0.078470185	0.086640775	0.07318295	0.0699686	0.0705567	4602.2	0.075763844	0.958
WASF3	0.083222784	0.08024609	0.078055166	0.06731534	0.074647516	4603.2	0.07669738	0.9582
RSPH4A	0.07810396	0.07466943	0.08130244	0.06539743	0.07989916	4603.6	0.07587448	0.9584
GASK1B	0.078945234	0.076659694	0.07702359	0.07531627	0.07481683	4604.2	0.076552324	0.9586
ELAVL2	0.0804397	0.07067403	0.080122665	0.07470401	0.07416083	4606.0	0.07602024	0.9588
AC092944.1	0.08931189	0.07597351	0.0734603	0.06536974	0.07348789	4606.8	0.07552067	0.959
LINC00378	0.08016481	0.07404826	0.07296595	0.07785958	0.07432492	4607.0	0.075872704	0.9593
FAM242F	0.07641979	0.07587145	0.076844245	0.07500442	0.076939866	4607.0	0.07621596	0.9593
ANO4	0.08213586	0.082593866	0.07299084	0.06785528	0.075360544	4610.0	0.076187275	0.9596
LINC02718	0.08049063	0.07483442	0.07806111	0.072245	0.07699918	4610.4	0.07652607	0.9598
LINC02607	0.08582917	0.07428716	0.07928153	0.06946094	0.07179185	4610.8	0.07613014	0.96
AC092844.1	0.075746216	0.08241749	0.07562668	0.072044626	0.07456213	4613.2	0.07607943	0.9603
C9orf170	0.078424886	0.076832294	0.07551247	0.07722225	0.071943544	4613.2	0.075987086	0.9603
ASPM	0.07383948	0.07181667	0.07759402	0.066612594	0.084061846	4616.6	0.07478492	0.9607
AC110614.1	0.07562186	0.075957336	0.079318345	0.07555341	0.072944015	4616.6	0.07587899	0.9607
LONRF3	0.08067737	0.07207356	0.075704046	0.07414857	0.07750847	4617.8	0.0760224	0.961
AC020912.1	0.07358933	0.0649617	0.084518164	0.066140205	0.07952581	4618.6	0.07374704	0.9612
C1orf100	0.0748769	0.07229898	0.08055422	0.06951422	0.07989133	4620.8	0.07542713	0.9614
MACROD2-AS1	0.07498151	0.089206465	0.0712312	0.06891125	0.065664634	4621.4	0.07399901	0.9616
LINC01393	0.08412407	0.072753824	0.079547286	0.06791464	0.075728044	4622.4	0.07601358	0.9618
TMEM267	0.07867236	0.07910446	0.07527646	0.0702747	0.07783063	4623.2	0.07623172	0.962
SMOC1	0.07737156	0.07905778	0.07663135	0.071805984	0.07648236	4625.4	0.076269805	0.9622
CSRP3-AS1	0.08191147	0.07161728	0.07535273	0.06920555	0.08032024	4626.8	0.075681455	0.9624
CLIC6	0.07950309	0.074906945	0.075766966	0.07450931	0.07555688	4628.8	0.076048635	0.9626
LINC01456	0.08502784	0.076371334	0.06644432	0.07127174	0.07521342	4629.4	0.074865736	0.9628
ZBTB7C	0.08050106	0.070838936	0.081959665	0.064374	0.078279376	4629.8	0.075190604	0.963
LINC00903	0.08307563	0.08106688	0.0771048	0.0675398	0.07170746	4630.4	0.07609891	0.9633
C13orf42	0.084432825	0.07719334	0.08179143	0.06189077	0.069724716	4630.4	0.07500662	0.9633
ZMIZ1-AS1	0.07603497	0.08352035	0.078862615	0.06955831	0.0693794	4631.6	0.075471126	0.9636
CREG2	0.07883259	0.07123666	0.07761674	0.072292596	0.07873595	4632.6	0.07574291	0.9638
AC103770.1	0.07863918	0.066172235	0.07932853	0.0756908	0.074847914	4633.0	0.074935734	0.964
AC007376.2	0.07974724	0.072004	0.0777684	0.07666753	0.07178176	4633.2	0.075593784	0.9642
KCNK12	0.07649593	0.083826974	0.07456808	0.070321515	0.0727451	4634.0	0.07559152	0.9644
AC008474.1	0.073748484	0.08381802	0.080590725	0.065333314	0.07083655	4634.6	0.074865416	0.9646
MCHR2-AS1	0.075684756	0.08141929	0.07931439	0.061700072	0.077522576	4636.2	0.07512821	0.9648
LINC00158	0.08202366	0.07552709	0.0798603	0.071636304	0.070089415	4637.8	0.075827345	0.965
AL583785.1	0.08397695	0.06836716	0.07913637	0.07448077	0.067575715	4639.0	0.0747074	0.9652
AC084880.2	0.07060264	0.07994393	0.07751652	0.07535758	0.07084907	4641.2	0.07485395	0.9654
AL451137.2	0.07564336	0.082975745	0.077805914	0.06656006	0.07464048	4641.4	0.07552511	0.9656
CNTN4-AS1	0.08321716	0.075950146	0.068356216	0.07452539	0.07202672	4641.6	0.07481513	0.9658
AC079896.1	0.086639844	0.07447182	0.073051855	0.06444183	0.07652664	4643.8	0.07502639	0.966
AC069272.1	0.079248644	0.075014815	0.073176436	0.07721253	0.07139113	4644.2	0.075208716	0.9662
BMP8B	0.08613187	0.07820761	0.06995198	0.07179228	0.06230591	4644.6	0.07367793	0.9664
LINC01146	0.07508178	0.06909837	0.07977244	0.0785704	0.068287425	4645.0	0.07416208	0.9666
LAMC2	0.08133177	0.079751104	0.0814154	0.057897512	0.07103711	4647.0	0.07428658	0.9668
RRH	0.075372644	0.06782927	0.07462935	0.08080147	0.071008414	4649.6	0.07392823	0.967
TRG-AS1	0.08742835	0.07094424	0.074144274	0.07149828	0.0699821	4649.8	0.07479944	0.9672
LINC01118	0.084514685	0.07111446	0.07798954	0.07280334	0.06931366	4651.2	0.07514714	0.9674
RGS22	0.07529989	0.082241856	0.07154597	0.06779948	0.07767962	4655.0	0.07491337	0.9676
LOXL2	0.08412878	0.07286707	0.07973388	0.068865426	0.07072063	4656.4	0.07526316	0.9678
PGLYRP2	0.07379015	0.0727773	0.08011915	0.07729221	0.062050078	4656.6	0.07320578	0.968
CSTF3-DT	0.075436376	0.07066638	0.08643786	0.062168367	0.07198466	4659.6	0.073338725	0.9682
RAB3C	0.08041541	0.07882419	0.0723171	0.069772206	0.076027334	4660.0	0.07547125	0.9684
GRIN2C	0.07049355	0.076337114	0.073872454	0.07769803	0.07186694	4662.4	0.074053615	0.9686
AC002546.1	0.07827475	0.07702062	0.072488904	0.07598844	0.07069467	4664.0	0.074893475	0.9688
AC092598.1	0.07850058	0.06971126	0.07906965	0.06580435	0.08011626	4665.0	0.074640416	0.969
ACSBG1	0.07730967	0.07637911	0.07880104	0.066546634	0.07758312	4665.4	0.07532392	0.9693
AC099552.5	0.07515571	0.07205173	0.07950351	0.0732713	0.07472292	4665.4	0.07494103	0.9693
ZFHX4-AS1	0.07558614	0.07293064	0.08667106	0.057438523	0.06966937	4666.0	0.07245915	0.9696
TFPI2	0.079055354	0.0678364	0.07683635	0.069446094	0.08010819	4667.8	0.07465647	0.9698
AC061958.1	0.0846942	0.070731014	0.07993229	0.06431227	0.07383956	4668.0	0.07470187	0.97
AC007681.1	0.0754769	0.08228718	0.07854936	0.06613565	0.072264165	4669.6	0.07494265	0.9702
AL442163.1	0.08379314	0.064375065	0.07102916	0.057228427	0.08231095	4670.6	0.07174735	0.9704
AC007569.1	0.07584373	0.07142076	0.0669758	0.07880626	0.07327777	4672.4	0.07326486	0.9706
LMNTD1	0.078401305	0.07931819	0.07887713	0.07026013	0.06883589	4673.0	0.075138524	0.9708
AC007317.2	0.07914865	0.058119975	0.08632017	0.06406208	0.06807362	4675.0	0.0711449	0.971
AC006460.1	0.07791769	0.06912852	0.07183975	0.080321506	0.06529083	4675.6	0.072899655	0.9712
AL158055.1	0.07510584	0.0759535	0.07916602	0.057394993	0.07995215	4676.6	0.0735145	0.9714
CXCL3	0.08447059	0.07968878	0.07188602	0.06210303	0.07370198	4677.8	0.07437008	0.9716
LINC02026	0.077289656	0.07804513	0.07830464	0.06418177	0.07730674	4678.2	0.07502559	0.9718
IL23R	0.07888019	0.07542956	0.072890595	0.07028081	0.077615134	4678.6	0.075019255	0.972
AC016723.1	0.07822321	0.061363157	0.08485011	0.06507038	0.072570845	4680.0	0.072415546	0.9722
HTR2C	0.07808107	0.069240786	0.08111526	0.07106392	0.07291405	4682.6	0.074483015	0.9724
SLITRK4	0.073227115	0.079539716	0.06808718	0.070829056	0.07745721	4684.2	0.07382806	0.9726
AL163932.1	0.08462622	0.07208117	0.07278258	0.065172575	0.07732524	4684.4	0.074397564	0.9728
KCND3	0.07897604	0.07556855	0.07679454	0.072597735	0.07150309	4684.8	0.07508799	0.9731
ENDOU	0.07662726	0.07261988	0.07673513	0.0607451	0.08155106	4684.8	0.07365569	0.9731
AC023355.1	0.07540724	0.079353586	0.082429186	0.06081003	0.07040037	4686.4	0.07368008	0.9734
CAV3	0.0717327	0.07208894	0.06952012	0.07951351	0.07015284	4692.6	0.07260163	0.9736
LCAL1	0.07464499	0.084551446	0.06979528	0.06894929	0.06931871	4698.6	0.07345194	0.9738
TYR	0.07255621	0.08008698	0.07722812	0.06953678	0.07297961	4699.8	0.07447754	0.974
RGS20	0.077546015	0.07977559	0.08060504	0.06125297	0.07023551	4700.0	0.07388303	0.9742
BCO2	0.084132954	0.08019057	0.06890522	0.06296251	0.07135994	4702.2	0.07351024	0.9744
TRIM67	0.07529597	0.07126044	0.08093924	0.07148578	0.07107493	4704.2	0.07401127	0.9746
AC079296.1	0.084166914	0.07647178	0.076161936	0.0675085	0.06585114	4705.6	0.07403205	0.9748
AP003071.2	0.074249394	0.0767411	0.07937331	0.06008162	0.07701848	4711.2	0.07349278	0.975
AC078923.1	0.077446796	0.0756826	0.078626916	0.0653401	0.07520563	4716.6	0.07446041	0.9752
C5orf66	0.07296379	0.08156215	0.079702996	0.064256735	0.06888691	4717.0	0.07347451	0.9754
AC099066.2	0.08288224	0.07463432	0.08000031	0.06411032	0.06357269	4718.6	0.07303997	0.9756
LINC01362	0.07074395	0.082410194	0.07681372	0.06302471	0.072764106	4720.6	0.073151335	0.9758
ZNF730	0.07270419	0.07230431	0.0802881	0.06646474	0.07601307	4721.4	0.07355489	0.976
CCDC187	0.07939526	0.075109504	0.08008161	0.064977765	0.07068025	4723.6	0.07404888	0.9762
RGMA	0.083266765	0.0786567	0.075486556	0.062460534	0.06701862	4727.4	0.07337783	0.9764
TUSC8	0.07958003	0.075795	0.07993573	0.06453337	0.06921435	4730.0	0.073811695	0.9766
AC009126.1	0.07748928	0.07453068	0.07488535	0.07187035	0.0721214	4731.0	0.07417941	0.9768
MIR2052HG	0.080306195	0.07004107	0.08202372	0.062204253	0.07027143	4731.2	0.07296933	0.977
CACNA1I	0.0745232	0.063729316	0.08427825	0.06765357	0.065656304	4734.4	0.07116813	0.9772
LINC01303	0.06603313	0.06963229	0.08393164	0.058310322	0.0747228	4734.6	0.07052603	0.9775
TAF7L	0.06913261	0.07164784	0.082655005	0.06554141	0.07254289	4734.6	0.07230395	0.9775
TSPAN8	0.07281033	0.07419187	0.07096514	0.07400614	0.073873505	4734.8	0.073169395	0.9778
ZFY-AS1	0.084638365	0.07364923	0.07548924	0.064659745	0.06975147	4735.6	0.07363761	0.978
LINC02408	0.072676435	0.07314887	0.072901905	0.07034342	0.07751405	4737.2	0.07331693	0.9782
AC026894.1	0.07223771	0.07225579	0.07263683	0.070930384	0.07747937	4740.0	0.07310801	0.9784
AC004054.1	0.08613958	0.068	0.075935796	0.065501146	0.067352176	4742.2	0.07258574	0.9786
LINC02811	0.06760611	0.06979277	0.08359862	0.06459534	0.071605705	4743.0	0.071439706	0.9788
AC241644.2	0.07690075	0.0700888	0.072416365	0.07551586	0.06988325	4744.2	0.07296101	0.979
AC016738.1	0.072796434	0.06570977	0.08272772	0.057621643	0.07553091	4748.0	0.0708773	0.9792
HJV	0.07597121	0.07536259	0.069372594	0.07409092	0.068510585	4749.6	0.072661586	0.9795
LINC02128	0.08079075	0.07460195	0.078567445	0.06150727	0.07159443	4749.6	0.07341237	0.9795
STK32A-AS1	0.07100368	0.06751229	0.08224107	0.06957835	0.06953603	4750.2	0.07197429	0.9798
PHACTR3	0.07609734	0.07231514	0.07367249	0.0695489	0.07596751	4750.6	0.07352028	0.98
CNGB1	0.08138901	0.06851998	0.07479615	0.06698966	0.07566282	4751.6	0.073471524	0.9802
DEUP1	0.07348636	0.06711542	0.07853522	0.0705332	0.07478534	4752.8	0.072891116	0.9804
AL162388.2	0.07827248	0.08350934	0.07090547	0.055411078	0.06751358	4754.0	0.07112239	0.9806
CENPE	0.07526696	0.07532254	0.07605366	0.06976737	0.07185615	4757.6	0.073653325	0.9808
CDKN2B-AS1	0.08816111	0.06854154	0.06946655	0.064481534	0.061911833	4758.0	0.07051251	0.981
AC002563.1	0.07190256	0.071784936	0.07669185	0.06997548	0.0753324	4758.4	0.07313745	0.9812
TMSB15B	0.0845424	0.070568524	0.075444594	0.06562068	0.06818588	4760.4	0.072872415	0.9814
AC009403.2	0.078157604	0.06937787	0.07288962	0.074357495	0.06752241	4763.8	0.072460994	0.9817
LYPD5	0.078024074	0.08025825	0.07124699	0.06815735	0.06412943	4763.8	0.07236322	0.9817
FFAR4	0.071354546	0.071078934	0.07822624	0.061462488	0.078428574	4764.8	0.072110154	0.982
AL356234.2	0.08223802	0.0650966	0.0767779	0.07064783	0.062171582	4765.4	0.07138638	0.9822
AC104574.2	0.07685146	0.07377886	0.075160705	0.06555188	0.07571631	4767.4	0.073411845	0.9824
SMIM31	0.0785881	0.063682474	0.07984699	0.057380598	0.07564897	4768.2	0.071029425	0.9826
CYP2C18	0.06243246	0.069293246	0.075329885	0.07687005	0.056926183	4768.6	0.06817036	0.9828
AL138767.3	0.07602263	0.07332694	0.074508466	0.073355146	0.060758736	4769.6	0.07159438	0.983
SMIM2	0.073379755	0.06916019	0.07241194	0.061642062	0.0807791	4770.4	0.07147461	0.9832
PPP1R36	0.0763124	0.07088828	0.0776269	0.07179097	0.06701827	4770.6	0.07272737	0.9834
NTSR1	0.07801618	0.06923976	0.07716703	0.06739777	0.07431417	4771.0	0.07322698	0.9836
SYT16	0.07974799	0.07013045	0.074727625	0.07055479	0.06932694	4778.6	0.07289756	0.9838
GABRR1	0.07842366	0.07132752	0.07543514	0.068470754	0.07272406	4779.0	0.07327622	0.984
AL356277.3	0.07016287	0.06896724	0.081406675	0.0646409	0.07194271	4781.4	0.07142408	0.9842
EREG	0.084992886	0.069332674	0.06613006	0.059786502	0.07281124	4785.4	0.07061067	0.9844
ORC6	0.076816246	0.070741355	0.07379947	0.07193153	0.06986076	4787.0	0.07262988	0.9846
GAD2	0.07832145	0.07546163	0.066047005	0.060798943	0.076156884	4789.6	0.07135718	0.9848
AC021097.1	0.073196985	0.06796439	0.079538606	0.05988462	0.07607238	4790.4	0.0713314	0.985
TEKT3	0.07982273	0.07789128	0.07039432	0.0664149	0.065091915	4790.8	0.07192303	0.9852
CAPN8	0.07447636	0.075726226	0.07854223	0.06631397	0.06554632	4791.4	0.072121024	0.9854
AL139294.1	0.06945529	0.072001316	0.076781206	0.06917903	0.073048376	4792.0	0.07209305	0.9856
GAP43	0.07527287	0.05829184	0.08195504	0.0647191	0.065804295	4798.2	0.06920864	0.9858
AC092142.1	0.07531854	0.0721345	0.07555978	0.06434345	0.07492395	4799.8	0.07245604	0.986
AC026433.1	0.07536022	0.073969856	0.07842645	0.06543055	0.068758614	4801.6	0.07238914	0.9862
AL109659.1	0.076249585	0.07001203	0.07041447	0.06791753	0.07562963	4802.6	0.07204465	0.9864
SLCO1B7	0.07767862	0.0736441	0.07864437	0.061166987	0.069258265	4803.6	0.07207847	0.9866
AL133372.3	0.08109597	0.070977494	0.07716192	0.063687384	0.06415117	4810.8	0.07141479	0.9868
TUNAR	0.07947884	0.069701105	0.06833512	0.07124615	0.065870866	4812.4	0.07092641	0.987
KIF4A	0.07744234	0.07503028	0.07345093	0.067235306	0.06822364	4812.8	0.072276495	0.9872
LINC01693	0.07074396	0.07435454	0.07179289	0.067123495	0.07438127	4813.0	0.071679235	0.9874
SOX21-AS1	0.0811309	0.071185276	0.07267183	0.055878952	0.07321268	4817.4	0.070815936	0.9876
LOX	0.07031167	0.07242823	0.08001376	0.06172967	0.067819536	4825.8	0.07046057	0.9878
AP001341.1	0.08260208	0.06903418	0.07669988	0.058955595	0.061510723	4826.0	0.069760494	0.988
MMP3	0.08169788	0.06915364	0.07603504	0.063938215	0.06195274	4827.8	0.0705555	0.9882
ABCA9-AS1	0.08192357	0.07354472	0.06958842	0.064066954	0.06276861	4828.2	0.07037845	0.9884
AC005696.4	0.076761685	0.06568195	0.06940032	0.07213544	0.06785733	4829.8	0.07036734	0.9886
TNFAIP8L3	0.06653863	0.06676062	0.06848367	0.05852287	0.07959384	4835.0	0.06797993	0.9888
AP001610.2	0.08059181	0.06863305	0.073083274	0.06653352	0.065754324	4840.2	0.0709192	0.989
EFNB2	0.0710935	0.07500992	0.07052823	0.06108037	0.07441245	4844.2	0.07042489	0.9892
AC000099.1	0.07942244	0.06859848	0.076186	0.057726853	0.06915155	4854.6	0.070217066	0.9894
LINC01478	0.07188653	0.068048894	0.06728045	0.071134664	0.07006803	4855.4	0.069683716	0.9896
C3orf79	0.08172766	0.06842917	0.07238529	0.061945003	0.06635958	4855.6	0.07016934	0.9898
AL356515.1	0.080408014	0.06966063	0.07112379	0.058914904	0.07038451	4859.6	0.07009837	0.99
AC092640.1	0.07184643	0.069238186	0.06882261	0.06293515	0.07568487	4861.6	0.06970545	0.9902
LINC01808	0.077240035	0.07406355	0.075253814	0.05375431	0.0635453	4867.8	0.0687714	0.9904
AC084871.1	0.07872894	0.0721244	0.065098785	0.06583847	0.06161454	4869.2	0.06868103	0.9906
CLRN1-AS1	0.07141921	0.0669738	0.07325002	0.06722826	0.07139107	4873.0	0.070052475	0.9908
LINC00327	0.066844754	0.06195753	0.07976193	0.06239729	0.064343974	4874.6	0.067061104	0.991
LINC02163	0.07191622	0.058404163	0.06445654	0.071956515	0.06505638	4875.8	0.06635796	0.9912
AC074011.1	0.073024295	0.057936266	0.07819196	0.064493045	0.06492233	4881.6	0.06771358	0.9915
CDCA8	0.068209216	0.06634796	0.07033797	0.071522295	0.05935621	4881.6	0.06715473	0.9915
AC245140.3	0.07927126	0.068741366	0.07387126	0.06214702	0.055200096	4883.6	0.0678462	0.9918
AC023202.1	0.06328261	0.06726776	0.06351231	0.07178792	0.06451715	4884.0	0.06607355	0.992
TMOD1	0.06790353	0.06975263	0.07426572	0.06501949	0.0701438	4884.8	0.06941703	0.9922
SLITRK5	0.075259976	0.07146928	0.065609455	0.061934628	0.070768096	4890.6	0.06900828	0.9924
FRMD6-AS2	0.06553559	0.06782804	0.07220329	0.06995274	0.06201249	4892.2	0.06750643	0.9926
AC104958.1	0.071998894	0.07675815	0.070398755	0.05901845	0.05476664	4893.2	0.06658818	0.9928
PRRX1	0.07209918	0.061649498	0.07688291	0.05917213	0.070172794	4893.8	0.0679953	0.993
AL596223.1	0.07712438	0.06720163	0.07311409	0.063421965	0.0651739	4895.0	0.06920719	0.9932
AC104982.2	0.06360639	0.0776459	0.067385666	0.058363408	0.06101323	4899.0	0.06560291	0.9934
AL589645.1	0.07654293	0.062070586	0.06727147	0.061518546	0.07153648	4903.8	0.067788005	0.9936
AC016738.2	0.061675895	0.072102025	0.076421626	0.057374902	0.0630994	4904.6	0.066134766	0.9938
AP002370.2	0.073703356	0.06998148	0.07017293	0.06470373	0.06744464	4904.8	0.06920123	0.994
AL139423.2	0.06440297	0.07348713	0.07304807	0.05850031	0.06783537	4907.2	0.06745477	0.9942
SLCO1B1	0.075453	0.07160381	0.07038613	0.0611456	0.064941965	4907.6	0.0687061	0.9944
BEND6	0.066640526	0.07204156	0.071433365	0.06253071	0.06820535	4909.2	0.06817031	0.9946
IGSF5	0.06679346	0.06948708	0.06959927	0.06676124	0.06624925	4911.2	0.067778066	0.9948
LINC02509	0.07678791	0.06852164	0.0625434	0.06345743	0.06537987	4916.2	0.06733805	0.995
ARL13A	0.06734452	0.073522784	0.06728784	0.06033125	0.0668804	4921.6	0.06707336	0.9952
AP001025.1	0.06682497	0.07063874	0.07358266	0.05629029	0.06513562	4931.4	0.06649446	0.9954
AL596218.1	0.07393891	0.062900774	0.07129161	0.06436397	0.059482414	4931.8	0.066395536	0.9956
AC078845.1	0.06974975	0.059715774	0.066753596	0.06300438	0.07000514	4937.8	0.06584573	0.9958
LINC02048	0.07362343	0.071440615	0.068599604	0.053179875	0.060087193	4941.0	0.065386154	0.996
ASF1B	0.07508143	0.065402836	0.06559619	0.06319638	0.05905777	4942.0	0.06566693	0.9962
AC010638.1	0.07233868	0.061190594	0.062013637	0.06602792	0.061315045	4942.8	0.06457718	0.9964
AL158195.1	0.06273005	0.073047504	0.06897437	0.055325996	0.0587304	4943.6	0.06376167	0.9967
AL138689.2	0.06649303	0.07163909	0.06800333	0.05671968	0.06534515	4943.6	0.065640055	0.9967
AC016721.1	0.06917949	0.0575038	0.0696456	0.061960448	0.06733126	4950.8	0.06512412	0.997
TUSC7	0.07001015	0.068504415	0.070257045	0.05890071	0.06422746	4952.6	0.06637996	0.9972
AC004470.1	0.061880223	0.05533904	0.07494903	0.056921665	0.062122475	4955.0	0.062242486	0.9974
OOEP-AS1	0.067432016	0.06973528	0.062237974	0.054990135	0.06670403	4958.4	0.06421989	0.9976
AC104984.2	0.061208583	0.05849922	0.071250185	0.05474985	0.068437755	4960.8	0.06282912	0.9978
SPINK13	0.065505676	0.07076039	0.060722243	0.054419063	0.062438965	4964.0	0.06276927	0.998
AC055811.3	0.07121099	0.062296037	0.065074205	0.056382682	0.06622148	4967.8	0.06423707	0.9982
AC109811.1	0.0687614	0.061896842	0.06851272	0.0514575	0.06628146	4969.2	0.063381985	0.9984
AC004691.1	0.07148046	0.051532116	0.070623	0.05171436	0.06051531	4972.4	0.06117305	0.9986
LINC01570	0.057040628	0.067461036	0.06614729	0.054135114	0.06223848	4980.0	0.061404508	0.9988
AC020651.2	0.06819905	0.062370755	0.05928743	0.05497725	0.06410605	4980.2	0.061788104	0.999
LINC01913	0.06248093	0.06593564	0.06559072	0.058767967	0.05875224	4980.6	0.0623055	0.9992
AC087636.1	0.06371802	0.06436286	0.064473666	0.04696199	0.06412008	4984.0	0.06072732	0.9994
AC117834.2	0.05766152	0.05117547	0.06556079	0.045271207	0.06262904	4992.0	0.056459606	0.9996
FAM221B	0.05818059	0.060267013	0.06619476	0.05073278	0.055799726	4992.4	0.05823497	0.9998
AL162464.2	0.06458214	0.05359054	0.055106986	0.051741973	0.06054103	4993.6	0.057112534	1.0
