signature	gene	rank	source	locator
Kirita2020_FRPTC_text	VCAM1	1	Kirita et al. 2020 PNAS 117:15874 doi:10.1073/pnas.2005477117	"Results, 'Proximal Tubule Responses to Acute Injury'; Fig. 2A (mouse genes, MGI 1:1 orthologs); quote: ""This cluster expressed a distinct set of genes not observed in either healthy or acutely injured mouse proximal tubule. These included Vcam1, Dcdc2a, and Sema5a (Fig. 2A and Dataset S2)."""
Kirita2020_FRPTC_text	DCDC2	2	Kirita et al. 2020 PNAS 117:15874 doi:10.1073/pnas.2005477117	"Results, 'Proximal Tubule Responses to Acute Injury'; Fig. 2A (mouse genes, MGI 1:1 orthologs); quote: ""This cluster expressed a distinct set of genes not observed in either healthy or acutely injured mouse proximal tubule. These included Vcam1, Dcdc2a, and Sema5a (Fig. 2A and Dataset S2)."""
Kirita2020_FRPTC_text	SEMA5A	3	Kirita et al. 2020 PNAS 117:15874 doi:10.1073/pnas.2005477117	"Results, 'Proximal Tubule Responses to Acute Injury'; Fig. 2A (mouse genes, MGI 1:1 orthologs); quote: ""This cluster expressed a distinct set of genes not observed in either healthy or acutely injured mouse proximal tubule. These included Vcam1, Dcdc2a, and Sema5a (Fig. 2A and Dataset S2)."""
Muto2021_PTVCAM1_text	VCAM1	1	Muto et al. 2021 Nat Commun 12:2190 doi:10.1038/s41467-021-22368-w	"Results, 'NF-kB regulates the molecular signature of a subpopulation of proximal tubule that expresses VCAM1'; Fig. 5; quote: ""the PT_VCAM1 population showed increased expression of kidney injury molecule-1 (KIM1, HAVCR1)"""
Muto2021_PTVCAM1_text	HAVCR1	2	Muto et al. 2021 Nat Commun 12:2190 doi:10.1038/s41467-021-22368-w	"Results, 'NF-kB regulates the molecular signature of a subpopulation of proximal tubule that expresses VCAM1'; Fig. 5; quote: ""the PT_VCAM1 population showed increased expression of kidney injury molecule-1 (KIM1, HAVCR1)"""
Muto2021_PTVCAM1_text	VIM	3	Muto et al. 2021 Nat Commun 12:2190 doi:10.1038/s41467-021-22368-w	"same paragraph; Supplementary Fig. 14 (CD133 = PROM1); quote: ""PT_VCAM1 also expressed VIM (vimentin), CD24, and CD133 (Supplementary Fig. 14)"""
Muto2021_PTVCAM1_text	CD24	4	Muto et al. 2021 Nat Commun 12:2190 doi:10.1038/s41467-021-22368-w	"same paragraph; Supplementary Fig. 14 (CD133 = PROM1); quote: ""PT_VCAM1 also expressed VIM (vimentin), CD24, and CD133 (Supplementary Fig. 14)"""
Muto2021_PTVCAM1_text	PROM1	5	Muto et al. 2021 Nat Commun 12:2190 doi:10.1038/s41467-021-22368-w	"same paragraph; Supplementary Fig. 14 (CD133 = PROM1); quote: ""PT_VCAM1 also expressed VIM (vimentin), CD24, and CD133 (Supplementary Fig. 14)"""
Abedini2024_iPT_VCAM1_text	VCAM1	1	Abedini et al. 2024 Nat Genet 56:1712 doi:10.1038/s41588-024-01802-x	"Results, 'Injured tubule cells in human kidney fibrosis'; Fig. 5f-g; quote: ""one of the iPT clusters expressed VCAM1, ACSL1, ASS1 and ASPA"""
Abedini2024_iPT_VCAM1_text	ACSL1	2	Abedini et al. 2024 Nat Genet 56:1712 doi:10.1038/s41588-024-01802-x	"Results, 'Injured tubule cells in human kidney fibrosis'; Fig. 5f-g; quote: ""one of the iPT clusters expressed VCAM1, ACSL1, ASS1 and ASPA"""
Abedini2024_iPT_VCAM1_text	ASS1	3	Abedini et al. 2024 Nat Genet 56:1712 doi:10.1038/s41588-024-01802-x	"Results, 'Injured tubule cells in human kidney fibrosis'; Fig. 5f-g; quote: ""one of the iPT clusters expressed VCAM1, ACSL1, ASS1 and ASPA"""
Abedini2024_iPT_VCAM1_text	ASPA	4	Abedini et al. 2024 Nat Genet 56:1712 doi:10.1038/s41588-024-01802-x	"Results, 'Injured tubule cells in human kidney fibrosis'; Fig. 5f-g; quote: ""one of the iPT clusters expressed VCAM1, ACSL1, ASS1 and ASPA"""
Abedini2024_iPT_HAVCR1_text	HAVCR1	1	Abedini et al. 2024 Nat Genet 56:1712 doi:10.1038/s41588-024-01802-x	"Results, 'Injured tubule cells in human kidney fibrosis'; Supplementary Fig. 25 (IL-18 = IL18); quote: ""The second iPT cluster expressed HAVCR1 (which encodes KIM1), NFKBIZ, IL-18, ITGA3, PDGFB and ITGB1"""
Abedini2024_iPT_HAVCR1_text	NFKBIZ	2	Abedini et al. 2024 Nat Genet 56:1712 doi:10.1038/s41588-024-01802-x	"Results, 'Injured tubule cells in human kidney fibrosis'; Supplementary Fig. 25 (IL-18 = IL18); quote: ""The second iPT cluster expressed HAVCR1 (which encodes KIM1), NFKBIZ, IL-18, ITGA3, PDGFB and ITGB1"""
Abedini2024_iPT_HAVCR1_text	IL18	3	Abedini et al. 2024 Nat Genet 56:1712 doi:10.1038/s41588-024-01802-x	"Results, 'Injured tubule cells in human kidney fibrosis'; Supplementary Fig. 25 (IL-18 = IL18); quote: ""The second iPT cluster expressed HAVCR1 (which encodes KIM1), NFKBIZ, IL-18, ITGA3, PDGFB and ITGB1"""
Abedini2024_iPT_HAVCR1_text	ITGA3	4	Abedini et al. 2024 Nat Genet 56:1712 doi:10.1038/s41588-024-01802-x	"Results, 'Injured tubule cells in human kidney fibrosis'; Supplementary Fig. 25 (IL-18 = IL18); quote: ""The second iPT cluster expressed HAVCR1 (which encodes KIM1), NFKBIZ, IL-18, ITGA3, PDGFB and ITGB1"""
Abedini2024_iPT_HAVCR1_text	PDGFB	5	Abedini et al. 2024 Nat Genet 56:1712 doi:10.1038/s41588-024-01802-x	"Results, 'Injured tubule cells in human kidney fibrosis'; Supplementary Fig. 25 (IL-18 = IL18); quote: ""The second iPT cluster expressed HAVCR1 (which encodes KIM1), NFKBIZ, IL-18, ITGA3, PDGFB and ITGB1"""
Abedini2024_iPT_HAVCR1_text	ITGB1	6	Abedini et al. 2024 Nat Genet 56:1712 doi:10.1038/s41588-024-01802-x	"Results, 'Injured tubule cells in human kidney fibrosis'; Supplementary Fig. 25 (IL-18 = IL18); quote: ""The second iPT cluster expressed HAVCR1 (which encodes KIM1), NFKBIZ, IL-18, ITGA3, PDGFB and ITGB1"""
Kirita2020_FRPTC_DS2	KCNIP4	1	Kirita et al. 2020 PNAS 117:15874 doi:10.1073/pnas.2005477117	Dataset S2 (pnas.2005477117.sd02.xlsx) sheet MousePT_DEG, cluster 8 (the only cluster carrying Vcam1/Dcdc2a/Sema5a = FR-PTC); avg_logFC>0, p_val_adj<0.05; MGI 1:1 orthologs (406 mapped genes), top 200 by avg_logFC
Kirita2020_FRPTC_DS2	DOCK10	2	Kirita et al. 2020 PNAS 117:15874 doi:10.1073/pnas.2005477117	Dataset S2 (pnas.2005477117.sd02.xlsx) sheet MousePT_DEG, cluster 8 (the only cluster carrying Vcam1/Dcdc2a/Sema5a = FR-PTC); avg_logFC>0, p_val_adj<0.05; MGI 1:1 orthologs (406 mapped genes), top 200 by avg_logFC
Kirita2020_FRPTC_DS2	PDGFD	3	Kirita et al. 2020 PNAS 117:15874 doi:10.1073/pnas.2005477117	Dataset S2 (pnas.2005477117.sd02.xlsx) sheet MousePT_DEG, cluster 8 (the only cluster carrying Vcam1/Dcdc2a/Sema5a = FR-PTC); avg_logFC>0, p_val_adj<0.05; MGI 1:1 orthologs (406 mapped genes), top 200 by avg_logFC
Kirita2020_FRPTC_DS2	ERBB4	4	Kirita et al. 2020 PNAS 117:15874 doi:10.1073/pnas.2005477117	Dataset S2 (pnas.2005477117.sd02.xlsx) sheet MousePT_DEG, cluster 8 (the only cluster carrying Vcam1/Dcdc2a/Sema5a = FR-PTC); avg_logFC>0, p_val_adj<0.05; MGI 1:1 orthologs (406 mapped genes), top 200 by avg_logFC
Kirita2020_FRPTC_DS2	PSD3	5	Kirita et al. 2020 PNAS 117:15874 doi:10.1073/pnas.2005477117	Dataset S2 (pnas.2005477117.sd02.xlsx) sheet MousePT_DEG, cluster 8 (the only cluster carrying Vcam1/Dcdc2a/Sema5a = FR-PTC); avg_logFC>0, p_val_adj<0.05; MGI 1:1 orthologs (406 mapped genes), top 200 by avg_logFC
Kirita2020_FRPTC_DS2	VCAM1	6	Kirita et al. 2020 PNAS 117:15874 doi:10.1073/pnas.2005477117	Dataset S2 (pnas.2005477117.sd02.xlsx) sheet MousePT_DEG, cluster 8 (the only cluster carrying Vcam1/Dcdc2a/Sema5a = FR-PTC); avg_logFC>0, p_val_adj<0.05; MGI 1:1 orthologs (406 mapped genes), top 200 by avg_logFC
Kirita2020_FRPTC_DS2	SEMA5A	7	Kirita et al. 2020 PNAS 117:15874 doi:10.1073/pnas.2005477117	Dataset S2 (pnas.2005477117.sd02.xlsx) sheet MousePT_DEG, cluster 8 (the only cluster carrying Vcam1/Dcdc2a/Sema5a = FR-PTC); avg_logFC>0, p_val_adj<0.05; MGI 1:1 orthologs (406 mapped genes), top 200 by avg_logFC
Kirita2020_FRPTC_DS2	CP	8	Kirita et al. 2020 PNAS 117:15874 doi:10.1073/pnas.2005477117	Dataset S2 (pnas.2005477117.sd02.xlsx) sheet MousePT_DEG, cluster 8 (the only cluster carrying Vcam1/Dcdc2a/Sema5a = FR-PTC); avg_logFC>0, p_val_adj<0.05; MGI 1:1 orthologs (406 mapped genes), top 200 by avg_logFC
Kirita2020_FRPTC_DS2	SORCS1	9	Kirita et al. 2020 PNAS 117:15874 doi:10.1073/pnas.2005477117	Dataset S2 (pnas.2005477117.sd02.xlsx) sheet MousePT_DEG, cluster 8 (the only cluster carrying Vcam1/Dcdc2a/Sema5a = FR-PTC); avg_logFC>0, p_val_adj<0.05; MGI 1:1 orthologs (406 mapped genes), top 200 by avg_logFC
Kirita2020_FRPTC_DS2	PRICKLE2	10	Kirita et al. 2020 PNAS 117:15874 doi:10.1073/pnas.2005477117	Dataset S2 (pnas.2005477117.sd02.xlsx) sheet MousePT_DEG, cluster 8 (the only cluster carrying Vcam1/Dcdc2a/Sema5a = FR-PTC); avg_logFC>0, p_val_adj<0.05; MGI 1:1 orthologs (406 mapped genes), top 200 by avg_logFC
Kirita2020_FRPTC_DS2	DCDC2	11	Kirita et al. 2020 PNAS 117:15874 doi:10.1073/pnas.2005477117	Dataset S2 (pnas.2005477117.sd02.xlsx) sheet MousePT_DEG, cluster 8 (the only cluster carrying Vcam1/Dcdc2a/Sema5a = FR-PTC); avg_logFC>0, p_val_adj<0.05; MGI 1:1 orthologs (406 mapped genes), top 200 by avg_logFC
Kirita2020_FRPTC_DS2	SYTL2	12	Kirita et al. 2020 PNAS 117:15874 doi:10.1073/pnas.2005477117	Dataset S2 (pnas.2005477117.sd02.xlsx) sheet MousePT_DEG, cluster 8 (the only cluster carrying Vcam1/Dcdc2a/Sema5a = FR-PTC); avg_logFC>0, p_val_adj<0.05; MGI 1:1 orthologs (406 mapped genes), top 200 by avg_logFC
Kirita2020_FRPTC_DS2	KCNH8	13	Kirita et al. 2020 PNAS 117:15874 doi:10.1073/pnas.2005477117	Dataset S2 (pnas.2005477117.sd02.xlsx) sheet MousePT_DEG, cluster 8 (the only cluster carrying Vcam1/Dcdc2a/Sema5a = FR-PTC); avg_logFC>0, p_val_adj<0.05; MGI 1:1 orthologs (406 mapped genes), top 200 by avg_logFC
Kirita2020_FRPTC_DS2	ANKRD6	14	Kirita et al. 2020 PNAS 117:15874 doi:10.1073/pnas.2005477117	Dataset S2 (pnas.2005477117.sd02.xlsx) sheet MousePT_DEG, cluster 8 (the only cluster carrying Vcam1/Dcdc2a/Sema5a = FR-PTC); avg_logFC>0, p_val_adj<0.05; MGI 1:1 orthologs (406 mapped genes), top 200 by avg_logFC
Kirita2020_FRPTC_DS2	AKAP12	15	Kirita et al. 2020 PNAS 117:15874 doi:10.1073/pnas.2005477117	Dataset S2 (pnas.2005477117.sd02.xlsx) sheet MousePT_DEG, cluster 8 (the only cluster carrying Vcam1/Dcdc2a/Sema5a = FR-PTC); avg_logFC>0, p_val_adj<0.05; MGI 1:1 orthologs (406 mapped genes), top 200 by avg_logFC
Kirita2020_FRPTC_DS2	CREB5	16	Kirita et al. 2020 PNAS 117:15874 doi:10.1073/pnas.2005477117	Dataset S2 (pnas.2005477117.sd02.xlsx) sheet MousePT_DEG, cluster 8 (the only cluster carrying Vcam1/Dcdc2a/Sema5a = FR-PTC); avg_logFC>0, p_val_adj<0.05; MGI 1:1 orthologs (406 mapped genes), top 200 by avg_logFC
Kirita2020_FRPTC_DS2	BICC1	17	Kirita et al. 2020 PNAS 117:15874 doi:10.1073/pnas.2005477117	Dataset S2 (pnas.2005477117.sd02.xlsx) sheet MousePT_DEG, cluster 8 (the only cluster carrying Vcam1/Dcdc2a/Sema5a = FR-PTC); avg_logFC>0, p_val_adj<0.05; MGI 1:1 orthologs (406 mapped genes), top 200 by avg_logFC
Kirita2020_FRPTC_DS2	KIAA1217	18	Kirita et al. 2020 PNAS 117:15874 doi:10.1073/pnas.2005477117	Dataset S2 (pnas.2005477117.sd02.xlsx) sheet MousePT_DEG, cluster 8 (the only cluster carrying Vcam1/Dcdc2a/Sema5a = FR-PTC); avg_logFC>0, p_val_adj<0.05; MGI 1:1 orthologs (406 mapped genes), top 200 by avg_logFC
Kirita2020_FRPTC_DS2	CDH6	19	Kirita et al. 2020 PNAS 117:15874 doi:10.1073/pnas.2005477117	Dataset S2 (pnas.2005477117.sd02.xlsx) sheet MousePT_DEG, cluster 8 (the only cluster carrying Vcam1/Dcdc2a/Sema5a = FR-PTC); avg_logFC>0, p_val_adj<0.05; MGI 1:1 orthologs (406 mapped genes), top 200 by avg_logFC
Kirita2020_FRPTC_DS2	SASH1	20	Kirita et al. 2020 PNAS 117:15874 doi:10.1073/pnas.2005477117	Dataset S2 (pnas.2005477117.sd02.xlsx) sheet MousePT_DEG, cluster 8 (the only cluster carrying Vcam1/Dcdc2a/Sema5a = FR-PTC); avg_logFC>0, p_val_adj<0.05; MGI 1:1 orthologs (406 mapped genes), top 200 by avg_logFC
Kirita2020_FRPTC_DS2	MAP3K1	21	Kirita et al. 2020 PNAS 117:15874 doi:10.1073/pnas.2005477117	Dataset S2 (pnas.2005477117.sd02.xlsx) sheet MousePT_DEG, cluster 8 (the only cluster carrying Vcam1/Dcdc2a/Sema5a = FR-PTC); avg_logFC>0, p_val_adj<0.05; MGI 1:1 orthologs (406 mapped genes), top 200 by avg_logFC
Kirita2020_FRPTC_DS2	ITGAV	22	Kirita et al. 2020 PNAS 117:15874 doi:10.1073/pnas.2005477117	Dataset S2 (pnas.2005477117.sd02.xlsx) sheet MousePT_DEG, cluster 8 (the only cluster carrying Vcam1/Dcdc2a/Sema5a = FR-PTC); avg_logFC>0, p_val_adj<0.05; MGI 1:1 orthologs (406 mapped genes), top 200 by avg_logFC
Kirita2020_FRPTC_DS2	ITGA1	23	Kirita et al. 2020 PNAS 117:15874 doi:10.1073/pnas.2005477117	Dataset S2 (pnas.2005477117.sd02.xlsx) sheet MousePT_DEG, cluster 8 (the only cluster carrying Vcam1/Dcdc2a/Sema5a = FR-PTC); avg_logFC>0, p_val_adj<0.05; MGI 1:1 orthologs (406 mapped genes), top 200 by avg_logFC
Kirita2020_FRPTC_DS2	IL34	24	Kirita et al. 2020 PNAS 117:15874 doi:10.1073/pnas.2005477117	Dataset S2 (pnas.2005477117.sd02.xlsx) sheet MousePT_DEG, cluster 8 (the only cluster carrying Vcam1/Dcdc2a/Sema5a = FR-PTC); avg_logFC>0, p_val_adj<0.05; MGI 1:1 orthologs (406 mapped genes), top 200 by avg_logFC
Kirita2020_FRPTC_DS2	CADPS2	25	Kirita et al. 2020 PNAS 117:15874 doi:10.1073/pnas.2005477117	Dataset S2 (pnas.2005477117.sd02.xlsx) sheet MousePT_DEG, cluster 8 (the only cluster carrying Vcam1/Dcdc2a/Sema5a = FR-PTC); avg_logFC>0, p_val_adj<0.05; MGI 1:1 orthologs (406 mapped genes), top 200 by avg_logFC
Kirita2020_FRPTC_DS2	TMEM126B	26	Kirita et al. 2020 PNAS 117:15874 doi:10.1073/pnas.2005477117	Dataset S2 (pnas.2005477117.sd02.xlsx) sheet MousePT_DEG, cluster 8 (the only cluster carrying Vcam1/Dcdc2a/Sema5a = FR-PTC); avg_logFC>0, p_val_adj<0.05; MGI 1:1 orthologs (406 mapped genes), top 200 by avg_logFC
Kirita2020_FRPTC_DS2	GPC3	27	Kirita et al. 2020 PNAS 117:15874 doi:10.1073/pnas.2005477117	Dataset S2 (pnas.2005477117.sd02.xlsx) sheet MousePT_DEG, cluster 8 (the only cluster carrying Vcam1/Dcdc2a/Sema5a = FR-PTC); avg_logFC>0, p_val_adj<0.05; MGI 1:1 orthologs (406 mapped genes), top 200 by avg_logFC
Kirita2020_FRPTC_DS2	BIRC3	28	Kirita et al. 2020 PNAS 117:15874 doi:10.1073/pnas.2005477117	Dataset S2 (pnas.2005477117.sd02.xlsx) sheet MousePT_DEG, cluster 8 (the only cluster carrying Vcam1/Dcdc2a/Sema5a = FR-PTC); avg_logFC>0, p_val_adj<0.05; MGI 1:1 orthologs (406 mapped genes), top 200 by avg_logFC
Kirita2020_FRPTC_DS2	COL18A1	29	Kirita et al. 2020 PNAS 117:15874 doi:10.1073/pnas.2005477117	Dataset S2 (pnas.2005477117.sd02.xlsx) sheet MousePT_DEG, cluster 8 (the only cluster carrying Vcam1/Dcdc2a/Sema5a = FR-PTC); avg_logFC>0, p_val_adj<0.05; MGI 1:1 orthologs (406 mapped genes), top 200 by avg_logFC
Kirita2020_FRPTC_DS2	SPINT2	30	Kirita et al. 2020 PNAS 117:15874 doi:10.1073/pnas.2005477117	Dataset S2 (pnas.2005477117.sd02.xlsx) sheet MousePT_DEG, cluster 8 (the only cluster carrying Vcam1/Dcdc2a/Sema5a = FR-PTC); avg_logFC>0, p_val_adj<0.05; MGI 1:1 orthologs (406 mapped genes), top 200 by avg_logFC
Kirita2020_FRPTC_DS2	FARP1	31	Kirita et al. 2020 PNAS 117:15874 doi:10.1073/pnas.2005477117	Dataset S2 (pnas.2005477117.sd02.xlsx) sheet MousePT_DEG, cluster 8 (the only cluster carrying Vcam1/Dcdc2a/Sema5a = FR-PTC); avg_logFC>0, p_val_adj<0.05; MGI 1:1 orthologs (406 mapped genes), top 200 by avg_logFC
Kirita2020_FRPTC_DS2	FHOD3	32	Kirita et al. 2020 PNAS 117:15874 doi:10.1073/pnas.2005477117	Dataset S2 (pnas.2005477117.sd02.xlsx) sheet MousePT_DEG, cluster 8 (the only cluster carrying Vcam1/Dcdc2a/Sema5a = FR-PTC); avg_logFC>0, p_val_adj<0.05; MGI 1:1 orthologs (406 mapped genes), top 200 by avg_logFC
Kirita2020_FRPTC_DS2	ZNRF1	33	Kirita et al. 2020 PNAS 117:15874 doi:10.1073/pnas.2005477117	Dataset S2 (pnas.2005477117.sd02.xlsx) sheet MousePT_DEG, cluster 8 (the only cluster carrying Vcam1/Dcdc2a/Sema5a = FR-PTC); avg_logFC>0, p_val_adj<0.05; MGI 1:1 orthologs (406 mapped genes), top 200 by avg_logFC
Kirita2020_FRPTC_DS2	C12orf56	34	Kirita et al. 2020 PNAS 117:15874 doi:10.1073/pnas.2005477117	Dataset S2 (pnas.2005477117.sd02.xlsx) sheet MousePT_DEG, cluster 8 (the only cluster carrying Vcam1/Dcdc2a/Sema5a = FR-PTC); avg_logFC>0, p_val_adj<0.05; MGI 1:1 orthologs (406 mapped genes), top 200 by avg_logFC
Kirita2020_FRPTC_DS2	GRK5	35	Kirita et al. 2020 PNAS 117:15874 doi:10.1073/pnas.2005477117	Dataset S2 (pnas.2005477117.sd02.xlsx) sheet MousePT_DEG, cluster 8 (the only cluster carrying Vcam1/Dcdc2a/Sema5a = FR-PTC); avg_logFC>0, p_val_adj<0.05; MGI 1:1 orthologs (406 mapped genes), top 200 by avg_logFC
Kirita2020_FRPTC_DS2	TNS3	36	Kirita et al. 2020 PNAS 117:15874 doi:10.1073/pnas.2005477117	Dataset S2 (pnas.2005477117.sd02.xlsx) sheet MousePT_DEG, cluster 8 (the only cluster carrying Vcam1/Dcdc2a/Sema5a = FR-PTC); avg_logFC>0, p_val_adj<0.05; MGI 1:1 orthologs (406 mapped genes), top 200 by avg_logFC
Kirita2020_FRPTC_DS2	PARP8	37	Kirita et al. 2020 PNAS 117:15874 doi:10.1073/pnas.2005477117	Dataset S2 (pnas.2005477117.sd02.xlsx) sheet MousePT_DEG, cluster 8 (the only cluster carrying Vcam1/Dcdc2a/Sema5a = FR-PTC); avg_logFC>0, p_val_adj<0.05; MGI 1:1 orthologs (406 mapped genes), top 200 by avg_logFC
Kirita2020_FRPTC_DS2	NLRC5	38	Kirita et al. 2020 PNAS 117:15874 doi:10.1073/pnas.2005477117	Dataset S2 (pnas.2005477117.sd02.xlsx) sheet MousePT_DEG, cluster 8 (the only cluster carrying Vcam1/Dcdc2a/Sema5a = FR-PTC); avg_logFC>0, p_val_adj<0.05; MGI 1:1 orthologs (406 mapped genes), top 200 by avg_logFC
Kirita2020_FRPTC_DS2	SPNS2	39	Kirita et al. 2020 PNAS 117:15874 doi:10.1073/pnas.2005477117	Dataset S2 (pnas.2005477117.sd02.xlsx) sheet MousePT_DEG, cluster 8 (the only cluster carrying Vcam1/Dcdc2a/Sema5a = FR-PTC); avg_logFC>0, p_val_adj<0.05; MGI 1:1 orthologs (406 mapped genes), top 200 by avg_logFC
Kirita2020_FRPTC_DS2	MCC	40	Kirita et al. 2020 PNAS 117:15874 doi:10.1073/pnas.2005477117	Dataset S2 (pnas.2005477117.sd02.xlsx) sheet MousePT_DEG, cluster 8 (the only cluster carrying Vcam1/Dcdc2a/Sema5a = FR-PTC); avg_logFC>0, p_val_adj<0.05; MGI 1:1 orthologs (406 mapped genes), top 200 by avg_logFC
Kirita2020_FRPTC_DS2	ZBTB7C	41	Kirita et al. 2020 PNAS 117:15874 doi:10.1073/pnas.2005477117	Dataset S2 (pnas.2005477117.sd02.xlsx) sheet MousePT_DEG, cluster 8 (the only cluster carrying Vcam1/Dcdc2a/Sema5a = FR-PTC); avg_logFC>0, p_val_adj<0.05; MGI 1:1 orthologs (406 mapped genes), top 200 by avg_logFC
Kirita2020_FRPTC_DS2	TPM1	42	Kirita et al. 2020 PNAS 117:15874 doi:10.1073/pnas.2005477117	Dataset S2 (pnas.2005477117.sd02.xlsx) sheet MousePT_DEG, cluster 8 (the only cluster carrying Vcam1/Dcdc2a/Sema5a = FR-PTC); avg_logFC>0, p_val_adj<0.05; MGI 1:1 orthologs (406 mapped genes), top 200 by avg_logFC
Kirita2020_FRPTC_DS2	MYO9A	43	Kirita et al. 2020 PNAS 117:15874 doi:10.1073/pnas.2005477117	Dataset S2 (pnas.2005477117.sd02.xlsx) sheet MousePT_DEG, cluster 8 (the only cluster carrying Vcam1/Dcdc2a/Sema5a = FR-PTC); avg_logFC>0, p_val_adj<0.05; MGI 1:1 orthologs (406 mapped genes), top 200 by avg_logFC
Kirita2020_FRPTC_DS2	IGFBP7	44	Kirita et al. 2020 PNAS 117:15874 doi:10.1073/pnas.2005477117	Dataset S2 (pnas.2005477117.sd02.xlsx) sheet MousePT_DEG, cluster 8 (the only cluster carrying Vcam1/Dcdc2a/Sema5a = FR-PTC); avg_logFC>0, p_val_adj<0.05; MGI 1:1 orthologs (406 mapped genes), top 200 by avg_logFC
Kirita2020_FRPTC_DS2	GXYLT2	45	Kirita et al. 2020 PNAS 117:15874 doi:10.1073/pnas.2005477117	Dataset S2 (pnas.2005477117.sd02.xlsx) sheet MousePT_DEG, cluster 8 (the only cluster carrying Vcam1/Dcdc2a/Sema5a = FR-PTC); avg_logFC>0, p_val_adj<0.05; MGI 1:1 orthologs (406 mapped genes), top 200 by avg_logFC
Kirita2020_FRPTC_DS2	ST3GAL3	46	Kirita et al. 2020 PNAS 117:15874 doi:10.1073/pnas.2005477117	Dataset S2 (pnas.2005477117.sd02.xlsx) sheet MousePT_DEG, cluster 8 (the only cluster carrying Vcam1/Dcdc2a/Sema5a = FR-PTC); avg_logFC>0, p_val_adj<0.05; MGI 1:1 orthologs (406 mapped genes), top 200 by avg_logFC
Kirita2020_FRPTC_DS2	C1orf21	47	Kirita et al. 2020 PNAS 117:15874 doi:10.1073/pnas.2005477117	Dataset S2 (pnas.2005477117.sd02.xlsx) sheet MousePT_DEG, cluster 8 (the only cluster carrying Vcam1/Dcdc2a/Sema5a = FR-PTC); avg_logFC>0, p_val_adj<0.05; MGI 1:1 orthologs (406 mapped genes), top 200 by avg_logFC
Kirita2020_FRPTC_DS2	NFAT5	48	Kirita et al. 2020 PNAS 117:15874 doi:10.1073/pnas.2005477117	Dataset S2 (pnas.2005477117.sd02.xlsx) sheet MousePT_DEG, cluster 8 (the only cluster carrying Vcam1/Dcdc2a/Sema5a = FR-PTC); avg_logFC>0, p_val_adj<0.05; MGI 1:1 orthologs (406 mapped genes), top 200 by avg_logFC
Kirita2020_FRPTC_DS2	SEMA3C	49	Kirita et al. 2020 PNAS 117:15874 doi:10.1073/pnas.2005477117	Dataset S2 (pnas.2005477117.sd02.xlsx) sheet MousePT_DEG, cluster 8 (the only cluster carrying Vcam1/Dcdc2a/Sema5a = FR-PTC); avg_logFC>0, p_val_adj<0.05; MGI 1:1 orthologs (406 mapped genes), top 200 by avg_logFC
Kirita2020_FRPTC_DS2	ZBTB16	50	Kirita et al. 2020 PNAS 117:15874 doi:10.1073/pnas.2005477117	Dataset S2 (pnas.2005477117.sd02.xlsx) sheet MousePT_DEG, cluster 8 (the only cluster carrying Vcam1/Dcdc2a/Sema5a = FR-PTC); avg_logFC>0, p_val_adj<0.05; MGI 1:1 orthologs (406 mapped genes), top 200 by avg_logFC
Kirita2020_FRPTC_DS2	DLGAP4	51	Kirita et al. 2020 PNAS 117:15874 doi:10.1073/pnas.2005477117	Dataset S2 (pnas.2005477117.sd02.xlsx) sheet MousePT_DEG, cluster 8 (the only cluster carrying Vcam1/Dcdc2a/Sema5a = FR-PTC); avg_logFC>0, p_val_adj<0.05; MGI 1:1 orthologs (406 mapped genes), top 200 by avg_logFC
Kirita2020_FRPTC_DS2	PRRG1	52	Kirita et al. 2020 PNAS 117:15874 doi:10.1073/pnas.2005477117	Dataset S2 (pnas.2005477117.sd02.xlsx) sheet MousePT_DEG, cluster 8 (the only cluster carrying Vcam1/Dcdc2a/Sema5a = FR-PTC); avg_logFC>0, p_val_adj<0.05; MGI 1:1 orthologs (406 mapped genes), top 200 by avg_logFC
Kirita2020_FRPTC_DS2	ADGRG1	53	Kirita et al. 2020 PNAS 117:15874 doi:10.1073/pnas.2005477117	Dataset S2 (pnas.2005477117.sd02.xlsx) sheet MousePT_DEG, cluster 8 (the only cluster carrying Vcam1/Dcdc2a/Sema5a = FR-PTC); avg_logFC>0, p_val_adj<0.05; MGI 1:1 orthologs (406 mapped genes), top 200 by avg_logFC
Kirita2020_FRPTC_DS2	LPP	54	Kirita et al. 2020 PNAS 117:15874 doi:10.1073/pnas.2005477117	Dataset S2 (pnas.2005477117.sd02.xlsx) sheet MousePT_DEG, cluster 8 (the only cluster carrying Vcam1/Dcdc2a/Sema5a = FR-PTC); avg_logFC>0, p_val_adj<0.05; MGI 1:1 orthologs (406 mapped genes), top 200 by avg_logFC
Kirita2020_FRPTC_DS2	CD47	55	Kirita et al. 2020 PNAS 117:15874 doi:10.1073/pnas.2005477117	Dataset S2 (pnas.2005477117.sd02.xlsx) sheet MousePT_DEG, cluster 8 (the only cluster carrying Vcam1/Dcdc2a/Sema5a = FR-PTC); avg_logFC>0, p_val_adj<0.05; MGI 1:1 orthologs (406 mapped genes), top 200 by avg_logFC
Kirita2020_FRPTC_DS2	PTPN13	56	Kirita et al. 2020 PNAS 117:15874 doi:10.1073/pnas.2005477117	Dataset S2 (pnas.2005477117.sd02.xlsx) sheet MousePT_DEG, cluster 8 (the only cluster carrying Vcam1/Dcdc2a/Sema5a = FR-PTC); avg_logFC>0, p_val_adj<0.05; MGI 1:1 orthologs (406 mapped genes), top 200 by avg_logFC
Kirita2020_FRPTC_DS2	CALD1	57	Kirita et al. 2020 PNAS 117:15874 doi:10.1073/pnas.2005477117	Dataset S2 (pnas.2005477117.sd02.xlsx) sheet MousePT_DEG, cluster 8 (the only cluster carrying Vcam1/Dcdc2a/Sema5a = FR-PTC); avg_logFC>0, p_val_adj<0.05; MGI 1:1 orthologs (406 mapped genes), top 200 by avg_logFC
Kirita2020_FRPTC_DS2	ARID1B	58	Kirita et al. 2020 PNAS 117:15874 doi:10.1073/pnas.2005477117	Dataset S2 (pnas.2005477117.sd02.xlsx) sheet MousePT_DEG, cluster 8 (the only cluster carrying Vcam1/Dcdc2a/Sema5a = FR-PTC); avg_logFC>0, p_val_adj<0.05; MGI 1:1 orthologs (406 mapped genes), top 200 by avg_logFC
Kirita2020_FRPTC_DS2	RBPMS	59	Kirita et al. 2020 PNAS 117:15874 doi:10.1073/pnas.2005477117	Dataset S2 (pnas.2005477117.sd02.xlsx) sheet MousePT_DEG, cluster 8 (the only cluster carrying Vcam1/Dcdc2a/Sema5a = FR-PTC); avg_logFC>0, p_val_adj<0.05; MGI 1:1 orthologs (406 mapped genes), top 200 by avg_logFC
Kirita2020_FRPTC_DS2	MYH9	60	Kirita et al. 2020 PNAS 117:15874 doi:10.1073/pnas.2005477117	Dataset S2 (pnas.2005477117.sd02.xlsx) sheet MousePT_DEG, cluster 8 (the only cluster carrying Vcam1/Dcdc2a/Sema5a = FR-PTC); avg_logFC>0, p_val_adj<0.05; MGI 1:1 orthologs (406 mapped genes), top 200 by avg_logFC
Kirita2020_FRPTC_DS2	ACTN1	61	Kirita et al. 2020 PNAS 117:15874 doi:10.1073/pnas.2005477117	Dataset S2 (pnas.2005477117.sd02.xlsx) sheet MousePT_DEG, cluster 8 (the only cluster carrying Vcam1/Dcdc2a/Sema5a = FR-PTC); avg_logFC>0, p_val_adj<0.05; MGI 1:1 orthologs (406 mapped genes), top 200 by avg_logFC
Kirita2020_FRPTC_DS2	NGF	62	Kirita et al. 2020 PNAS 117:15874 doi:10.1073/pnas.2005477117	Dataset S2 (pnas.2005477117.sd02.xlsx) sheet MousePT_DEG, cluster 8 (the only cluster carrying Vcam1/Dcdc2a/Sema5a = FR-PTC); avg_logFC>0, p_val_adj<0.05; MGI 1:1 orthologs (406 mapped genes), top 200 by avg_logFC
Kirita2020_FRPTC_DS2	PLEKHG2	63	Kirita et al. 2020 PNAS 117:15874 doi:10.1073/pnas.2005477117	Dataset S2 (pnas.2005477117.sd02.xlsx) sheet MousePT_DEG, cluster 8 (the only cluster carrying Vcam1/Dcdc2a/Sema5a = FR-PTC); avg_logFC>0, p_val_adj<0.05; MGI 1:1 orthologs (406 mapped genes), top 200 by avg_logFC
Kirita2020_FRPTC_DS2	HIVEP1	64	Kirita et al. 2020 PNAS 117:15874 doi:10.1073/pnas.2005477117	Dataset S2 (pnas.2005477117.sd02.xlsx) sheet MousePT_DEG, cluster 8 (the only cluster carrying Vcam1/Dcdc2a/Sema5a = FR-PTC); avg_logFC>0, p_val_adj<0.05; MGI 1:1 orthologs (406 mapped genes), top 200 by avg_logFC
Kirita2020_FRPTC_DS2	FAM13B	65	Kirita et al. 2020 PNAS 117:15874 doi:10.1073/pnas.2005477117	Dataset S2 (pnas.2005477117.sd02.xlsx) sheet MousePT_DEG, cluster 8 (the only cluster carrying Vcam1/Dcdc2a/Sema5a = FR-PTC); avg_logFC>0, p_val_adj<0.05; MGI 1:1 orthologs (406 mapped genes), top 200 by avg_logFC
Kirita2020_FRPTC_DS2	SYNE2	66	Kirita et al. 2020 PNAS 117:15874 doi:10.1073/pnas.2005477117	Dataset S2 (pnas.2005477117.sd02.xlsx) sheet MousePT_DEG, cluster 8 (the only cluster carrying Vcam1/Dcdc2a/Sema5a = FR-PTC); avg_logFC>0, p_val_adj<0.05; MGI 1:1 orthologs (406 mapped genes), top 200 by avg_logFC
Kirita2020_FRPTC_DS2	BIRC2	67	Kirita et al. 2020 PNAS 117:15874 doi:10.1073/pnas.2005477117	Dataset S2 (pnas.2005477117.sd02.xlsx) sheet MousePT_DEG, cluster 8 (the only cluster carrying Vcam1/Dcdc2a/Sema5a = FR-PTC); avg_logFC>0, p_val_adj<0.05; MGI 1:1 orthologs (406 mapped genes), top 200 by avg_logFC
Kirita2020_FRPTC_DS2	NFKB1	68	Kirita et al. 2020 PNAS 117:15874 doi:10.1073/pnas.2005477117	Dataset S2 (pnas.2005477117.sd02.xlsx) sheet MousePT_DEG, cluster 8 (the only cluster carrying Vcam1/Dcdc2a/Sema5a = FR-PTC); avg_logFC>0, p_val_adj<0.05; MGI 1:1 orthologs (406 mapped genes), top 200 by avg_logFC
Kirita2020_FRPTC_DS2	SPP1	69	Kirita et al. 2020 PNAS 117:15874 doi:10.1073/pnas.2005477117	Dataset S2 (pnas.2005477117.sd02.xlsx) sheet MousePT_DEG, cluster 8 (the only cluster carrying Vcam1/Dcdc2a/Sema5a = FR-PTC); avg_logFC>0, p_val_adj<0.05; MGI 1:1 orthologs (406 mapped genes), top 200 by avg_logFC
Kirita2020_FRPTC_DS2	NEDD4	70	Kirita et al. 2020 PNAS 117:15874 doi:10.1073/pnas.2005477117	Dataset S2 (pnas.2005477117.sd02.xlsx) sheet MousePT_DEG, cluster 8 (the only cluster carrying Vcam1/Dcdc2a/Sema5a = FR-PTC); avg_logFC>0, p_val_adj<0.05; MGI 1:1 orthologs (406 mapped genes), top 200 by avg_logFC
Kirita2020_FRPTC_DS2	EDN1	71	Kirita et al. 2020 PNAS 117:15874 doi:10.1073/pnas.2005477117	Dataset S2 (pnas.2005477117.sd02.xlsx) sheet MousePT_DEG, cluster 8 (the only cluster carrying Vcam1/Dcdc2a/Sema5a = FR-PTC); avg_logFC>0, p_val_adj<0.05; MGI 1:1 orthologs (406 mapped genes), top 200 by avg_logFC
Kirita2020_FRPTC_DS2	SAMD4A	72	Kirita et al. 2020 PNAS 117:15874 doi:10.1073/pnas.2005477117	Dataset S2 (pnas.2005477117.sd02.xlsx) sheet MousePT_DEG, cluster 8 (the only cluster carrying Vcam1/Dcdc2a/Sema5a = FR-PTC); avg_logFC>0, p_val_adj<0.05; MGI 1:1 orthologs (406 mapped genes), top 200 by avg_logFC
Kirita2020_FRPTC_DS2	MAPK4	73	Kirita et al. 2020 PNAS 117:15874 doi:10.1073/pnas.2005477117	Dataset S2 (pnas.2005477117.sd02.xlsx) sheet MousePT_DEG, cluster 8 (the only cluster carrying Vcam1/Dcdc2a/Sema5a = FR-PTC); avg_logFC>0, p_val_adj<0.05; MGI 1:1 orthologs (406 mapped genes), top 200 by avg_logFC
Kirita2020_FRPTC_DS2	SBNO2	74	Kirita et al. 2020 PNAS 117:15874 doi:10.1073/pnas.2005477117	Dataset S2 (pnas.2005477117.sd02.xlsx) sheet MousePT_DEG, cluster 8 (the only cluster carrying Vcam1/Dcdc2a/Sema5a = FR-PTC); avg_logFC>0, p_val_adj<0.05; MGI 1:1 orthologs (406 mapped genes), top 200 by avg_logFC
Kirita2020_FRPTC_DS2	SRGAP1	75	Kirita et al. 2020 PNAS 117:15874 doi:10.1073/pnas.2005477117	Dataset S2 (pnas.2005477117.sd02.xlsx) sheet MousePT_DEG, cluster 8 (the only cluster carrying Vcam1/Dcdc2a/Sema5a = FR-PTC); avg_logFC>0, p_val_adj<0.05; MGI 1:1 orthologs (406 mapped genes), top 200 by avg_logFC
Kirita2020_FRPTC_DS2	SEMA6A	76	Kirita et al. 2020 PNAS 117:15874 doi:10.1073/pnas.2005477117	Dataset S2 (pnas.2005477117.sd02.xlsx) sheet MousePT_DEG, cluster 8 (the only cluster carrying Vcam1/Dcdc2a/Sema5a = FR-PTC); avg_logFC>0, p_val_adj<0.05; MGI 1:1 orthologs (406 mapped genes), top 200 by avg_logFC
Kirita2020_FRPTC_DS2	THSD7A	77	Kirita et al. 2020 PNAS 117:15874 doi:10.1073/pnas.2005477117	Dataset S2 (pnas.2005477117.sd02.xlsx) sheet MousePT_DEG, cluster 8 (the only cluster carrying Vcam1/Dcdc2a/Sema5a = FR-PTC); avg_logFC>0, p_val_adj<0.05; MGI 1:1 orthologs (406 mapped genes), top 200 by avg_logFC
Kirita2020_FRPTC_DS2	STXBP6	78	Kirita et al. 2020 PNAS 117:15874 doi:10.1073/pnas.2005477117	Dataset S2 (pnas.2005477117.sd02.xlsx) sheet MousePT_DEG, cluster 8 (the only cluster carrying Vcam1/Dcdc2a/Sema5a = FR-PTC); avg_logFC>0, p_val_adj<0.05; MGI 1:1 orthologs (406 mapped genes), top 200 by avg_logFC
Kirita2020_FRPTC_DS2	DENND2A	79	Kirita et al. 2020 PNAS 117:15874 doi:10.1073/pnas.2005477117	Dataset S2 (pnas.2005477117.sd02.xlsx) sheet MousePT_DEG, cluster 8 (the only cluster carrying Vcam1/Dcdc2a/Sema5a = FR-PTC); avg_logFC>0, p_val_adj<0.05; MGI 1:1 orthologs (406 mapped genes), top 200 by avg_logFC
Kirita2020_FRPTC_DS2	NAALADL2	80	Kirita et al. 2020 PNAS 117:15874 doi:10.1073/pnas.2005477117	Dataset S2 (pnas.2005477117.sd02.xlsx) sheet MousePT_DEG, cluster 8 (the only cluster carrying Vcam1/Dcdc2a/Sema5a = FR-PTC); avg_logFC>0, p_val_adj<0.05; MGI 1:1 orthologs (406 mapped genes), top 200 by avg_logFC
Kirita2020_FRPTC_DS2	KLF7	81	Kirita et al. 2020 PNAS 117:15874 doi:10.1073/pnas.2005477117	Dataset S2 (pnas.2005477117.sd02.xlsx) sheet MousePT_DEG, cluster 8 (the only cluster carrying Vcam1/Dcdc2a/Sema5a = FR-PTC); avg_logFC>0, p_val_adj<0.05; MGI 1:1 orthologs (406 mapped genes), top 200 by avg_logFC
Kirita2020_FRPTC_DS2	FRK	82	Kirita et al. 2020 PNAS 117:15874 doi:10.1073/pnas.2005477117	Dataset S2 (pnas.2005477117.sd02.xlsx) sheet MousePT_DEG, cluster 8 (the only cluster carrying Vcam1/Dcdc2a/Sema5a = FR-PTC); avg_logFC>0, p_val_adj<0.05; MGI 1:1 orthologs (406 mapped genes), top 200 by avg_logFC
Kirita2020_FRPTC_DS2	DPYSL3	83	Kirita et al. 2020 PNAS 117:15874 doi:10.1073/pnas.2005477117	Dataset S2 (pnas.2005477117.sd02.xlsx) sheet MousePT_DEG, cluster 8 (the only cluster carrying Vcam1/Dcdc2a/Sema5a = FR-PTC); avg_logFC>0, p_val_adj<0.05; MGI 1:1 orthologs (406 mapped genes), top 200 by avg_logFC
Kirita2020_FRPTC_DS2	KANSL1L	84	Kirita et al. 2020 PNAS 117:15874 doi:10.1073/pnas.2005477117	Dataset S2 (pnas.2005477117.sd02.xlsx) sheet MousePT_DEG, cluster 8 (the only cluster carrying Vcam1/Dcdc2a/Sema5a = FR-PTC); avg_logFC>0, p_val_adj<0.05; MGI 1:1 orthologs (406 mapped genes), top 200 by avg_logFC
Kirita2020_FRPTC_DS2	RELB	85	Kirita et al. 2020 PNAS 117:15874 doi:10.1073/pnas.2005477117	Dataset S2 (pnas.2005477117.sd02.xlsx) sheet MousePT_DEG, cluster 8 (the only cluster carrying Vcam1/Dcdc2a/Sema5a = FR-PTC); avg_logFC>0, p_val_adj<0.05; MGI 1:1 orthologs (406 mapped genes), top 200 by avg_logFC
Kirita2020_FRPTC_DS2	ANXA4	86	Kirita et al. 2020 PNAS 117:15874 doi:10.1073/pnas.2005477117	Dataset S2 (pnas.2005477117.sd02.xlsx) sheet MousePT_DEG, cluster 8 (the only cluster carrying Vcam1/Dcdc2a/Sema5a = FR-PTC); avg_logFC>0, p_val_adj<0.05; MGI 1:1 orthologs (406 mapped genes), top 200 by avg_logFC
Kirita2020_FRPTC_DS2	PKHD1	87	Kirita et al. 2020 PNAS 117:15874 doi:10.1073/pnas.2005477117	Dataset S2 (pnas.2005477117.sd02.xlsx) sheet MousePT_DEG, cluster 8 (the only cluster carrying Vcam1/Dcdc2a/Sema5a = FR-PTC); avg_logFC>0, p_val_adj<0.05; MGI 1:1 orthologs (406 mapped genes), top 200 by avg_logFC
Kirita2020_FRPTC_DS2	GRID1	88	Kirita et al. 2020 PNAS 117:15874 doi:10.1073/pnas.2005477117	Dataset S2 (pnas.2005477117.sd02.xlsx) sheet MousePT_DEG, cluster 8 (the only cluster carrying Vcam1/Dcdc2a/Sema5a = FR-PTC); avg_logFC>0, p_val_adj<0.05; MGI 1:1 orthologs (406 mapped genes), top 200 by avg_logFC
Kirita2020_FRPTC_DS2	GMDS	89	Kirita et al. 2020 PNAS 117:15874 doi:10.1073/pnas.2005477117	Dataset S2 (pnas.2005477117.sd02.xlsx) sheet MousePT_DEG, cluster 8 (the only cluster carrying Vcam1/Dcdc2a/Sema5a = FR-PTC); avg_logFC>0, p_val_adj<0.05; MGI 1:1 orthologs (406 mapped genes), top 200 by avg_logFC
Kirita2020_FRPTC_DS2	MSI2	90	Kirita et al. 2020 PNAS 117:15874 doi:10.1073/pnas.2005477117	Dataset S2 (pnas.2005477117.sd02.xlsx) sheet MousePT_DEG, cluster 8 (the only cluster carrying Vcam1/Dcdc2a/Sema5a = FR-PTC); avg_logFC>0, p_val_adj<0.05; MGI 1:1 orthologs (406 mapped genes), top 200 by avg_logFC
Kirita2020_FRPTC_DS2	KIAA1755	91	Kirita et al. 2020 PNAS 117:15874 doi:10.1073/pnas.2005477117	Dataset S2 (pnas.2005477117.sd02.xlsx) sheet MousePT_DEG, cluster 8 (the only cluster carrying Vcam1/Dcdc2a/Sema5a = FR-PTC); avg_logFC>0, p_val_adj<0.05; MGI 1:1 orthologs (406 mapped genes), top 200 by avg_logFC
Kirita2020_FRPTC_DS2	PTPRG	92	Kirita et al. 2020 PNAS 117:15874 doi:10.1073/pnas.2005477117	Dataset S2 (pnas.2005477117.sd02.xlsx) sheet MousePT_DEG, cluster 8 (the only cluster carrying Vcam1/Dcdc2a/Sema5a = FR-PTC); avg_logFC>0, p_val_adj<0.05; MGI 1:1 orthologs (406 mapped genes), top 200 by avg_logFC
Kirita2020_FRPTC_DS2	CCDC50	93	Kirita et al. 2020 PNAS 117:15874 doi:10.1073/pnas.2005477117	Dataset S2 (pnas.2005477117.sd02.xlsx) sheet MousePT_DEG, cluster 8 (the only cluster carrying Vcam1/Dcdc2a/Sema5a = FR-PTC); avg_logFC>0, p_val_adj<0.05; MGI 1:1 orthologs (406 mapped genes), top 200 by avg_logFC
Kirita2020_FRPTC_DS2	UNC13B	94	Kirita et al. 2020 PNAS 117:15874 doi:10.1073/pnas.2005477117	Dataset S2 (pnas.2005477117.sd02.xlsx) sheet MousePT_DEG, cluster 8 (the only cluster carrying Vcam1/Dcdc2a/Sema5a = FR-PTC); avg_logFC>0, p_val_adj<0.05; MGI 1:1 orthologs (406 mapped genes), top 200 by avg_logFC
Kirita2020_FRPTC_DS2	STX11	95	Kirita et al. 2020 PNAS 117:15874 doi:10.1073/pnas.2005477117	Dataset S2 (pnas.2005477117.sd02.xlsx) sheet MousePT_DEG, cluster 8 (the only cluster carrying Vcam1/Dcdc2a/Sema5a = FR-PTC); avg_logFC>0, p_val_adj<0.05; MGI 1:1 orthologs (406 mapped genes), top 200 by avg_logFC
Kirita2020_FRPTC_DS2	RUNX1	96	Kirita et al. 2020 PNAS 117:15874 doi:10.1073/pnas.2005477117	Dataset S2 (pnas.2005477117.sd02.xlsx) sheet MousePT_DEG, cluster 8 (the only cluster carrying Vcam1/Dcdc2a/Sema5a = FR-PTC); avg_logFC>0, p_val_adj<0.05; MGI 1:1 orthologs (406 mapped genes), top 200 by avg_logFC
Kirita2020_FRPTC_DS2	UTRN	97	Kirita et al. 2020 PNAS 117:15874 doi:10.1073/pnas.2005477117	Dataset S2 (pnas.2005477117.sd02.xlsx) sheet MousePT_DEG, cluster 8 (the only cluster carrying Vcam1/Dcdc2a/Sema5a = FR-PTC); avg_logFC>0, p_val_adj<0.05; MGI 1:1 orthologs (406 mapped genes), top 200 by avg_logFC
Kirita2020_FRPTC_DS2	SPACA7	98	Kirita et al. 2020 PNAS 117:15874 doi:10.1073/pnas.2005477117	Dataset S2 (pnas.2005477117.sd02.xlsx) sheet MousePT_DEG, cluster 8 (the only cluster carrying Vcam1/Dcdc2a/Sema5a = FR-PTC); avg_logFC>0, p_val_adj<0.05; MGI 1:1 orthologs (406 mapped genes), top 200 by avg_logFC
Kirita2020_FRPTC_DS2	ST6GAL1	99	Kirita et al. 2020 PNAS 117:15874 doi:10.1073/pnas.2005477117	Dataset S2 (pnas.2005477117.sd02.xlsx) sheet MousePT_DEG, cluster 8 (the only cluster carrying Vcam1/Dcdc2a/Sema5a = FR-PTC); avg_logFC>0, p_val_adj<0.05; MGI 1:1 orthologs (406 mapped genes), top 200 by avg_logFC
Kirita2020_FRPTC_DS2	MFHAS1	100	Kirita et al. 2020 PNAS 117:15874 doi:10.1073/pnas.2005477117	Dataset S2 (pnas.2005477117.sd02.xlsx) sheet MousePT_DEG, cluster 8 (the only cluster carrying Vcam1/Dcdc2a/Sema5a = FR-PTC); avg_logFC>0, p_val_adj<0.05; MGI 1:1 orthologs (406 mapped genes), top 200 by avg_logFC
Kirita2020_FRPTC_DS2	SCIN	101	Kirita et al. 2020 PNAS 117:15874 doi:10.1073/pnas.2005477117	Dataset S2 (pnas.2005477117.sd02.xlsx) sheet MousePT_DEG, cluster 8 (the only cluster carrying Vcam1/Dcdc2a/Sema5a = FR-PTC); avg_logFC>0, p_val_adj<0.05; MGI 1:1 orthologs (406 mapped genes), top 200 by avg_logFC
Kirita2020_FRPTC_DS2	ARL15	102	Kirita et al. 2020 PNAS 117:15874 doi:10.1073/pnas.2005477117	Dataset S2 (pnas.2005477117.sd02.xlsx) sheet MousePT_DEG, cluster 8 (the only cluster carrying Vcam1/Dcdc2a/Sema5a = FR-PTC); avg_logFC>0, p_val_adj<0.05; MGI 1:1 orthologs (406 mapped genes), top 200 by avg_logFC
Kirita2020_FRPTC_DS2	LDLRAD4	103	Kirita et al. 2020 PNAS 117:15874 doi:10.1073/pnas.2005477117	Dataset S2 (pnas.2005477117.sd02.xlsx) sheet MousePT_DEG, cluster 8 (the only cluster carrying Vcam1/Dcdc2a/Sema5a = FR-PTC); avg_logFC>0, p_val_adj<0.05; MGI 1:1 orthologs (406 mapped genes), top 200 by avg_logFC
Kirita2020_FRPTC_DS2	NKAP	104	Kirita et al. 2020 PNAS 117:15874 doi:10.1073/pnas.2005477117	Dataset S2 (pnas.2005477117.sd02.xlsx) sheet MousePT_DEG, cluster 8 (the only cluster carrying Vcam1/Dcdc2a/Sema5a = FR-PTC); avg_logFC>0, p_val_adj<0.05; MGI 1:1 orthologs (406 mapped genes), top 200 by avg_logFC
Kirita2020_FRPTC_DS2	FAT1	105	Kirita et al. 2020 PNAS 117:15874 doi:10.1073/pnas.2005477117	Dataset S2 (pnas.2005477117.sd02.xlsx) sheet MousePT_DEG, cluster 8 (the only cluster carrying Vcam1/Dcdc2a/Sema5a = FR-PTC); avg_logFC>0, p_val_adj<0.05; MGI 1:1 orthologs (406 mapped genes), top 200 by avg_logFC
Kirita2020_FRPTC_DS2	TENM3	106	Kirita et al. 2020 PNAS 117:15874 doi:10.1073/pnas.2005477117	Dataset S2 (pnas.2005477117.sd02.xlsx) sheet MousePT_DEG, cluster 8 (the only cluster carrying Vcam1/Dcdc2a/Sema5a = FR-PTC); avg_logFC>0, p_val_adj<0.05; MGI 1:1 orthologs (406 mapped genes), top 200 by avg_logFC
Kirita2020_FRPTC_DS2	HAVCR1	107	Kirita et al. 2020 PNAS 117:15874 doi:10.1073/pnas.2005477117	Dataset S2 (pnas.2005477117.sd02.xlsx) sheet MousePT_DEG, cluster 8 (the only cluster carrying Vcam1/Dcdc2a/Sema5a = FR-PTC); avg_logFC>0, p_val_adj<0.05; MGI 1:1 orthologs (406 mapped genes), top 200 by avg_logFC
Kirita2020_FRPTC_DS2	TCF12	108	Kirita et al. 2020 PNAS 117:15874 doi:10.1073/pnas.2005477117	Dataset S2 (pnas.2005477117.sd02.xlsx) sheet MousePT_DEG, cluster 8 (the only cluster carrying Vcam1/Dcdc2a/Sema5a = FR-PTC); avg_logFC>0, p_val_adj<0.05; MGI 1:1 orthologs (406 mapped genes), top 200 by avg_logFC
Kirita2020_FRPTC_DS2	CCND3	109	Kirita et al. 2020 PNAS 117:15874 doi:10.1073/pnas.2005477117	Dataset S2 (pnas.2005477117.sd02.xlsx) sheet MousePT_DEG, cluster 8 (the only cluster carrying Vcam1/Dcdc2a/Sema5a = FR-PTC); avg_logFC>0, p_val_adj<0.05; MGI 1:1 orthologs (406 mapped genes), top 200 by avg_logFC
Kirita2020_FRPTC_DS2	LYPD6B	110	Kirita et al. 2020 PNAS 117:15874 doi:10.1073/pnas.2005477117	Dataset S2 (pnas.2005477117.sd02.xlsx) sheet MousePT_DEG, cluster 8 (the only cluster carrying Vcam1/Dcdc2a/Sema5a = FR-PTC); avg_logFC>0, p_val_adj<0.05; MGI 1:1 orthologs (406 mapped genes), top 200 by avg_logFC
Kirita2020_FRPTC_DS2	ZEB1	111	Kirita et al. 2020 PNAS 117:15874 doi:10.1073/pnas.2005477117	Dataset S2 (pnas.2005477117.sd02.xlsx) sheet MousePT_DEG, cluster 8 (the only cluster carrying Vcam1/Dcdc2a/Sema5a = FR-PTC); avg_logFC>0, p_val_adj<0.05; MGI 1:1 orthologs (406 mapped genes), top 200 by avg_logFC
Kirita2020_FRPTC_DS2	CD44	112	Kirita et al. 2020 PNAS 117:15874 doi:10.1073/pnas.2005477117	Dataset S2 (pnas.2005477117.sd02.xlsx) sheet MousePT_DEG, cluster 8 (the only cluster carrying Vcam1/Dcdc2a/Sema5a = FR-PTC); avg_logFC>0, p_val_adj<0.05; MGI 1:1 orthologs (406 mapped genes), top 200 by avg_logFC
Kirita2020_FRPTC_DS2	RAD51B	113	Kirita et al. 2020 PNAS 117:15874 doi:10.1073/pnas.2005477117	Dataset S2 (pnas.2005477117.sd02.xlsx) sheet MousePT_DEG, cluster 8 (the only cluster carrying Vcam1/Dcdc2a/Sema5a = FR-PTC); avg_logFC>0, p_val_adj<0.05; MGI 1:1 orthologs (406 mapped genes), top 200 by avg_logFC
Kirita2020_FRPTC_DS2	ESRRG	114	Kirita et al. 2020 PNAS 117:15874 doi:10.1073/pnas.2005477117	Dataset S2 (pnas.2005477117.sd02.xlsx) sheet MousePT_DEG, cluster 8 (the only cluster carrying Vcam1/Dcdc2a/Sema5a = FR-PTC); avg_logFC>0, p_val_adj<0.05; MGI 1:1 orthologs (406 mapped genes), top 200 by avg_logFC
Kirita2020_FRPTC_DS2	COL4A1	115	Kirita et al. 2020 PNAS 117:15874 doi:10.1073/pnas.2005477117	Dataset S2 (pnas.2005477117.sd02.xlsx) sheet MousePT_DEG, cluster 8 (the only cluster carrying Vcam1/Dcdc2a/Sema5a = FR-PTC); avg_logFC>0, p_val_adj<0.05; MGI 1:1 orthologs (406 mapped genes), top 200 by avg_logFC
Kirita2020_FRPTC_DS2	CLASP1	116	Kirita et al. 2020 PNAS 117:15874 doi:10.1073/pnas.2005477117	Dataset S2 (pnas.2005477117.sd02.xlsx) sheet MousePT_DEG, cluster 8 (the only cluster carrying Vcam1/Dcdc2a/Sema5a = FR-PTC); avg_logFC>0, p_val_adj<0.05; MGI 1:1 orthologs (406 mapped genes), top 200 by avg_logFC
Kirita2020_FRPTC_DS2	PICALM	117	Kirita et al. 2020 PNAS 117:15874 doi:10.1073/pnas.2005477117	Dataset S2 (pnas.2005477117.sd02.xlsx) sheet MousePT_DEG, cluster 8 (the only cluster carrying Vcam1/Dcdc2a/Sema5a = FR-PTC); avg_logFC>0, p_val_adj<0.05; MGI 1:1 orthologs (406 mapped genes), top 200 by avg_logFC
Kirita2020_FRPTC_DS2	TGFBR2	118	Kirita et al. 2020 PNAS 117:15874 doi:10.1073/pnas.2005477117	Dataset S2 (pnas.2005477117.sd02.xlsx) sheet MousePT_DEG, cluster 8 (the only cluster carrying Vcam1/Dcdc2a/Sema5a = FR-PTC); avg_logFC>0, p_val_adj<0.05; MGI 1:1 orthologs (406 mapped genes), top 200 by avg_logFC
Kirita2020_FRPTC_DS2	ADAMTS9-AS2	119	Kirita et al. 2020 PNAS 117:15874 doi:10.1073/pnas.2005477117	Dataset S2 (pnas.2005477117.sd02.xlsx) sheet MousePT_DEG, cluster 8 (the only cluster carrying Vcam1/Dcdc2a/Sema5a = FR-PTC); avg_logFC>0, p_val_adj<0.05; MGI 1:1 orthologs (406 mapped genes), top 200 by avg_logFC
Kirita2020_FRPTC_DS2	PAQR5	120	Kirita et al. 2020 PNAS 117:15874 doi:10.1073/pnas.2005477117	Dataset S2 (pnas.2005477117.sd02.xlsx) sheet MousePT_DEG, cluster 8 (the only cluster carrying Vcam1/Dcdc2a/Sema5a = FR-PTC); avg_logFC>0, p_val_adj<0.05; MGI 1:1 orthologs (406 mapped genes), top 200 by avg_logFC
Kirita2020_FRPTC_DS2	CRIM1	121	Kirita et al. 2020 PNAS 117:15874 doi:10.1073/pnas.2005477117	Dataset S2 (pnas.2005477117.sd02.xlsx) sheet MousePT_DEG, cluster 8 (the only cluster carrying Vcam1/Dcdc2a/Sema5a = FR-PTC); avg_logFC>0, p_val_adj<0.05; MGI 1:1 orthologs (406 mapped genes), top 200 by avg_logFC
Kirita2020_FRPTC_DS2	DOCK1	122	Kirita et al. 2020 PNAS 117:15874 doi:10.1073/pnas.2005477117	Dataset S2 (pnas.2005477117.sd02.xlsx) sheet MousePT_DEG, cluster 8 (the only cluster carrying Vcam1/Dcdc2a/Sema5a = FR-PTC); avg_logFC>0, p_val_adj<0.05; MGI 1:1 orthologs (406 mapped genes), top 200 by avg_logFC
Kirita2020_FRPTC_DS2	NCKAP5	123	Kirita et al. 2020 PNAS 117:15874 doi:10.1073/pnas.2005477117	Dataset S2 (pnas.2005477117.sd02.xlsx) sheet MousePT_DEG, cluster 8 (the only cluster carrying Vcam1/Dcdc2a/Sema5a = FR-PTC); avg_logFC>0, p_val_adj<0.05; MGI 1:1 orthologs (406 mapped genes), top 200 by avg_logFC
Kirita2020_FRPTC_DS2	CD2AP	124	Kirita et al. 2020 PNAS 117:15874 doi:10.1073/pnas.2005477117	Dataset S2 (pnas.2005477117.sd02.xlsx) sheet MousePT_DEG, cluster 8 (the only cluster carrying Vcam1/Dcdc2a/Sema5a = FR-PTC); avg_logFC>0, p_val_adj<0.05; MGI 1:1 orthologs (406 mapped genes), top 200 by avg_logFC
Kirita2020_FRPTC_DS2	RIN2	125	Kirita et al. 2020 PNAS 117:15874 doi:10.1073/pnas.2005477117	Dataset S2 (pnas.2005477117.sd02.xlsx) sheet MousePT_DEG, cluster 8 (the only cluster carrying Vcam1/Dcdc2a/Sema5a = FR-PTC); avg_logFC>0, p_val_adj<0.05; MGI 1:1 orthologs (406 mapped genes), top 200 by avg_logFC
Kirita2020_FRPTC_DS2	ATP8A1	126	Kirita et al. 2020 PNAS 117:15874 doi:10.1073/pnas.2005477117	Dataset S2 (pnas.2005477117.sd02.xlsx) sheet MousePT_DEG, cluster 8 (the only cluster carrying Vcam1/Dcdc2a/Sema5a = FR-PTC); avg_logFC>0, p_val_adj<0.05; MGI 1:1 orthologs (406 mapped genes), top 200 by avg_logFC
Kirita2020_FRPTC_DS2	TUFT1	127	Kirita et al. 2020 PNAS 117:15874 doi:10.1073/pnas.2005477117	Dataset S2 (pnas.2005477117.sd02.xlsx) sheet MousePT_DEG, cluster 8 (the only cluster carrying Vcam1/Dcdc2a/Sema5a = FR-PTC); avg_logFC>0, p_val_adj<0.05; MGI 1:1 orthologs (406 mapped genes), top 200 by avg_logFC
Kirita2020_FRPTC_DS2	ABHD2	128	Kirita et al. 2020 PNAS 117:15874 doi:10.1073/pnas.2005477117	Dataset S2 (pnas.2005477117.sd02.xlsx) sheet MousePT_DEG, cluster 8 (the only cluster carrying Vcam1/Dcdc2a/Sema5a = FR-PTC); avg_logFC>0, p_val_adj<0.05; MGI 1:1 orthologs (406 mapped genes), top 200 by avg_logFC
Kirita2020_FRPTC_DS2	PVR	129	Kirita et al. 2020 PNAS 117:15874 doi:10.1073/pnas.2005477117	Dataset S2 (pnas.2005477117.sd02.xlsx) sheet MousePT_DEG, cluster 8 (the only cluster carrying Vcam1/Dcdc2a/Sema5a = FR-PTC); avg_logFC>0, p_val_adj<0.05; MGI 1:1 orthologs (406 mapped genes), top 200 by avg_logFC
Kirita2020_FRPTC_DS2	TBC1D1	130	Kirita et al. 2020 PNAS 117:15874 doi:10.1073/pnas.2005477117	Dataset S2 (pnas.2005477117.sd02.xlsx) sheet MousePT_DEG, cluster 8 (the only cluster carrying Vcam1/Dcdc2a/Sema5a = FR-PTC); avg_logFC>0, p_val_adj<0.05; MGI 1:1 orthologs (406 mapped genes), top 200 by avg_logFC
Kirita2020_FRPTC_DS2	PAX8	131	Kirita et al. 2020 PNAS 117:15874 doi:10.1073/pnas.2005477117	Dataset S2 (pnas.2005477117.sd02.xlsx) sheet MousePT_DEG, cluster 8 (the only cluster carrying Vcam1/Dcdc2a/Sema5a = FR-PTC); avg_logFC>0, p_val_adj<0.05; MGI 1:1 orthologs (406 mapped genes), top 200 by avg_logFC
Kirita2020_FRPTC_DS2	TNIK	132	Kirita et al. 2020 PNAS 117:15874 doi:10.1073/pnas.2005477117	Dataset S2 (pnas.2005477117.sd02.xlsx) sheet MousePT_DEG, cluster 8 (the only cluster carrying Vcam1/Dcdc2a/Sema5a = FR-PTC); avg_logFC>0, p_val_adj<0.05; MGI 1:1 orthologs (406 mapped genes), top 200 by avg_logFC
Kirita2020_FRPTC_DS2	ASAP1	133	Kirita et al. 2020 PNAS 117:15874 doi:10.1073/pnas.2005477117	Dataset S2 (pnas.2005477117.sd02.xlsx) sheet MousePT_DEG, cluster 8 (the only cluster carrying Vcam1/Dcdc2a/Sema5a = FR-PTC); avg_logFC>0, p_val_adj<0.05; MGI 1:1 orthologs (406 mapped genes), top 200 by avg_logFC
Kirita2020_FRPTC_DS2	TAOK3	134	Kirita et al. 2020 PNAS 117:15874 doi:10.1073/pnas.2005477117	Dataset S2 (pnas.2005477117.sd02.xlsx) sheet MousePT_DEG, cluster 8 (the only cluster carrying Vcam1/Dcdc2a/Sema5a = FR-PTC); avg_logFC>0, p_val_adj<0.05; MGI 1:1 orthologs (406 mapped genes), top 200 by avg_logFC
Kirita2020_FRPTC_DS2	KCNMA1	135	Kirita et al. 2020 PNAS 117:15874 doi:10.1073/pnas.2005477117	Dataset S2 (pnas.2005477117.sd02.xlsx) sheet MousePT_DEG, cluster 8 (the only cluster carrying Vcam1/Dcdc2a/Sema5a = FR-PTC); avg_logFC>0, p_val_adj<0.05; MGI 1:1 orthologs (406 mapped genes), top 200 by avg_logFC
Kirita2020_FRPTC_DS2	MYOF	136	Kirita et al. 2020 PNAS 117:15874 doi:10.1073/pnas.2005477117	Dataset S2 (pnas.2005477117.sd02.xlsx) sheet MousePT_DEG, cluster 8 (the only cluster carrying Vcam1/Dcdc2a/Sema5a = FR-PTC); avg_logFC>0, p_val_adj<0.05; MGI 1:1 orthologs (406 mapped genes), top 200 by avg_logFC
Kirita2020_FRPTC_DS2	COBL	137	Kirita et al. 2020 PNAS 117:15874 doi:10.1073/pnas.2005477117	Dataset S2 (pnas.2005477117.sd02.xlsx) sheet MousePT_DEG, cluster 8 (the only cluster carrying Vcam1/Dcdc2a/Sema5a = FR-PTC); avg_logFC>0, p_val_adj<0.05; MGI 1:1 orthologs (406 mapped genes), top 200 by avg_logFC
Kirita2020_FRPTC_DS2	YPEL2	138	Kirita et al. 2020 PNAS 117:15874 doi:10.1073/pnas.2005477117	Dataset S2 (pnas.2005477117.sd02.xlsx) sheet MousePT_DEG, cluster 8 (the only cluster carrying Vcam1/Dcdc2a/Sema5a = FR-PTC); avg_logFC>0, p_val_adj<0.05; MGI 1:1 orthologs (406 mapped genes), top 200 by avg_logFC
Kirita2020_FRPTC_DS2	CDK6	139	Kirita et al. 2020 PNAS 117:15874 doi:10.1073/pnas.2005477117	Dataset S2 (pnas.2005477117.sd02.xlsx) sheet MousePT_DEG, cluster 8 (the only cluster carrying Vcam1/Dcdc2a/Sema5a = FR-PTC); avg_logFC>0, p_val_adj<0.05; MGI 1:1 orthologs (406 mapped genes), top 200 by avg_logFC
Kirita2020_FRPTC_DS2	KLF13	140	Kirita et al. 2020 PNAS 117:15874 doi:10.1073/pnas.2005477117	Dataset S2 (pnas.2005477117.sd02.xlsx) sheet MousePT_DEG, cluster 8 (the only cluster carrying Vcam1/Dcdc2a/Sema5a = FR-PTC); avg_logFC>0, p_val_adj<0.05; MGI 1:1 orthologs (406 mapped genes), top 200 by avg_logFC
Kirita2020_FRPTC_DS2	RSU1	141	Kirita et al. 2020 PNAS 117:15874 doi:10.1073/pnas.2005477117	Dataset S2 (pnas.2005477117.sd02.xlsx) sheet MousePT_DEG, cluster 8 (the only cluster carrying Vcam1/Dcdc2a/Sema5a = FR-PTC); avg_logFC>0, p_val_adj<0.05; MGI 1:1 orthologs (406 mapped genes), top 200 by avg_logFC
Kirita2020_FRPTC_DS2	LINC00673	142	Kirita et al. 2020 PNAS 117:15874 doi:10.1073/pnas.2005477117	Dataset S2 (pnas.2005477117.sd02.xlsx) sheet MousePT_DEG, cluster 8 (the only cluster carrying Vcam1/Dcdc2a/Sema5a = FR-PTC); avg_logFC>0, p_val_adj<0.05; MGI 1:1 orthologs (406 mapped genes), top 200 by avg_logFC
Kirita2020_FRPTC_DS2	ADGRL2	143	Kirita et al. 2020 PNAS 117:15874 doi:10.1073/pnas.2005477117	Dataset S2 (pnas.2005477117.sd02.xlsx) sheet MousePT_DEG, cluster 8 (the only cluster carrying Vcam1/Dcdc2a/Sema5a = FR-PTC); avg_logFC>0, p_val_adj<0.05; MGI 1:1 orthologs (406 mapped genes), top 200 by avg_logFC
Kirita2020_FRPTC_DS2	VCL	144	Kirita et al. 2020 PNAS 117:15874 doi:10.1073/pnas.2005477117	Dataset S2 (pnas.2005477117.sd02.xlsx) sheet MousePT_DEG, cluster 8 (the only cluster carrying Vcam1/Dcdc2a/Sema5a = FR-PTC); avg_logFC>0, p_val_adj<0.05; MGI 1:1 orthologs (406 mapped genes), top 200 by avg_logFC
Kirita2020_FRPTC_DS2	MAP4K4	145	Kirita et al. 2020 PNAS 117:15874 doi:10.1073/pnas.2005477117	Dataset S2 (pnas.2005477117.sd02.xlsx) sheet MousePT_DEG, cluster 8 (the only cluster carrying Vcam1/Dcdc2a/Sema5a = FR-PTC); avg_logFC>0, p_val_adj<0.05; MGI 1:1 orthologs (406 mapped genes), top 200 by avg_logFC
Kirita2020_FRPTC_DS2	B3GLCT	146	Kirita et al. 2020 PNAS 117:15874 doi:10.1073/pnas.2005477117	Dataset S2 (pnas.2005477117.sd02.xlsx) sheet MousePT_DEG, cluster 8 (the only cluster carrying Vcam1/Dcdc2a/Sema5a = FR-PTC); avg_logFC>0, p_val_adj<0.05; MGI 1:1 orthologs (406 mapped genes), top 200 by avg_logFC
Kirita2020_FRPTC_DS2	SSH2	147	Kirita et al. 2020 PNAS 117:15874 doi:10.1073/pnas.2005477117	Dataset S2 (pnas.2005477117.sd02.xlsx) sheet MousePT_DEG, cluster 8 (the only cluster carrying Vcam1/Dcdc2a/Sema5a = FR-PTC); avg_logFC>0, p_val_adj<0.05; MGI 1:1 orthologs (406 mapped genes), top 200 by avg_logFC
Kirita2020_FRPTC_DS2	CCDC148	148	Kirita et al. 2020 PNAS 117:15874 doi:10.1073/pnas.2005477117	Dataset S2 (pnas.2005477117.sd02.xlsx) sheet MousePT_DEG, cluster 8 (the only cluster carrying Vcam1/Dcdc2a/Sema5a = FR-PTC); avg_logFC>0, p_val_adj<0.05; MGI 1:1 orthologs (406 mapped genes), top 200 by avg_logFC
Kirita2020_FRPTC_DS2	NBEAL1	149	Kirita et al. 2020 PNAS 117:15874 doi:10.1073/pnas.2005477117	Dataset S2 (pnas.2005477117.sd02.xlsx) sheet MousePT_DEG, cluster 8 (the only cluster carrying Vcam1/Dcdc2a/Sema5a = FR-PTC); avg_logFC>0, p_val_adj<0.05; MGI 1:1 orthologs (406 mapped genes), top 200 by avg_logFC
Kirita2020_FRPTC_DS2	RORA	150	Kirita et al. 2020 PNAS 117:15874 doi:10.1073/pnas.2005477117	Dataset S2 (pnas.2005477117.sd02.xlsx) sheet MousePT_DEG, cluster 8 (the only cluster carrying Vcam1/Dcdc2a/Sema5a = FR-PTC); avg_logFC>0, p_val_adj<0.05; MGI 1:1 orthologs (406 mapped genes), top 200 by avg_logFC
Kirita2020_FRPTC_DS2	RIMS2	151	Kirita et al. 2020 PNAS 117:15874 doi:10.1073/pnas.2005477117	Dataset S2 (pnas.2005477117.sd02.xlsx) sheet MousePT_DEG, cluster 8 (the only cluster carrying Vcam1/Dcdc2a/Sema5a = FR-PTC); avg_logFC>0, p_val_adj<0.05; MGI 1:1 orthologs (406 mapped genes), top 200 by avg_logFC
Kirita2020_FRPTC_DS2	SMURF1	152	Kirita et al. 2020 PNAS 117:15874 doi:10.1073/pnas.2005477117	Dataset S2 (pnas.2005477117.sd02.xlsx) sheet MousePT_DEG, cluster 8 (the only cluster carrying Vcam1/Dcdc2a/Sema5a = FR-PTC); avg_logFC>0, p_val_adj<0.05; MGI 1:1 orthologs (406 mapped genes), top 200 by avg_logFC
Kirita2020_FRPTC_DS2	LRCH1	153	Kirita et al. 2020 PNAS 117:15874 doi:10.1073/pnas.2005477117	Dataset S2 (pnas.2005477117.sd02.xlsx) sheet MousePT_DEG, cluster 8 (the only cluster carrying Vcam1/Dcdc2a/Sema5a = FR-PTC); avg_logFC>0, p_val_adj<0.05; MGI 1:1 orthologs (406 mapped genes), top 200 by avg_logFC
Kirita2020_FRPTC_DS2	HECW2	154	Kirita et al. 2020 PNAS 117:15874 doi:10.1073/pnas.2005477117	Dataset S2 (pnas.2005477117.sd02.xlsx) sheet MousePT_DEG, cluster 8 (the only cluster carrying Vcam1/Dcdc2a/Sema5a = FR-PTC); avg_logFC>0, p_val_adj<0.05; MGI 1:1 orthologs (406 mapped genes), top 200 by avg_logFC
Kirita2020_FRPTC_DS2	ANO6	155	Kirita et al. 2020 PNAS 117:15874 doi:10.1073/pnas.2005477117	Dataset S2 (pnas.2005477117.sd02.xlsx) sheet MousePT_DEG, cluster 8 (the only cluster carrying Vcam1/Dcdc2a/Sema5a = FR-PTC); avg_logFC>0, p_val_adj<0.05; MGI 1:1 orthologs (406 mapped genes), top 200 by avg_logFC
Kirita2020_FRPTC_DS2	OSMR	156	Kirita et al. 2020 PNAS 117:15874 doi:10.1073/pnas.2005477117	Dataset S2 (pnas.2005477117.sd02.xlsx) sheet MousePT_DEG, cluster 8 (the only cluster carrying Vcam1/Dcdc2a/Sema5a = FR-PTC); avg_logFC>0, p_val_adj<0.05; MGI 1:1 orthologs (406 mapped genes), top 200 by avg_logFC
Kirita2020_FRPTC_DS2	CFTR	157	Kirita et al. 2020 PNAS 117:15874 doi:10.1073/pnas.2005477117	Dataset S2 (pnas.2005477117.sd02.xlsx) sheet MousePT_DEG, cluster 8 (the only cluster carrying Vcam1/Dcdc2a/Sema5a = FR-PTC); avg_logFC>0, p_val_adj<0.05; MGI 1:1 orthologs (406 mapped genes), top 200 by avg_logFC
Kirita2020_FRPTC_DS2	FERMT1	158	Kirita et al. 2020 PNAS 117:15874 doi:10.1073/pnas.2005477117	Dataset S2 (pnas.2005477117.sd02.xlsx) sheet MousePT_DEG, cluster 8 (the only cluster carrying Vcam1/Dcdc2a/Sema5a = FR-PTC); avg_logFC>0, p_val_adj<0.05; MGI 1:1 orthologs (406 mapped genes), top 200 by avg_logFC
Kirita2020_FRPTC_DS2	VMP1	159	Kirita et al. 2020 PNAS 117:15874 doi:10.1073/pnas.2005477117	Dataset S2 (pnas.2005477117.sd02.xlsx) sheet MousePT_DEG, cluster 8 (the only cluster carrying Vcam1/Dcdc2a/Sema5a = FR-PTC); avg_logFC>0, p_val_adj<0.05; MGI 1:1 orthologs (406 mapped genes), top 200 by avg_logFC
Kirita2020_FRPTC_DS2	SIPA1L3	160	Kirita et al. 2020 PNAS 117:15874 doi:10.1073/pnas.2005477117	Dataset S2 (pnas.2005477117.sd02.xlsx) sheet MousePT_DEG, cluster 8 (the only cluster carrying Vcam1/Dcdc2a/Sema5a = FR-PTC); avg_logFC>0, p_val_adj<0.05; MGI 1:1 orthologs (406 mapped genes), top 200 by avg_logFC
Kirita2020_FRPTC_DS2	MAP1B	161	Kirita et al. 2020 PNAS 117:15874 doi:10.1073/pnas.2005477117	Dataset S2 (pnas.2005477117.sd02.xlsx) sheet MousePT_DEG, cluster 8 (the only cluster carrying Vcam1/Dcdc2a/Sema5a = FR-PTC); avg_logFC>0, p_val_adj<0.05; MGI 1:1 orthologs (406 mapped genes), top 200 by avg_logFC
Kirita2020_FRPTC_DS2	PIK3C2A	162	Kirita et al. 2020 PNAS 117:15874 doi:10.1073/pnas.2005477117	Dataset S2 (pnas.2005477117.sd02.xlsx) sheet MousePT_DEG, cluster 8 (the only cluster carrying Vcam1/Dcdc2a/Sema5a = FR-PTC); avg_logFC>0, p_val_adj<0.05; MGI 1:1 orthologs (406 mapped genes), top 200 by avg_logFC
Kirita2020_FRPTC_DS2	LITAF	163	Kirita et al. 2020 PNAS 117:15874 doi:10.1073/pnas.2005477117	Dataset S2 (pnas.2005477117.sd02.xlsx) sheet MousePT_DEG, cluster 8 (the only cluster carrying Vcam1/Dcdc2a/Sema5a = FR-PTC); avg_logFC>0, p_val_adj<0.05; MGI 1:1 orthologs (406 mapped genes), top 200 by avg_logFC
Kirita2020_FRPTC_DS2	SH3RF1	164	Kirita et al. 2020 PNAS 117:15874 doi:10.1073/pnas.2005477117	Dataset S2 (pnas.2005477117.sd02.xlsx) sheet MousePT_DEG, cluster 8 (the only cluster carrying Vcam1/Dcdc2a/Sema5a = FR-PTC); avg_logFC>0, p_val_adj<0.05; MGI 1:1 orthologs (406 mapped genes), top 200 by avg_logFC
Kirita2020_FRPTC_DS2	SNX10	165	Kirita et al. 2020 PNAS 117:15874 doi:10.1073/pnas.2005477117	Dataset S2 (pnas.2005477117.sd02.xlsx) sheet MousePT_DEG, cluster 8 (the only cluster carrying Vcam1/Dcdc2a/Sema5a = FR-PTC); avg_logFC>0, p_val_adj<0.05; MGI 1:1 orthologs (406 mapped genes), top 200 by avg_logFC
Kirita2020_FRPTC_DS2	MAGI1	166	Kirita et al. 2020 PNAS 117:15874 doi:10.1073/pnas.2005477117	Dataset S2 (pnas.2005477117.sd02.xlsx) sheet MousePT_DEG, cluster 8 (the only cluster carrying Vcam1/Dcdc2a/Sema5a = FR-PTC); avg_logFC>0, p_val_adj<0.05; MGI 1:1 orthologs (406 mapped genes), top 200 by avg_logFC
Kirita2020_FRPTC_DS2	SH3D19	167	Kirita et al. 2020 PNAS 117:15874 doi:10.1073/pnas.2005477117	Dataset S2 (pnas.2005477117.sd02.xlsx) sheet MousePT_DEG, cluster 8 (the only cluster carrying Vcam1/Dcdc2a/Sema5a = FR-PTC); avg_logFC>0, p_val_adj<0.05; MGI 1:1 orthologs (406 mapped genes), top 200 by avg_logFC
Kirita2020_FRPTC_DS2	DSTN	168	Kirita et al. 2020 PNAS 117:15874 doi:10.1073/pnas.2005477117	Dataset S2 (pnas.2005477117.sd02.xlsx) sheet MousePT_DEG, cluster 8 (the only cluster carrying Vcam1/Dcdc2a/Sema5a = FR-PTC); avg_logFC>0, p_val_adj<0.05; MGI 1:1 orthologs (406 mapped genes), top 200 by avg_logFC
Kirita2020_FRPTC_DS2	MAP3K13	169	Kirita et al. 2020 PNAS 117:15874 doi:10.1073/pnas.2005477117	Dataset S2 (pnas.2005477117.sd02.xlsx) sheet MousePT_DEG, cluster 8 (the only cluster carrying Vcam1/Dcdc2a/Sema5a = FR-PTC); avg_logFC>0, p_val_adj<0.05; MGI 1:1 orthologs (406 mapped genes), top 200 by avg_logFC
Kirita2020_FRPTC_DS2	ARID5B	170	Kirita et al. 2020 PNAS 117:15874 doi:10.1073/pnas.2005477117	Dataset S2 (pnas.2005477117.sd02.xlsx) sheet MousePT_DEG, cluster 8 (the only cluster carrying Vcam1/Dcdc2a/Sema5a = FR-PTC); avg_logFC>0, p_val_adj<0.05; MGI 1:1 orthologs (406 mapped genes), top 200 by avg_logFC
Kirita2020_FRPTC_DS2	ADAMTS9	171	Kirita et al. 2020 PNAS 117:15874 doi:10.1073/pnas.2005477117	Dataset S2 (pnas.2005477117.sd02.xlsx) sheet MousePT_DEG, cluster 8 (the only cluster carrying Vcam1/Dcdc2a/Sema5a = FR-PTC); avg_logFC>0, p_val_adj<0.05; MGI 1:1 orthologs (406 mapped genes), top 200 by avg_logFC
Kirita2020_FRPTC_DS2	NT5C2	172	Kirita et al. 2020 PNAS 117:15874 doi:10.1073/pnas.2005477117	Dataset S2 (pnas.2005477117.sd02.xlsx) sheet MousePT_DEG, cluster 8 (the only cluster carrying Vcam1/Dcdc2a/Sema5a = FR-PTC); avg_logFC>0, p_val_adj<0.05; MGI 1:1 orthologs (406 mapped genes), top 200 by avg_logFC
Kirita2020_FRPTC_DS2	SPIN1	173	Kirita et al. 2020 PNAS 117:15874 doi:10.1073/pnas.2005477117	Dataset S2 (pnas.2005477117.sd02.xlsx) sheet MousePT_DEG, cluster 8 (the only cluster carrying Vcam1/Dcdc2a/Sema5a = FR-PTC); avg_logFC>0, p_val_adj<0.05; MGI 1:1 orthologs (406 mapped genes), top 200 by avg_logFC
Kirita2020_FRPTC_DS2	KCNC2	174	Kirita et al. 2020 PNAS 117:15874 doi:10.1073/pnas.2005477117	Dataset S2 (pnas.2005477117.sd02.xlsx) sheet MousePT_DEG, cluster 8 (the only cluster carrying Vcam1/Dcdc2a/Sema5a = FR-PTC); avg_logFC>0, p_val_adj<0.05; MGI 1:1 orthologs (406 mapped genes), top 200 by avg_logFC
Kirita2020_FRPTC_DS2	CHSY3	175	Kirita et al. 2020 PNAS 117:15874 doi:10.1073/pnas.2005477117	Dataset S2 (pnas.2005477117.sd02.xlsx) sheet MousePT_DEG, cluster 8 (the only cluster carrying Vcam1/Dcdc2a/Sema5a = FR-PTC); avg_logFC>0, p_val_adj<0.05; MGI 1:1 orthologs (406 mapped genes), top 200 by avg_logFC
Kirita2020_FRPTC_DS2	UBE2E2	176	Kirita et al. 2020 PNAS 117:15874 doi:10.1073/pnas.2005477117	Dataset S2 (pnas.2005477117.sd02.xlsx) sheet MousePT_DEG, cluster 8 (the only cluster carrying Vcam1/Dcdc2a/Sema5a = FR-PTC); avg_logFC>0, p_val_adj<0.05; MGI 1:1 orthologs (406 mapped genes), top 200 by avg_logFC
Kirita2020_FRPTC_DS2	ITGB6	177	Kirita et al. 2020 PNAS 117:15874 doi:10.1073/pnas.2005477117	Dataset S2 (pnas.2005477117.sd02.xlsx) sheet MousePT_DEG, cluster 8 (the only cluster carrying Vcam1/Dcdc2a/Sema5a = FR-PTC); avg_logFC>0, p_val_adj<0.05; MGI 1:1 orthologs (406 mapped genes), top 200 by avg_logFC
Kirita2020_FRPTC_DS2	SOCS2	178	Kirita et al. 2020 PNAS 117:15874 doi:10.1073/pnas.2005477117	Dataset S2 (pnas.2005477117.sd02.xlsx) sheet MousePT_DEG, cluster 8 (the only cluster carrying Vcam1/Dcdc2a/Sema5a = FR-PTC); avg_logFC>0, p_val_adj<0.05; MGI 1:1 orthologs (406 mapped genes), top 200 by avg_logFC
Kirita2020_FRPTC_DS2	TANC1	179	Kirita et al. 2020 PNAS 117:15874 doi:10.1073/pnas.2005477117	Dataset S2 (pnas.2005477117.sd02.xlsx) sheet MousePT_DEG, cluster 8 (the only cluster carrying Vcam1/Dcdc2a/Sema5a = FR-PTC); avg_logFC>0, p_val_adj<0.05; MGI 1:1 orthologs (406 mapped genes), top 200 by avg_logFC
Kirita2020_FRPTC_DS2	ESYT2	180	Kirita et al. 2020 PNAS 117:15874 doi:10.1073/pnas.2005477117	Dataset S2 (pnas.2005477117.sd02.xlsx) sheet MousePT_DEG, cluster 8 (the only cluster carrying Vcam1/Dcdc2a/Sema5a = FR-PTC); avg_logFC>0, p_val_adj<0.05; MGI 1:1 orthologs (406 mapped genes), top 200 by avg_logFC
Kirita2020_FRPTC_DS2	DYSF	181	Kirita et al. 2020 PNAS 117:15874 doi:10.1073/pnas.2005477117	Dataset S2 (pnas.2005477117.sd02.xlsx) sheet MousePT_DEG, cluster 8 (the only cluster carrying Vcam1/Dcdc2a/Sema5a = FR-PTC); avg_logFC>0, p_val_adj<0.05; MGI 1:1 orthologs (406 mapped genes), top 200 by avg_logFC
Kirita2020_FRPTC_DS2	PALM2AKAP2	182	Kirita et al. 2020 PNAS 117:15874 doi:10.1073/pnas.2005477117	Dataset S2 (pnas.2005477117.sd02.xlsx) sheet MousePT_DEG, cluster 8 (the only cluster carrying Vcam1/Dcdc2a/Sema5a = FR-PTC); avg_logFC>0, p_val_adj<0.05; MGI 1:1 orthologs (406 mapped genes), top 200 by avg_logFC
Kirita2020_FRPTC_DS2	HIVEP2	183	Kirita et al. 2020 PNAS 117:15874 doi:10.1073/pnas.2005477117	Dataset S2 (pnas.2005477117.sd02.xlsx) sheet MousePT_DEG, cluster 8 (the only cluster carrying Vcam1/Dcdc2a/Sema5a = FR-PTC); avg_logFC>0, p_val_adj<0.05; MGI 1:1 orthologs (406 mapped genes), top 200 by avg_logFC
Kirita2020_FRPTC_DS2	ADGRG2	184	Kirita et al. 2020 PNAS 117:15874 doi:10.1073/pnas.2005477117	Dataset S2 (pnas.2005477117.sd02.xlsx) sheet MousePT_DEG, cluster 8 (the only cluster carrying Vcam1/Dcdc2a/Sema5a = FR-PTC); avg_logFC>0, p_val_adj<0.05; MGI 1:1 orthologs (406 mapped genes), top 200 by avg_logFC
Kirita2020_FRPTC_DS2	ZMYND8	185	Kirita et al. 2020 PNAS 117:15874 doi:10.1073/pnas.2005477117	Dataset S2 (pnas.2005477117.sd02.xlsx) sheet MousePT_DEG, cluster 8 (the only cluster carrying Vcam1/Dcdc2a/Sema5a = FR-PTC); avg_logFC>0, p_val_adj<0.05; MGI 1:1 orthologs (406 mapped genes), top 200 by avg_logFC
Kirita2020_FRPTC_DS2	PARP14	186	Kirita et al. 2020 PNAS 117:15874 doi:10.1073/pnas.2005477117	Dataset S2 (pnas.2005477117.sd02.xlsx) sheet MousePT_DEG, cluster 8 (the only cluster carrying Vcam1/Dcdc2a/Sema5a = FR-PTC); avg_logFC>0, p_val_adj<0.05; MGI 1:1 orthologs (406 mapped genes), top 200 by avg_logFC
Kirita2020_FRPTC_DS2	RTN4	187	Kirita et al. 2020 PNAS 117:15874 doi:10.1073/pnas.2005477117	Dataset S2 (pnas.2005477117.sd02.xlsx) sheet MousePT_DEG, cluster 8 (the only cluster carrying Vcam1/Dcdc2a/Sema5a = FR-PTC); avg_logFC>0, p_val_adj<0.05; MGI 1:1 orthologs (406 mapped genes), top 200 by avg_logFC
Kirita2020_FRPTC_DS2	DOCK7	188	Kirita et al. 2020 PNAS 117:15874 doi:10.1073/pnas.2005477117	Dataset S2 (pnas.2005477117.sd02.xlsx) sheet MousePT_DEG, cluster 8 (the only cluster carrying Vcam1/Dcdc2a/Sema5a = FR-PTC); avg_logFC>0, p_val_adj<0.05; MGI 1:1 orthologs (406 mapped genes), top 200 by avg_logFC
Kirita2020_FRPTC_DS2	PACS1	189	Kirita et al. 2020 PNAS 117:15874 doi:10.1073/pnas.2005477117	Dataset S2 (pnas.2005477117.sd02.xlsx) sheet MousePT_DEG, cluster 8 (the only cluster carrying Vcam1/Dcdc2a/Sema5a = FR-PTC); avg_logFC>0, p_val_adj<0.05; MGI 1:1 orthologs (406 mapped genes), top 200 by avg_logFC
Kirita2020_FRPTC_DS2	GDPD5	190	Kirita et al. 2020 PNAS 117:15874 doi:10.1073/pnas.2005477117	Dataset S2 (pnas.2005477117.sd02.xlsx) sheet MousePT_DEG, cluster 8 (the only cluster carrying Vcam1/Dcdc2a/Sema5a = FR-PTC); avg_logFC>0, p_val_adj<0.05; MGI 1:1 orthologs (406 mapped genes), top 200 by avg_logFC
Kirita2020_FRPTC_DS2	WWC1	191	Kirita et al. 2020 PNAS 117:15874 doi:10.1073/pnas.2005477117	Dataset S2 (pnas.2005477117.sd02.xlsx) sheet MousePT_DEG, cluster 8 (the only cluster carrying Vcam1/Dcdc2a/Sema5a = FR-PTC); avg_logFC>0, p_val_adj<0.05; MGI 1:1 orthologs (406 mapped genes), top 200 by avg_logFC
Kirita2020_FRPTC_DS2	LAMA5	192	Kirita et al. 2020 PNAS 117:15874 doi:10.1073/pnas.2005477117	Dataset S2 (pnas.2005477117.sd02.xlsx) sheet MousePT_DEG, cluster 8 (the only cluster carrying Vcam1/Dcdc2a/Sema5a = FR-PTC); avg_logFC>0, p_val_adj<0.05; MGI 1:1 orthologs (406 mapped genes), top 200 by avg_logFC
Kirita2020_FRPTC_DS2	GRIP1	193	Kirita et al. 2020 PNAS 117:15874 doi:10.1073/pnas.2005477117	Dataset S2 (pnas.2005477117.sd02.xlsx) sheet MousePT_DEG, cluster 8 (the only cluster carrying Vcam1/Dcdc2a/Sema5a = FR-PTC); avg_logFC>0, p_val_adj<0.05; MGI 1:1 orthologs (406 mapped genes), top 200 by avg_logFC
Kirita2020_FRPTC_DS2	PAWR	194	Kirita et al. 2020 PNAS 117:15874 doi:10.1073/pnas.2005477117	Dataset S2 (pnas.2005477117.sd02.xlsx) sheet MousePT_DEG, cluster 8 (the only cluster carrying Vcam1/Dcdc2a/Sema5a = FR-PTC); avg_logFC>0, p_val_adj<0.05; MGI 1:1 orthologs (406 mapped genes), top 200 by avg_logFC
Kirita2020_FRPTC_DS2	ARHGEF3	195	Kirita et al. 2020 PNAS 117:15874 doi:10.1073/pnas.2005477117	Dataset S2 (pnas.2005477117.sd02.xlsx) sheet MousePT_DEG, cluster 8 (the only cluster carrying Vcam1/Dcdc2a/Sema5a = FR-PTC); avg_logFC>0, p_val_adj<0.05; MGI 1:1 orthologs (406 mapped genes), top 200 by avg_logFC
Kirita2020_FRPTC_DS2	FAM171A1	196	Kirita et al. 2020 PNAS 117:15874 doi:10.1073/pnas.2005477117	Dataset S2 (pnas.2005477117.sd02.xlsx) sheet MousePT_DEG, cluster 8 (the only cluster carrying Vcam1/Dcdc2a/Sema5a = FR-PTC); avg_logFC>0, p_val_adj<0.05; MGI 1:1 orthologs (406 mapped genes), top 200 by avg_logFC
Kirita2020_FRPTC_DS2	ADAMTSL4	197	Kirita et al. 2020 PNAS 117:15874 doi:10.1073/pnas.2005477117	Dataset S2 (pnas.2005477117.sd02.xlsx) sheet MousePT_DEG, cluster 8 (the only cluster carrying Vcam1/Dcdc2a/Sema5a = FR-PTC); avg_logFC>0, p_val_adj<0.05; MGI 1:1 orthologs (406 mapped genes), top 200 by avg_logFC
Kirita2020_FRPTC_DS2	MYO10	198	Kirita et al. 2020 PNAS 117:15874 doi:10.1073/pnas.2005477117	Dataset S2 (pnas.2005477117.sd02.xlsx) sheet MousePT_DEG, cluster 8 (the only cluster carrying Vcam1/Dcdc2a/Sema5a = FR-PTC); avg_logFC>0, p_val_adj<0.05; MGI 1:1 orthologs (406 mapped genes), top 200 by avg_logFC
Kirita2020_FRPTC_DS2	FMNL2	199	Kirita et al. 2020 PNAS 117:15874 doi:10.1073/pnas.2005477117	Dataset S2 (pnas.2005477117.sd02.xlsx) sheet MousePT_DEG, cluster 8 (the only cluster carrying Vcam1/Dcdc2a/Sema5a = FR-PTC); avg_logFC>0, p_val_adj<0.05; MGI 1:1 orthologs (406 mapped genes), top 200 by avg_logFC
Kirita2020_FRPTC_DS2	DAG1	200	Kirita et al. 2020 PNAS 117:15874 doi:10.1073/pnas.2005477117	Dataset S2 (pnas.2005477117.sd02.xlsx) sheet MousePT_DEG, cluster 8 (the only cluster carrying Vcam1/Dcdc2a/Sema5a = FR-PTC); avg_logFC>0, p_val_adj<0.05; MGI 1:1 orthologs (406 mapped genes), top 200 by avg_logFC
Lake2023_aPT_snCv3	TPM1	1	Lake et al. 2023 Nature 619:585 doi:10.1038/s41586-023-05769-3	Supplementary Table 13, snCv3 'Full Conserved Adaptive State Gene Set (p val < 0.05 for Ref, AKI and CKD)', rows with State/Cluster = aPT (source order)
Lake2023_aPT_snCv3	CASC15	2	Lake et al. 2023 Nature 619:585 doi:10.1038/s41586-023-05769-3	Supplementary Table 13, snCv3 'Full Conserved Adaptive State Gene Set (p val < 0.05 for Ref, AKI and CKD)', rows with State/Cluster = aPT (source order)
Lake2023_aPT_snCv3	DLGAP1	3	Lake et al. 2023 Nature 619:585 doi:10.1038/s41586-023-05769-3	Supplementary Table 13, snCv3 'Full Conserved Adaptive State Gene Set (p val < 0.05 for Ref, AKI and CKD)', rows with State/Cluster = aPT (source order)
Lake2023_aPT_snCv3	KIF26B	4	Lake et al. 2023 Nature 619:585 doi:10.1038/s41586-023-05769-3	Supplementary Table 13, snCv3 'Full Conserved Adaptive State Gene Set (p val < 0.05 for Ref, AKI and CKD)', rows with State/Cluster = aPT (source order)
Lake2023_aPT_snCv3	KAZN	5	Lake et al. 2023 Nature 619:585 doi:10.1038/s41586-023-05769-3	Supplementary Table 13, snCv3 'Full Conserved Adaptive State Gene Set (p val < 0.05 for Ref, AKI and CKD)', rows with State/Cluster = aPT (source order)
Lake2023_aPT_snCv3	DCDC2	6	Lake et al. 2023 Nature 619:585 doi:10.1038/s41586-023-05769-3	Supplementary Table 13, snCv3 'Full Conserved Adaptive State Gene Set (p val < 0.05 for Ref, AKI and CKD)', rows with State/Cluster = aPT (source order)
Lake2023_aPT_snCv3	AC068234.1	7	Lake et al. 2023 Nature 619:585 doi:10.1038/s41586-023-05769-3	Supplementary Table 13, snCv3 'Full Conserved Adaptive State Gene Set (p val < 0.05 for Ref, AKI and CKD)', rows with State/Cluster = aPT (source order)
Lake2023_aPT_snCv3	AGBL4	8	Lake et al. 2023 Nature 619:585 doi:10.1038/s41586-023-05769-3	Supplementary Table 13, snCv3 'Full Conserved Adaptive State Gene Set (p val < 0.05 for Ref, AKI and CKD)', rows with State/Cluster = aPT (source order)
Lake2023_aPT_snCv3	ITGB8	9	Lake et al. 2023 Nature 619:585 doi:10.1038/s41586-023-05769-3	Supplementary Table 13, snCv3 'Full Conserved Adaptive State Gene Set (p val < 0.05 for Ref, AKI and CKD)', rows with State/Cluster = aPT (source order)
Lake2023_aPT_snCv3	PROM1	10	Lake et al. 2023 Nature 619:585 doi:10.1038/s41586-023-05769-3	Supplementary Table 13, snCv3 'Full Conserved Adaptive State Gene Set (p val < 0.05 for Ref, AKI and CKD)', rows with State/Cluster = aPT (source order)
Lake2023_aPT_snCv3	RHEX	11	Lake et al. 2023 Nature 619:585 doi:10.1038/s41586-023-05769-3	Supplementary Table 13, snCv3 'Full Conserved Adaptive State Gene Set (p val < 0.05 for Ref, AKI and CKD)', rows with State/Cluster = aPT (source order)
Lake2023_aPT_snCv3	DOCK11	12	Lake et al. 2023 Nature 619:585 doi:10.1038/s41586-023-05769-3	Supplementary Table 13, snCv3 'Full Conserved Adaptive State Gene Set (p val < 0.05 for Ref, AKI and CKD)', rows with State/Cluster = aPT (source order)
Lake2023_aPT_snCv3	KALRN	13	Lake et al. 2023 Nature 619:585 doi:10.1038/s41586-023-05769-3	Supplementary Table 13, snCv3 'Full Conserved Adaptive State Gene Set (p val < 0.05 for Ref, AKI and CKD)', rows with State/Cluster = aPT (source order)
Lake2023_aPT_snCv3	PPFIBP1	14	Lake et al. 2023 Nature 619:585 doi:10.1038/s41586-023-05769-3	Supplementary Table 13, snCv3 'Full Conserved Adaptive State Gene Set (p val < 0.05 for Ref, AKI and CKD)', rows with State/Cluster = aPT (source order)
Lake2023_aPT_snCv3	TNFAIP2	15	Lake et al. 2023 Nature 619:585 doi:10.1038/s41586-023-05769-3	Supplementary Table 13, snCv3 'Full Conserved Adaptive State Gene Set (p val < 0.05 for Ref, AKI and CKD)', rows with State/Cluster = aPT (source order)
Lake2023_aPT_snCv3	CREB5	16	Lake et al. 2023 Nature 619:585 doi:10.1038/s41586-023-05769-3	Supplementary Table 13, snCv3 'Full Conserved Adaptive State Gene Set (p val < 0.05 for Ref, AKI and CKD)', rows with State/Cluster = aPT (source order)
Lake2023_aPT_snCv3	RAP1GAP2	17	Lake et al. 2023 Nature 619:585 doi:10.1038/s41586-023-05769-3	Supplementary Table 13, snCv3 'Full Conserved Adaptive State Gene Set (p val < 0.05 for Ref, AKI and CKD)', rows with State/Cluster = aPT (source order)
Lake2023_aPT_snCv3	FHOD3	18	Lake et al. 2023 Nature 619:585 doi:10.1038/s41586-023-05769-3	Supplementary Table 13, snCv3 'Full Conserved Adaptive State Gene Set (p val < 0.05 for Ref, AKI and CKD)', rows with State/Cluster = aPT (source order)
Lake2023_aPT_snCv3	GRIP1	19	Lake et al. 2023 Nature 619:585 doi:10.1038/s41586-023-05769-3	Supplementary Table 13, snCv3 'Full Conserved Adaptive State Gene Set (p val < 0.05 for Ref, AKI and CKD)', rows with State/Cluster = aPT (source order)
Lake2023_aPT_snCv3	TMEM178B	20	Lake et al. 2023 Nature 619:585 doi:10.1038/s41586-023-05769-3	Supplementary Table 13, snCv3 'Full Conserved Adaptive State Gene Set (p val < 0.05 for Ref, AKI and CKD)', rows with State/Cluster = aPT (source order)
Lake2023_aPT_snCv3	NRG3	21	Lake et al. 2023 Nature 619:585 doi:10.1038/s41586-023-05769-3	Supplementary Table 13, snCv3 'Full Conserved Adaptive State Gene Set (p val < 0.05 for Ref, AKI and CKD)', rows with State/Cluster = aPT (source order)
Lake2023_aPT_snCv3	PARD3	22	Lake et al. 2023 Nature 619:585 doi:10.1038/s41586-023-05769-3	Supplementary Table 13, snCv3 'Full Conserved Adaptive State Gene Set (p val < 0.05 for Ref, AKI and CKD)', rows with State/Cluster = aPT (source order)
Lake2023_aPT_snCv3	HAVCR1	23	Lake et al. 2023 Nature 619:585 doi:10.1038/s41586-023-05769-3	Supplementary Table 13, snCv3 'Full Conserved Adaptive State Gene Set (p val < 0.05 for Ref, AKI and CKD)', rows with State/Cluster = aPT (source order)
Lake2023_aPT_snCv3	FNDC3B	24	Lake et al. 2023 Nature 619:585 doi:10.1038/s41586-023-05769-3	Supplementary Table 13, snCv3 'Full Conserved Adaptive State Gene Set (p val < 0.05 for Ref, AKI and CKD)', rows with State/Cluster = aPT (source order)
Lake2023_aPT_snCv3	ITGB6	25	Lake et al. 2023 Nature 619:585 doi:10.1038/s41586-023-05769-3	Supplementary Table 13, snCv3 'Full Conserved Adaptive State Gene Set (p val < 0.05 for Ref, AKI and CKD)', rows with State/Cluster = aPT (source order)
Lake2023_aPT_snCv3	PRKD1	26	Lake et al. 2023 Nature 619:585 doi:10.1038/s41586-023-05769-3	Supplementary Table 13, snCv3 'Full Conserved Adaptive State Gene Set (p val < 0.05 for Ref, AKI and CKD)', rows with State/Cluster = aPT (source order)
Lake2023_aPT_snCv3	OXR1	27	Lake et al. 2023 Nature 619:585 doi:10.1038/s41586-023-05769-3	Supplementary Table 13, snCv3 'Full Conserved Adaptive State Gene Set (p val < 0.05 for Ref, AKI and CKD)', rows with State/Cluster = aPT (source order)
Lake2023_aPT_snCv3	PICALM	28	Lake et al. 2023 Nature 619:585 doi:10.1038/s41586-023-05769-3	Supplementary Table 13, snCv3 'Full Conserved Adaptive State Gene Set (p val < 0.05 for Ref, AKI and CKD)', rows with State/Cluster = aPT (source order)
Lake2023_aPT_snCv3	GLIS3	29	Lake et al. 2023 Nature 619:585 doi:10.1038/s41586-023-05769-3	Supplementary Table 13, snCv3 'Full Conserved Adaptive State Gene Set (p val < 0.05 for Ref, AKI and CKD)', rows with State/Cluster = aPT (source order)
Lake2023_aPT_snCv3	UBE2D2	30	Lake et al. 2023 Nature 619:585 doi:10.1038/s41586-023-05769-3	Supplementary Table 13, snCv3 'Full Conserved Adaptive State Gene Set (p val < 0.05 for Ref, AKI and CKD)', rows with State/Cluster = aPT (source order)
Lake2023_aPT_snCv3	PAWR	31	Lake et al. 2023 Nature 619:585 doi:10.1038/s41586-023-05769-3	Supplementary Table 13, snCv3 'Full Conserved Adaptive State Gene Set (p val < 0.05 for Ref, AKI and CKD)', rows with State/Cluster = aPT (source order)
Lake2023_aPT_snCv3	MAP3K1	32	Lake et al. 2023 Nature 619:585 doi:10.1038/s41586-023-05769-3	Supplementary Table 13, snCv3 'Full Conserved Adaptive State Gene Set (p val < 0.05 for Ref, AKI and CKD)', rows with State/Cluster = aPT (source order)
Lake2023_aPT_snCv3	BCL2	33	Lake et al. 2023 Nature 619:585 doi:10.1038/s41586-023-05769-3	Supplementary Table 13, snCv3 'Full Conserved Adaptive State Gene Set (p val < 0.05 for Ref, AKI and CKD)', rows with State/Cluster = aPT (source order)
Lake2023_aPT_snCv3	APBB1IP	34	Lake et al. 2023 Nature 619:585 doi:10.1038/s41586-023-05769-3	Supplementary Table 13, snCv3 'Full Conserved Adaptive State Gene Set (p val < 0.05 for Ref, AKI and CKD)', rows with State/Cluster = aPT (source order)
Lake2023_aPT_snCv3	ITGAV	35	Lake et al. 2023 Nature 619:585 doi:10.1038/s41586-023-05769-3	Supplementary Table 13, snCv3 'Full Conserved Adaptive State Gene Set (p val < 0.05 for Ref, AKI and CKD)', rows with State/Cluster = aPT (source order)
Lake2023_aPT_snCv3	TRIO	36	Lake et al. 2023 Nature 619:585 doi:10.1038/s41586-023-05769-3	Supplementary Table 13, snCv3 'Full Conserved Adaptive State Gene Set (p val < 0.05 for Ref, AKI and CKD)', rows with State/Cluster = aPT (source order)
Lake2023_aPT_snCv3	STOX2	37	Lake et al. 2023 Nature 619:585 doi:10.1038/s41586-023-05769-3	Supplementary Table 13, snCv3 'Full Conserved Adaptive State Gene Set (p val < 0.05 for Ref, AKI and CKD)', rows with State/Cluster = aPT (source order)
Lake2023_aPT_snCv3	UGCG	38	Lake et al. 2023 Nature 619:585 doi:10.1038/s41586-023-05769-3	Supplementary Table 13, snCv3 'Full Conserved Adaptive State Gene Set (p val < 0.05 for Ref, AKI and CKD)', rows with State/Cluster = aPT (source order)
Lake2023_aPT_snCv3	PRICKLE1	39	Lake et al. 2023 Nature 619:585 doi:10.1038/s41586-023-05769-3	Supplementary Table 13, snCv3 'Full Conserved Adaptive State Gene Set (p val < 0.05 for Ref, AKI and CKD)', rows with State/Cluster = aPT (source order)
Lake2023_aPT_snCv3	LINC01320	40	Lake et al. 2023 Nature 619:585 doi:10.1038/s41586-023-05769-3	Supplementary Table 13, snCv3 'Full Conserved Adaptive State Gene Set (p val < 0.05 for Ref, AKI and CKD)', rows with State/Cluster = aPT (source order)
Lake2023_aPT_snCv3	MAP4K4	41	Lake et al. 2023 Nature 619:585 doi:10.1038/s41586-023-05769-3	Supplementary Table 13, snCv3 'Full Conserved Adaptive State Gene Set (p val < 0.05 for Ref, AKI and CKD)', rows with State/Cluster = aPT (source order)
Lake2023_aPT_snCv3	PVT1	42	Lake et al. 2023 Nature 619:585 doi:10.1038/s41586-023-05769-3	Supplementary Table 13, snCv3 'Full Conserved Adaptive State Gene Set (p val < 0.05 for Ref, AKI and CKD)', rows with State/Cluster = aPT (source order)
Lake2023_aPT_snCv3	ARHGAP26	43	Lake et al. 2023 Nature 619:585 doi:10.1038/s41586-023-05769-3	Supplementary Table 13, snCv3 'Full Conserved Adaptive State Gene Set (p val < 0.05 for Ref, AKI and CKD)', rows with State/Cluster = aPT (source order)
Lake2023_aPT_snCv3	CDH6	44	Lake et al. 2023 Nature 619:585 doi:10.1038/s41586-023-05769-3	Supplementary Table 13, snCv3 'Full Conserved Adaptive State Gene Set (p val < 0.05 for Ref, AKI and CKD)', rows with State/Cluster = aPT (source order)
Lake2023_aPT_snCv3	DGKH	45	Lake et al. 2023 Nature 619:585 doi:10.1038/s41586-023-05769-3	Supplementary Table 13, snCv3 'Full Conserved Adaptive State Gene Set (p val < 0.05 for Ref, AKI and CKD)', rows with State/Cluster = aPT (source order)
Lake2023_aPT_snCv3	AKT3	46	Lake et al. 2023 Nature 619:585 doi:10.1038/s41586-023-05769-3	Supplementary Table 13, snCv3 'Full Conserved Adaptive State Gene Set (p val < 0.05 for Ref, AKI and CKD)', rows with State/Cluster = aPT (source order)
Lake2023_aPT_snCv3	MACC1	47	Lake et al. 2023 Nature 619:585 doi:10.1038/s41586-023-05769-3	Supplementary Table 13, snCv3 'Full Conserved Adaptive State Gene Set (p val < 0.05 for Ref, AKI and CKD)', rows with State/Cluster = aPT (source order)
Lake2023_aPT_snCv3	LRRK2	48	Lake et al. 2023 Nature 619:585 doi:10.1038/s41586-023-05769-3	Supplementary Table 13, snCv3 'Full Conserved Adaptive State Gene Set (p val < 0.05 for Ref, AKI and CKD)', rows with State/Cluster = aPT (source order)
Lake2023_aPT_snCv3	SDK1	49	Lake et al. 2023 Nature 619:585 doi:10.1038/s41586-023-05769-3	Supplementary Table 13, snCv3 'Full Conserved Adaptive State Gene Set (p val < 0.05 for Ref, AKI and CKD)', rows with State/Cluster = aPT (source order)
Lake2023_aPT_snCv3	SAMD4A	50	Lake et al. 2023 Nature 619:585 doi:10.1038/s41586-023-05769-3	Supplementary Table 13, snCv3 'Full Conserved Adaptive State Gene Set (p val < 0.05 for Ref, AKI and CKD)', rows with State/Cluster = aPT (source order)
Lake2023_aPT_snCv3	MYOF	51	Lake et al. 2023 Nature 619:585 doi:10.1038/s41586-023-05769-3	Supplementary Table 13, snCv3 'Full Conserved Adaptive State Gene Set (p val < 0.05 for Ref, AKI and CKD)', rows with State/Cluster = aPT (source order)
Lake2023_aPT_snCv3	APP	52	Lake et al. 2023 Nature 619:585 doi:10.1038/s41586-023-05769-3	Supplementary Table 13, snCv3 'Full Conserved Adaptive State Gene Set (p val < 0.05 for Ref, AKI and CKD)', rows with State/Cluster = aPT (source order)
Lake2023_aPT_snCv3	TTC28	53	Lake et al. 2023 Nature 619:585 doi:10.1038/s41586-023-05769-3	Supplementary Table 13, snCv3 'Full Conserved Adaptive State Gene Set (p val < 0.05 for Ref, AKI and CKD)', rows with State/Cluster = aPT (source order)
Lake2023_aPT_snCv3	PLCB4	54	Lake et al. 2023 Nature 619:585 doi:10.1038/s41586-023-05769-3	Supplementary Table 13, snCv3 'Full Conserved Adaptive State Gene Set (p val < 0.05 for Ref, AKI and CKD)', rows with State/Cluster = aPT (source order)
Lake2023_aPT_snCv3	UGT2B7	55	Lake et al. 2023 Nature 619:585 doi:10.1038/s41586-023-05769-3	Supplementary Table 13, snCv3 'Full Conserved Adaptive State Gene Set (p val < 0.05 for Ref, AKI and CKD)', rows with State/Cluster = aPT (source order)
Lake2023_aPT_snCv3	ANXA2	56	Lake et al. 2023 Nature 619:585 doi:10.1038/s41586-023-05769-3	Supplementary Table 13, snCv3 'Full Conserved Adaptive State Gene Set (p val < 0.05 for Ref, AKI and CKD)', rows with State/Cluster = aPT (source order)
Lake2023_aPT_snCv3	ACSM3	57	Lake et al. 2023 Nature 619:585 doi:10.1038/s41586-023-05769-3	Supplementary Table 13, snCv3 'Full Conserved Adaptive State Gene Set (p val < 0.05 for Ref, AKI and CKD)', rows with State/Cluster = aPT (source order)
Lake2023_aPT_snCv3	ZNF83	58	Lake et al. 2023 Nature 619:585 doi:10.1038/s41586-023-05769-3	Supplementary Table 13, snCv3 'Full Conserved Adaptive State Gene Set (p val < 0.05 for Ref, AKI and CKD)', rows with State/Cluster = aPT (source order)
Lake2023_aPT_snCv3	BICC1	59	Lake et al. 2023 Nature 619:585 doi:10.1038/s41586-023-05769-3	Supplementary Table 13, snCv3 'Full Conserved Adaptive State Gene Set (p val < 0.05 for Ref, AKI and CKD)', rows with State/Cluster = aPT (source order)
Lake2023_aPT_snCv3	ITGA3	60	Lake et al. 2023 Nature 619:585 doi:10.1038/s41586-023-05769-3	Supplementary Table 13, snCv3 'Full Conserved Adaptive State Gene Set (p val < 0.05 for Ref, AKI and CKD)', rows with State/Cluster = aPT (source order)
Lake2023_aPT_snCv3	TNIK	61	Lake et al. 2023 Nature 619:585 doi:10.1038/s41586-023-05769-3	Supplementary Table 13, snCv3 'Full Conserved Adaptive State Gene Set (p val < 0.05 for Ref, AKI and CKD)', rows with State/Cluster = aPT (source order)
Lake2023_aPT_snCv3	RBPMS	62	Lake et al. 2023 Nature 619:585 doi:10.1038/s41586-023-05769-3	Supplementary Table 13, snCv3 'Full Conserved Adaptive State Gene Set (p val < 0.05 for Ref, AKI and CKD)', rows with State/Cluster = aPT (source order)
Lake2023_aPT_snCv3	COL4A1	63	Lake et al. 2023 Nature 619:585 doi:10.1038/s41586-023-05769-3	Supplementary Table 13, snCv3 'Full Conserved Adaptive State Gene Set (p val < 0.05 for Ref, AKI and CKD)', rows with State/Cluster = aPT (source order)
Lake2023_aPT_snCv3	IGFBP7	64	Lake et al. 2023 Nature 619:585 doi:10.1038/s41586-023-05769-3	Supplementary Table 13, snCv3 'Full Conserved Adaptive State Gene Set (p val < 0.05 for Ref, AKI and CKD)', rows with State/Cluster = aPT (source order)
Lake2023_aPT_snCv3	CARMIL1	65	Lake et al. 2023 Nature 619:585 doi:10.1038/s41586-023-05769-3	Supplementary Table 13, snCv3 'Full Conserved Adaptive State Gene Set (p val < 0.05 for Ref, AKI and CKD)', rows with State/Cluster = aPT (source order)
Lake2023_aPT_snCv3	RASAL2	66	Lake et al. 2023 Nature 619:585 doi:10.1038/s41586-023-05769-3	Supplementary Table 13, snCv3 'Full Conserved Adaptive State Gene Set (p val < 0.05 for Ref, AKI and CKD)', rows with State/Cluster = aPT (source order)
Lake2023_aPT_snCv3	TPK1	67	Lake et al. 2023 Nature 619:585 doi:10.1038/s41586-023-05769-3	Supplementary Table 13, snCv3 'Full Conserved Adaptive State Gene Set (p val < 0.05 for Ref, AKI and CKD)', rows with State/Cluster = aPT (source order)
Lake2023_aPT_snCv3	EXT1	68	Lake et al. 2023 Nature 619:585 doi:10.1038/s41586-023-05769-3	Supplementary Table 13, snCv3 'Full Conserved Adaptive State Gene Set (p val < 0.05 for Ref, AKI and CKD)', rows with State/Cluster = aPT (source order)
Lake2023_aPT_snCv3	PARP8	69	Lake et al. 2023 Nature 619:585 doi:10.1038/s41586-023-05769-3	Supplementary Table 13, snCv3 'Full Conserved Adaptive State Gene Set (p val < 0.05 for Ref, AKI and CKD)', rows with State/Cluster = aPT (source order)
Lake2023_aPT_snCv3	GULP1	70	Lake et al. 2023 Nature 619:585 doi:10.1038/s41586-023-05769-3	Supplementary Table 13, snCv3 'Full Conserved Adaptive State Gene Set (p val < 0.05 for Ref, AKI and CKD)', rows with State/Cluster = aPT (source order)
Lake2023_aPT_snCv3	C12orf75	71	Lake et al. 2023 Nature 619:585 doi:10.1038/s41586-023-05769-3	Supplementary Table 13, snCv3 'Full Conserved Adaptive State Gene Set (p val < 0.05 for Ref, AKI and CKD)', rows with State/Cluster = aPT (source order)
Lake2023_aPT_snCv3	FAM171A1	72	Lake et al. 2023 Nature 619:585 doi:10.1038/s41586-023-05769-3	Supplementary Table 13, snCv3 'Full Conserved Adaptive State Gene Set (p val < 0.05 for Ref, AKI and CKD)', rows with State/Cluster = aPT (source order)
Lake2023_aPT_snCv3	C11orf80	73	Lake et al. 2023 Nature 619:585 doi:10.1038/s41586-023-05769-3	Supplementary Table 13, snCv3 'Full Conserved Adaptive State Gene Set (p val < 0.05 for Ref, AKI and CKD)', rows with State/Cluster = aPT (source order)
Lake2023_aPT_snCv3	PTPRK	74	Lake et al. 2023 Nature 619:585 doi:10.1038/s41586-023-05769-3	Supplementary Table 13, snCv3 'Full Conserved Adaptive State Gene Set (p val < 0.05 for Ref, AKI and CKD)', rows with State/Cluster = aPT (source order)
Lake2023_aPT_snCv3	CLSTN2	75	Lake et al. 2023 Nature 619:585 doi:10.1038/s41586-023-05769-3	Supplementary Table 13, snCv3 'Full Conserved Adaptive State Gene Set (p val < 0.05 for Ref, AKI and CKD)', rows with State/Cluster = aPT (source order)
Lake2023_aPT_snCv3	FCHSD2	76	Lake et al. 2023 Nature 619:585 doi:10.1038/s41586-023-05769-3	Supplementary Table 13, snCv3 'Full Conserved Adaptive State Gene Set (p val < 0.05 for Ref, AKI and CKD)', rows with State/Cluster = aPT (source order)
Lake2023_aPT_snCv3	NRP1	77	Lake et al. 2023 Nature 619:585 doi:10.1038/s41586-023-05769-3	Supplementary Table 13, snCv3 'Full Conserved Adaptive State Gene Set (p val < 0.05 for Ref, AKI and CKD)', rows with State/Cluster = aPT (source order)
Lake2023_aPT_snCv3	NTN4	78	Lake et al. 2023 Nature 619:585 doi:10.1038/s41586-023-05769-3	Supplementary Table 13, snCv3 'Full Conserved Adaptive State Gene Set (p val < 0.05 for Ref, AKI and CKD)', rows with State/Cluster = aPT (source order)
Lake2023_aPT_snCv3	ENAH	79	Lake et al. 2023 Nature 619:585 doi:10.1038/s41586-023-05769-3	Supplementary Table 13, snCv3 'Full Conserved Adaptive State Gene Set (p val < 0.05 for Ref, AKI and CKD)', rows with State/Cluster = aPT (source order)
Lake2023_aPT_snCv3	AKAP12	80	Lake et al. 2023 Nature 619:585 doi:10.1038/s41586-023-05769-3	Supplementary Table 13, snCv3 'Full Conserved Adaptive State Gene Set (p val < 0.05 for Ref, AKI and CKD)', rows with State/Cluster = aPT (source order)
Lake2023_aPT_snCv3	PTBP2	81	Lake et al. 2023 Nature 619:585 doi:10.1038/s41586-023-05769-3	Supplementary Table 13, snCv3 'Full Conserved Adaptive State Gene Set (p val < 0.05 for Ref, AKI and CKD)', rows with State/Cluster = aPT (source order)
Lake2023_aPT_snCv3	FBXL2	82	Lake et al. 2023 Nature 619:585 doi:10.1038/s41586-023-05769-3	Supplementary Table 13, snCv3 'Full Conserved Adaptive State Gene Set (p val < 0.05 for Ref, AKI and CKD)', rows with State/Cluster = aPT (source order)
Lake2023_aPT_snCv3	AC108062.1	83	Lake et al. 2023 Nature 619:585 doi:10.1038/s41586-023-05769-3	Supplementary Table 13, snCv3 'Full Conserved Adaptive State Gene Set (p val < 0.05 for Ref, AKI and CKD)', rows with State/Cluster = aPT (source order)
Lake2023_aPT_snCv3	MACF1	84	Lake et al. 2023 Nature 619:585 doi:10.1038/s41586-023-05769-3	Supplementary Table 13, snCv3 'Full Conserved Adaptive State Gene Set (p val < 0.05 for Ref, AKI and CKD)', rows with State/Cluster = aPT (source order)
Lake2023_aPT_snCv3	ADGRG6	85	Lake et al. 2023 Nature 619:585 doi:10.1038/s41586-023-05769-3	Supplementary Table 13, snCv3 'Full Conserved Adaptive State Gene Set (p val < 0.05 for Ref, AKI and CKD)', rows with State/Cluster = aPT (source order)
Lake2023_aPT_snCv3	EPB41L2	86	Lake et al. 2023 Nature 619:585 doi:10.1038/s41586-023-05769-3	Supplementary Table 13, snCv3 'Full Conserved Adaptive State Gene Set (p val < 0.05 for Ref, AKI and CKD)', rows with State/Cluster = aPT (source order)
Lake2023_aPT_snCv3	CCDC146	87	Lake et al. 2023 Nature 619:585 doi:10.1038/s41586-023-05769-3	Supplementary Table 13, snCv3 'Full Conserved Adaptive State Gene Set (p val < 0.05 for Ref, AKI and CKD)', rows with State/Cluster = aPT (source order)
Lake2023_aPT_snCv3	NFKBIZ	88	Lake et al. 2023 Nature 619:585 doi:10.1038/s41586-023-05769-3	Supplementary Table 13, snCv3 'Full Conserved Adaptive State Gene Set (p val < 0.05 for Ref, AKI and CKD)', rows with State/Cluster = aPT (source order)
Lake2023_aPT_snCv3	MIR4435-2HG	89	Lake et al. 2023 Nature 619:585 doi:10.1038/s41586-023-05769-3	Supplementary Table 13, snCv3 'Full Conserved Adaptive State Gene Set (p val < 0.05 for Ref, AKI and CKD)', rows with State/Cluster = aPT (source order)
Lake2023_aPT_snCv3	ZBTB20	90	Lake et al. 2023 Nature 619:585 doi:10.1038/s41586-023-05769-3	Supplementary Table 13, snCv3 'Full Conserved Adaptive State Gene Set (p val < 0.05 for Ref, AKI and CKD)', rows with State/Cluster = aPT (source order)
Lake2023_aPT_snCv3	DCAF6	91	Lake et al. 2023 Nature 619:585 doi:10.1038/s41586-023-05769-3	Supplementary Table 13, snCv3 'Full Conserved Adaptive State Gene Set (p val < 0.05 for Ref, AKI and CKD)', rows with State/Cluster = aPT (source order)
Lake2023_aPT_snCv3	MAML2	92	Lake et al. 2023 Nature 619:585 doi:10.1038/s41586-023-05769-3	Supplementary Table 13, snCv3 'Full Conserved Adaptive State Gene Set (p val < 0.05 for Ref, AKI and CKD)', rows with State/Cluster = aPT (source order)
Lake2023_aPT_snCv3	FOCAD	93	Lake et al. 2023 Nature 619:585 doi:10.1038/s41586-023-05769-3	Supplementary Table 13, snCv3 'Full Conserved Adaptive State Gene Set (p val < 0.05 for Ref, AKI and CKD)', rows with State/Cluster = aPT (source order)
Lake2023_aPT_snCv3	SMURF1	94	Lake et al. 2023 Nature 619:585 doi:10.1038/s41586-023-05769-3	Supplementary Table 13, snCv3 'Full Conserved Adaptive State Gene Set (p val < 0.05 for Ref, AKI and CKD)', rows with State/Cluster = aPT (source order)
Lake2023_aPT_snCv3	EIF4G3	95	Lake et al. 2023 Nature 619:585 doi:10.1038/s41586-023-05769-3	Supplementary Table 13, snCv3 'Full Conserved Adaptive State Gene Set (p val < 0.05 for Ref, AKI and CKD)', rows with State/Cluster = aPT (source order)
Lake2023_aPT_snCv3	PLSCR1	96	Lake et al. 2023 Nature 619:585 doi:10.1038/s41586-023-05769-3	Supplementary Table 13, snCv3 'Full Conserved Adaptive State Gene Set (p val < 0.05 for Ref, AKI and CKD)', rows with State/Cluster = aPT (source order)
Lake2023_aPT_snCv3	FAM110B	97	Lake et al. 2023 Nature 619:585 doi:10.1038/s41586-023-05769-3	Supplementary Table 13, snCv3 'Full Conserved Adaptive State Gene Set (p val < 0.05 for Ref, AKI and CKD)', rows with State/Cluster = aPT (source order)
Lake2023_aPT_snCv3	DTNA	98	Lake et al. 2023 Nature 619:585 doi:10.1038/s41586-023-05769-3	Supplementary Table 13, snCv3 'Full Conserved Adaptive State Gene Set (p val < 0.05 for Ref, AKI and CKD)', rows with State/Cluster = aPT (source order)
Lake2023_aPT_snCv3	BMPR1A	99	Lake et al. 2023 Nature 619:585 doi:10.1038/s41586-023-05769-3	Supplementary Table 13, snCv3 'Full Conserved Adaptive State Gene Set (p val < 0.05 for Ref, AKI and CKD)', rows with State/Cluster = aPT (source order)
Lake2023_aPT_snCv3	SHROOM3	100	Lake et al. 2023 Nature 619:585 doi:10.1038/s41586-023-05769-3	Supplementary Table 13, snCv3 'Full Conserved Adaptive State Gene Set (p val < 0.05 for Ref, AKI and CKD)', rows with State/Cluster = aPT (source order)
Lake2023_aPT_snCv3	MICAL3	101	Lake et al. 2023 Nature 619:585 doi:10.1038/s41586-023-05769-3	Supplementary Table 13, snCv3 'Full Conserved Adaptive State Gene Set (p val < 0.05 for Ref, AKI and CKD)', rows with State/Cluster = aPT (source order)
Lake2023_aPT_snCv3	VCAM1	102	Lake et al. 2023 Nature 619:585 doi:10.1038/s41586-023-05769-3	Supplementary Table 13, snCv3 'Full Conserved Adaptive State Gene Set (p val < 0.05 for Ref, AKI and CKD)', rows with State/Cluster = aPT (source order)
Lake2023_aPT_snCv3	FMNL2	103	Lake et al. 2023 Nature 619:585 doi:10.1038/s41586-023-05769-3	Supplementary Table 13, snCv3 'Full Conserved Adaptive State Gene Set (p val < 0.05 for Ref, AKI and CKD)', rows with State/Cluster = aPT (source order)
Lake2023_aPT_snCv3	FER	104	Lake et al. 2023 Nature 619:585 doi:10.1038/s41586-023-05769-3	Supplementary Table 13, snCv3 'Full Conserved Adaptive State Gene Set (p val < 0.05 for Ref, AKI and CKD)', rows with State/Cluster = aPT (source order)
Lake2023_aPT_snCv3	TNFAIP8	105	Lake et al. 2023 Nature 619:585 doi:10.1038/s41586-023-05769-3	Supplementary Table 13, snCv3 'Full Conserved Adaptive State Gene Set (p val < 0.05 for Ref, AKI and CKD)', rows with State/Cluster = aPT (source order)
Lake2023_aPT_snCv3	PLEKHH2	106	Lake et al. 2023 Nature 619:585 doi:10.1038/s41586-023-05769-3	Supplementary Table 13, snCv3 'Full Conserved Adaptive State Gene Set (p val < 0.05 for Ref, AKI and CKD)', rows with State/Cluster = aPT (source order)
Lake2023_aPT_snCv3	HIVEP2	107	Lake et al. 2023 Nature 619:585 doi:10.1038/s41586-023-05769-3	Supplementary Table 13, snCv3 'Full Conserved Adaptive State Gene Set (p val < 0.05 for Ref, AKI and CKD)', rows with State/Cluster = aPT (source order)
Lake2023_aPT_snCv3	MEF2A	108	Lake et al. 2023 Nature 619:585 doi:10.1038/s41586-023-05769-3	Supplementary Table 13, snCv3 'Full Conserved Adaptive State Gene Set (p val < 0.05 for Ref, AKI and CKD)', rows with State/Cluster = aPT (source order)
Lake2023_aPT_snCv3	WWC1	109	Lake et al. 2023 Nature 619:585 doi:10.1038/s41586-023-05769-3	Supplementary Table 13, snCv3 'Full Conserved Adaptive State Gene Set (p val < 0.05 for Ref, AKI and CKD)', rows with State/Cluster = aPT (source order)
Lake2023_aPT_snCv3	FAM49B	110	Lake et al. 2023 Nature 619:585 doi:10.1038/s41586-023-05769-3	Supplementary Table 13, snCv3 'Full Conserved Adaptive State Gene Set (p val < 0.05 for Ref, AKI and CKD)', rows with State/Cluster = aPT (source order)
Lake2023_aPT_snCv3	PARD3B	111	Lake et al. 2023 Nature 619:585 doi:10.1038/s41586-023-05769-3	Supplementary Table 13, snCv3 'Full Conserved Adaptive State Gene Set (p val < 0.05 for Ref, AKI and CKD)', rows with State/Cluster = aPT (source order)
Lake2023_aPT_snCv3	ADAM10	112	Lake et al. 2023 Nature 619:585 doi:10.1038/s41586-023-05769-3	Supplementary Table 13, snCv3 'Full Conserved Adaptive State Gene Set (p val < 0.05 for Ref, AKI and CKD)', rows with State/Cluster = aPT (source order)
Lake2023_aPT_snCv3	JADE1	113	Lake et al. 2023 Nature 619:585 doi:10.1038/s41586-023-05769-3	Supplementary Table 13, snCv3 'Full Conserved Adaptive State Gene Set (p val < 0.05 for Ref, AKI and CKD)', rows with State/Cluster = aPT (source order)
Lake2023_aPT_snCv3	PALLD	114	Lake et al. 2023 Nature 619:585 doi:10.1038/s41586-023-05769-3	Supplementary Table 13, snCv3 'Full Conserved Adaptive State Gene Set (p val < 0.05 for Ref, AKI and CKD)', rows with State/Cluster = aPT (source order)
Lake2023_aPT_snCv3	EPHA7	115	Lake et al. 2023 Nature 619:585 doi:10.1038/s41586-023-05769-3	Supplementary Table 13, snCv3 'Full Conserved Adaptive State Gene Set (p val < 0.05 for Ref, AKI and CKD)', rows with State/Cluster = aPT (source order)
Lake2023_aPT_snCv3	DOCK1	116	Lake et al. 2023 Nature 619:585 doi:10.1038/s41586-023-05769-3	Supplementary Table 13, snCv3 'Full Conserved Adaptive State Gene Set (p val < 0.05 for Ref, AKI and CKD)', rows with State/Cluster = aPT (source order)
Lake2023_aPT_snCv3	UBE2E1	117	Lake et al. 2023 Nature 619:585 doi:10.1038/s41586-023-05769-3	Supplementary Table 13, snCv3 'Full Conserved Adaptive State Gene Set (p val < 0.05 for Ref, AKI and CKD)', rows with State/Cluster = aPT (source order)
Lake2023_aPT_snCv3	KCTD16	118	Lake et al. 2023 Nature 619:585 doi:10.1038/s41586-023-05769-3	Supplementary Table 13, snCv3 'Full Conserved Adaptive State Gene Set (p val < 0.05 for Ref, AKI and CKD)', rows with State/Cluster = aPT (source order)
Lake2023_aPT_snCv3	JAZF1	119	Lake et al. 2023 Nature 619:585 doi:10.1038/s41586-023-05769-3	Supplementary Table 13, snCv3 'Full Conserved Adaptive State Gene Set (p val < 0.05 for Ref, AKI and CKD)', rows with State/Cluster = aPT (source order)
Lake2023_aPT_snCv3	FIGN	120	Lake et al. 2023 Nature 619:585 doi:10.1038/s41586-023-05769-3	Supplementary Table 13, snCv3 'Full Conserved Adaptive State Gene Set (p val < 0.05 for Ref, AKI and CKD)', rows with State/Cluster = aPT (source order)
Lake2023_aPT_snCv3	SPNS2	121	Lake et al. 2023 Nature 619:585 doi:10.1038/s41586-023-05769-3	Supplementary Table 13, snCv3 'Full Conserved Adaptive State Gene Set (p val < 0.05 for Ref, AKI and CKD)', rows with State/Cluster = aPT (source order)
Lake2023_aPT_snCv3	BICD1	122	Lake et al. 2023 Nature 619:585 doi:10.1038/s41586-023-05769-3	Supplementary Table 13, snCv3 'Full Conserved Adaptive State Gene Set (p val < 0.05 for Ref, AKI and CKD)', rows with State/Cluster = aPT (source order)
Lake2023_aPT_snCv3	MED13L	123	Lake et al. 2023 Nature 619:585 doi:10.1038/s41586-023-05769-3	Supplementary Table 13, snCv3 'Full Conserved Adaptive State Gene Set (p val < 0.05 for Ref, AKI and CKD)', rows with State/Cluster = aPT (source order)
Lake2023_aPT_snCv3	LAMC1	124	Lake et al. 2023 Nature 619:585 doi:10.1038/s41586-023-05769-3	Supplementary Table 13, snCv3 'Full Conserved Adaptive State Gene Set (p val < 0.05 for Ref, AKI and CKD)', rows with State/Cluster = aPT (source order)
Lake2023_aPT_snCv3	SOX6	125	Lake et al. 2023 Nature 619:585 doi:10.1038/s41586-023-05769-3	Supplementary Table 13, snCv3 'Full Conserved Adaptive State Gene Set (p val < 0.05 for Ref, AKI and CKD)', rows with State/Cluster = aPT (source order)
Lake2023_aPT_snCv3	MITF	126	Lake et al. 2023 Nature 619:585 doi:10.1038/s41586-023-05769-3	Supplementary Table 13, snCv3 'Full Conserved Adaptive State Gene Set (p val < 0.05 for Ref, AKI and CKD)', rows with State/Cluster = aPT (source order)
Lake2023_aPT_snCv3	PDE4D	127	Lake et al. 2023 Nature 619:585 doi:10.1038/s41586-023-05769-3	Supplementary Table 13, snCv3 'Full Conserved Adaptive State Gene Set (p val < 0.05 for Ref, AKI and CKD)', rows with State/Cluster = aPT (source order)
Lake2023_aPT_snCv3	AFF3	128	Lake et al. 2023 Nature 619:585 doi:10.1038/s41586-023-05769-3	Supplementary Table 13, snCv3 'Full Conserved Adaptive State Gene Set (p val < 0.05 for Ref, AKI and CKD)', rows with State/Cluster = aPT (source order)
Lake2023_aPT_snCv3	RBMS2	129	Lake et al. 2023 Nature 619:585 doi:10.1038/s41586-023-05769-3	Supplementary Table 13, snCv3 'Full Conserved Adaptive State Gene Set (p val < 0.05 for Ref, AKI and CKD)', rows with State/Cluster = aPT (source order)
Lake2023_aPT_snCv3	HYDIN	130	Lake et al. 2023 Nature 619:585 doi:10.1038/s41586-023-05769-3	Supplementary Table 13, snCv3 'Full Conserved Adaptive State Gene Set (p val < 0.05 for Ref, AKI and CKD)', rows with State/Cluster = aPT (source order)
Lake2023_aPT_snCv3	MCU	131	Lake et al. 2023 Nature 619:585 doi:10.1038/s41586-023-05769-3	Supplementary Table 13, snCv3 'Full Conserved Adaptive State Gene Set (p val < 0.05 for Ref, AKI and CKD)', rows with State/Cluster = aPT (source order)
Lake2023_aPT_snCv3	KCNQ3	132	Lake et al. 2023 Nature 619:585 doi:10.1038/s41586-023-05769-3	Supplementary Table 13, snCv3 'Full Conserved Adaptive State Gene Set (p val < 0.05 for Ref, AKI and CKD)', rows with State/Cluster = aPT (source order)
Lake2023_aPT_snCv3	FAM189A1	133	Lake et al. 2023 Nature 619:585 doi:10.1038/s41586-023-05769-3	Supplementary Table 13, snCv3 'Full Conserved Adaptive State Gene Set (p val < 0.05 for Ref, AKI and CKD)', rows with State/Cluster = aPT (source order)
Lake2023_aPT_snCv3	BNC2	134	Lake et al. 2023 Nature 619:585 doi:10.1038/s41586-023-05769-3	Supplementary Table 13, snCv3 'Full Conserved Adaptive State Gene Set (p val < 0.05 for Ref, AKI and CKD)', rows with State/Cluster = aPT (source order)
Lake2023_aPT_snCv3	MYLK	135	Lake et al. 2023 Nature 619:585 doi:10.1038/s41586-023-05769-3	Supplementary Table 13, snCv3 'Full Conserved Adaptive State Gene Set (p val < 0.05 for Ref, AKI and CKD)', rows with State/Cluster = aPT (source order)
Lake2023_aPT_snCv3	ATP13A3	136	Lake et al. 2023 Nature 619:585 doi:10.1038/s41586-023-05769-3	Supplementary Table 13, snCv3 'Full Conserved Adaptive State Gene Set (p val < 0.05 for Ref, AKI and CKD)', rows with State/Cluster = aPT (source order)
Lake2023_aPT_snCv3	ADAMTS16	137	Lake et al. 2023 Nature 619:585 doi:10.1038/s41586-023-05769-3	Supplementary Table 13, snCv3 'Full Conserved Adaptive State Gene Set (p val < 0.05 for Ref, AKI and CKD)', rows with State/Cluster = aPT (source order)
Lake2023_aPT_snCv3	ZFP36L1	138	Lake et al. 2023 Nature 619:585 doi:10.1038/s41586-023-05769-3	Supplementary Table 13, snCv3 'Full Conserved Adaptive State Gene Set (p val < 0.05 for Ref, AKI and CKD)', rows with State/Cluster = aPT (source order)
Lake2023_aPT_snCv3	ADAMTS9-AS2	139	Lake et al. 2023 Nature 619:585 doi:10.1038/s41586-023-05769-3	Supplementary Table 13, snCv3 'Full Conserved Adaptive State Gene Set (p val < 0.05 for Ref, AKI and CKD)', rows with State/Cluster = aPT (source order)
Lake2023_aPT_snCv3	SEL1L3	140	Lake et al. 2023 Nature 619:585 doi:10.1038/s41586-023-05769-3	Supplementary Table 13, snCv3 'Full Conserved Adaptive State Gene Set (p val < 0.05 for Ref, AKI and CKD)', rows with State/Cluster = aPT (source order)
Lake2023_aPT_snCv3	SPATS2L	141	Lake et al. 2023 Nature 619:585 doi:10.1038/s41586-023-05769-3	Supplementary Table 13, snCv3 'Full Conserved Adaptive State Gene Set (p val < 0.05 for Ref, AKI and CKD)', rows with State/Cluster = aPT (source order)
Lake2023_aPT_snCv3	TANC1	142	Lake et al. 2023 Nature 619:585 doi:10.1038/s41586-023-05769-3	Supplementary Table 13, snCv3 'Full Conserved Adaptive State Gene Set (p val < 0.05 for Ref, AKI and CKD)', rows with State/Cluster = aPT (source order)
Lake2023_aPT_snCv3	KCNT2	143	Lake et al. 2023 Nature 619:585 doi:10.1038/s41586-023-05769-3	Supplementary Table 13, snCv3 'Full Conserved Adaptive State Gene Set (p val < 0.05 for Ref, AKI and CKD)', rows with State/Cluster = aPT (source order)
Lake2023_aPT_snCv3	PARP14	144	Lake et al. 2023 Nature 619:585 doi:10.1038/s41586-023-05769-3	Supplementary Table 13, snCv3 'Full Conserved Adaptive State Gene Set (p val < 0.05 for Ref, AKI and CKD)', rows with State/Cluster = aPT (source order)
Lake2023_aPT_snCv3	UNC5D	145	Lake et al. 2023 Nature 619:585 doi:10.1038/s41586-023-05769-3	Supplementary Table 13, snCv3 'Full Conserved Adaptive State Gene Set (p val < 0.05 for Ref, AKI and CKD)', rows with State/Cluster = aPT (source order)
Lake2023_aPT_snCv3	ASAP1	146	Lake et al. 2023 Nature 619:585 doi:10.1038/s41586-023-05769-3	Supplementary Table 13, snCv3 'Full Conserved Adaptive State Gene Set (p val < 0.05 for Ref, AKI and CKD)', rows with State/Cluster = aPT (source order)
Lake2023_aPT_snCv3	PTBP3	147	Lake et al. 2023 Nature 619:585 doi:10.1038/s41586-023-05769-3	Supplementary Table 13, snCv3 'Full Conserved Adaptive State Gene Set (p val < 0.05 for Ref, AKI and CKD)', rows with State/Cluster = aPT (source order)
Lake2023_aPT_snCv3	SPAG17	148	Lake et al. 2023 Nature 619:585 doi:10.1038/s41586-023-05769-3	Supplementary Table 13, snCv3 'Full Conserved Adaptive State Gene Set (p val < 0.05 for Ref, AKI and CKD)', rows with State/Cluster = aPT (source order)
Lake2023_aPT_snCv3	BAZ1A	149	Lake et al. 2023 Nature 619:585 doi:10.1038/s41586-023-05769-3	Supplementary Table 13, snCv3 'Full Conserved Adaptive State Gene Set (p val < 0.05 for Ref, AKI and CKD)', rows with State/Cluster = aPT (source order)
Lake2023_aPT_snCv3	PCNX2	150	Lake et al. 2023 Nature 619:585 doi:10.1038/s41586-023-05769-3	Supplementary Table 13, snCv3 'Full Conserved Adaptive State Gene Set (p val < 0.05 for Ref, AKI and CKD)', rows with State/Cluster = aPT (source order)
Lake2023_aPT_snCv3	CARHSP1	151	Lake et al. 2023 Nature 619:585 doi:10.1038/s41586-023-05769-3	Supplementary Table 13, snCv3 'Full Conserved Adaptive State Gene Set (p val < 0.05 for Ref, AKI and CKD)', rows with State/Cluster = aPT (source order)
Lake2023_aPT_snCv3	NEK11	152	Lake et al. 2023 Nature 619:585 doi:10.1038/s41586-023-05769-3	Supplementary Table 13, snCv3 'Full Conserved Adaptive State Gene Set (p val < 0.05 for Ref, AKI and CKD)', rows with State/Cluster = aPT (source order)
Lake2023_aPT_snCv3	ARID1B	153	Lake et al. 2023 Nature 619:585 doi:10.1038/s41586-023-05769-3	Supplementary Table 13, snCv3 'Full Conserved Adaptive State Gene Set (p val < 0.05 for Ref, AKI and CKD)', rows with State/Cluster = aPT (source order)
Lake2023_aPT_snCv3	LPGAT1	154	Lake et al. 2023 Nature 619:585 doi:10.1038/s41586-023-05769-3	Supplementary Table 13, snCv3 'Full Conserved Adaptive State Gene Set (p val < 0.05 for Ref, AKI and CKD)', rows with State/Cluster = aPT (source order)
Lake2023_aPT_snCv3	KCTD1	155	Lake et al. 2023 Nature 619:585 doi:10.1038/s41586-023-05769-3	Supplementary Table 13, snCv3 'Full Conserved Adaptive State Gene Set (p val < 0.05 for Ref, AKI and CKD)', rows with State/Cluster = aPT (source order)
Lake2023_aPT_snCv3	ACTR3	156	Lake et al. 2023 Nature 619:585 doi:10.1038/s41586-023-05769-3	Supplementary Table 13, snCv3 'Full Conserved Adaptive State Gene Set (p val < 0.05 for Ref, AKI and CKD)', rows with State/Cluster = aPT (source order)
Lake2023_aPT_snCv3	UTRN	157	Lake et al. 2023 Nature 619:585 doi:10.1038/s41586-023-05769-3	Supplementary Table 13, snCv3 'Full Conserved Adaptive State Gene Set (p val < 0.05 for Ref, AKI and CKD)', rows with State/Cluster = aPT (source order)
Lake2023_aPT_snCv3	PTK2	158	Lake et al. 2023 Nature 619:585 doi:10.1038/s41586-023-05769-3	Supplementary Table 13, snCv3 'Full Conserved Adaptive State Gene Set (p val < 0.05 for Ref, AKI and CKD)', rows with State/Cluster = aPT (source order)
Lake2023_aPT_snCv3	ARHGAP29	159	Lake et al. 2023 Nature 619:585 doi:10.1038/s41586-023-05769-3	Supplementary Table 13, snCv3 'Full Conserved Adaptive State Gene Set (p val < 0.05 for Ref, AKI and CKD)', rows with State/Cluster = aPT (source order)
Lake2023_aPT_snCv3	PHLDB1	160	Lake et al. 2023 Nature 619:585 doi:10.1038/s41586-023-05769-3	Supplementary Table 13, snCv3 'Full Conserved Adaptive State Gene Set (p val < 0.05 for Ref, AKI and CKD)', rows with State/Cluster = aPT (source order)
Lake2023_aPT_snCv3	TJP1	161	Lake et al. 2023 Nature 619:585 doi:10.1038/s41586-023-05769-3	Supplementary Table 13, snCv3 'Full Conserved Adaptive State Gene Set (p val < 0.05 for Ref, AKI and CKD)', rows with State/Cluster = aPT (source order)
Lake2023_aPT_snCv3	RBMS1	162	Lake et al. 2023 Nature 619:585 doi:10.1038/s41586-023-05769-3	Supplementary Table 13, snCv3 'Full Conserved Adaptive State Gene Set (p val < 0.05 for Ref, AKI and CKD)', rows with State/Cluster = aPT (source order)
Lake2023_aPT_snCv3	PTPN12	163	Lake et al. 2023 Nature 619:585 doi:10.1038/s41586-023-05769-3	Supplementary Table 13, snCv3 'Full Conserved Adaptive State Gene Set (p val < 0.05 for Ref, AKI and CKD)', rows with State/Cluster = aPT (source order)
Lake2023_aPT_snCv3	PRICKLE2	164	Lake et al. 2023 Nature 619:585 doi:10.1038/s41586-023-05769-3	Supplementary Table 13, snCv3 'Full Conserved Adaptive State Gene Set (p val < 0.05 for Ref, AKI and CKD)', rows with State/Cluster = aPT (source order)
Lake2023_aPT_snCv3	PHACTR2	165	Lake et al. 2023 Nature 619:585 doi:10.1038/s41586-023-05769-3	Supplementary Table 13, snCv3 'Full Conserved Adaptive State Gene Set (p val < 0.05 for Ref, AKI and CKD)', rows with State/Cluster = aPT (source order)
Lake2023_aPT_snCv3	CEP112	166	Lake et al. 2023 Nature 619:585 doi:10.1038/s41586-023-05769-3	Supplementary Table 13, snCv3 'Full Conserved Adaptive State Gene Set (p val < 0.05 for Ref, AKI and CKD)', rows with State/Cluster = aPT (source order)
Lake2023_aPT_snCv3	KLHL29	167	Lake et al. 2023 Nature 619:585 doi:10.1038/s41586-023-05769-3	Supplementary Table 13, snCv3 'Full Conserved Adaptive State Gene Set (p val < 0.05 for Ref, AKI and CKD)', rows with State/Cluster = aPT (source order)
Lake2023_aPT_snCv3	ABCC1	168	Lake et al. 2023 Nature 619:585 doi:10.1038/s41586-023-05769-3	Supplementary Table 13, snCv3 'Full Conserved Adaptive State Gene Set (p val < 0.05 for Ref, AKI and CKD)', rows with State/Cluster = aPT (source order)
Lake2023_aPT_snCv3	MTHFD1L	169	Lake et al. 2023 Nature 619:585 doi:10.1038/s41586-023-05769-3	Supplementary Table 13, snCv3 'Full Conserved Adaptive State Gene Set (p val < 0.05 for Ref, AKI and CKD)', rows with State/Cluster = aPT (source order)
Lake2023_aPT_snCv3	PTPN14	170	Lake et al. 2023 Nature 619:585 doi:10.1038/s41586-023-05769-3	Supplementary Table 13, snCv3 'Full Conserved Adaptive State Gene Set (p val < 0.05 for Ref, AKI and CKD)', rows with State/Cluster = aPT (source order)
Lake2023_aPT_snCv3	LRCH1	171	Lake et al. 2023 Nature 619:585 doi:10.1038/s41586-023-05769-3	Supplementary Table 13, snCv3 'Full Conserved Adaptive State Gene Set (p val < 0.05 for Ref, AKI and CKD)', rows with State/Cluster = aPT (source order)
Lake2023_aPT_snCv3	TTC7B	172	Lake et al. 2023 Nature 619:585 doi:10.1038/s41586-023-05769-3	Supplementary Table 13, snCv3 'Full Conserved Adaptive State Gene Set (p val < 0.05 for Ref, AKI and CKD)', rows with State/Cluster = aPT (source order)
Lake2023_aPT_snCv3	PHF21A	173	Lake et al. 2023 Nature 619:585 doi:10.1038/s41586-023-05769-3	Supplementary Table 13, snCv3 'Full Conserved Adaptive State Gene Set (p val < 0.05 for Ref, AKI and CKD)', rows with State/Cluster = aPT (source order)
Lake2023_aPT_snCv3	OSBPL10	174	Lake et al. 2023 Nature 619:585 doi:10.1038/s41586-023-05769-3	Supplementary Table 13, snCv3 'Full Conserved Adaptive State Gene Set (p val < 0.05 for Ref, AKI and CKD)', rows with State/Cluster = aPT (source order)
Lake2023_aPT_snCv3	FUT8	175	Lake et al. 2023 Nature 619:585 doi:10.1038/s41586-023-05769-3	Supplementary Table 13, snCv3 'Full Conserved Adaptive State Gene Set (p val < 0.05 for Ref, AKI and CKD)', rows with State/Cluster = aPT (source order)
Lake2023_aPT_snCv3	KDM5B	176	Lake et al. 2023 Nature 619:585 doi:10.1038/s41586-023-05769-3	Supplementary Table 13, snCv3 'Full Conserved Adaptive State Gene Set (p val < 0.05 for Ref, AKI and CKD)', rows with State/Cluster = aPT (source order)
Lake2023_aPT_snCv3	LPP	177	Lake et al. 2023 Nature 619:585 doi:10.1038/s41586-023-05769-3	Supplementary Table 13, snCv3 'Full Conserved Adaptive State Gene Set (p val < 0.05 for Ref, AKI and CKD)', rows with State/Cluster = aPT (source order)
Lake2023_aPT_snCv3	LINC02471	178	Lake et al. 2023 Nature 619:585 doi:10.1038/s41586-023-05769-3	Supplementary Table 13, snCv3 'Full Conserved Adaptive State Gene Set (p val < 0.05 for Ref, AKI and CKD)', rows with State/Cluster = aPT (source order)
Lake2023_aPT_snCv3	DIAPH2	179	Lake et al. 2023 Nature 619:585 doi:10.1038/s41586-023-05769-3	Supplementary Table 13, snCv3 'Full Conserved Adaptive State Gene Set (p val < 0.05 for Ref, AKI and CKD)', rows with State/Cluster = aPT (source order)
Lake2023_aPT_snCv3	DCDC1	180	Lake et al. 2023 Nature 619:585 doi:10.1038/s41586-023-05769-3	Supplementary Table 13, snCv3 'Full Conserved Adaptive State Gene Set (p val < 0.05 for Ref, AKI and CKD)', rows with State/Cluster = aPT (source order)
Lake2023_aPT_snCv3	AFAP1	181	Lake et al. 2023 Nature 619:585 doi:10.1038/s41586-023-05769-3	Supplementary Table 13, snCv3 'Full Conserved Adaptive State Gene Set (p val < 0.05 for Ref, AKI and CKD)', rows with State/Cluster = aPT (source order)
Lake2023_aPT_snCv3	PPP1R9A	182	Lake et al. 2023 Nature 619:585 doi:10.1038/s41586-023-05769-3	Supplementary Table 13, snCv3 'Full Conserved Adaptive State Gene Set (p val < 0.05 for Ref, AKI and CKD)', rows with State/Cluster = aPT (source order)
Lake2023_aPT_snCv3	TBC1D16	183	Lake et al. 2023 Nature 619:585 doi:10.1038/s41586-023-05769-3	Supplementary Table 13, snCv3 'Full Conserved Adaptive State Gene Set (p val < 0.05 for Ref, AKI and CKD)', rows with State/Cluster = aPT (source order)
Lake2023_aPT_snCv3	ANXA4	184	Lake et al. 2023 Nature 619:585 doi:10.1038/s41586-023-05769-3	Supplementary Table 13, snCv3 'Full Conserved Adaptive State Gene Set (p val < 0.05 for Ref, AKI and CKD)', rows with State/Cluster = aPT (source order)
Lake2023_aPT_snCv3	SAMD12	185	Lake et al. 2023 Nature 619:585 doi:10.1038/s41586-023-05769-3	Supplementary Table 13, snCv3 'Full Conserved Adaptive State Gene Set (p val < 0.05 for Ref, AKI and CKD)', rows with State/Cluster = aPT (source order)
Lake2023_aPT_snCv3	COL4A2	186	Lake et al. 2023 Nature 619:585 doi:10.1038/s41586-023-05769-3	Supplementary Table 13, snCv3 'Full Conserved Adaptive State Gene Set (p val < 0.05 for Ref, AKI and CKD)', rows with State/Cluster = aPT (source order)
Lake2023_aPT_snCv3	ZMIZ1	187	Lake et al. 2023 Nature 619:585 doi:10.1038/s41586-023-05769-3	Supplementary Table 13, snCv3 'Full Conserved Adaptive State Gene Set (p val < 0.05 for Ref, AKI and CKD)', rows with State/Cluster = aPT (source order)
Lake2023_aPT_snCv3	NFKB1	188	Lake et al. 2023 Nature 619:585 doi:10.1038/s41586-023-05769-3	Supplementary Table 13, snCv3 'Full Conserved Adaptive State Gene Set (p val < 0.05 for Ref, AKI and CKD)', rows with State/Cluster = aPT (source order)
Lake2023_aPT_snCv3	CPVL	189	Lake et al. 2023 Nature 619:585 doi:10.1038/s41586-023-05769-3	Supplementary Table 13, snCv3 'Full Conserved Adaptive State Gene Set (p val < 0.05 for Ref, AKI and CKD)', rows with State/Cluster = aPT (source order)
Lake2023_aPT_snCv3	SSBP2	190	Lake et al. 2023 Nature 619:585 doi:10.1038/s41586-023-05769-3	Supplementary Table 13, snCv3 'Full Conserved Adaptive State Gene Set (p val < 0.05 for Ref, AKI and CKD)', rows with State/Cluster = aPT (source order)
Lake2023_aPT_snCv3	TRAF3IP2-AS1	191	Lake et al. 2023 Nature 619:585 doi:10.1038/s41586-023-05769-3	Supplementary Table 13, snCv3 'Full Conserved Adaptive State Gene Set (p val < 0.05 for Ref, AKI and CKD)', rows with State/Cluster = aPT (source order)
Lake2023_aPT_snCv3	RETREG1	192	Lake et al. 2023 Nature 619:585 doi:10.1038/s41586-023-05769-3	Supplementary Table 13, snCv3 'Full Conserved Adaptive State Gene Set (p val < 0.05 for Ref, AKI and CKD)', rows with State/Cluster = aPT (source order)
Lake2023_aPT_snCv3	GNAQ	193	Lake et al. 2023 Nature 619:585 doi:10.1038/s41586-023-05769-3	Supplementary Table 13, snCv3 'Full Conserved Adaptive State Gene Set (p val < 0.05 for Ref, AKI and CKD)', rows with State/Cluster = aPT (source order)
Lake2023_aPT_snCv3	CTBP2	194	Lake et al. 2023 Nature 619:585 doi:10.1038/s41586-023-05769-3	Supplementary Table 13, snCv3 'Full Conserved Adaptive State Gene Set (p val < 0.05 for Ref, AKI and CKD)', rows with State/Cluster = aPT (source order)
Lake2023_aPT_snCv3	ZEB1	195	Lake et al. 2023 Nature 619:585 doi:10.1038/s41586-023-05769-3	Supplementary Table 13, snCv3 'Full Conserved Adaptive State Gene Set (p val < 0.05 for Ref, AKI and CKD)', rows with State/Cluster = aPT (source order)
Lake2023_aPT_snCv3	NPAS3	196	Lake et al. 2023 Nature 619:585 doi:10.1038/s41586-023-05769-3	Supplementary Table 13, snCv3 'Full Conserved Adaptive State Gene Set (p val < 0.05 for Ref, AKI and CKD)', rows with State/Cluster = aPT (source order)
Lake2023_aPT_snCv3	CCND3	197	Lake et al. 2023 Nature 619:585 doi:10.1038/s41586-023-05769-3	Supplementary Table 13, snCv3 'Full Conserved Adaptive State Gene Set (p val < 0.05 for Ref, AKI and CKD)', rows with State/Cluster = aPT (source order)
Lake2023_aPT_snCv3	SENP6	198	Lake et al. 2023 Nature 619:585 doi:10.1038/s41586-023-05769-3	Supplementary Table 13, snCv3 'Full Conserved Adaptive State Gene Set (p val < 0.05 for Ref, AKI and CKD)', rows with State/Cluster = aPT (source order)
Lake2023_aPT_snCv3	ANKRD6	199	Lake et al. 2023 Nature 619:585 doi:10.1038/s41586-023-05769-3	Supplementary Table 13, snCv3 'Full Conserved Adaptive State Gene Set (p val < 0.05 for Ref, AKI and CKD)', rows with State/Cluster = aPT (source order)
Lake2023_aPT_snCv3	ZNF608	200	Lake et al. 2023 Nature 619:585 doi:10.1038/s41586-023-05769-3	Supplementary Table 13, snCv3 'Full Conserved Adaptive State Gene Set (p val < 0.05 for Ref, AKI and CKD)', rows with State/Cluster = aPT (source order)
Lake2023_aPT_snCv3	PTPN21	201	Lake et al. 2023 Nature 619:585 doi:10.1038/s41586-023-05769-3	Supplementary Table 13, snCv3 'Full Conserved Adaptive State Gene Set (p val < 0.05 for Ref, AKI and CKD)', rows with State/Cluster = aPT (source order)
Lake2023_aPT_snCv3	RAP1B	202	Lake et al. 2023 Nature 619:585 doi:10.1038/s41586-023-05769-3	Supplementary Table 13, snCv3 'Full Conserved Adaptive State Gene Set (p val < 0.05 for Ref, AKI and CKD)', rows with State/Cluster = aPT (source order)
Lake2023_aPT_snCv3	WRN	203	Lake et al. 2023 Nature 619:585 doi:10.1038/s41586-023-05769-3	Supplementary Table 13, snCv3 'Full Conserved Adaptive State Gene Set (p val < 0.05 for Ref, AKI and CKD)', rows with State/Cluster = aPT (source order)
Lake2023_aPT_snCv3	MLLT3	204	Lake et al. 2023 Nature 619:585 doi:10.1038/s41586-023-05769-3	Supplementary Table 13, snCv3 'Full Conserved Adaptive State Gene Set (p val < 0.05 for Ref, AKI and CKD)', rows with State/Cluster = aPT (source order)
Lake2023_aPT_snCv3	MAP4	205	Lake et al. 2023 Nature 619:585 doi:10.1038/s41586-023-05769-3	Supplementary Table 13, snCv3 'Full Conserved Adaptive State Gene Set (p val < 0.05 for Ref, AKI and CKD)', rows with State/Cluster = aPT (source order)
Lake2023_aPT_snCv3	MYO5B	206	Lake et al. 2023 Nature 619:585 doi:10.1038/s41586-023-05769-3	Supplementary Table 13, snCv3 'Full Conserved Adaptive State Gene Set (p val < 0.05 for Ref, AKI and CKD)', rows with State/Cluster = aPT (source order)
Lake2023_aPT_snCv3	SYTL2	207	Lake et al. 2023 Nature 619:585 doi:10.1038/s41586-023-05769-3	Supplementary Table 13, snCv3 'Full Conserved Adaptive State Gene Set (p val < 0.05 for Ref, AKI and CKD)', rows with State/Cluster = aPT (source order)
Lake2023_aPT_snCv3	LDLRAD4	208	Lake et al. 2023 Nature 619:585 doi:10.1038/s41586-023-05769-3	Supplementary Table 13, snCv3 'Full Conserved Adaptive State Gene Set (p val < 0.05 for Ref, AKI and CKD)', rows with State/Cluster = aPT (source order)
Lake2023_aPT_snCv3	SOX4	209	Lake et al. 2023 Nature 619:585 doi:10.1038/s41586-023-05769-3	Supplementary Table 13, snCv3 'Full Conserved Adaptive State Gene Set (p val < 0.05 for Ref, AKI and CKD)', rows with State/Cluster = aPT (source order)
Lake2023_aPT_snCv3	GMDS	210	Lake et al. 2023 Nature 619:585 doi:10.1038/s41586-023-05769-3	Supplementary Table 13, snCv3 'Full Conserved Adaptive State Gene Set (p val < 0.05 for Ref, AKI and CKD)', rows with State/Cluster = aPT (source order)
Lake2023_aPT_snCv3	SPATS2	211	Lake et al. 2023 Nature 619:585 doi:10.1038/s41586-023-05769-3	Supplementary Table 13, snCv3 'Full Conserved Adaptive State Gene Set (p val < 0.05 for Ref, AKI and CKD)', rows with State/Cluster = aPT (source order)
Lake2023_aPT_snCv3	RASA1	212	Lake et al. 2023 Nature 619:585 doi:10.1038/s41586-023-05769-3	Supplementary Table 13, snCv3 'Full Conserved Adaptive State Gene Set (p val < 0.05 for Ref, AKI and CKD)', rows with State/Cluster = aPT (source order)
Lake2023_aPT_snCv3	GPC6	213	Lake et al. 2023 Nature 619:585 doi:10.1038/s41586-023-05769-3	Supplementary Table 13, snCv3 'Full Conserved Adaptive State Gene Set (p val < 0.05 for Ref, AKI and CKD)', rows with State/Cluster = aPT (source order)
Lake2023_aPT_snCv3	SYNDIG1	214	Lake et al. 2023 Nature 619:585 doi:10.1038/s41586-023-05769-3	Supplementary Table 13, snCv3 'Full Conserved Adaptive State Gene Set (p val < 0.05 for Ref, AKI and CKD)', rows with State/Cluster = aPT (source order)
Lake2023_aPT_snCv3	TMEM51	215	Lake et al. 2023 Nature 619:585 doi:10.1038/s41586-023-05769-3	Supplementary Table 13, snCv3 'Full Conserved Adaptive State Gene Set (p val < 0.05 for Ref, AKI and CKD)', rows with State/Cluster = aPT (source order)
Lake2023_aPT_snCv3	AF117829.1	216	Lake et al. 2023 Nature 619:585 doi:10.1038/s41586-023-05769-3	Supplementary Table 13, snCv3 'Full Conserved Adaptive State Gene Set (p val < 0.05 for Ref, AKI and CKD)', rows with State/Cluster = aPT (source order)
Lake2023_aPT_snCv3	AGPS	217	Lake et al. 2023 Nature 619:585 doi:10.1038/s41586-023-05769-3	Supplementary Table 13, snCv3 'Full Conserved Adaptive State Gene Set (p val < 0.05 for Ref, AKI and CKD)', rows with State/Cluster = aPT (source order)
Lake2023_aPT_snCv3	MSC-AS1	218	Lake et al. 2023 Nature 619:585 doi:10.1038/s41586-023-05769-3	Supplementary Table 13, snCv3 'Full Conserved Adaptive State Gene Set (p val < 0.05 for Ref, AKI and CKD)', rows with State/Cluster = aPT (source order)
Lake2023_aPT_snCv3	RAD51B	219	Lake et al. 2023 Nature 619:585 doi:10.1038/s41586-023-05769-3	Supplementary Table 13, snCv3 'Full Conserved Adaptive State Gene Set (p val < 0.05 for Ref, AKI and CKD)', rows with State/Cluster = aPT (source order)
Lake2023_aPT_snCv3	SEMA4D	220	Lake et al. 2023 Nature 619:585 doi:10.1038/s41586-023-05769-3	Supplementary Table 13, snCv3 'Full Conserved Adaptive State Gene Set (p val < 0.05 for Ref, AKI and CKD)', rows with State/Cluster = aPT (source order)
Lake2023_aPT_snCv3	SLC35F5	221	Lake et al. 2023 Nature 619:585 doi:10.1038/s41586-023-05769-3	Supplementary Table 13, snCv3 'Full Conserved Adaptive State Gene Set (p val < 0.05 for Ref, AKI and CKD)', rows with State/Cluster = aPT (source order)
Lake2023_aPT_snCv3	BEND7	222	Lake et al. 2023 Nature 619:585 doi:10.1038/s41586-023-05769-3	Supplementary Table 13, snCv3 'Full Conserved Adaptive State Gene Set (p val < 0.05 for Ref, AKI and CKD)', rows with State/Cluster = aPT (source order)
Lake2023_aPT_snCv3	WWC2	223	Lake et al. 2023 Nature 619:585 doi:10.1038/s41586-023-05769-3	Supplementary Table 13, snCv3 'Full Conserved Adaptive State Gene Set (p val < 0.05 for Ref, AKI and CKD)', rows with State/Cluster = aPT (source order)
Lake2023_aPT_snCv3	RBFOX2	224	Lake et al. 2023 Nature 619:585 doi:10.1038/s41586-023-05769-3	Supplementary Table 13, snCv3 'Full Conserved Adaptive State Gene Set (p val < 0.05 for Ref, AKI and CKD)', rows with State/Cluster = aPT (source order)
Lake2023_aPT_snCv3	SOS2	225	Lake et al. 2023 Nature 619:585 doi:10.1038/s41586-023-05769-3	Supplementary Table 13, snCv3 'Full Conserved Adaptive State Gene Set (p val < 0.05 for Ref, AKI and CKD)', rows with State/Cluster = aPT (source order)
Lake2023_aPT_snCv3	RTN4	226	Lake et al. 2023 Nature 619:585 doi:10.1038/s41586-023-05769-3	Supplementary Table 13, snCv3 'Full Conserved Adaptive State Gene Set (p val < 0.05 for Ref, AKI and CKD)', rows with State/Cluster = aPT (source order)
Lake2023_aPT_snCv3	RERG	227	Lake et al. 2023 Nature 619:585 doi:10.1038/s41586-023-05769-3	Supplementary Table 13, snCv3 'Full Conserved Adaptive State Gene Set (p val < 0.05 for Ref, AKI and CKD)', rows with State/Cluster = aPT (source order)
Lake2023_aPT_snCv3	VCL	228	Lake et al. 2023 Nature 619:585 doi:10.1038/s41586-023-05769-3	Supplementary Table 13, snCv3 'Full Conserved Adaptive State Gene Set (p val < 0.05 for Ref, AKI and CKD)', rows with State/Cluster = aPT (source order)
Lake2023_aPT_snCv3	GAB2	229	Lake et al. 2023 Nature 619:585 doi:10.1038/s41586-023-05769-3	Supplementary Table 13, snCv3 'Full Conserved Adaptive State Gene Set (p val < 0.05 for Ref, AKI and CKD)', rows with State/Cluster = aPT (source order)
Lake2023_aPT_snCv3	KLF7	230	Lake et al. 2023 Nature 619:585 doi:10.1038/s41586-023-05769-3	Supplementary Table 13, snCv3 'Full Conserved Adaptive State Gene Set (p val < 0.05 for Ref, AKI and CKD)', rows with State/Cluster = aPT (source order)
Lake2023_aPT_snCv3	ANKRD33B	231	Lake et al. 2023 Nature 619:585 doi:10.1038/s41586-023-05769-3	Supplementary Table 13, snCv3 'Full Conserved Adaptive State Gene Set (p val < 0.05 for Ref, AKI and CKD)', rows with State/Cluster = aPT (source order)
Lake2023_aPT_snCv3	SEMA6A	232	Lake et al. 2023 Nature 619:585 doi:10.1038/s41586-023-05769-3	Supplementary Table 13, snCv3 'Full Conserved Adaptive State Gene Set (p val < 0.05 for Ref, AKI and CKD)', rows with State/Cluster = aPT (source order)
Lake2023_aPT_snCv3	MYO1E	233	Lake et al. 2023 Nature 619:585 doi:10.1038/s41586-023-05769-3	Supplementary Table 13, snCv3 'Full Conserved Adaptive State Gene Set (p val < 0.05 for Ref, AKI and CKD)', rows with State/Cluster = aPT (source order)
Lake2023_aPT_snCv3	ETV6	234	Lake et al. 2023 Nature 619:585 doi:10.1038/s41586-023-05769-3	Supplementary Table 13, snCv3 'Full Conserved Adaptive State Gene Set (p val < 0.05 for Ref, AKI and CKD)', rows with State/Cluster = aPT (source order)
Lake2023_aPT_snCv3	DYNC2LI1	235	Lake et al. 2023 Nature 619:585 doi:10.1038/s41586-023-05769-3	Supplementary Table 13, snCv3 'Full Conserved Adaptive State Gene Set (p val < 0.05 for Ref, AKI and CKD)', rows with State/Cluster = aPT (source order)
Lake2023_aPT_snCv3	MET	236	Lake et al. 2023 Nature 619:585 doi:10.1038/s41586-023-05769-3	Supplementary Table 13, snCv3 'Full Conserved Adaptive State Gene Set (p val < 0.05 for Ref, AKI and CKD)', rows with State/Cluster = aPT (source order)
Lake2023_aPT_snCv3	EPB41L1	237	Lake et al. 2023 Nature 619:585 doi:10.1038/s41586-023-05769-3	Supplementary Table 13, snCv3 'Full Conserved Adaptive State Gene Set (p val < 0.05 for Ref, AKI and CKD)', rows with State/Cluster = aPT (source order)
Lake2023_aPT_snCv3	CAP2	238	Lake et al. 2023 Nature 619:585 doi:10.1038/s41586-023-05769-3	Supplementary Table 13, snCv3 'Full Conserved Adaptive State Gene Set (p val < 0.05 for Ref, AKI and CKD)', rows with State/Cluster = aPT (source order)
Lake2023_aPT_snCv3	SUPT3H	239	Lake et al. 2023 Nature 619:585 doi:10.1038/s41586-023-05769-3	Supplementary Table 13, snCv3 'Full Conserved Adaptive State Gene Set (p val < 0.05 for Ref, AKI and CKD)', rows with State/Cluster = aPT (source order)
Lake2023_aPT_snCv3	NUTM2B-AS1	240	Lake et al. 2023 Nature 619:585 doi:10.1038/s41586-023-05769-3	Supplementary Table 13, snCv3 'Full Conserved Adaptive State Gene Set (p val < 0.05 for Ref, AKI and CKD)', rows with State/Cluster = aPT (source order)
Lake2023_aPT_snCv3	VPS41	241	Lake et al. 2023 Nature 619:585 doi:10.1038/s41586-023-05769-3	Supplementary Table 13, snCv3 'Full Conserved Adaptive State Gene Set (p val < 0.05 for Ref, AKI and CKD)', rows with State/Cluster = aPT (source order)
Lake2023_aPT_snCv3	LDLRAD3	242	Lake et al. 2023 Nature 619:585 doi:10.1038/s41586-023-05769-3	Supplementary Table 13, snCv3 'Full Conserved Adaptive State Gene Set (p val < 0.05 for Ref, AKI and CKD)', rows with State/Cluster = aPT (source order)
Lake2023_aPT_snCv3	GPC4	243	Lake et al. 2023 Nature 619:585 doi:10.1038/s41586-023-05769-3	Supplementary Table 13, snCv3 'Full Conserved Adaptive State Gene Set (p val < 0.05 for Ref, AKI and CKD)', rows with State/Cluster = aPT (source order)
Lake2023_aPT_snCv3	NFAT5	244	Lake et al. 2023 Nature 619:585 doi:10.1038/s41586-023-05769-3	Supplementary Table 13, snCv3 'Full Conserved Adaptive State Gene Set (p val < 0.05 for Ref, AKI and CKD)', rows with State/Cluster = aPT (source order)
Lake2023_aPT_snCv3	HKDC1	245	Lake et al. 2023 Nature 619:585 doi:10.1038/s41586-023-05769-3	Supplementary Table 13, snCv3 'Full Conserved Adaptive State Gene Set (p val < 0.05 for Ref, AKI and CKD)', rows with State/Cluster = aPT (source order)
Lake2023_aPT_snCv3	RUSC2	246	Lake et al. 2023 Nature 619:585 doi:10.1038/s41586-023-05769-3	Supplementary Table 13, snCv3 'Full Conserved Adaptive State Gene Set (p val < 0.05 for Ref, AKI and CKD)', rows with State/Cluster = aPT (source order)
Lake2023_aPT_snCv3	CRIM1	247	Lake et al. 2023 Nature 619:585 doi:10.1038/s41586-023-05769-3	Supplementary Table 13, snCv3 'Full Conserved Adaptive State Gene Set (p val < 0.05 for Ref, AKI and CKD)', rows with State/Cluster = aPT (source order)
Lake2023_aPT_snCv3	BRAF	248	Lake et al. 2023 Nature 619:585 doi:10.1038/s41586-023-05769-3	Supplementary Table 13, snCv3 'Full Conserved Adaptive State Gene Set (p val < 0.05 for Ref, AKI and CKD)', rows with State/Cluster = aPT (source order)
Lake2023_aPT_snCv3	SINHCAF	249	Lake et al. 2023 Nature 619:585 doi:10.1038/s41586-023-05769-3	Supplementary Table 13, snCv3 'Full Conserved Adaptive State Gene Set (p val < 0.05 for Ref, AKI and CKD)', rows with State/Cluster = aPT (source order)
Lake2023_aPT_snCv3	PAPLN	250	Lake et al. 2023 Nature 619:585 doi:10.1038/s41586-023-05769-3	Supplementary Table 13, snCv3 'Full Conserved Adaptive State Gene Set (p val < 0.05 for Ref, AKI and CKD)', rows with State/Cluster = aPT (source order)
Lake2023_aPT_snCv3	GNB1	251	Lake et al. 2023 Nature 619:585 doi:10.1038/s41586-023-05769-3	Supplementary Table 13, snCv3 'Full Conserved Adaptive State Gene Set (p val < 0.05 for Ref, AKI and CKD)', rows with State/Cluster = aPT (source order)
Lake2023_aPT_snCv3	CDK6	252	Lake et al. 2023 Nature 619:585 doi:10.1038/s41586-023-05769-3	Supplementary Table 13, snCv3 'Full Conserved Adaptive State Gene Set (p val < 0.05 for Ref, AKI and CKD)', rows with State/Cluster = aPT (source order)
Lake2023_aPT_snCv3	RIPOR3	253	Lake et al. 2023 Nature 619:585 doi:10.1038/s41586-023-05769-3	Supplementary Table 13, snCv3 'Full Conserved Adaptive State Gene Set (p val < 0.05 for Ref, AKI and CKD)', rows with State/Cluster = aPT (source order)
Lake2023_aPT_snCv3	TBC1D8	254	Lake et al. 2023 Nature 619:585 doi:10.1038/s41586-023-05769-3	Supplementary Table 13, snCv3 'Full Conserved Adaptive State Gene Set (p val < 0.05 for Ref, AKI and CKD)', rows with State/Cluster = aPT (source order)
Lake2023_aPT_snCv3	EGFR	255	Lake et al. 2023 Nature 619:585 doi:10.1038/s41586-023-05769-3	Supplementary Table 13, snCv3 'Full Conserved Adaptive State Gene Set (p val < 0.05 for Ref, AKI and CKD)', rows with State/Cluster = aPT (source order)
Lake2023_aPT_snCv3	RASA2	256	Lake et al. 2023 Nature 619:585 doi:10.1038/s41586-023-05769-3	Supplementary Table 13, snCv3 'Full Conserved Adaptive State Gene Set (p val < 0.05 for Ref, AKI and CKD)', rows with State/Cluster = aPT (source order)
Lake2023_aPT_snCv3	MTCL1	257	Lake et al. 2023 Nature 619:585 doi:10.1038/s41586-023-05769-3	Supplementary Table 13, snCv3 'Full Conserved Adaptive State Gene Set (p val < 0.05 for Ref, AKI and CKD)', rows with State/Cluster = aPT (source order)
Lake2023_aPT_snCv3	MPP6	258	Lake et al. 2023 Nature 619:585 doi:10.1038/s41586-023-05769-3	Supplementary Table 13, snCv3 'Full Conserved Adaptive State Gene Set (p val < 0.05 for Ref, AKI and CKD)', rows with State/Cluster = aPT (source order)
Lake2023_aPT_snCv3	YAP1	259	Lake et al. 2023 Nature 619:585 doi:10.1038/s41586-023-05769-3	Supplementary Table 13, snCv3 'Full Conserved Adaptive State Gene Set (p val < 0.05 for Ref, AKI and CKD)', rows with State/Cluster = aPT (source order)
Lake2023_aPT_snCv3	PLCB1	260	Lake et al. 2023 Nature 619:585 doi:10.1038/s41586-023-05769-3	Supplementary Table 13, snCv3 'Full Conserved Adaptive State Gene Set (p val < 0.05 for Ref, AKI and CKD)', rows with State/Cluster = aPT (source order)
Lake2023_aPT_snCv3	ASCC3	261	Lake et al. 2023 Nature 619:585 doi:10.1038/s41586-023-05769-3	Supplementary Table 13, snCv3 'Full Conserved Adaptive State Gene Set (p val < 0.05 for Ref, AKI and CKD)', rows with State/Cluster = aPT (source order)
Lake2023_aPT_snCv3	FGF13	262	Lake et al. 2023 Nature 619:585 doi:10.1038/s41586-023-05769-3	Supplementary Table 13, snCv3 'Full Conserved Adaptive State Gene Set (p val < 0.05 for Ref, AKI and CKD)', rows with State/Cluster = aPT (source order)
Lake2023_aPT_snCv3	GLS	263	Lake et al. 2023 Nature 619:585 doi:10.1038/s41586-023-05769-3	Supplementary Table 13, snCv3 'Full Conserved Adaptive State Gene Set (p val < 0.05 for Ref, AKI and CKD)', rows with State/Cluster = aPT (source order)
Lake2023_aPT_snCv3	UBAP1	264	Lake et al. 2023 Nature 619:585 doi:10.1038/s41586-023-05769-3	Supplementary Table 13, snCv3 'Full Conserved Adaptive State Gene Set (p val < 0.05 for Ref, AKI and CKD)', rows with State/Cluster = aPT (source order)
Lake2023_aPT_snCv3	ZNF462	265	Lake et al. 2023 Nature 619:585 doi:10.1038/s41586-023-05769-3	Supplementary Table 13, snCv3 'Full Conserved Adaptive State Gene Set (p val < 0.05 for Ref, AKI and CKD)', rows with State/Cluster = aPT (source order)
Lake2023_aPT_snCv3	LPIN2	266	Lake et al. 2023 Nature 619:585 doi:10.1038/s41586-023-05769-3	Supplementary Table 13, snCv3 'Full Conserved Adaptive State Gene Set (p val < 0.05 for Ref, AKI and CKD)', rows with State/Cluster = aPT (source order)
Lake2023_aPT_snCv3	EPB41L4A	267	Lake et al. 2023 Nature 619:585 doi:10.1038/s41586-023-05769-3	Supplementary Table 13, snCv3 'Full Conserved Adaptive State Gene Set (p val < 0.05 for Ref, AKI and CKD)', rows with State/Cluster = aPT (source order)
Lake2023_aPT_snCv3	GPD2	268	Lake et al. 2023 Nature 619:585 doi:10.1038/s41586-023-05769-3	Supplementary Table 13, snCv3 'Full Conserved Adaptive State Gene Set (p val < 0.05 for Ref, AKI and CKD)', rows with State/Cluster = aPT (source order)
Lake2023_aPT_snCv3	FLNB	269	Lake et al. 2023 Nature 619:585 doi:10.1038/s41586-023-05769-3	Supplementary Table 13, snCv3 'Full Conserved Adaptive State Gene Set (p val < 0.05 for Ref, AKI and CKD)', rows with State/Cluster = aPT (source order)
Lake2023_aPT_snCv3	MBD2	270	Lake et al. 2023 Nature 619:585 doi:10.1038/s41586-023-05769-3	Supplementary Table 13, snCv3 'Full Conserved Adaptive State Gene Set (p val < 0.05 for Ref, AKI and CKD)', rows with State/Cluster = aPT (source order)
Lake2023_aPT_snCv3	DCBLD2	271	Lake et al. 2023 Nature 619:585 doi:10.1038/s41586-023-05769-3	Supplementary Table 13, snCv3 'Full Conserved Adaptive State Gene Set (p val < 0.05 for Ref, AKI and CKD)', rows with State/Cluster = aPT (source order)
Lake2023_aPT_snCv3	HIF1A	272	Lake et al. 2023 Nature 619:585 doi:10.1038/s41586-023-05769-3	Supplementary Table 13, snCv3 'Full Conserved Adaptive State Gene Set (p val < 0.05 for Ref, AKI and CKD)', rows with State/Cluster = aPT (source order)
Lake2023_aPT_snCv3	ZNF609	273	Lake et al. 2023 Nature 619:585 doi:10.1038/s41586-023-05769-3	Supplementary Table 13, snCv3 'Full Conserved Adaptive State Gene Set (p val < 0.05 for Ref, AKI and CKD)', rows with State/Cluster = aPT (source order)
Lake2023_aPT_snCv3	PHF14	274	Lake et al. 2023 Nature 619:585 doi:10.1038/s41586-023-05769-3	Supplementary Table 13, snCv3 'Full Conserved Adaptive State Gene Set (p val < 0.05 for Ref, AKI and CKD)', rows with State/Cluster = aPT (source order)
Lake2023_aPT_snCv3	MB21D2	275	Lake et al. 2023 Nature 619:585 doi:10.1038/s41586-023-05769-3	Supplementary Table 13, snCv3 'Full Conserved Adaptive State Gene Set (p val < 0.05 for Ref, AKI and CKD)', rows with State/Cluster = aPT (source order)
Lake2023_aPT_snCv3	TBL1XR1	276	Lake et al. 2023 Nature 619:585 doi:10.1038/s41586-023-05769-3	Supplementary Table 13, snCv3 'Full Conserved Adaptive State Gene Set (p val < 0.05 for Ref, AKI and CKD)', rows with State/Cluster = aPT (source order)
Lake2023_aPT_snCv3	AGFG1	277	Lake et al. 2023 Nature 619:585 doi:10.1038/s41586-023-05769-3	Supplementary Table 13, snCv3 'Full Conserved Adaptive State Gene Set (p val < 0.05 for Ref, AKI and CKD)', rows with State/Cluster = aPT (source order)
Lake2023_aPT_snCv3	TTLL5	278	Lake et al. 2023 Nature 619:585 doi:10.1038/s41586-023-05769-3	Supplementary Table 13, snCv3 'Full Conserved Adaptive State Gene Set (p val < 0.05 for Ref, AKI and CKD)', rows with State/Cluster = aPT (source order)
Lake2023_aPT_snCv3	STAT3	279	Lake et al. 2023 Nature 619:585 doi:10.1038/s41586-023-05769-3	Supplementary Table 13, snCv3 'Full Conserved Adaptive State Gene Set (p val < 0.05 for Ref, AKI and CKD)', rows with State/Cluster = aPT (source order)
Lake2023_aPT_snCv3	MYH9	280	Lake et al. 2023 Nature 619:585 doi:10.1038/s41586-023-05769-3	Supplementary Table 13, snCv3 'Full Conserved Adaptive State Gene Set (p val < 0.05 for Ref, AKI and CKD)', rows with State/Cluster = aPT (source order)
Lake2023_aPT_snCv3	KIF13A	281	Lake et al. 2023 Nature 619:585 doi:10.1038/s41586-023-05769-3	Supplementary Table 13, snCv3 'Full Conserved Adaptive State Gene Set (p val < 0.05 for Ref, AKI and CKD)', rows with State/Cluster = aPT (source order)
Lake2023_aPT_snCv3	PAM	282	Lake et al. 2023 Nature 619:585 doi:10.1038/s41586-023-05769-3	Supplementary Table 13, snCv3 'Full Conserved Adaptive State Gene Set (p val < 0.05 for Ref, AKI and CKD)', rows with State/Cluster = aPT (source order)
Lake2023_aPT_snCv3	RRAS2	283	Lake et al. 2023 Nature 619:585 doi:10.1038/s41586-023-05769-3	Supplementary Table 13, snCv3 'Full Conserved Adaptive State Gene Set (p val < 0.05 for Ref, AKI and CKD)', rows with State/Cluster = aPT (source order)
Lake2023_aPT_snCv3	RNF144B	284	Lake et al. 2023 Nature 619:585 doi:10.1038/s41586-023-05769-3	Supplementary Table 13, snCv3 'Full Conserved Adaptive State Gene Set (p val < 0.05 for Ref, AKI and CKD)', rows with State/Cluster = aPT (source order)
Lake2023_aPT_snCv3	PLS1	285	Lake et al. 2023 Nature 619:585 doi:10.1038/s41586-023-05769-3	Supplementary Table 13, snCv3 'Full Conserved Adaptive State Gene Set (p val < 0.05 for Ref, AKI and CKD)', rows with State/Cluster = aPT (source order)
Lake2023_aPT_snCv3	NF2	286	Lake et al. 2023 Nature 619:585 doi:10.1038/s41586-023-05769-3	Supplementary Table 13, snCv3 'Full Conserved Adaptive State Gene Set (p val < 0.05 for Ref, AKI and CKD)', rows with State/Cluster = aPT (source order)
Lake2023_aPT_snCv3	FAM107B	287	Lake et al. 2023 Nature 619:585 doi:10.1038/s41586-023-05769-3	Supplementary Table 13, snCv3 'Full Conserved Adaptive State Gene Set (p val < 0.05 for Ref, AKI and CKD)', rows with State/Cluster = aPT (source order)
Lake2023_aPT_snCv3	HGSNAT	288	Lake et al. 2023 Nature 619:585 doi:10.1038/s41586-023-05769-3	Supplementary Table 13, snCv3 'Full Conserved Adaptive State Gene Set (p val < 0.05 for Ref, AKI and CKD)', rows with State/Cluster = aPT (source order)
Lake2023_aPT_snCv3	DAPK1	289	Lake et al. 2023 Nature 619:585 doi:10.1038/s41586-023-05769-3	Supplementary Table 13, snCv3 'Full Conserved Adaptive State Gene Set (p val < 0.05 for Ref, AKI and CKD)', rows with State/Cluster = aPT (source order)
Lake2023_aPT_snCv3	GTF2IRD1	290	Lake et al. 2023 Nature 619:585 doi:10.1038/s41586-023-05769-3	Supplementary Table 13, snCv3 'Full Conserved Adaptive State Gene Set (p val < 0.05 for Ref, AKI and CKD)', rows with State/Cluster = aPT (source order)
Lake2023_aPT_snCv3	STAG1	291	Lake et al. 2023 Nature 619:585 doi:10.1038/s41586-023-05769-3	Supplementary Table 13, snCv3 'Full Conserved Adaptive State Gene Set (p val < 0.05 for Ref, AKI and CKD)', rows with State/Cluster = aPT (source order)
Lake2023_aPT_snCv3	FAM13B	292	Lake et al. 2023 Nature 619:585 doi:10.1038/s41586-023-05769-3	Supplementary Table 13, snCv3 'Full Conserved Adaptive State Gene Set (p val < 0.05 for Ref, AKI and CKD)', rows with State/Cluster = aPT (source order)
Lake2023_aPT_snCv3	FBXW7	293	Lake et al. 2023 Nature 619:585 doi:10.1038/s41586-023-05769-3	Supplementary Table 13, snCv3 'Full Conserved Adaptive State Gene Set (p val < 0.05 for Ref, AKI and CKD)', rows with State/Cluster = aPT (source order)
Lake2023_aPT_snCv3	LNPEP	294	Lake et al. 2023 Nature 619:585 doi:10.1038/s41586-023-05769-3	Supplementary Table 13, snCv3 'Full Conserved Adaptive State Gene Set (p val < 0.05 for Ref, AKI and CKD)', rows with State/Cluster = aPT (source order)
Lake2023_aPT_snCv3	FOXP1	295	Lake et al. 2023 Nature 619:585 doi:10.1038/s41586-023-05769-3	Supplementary Table 13, snCv3 'Full Conserved Adaptive State Gene Set (p val < 0.05 for Ref, AKI and CKD)', rows with State/Cluster = aPT (source order)
Lake2023_aPT_snCv3	TPST1	296	Lake et al. 2023 Nature 619:585 doi:10.1038/s41586-023-05769-3	Supplementary Table 13, snCv3 'Full Conserved Adaptive State Gene Set (p val < 0.05 for Ref, AKI and CKD)', rows with State/Cluster = aPT (source order)
Lake2023_aPT_snCv3	ZNF385B	297	Lake et al. 2023 Nature 619:585 doi:10.1038/s41586-023-05769-3	Supplementary Table 13, snCv3 'Full Conserved Adaptive State Gene Set (p val < 0.05 for Ref, AKI and CKD)', rows with State/Cluster = aPT (source order)
Lake2023_aPT_snCv3	MYO1D	298	Lake et al. 2023 Nature 619:585 doi:10.1038/s41586-023-05769-3	Supplementary Table 13, snCv3 'Full Conserved Adaptive State Gene Set (p val < 0.05 for Ref, AKI and CKD)', rows with State/Cluster = aPT (source order)
Lake2023_aPT_snCv3	TBL1X	299	Lake et al. 2023 Nature 619:585 doi:10.1038/s41586-023-05769-3	Supplementary Table 13, snCv3 'Full Conserved Adaptive State Gene Set (p val < 0.05 for Ref, AKI and CKD)', rows with State/Cluster = aPT (source order)
Lake2023_aPT_snCv3	NCK2	300	Lake et al. 2023 Nature 619:585 doi:10.1038/s41586-023-05769-3	Supplementary Table 13, snCv3 'Full Conserved Adaptive State Gene Set (p val < 0.05 for Ref, AKI and CKD)', rows with State/Cluster = aPT (source order)
Lake2023_aPT_snCv3	XRCC5	301	Lake et al. 2023 Nature 619:585 doi:10.1038/s41586-023-05769-3	Supplementary Table 13, snCv3 'Full Conserved Adaptive State Gene Set (p val < 0.05 for Ref, AKI and CKD)', rows with State/Cluster = aPT (source order)
Lake2023_aPT_snCv3	BAZ2B	302	Lake et al. 2023 Nature 619:585 doi:10.1038/s41586-023-05769-3	Supplementary Table 13, snCv3 'Full Conserved Adaptive State Gene Set (p val < 0.05 for Ref, AKI and CKD)', rows with State/Cluster = aPT (source order)
Lake2023_aPT_snCv3	MAML3	303	Lake et al. 2023 Nature 619:585 doi:10.1038/s41586-023-05769-3	Supplementary Table 13, snCv3 'Full Conserved Adaptive State Gene Set (p val < 0.05 for Ref, AKI and CKD)', rows with State/Cluster = aPT (source order)
Lake2023_aPT_snCv3	AC092894.1	304	Lake et al. 2023 Nature 619:585 doi:10.1038/s41586-023-05769-3	Supplementary Table 13, snCv3 'Full Conserved Adaptive State Gene Set (p val < 0.05 for Ref, AKI and CKD)', rows with State/Cluster = aPT (source order)
Lake2023_aPT_snCv3	CNKSR3	305	Lake et al. 2023 Nature 619:585 doi:10.1038/s41586-023-05769-3	Supplementary Table 13, snCv3 'Full Conserved Adaptive State Gene Set (p val < 0.05 for Ref, AKI and CKD)', rows with State/Cluster = aPT (source order)
Lake2023_aPT_snCv3	JAK1	306	Lake et al. 2023 Nature 619:585 doi:10.1038/s41586-023-05769-3	Supplementary Table 13, snCv3 'Full Conserved Adaptive State Gene Set (p val < 0.05 for Ref, AKI and CKD)', rows with State/Cluster = aPT (source order)
Lake2023_aPT_snCv3	CASK	307	Lake et al. 2023 Nature 619:585 doi:10.1038/s41586-023-05769-3	Supplementary Table 13, snCv3 'Full Conserved Adaptive State Gene Set (p val < 0.05 for Ref, AKI and CKD)', rows with State/Cluster = aPT (source order)
Lake2023_aPT_snCv3	DLGAP4	308	Lake et al. 2023 Nature 619:585 doi:10.1038/s41586-023-05769-3	Supplementary Table 13, snCv3 'Full Conserved Adaptive State Gene Set (p val < 0.05 for Ref, AKI and CKD)', rows with State/Cluster = aPT (source order)
Lake2023_aPT_snCv3	PDE9A	309	Lake et al. 2023 Nature 619:585 doi:10.1038/s41586-023-05769-3	Supplementary Table 13, snCv3 'Full Conserved Adaptive State Gene Set (p val < 0.05 for Ref, AKI and CKD)', rows with State/Cluster = aPT (source order)
Lake2023_aPT_snCv3	MKL1	310	Lake et al. 2023 Nature 619:585 doi:10.1038/s41586-023-05769-3	Supplementary Table 13, snCv3 'Full Conserved Adaptive State Gene Set (p val < 0.05 for Ref, AKI and CKD)', rows with State/Cluster = aPT (source order)
Lake2023_aPT_snCv3	SEMA5A	311	Lake et al. 2023 Nature 619:585 doi:10.1038/s41586-023-05769-3	Supplementary Table 13, snCv3 'Full Conserved Adaptive State Gene Set (p val < 0.05 for Ref, AKI and CKD)', rows with State/Cluster = aPT (source order)
Lake2023_aPT_snCv3	EML4	312	Lake et al. 2023 Nature 619:585 doi:10.1038/s41586-023-05769-3	Supplementary Table 13, snCv3 'Full Conserved Adaptive State Gene Set (p val < 0.05 for Ref, AKI and CKD)', rows with State/Cluster = aPT (source order)
Lake2023_aPT_snCv3	EPN2	313	Lake et al. 2023 Nature 619:585 doi:10.1038/s41586-023-05769-3	Supplementary Table 13, snCv3 'Full Conserved Adaptive State Gene Set (p val < 0.05 for Ref, AKI and CKD)', rows with State/Cluster = aPT (source order)
Lake2023_aPT_snCv3	ABI3BP	314	Lake et al. 2023 Nature 619:585 doi:10.1038/s41586-023-05769-3	Supplementary Table 13, snCv3 'Full Conserved Adaptive State Gene Set (p val < 0.05 for Ref, AKI and CKD)', rows with State/Cluster = aPT (source order)
Lake2023_aPT_snCv3	PKD2	315	Lake et al. 2023 Nature 619:585 doi:10.1038/s41586-023-05769-3	Supplementary Table 13, snCv3 'Full Conserved Adaptive State Gene Set (p val < 0.05 for Ref, AKI and CKD)', rows with State/Cluster = aPT (source order)
Lake2023_aPT_snCv3	UBAP2	316	Lake et al. 2023 Nature 619:585 doi:10.1038/s41586-023-05769-3	Supplementary Table 13, snCv3 'Full Conserved Adaptive State Gene Set (p val < 0.05 for Ref, AKI and CKD)', rows with State/Cluster = aPT (source order)
Lake2023_aPT_snCv3	YEATS2	317	Lake et al. 2023 Nature 619:585 doi:10.1038/s41586-023-05769-3	Supplementary Table 13, snCv3 'Full Conserved Adaptive State Gene Set (p val < 0.05 for Ref, AKI and CKD)', rows with State/Cluster = aPT (source order)
Lake2023_aPT_snCv3	TENM3	318	Lake et al. 2023 Nature 619:585 doi:10.1038/s41586-023-05769-3	Supplementary Table 13, snCv3 'Full Conserved Adaptive State Gene Set (p val < 0.05 for Ref, AKI and CKD)', rows with State/Cluster = aPT (source order)
Lake2023_aPT_snCv3	MAP3K21	319	Lake et al. 2023 Nature 619:585 doi:10.1038/s41586-023-05769-3	Supplementary Table 13, snCv3 'Full Conserved Adaptive State Gene Set (p val < 0.05 for Ref, AKI and CKD)', rows with State/Cluster = aPT (source order)
Lake2023_aPT_snCv3	NUTM2A-AS1	320	Lake et al. 2023 Nature 619:585 doi:10.1038/s41586-023-05769-3	Supplementary Table 13, snCv3 'Full Conserved Adaptive State Gene Set (p val < 0.05 for Ref, AKI and CKD)', rows with State/Cluster = aPT (source order)
Lake2023_aPT_snCv3	CMSS1	321	Lake et al. 2023 Nature 619:585 doi:10.1038/s41586-023-05769-3	Supplementary Table 13, snCv3 'Full Conserved Adaptive State Gene Set (p val < 0.05 for Ref, AKI and CKD)', rows with State/Cluster = aPT (source order)
Lake2023_aPT_snCv3	ADGRG1	322	Lake et al. 2023 Nature 619:585 doi:10.1038/s41586-023-05769-3	Supplementary Table 13, snCv3 'Full Conserved Adaptive State Gene Set (p val < 0.05 for Ref, AKI and CKD)', rows with State/Cluster = aPT (source order)
Lake2023_aPT_snCv3	IMMP2L	323	Lake et al. 2023 Nature 619:585 doi:10.1038/s41586-023-05769-3	Supplementary Table 13, snCv3 'Full Conserved Adaptive State Gene Set (p val < 0.05 for Ref, AKI and CKD)', rows with State/Cluster = aPT (source order)
Lake2023_aPT_snCv3	ADAMTS9	324	Lake et al. 2023 Nature 619:585 doi:10.1038/s41586-023-05769-3	Supplementary Table 13, snCv3 'Full Conserved Adaptive State Gene Set (p val < 0.05 for Ref, AKI and CKD)', rows with State/Cluster = aPT (source order)
Lake2023_aPT_snCv3	ZFHX3	325	Lake et al. 2023 Nature 619:585 doi:10.1038/s41586-023-05769-3	Supplementary Table 13, snCv3 'Full Conserved Adaptive State Gene Set (p val < 0.05 for Ref, AKI and CKD)', rows with State/Cluster = aPT (source order)
Lake2023_aPT_snCv3	TSC22D2	326	Lake et al. 2023 Nature 619:585 doi:10.1038/s41586-023-05769-3	Supplementary Table 13, snCv3 'Full Conserved Adaptive State Gene Set (p val < 0.05 for Ref, AKI and CKD)', rows with State/Cluster = aPT (source order)
Lake2023_aPT_snCv3	DAB2IP	327	Lake et al. 2023 Nature 619:585 doi:10.1038/s41586-023-05769-3	Supplementary Table 13, snCv3 'Full Conserved Adaptive State Gene Set (p val < 0.05 for Ref, AKI and CKD)', rows with State/Cluster = aPT (source order)
Lake2023_aPT_snCv3	RNF213	328	Lake et al. 2023 Nature 619:585 doi:10.1038/s41586-023-05769-3	Supplementary Table 13, snCv3 'Full Conserved Adaptive State Gene Set (p val < 0.05 for Ref, AKI and CKD)', rows with State/Cluster = aPT (source order)
Lake2023_aPT_snCv3	LINC02532	329	Lake et al. 2023 Nature 619:585 doi:10.1038/s41586-023-05769-3	Supplementary Table 13, snCv3 'Full Conserved Adaptive State Gene Set (p val < 0.05 for Ref, AKI and CKD)', rows with State/Cluster = aPT (source order)
Lake2023_aPT_snCv3	BMPR2	330	Lake et al. 2023 Nature 619:585 doi:10.1038/s41586-023-05769-3	Supplementary Table 13, snCv3 'Full Conserved Adaptive State Gene Set (p val < 0.05 for Ref, AKI and CKD)', rows with State/Cluster = aPT (source order)
Lake2023_aPT_snCv3	SLC44A3	331	Lake et al. 2023 Nature 619:585 doi:10.1038/s41586-023-05769-3	Supplementary Table 13, snCv3 'Full Conserved Adaptive State Gene Set (p val < 0.05 for Ref, AKI and CKD)', rows with State/Cluster = aPT (source order)
Lake2023_aPT_snCv3	SMC5	332	Lake et al. 2023 Nature 619:585 doi:10.1038/s41586-023-05769-3	Supplementary Table 13, snCv3 'Full Conserved Adaptive State Gene Set (p val < 0.05 for Ref, AKI and CKD)', rows with State/Cluster = aPT (source order)
Lake2023_aPT_snCv3	ARMC9	333	Lake et al. 2023 Nature 619:585 doi:10.1038/s41586-023-05769-3	Supplementary Table 13, snCv3 'Full Conserved Adaptive State Gene Set (p val < 0.05 for Ref, AKI and CKD)', rows with State/Cluster = aPT (source order)
Lake2023_aPT_snCv3	CDC42SE2	334	Lake et al. 2023 Nature 619:585 doi:10.1038/s41586-023-05769-3	Supplementary Table 13, snCv3 'Full Conserved Adaptive State Gene Set (p val < 0.05 for Ref, AKI and CKD)', rows with State/Cluster = aPT (source order)
Lake2023_aPT_snCv3	IQGAP1	335	Lake et al. 2023 Nature 619:585 doi:10.1038/s41586-023-05769-3	Supplementary Table 13, snCv3 'Full Conserved Adaptive State Gene Set (p val < 0.05 for Ref, AKI and CKD)', rows with State/Cluster = aPT (source order)
Lake2023_aPT_snCv3	ANXA11	336	Lake et al. 2023 Nature 619:585 doi:10.1038/s41586-023-05769-3	Supplementary Table 13, snCv3 'Full Conserved Adaptive State Gene Set (p val < 0.05 for Ref, AKI and CKD)', rows with State/Cluster = aPT (source order)
Lake2023_aPT_snCv3	AHNAK	337	Lake et al. 2023 Nature 619:585 doi:10.1038/s41586-023-05769-3	Supplementary Table 13, snCv3 'Full Conserved Adaptive State Gene Set (p val < 0.05 for Ref, AKI and CKD)', rows with State/Cluster = aPT (source order)
Lake2023_aPT_snCv3	CADM1	338	Lake et al. 2023 Nature 619:585 doi:10.1038/s41586-023-05769-3	Supplementary Table 13, snCv3 'Full Conserved Adaptive State Gene Set (p val < 0.05 for Ref, AKI and CKD)', rows with State/Cluster = aPT (source order)
Lake2023_aPT_snCv3	C11orf49	339	Lake et al. 2023 Nature 619:585 doi:10.1038/s41586-023-05769-3	Supplementary Table 13, snCv3 'Full Conserved Adaptive State Gene Set (p val < 0.05 for Ref, AKI and CKD)', rows with State/Cluster = aPT (source order)
Lake2023_aPT_snCv3	PPP4R1	340	Lake et al. 2023 Nature 619:585 doi:10.1038/s41586-023-05769-3	Supplementary Table 13, snCv3 'Full Conserved Adaptive State Gene Set (p val < 0.05 for Ref, AKI and CKD)', rows with State/Cluster = aPT (source order)
Lake2023_aPT_snCv3	PISD	341	Lake et al. 2023 Nature 619:585 doi:10.1038/s41586-023-05769-3	Supplementary Table 13, snCv3 'Full Conserved Adaptive State Gene Set (p val < 0.05 for Ref, AKI and CKD)', rows with State/Cluster = aPT (source order)
Lake2023_aPT_snCv3	GABPB1-AS1	342	Lake et al. 2023 Nature 619:585 doi:10.1038/s41586-023-05769-3	Supplementary Table 13, snCv3 'Full Conserved Adaptive State Gene Set (p val < 0.05 for Ref, AKI and CKD)', rows with State/Cluster = aPT (source order)
Lake2023_aPT_snCv3	TNFSF10	343	Lake et al. 2023 Nature 619:585 doi:10.1038/s41586-023-05769-3	Supplementary Table 13, snCv3 'Full Conserved Adaptive State Gene Set (p val < 0.05 for Ref, AKI and CKD)', rows with State/Cluster = aPT (source order)
Lake2023_aPT_snCv3	ABCB1	344	Lake et al. 2023 Nature 619:585 doi:10.1038/s41586-023-05769-3	Supplementary Table 13, snCv3 'Full Conserved Adaptive State Gene Set (p val < 0.05 for Ref, AKI and CKD)', rows with State/Cluster = aPT (source order)
Lake2023_aPT_snCv3	AL359915.2	345	Lake et al. 2023 Nature 619:585 doi:10.1038/s41586-023-05769-3	Supplementary Table 13, snCv3 'Full Conserved Adaptive State Gene Set (p val < 0.05 for Ref, AKI and CKD)', rows with State/Cluster = aPT (source order)
Lake2023_aPT_snCv3	KLHL13	346	Lake et al. 2023 Nature 619:585 doi:10.1038/s41586-023-05769-3	Supplementary Table 13, snCv3 'Full Conserved Adaptive State Gene Set (p val < 0.05 for Ref, AKI and CKD)', rows with State/Cluster = aPT (source order)
Lake2023_aPT_snCv3	CCDC91	347	Lake et al. 2023 Nature 619:585 doi:10.1038/s41586-023-05769-3	Supplementary Table 13, snCv3 'Full Conserved Adaptive State Gene Set (p val < 0.05 for Ref, AKI and CKD)', rows with State/Cluster = aPT (source order)
Lake2023_aPT_snCv3	ATG10	348	Lake et al. 2023 Nature 619:585 doi:10.1038/s41586-023-05769-3	Supplementary Table 13, snCv3 'Full Conserved Adaptive State Gene Set (p val < 0.05 for Ref, AKI and CKD)', rows with State/Cluster = aPT (source order)
Lake2023_aPT_snCv3	SHROOM2	349	Lake et al. 2023 Nature 619:585 doi:10.1038/s41586-023-05769-3	Supplementary Table 13, snCv3 'Full Conserved Adaptive State Gene Set (p val < 0.05 for Ref, AKI and CKD)', rows with State/Cluster = aPT (source order)
Lake2023_aPT_snCv3	RAI1	350	Lake et al. 2023 Nature 619:585 doi:10.1038/s41586-023-05769-3	Supplementary Table 13, snCv3 'Full Conserved Adaptive State Gene Set (p val < 0.05 for Ref, AKI and CKD)', rows with State/Cluster = aPT (source order)
Lake2023_aPT_snCv3	VGLL4	351	Lake et al. 2023 Nature 619:585 doi:10.1038/s41586-023-05769-3	Supplementary Table 13, snCv3 'Full Conserved Adaptive State Gene Set (p val < 0.05 for Ref, AKI and CKD)', rows with State/Cluster = aPT (source order)
Lake2023_aPT_snCv3	IFT43	352	Lake et al. 2023 Nature 619:585 doi:10.1038/s41586-023-05769-3	Supplementary Table 13, snCv3 'Full Conserved Adaptive State Gene Set (p val < 0.05 for Ref, AKI and CKD)', rows with State/Cluster = aPT (source order)
Lake2023_aPT_snCv3	EYA3	353	Lake et al. 2023 Nature 619:585 doi:10.1038/s41586-023-05769-3	Supplementary Table 13, snCv3 'Full Conserved Adaptive State Gene Set (p val < 0.05 for Ref, AKI and CKD)', rows with State/Cluster = aPT (source order)
Lake2023_aPT_snCv3	XKR6	354	Lake et al. 2023 Nature 619:585 doi:10.1038/s41586-023-05769-3	Supplementary Table 13, snCv3 'Full Conserved Adaptive State Gene Set (p val < 0.05 for Ref, AKI and CKD)', rows with State/Cluster = aPT (source order)
Lake2023_aPT_snCv3	TMCC1	355	Lake et al. 2023 Nature 619:585 doi:10.1038/s41586-023-05769-3	Supplementary Table 13, snCv3 'Full Conserved Adaptive State Gene Set (p val < 0.05 for Ref, AKI and CKD)', rows with State/Cluster = aPT (source order)
Lake2023_aPT_snCv3	PDLIM5	356	Lake et al. 2023 Nature 619:585 doi:10.1038/s41586-023-05769-3	Supplementary Table 13, snCv3 'Full Conserved Adaptive State Gene Set (p val < 0.05 for Ref, AKI and CKD)', rows with State/Cluster = aPT (source order)
Lake2023_aPT_snCv3	ATG7	357	Lake et al. 2023 Nature 619:585 doi:10.1038/s41586-023-05769-3	Supplementary Table 13, snCv3 'Full Conserved Adaptive State Gene Set (p val < 0.05 for Ref, AKI and CKD)', rows with State/Cluster = aPT (source order)
Lake2023_aPT_snCv3	FGFR1	358	Lake et al. 2023 Nature 619:585 doi:10.1038/s41586-023-05769-3	Supplementary Table 13, snCv3 'Full Conserved Adaptive State Gene Set (p val < 0.05 for Ref, AKI and CKD)', rows with State/Cluster = aPT (source order)
Lake2023_aPT_snCv3	LAMB1	359	Lake et al. 2023 Nature 619:585 doi:10.1038/s41586-023-05769-3	Supplementary Table 13, snCv3 'Full Conserved Adaptive State Gene Set (p val < 0.05 for Ref, AKI and CKD)', rows with State/Cluster = aPT (source order)
Lake2023_aPT_snCv3	PARVA	360	Lake et al. 2023 Nature 619:585 doi:10.1038/s41586-023-05769-3	Supplementary Table 13, snCv3 'Full Conserved Adaptive State Gene Set (p val < 0.05 for Ref, AKI and CKD)', rows with State/Cluster = aPT (source order)
Lake2023_aPT_snCv3	PTPRD	361	Lake et al. 2023 Nature 619:585 doi:10.1038/s41586-023-05769-3	Supplementary Table 13, snCv3 'Full Conserved Adaptive State Gene Set (p val < 0.05 for Ref, AKI and CKD)', rows with State/Cluster = aPT (source order)
Lake2023_aPT_snCv3	GTDC1	362	Lake et al. 2023 Nature 619:585 doi:10.1038/s41586-023-05769-3	Supplementary Table 13, snCv3 'Full Conserved Adaptive State Gene Set (p val < 0.05 for Ref, AKI and CKD)', rows with State/Cluster = aPT (source order)
Lake2023_aPT_snCv3	TOX3	363	Lake et al. 2023 Nature 619:585 doi:10.1038/s41586-023-05769-3	Supplementary Table 13, snCv3 'Full Conserved Adaptive State Gene Set (p val < 0.05 for Ref, AKI and CKD)', rows with State/Cluster = aPT (source order)
Lake2023_aPT_snCv3	ZCCHC7	364	Lake et al. 2023 Nature 619:585 doi:10.1038/s41586-023-05769-3	Supplementary Table 13, snCv3 'Full Conserved Adaptive State Gene Set (p val < 0.05 for Ref, AKI and CKD)', rows with State/Cluster = aPT (source order)
Lake2023_aPT_snCv3	SLMAP	365	Lake et al. 2023 Nature 619:585 doi:10.1038/s41586-023-05769-3	Supplementary Table 13, snCv3 'Full Conserved Adaptive State Gene Set (p val < 0.05 for Ref, AKI and CKD)', rows with State/Cluster = aPT (source order)
Lake2023_aPT_snCv3	FOXP2	366	Lake et al. 2023 Nature 619:585 doi:10.1038/s41586-023-05769-3	Supplementary Table 13, snCv3 'Full Conserved Adaptive State Gene Set (p val < 0.05 for Ref, AKI and CKD)', rows with State/Cluster = aPT (source order)
Lake2023_aPT_snCv3	MSI2	367	Lake et al. 2023 Nature 619:585 doi:10.1038/s41586-023-05769-3	Supplementary Table 13, snCv3 'Full Conserved Adaptive State Gene Set (p val < 0.05 for Ref, AKI and CKD)', rows with State/Cluster = aPT (source order)
Lake2023_aPT_snCv3	ZNF43	368	Lake et al. 2023 Nature 619:585 doi:10.1038/s41586-023-05769-3	Supplementary Table 13, snCv3 'Full Conserved Adaptive State Gene Set (p val < 0.05 for Ref, AKI and CKD)', rows with State/Cluster = aPT (source order)
Lake2023_aPT_snCv3	AZIN1-AS1	369	Lake et al. 2023 Nature 619:585 doi:10.1038/s41586-023-05769-3	Supplementary Table 13, snCv3 'Full Conserved Adaptive State Gene Set (p val < 0.05 for Ref, AKI and CKD)', rows with State/Cluster = aPT (source order)
Lake2023_aPT_snCv3	SPOPL	370	Lake et al. 2023 Nature 619:585 doi:10.1038/s41586-023-05769-3	Supplementary Table 13, snCv3 'Full Conserved Adaptive State Gene Set (p val < 0.05 for Ref, AKI and CKD)', rows with State/Cluster = aPT (source order)
Lake2023_aPT_snCv3	DENND5A	371	Lake et al. 2023 Nature 619:585 doi:10.1038/s41586-023-05769-3	Supplementary Table 13, snCv3 'Full Conserved Adaptive State Gene Set (p val < 0.05 for Ref, AKI and CKD)', rows with State/Cluster = aPT (source order)
Lake2023_aPT_snCv3	STIM1	372	Lake et al. 2023 Nature 619:585 doi:10.1038/s41586-023-05769-3	Supplementary Table 13, snCv3 'Full Conserved Adaptive State Gene Set (p val < 0.05 for Ref, AKI and CKD)', rows with State/Cluster = aPT (source order)
Lake2023_aPT_snCv3	PRMT2	373	Lake et al. 2023 Nature 619:585 doi:10.1038/s41586-023-05769-3	Supplementary Table 13, snCv3 'Full Conserved Adaptive State Gene Set (p val < 0.05 for Ref, AKI and CKD)', rows with State/Cluster = aPT (source order)
Lake2023_aPT_snCv3	RNF217	374	Lake et al. 2023 Nature 619:585 doi:10.1038/s41586-023-05769-3	Supplementary Table 13, snCv3 'Full Conserved Adaptive State Gene Set (p val < 0.05 for Ref, AKI and CKD)', rows with State/Cluster = aPT (source order)
Lake2023_aPT_snCv3	SPTAN1	375	Lake et al. 2023 Nature 619:585 doi:10.1038/s41586-023-05769-3	Supplementary Table 13, snCv3 'Full Conserved Adaptive State Gene Set (p val < 0.05 for Ref, AKI and CKD)', rows with State/Cluster = aPT (source order)
Lake2023_aPT_snCv3	MINDY2	376	Lake et al. 2023 Nature 619:585 doi:10.1038/s41586-023-05769-3	Supplementary Table 13, snCv3 'Full Conserved Adaptive State Gene Set (p val < 0.05 for Ref, AKI and CKD)', rows with State/Cluster = aPT (source order)
Lake2023_aPT_snCv3	CAMK2D	377	Lake et al. 2023 Nature 619:585 doi:10.1038/s41586-023-05769-3	Supplementary Table 13, snCv3 'Full Conserved Adaptive State Gene Set (p val < 0.05 for Ref, AKI and CKD)', rows with State/Cluster = aPT (source order)
Lake2023_aPT_snCv3	MCTP2	378	Lake et al. 2023 Nature 619:585 doi:10.1038/s41586-023-05769-3	Supplementary Table 13, snCv3 'Full Conserved Adaptive State Gene Set (p val < 0.05 for Ref, AKI and CKD)', rows with State/Cluster = aPT (source order)
Lake2023_aPT_snCv3	KHDRBS1	379	Lake et al. 2023 Nature 619:585 doi:10.1038/s41586-023-05769-3	Supplementary Table 13, snCv3 'Full Conserved Adaptive State Gene Set (p val < 0.05 for Ref, AKI and CKD)', rows with State/Cluster = aPT (source order)
Lake2023_aPT_snCv3	PITPNB	380	Lake et al. 2023 Nature 619:585 doi:10.1038/s41586-023-05769-3	Supplementary Table 13, snCv3 'Full Conserved Adaptive State Gene Set (p val < 0.05 for Ref, AKI and CKD)', rows with State/Cluster = aPT (source order)
Lake2023_aPT_snCv3	MTMR10	381	Lake et al. 2023 Nature 619:585 doi:10.1038/s41586-023-05769-3	Supplementary Table 13, snCv3 'Full Conserved Adaptive State Gene Set (p val < 0.05 for Ref, AKI and CKD)', rows with State/Cluster = aPT (source order)
Lake2023_aPT_snCv3	JMJD1C	382	Lake et al. 2023 Nature 619:585 doi:10.1038/s41586-023-05769-3	Supplementary Table 13, snCv3 'Full Conserved Adaptive State Gene Set (p val < 0.05 for Ref, AKI and CKD)', rows with State/Cluster = aPT (source order)
Lake2023_aPT_snCv3	PARP4	383	Lake et al. 2023 Nature 619:585 doi:10.1038/s41586-023-05769-3	Supplementary Table 13, snCv3 'Full Conserved Adaptive State Gene Set (p val < 0.05 for Ref, AKI and CKD)', rows with State/Cluster = aPT (source order)
Lake2023_aPT_snCv3	IQCK	384	Lake et al. 2023 Nature 619:585 doi:10.1038/s41586-023-05769-3	Supplementary Table 13, snCv3 'Full Conserved Adaptive State Gene Set (p val < 0.05 for Ref, AKI and CKD)', rows with State/Cluster = aPT (source order)
Lake2023_aPT_snCv3	ZNF611	385	Lake et al. 2023 Nature 619:585 doi:10.1038/s41586-023-05769-3	Supplementary Table 13, snCv3 'Full Conserved Adaptive State Gene Set (p val < 0.05 for Ref, AKI and CKD)', rows with State/Cluster = aPT (source order)
Lake2023_aPT_snCv3	PDGFC	386	Lake et al. 2023 Nature 619:585 doi:10.1038/s41586-023-05769-3	Supplementary Table 13, snCv3 'Full Conserved Adaptive State Gene Set (p val < 0.05 for Ref, AKI and CKD)', rows with State/Cluster = aPT (source order)
Lake2023_aPT_snCv3	TRAF3	387	Lake et al. 2023 Nature 619:585 doi:10.1038/s41586-023-05769-3	Supplementary Table 13, snCv3 'Full Conserved Adaptive State Gene Set (p val < 0.05 for Ref, AKI and CKD)', rows with State/Cluster = aPT (source order)
Lake2023_aPT_snCv3	RIPOR2	388	Lake et al. 2023 Nature 619:585 doi:10.1038/s41586-023-05769-3	Supplementary Table 13, snCv3 'Full Conserved Adaptive State Gene Set (p val < 0.05 for Ref, AKI and CKD)', rows with State/Cluster = aPT (source order)
Lake2023_aPT_snCv3	C1QTNF3-AMACR	389	Lake et al. 2023 Nature 619:585 doi:10.1038/s41586-023-05769-3	Supplementary Table 13, snCv3 'Full Conserved Adaptive State Gene Set (p val < 0.05 for Ref, AKI and CKD)', rows with State/Cluster = aPT (source order)
Lake2023_aPT_snCv3	HIP1	390	Lake et al. 2023 Nature 619:585 doi:10.1038/s41586-023-05769-3	Supplementary Table 13, snCv3 'Full Conserved Adaptive State Gene Set (p val < 0.05 for Ref, AKI and CKD)', rows with State/Cluster = aPT (source order)
Lake2023_aPT_snCv3	CDC27	391	Lake et al. 2023 Nature 619:585 doi:10.1038/s41586-023-05769-3	Supplementary Table 13, snCv3 'Full Conserved Adaptive State Gene Set (p val < 0.05 for Ref, AKI and CKD)', rows with State/Cluster = aPT (source order)
Lake2023_aPT_snCv3	TCF20	392	Lake et al. 2023 Nature 619:585 doi:10.1038/s41586-023-05769-3	Supplementary Table 13, snCv3 'Full Conserved Adaptive State Gene Set (p val < 0.05 for Ref, AKI and CKD)', rows with State/Cluster = aPT (source order)
Lake2023_aPT_snCv3	LARGE1	393	Lake et al. 2023 Nature 619:585 doi:10.1038/s41586-023-05769-3	Supplementary Table 13, snCv3 'Full Conserved Adaptive State Gene Set (p val < 0.05 for Ref, AKI and CKD)', rows with State/Cluster = aPT (source order)
Lake2023_aPT_snCv3	LYRM4	394	Lake et al. 2023 Nature 619:585 doi:10.1038/s41586-023-05769-3	Supplementary Table 13, snCv3 'Full Conserved Adaptive State Gene Set (p val < 0.05 for Ref, AKI and CKD)', rows with State/Cluster = aPT (source order)
Lake2023_aPT_snCv3	NCEH1	395	Lake et al. 2023 Nature 619:585 doi:10.1038/s41586-023-05769-3	Supplementary Table 13, snCv3 'Full Conserved Adaptive State Gene Set (p val < 0.05 for Ref, AKI and CKD)', rows with State/Cluster = aPT (source order)
Lake2023_aPT_snCv3	USP54	396	Lake et al. 2023 Nature 619:585 doi:10.1038/s41586-023-05769-3	Supplementary Table 13, snCv3 'Full Conserved Adaptive State Gene Set (p val < 0.05 for Ref, AKI and CKD)', rows with State/Cluster = aPT (source order)
Lake2023_aPT_snCv3	KIAA1217	397	Lake et al. 2023 Nature 619:585 doi:10.1038/s41586-023-05769-3	Supplementary Table 13, snCv3 'Full Conserved Adaptive State Gene Set (p val < 0.05 for Ref, AKI and CKD)', rows with State/Cluster = aPT (source order)
Lake2023_aPT_snCv3	TEAD1	398	Lake et al. 2023 Nature 619:585 doi:10.1038/s41586-023-05769-3	Supplementary Table 13, snCv3 'Full Conserved Adaptive State Gene Set (p val < 0.05 for Ref, AKI and CKD)', rows with State/Cluster = aPT (source order)
Lake2023_aPT_scCv3	VIM	1	Lake et al. 2023 Nature 619:585 doi:10.1038/s41586-023-05769-3	Supplementary Table 13, scCv3 'Full Conserved Adaptive State Gene Set (p val < 0.05 for Ref, AKI and CKD)', rows with State/Cluster = aPT (source order)
Lake2023_aPT_scCv3	TMSB10	2	Lake et al. 2023 Nature 619:585 doi:10.1038/s41586-023-05769-3	Supplementary Table 13, scCv3 'Full Conserved Adaptive State Gene Set (p val < 0.05 for Ref, AKI and CKD)', rows with State/Cluster = aPT (source order)
Lake2023_aPT_scCv3	S100A6	3	Lake et al. 2023 Nature 619:585 doi:10.1038/s41586-023-05769-3	Supplementary Table 13, scCv3 'Full Conserved Adaptive State Gene Set (p val < 0.05 for Ref, AKI and CKD)', rows with State/Cluster = aPT (source order)
Lake2023_aPT_scCv3	S100A11	4	Lake et al. 2023 Nature 619:585 doi:10.1038/s41586-023-05769-3	Supplementary Table 13, scCv3 'Full Conserved Adaptive State Gene Set (p val < 0.05 for Ref, AKI and CKD)', rows with State/Cluster = aPT (source order)
Lake2023_aPT_scCv3	TMSB4X	5	Lake et al. 2023 Nature 619:585 doi:10.1038/s41586-023-05769-3	Supplementary Table 13, scCv3 'Full Conserved Adaptive State Gene Set (p val < 0.05 for Ref, AKI and CKD)', rows with State/Cluster = aPT (source order)
Lake2023_aPT_scCv3	MALAT1	6	Lake et al. 2023 Nature 619:585 doi:10.1038/s41586-023-05769-3	Supplementary Table 13, scCv3 'Full Conserved Adaptive State Gene Set (p val < 0.05 for Ref, AKI and CKD)', rows with State/Cluster = aPT (source order)
Lake2023_aPT_scCv3	TPM1	7	Lake et al. 2023 Nature 619:585 doi:10.1038/s41586-023-05769-3	Supplementary Table 13, scCv3 'Full Conserved Adaptive State Gene Set (p val < 0.05 for Ref, AKI and CKD)', rows with State/Cluster = aPT (source order)
Lake2023_aPT_scCv3	CLDN3	8	Lake et al. 2023 Nature 619:585 doi:10.1038/s41586-023-05769-3	Supplementary Table 13, scCv3 'Full Conserved Adaptive State Gene Set (p val < 0.05 for Ref, AKI and CKD)', rows with State/Cluster = aPT (source order)
Lake2023_aPT_scCv3	PTMA	9	Lake et al. 2023 Nature 619:585 doi:10.1038/s41586-023-05769-3	Supplementary Table 13, scCv3 'Full Conserved Adaptive State Gene Set (p val < 0.05 for Ref, AKI and CKD)', rows with State/Cluster = aPT (source order)
Lake2023_aPT_scCv3	VCAM1	10	Lake et al. 2023 Nature 619:585 doi:10.1038/s41586-023-05769-3	Supplementary Table 13, scCv3 'Full Conserved Adaptive State Gene Set (p val < 0.05 for Ref, AKI and CKD)', rows with State/Cluster = aPT (source order)
Lake2023_aPT_scCv3	CLU	11	Lake et al. 2023 Nature 619:585 doi:10.1038/s41586-023-05769-3	Supplementary Table 13, scCv3 'Full Conserved Adaptive State Gene Set (p val < 0.05 for Ref, AKI and CKD)', rows with State/Cluster = aPT (source order)
Lake2023_aPT_scCv3	HLA-B	12	Lake et al. 2023 Nature 619:585 doi:10.1038/s41586-023-05769-3	Supplementary Table 13, scCv3 'Full Conserved Adaptive State Gene Set (p val < 0.05 for Ref, AKI and CKD)', rows with State/Cluster = aPT (source order)
Lake2023_aPT_scCv3	HLA-A	13	Lake et al. 2023 Nature 619:585 doi:10.1038/s41586-023-05769-3	Supplementary Table 13, scCv3 'Full Conserved Adaptive State Gene Set (p val < 0.05 for Ref, AKI and CKD)', rows with State/Cluster = aPT (source order)
Lake2023_aPT_scCv3	B2M	14	Lake et al. 2023 Nature 619:585 doi:10.1038/s41586-023-05769-3	Supplementary Table 13, scCv3 'Full Conserved Adaptive State Gene Set (p val < 0.05 for Ref, AKI and CKD)', rows with State/Cluster = aPT (source order)
Lake2023_aPT_scCv3	S100A10	15	Lake et al. 2023 Nature 619:585 doi:10.1038/s41586-023-05769-3	Supplementary Table 13, scCv3 'Full Conserved Adaptive State Gene Set (p val < 0.05 for Ref, AKI and CKD)', rows with State/Cluster = aPT (source order)
Lake2023_aPT_scCv3	CLDN4	16	Lake et al. 2023 Nature 619:585 doi:10.1038/s41586-023-05769-3	Supplementary Table 13, scCv3 'Full Conserved Adaptive State Gene Set (p val < 0.05 for Ref, AKI and CKD)', rows with State/Cluster = aPT (source order)
Lake2023_aPT_scCv3	ITGB8	17	Lake et al. 2023 Nature 619:585 doi:10.1038/s41586-023-05769-3	Supplementary Table 13, scCv3 'Full Conserved Adaptive State Gene Set (p val < 0.05 for Ref, AKI and CKD)', rows with State/Cluster = aPT (source order)
Lake2023_aPT_scCv3	ELF3	18	Lake et al. 2023 Nature 619:585 doi:10.1038/s41586-023-05769-3	Supplementary Table 13, scCv3 'Full Conserved Adaptive State Gene Set (p val < 0.05 for Ref, AKI and CKD)', rows with State/Cluster = aPT (source order)
Lake2023_aPT_scCv3	CITED4	19	Lake et al. 2023 Nature 619:585 doi:10.1038/s41586-023-05769-3	Supplementary Table 13, scCv3 'Full Conserved Adaptive State Gene Set (p val < 0.05 for Ref, AKI and CKD)', rows with State/Cluster = aPT (source order)
Lake2023_aPT_scCv3	WFDC2	20	Lake et al. 2023 Nature 619:585 doi:10.1038/s41586-023-05769-3	Supplementary Table 13, scCv3 'Full Conserved Adaptive State Gene Set (p val < 0.05 for Ref, AKI and CKD)', rows with State/Cluster = aPT (source order)
Lake2023_aPT_scCv3	ANXA2	21	Lake et al. 2023 Nature 619:585 doi:10.1038/s41586-023-05769-3	Supplementary Table 13, scCv3 'Full Conserved Adaptive State Gene Set (p val < 0.05 for Ref, AKI and CKD)', rows with State/Cluster = aPT (source order)
Lake2023_aPT_scCv3	TNFRSF12A	22	Lake et al. 2023 Nature 619:585 doi:10.1038/s41586-023-05769-3	Supplementary Table 13, scCv3 'Full Conserved Adaptive State Gene Set (p val < 0.05 for Ref, AKI and CKD)', rows with State/Cluster = aPT (source order)
Lake2023_aPT_scCv3	CD63	23	Lake et al. 2023 Nature 619:585 doi:10.1038/s41586-023-05769-3	Supplementary Table 13, scCv3 'Full Conserved Adaptive State Gene Set (p val < 0.05 for Ref, AKI and CKD)', rows with State/Cluster = aPT (source order)
Lake2023_aPT_scCv3	FSTL3	24	Lake et al. 2023 Nature 619:585 doi:10.1038/s41586-023-05769-3	Supplementary Table 13, scCv3 'Full Conserved Adaptive State Gene Set (p val < 0.05 for Ref, AKI and CKD)', rows with State/Cluster = aPT (source order)
Lake2023_aPT_scCv3	TYMP	25	Lake et al. 2023 Nature 619:585 doi:10.1038/s41586-023-05769-3	Supplementary Table 13, scCv3 'Full Conserved Adaptive State Gene Set (p val < 0.05 for Ref, AKI and CKD)', rows with State/Cluster = aPT (source order)
Lake2023_aPT_scCv3	KRT7	26	Lake et al. 2023 Nature 619:585 doi:10.1038/s41586-023-05769-3	Supplementary Table 13, scCv3 'Full Conserved Adaptive State Gene Set (p val < 0.05 for Ref, AKI and CKD)', rows with State/Cluster = aPT (source order)
Lake2023_aPT_scCv3	ZFP36L1	27	Lake et al. 2023 Nature 619:585 doi:10.1038/s41586-023-05769-3	Supplementary Table 13, scCv3 'Full Conserved Adaptive State Gene Set (p val < 0.05 for Ref, AKI and CKD)', rows with State/Cluster = aPT (source order)
Lake2023_aPT_scCv3	MAL	28	Lake et al. 2023 Nature 619:585 doi:10.1038/s41586-023-05769-3	Supplementary Table 13, scCv3 'Full Conserved Adaptive State Gene Set (p val < 0.05 for Ref, AKI and CKD)', rows with State/Cluster = aPT (source order)
Lake2023_aPT_scCv3	IFITM3	29	Lake et al. 2023 Nature 619:585 doi:10.1038/s41586-023-05769-3	Supplementary Table 13, scCv3 'Full Conserved Adaptive State Gene Set (p val < 0.05 for Ref, AKI and CKD)', rows with State/Cluster = aPT (source order)
Lake2023_aPT_scCv3	PIGR	30	Lake et al. 2023 Nature 619:585 doi:10.1038/s41586-023-05769-3	Supplementary Table 13, scCv3 'Full Conserved Adaptive State Gene Set (p val < 0.05 for Ref, AKI and CKD)', rows with State/Cluster = aPT (source order)
Lake2023_aPT_scCv3	JUND	31	Lake et al. 2023 Nature 619:585 doi:10.1038/s41586-023-05769-3	Supplementary Table 13, scCv3 'Full Conserved Adaptive State Gene Set (p val < 0.05 for Ref, AKI and CKD)', rows with State/Cluster = aPT (source order)
Lake2023_aPT_scCv3	SOX4	32	Lake et al. 2023 Nature 619:585 doi:10.1038/s41586-023-05769-3	Supplementary Table 13, scCv3 'Full Conserved Adaptive State Gene Set (p val < 0.05 for Ref, AKI and CKD)', rows with State/Cluster = aPT (source order)
Lake2023_aPT_scCv3	CD81	33	Lake et al. 2023 Nature 619:585 doi:10.1038/s41586-023-05769-3	Supplementary Table 13, scCv3 'Full Conserved Adaptive State Gene Set (p val < 0.05 for Ref, AKI and CKD)', rows with State/Cluster = aPT (source order)
Lake2023_aPT_scCv3	JUN	34	Lake et al. 2023 Nature 619:585 doi:10.1038/s41586-023-05769-3	Supplementary Table 13, scCv3 'Full Conserved Adaptive State Gene Set (p val < 0.05 for Ref, AKI and CKD)', rows with State/Cluster = aPT (source order)
Lake2023_aPT_scCv3	AHNAK	35	Lake et al. 2023 Nature 619:585 doi:10.1038/s41586-023-05769-3	Supplementary Table 13, scCv3 'Full Conserved Adaptive State Gene Set (p val < 0.05 for Ref, AKI and CKD)', rows with State/Cluster = aPT (source order)
Lake2023_aPT_scCv3	KRT18	36	Lake et al. 2023 Nature 619:585 doi:10.1038/s41586-023-05769-3	Supplementary Table 13, scCv3 'Full Conserved Adaptive State Gene Set (p val < 0.05 for Ref, AKI and CKD)', rows with State/Cluster = aPT (source order)
Lake2023_aPT_scCv3	RPS19	37	Lake et al. 2023 Nature 619:585 doi:10.1038/s41586-023-05769-3	Supplementary Table 13, scCv3 'Full Conserved Adaptive State Gene Set (p val < 0.05 for Ref, AKI and CKD)', rows with State/Cluster = aPT (source order)
Lake2023_aPT_scCv3	RPL34	38	Lake et al. 2023 Nature 619:585 doi:10.1038/s41586-023-05769-3	Supplementary Table 13, scCv3 'Full Conserved Adaptive State Gene Set (p val < 0.05 for Ref, AKI and CKD)', rows with State/Cluster = aPT (source order)
Lake2023_aPT_scCv3	RPS8	39	Lake et al. 2023 Nature 619:585 doi:10.1038/s41586-023-05769-3	Supplementary Table 13, scCv3 'Full Conserved Adaptive State Gene Set (p val < 0.05 for Ref, AKI and CKD)', rows with State/Cluster = aPT (source order)
Lake2023_aPT_scCv3	CD9	40	Lake et al. 2023 Nature 619:585 doi:10.1038/s41586-023-05769-3	Supplementary Table 13, scCv3 'Full Conserved Adaptive State Gene Set (p val < 0.05 for Ref, AKI and CKD)', rows with State/Cluster = aPT (source order)
Lake2023_aPT_scCv3	LY6E	41	Lake et al. 2023 Nature 619:585 doi:10.1038/s41586-023-05769-3	Supplementary Table 13, scCv3 'Full Conserved Adaptive State Gene Set (p val < 0.05 for Ref, AKI and CKD)', rows with State/Cluster = aPT (source order)
Lake2023_aPT_scCv3	HLA-C	42	Lake et al. 2023 Nature 619:585 doi:10.1038/s41586-023-05769-3	Supplementary Table 13, scCv3 'Full Conserved Adaptive State Gene Set (p val < 0.05 for Ref, AKI and CKD)', rows with State/Cluster = aPT (source order)
Lake2023_aPT_scCv3	SPARC	43	Lake et al. 2023 Nature 619:585 doi:10.1038/s41586-023-05769-3	Supplementary Table 13, scCv3 'Full Conserved Adaptive State Gene Set (p val < 0.05 for Ref, AKI and CKD)', rows with State/Cluster = aPT (source order)
Lake2023_aPT_scCv3	MMP7	44	Lake et al. 2023 Nature 619:585 doi:10.1038/s41586-023-05769-3	Supplementary Table 13, scCv3 'Full Conserved Adaptive State Gene Set (p val < 0.05 for Ref, AKI and CKD)', rows with State/Cluster = aPT (source order)
Lake2023_aPT_scCv3	FOS	45	Lake et al. 2023 Nature 619:585 doi:10.1038/s41586-023-05769-3	Supplementary Table 13, scCv3 'Full Conserved Adaptive State Gene Set (p val < 0.05 for Ref, AKI and CKD)', rows with State/Cluster = aPT (source order)
Lake2023_aPT_scCv3	TNFSF10	46	Lake et al. 2023 Nature 619:585 doi:10.1038/s41586-023-05769-3	Supplementary Table 13, scCv3 'Full Conserved Adaptive State Gene Set (p val < 0.05 for Ref, AKI and CKD)', rows with State/Cluster = aPT (source order)
Lake2023_aPT_scCv3	AKAP12	47	Lake et al. 2023 Nature 619:585 doi:10.1038/s41586-023-05769-3	Supplementary Table 13, scCv3 'Full Conserved Adaptive State Gene Set (p val < 0.05 for Ref, AKI and CKD)', rows with State/Cluster = aPT (source order)
Lake2023_aPT_scCv3	CD151	48	Lake et al. 2023 Nature 619:585 doi:10.1038/s41586-023-05769-3	Supplementary Table 13, scCv3 'Full Conserved Adaptive State Gene Set (p val < 0.05 for Ref, AKI and CKD)', rows with State/Cluster = aPT (source order)
Lake2023_aPT_scCv3	IER2	49	Lake et al. 2023 Nature 619:585 doi:10.1038/s41586-023-05769-3	Supplementary Table 13, scCv3 'Full Conserved Adaptive State Gene Set (p val < 0.05 for Ref, AKI and CKD)', rows with State/Cluster = aPT (source order)
Lake2023_aPT_scCv3	SPINT2	50	Lake et al. 2023 Nature 619:585 doi:10.1038/s41586-023-05769-3	Supplementary Table 13, scCv3 'Full Conserved Adaptive State Gene Set (p val < 0.05 for Ref, AKI and CKD)', rows with State/Cluster = aPT (source order)
Lake2023_aPT_scCv3	JUNB	51	Lake et al. 2023 Nature 619:585 doi:10.1038/s41586-023-05769-3	Supplementary Table 13, scCv3 'Full Conserved Adaptive State Gene Set (p val < 0.05 for Ref, AKI and CKD)', rows with State/Cluster = aPT (source order)
Lake2023_aPT_scCv3	RPS12	52	Lake et al. 2023 Nature 619:585 doi:10.1038/s41586-023-05769-3	Supplementary Table 13, scCv3 'Full Conserved Adaptive State Gene Set (p val < 0.05 for Ref, AKI and CKD)', rows with State/Cluster = aPT (source order)
Lake2023_aPT_scCv3	TIMP1	53	Lake et al. 2023 Nature 619:585 doi:10.1038/s41586-023-05769-3	Supplementary Table 13, scCv3 'Full Conserved Adaptive State Gene Set (p val < 0.05 for Ref, AKI and CKD)', rows with State/Cluster = aPT (source order)
Lake2023_aPT_scCv3	DMKN	54	Lake et al. 2023 Nature 619:585 doi:10.1038/s41586-023-05769-3	Supplementary Table 13, scCv3 'Full Conserved Adaptive State Gene Set (p val < 0.05 for Ref, AKI and CKD)', rows with State/Cluster = aPT (source order)
Lake2023_aPT_scCv3	HNRNPH1	55	Lake et al. 2023 Nature 619:585 doi:10.1038/s41586-023-05769-3	Supplementary Table 13, scCv3 'Full Conserved Adaptive State Gene Set (p val < 0.05 for Ref, AKI and CKD)', rows with State/Cluster = aPT (source order)
Lake2023_aPT_scCv3	IGFBP7	56	Lake et al. 2023 Nature 619:585 doi:10.1038/s41586-023-05769-3	Supplementary Table 13, scCv3 'Full Conserved Adaptive State Gene Set (p val < 0.05 for Ref, AKI and CKD)', rows with State/Cluster = aPT (source order)
Lake2023_aPT_scCv3	VMP1	57	Lake et al. 2023 Nature 619:585 doi:10.1038/s41586-023-05769-3	Supplementary Table 13, scCv3 'Full Conserved Adaptive State Gene Set (p val < 0.05 for Ref, AKI and CKD)', rows with State/Cluster = aPT (source order)
Lake2023_aPT_scCv3	PPFIBP1	58	Lake et al. 2023 Nature 619:585 doi:10.1038/s41586-023-05769-3	Supplementary Table 13, scCv3 'Full Conserved Adaptive State Gene Set (p val < 0.05 for Ref, AKI and CKD)', rows with State/Cluster = aPT (source order)
Lake2023_aPT_scCv3	RPS24	59	Lake et al. 2023 Nature 619:585 doi:10.1038/s41586-023-05769-3	Supplementary Table 13, scCv3 'Full Conserved Adaptive State Gene Set (p val < 0.05 for Ref, AKI and CKD)', rows with State/Cluster = aPT (source order)
Lake2023_aPT_scCv3	CD24	60	Lake et al. 2023 Nature 619:585 doi:10.1038/s41586-023-05769-3	Supplementary Table 13, scCv3 'Full Conserved Adaptive State Gene Set (p val < 0.05 for Ref, AKI and CKD)', rows with State/Cluster = aPT (source order)
Lake2023_aPT_scCv3	S100A13	61	Lake et al. 2023 Nature 619:585 doi:10.1038/s41586-023-05769-3	Supplementary Table 13, scCv3 'Full Conserved Adaptive State Gene Set (p val < 0.05 for Ref, AKI and CKD)', rows with State/Cluster = aPT (source order)
Lake2023_aPT_scCv3	RPS3	62	Lake et al. 2023 Nature 619:585 doi:10.1038/s41586-023-05769-3	Supplementary Table 13, scCv3 'Full Conserved Adaptive State Gene Set (p val < 0.05 for Ref, AKI and CKD)', rows with State/Cluster = aPT (source order)
Lake2023_aPT_scCv3	RHOB	63	Lake et al. 2023 Nature 619:585 doi:10.1038/s41586-023-05769-3	Supplementary Table 13, scCv3 'Full Conserved Adaptive State Gene Set (p val < 0.05 for Ref, AKI and CKD)', rows with State/Cluster = aPT (source order)
Lake2023_aPT_scCv3	RPS27A	64	Lake et al. 2023 Nature 619:585 doi:10.1038/s41586-023-05769-3	Supplementary Table 13, scCv3 'Full Conserved Adaptive State Gene Set (p val < 0.05 for Ref, AKI and CKD)', rows with State/Cluster = aPT (source order)
Lake2023_aPT_scCv3	H3F3B	65	Lake et al. 2023 Nature 619:585 doi:10.1038/s41586-023-05769-3	Supplementary Table 13, scCv3 'Full Conserved Adaptive State Gene Set (p val < 0.05 for Ref, AKI and CKD)', rows with State/Cluster = aPT (source order)
Lake2023_aPT_scCv3	RPS18	66	Lake et al. 2023 Nature 619:585 doi:10.1038/s41586-023-05769-3	Supplementary Table 13, scCv3 'Full Conserved Adaptive State Gene Set (p val < 0.05 for Ref, AKI and CKD)', rows with State/Cluster = aPT (source order)
Lake2023_aPT_scCv3	CLIC1	67	Lake et al. 2023 Nature 619:585 doi:10.1038/s41586-023-05769-3	Supplementary Table 13, scCv3 'Full Conserved Adaptive State Gene Set (p val < 0.05 for Ref, AKI and CKD)', rows with State/Cluster = aPT (source order)
Lake2023_aPT_scCv3	RPL18A	68	Lake et al. 2023 Nature 619:585 doi:10.1038/s41586-023-05769-3	Supplementary Table 13, scCv3 'Full Conserved Adaptive State Gene Set (p val < 0.05 for Ref, AKI and CKD)', rows with State/Cluster = aPT (source order)
Lake2023_aPT_scCv3	RPL28	69	Lake et al. 2023 Nature 619:585 doi:10.1038/s41586-023-05769-3	Supplementary Table 13, scCv3 'Full Conserved Adaptive State Gene Set (p val < 0.05 for Ref, AKI and CKD)', rows with State/Cluster = aPT (source order)
Lake2023_aPT_scCv3	RPLP1	70	Lake et al. 2023 Nature 619:585 doi:10.1038/s41586-023-05769-3	Supplementary Table 13, scCv3 'Full Conserved Adaptive State Gene Set (p val < 0.05 for Ref, AKI and CKD)', rows with State/Cluster = aPT (source order)
Lake2023_aPT_scCv3	RPS23	71	Lake et al. 2023 Nature 619:585 doi:10.1038/s41586-023-05769-3	Supplementary Table 13, scCv3 'Full Conserved Adaptive State Gene Set (p val < 0.05 for Ref, AKI and CKD)', rows with State/Cluster = aPT (source order)
Lake2023_aPT_scCv3	RPL12	72	Lake et al. 2023 Nature 619:585 doi:10.1038/s41586-023-05769-3	Supplementary Table 13, scCv3 'Full Conserved Adaptive State Gene Set (p val < 0.05 for Ref, AKI and CKD)', rows with State/Cluster = aPT (source order)
Lake2023_aPT_scCv3	IFI27L2	73	Lake et al. 2023 Nature 619:585 doi:10.1038/s41586-023-05769-3	Supplementary Table 13, scCv3 'Full Conserved Adaptive State Gene Set (p val < 0.05 for Ref, AKI and CKD)', rows with State/Cluster = aPT (source order)
Lake2023_aPT_scCv3	KRT8	74	Lake et al. 2023 Nature 619:585 doi:10.1038/s41586-023-05769-3	Supplementary Table 13, scCv3 'Full Conserved Adaptive State Gene Set (p val < 0.05 for Ref, AKI and CKD)', rows with State/Cluster = aPT (source order)
Lake2023_aPT_scCv3	RPS9	75	Lake et al. 2023 Nature 619:585 doi:10.1038/s41586-023-05769-3	Supplementary Table 13, scCv3 'Full Conserved Adaptive State Gene Set (p val < 0.05 for Ref, AKI and CKD)', rows with State/Cluster = aPT (source order)
Lake2023_aPT_scCv3	NFKBIA	76	Lake et al. 2023 Nature 619:585 doi:10.1038/s41586-023-05769-3	Supplementary Table 13, scCv3 'Full Conserved Adaptive State Gene Set (p val < 0.05 for Ref, AKI and CKD)', rows with State/Cluster = aPT (source order)
Lake2023_aPT_scCv3	FLNA	77	Lake et al. 2023 Nature 619:585 doi:10.1038/s41586-023-05769-3	Supplementary Table 13, scCv3 'Full Conserved Adaptive State Gene Set (p val < 0.05 for Ref, AKI and CKD)', rows with State/Cluster = aPT (source order)
Lake2023_aPT_scCv3	TUBB	78	Lake et al. 2023 Nature 619:585 doi:10.1038/s41586-023-05769-3	Supplementary Table 13, scCv3 'Full Conserved Adaptive State Gene Set (p val < 0.05 for Ref, AKI and CKD)', rows with State/Cluster = aPT (source order)
Lake2023_aPT_scCv3	SPON2	79	Lake et al. 2023 Nature 619:585 doi:10.1038/s41586-023-05769-3	Supplementary Table 13, scCv3 'Full Conserved Adaptive State Gene Set (p val < 0.05 for Ref, AKI and CKD)', rows with State/Cluster = aPT (source order)
Lake2023_aPT_scCv3	APP	80	Lake et al. 2023 Nature 619:585 doi:10.1038/s41586-023-05769-3	Supplementary Table 13, scCv3 'Full Conserved Adaptive State Gene Set (p val < 0.05 for Ref, AKI and CKD)', rows with State/Cluster = aPT (source order)
Lake2023_aPT_scCv3	RPL10	81	Lake et al. 2023 Nature 619:585 doi:10.1038/s41586-023-05769-3	Supplementary Table 13, scCv3 'Full Conserved Adaptive State Gene Set (p val < 0.05 for Ref, AKI and CKD)', rows with State/Cluster = aPT (source order)
Lake2023_aPT_scCv3	RPL41	82	Lake et al. 2023 Nature 619:585 doi:10.1038/s41586-023-05769-3	Supplementary Table 13, scCv3 'Full Conserved Adaptive State Gene Set (p val < 0.05 for Ref, AKI and CKD)', rows with State/Cluster = aPT (source order)
Lake2023_aPT_scCv3	SBSPON	83	Lake et al. 2023 Nature 619:585 doi:10.1038/s41586-023-05769-3	Supplementary Table 13, scCv3 'Full Conserved Adaptive State Gene Set (p val < 0.05 for Ref, AKI and CKD)', rows with State/Cluster = aPT (source order)
Lake2023_aPT_scCv3	ACTG1	84	Lake et al. 2023 Nature 619:585 doi:10.1038/s41586-023-05769-3	Supplementary Table 13, scCv3 'Full Conserved Adaptive State Gene Set (p val < 0.05 for Ref, AKI and CKD)', rows with State/Cluster = aPT (source order)
Lake2023_aPT_scCv3	RPS15A	85	Lake et al. 2023 Nature 619:585 doi:10.1038/s41586-023-05769-3	Supplementary Table 13, scCv3 'Full Conserved Adaptive State Gene Set (p val < 0.05 for Ref, AKI and CKD)', rows with State/Cluster = aPT (source order)
Lake2023_aPT_scCv3	KLF6	86	Lake et al. 2023 Nature 619:585 doi:10.1038/s41586-023-05769-3	Supplementary Table 13, scCv3 'Full Conserved Adaptive State Gene Set (p val < 0.05 for Ref, AKI and CKD)', rows with State/Cluster = aPT (source order)
Lake2023_aPT_scCv3	RPL36	87	Lake et al. 2023 Nature 619:585 doi:10.1038/s41586-023-05769-3	Supplementary Table 13, scCv3 'Full Conserved Adaptive State Gene Set (p val < 0.05 for Ref, AKI and CKD)', rows with State/Cluster = aPT (source order)
Lake2023_aPT_scCv3	COL4A1	88	Lake et al. 2023 Nature 619:585 doi:10.1038/s41586-023-05769-3	Supplementary Table 13, scCv3 'Full Conserved Adaptive State Gene Set (p val < 0.05 for Ref, AKI and CKD)', rows with State/Cluster = aPT (source order)
Lake2023_aPT_scCv3	ARGLU1	89	Lake et al. 2023 Nature 619:585 doi:10.1038/s41586-023-05769-3	Supplementary Table 13, scCv3 'Full Conserved Adaptive State Gene Set (p val < 0.05 for Ref, AKI and CKD)', rows with State/Cluster = aPT (source order)
Lake2023_aPT_scCv3	RPL11	90	Lake et al. 2023 Nature 619:585 doi:10.1038/s41586-023-05769-3	Supplementary Table 13, scCv3 'Full Conserved Adaptive State Gene Set (p val < 0.05 for Ref, AKI and CKD)', rows with State/Cluster = aPT (source order)
Lake2023_aPT_scCv3	LAPTM4A	91	Lake et al. 2023 Nature 619:585 doi:10.1038/s41586-023-05769-3	Supplementary Table 13, scCv3 'Full Conserved Adaptive State Gene Set (p val < 0.05 for Ref, AKI and CKD)', rows with State/Cluster = aPT (source order)
Lake2023_aPT_scCv3	PKHD1	92	Lake et al. 2023 Nature 619:585 doi:10.1038/s41586-023-05769-3	Supplementary Table 13, scCv3 'Full Conserved Adaptive State Gene Set (p val < 0.05 for Ref, AKI and CKD)', rows with State/Cluster = aPT (source order)
Lake2023_aPT_scCv3	RPL35A	93	Lake et al. 2023 Nature 619:585 doi:10.1038/s41586-023-05769-3	Supplementary Table 13, scCv3 'Full Conserved Adaptive State Gene Set (p val < 0.05 for Ref, AKI and CKD)', rows with State/Cluster = aPT (source order)
Lake2023_aPT_scCv3	PROM1	94	Lake et al. 2023 Nature 619:585 doi:10.1038/s41586-023-05769-3	Supplementary Table 13, scCv3 'Full Conserved Adaptive State Gene Set (p val < 0.05 for Ref, AKI and CKD)', rows with State/Cluster = aPT (source order)
Lake2023_aPT_scCv3	TSPAN1	95	Lake et al. 2023 Nature 619:585 doi:10.1038/s41586-023-05769-3	Supplementary Table 13, scCv3 'Full Conserved Adaptive State Gene Set (p val < 0.05 for Ref, AKI and CKD)', rows with State/Cluster = aPT (source order)
Lake2023_aPT_scCv3	BCAM	96	Lake et al. 2023 Nature 619:585 doi:10.1038/s41586-023-05769-3	Supplementary Table 13, scCv3 'Full Conserved Adaptive State Gene Set (p val < 0.05 for Ref, AKI and CKD)', rows with State/Cluster = aPT (source order)
Lake2023_aPT_scCv3	FLNB	97	Lake et al. 2023 Nature 619:585 doi:10.1038/s41586-023-05769-3	Supplementary Table 13, scCv3 'Full Conserved Adaptive State Gene Set (p val < 0.05 for Ref, AKI and CKD)', rows with State/Cluster = aPT (source order)
Lake2023_aPT_scCv3	RPLP0	98	Lake et al. 2023 Nature 619:585 doi:10.1038/s41586-023-05769-3	Supplementary Table 13, scCv3 'Full Conserved Adaptive State Gene Set (p val < 0.05 for Ref, AKI and CKD)', rows with State/Cluster = aPT (source order)
Lake2023_aPT_scCv3	RPS3A	99	Lake et al. 2023 Nature 619:585 doi:10.1038/s41586-023-05769-3	Supplementary Table 13, scCv3 'Full Conserved Adaptive State Gene Set (p val < 0.05 for Ref, AKI and CKD)', rows with State/Cluster = aPT (source order)
Lake2023_aPT_scCv3	CREB5	100	Lake et al. 2023 Nature 619:585 doi:10.1038/s41586-023-05769-3	Supplementary Table 13, scCv3 'Full Conserved Adaptive State Gene Set (p val < 0.05 for Ref, AKI and CKD)', rows with State/Cluster = aPT (source order)
Lake2023_aPT_scCv3	RPL14	101	Lake et al. 2023 Nature 619:585 doi:10.1038/s41586-023-05769-3	Supplementary Table 13, scCv3 'Full Conserved Adaptive State Gene Set (p val < 0.05 for Ref, AKI and CKD)', rows with State/Cluster = aPT (source order)
Lake2023_aPT_scCv3	MACC1	102	Lake et al. 2023 Nature 619:585 doi:10.1038/s41586-023-05769-3	Supplementary Table 13, scCv3 'Full Conserved Adaptive State Gene Set (p val < 0.05 for Ref, AKI and CKD)', rows with State/Cluster = aPT (source order)
Lake2023_aPT_scCv3	RPL37	103	Lake et al. 2023 Nature 619:585 doi:10.1038/s41586-023-05769-3	Supplementary Table 13, scCv3 'Full Conserved Adaptive State Gene Set (p val < 0.05 for Ref, AKI and CKD)', rows with State/Cluster = aPT (source order)
Lake2023_aPT_scCv3	RRBP1	104	Lake et al. 2023 Nature 619:585 doi:10.1038/s41586-023-05769-3	Supplementary Table 13, scCv3 'Full Conserved Adaptive State Gene Set (p val < 0.05 for Ref, AKI and CKD)', rows with State/Cluster = aPT (source order)
Lake2023_aPT_scCv3	EMP3	105	Lake et al. 2023 Nature 619:585 doi:10.1038/s41586-023-05769-3	Supplementary Table 13, scCv3 'Full Conserved Adaptive State Gene Set (p val < 0.05 for Ref, AKI and CKD)', rows with State/Cluster = aPT (source order)
Lake2023_aPT_scCv3	RPL18	106	Lake et al. 2023 Nature 619:585 doi:10.1038/s41586-023-05769-3	Supplementary Table 13, scCv3 'Full Conserved Adaptive State Gene Set (p val < 0.05 for Ref, AKI and CKD)', rows with State/Cluster = aPT (source order)
Lake2023_aPT_scCv3	RPL32	107	Lake et al. 2023 Nature 619:585 doi:10.1038/s41586-023-05769-3	Supplementary Table 13, scCv3 'Full Conserved Adaptive State Gene Set (p val < 0.05 for Ref, AKI and CKD)', rows with State/Cluster = aPT (source order)
Lake2023_aPT_scCv3	HNRNPA1	108	Lake et al. 2023 Nature 619:585 doi:10.1038/s41586-023-05769-3	Supplementary Table 13, scCv3 'Full Conserved Adaptive State Gene Set (p val < 0.05 for Ref, AKI and CKD)', rows with State/Cluster = aPT (source order)
Lake2023_aPT_scCv3	C12orf75	109	Lake et al. 2023 Nature 619:585 doi:10.1038/s41586-023-05769-3	Supplementary Table 13, scCv3 'Full Conserved Adaptive State Gene Set (p val < 0.05 for Ref, AKI and CKD)', rows with State/Cluster = aPT (source order)
Lake2023_aPT_scCv3	KRT19	110	Lake et al. 2023 Nature 619:585 doi:10.1038/s41586-023-05769-3	Supplementary Table 13, scCv3 'Full Conserved Adaptive State Gene Set (p val < 0.05 for Ref, AKI and CKD)', rows with State/Cluster = aPT (source order)
Lake2023_aPT_scCv3	MDK	111	Lake et al. 2023 Nature 619:585 doi:10.1038/s41586-023-05769-3	Supplementary Table 13, scCv3 'Full Conserved Adaptive State Gene Set (p val < 0.05 for Ref, AKI and CKD)', rows with State/Cluster = aPT (source order)
Lake2023_aPT_scCv3	TAPBP	112	Lake et al. 2023 Nature 619:585 doi:10.1038/s41586-023-05769-3	Supplementary Table 13, scCv3 'Full Conserved Adaptive State Gene Set (p val < 0.05 for Ref, AKI and CKD)', rows with State/Cluster = aPT (source order)
Lake2023_aPT_scCv3	UGCG	113	Lake et al. 2023 Nature 619:585 doi:10.1038/s41586-023-05769-3	Supplementary Table 13, scCv3 'Full Conserved Adaptive State Gene Set (p val < 0.05 for Ref, AKI and CKD)', rows with State/Cluster = aPT (source order)
Lake2023_aPT_scCv3	MYL6	114	Lake et al. 2023 Nature 619:585 doi:10.1038/s41586-023-05769-3	Supplementary Table 13, scCv3 'Full Conserved Adaptive State Gene Set (p val < 0.05 for Ref, AKI and CKD)', rows with State/Cluster = aPT (source order)
Lake2023_aPT_scCv3	SYCE1L	115	Lake et al. 2023 Nature 619:585 doi:10.1038/s41586-023-05769-3	Supplementary Table 13, scCv3 'Full Conserved Adaptive State Gene Set (p val < 0.05 for Ref, AKI and CKD)', rows with State/Cluster = aPT (source order)
Lake2023_aPT_scCv3	UBC	116	Lake et al. 2023 Nature 619:585 doi:10.1038/s41586-023-05769-3	Supplementary Table 13, scCv3 'Full Conserved Adaptive State Gene Set (p val < 0.05 for Ref, AKI and CKD)', rows with State/Cluster = aPT (source order)
Lake2023_aPT_scCv3	RPL5	117	Lake et al. 2023 Nature 619:585 doi:10.1038/s41586-023-05769-3	Supplementary Table 13, scCv3 'Full Conserved Adaptive State Gene Set (p val < 0.05 for Ref, AKI and CKD)', rows with State/Cluster = aPT (source order)
Lake2023_aPT_scCv3	LUC7L3	118	Lake et al. 2023 Nature 619:585 doi:10.1038/s41586-023-05769-3	Supplementary Table 13, scCv3 'Full Conserved Adaptive State Gene Set (p val < 0.05 for Ref, AKI and CKD)', rows with State/Cluster = aPT (source order)
Lake2023_aPT_scCv3	MYL12A	119	Lake et al. 2023 Nature 619:585 doi:10.1038/s41586-023-05769-3	Supplementary Table 13, scCv3 'Full Conserved Adaptive State Gene Set (p val < 0.05 for Ref, AKI and CKD)', rows with State/Cluster = aPT (source order)
Lake2023_aPT_scCv3	TMEM98	120	Lake et al. 2023 Nature 619:585 doi:10.1038/s41586-023-05769-3	Supplementary Table 13, scCv3 'Full Conserved Adaptive State Gene Set (p val < 0.05 for Ref, AKI and CKD)', rows with State/Cluster = aPT (source order)
Lake2023_aPT_scCv3	RPS13	121	Lake et al. 2023 Nature 619:585 doi:10.1038/s41586-023-05769-3	Supplementary Table 13, scCv3 'Full Conserved Adaptive State Gene Set (p val < 0.05 for Ref, AKI and CKD)', rows with State/Cluster = aPT (source order)
Lake2023_aPT_scCv3	IER3	122	Lake et al. 2023 Nature 619:585 doi:10.1038/s41586-023-05769-3	Supplementary Table 13, scCv3 'Full Conserved Adaptive State Gene Set (p val < 0.05 for Ref, AKI and CKD)', rows with State/Cluster = aPT (source order)
Lake2023_aPT_scCv3	COL4A2	123	Lake et al. 2023 Nature 619:585 doi:10.1038/s41586-023-05769-3	Supplementary Table 13, scCv3 'Full Conserved Adaptive State Gene Set (p val < 0.05 for Ref, AKI and CKD)', rows with State/Cluster = aPT (source order)
Lake2023_aPT_scCv3	COL18A1	124	Lake et al. 2023 Nature 619:585 doi:10.1038/s41586-023-05769-3	Supplementary Table 13, scCv3 'Full Conserved Adaptive State Gene Set (p val < 0.05 for Ref, AKI and CKD)', rows with State/Cluster = aPT (source order)
Lake2023_aPT_scCv3	PDLIM1	125	Lake et al. 2023 Nature 619:585 doi:10.1038/s41586-023-05769-3	Supplementary Table 13, scCv3 'Full Conserved Adaptive State Gene Set (p val < 0.05 for Ref, AKI and CKD)', rows with State/Cluster = aPT (source order)
Lake2023_aPT_scCv3	SELENOM	126	Lake et al. 2023 Nature 619:585 doi:10.1038/s41586-023-05769-3	Supplementary Table 13, scCv3 'Full Conserved Adaptive State Gene Set (p val < 0.05 for Ref, AKI and CKD)', rows with State/Cluster = aPT (source order)
Lake2023_aPT_scCv3	RPL26	127	Lake et al. 2023 Nature 619:585 doi:10.1038/s41586-023-05769-3	Supplementary Table 13, scCv3 'Full Conserved Adaptive State Gene Set (p val < 0.05 for Ref, AKI and CKD)', rows with State/Cluster = aPT (source order)
Lake2023_aPT_scCv3	MARCKSL1	128	Lake et al. 2023 Nature 619:585 doi:10.1038/s41586-023-05769-3	Supplementary Table 13, scCv3 'Full Conserved Adaptive State Gene Set (p val < 0.05 for Ref, AKI and CKD)', rows with State/Cluster = aPT (source order)
Lake2023_aPT_scCv3	AGRN	129	Lake et al. 2023 Nature 619:585 doi:10.1038/s41586-023-05769-3	Supplementary Table 13, scCv3 'Full Conserved Adaptive State Gene Set (p val < 0.05 for Ref, AKI and CKD)', rows with State/Cluster = aPT (source order)
Lake2023_aPT_scCv3	SORBS2	130	Lake et al. 2023 Nature 619:585 doi:10.1038/s41586-023-05769-3	Supplementary Table 13, scCv3 'Full Conserved Adaptive State Gene Set (p val < 0.05 for Ref, AKI and CKD)', rows with State/Cluster = aPT (source order)
Lake2023_aPT_scCv3	DDAH2	131	Lake et al. 2023 Nature 619:585 doi:10.1038/s41586-023-05769-3	Supplementary Table 13, scCv3 'Full Conserved Adaptive State Gene Set (p val < 0.05 for Ref, AKI and CKD)', rows with State/Cluster = aPT (source order)
Lake2023_aPT_scCv3	FAU	132	Lake et al. 2023 Nature 619:585 doi:10.1038/s41586-023-05769-3	Supplementary Table 13, scCv3 'Full Conserved Adaptive State Gene Set (p val < 0.05 for Ref, AKI and CKD)', rows with State/Cluster = aPT (source order)
Lake2023_aPT_scCv3	C19orf33	133	Lake et al. 2023 Nature 619:585 doi:10.1038/s41586-023-05769-3	Supplementary Table 13, scCv3 'Full Conserved Adaptive State Gene Set (p val < 0.05 for Ref, AKI and CKD)', rows with State/Cluster = aPT (source order)
Lake2023_aPT_scCv3	MACF1	134	Lake et al. 2023 Nature 619:585 doi:10.1038/s41586-023-05769-3	Supplementary Table 13, scCv3 'Full Conserved Adaptive State Gene Set (p val < 0.05 for Ref, AKI and CKD)', rows with State/Cluster = aPT (source order)
Lake2023_aPT_scCv3	TSPO	135	Lake et al. 2023 Nature 619:585 doi:10.1038/s41586-023-05769-3	Supplementary Table 13, scCv3 'Full Conserved Adaptive State Gene Set (p val < 0.05 for Ref, AKI and CKD)', rows with State/Cluster = aPT (source order)
Lake2023_aPT_scCv3	WSB1	136	Lake et al. 2023 Nature 619:585 doi:10.1038/s41586-023-05769-3	Supplementary Table 13, scCv3 'Full Conserved Adaptive State Gene Set (p val < 0.05 for Ref, AKI and CKD)', rows with State/Cluster = aPT (source order)
Lake2023_aPT_scCv3	RBM39	137	Lake et al. 2023 Nature 619:585 doi:10.1038/s41586-023-05769-3	Supplementary Table 13, scCv3 'Full Conserved Adaptive State Gene Set (p val < 0.05 for Ref, AKI and CKD)', rows with State/Cluster = aPT (source order)
Lake2023_aPT_scCv3	LINC01320	138	Lake et al. 2023 Nature 619:585 doi:10.1038/s41586-023-05769-3	Supplementary Table 13, scCv3 'Full Conserved Adaptive State Gene Set (p val < 0.05 for Ref, AKI and CKD)', rows with State/Cluster = aPT (source order)
Lake2023_aPT_scCv3	RPS27	139	Lake et al. 2023 Nature 619:585 doi:10.1038/s41586-023-05769-3	Supplementary Table 13, scCv3 'Full Conserved Adaptive State Gene Set (p val < 0.05 for Ref, AKI and CKD)', rows with State/Cluster = aPT (source order)
Lake2023_aPT_scCv3	N4BP2L2	140	Lake et al. 2023 Nature 619:585 doi:10.1038/s41586-023-05769-3	Supplementary Table 13, scCv3 'Full Conserved Adaptive State Gene Set (p val < 0.05 for Ref, AKI and CKD)', rows with State/Cluster = aPT (source order)
Lake2023_aPT_scCv3	RPS6	141	Lake et al. 2023 Nature 619:585 doi:10.1038/s41586-023-05769-3	Supplementary Table 13, scCv3 'Full Conserved Adaptive State Gene Set (p val < 0.05 for Ref, AKI and CKD)', rows with State/Cluster = aPT (source order)
Lake2023_aPT_scCv3	TUBA1B	142	Lake et al. 2023 Nature 619:585 doi:10.1038/s41586-023-05769-3	Supplementary Table 13, scCv3 'Full Conserved Adaptive State Gene Set (p val < 0.05 for Ref, AKI and CKD)', rows with State/Cluster = aPT (source order)
Lake2023_aPT_scCv3	RPL10A	143	Lake et al. 2023 Nature 619:585 doi:10.1038/s41586-023-05769-3	Supplementary Table 13, scCv3 'Full Conserved Adaptive State Gene Set (p val < 0.05 for Ref, AKI and CKD)', rows with State/Cluster = aPT (source order)
Lake2023_aPT_scCv3	MFSD10	144	Lake et al. 2023 Nature 619:585 doi:10.1038/s41586-023-05769-3	Supplementary Table 13, scCv3 'Full Conserved Adaptive State Gene Set (p val < 0.05 for Ref, AKI and CKD)', rows with State/Cluster = aPT (source order)
Lake2023_aPT_scCv3	RPS4X	145	Lake et al. 2023 Nature 619:585 doi:10.1038/s41586-023-05769-3	Supplementary Table 13, scCv3 'Full Conserved Adaptive State Gene Set (p val < 0.05 for Ref, AKI and CKD)', rows with State/Cluster = aPT (source order)
Lake2023_aPT_scCv3	TPM4	146	Lake et al. 2023 Nature 619:585 doi:10.1038/s41586-023-05769-3	Supplementary Table 13, scCv3 'Full Conserved Adaptive State Gene Set (p val < 0.05 for Ref, AKI and CKD)', rows with State/Cluster = aPT (source order)
Lake2023_aPT_scCv3	SPTBN1	147	Lake et al. 2023 Nature 619:585 doi:10.1038/s41586-023-05769-3	Supplementary Table 13, scCv3 'Full Conserved Adaptive State Gene Set (p val < 0.05 for Ref, AKI and CKD)', rows with State/Cluster = aPT (source order)
Lake2023_aPT_scCv3	IFI27	148	Lake et al. 2023 Nature 619:585 doi:10.1038/s41586-023-05769-3	Supplementary Table 13, scCv3 'Full Conserved Adaptive State Gene Set (p val < 0.05 for Ref, AKI and CKD)', rows with State/Cluster = aPT (source order)
Lake2023_aPT_scCv3	PNISR	149	Lake et al. 2023 Nature 619:585 doi:10.1038/s41586-023-05769-3	Supplementary Table 13, scCv3 'Full Conserved Adaptive State Gene Set (p val < 0.05 for Ref, AKI and CKD)', rows with State/Cluster = aPT (source order)
Lake2023_aPT_scCv3	ANXA4	150	Lake et al. 2023 Nature 619:585 doi:10.1038/s41586-023-05769-3	Supplementary Table 13, scCv3 'Full Conserved Adaptive State Gene Set (p val < 0.05 for Ref, AKI and CKD)', rows with State/Cluster = aPT (source order)
Lake2023_aPT_scCv3	TAGLN2	151	Lake et al. 2023 Nature 619:585 doi:10.1038/s41586-023-05769-3	Supplementary Table 13, scCv3 'Full Conserved Adaptive State Gene Set (p val < 0.05 for Ref, AKI and CKD)', rows with State/Cluster = aPT (source order)
Lake2023_aPT_scCv3	RPS2	152	Lake et al. 2023 Nature 619:585 doi:10.1038/s41586-023-05769-3	Supplementary Table 13, scCv3 'Full Conserved Adaptive State Gene Set (p val < 0.05 for Ref, AKI and CKD)', rows with State/Cluster = aPT (source order)
Lake2023_aPT_scCv3	DDR1	153	Lake et al. 2023 Nature 619:585 doi:10.1038/s41586-023-05769-3	Supplementary Table 13, scCv3 'Full Conserved Adaptive State Gene Set (p val < 0.05 for Ref, AKI and CKD)', rows with State/Cluster = aPT (source order)
Lake2023_aPT_scCv3	ANXA5	154	Lake et al. 2023 Nature 619:585 doi:10.1038/s41586-023-05769-3	Supplementary Table 13, scCv3 'Full Conserved Adaptive State Gene Set (p val < 0.05 for Ref, AKI and CKD)', rows with State/Cluster = aPT (source order)
Lake2023_aPT_scCv3	BICC1	155	Lake et al. 2023 Nature 619:585 doi:10.1038/s41586-023-05769-3	Supplementary Table 13, scCv3 'Full Conserved Adaptive State Gene Set (p val < 0.05 for Ref, AKI and CKD)', rows with State/Cluster = aPT (source order)
Lake2023_aPT_scCv3	RPS14	156	Lake et al. 2023 Nature 619:585 doi:10.1038/s41586-023-05769-3	Supplementary Table 13, scCv3 'Full Conserved Adaptive State Gene Set (p val < 0.05 for Ref, AKI and CKD)', rows with State/Cluster = aPT (source order)
Lake2023_aPT_scCv3	GSTP1	157	Lake et al. 2023 Nature 619:585 doi:10.1038/s41586-023-05769-3	Supplementary Table 13, scCv3 'Full Conserved Adaptive State Gene Set (p val < 0.05 for Ref, AKI and CKD)', rows with State/Cluster = aPT (source order)
Lake2023_aPT_scCv3	SON	158	Lake et al. 2023 Nature 619:585 doi:10.1038/s41586-023-05769-3	Supplementary Table 13, scCv3 'Full Conserved Adaptive State Gene Set (p val < 0.05 for Ref, AKI and CKD)', rows with State/Cluster = aPT (source order)
Lake2023_aPT_scCv3	LMNA	159	Lake et al. 2023 Nature 619:585 doi:10.1038/s41586-023-05769-3	Supplementary Table 13, scCv3 'Full Conserved Adaptive State Gene Set (p val < 0.05 for Ref, AKI and CKD)', rows with State/Cluster = aPT (source order)
Lake2023_aPT_scCv3	PSMB8	160	Lake et al. 2023 Nature 619:585 doi:10.1038/s41586-023-05769-3	Supplementary Table 13, scCv3 'Full Conserved Adaptive State Gene Set (p val < 0.05 for Ref, AKI and CKD)', rows with State/Cluster = aPT (source order)
Lake2023_aPT_scCv3	PPIA	161	Lake et al. 2023 Nature 619:585 doi:10.1038/s41586-023-05769-3	Supplementary Table 13, scCv3 'Full Conserved Adaptive State Gene Set (p val < 0.05 for Ref, AKI and CKD)', rows with State/Cluster = aPT (source order)
Lake2023_aPT_scCv3	CALM2	162	Lake et al. 2023 Nature 619:585 doi:10.1038/s41586-023-05769-3	Supplementary Table 13, scCv3 'Full Conserved Adaptive State Gene Set (p val < 0.05 for Ref, AKI and CKD)', rows with State/Cluster = aPT (source order)
Lake2023_aPT_scCv3	MYH9	163	Lake et al. 2023 Nature 619:585 doi:10.1038/s41586-023-05769-3	Supplementary Table 13, scCv3 'Full Conserved Adaptive State Gene Set (p val < 0.05 for Ref, AKI and CKD)', rows with State/Cluster = aPT (source order)
Lake2023_aPT_scCv3	CPVL	164	Lake et al. 2023 Nature 619:585 doi:10.1038/s41586-023-05769-3	Supplementary Table 13, scCv3 'Full Conserved Adaptive State Gene Set (p val < 0.05 for Ref, AKI and CKD)', rows with State/Cluster = aPT (source order)
Lake2023_aPT_scCv3	CDH6	165	Lake et al. 2023 Nature 619:585 doi:10.1038/s41586-023-05769-3	Supplementary Table 13, scCv3 'Full Conserved Adaptive State Gene Set (p val < 0.05 for Ref, AKI and CKD)', rows with State/Cluster = aPT (source order)
Lake2023_aPT_scCv3	ITGB1	166	Lake et al. 2023 Nature 619:585 doi:10.1038/s41586-023-05769-3	Supplementary Table 13, scCv3 'Full Conserved Adaptive State Gene Set (p val < 0.05 for Ref, AKI and CKD)', rows with State/Cluster = aPT (source order)
Lake2023_aPT_scCv3	KTN1	167	Lake et al. 2023 Nature 619:585 doi:10.1038/s41586-023-05769-3	Supplementary Table 13, scCv3 'Full Conserved Adaptive State Gene Set (p val < 0.05 for Ref, AKI and CKD)', rows with State/Cluster = aPT (source order)
Lake2023_aPT_scCv3	PLSCR1	168	Lake et al. 2023 Nature 619:585 doi:10.1038/s41586-023-05769-3	Supplementary Table 13, scCv3 'Full Conserved Adaptive State Gene Set (p val < 0.05 for Ref, AKI and CKD)', rows with State/Cluster = aPT (source order)
Lake2023_aPT_scCv3	CRIP2	169	Lake et al. 2023 Nature 619:585 doi:10.1038/s41586-023-05769-3	Supplementary Table 13, scCv3 'Full Conserved Adaptive State Gene Set (p val < 0.05 for Ref, AKI and CKD)', rows with State/Cluster = aPT (source order)
Lake2023_aPT_scCv3	NTN4	170	Lake et al. 2023 Nature 619:585 doi:10.1038/s41586-023-05769-3	Supplementary Table 13, scCv3 'Full Conserved Adaptive State Gene Set (p val < 0.05 for Ref, AKI and CKD)', rows with State/Cluster = aPT (source order)
Lake2023_aPT_scCv3	DDX17	171	Lake et al. 2023 Nature 619:585 doi:10.1038/s41586-023-05769-3	Supplementary Table 13, scCv3 'Full Conserved Adaptive State Gene Set (p val < 0.05 for Ref, AKI and CKD)', rows with State/Cluster = aPT (source order)
Lake2023_aPT_scCv3	CYBA	172	Lake et al. 2023 Nature 619:585 doi:10.1038/s41586-023-05769-3	Supplementary Table 13, scCv3 'Full Conserved Adaptive State Gene Set (p val < 0.05 for Ref, AKI and CKD)', rows with State/Cluster = aPT (source order)
Lake2023_aPT_scCv3	SRSF7	173	Lake et al. 2023 Nature 619:585 doi:10.1038/s41586-023-05769-3	Supplementary Table 13, scCv3 'Full Conserved Adaptive State Gene Set (p val < 0.05 for Ref, AKI and CKD)', rows with State/Cluster = aPT (source order)
Lake2023_aPT_scCv3	FUS	174	Lake et al. 2023 Nature 619:585 doi:10.1038/s41586-023-05769-3	Supplementary Table 13, scCv3 'Full Conserved Adaptive State Gene Set (p val < 0.05 for Ref, AKI and CKD)', rows with State/Cluster = aPT (source order)
Lake2023_aPT_scCv3	CLDN7	175	Lake et al. 2023 Nature 619:585 doi:10.1038/s41586-023-05769-3	Supplementary Table 13, scCv3 'Full Conserved Adaptive State Gene Set (p val < 0.05 for Ref, AKI and CKD)', rows with State/Cluster = aPT (source order)
Lake2023_aPT_scCv3	RPL30	176	Lake et al. 2023 Nature 619:585 doi:10.1038/s41586-023-05769-3	Supplementary Table 13, scCv3 'Full Conserved Adaptive State Gene Set (p val < 0.05 for Ref, AKI and CKD)', rows with State/Cluster = aPT (source order)
Lake2023_aPT_scCv3	RPS25	177	Lake et al. 2023 Nature 619:585 doi:10.1038/s41586-023-05769-3	Supplementary Table 13, scCv3 'Full Conserved Adaptive State Gene Set (p val < 0.05 for Ref, AKI and CKD)', rows with State/Cluster = aPT (source order)
Lake2023_aPT_scCv3	RPL13	178	Lake et al. 2023 Nature 619:585 doi:10.1038/s41586-023-05769-3	Supplementary Table 13, scCv3 'Full Conserved Adaptive State Gene Set (p val < 0.05 for Ref, AKI and CKD)', rows with State/Cluster = aPT (source order)
Lake2023_aPT_scCv3	TUBA1A	179	Lake et al. 2023 Nature 619:585 doi:10.1038/s41586-023-05769-3	Supplementary Table 13, scCv3 'Full Conserved Adaptive State Gene Set (p val < 0.05 for Ref, AKI and CKD)', rows with State/Cluster = aPT (source order)
Lake2023_aPT_scCv3	RPL29	180	Lake et al. 2023 Nature 619:585 doi:10.1038/s41586-023-05769-3	Supplementary Table 13, scCv3 'Full Conserved Adaptive State Gene Set (p val < 0.05 for Ref, AKI and CKD)', rows with State/Cluster = aPT (source order)
Lake2023_aPT_scCv3	YWHAH	181	Lake et al. 2023 Nature 619:585 doi:10.1038/s41586-023-05769-3	Supplementary Table 13, scCv3 'Full Conserved Adaptive State Gene Set (p val < 0.05 for Ref, AKI and CKD)', rows with State/Cluster = aPT (source order)
Lake2023_aPT_scCv3	TINAGL1	182	Lake et al. 2023 Nature 619:585 doi:10.1038/s41586-023-05769-3	Supplementary Table 13, scCv3 'Full Conserved Adaptive State Gene Set (p val < 0.05 for Ref, AKI and CKD)', rows with State/Cluster = aPT (source order)
Lake2023_aPT_scCv3	PNN	183	Lake et al. 2023 Nature 619:585 doi:10.1038/s41586-023-05769-3	Supplementary Table 13, scCv3 'Full Conserved Adaptive State Gene Set (p val < 0.05 for Ref, AKI and CKD)', rows with State/Cluster = aPT (source order)
Lake2023_aPT_scCv3	RPL15	184	Lake et al. 2023 Nature 619:585 doi:10.1038/s41586-023-05769-3	Supplementary Table 13, scCv3 'Full Conserved Adaptive State Gene Set (p val < 0.05 for Ref, AKI and CKD)', rows with State/Cluster = aPT (source order)
Lake2023_aPT_scCv3	IFITM2	185	Lake et al. 2023 Nature 619:585 doi:10.1038/s41586-023-05769-3	Supplementary Table 13, scCv3 'Full Conserved Adaptive State Gene Set (p val < 0.05 for Ref, AKI and CKD)', rows with State/Cluster = aPT (source order)
Lake2023_aPT_scCv3	RPL35	186	Lake et al. 2023 Nature 619:585 doi:10.1038/s41586-023-05769-3	Supplementary Table 13, scCv3 'Full Conserved Adaptive State Gene Set (p val < 0.05 for Ref, AKI and CKD)', rows with State/Cluster = aPT (source order)
Lake2023_aPT_scCv3	YBX3	187	Lake et al. 2023 Nature 619:585 doi:10.1038/s41586-023-05769-3	Supplementary Table 13, scCv3 'Full Conserved Adaptive State Gene Set (p val < 0.05 for Ref, AKI and CKD)', rows with State/Cluster = aPT (source order)
Lake2023_aPT_scCv3	RPS7	188	Lake et al. 2023 Nature 619:585 doi:10.1038/s41586-023-05769-3	Supplementary Table 13, scCv3 'Full Conserved Adaptive State Gene Set (p val < 0.05 for Ref, AKI and CKD)', rows with State/Cluster = aPT (source order)
Lake2023_aPT_scCv3	ITM2C	189	Lake et al. 2023 Nature 619:585 doi:10.1038/s41586-023-05769-3	Supplementary Table 13, scCv3 'Full Conserved Adaptive State Gene Set (p val < 0.05 for Ref, AKI and CKD)', rows with State/Cluster = aPT (source order)
Lake2023_aPT_scCv3	PRDX4	190	Lake et al. 2023 Nature 619:585 doi:10.1038/s41586-023-05769-3	Supplementary Table 13, scCv3 'Full Conserved Adaptive State Gene Set (p val < 0.05 for Ref, AKI and CKD)', rows with State/Cluster = aPT (source order)
Lake2023_aPT_scCv3	RPL6	191	Lake et al. 2023 Nature 619:585 doi:10.1038/s41586-023-05769-3	Supplementary Table 13, scCv3 'Full Conserved Adaptive State Gene Set (p val < 0.05 for Ref, AKI and CKD)', rows with State/Cluster = aPT (source order)
Lake2023_aPT_scCv3	PAPLN	192	Lake et al. 2023 Nature 619:585 doi:10.1038/s41586-023-05769-3	Supplementary Table 13, scCv3 'Full Conserved Adaptive State Gene Set (p val < 0.05 for Ref, AKI and CKD)', rows with State/Cluster = aPT (source order)
Lake2023_aPT_scCv3	TXNIP	193	Lake et al. 2023 Nature 619:585 doi:10.1038/s41586-023-05769-3	Supplementary Table 13, scCv3 'Full Conserved Adaptive State Gene Set (p val < 0.05 for Ref, AKI and CKD)', rows with State/Cluster = aPT (source order)
Lake2023_aPT_scCv3	LBR	194	Lake et al. 2023 Nature 619:585 doi:10.1038/s41586-023-05769-3	Supplementary Table 13, scCv3 'Full Conserved Adaptive State Gene Set (p val < 0.05 for Ref, AKI and CKD)', rows with State/Cluster = aPT (source order)
Lake2023_aPT_scCv3	TAF1D	195	Lake et al. 2023 Nature 619:585 doi:10.1038/s41586-023-05769-3	Supplementary Table 13, scCv3 'Full Conserved Adaptive State Gene Set (p val < 0.05 for Ref, AKI and CKD)', rows with State/Cluster = aPT (source order)
Lake2023_aPT_scCv3	RPL8	196	Lake et al. 2023 Nature 619:585 doi:10.1038/s41586-023-05769-3	Supplementary Table 13, scCv3 'Full Conserved Adaptive State Gene Set (p val < 0.05 for Ref, AKI and CKD)', rows with State/Cluster = aPT (source order)
Lake2023_aPT_scCv3	JAK1	197	Lake et al. 2023 Nature 619:585 doi:10.1038/s41586-023-05769-3	Supplementary Table 13, scCv3 'Full Conserved Adaptive State Gene Set (p val < 0.05 for Ref, AKI and CKD)', rows with State/Cluster = aPT (source order)
Lake2023_aPT_scCv3	RPSA	198	Lake et al. 2023 Nature 619:585 doi:10.1038/s41586-023-05769-3	Supplementary Table 13, scCv3 'Full Conserved Adaptive State Gene Set (p val < 0.05 for Ref, AKI and CKD)', rows with State/Cluster = aPT (source order)
Lake2023_aPT_scCv3	GCC2	199	Lake et al. 2023 Nature 619:585 doi:10.1038/s41586-023-05769-3	Supplementary Table 13, scCv3 'Full Conserved Adaptive State Gene Set (p val < 0.05 for Ref, AKI and CKD)', rows with State/Cluster = aPT (source order)
Lake2023_aPT_scCv3	CRIM1	200	Lake et al. 2023 Nature 619:585 doi:10.1038/s41586-023-05769-3	Supplementary Table 13, scCv3 'Full Conserved Adaptive State Gene Set (p val < 0.05 for Ref, AKI and CKD)', rows with State/Cluster = aPT (source order)
Lake2023_aPT_scCv3	NME3	201	Lake et al. 2023 Nature 619:585 doi:10.1038/s41586-023-05769-3	Supplementary Table 13, scCv3 'Full Conserved Adaptive State Gene Set (p val < 0.05 for Ref, AKI and CKD)', rows with State/Cluster = aPT (source order)
Lake2023_aPT_scCv3	ITM2B	202	Lake et al. 2023 Nature 619:585 doi:10.1038/s41586-023-05769-3	Supplementary Table 13, scCv3 'Full Conserved Adaptive State Gene Set (p val < 0.05 for Ref, AKI and CKD)', rows with State/Cluster = aPT (source order)
Lake2023_aPT_scCv3	RARRES2	203	Lake et al. 2023 Nature 619:585 doi:10.1038/s41586-023-05769-3	Supplementary Table 13, scCv3 'Full Conserved Adaptive State Gene Set (p val < 0.05 for Ref, AKI and CKD)', rows with State/Cluster = aPT (source order)
Lake2023_aPT_scCv3	LAPTM4B	204	Lake et al. 2023 Nature 619:585 doi:10.1038/s41586-023-05769-3	Supplementary Table 13, scCv3 'Full Conserved Adaptive State Gene Set (p val < 0.05 for Ref, AKI and CKD)', rows with State/Cluster = aPT (source order)
Lake2023_aPT_scCv3	C9orf3	205	Lake et al. 2023 Nature 619:585 doi:10.1038/s41586-023-05769-3	Supplementary Table 13, scCv3 'Full Conserved Adaptive State Gene Set (p val < 0.05 for Ref, AKI and CKD)', rows with State/Cluster = aPT (source order)
Lake2023_aPT_scCv3	TMEM176B	206	Lake et al. 2023 Nature 619:585 doi:10.1038/s41586-023-05769-3	Supplementary Table 13, scCv3 'Full Conserved Adaptive State Gene Set (p val < 0.05 for Ref, AKI and CKD)', rows with State/Cluster = aPT (source order)
Lake2023_aPT_scCv3	DCDC2	207	Lake et al. 2023 Nature 619:585 doi:10.1038/s41586-023-05769-3	Supplementary Table 13, scCv3 'Full Conserved Adaptive State Gene Set (p val < 0.05 for Ref, AKI and CKD)', rows with State/Cluster = aPT (source order)
Lake2023_aPT_scCv3	PPIB	208	Lake et al. 2023 Nature 619:585 doi:10.1038/s41586-023-05769-3	Supplementary Table 13, scCv3 'Full Conserved Adaptive State Gene Set (p val < 0.05 for Ref, AKI and CKD)', rows with State/Cluster = aPT (source order)
Lake2023_aPT_scCv3	TJP1	209	Lake et al. 2023 Nature 619:585 doi:10.1038/s41586-023-05769-3	Supplementary Table 13, scCv3 'Full Conserved Adaptive State Gene Set (p val < 0.05 for Ref, AKI and CKD)', rows with State/Cluster = aPT (source order)
Lake2023_aPT_scCv3	PTTG1IP	210	Lake et al. 2023 Nature 619:585 doi:10.1038/s41586-023-05769-3	Supplementary Table 13, scCv3 'Full Conserved Adaptive State Gene Set (p val < 0.05 for Ref, AKI and CKD)', rows with State/Cluster = aPT (source order)
Lake2023_aPT_scCv3	MYL12B	211	Lake et al. 2023 Nature 619:585 doi:10.1038/s41586-023-05769-3	Supplementary Table 13, scCv3 'Full Conserved Adaptive State Gene Set (p val < 0.05 for Ref, AKI and CKD)', rows with State/Cluster = aPT (source order)
Lake2023_aPT_scCv3	TUSC3	212	Lake et al. 2023 Nature 619:585 doi:10.1038/s41586-023-05769-3	Supplementary Table 13, scCv3 'Full Conserved Adaptive State Gene Set (p val < 0.05 for Ref, AKI and CKD)', rows with State/Cluster = aPT (source order)
Lake2023_aPT_scCv3	SPINT1	213	Lake et al. 2023 Nature 619:585 doi:10.1038/s41586-023-05769-3	Supplementary Table 13, scCv3 'Full Conserved Adaptive State Gene Set (p val < 0.05 for Ref, AKI and CKD)', rows with State/Cluster = aPT (source order)
Lake2023_aPT_scCv3	ALPK2	214	Lake et al. 2023 Nature 619:585 doi:10.1038/s41586-023-05769-3	Supplementary Table 13, scCv3 'Full Conserved Adaptive State Gene Set (p val < 0.05 for Ref, AKI and CKD)', rows with State/Cluster = aPT (source order)
Lake2023_aPT_scCv3	ZBTB20	215	Lake et al. 2023 Nature 619:585 doi:10.1038/s41586-023-05769-3	Supplementary Table 13, scCv3 'Full Conserved Adaptive State Gene Set (p val < 0.05 for Ref, AKI and CKD)', rows with State/Cluster = aPT (source order)
Lake2023_aPT_scCv3	HLA-E	216	Lake et al. 2023 Nature 619:585 doi:10.1038/s41586-023-05769-3	Supplementary Table 13, scCv3 'Full Conserved Adaptive State Gene Set (p val < 0.05 for Ref, AKI and CKD)', rows with State/Cluster = aPT (source order)
Lake2023_aPT_scCv3	RPL23A	217	Lake et al. 2023 Nature 619:585 doi:10.1038/s41586-023-05769-3	Supplementary Table 13, scCv3 'Full Conserved Adaptive State Gene Set (p val < 0.05 for Ref, AKI and CKD)', rows with State/Cluster = aPT (source order)
Lake2023_aPT_scCv3	RPS5	218	Lake et al. 2023 Nature 619:585 doi:10.1038/s41586-023-05769-3	Supplementary Table 13, scCv3 'Full Conserved Adaptive State Gene Set (p val < 0.05 for Ref, AKI and CKD)', rows with State/Cluster = aPT (source order)
Lake2023_aPT_scCv3	RPL24	219	Lake et al. 2023 Nature 619:585 doi:10.1038/s41586-023-05769-3	Supplementary Table 13, scCv3 'Full Conserved Adaptive State Gene Set (p val < 0.05 for Ref, AKI and CKD)', rows with State/Cluster = aPT (source order)
Lake2023_aPT_scCv3	TMEM50A	220	Lake et al. 2023 Nature 619:585 doi:10.1038/s41586-023-05769-3	Supplementary Table 13, scCv3 'Full Conserved Adaptive State Gene Set (p val < 0.05 for Ref, AKI and CKD)', rows with State/Cluster = aPT (source order)
Lake2023_aPT_scCv3	LGALS3BP	221	Lake et al. 2023 Nature 619:585 doi:10.1038/s41586-023-05769-3	Supplementary Table 13, scCv3 'Full Conserved Adaptive State Gene Set (p val < 0.05 for Ref, AKI and CKD)', rows with State/Cluster = aPT (source order)
Lake2023_aPT_scCv3	NBL1	222	Lake et al. 2023 Nature 619:585 doi:10.1038/s41586-023-05769-3	Supplementary Table 13, scCv3 'Full Conserved Adaptive State Gene Set (p val < 0.05 for Ref, AKI and CKD)', rows with State/Cluster = aPT (source order)
Lake2023_aPT_scCv3	DSG2	223	Lake et al. 2023 Nature 619:585 doi:10.1038/s41586-023-05769-3	Supplementary Table 13, scCv3 'Full Conserved Adaptive State Gene Set (p val < 0.05 for Ref, AKI and CKD)', rows with State/Cluster = aPT (source order)
Lake2023_aPT_scCv3	RPL7A	224	Lake et al. 2023 Nature 619:585 doi:10.1038/s41586-023-05769-3	Supplementary Table 13, scCv3 'Full Conserved Adaptive State Gene Set (p val < 0.05 for Ref, AKI and CKD)', rows with State/Cluster = aPT (source order)
Lake2023_aPT_scCv3	OXR1	225	Lake et al. 2023 Nature 619:585 doi:10.1038/s41586-023-05769-3	Supplementary Table 13, scCv3 'Full Conserved Adaptive State Gene Set (p val < 0.05 for Ref, AKI and CKD)', rows with State/Cluster = aPT (source order)
Lake2023_aPT_scCv3	SYNE2	226	Lake et al. 2023 Nature 619:585 doi:10.1038/s41586-023-05769-3	Supplementary Table 13, scCv3 'Full Conserved Adaptive State Gene Set (p val < 0.05 for Ref, AKI and CKD)', rows with State/Cluster = aPT (source order)
Lake2023_aPT_scCv3	STMN1	227	Lake et al. 2023 Nature 619:585 doi:10.1038/s41586-023-05769-3	Supplementary Table 13, scCv3 'Full Conserved Adaptive State Gene Set (p val < 0.05 for Ref, AKI and CKD)', rows with State/Cluster = aPT (source order)
Lake2023_aPT_scCv3	SRRM2	228	Lake et al. 2023 Nature 619:585 doi:10.1038/s41586-023-05769-3	Supplementary Table 13, scCv3 'Full Conserved Adaptive State Gene Set (p val < 0.05 for Ref, AKI and CKD)', rows with State/Cluster = aPT (source order)
Lake2023_aPT_scCv3	NKTR	229	Lake et al. 2023 Nature 619:585 doi:10.1038/s41586-023-05769-3	Supplementary Table 13, scCv3 'Full Conserved Adaptive State Gene Set (p val < 0.05 for Ref, AKI and CKD)', rows with State/Cluster = aPT (source order)
Lake2023_aPT_scCv3	CEBPD	230	Lake et al. 2023 Nature 619:585 doi:10.1038/s41586-023-05769-3	Supplementary Table 13, scCv3 'Full Conserved Adaptive State Gene Set (p val < 0.05 for Ref, AKI and CKD)', rows with State/Cluster = aPT (source order)
Lake2023_aPT_scCv3	PON2	231	Lake et al. 2023 Nature 619:585 doi:10.1038/s41586-023-05769-3	Supplementary Table 13, scCv3 'Full Conserved Adaptive State Gene Set (p val < 0.05 for Ref, AKI and CKD)', rows with State/Cluster = aPT (source order)
Lake2023_aPT_scCv3	SF1	232	Lake et al. 2023 Nature 619:585 doi:10.1038/s41586-023-05769-3	Supplementary Table 13, scCv3 'Full Conserved Adaptive State Gene Set (p val < 0.05 for Ref, AKI and CKD)', rows with State/Cluster = aPT (source order)
Lake2023_aPT_scCv3	GNAS	233	Lake et al. 2023 Nature 619:585 doi:10.1038/s41586-023-05769-3	Supplementary Table 13, scCv3 'Full Conserved Adaptive State Gene Set (p val < 0.05 for Ref, AKI and CKD)', rows with State/Cluster = aPT (source order)
Lake2023_aPT_scCv3	NPM1	234	Lake et al. 2023 Nature 619:585 doi:10.1038/s41586-023-05769-3	Supplementary Table 13, scCv3 'Full Conserved Adaptive State Gene Set (p val < 0.05 for Ref, AKI and CKD)', rows with State/Cluster = aPT (source order)
Lake2023_aPT_scCv3	LTBP3	235	Lake et al. 2023 Nature 619:585 doi:10.1038/s41586-023-05769-3	Supplementary Table 13, scCv3 'Full Conserved Adaptive State Gene Set (p val < 0.05 for Ref, AKI and CKD)', rows with State/Cluster = aPT (source order)
Lake2023_aPT_scCv3	H3F3A	236	Lake et al. 2023 Nature 619:585 doi:10.1038/s41586-023-05769-3	Supplementary Table 13, scCv3 'Full Conserved Adaptive State Gene Set (p val < 0.05 for Ref, AKI and CKD)', rows with State/Cluster = aPT (source order)
Lake2023_aPT_scCv3	CPM	237	Lake et al. 2023 Nature 619:585 doi:10.1038/s41586-023-05769-3	Supplementary Table 13, scCv3 'Full Conserved Adaptive State Gene Set (p val < 0.05 for Ref, AKI and CKD)', rows with State/Cluster = aPT (source order)
Lake2023_aPT_scCv3	SSR4	238	Lake et al. 2023 Nature 619:585 doi:10.1038/s41586-023-05769-3	Supplementary Table 13, scCv3 'Full Conserved Adaptive State Gene Set (p val < 0.05 for Ref, AKI and CKD)', rows with State/Cluster = aPT (source order)
Lake2023_aPT_scCv3	FAT1	239	Lake et al. 2023 Nature 619:585 doi:10.1038/s41586-023-05769-3	Supplementary Table 13, scCv3 'Full Conserved Adaptive State Gene Set (p val < 0.05 for Ref, AKI and CKD)', rows with State/Cluster = aPT (source order)
Lake2023_aPT_scCv3	SFPQ	240	Lake et al. 2023 Nature 619:585 doi:10.1038/s41586-023-05769-3	Supplementary Table 13, scCv3 'Full Conserved Adaptive State Gene Set (p val < 0.05 for Ref, AKI and CKD)', rows with State/Cluster = aPT (source order)
Lake2023_aPT_scCv3	SRI	241	Lake et al. 2023 Nature 619:585 doi:10.1038/s41586-023-05769-3	Supplementary Table 13, scCv3 'Full Conserved Adaptive State Gene Set (p val < 0.05 for Ref, AKI and CKD)', rows with State/Cluster = aPT (source order)
Lake2023_aPT_scCv3	SERPING1	242	Lake et al. 2023 Nature 619:585 doi:10.1038/s41586-023-05769-3	Supplementary Table 13, scCv3 'Full Conserved Adaptive State Gene Set (p val < 0.05 for Ref, AKI and CKD)', rows with State/Cluster = aPT (source order)
Lake2023_aPT_scCv3	CTSC	243	Lake et al. 2023 Nature 619:585 doi:10.1038/s41586-023-05769-3	Supplementary Table 13, scCv3 'Full Conserved Adaptive State Gene Set (p val < 0.05 for Ref, AKI and CKD)', rows with State/Cluster = aPT (source order)
Lake2023_aPT_scCv3	KMT2A	244	Lake et al. 2023 Nature 619:585 doi:10.1038/s41586-023-05769-3	Supplementary Table 13, scCv3 'Full Conserved Adaptive State Gene Set (p val < 0.05 for Ref, AKI and CKD)', rows with State/Cluster = aPT (source order)
Lake2023_aPT_scCv3	NACA	245	Lake et al. 2023 Nature 619:585 doi:10.1038/s41586-023-05769-3	Supplementary Table 13, scCv3 'Full Conserved Adaptive State Gene Set (p val < 0.05 for Ref, AKI and CKD)', rows with State/Cluster = aPT (source order)
Lake2023_aPT_scCv3	ACTB	246	Lake et al. 2023 Nature 619:585 doi:10.1038/s41586-023-05769-3	Supplementary Table 13, scCv3 'Full Conserved Adaptive State Gene Set (p val < 0.05 for Ref, AKI and CKD)', rows with State/Cluster = aPT (source order)
Lake2023_aPT_scCv3	PPIC	247	Lake et al. 2023 Nature 619:585 doi:10.1038/s41586-023-05769-3	Supplementary Table 13, scCv3 'Full Conserved Adaptive State Gene Set (p val < 0.05 for Ref, AKI and CKD)', rows with State/Cluster = aPT (source order)
Lake2023_aPT_scCv3	ARHGAP29	248	Lake et al. 2023 Nature 619:585 doi:10.1038/s41586-023-05769-3	Supplementary Table 13, scCv3 'Full Conserved Adaptive State Gene Set (p val < 0.05 for Ref, AKI and CKD)', rows with State/Cluster = aPT (source order)
Lake2023_aPT_scCv3	TRAM1	249	Lake et al. 2023 Nature 619:585 doi:10.1038/s41586-023-05769-3	Supplementary Table 13, scCv3 'Full Conserved Adaptive State Gene Set (p val < 0.05 for Ref, AKI and CKD)', rows with State/Cluster = aPT (source order)
Lake2023_aPT_scCv3	GPC4	250	Lake et al. 2023 Nature 619:585 doi:10.1038/s41586-023-05769-3	Supplementary Table 13, scCv3 'Full Conserved Adaptive State Gene Set (p val < 0.05 for Ref, AKI and CKD)', rows with State/Cluster = aPT (source order)
Lake2023_aPT_scCv3	CCNL2	251	Lake et al. 2023 Nature 619:585 doi:10.1038/s41586-023-05769-3	Supplementary Table 13, scCv3 'Full Conserved Adaptive State Gene Set (p val < 0.05 for Ref, AKI and CKD)', rows with State/Cluster = aPT (source order)
Lake2023_aPT_scCv3	HMGB1	252	Lake et al. 2023 Nature 619:585 doi:10.1038/s41586-023-05769-3	Supplementary Table 13, scCv3 'Full Conserved Adaptive State Gene Set (p val < 0.05 for Ref, AKI and CKD)', rows with State/Cluster = aPT (source order)
Lake2023_aPT_scCv3	CD99	253	Lake et al. 2023 Nature 619:585 doi:10.1038/s41586-023-05769-3	Supplementary Table 13, scCv3 'Full Conserved Adaptive State Gene Set (p val < 0.05 for Ref, AKI and CKD)', rows with State/Cluster = aPT (source order)
Lake2023_aPT_scCv3	CD59	254	Lake et al. 2023 Nature 619:585 doi:10.1038/s41586-023-05769-3	Supplementary Table 13, scCv3 'Full Conserved Adaptive State Gene Set (p val < 0.05 for Ref, AKI and CKD)', rows with State/Cluster = aPT (source order)
Lake2023_aPT_scCv3	ANP32B	255	Lake et al. 2023 Nature 619:585 doi:10.1038/s41586-023-05769-3	Supplementary Table 13, scCv3 'Full Conserved Adaptive State Gene Set (p val < 0.05 for Ref, AKI and CKD)', rows with State/Cluster = aPT (source order)
Lake2023_aPT_scCv3	MAP1LC3A	256	Lake et al. 2023 Nature 619:585 doi:10.1038/s41586-023-05769-3	Supplementary Table 13, scCv3 'Full Conserved Adaptive State Gene Set (p val < 0.05 for Ref, AKI and CKD)', rows with State/Cluster = aPT (source order)
Lake2023_aPT_scCv3	RASSF7	257	Lake et al. 2023 Nature 619:585 doi:10.1038/s41586-023-05769-3	Supplementary Table 13, scCv3 'Full Conserved Adaptive State Gene Set (p val < 0.05 for Ref, AKI and CKD)', rows with State/Cluster = aPT (source order)
Lake2023_aPT_scCv3	RBM3	258	Lake et al. 2023 Nature 619:585 doi:10.1038/s41586-023-05769-3	Supplementary Table 13, scCv3 'Full Conserved Adaptive State Gene Set (p val < 0.05 for Ref, AKI and CKD)', rows with State/Cluster = aPT (source order)
Lake2023_aPT_scCv3	H1FX	259	Lake et al. 2023 Nature 619:585 doi:10.1038/s41586-023-05769-3	Supplementary Table 13, scCv3 'Full Conserved Adaptive State Gene Set (p val < 0.05 for Ref, AKI and CKD)', rows with State/Cluster = aPT (source order)
Lake2023_aPT_scCv3	ZFAS1	260	Lake et al. 2023 Nature 619:585 doi:10.1038/s41586-023-05769-3	Supplementary Table 13, scCv3 'Full Conserved Adaptive State Gene Set (p val < 0.05 for Ref, AKI and CKD)', rows with State/Cluster = aPT (source order)
Lake2023_aPT_scCv3	HNRNPA2B1	261	Lake et al. 2023 Nature 619:585 doi:10.1038/s41586-023-05769-3	Supplementary Table 13, scCv3 'Full Conserved Adaptive State Gene Set (p val < 0.05 for Ref, AKI and CKD)', rows with State/Cluster = aPT (source order)
Lake2023_aPT_scCv3	ANXA11	262	Lake et al. 2023 Nature 619:585 doi:10.1038/s41586-023-05769-3	Supplementary Table 13, scCv3 'Full Conserved Adaptive State Gene Set (p val < 0.05 for Ref, AKI and CKD)', rows with State/Cluster = aPT (source order)
Lake2023_aPT_scCv3	CAPG	263	Lake et al. 2023 Nature 619:585 doi:10.1038/s41586-023-05769-3	Supplementary Table 13, scCv3 'Full Conserved Adaptive State Gene Set (p val < 0.05 for Ref, AKI and CKD)', rows with State/Cluster = aPT (source order)
Lake2023_aPT_scCv3	NFE2L2	264	Lake et al. 2023 Nature 619:585 doi:10.1038/s41586-023-05769-3	Supplementary Table 13, scCv3 'Full Conserved Adaptive State Gene Set (p val < 0.05 for Ref, AKI and CKD)', rows with State/Cluster = aPT (source order)
Lake2023_aPT_scCv3	SPCS2	265	Lake et al. 2023 Nature 619:585 doi:10.1038/s41586-023-05769-3	Supplementary Table 13, scCv3 'Full Conserved Adaptive State Gene Set (p val < 0.05 for Ref, AKI and CKD)', rows with State/Cluster = aPT (source order)
Lake2023_aPT_scCv3	TP53I13	266	Lake et al. 2023 Nature 619:585 doi:10.1038/s41586-023-05769-3	Supplementary Table 13, scCv3 'Full Conserved Adaptive State Gene Set (p val < 0.05 for Ref, AKI and CKD)', rows with State/Cluster = aPT (source order)
Lake2023_aPT_scCv3	HNRNPDL	267	Lake et al. 2023 Nature 619:585 doi:10.1038/s41586-023-05769-3	Supplementary Table 13, scCv3 'Full Conserved Adaptive State Gene Set (p val < 0.05 for Ref, AKI and CKD)', rows with State/Cluster = aPT (source order)
Lake2023_aPT_scCv3	TSPAN6	268	Lake et al. 2023 Nature 619:585 doi:10.1038/s41586-023-05769-3	Supplementary Table 13, scCv3 'Full Conserved Adaptive State Gene Set (p val < 0.05 for Ref, AKI and CKD)', rows with State/Cluster = aPT (source order)
Lake2023_aPT_scCv3	NT5C	269	Lake et al. 2023 Nature 619:585 doi:10.1038/s41586-023-05769-3	Supplementary Table 13, scCv3 'Full Conserved Adaptive State Gene Set (p val < 0.05 for Ref, AKI and CKD)', rows with State/Cluster = aPT (source order)
Lake2023_aPT_scCv3	SYNGR2	270	Lake et al. 2023 Nature 619:585 doi:10.1038/s41586-023-05769-3	Supplementary Table 13, scCv3 'Full Conserved Adaptive State Gene Set (p val < 0.05 for Ref, AKI and CKD)', rows with State/Cluster = aPT (source order)
Lake2023_aPT_scCv3	EIF5B	271	Lake et al. 2023 Nature 619:585 doi:10.1038/s41586-023-05769-3	Supplementary Table 13, scCv3 'Full Conserved Adaptive State Gene Set (p val < 0.05 for Ref, AKI and CKD)', rows with State/Cluster = aPT (source order)
Lake2023_aPT_scCv3	DHRS7	272	Lake et al. 2023 Nature 619:585 doi:10.1038/s41586-023-05769-3	Supplementary Table 13, scCv3 'Full Conserved Adaptive State Gene Set (p val < 0.05 for Ref, AKI and CKD)', rows with State/Cluster = aPT (source order)
Lake2023_aPT_scCv3	AIF1L	273	Lake et al. 2023 Nature 619:585 doi:10.1038/s41586-023-05769-3	Supplementary Table 13, scCv3 'Full Conserved Adaptive State Gene Set (p val < 0.05 for Ref, AKI and CKD)', rows with State/Cluster = aPT (source order)
Lake2023_aPT_scCv3	ORMDL1	274	Lake et al. 2023 Nature 619:585 doi:10.1038/s41586-023-05769-3	Supplementary Table 13, scCv3 'Full Conserved Adaptive State Gene Set (p val < 0.05 for Ref, AKI and CKD)', rows with State/Cluster = aPT (source order)
Lake2023_aPT_scCv3	RBM25	275	Lake et al. 2023 Nature 619:585 doi:10.1038/s41586-023-05769-3	Supplementary Table 13, scCv3 'Full Conserved Adaptive State Gene Set (p val < 0.05 for Ref, AKI and CKD)', rows with State/Cluster = aPT (source order)
Lake2023_aPT_scCv3	DAD1	276	Lake et al. 2023 Nature 619:585 doi:10.1038/s41586-023-05769-3	Supplementary Table 13, scCv3 'Full Conserved Adaptive State Gene Set (p val < 0.05 for Ref, AKI and CKD)', rows with State/Cluster = aPT (source order)
Lake2023_aPT_scCv3	RAB13	277	Lake et al. 2023 Nature 619:585 doi:10.1038/s41586-023-05769-3	Supplementary Table 13, scCv3 'Full Conserved Adaptive State Gene Set (p val < 0.05 for Ref, AKI and CKD)', rows with State/Cluster = aPT (source order)
Lake2023_aPT_scCv3	RPS21	278	Lake et al. 2023 Nature 619:585 doi:10.1038/s41586-023-05769-3	Supplementary Table 13, scCv3 'Full Conserved Adaptive State Gene Set (p val < 0.05 for Ref, AKI and CKD)', rows with State/Cluster = aPT (source order)
Lake2023_aPT_scCv3	CALR	279	Lake et al. 2023 Nature 619:585 doi:10.1038/s41586-023-05769-3	Supplementary Table 13, scCv3 'Full Conserved Adaptive State Gene Set (p val < 0.05 for Ref, AKI and CKD)', rows with State/Cluster = aPT (source order)
Lake2023_aPT_scCv3	ARPC1B	280	Lake et al. 2023 Nature 619:585 doi:10.1038/s41586-023-05769-3	Supplementary Table 13, scCv3 'Full Conserved Adaptive State Gene Set (p val < 0.05 for Ref, AKI and CKD)', rows with State/Cluster = aPT (source order)
Lake2023_aPT_scCv3	SSR2	281	Lake et al. 2023 Nature 619:585 doi:10.1038/s41586-023-05769-3	Supplementary Table 13, scCv3 'Full Conserved Adaptive State Gene Set (p val < 0.05 for Ref, AKI and CKD)', rows with State/Cluster = aPT (source order)
Lake2023_aPT_scCv3	TMEM123	282	Lake et al. 2023 Nature 619:585 doi:10.1038/s41586-023-05769-3	Supplementary Table 13, scCv3 'Full Conserved Adaptive State Gene Set (p val < 0.05 for Ref, AKI and CKD)', rows with State/Cluster = aPT (source order)
Lake2023_aPT_scCv3	SUMO2	283	Lake et al. 2023 Nature 619:585 doi:10.1038/s41586-023-05769-3	Supplementary Table 13, scCv3 'Full Conserved Adaptive State Gene Set (p val < 0.05 for Ref, AKI and CKD)', rows with State/Cluster = aPT (source order)
Lake2023_aPT_scCv3	DST	284	Lake et al. 2023 Nature 619:585 doi:10.1038/s41586-023-05769-3	Supplementary Table 13, scCv3 'Full Conserved Adaptive State Gene Set (p val < 0.05 for Ref, AKI and CKD)', rows with State/Cluster = aPT (source order)
Lake2023_aPT_scCv3	RPL21	285	Lake et al. 2023 Nature 619:585 doi:10.1038/s41586-023-05769-3	Supplementary Table 13, scCv3 'Full Conserved Adaptive State Gene Set (p val < 0.05 for Ref, AKI and CKD)', rows with State/Cluster = aPT (source order)
Lake2023_aPT_scCv3	RETREG1	286	Lake et al. 2023 Nature 619:585 doi:10.1038/s41586-023-05769-3	Supplementary Table 13, scCv3 'Full Conserved Adaptive State Gene Set (p val < 0.05 for Ref, AKI and CKD)', rows with State/Cluster = aPT (source order)
Lake2023_aPT_scCv3	EPCAM	287	Lake et al. 2023 Nature 619:585 doi:10.1038/s41586-023-05769-3	Supplementary Table 13, scCv3 'Full Conserved Adaptive State Gene Set (p val < 0.05 for Ref, AKI and CKD)', rows with State/Cluster = aPT (source order)
Lake2023_aPT_scCv3	SPTAN1	288	Lake et al. 2023 Nature 619:585 doi:10.1038/s41586-023-05769-3	Supplementary Table 13, scCv3 'Full Conserved Adaptive State Gene Set (p val < 0.05 for Ref, AKI and CKD)', rows with State/Cluster = aPT (source order)
Lake2023_aPT_scCv3	CDC37	289	Lake et al. 2023 Nature 619:585 doi:10.1038/s41586-023-05769-3	Supplementary Table 13, scCv3 'Full Conserved Adaptive State Gene Set (p val < 0.05 for Ref, AKI and CKD)', rows with State/Cluster = aPT (source order)
Lake2023_aPT_scCv3	SET	290	Lake et al. 2023 Nature 619:585 doi:10.1038/s41586-023-05769-3	Supplementary Table 13, scCv3 'Full Conserved Adaptive State Gene Set (p val < 0.05 for Ref, AKI and CKD)', rows with State/Cluster = aPT (source order)
Lake2023_aPT_scCv3	ITGAV	291	Lake et al. 2023 Nature 619:585 doi:10.1038/s41586-023-05769-3	Supplementary Table 13, scCv3 'Full Conserved Adaptive State Gene Set (p val < 0.05 for Ref, AKI and CKD)', rows with State/Cluster = aPT (source order)
Lake2023_aPT_scCv3	PRRC2C	292	Lake et al. 2023 Nature 619:585 doi:10.1038/s41586-023-05769-3	Supplementary Table 13, scCv3 'Full Conserved Adaptive State Gene Set (p val < 0.05 for Ref, AKI and CKD)', rows with State/Cluster = aPT (source order)
Lake2023_aPT_scCv3	RPL3	293	Lake et al. 2023 Nature 619:585 doi:10.1038/s41586-023-05769-3	Supplementary Table 13, scCv3 'Full Conserved Adaptive State Gene Set (p val < 0.05 for Ref, AKI and CKD)', rows with State/Cluster = aPT (source order)
Lake2023_aPT_scCv3	COL27A1	294	Lake et al. 2023 Nature 619:585 doi:10.1038/s41586-023-05769-3	Supplementary Table 13, scCv3 'Full Conserved Adaptive State Gene Set (p val < 0.05 for Ref, AKI and CKD)', rows with State/Cluster = aPT (source order)
Lake2023_aPT_scCv3	PKM	295	Lake et al. 2023 Nature 619:585 doi:10.1038/s41586-023-05769-3	Supplementary Table 13, scCv3 'Full Conserved Adaptive State Gene Set (p val < 0.05 for Ref, AKI and CKD)', rows with State/Cluster = aPT (source order)
Lake2023_aPT_scCv3	SRSF2	296	Lake et al. 2023 Nature 619:585 doi:10.1038/s41586-023-05769-3	Supplementary Table 13, scCv3 'Full Conserved Adaptive State Gene Set (p val < 0.05 for Ref, AKI and CKD)', rows with State/Cluster = aPT (source order)
Lake2023_aPT_scCv3	RNF213	297	Lake et al. 2023 Nature 619:585 doi:10.1038/s41586-023-05769-3	Supplementary Table 13, scCv3 'Full Conserved Adaptive State Gene Set (p val < 0.05 for Ref, AKI and CKD)', rows with State/Cluster = aPT (source order)
Lake2023_aPT_scCv3	TMEM238	298	Lake et al. 2023 Nature 619:585 doi:10.1038/s41586-023-05769-3	Supplementary Table 13, scCv3 'Full Conserved Adaptive State Gene Set (p val < 0.05 for Ref, AKI and CKD)', rows with State/Cluster = aPT (source order)
Lake2023_aPT_scCv3	TMEM14C	299	Lake et al. 2023 Nature 619:585 doi:10.1038/s41586-023-05769-3	Supplementary Table 13, scCv3 'Full Conserved Adaptive State Gene Set (p val < 0.05 for Ref, AKI and CKD)', rows with State/Cluster = aPT (source order)
Lake2023_aPT_scCv3	AAK1	300	Lake et al. 2023 Nature 619:585 doi:10.1038/s41586-023-05769-3	Supplementary Table 13, scCv3 'Full Conserved Adaptive State Gene Set (p val < 0.05 for Ref, AKI and CKD)', rows with State/Cluster = aPT (source order)
Lake2023_aPT_scCv3	CDKN1C	301	Lake et al. 2023 Nature 619:585 doi:10.1038/s41586-023-05769-3	Supplementary Table 13, scCv3 'Full Conserved Adaptive State Gene Set (p val < 0.05 for Ref, AKI and CKD)', rows with State/Cluster = aPT (source order)
Lake2023_aPT_scCv3	MET	302	Lake et al. 2023 Nature 619:585 doi:10.1038/s41586-023-05769-3	Supplementary Table 13, scCv3 'Full Conserved Adaptive State Gene Set (p val < 0.05 for Ref, AKI and CKD)', rows with State/Cluster = aPT (source order)
Lake2023_aPT_scCv3	ATP6AP2	303	Lake et al. 2023 Nature 619:585 doi:10.1038/s41586-023-05769-3	Supplementary Table 13, scCv3 'Full Conserved Adaptive State Gene Set (p val < 0.05 for Ref, AKI and CKD)', rows with State/Cluster = aPT (source order)
Lake2023_aPT_scCv3	SLC44A4	304	Lake et al. 2023 Nature 619:585 doi:10.1038/s41586-023-05769-3	Supplementary Table 13, scCv3 'Full Conserved Adaptive State Gene Set (p val < 0.05 for Ref, AKI and CKD)', rows with State/Cluster = aPT (source order)
Lake2023_aPT_scCv3	PPP1R14B	305	Lake et al. 2023 Nature 619:585 doi:10.1038/s41586-023-05769-3	Supplementary Table 13, scCv3 'Full Conserved Adaptive State Gene Set (p val < 0.05 for Ref, AKI and CKD)', rows with State/Cluster = aPT (source order)
Lake2023_aPT_scCv3	TAX1BP3	306	Lake et al. 2023 Nature 619:585 doi:10.1038/s41586-023-05769-3	Supplementary Table 13, scCv3 'Full Conserved Adaptive State Gene Set (p val < 0.05 for Ref, AKI and CKD)', rows with State/Cluster = aPT (source order)
Lake2023_aPT_scCv3	FZD1	307	Lake et al. 2023 Nature 619:585 doi:10.1038/s41586-023-05769-3	Supplementary Table 13, scCv3 'Full Conserved Adaptive State Gene Set (p val < 0.05 for Ref, AKI and CKD)', rows with State/Cluster = aPT (source order)
Lake2023_aPT_scCv3	LAMB1	308	Lake et al. 2023 Nature 619:585 doi:10.1038/s41586-023-05769-3	Supplementary Table 13, scCv3 'Full Conserved Adaptive State Gene Set (p val < 0.05 for Ref, AKI and CKD)', rows with State/Cluster = aPT (source order)
Lake2023_aPT_scCv3	TPR	309	Lake et al. 2023 Nature 619:585 doi:10.1038/s41586-023-05769-3	Supplementary Table 13, scCv3 'Full Conserved Adaptive State Gene Set (p val < 0.05 for Ref, AKI and CKD)', rows with State/Cluster = aPT (source order)
Lake2023_aPT_scCv3	SNRPB	310	Lake et al. 2023 Nature 619:585 doi:10.1038/s41586-023-05769-3	Supplementary Table 13, scCv3 'Full Conserved Adaptive State Gene Set (p val < 0.05 for Ref, AKI and CKD)', rows with State/Cluster = aPT (source order)
Lake2023_aPT_scCv3	CKB	311	Lake et al. 2023 Nature 619:585 doi:10.1038/s41586-023-05769-3	Supplementary Table 13, scCv3 'Full Conserved Adaptive State Gene Set (p val < 0.05 for Ref, AKI and CKD)', rows with State/Cluster = aPT (source order)
Lake2023_aPT_scCv3	S100A16	312	Lake et al. 2023 Nature 619:585 doi:10.1038/s41586-023-05769-3	Supplementary Table 13, scCv3 'Full Conserved Adaptive State Gene Set (p val < 0.05 for Ref, AKI and CKD)', rows with State/Cluster = aPT (source order)
Lake2023_aPT_scCv3	LSM7	313	Lake et al. 2023 Nature 619:585 doi:10.1038/s41586-023-05769-3	Supplementary Table 13, scCv3 'Full Conserved Adaptive State Gene Set (p val < 0.05 for Ref, AKI and CKD)', rows with State/Cluster = aPT (source order)
Lake2023_aPT_scCv3	TMED9	314	Lake et al. 2023 Nature 619:585 doi:10.1038/s41586-023-05769-3	Supplementary Table 13, scCv3 'Full Conserved Adaptive State Gene Set (p val < 0.05 for Ref, AKI and CKD)', rows with State/Cluster = aPT (source order)
Lake2023_aPT_scCv3	EIF1	315	Lake et al. 2023 Nature 619:585 doi:10.1038/s41586-023-05769-3	Supplementary Table 13, scCv3 'Full Conserved Adaptive State Gene Set (p val < 0.05 for Ref, AKI and CKD)', rows with State/Cluster = aPT (source order)
Lake2023_aPT_scCv3	SNRPE	316	Lake et al. 2023 Nature 619:585 doi:10.1038/s41586-023-05769-3	Supplementary Table 13, scCv3 'Full Conserved Adaptive State Gene Set (p val < 0.05 for Ref, AKI and CKD)', rows with State/Cluster = aPT (source order)
Lake2023_aPT_scCv3	HSP90B1	317	Lake et al. 2023 Nature 619:585 doi:10.1038/s41586-023-05769-3	Supplementary Table 13, scCv3 'Full Conserved Adaptive State Gene Set (p val < 0.05 for Ref, AKI and CKD)', rows with State/Cluster = aPT (source order)
Lake2023_aPT_scCv3	NRP1	318	Lake et al. 2023 Nature 619:585 doi:10.1038/s41586-023-05769-3	Supplementary Table 13, scCv3 'Full Conserved Adaptive State Gene Set (p val < 0.05 for Ref, AKI and CKD)', rows with State/Cluster = aPT (source order)
Lake2023_aPT_scCv3	GOLGB1	319	Lake et al. 2023 Nature 619:585 doi:10.1038/s41586-023-05769-3	Supplementary Table 13, scCv3 'Full Conserved Adaptive State Gene Set (p val < 0.05 for Ref, AKI and CKD)', rows with State/Cluster = aPT (source order)
Lake2023_aPT_scCv3	SDC4	320	Lake et al. 2023 Nature 619:585 doi:10.1038/s41586-023-05769-3	Supplementary Table 13, scCv3 'Full Conserved Adaptive State Gene Set (p val < 0.05 for Ref, AKI and CKD)', rows with State/Cluster = aPT (source order)
Lake2023_aPT_scCv3	BAX	321	Lake et al. 2023 Nature 619:585 doi:10.1038/s41586-023-05769-3	Supplementary Table 13, scCv3 'Full Conserved Adaptive State Gene Set (p val < 0.05 for Ref, AKI and CKD)', rows with State/Cluster = aPT (source order)
Lake2023_aPT_scCv3	PFN1	322	Lake et al. 2023 Nature 619:585 doi:10.1038/s41586-023-05769-3	Supplementary Table 13, scCv3 'Full Conserved Adaptive State Gene Set (p val < 0.05 for Ref, AKI and CKD)', rows with State/Cluster = aPT (source order)
Lake2023_aPT_scCv3	CARHSP1	323	Lake et al. 2023 Nature 619:585 doi:10.1038/s41586-023-05769-3	Supplementary Table 13, scCv3 'Full Conserved Adaptive State Gene Set (p val < 0.05 for Ref, AKI and CKD)', rows with State/Cluster = aPT (source order)
Lake2023_aPT_scCv3	PARP14	324	Lake et al. 2023 Nature 619:585 doi:10.1038/s41586-023-05769-3	Supplementary Table 13, scCv3 'Full Conserved Adaptive State Gene Set (p val < 0.05 for Ref, AKI and CKD)', rows with State/Cluster = aPT (source order)
Lake2023_aPT_scCv3	KMT2E	325	Lake et al. 2023 Nature 619:585 doi:10.1038/s41586-023-05769-3	Supplementary Table 13, scCv3 'Full Conserved Adaptive State Gene Set (p val < 0.05 for Ref, AKI and CKD)', rows with State/Cluster = aPT (source order)
Lake2023_aPT_scCv3	JADE1	326	Lake et al. 2023 Nature 619:585 doi:10.1038/s41586-023-05769-3	Supplementary Table 13, scCv3 'Full Conserved Adaptive State Gene Set (p val < 0.05 for Ref, AKI and CKD)', rows with State/Cluster = aPT (source order)
Lake2023_aPT_scCv3	COMT	327	Lake et al. 2023 Nature 619:585 doi:10.1038/s41586-023-05769-3	Supplementary Table 13, scCv3 'Full Conserved Adaptive State Gene Set (p val < 0.05 for Ref, AKI and CKD)', rows with State/Cluster = aPT (source order)
Lake2023_aPT_scCv3	IQGAP1	328	Lake et al. 2023 Nature 619:585 doi:10.1038/s41586-023-05769-3	Supplementary Table 13, scCv3 'Full Conserved Adaptive State Gene Set (p val < 0.05 for Ref, AKI and CKD)', rows with State/Cluster = aPT (source order)
Lake2023_aPT_scCv3	RAN	329	Lake et al. 2023 Nature 619:585 doi:10.1038/s41586-023-05769-3	Supplementary Table 13, scCv3 'Full Conserved Adaptive State Gene Set (p val < 0.05 for Ref, AKI and CKD)', rows with State/Cluster = aPT (source order)
Lake2023_aPT_scCv3	PSME1	330	Lake et al. 2023 Nature 619:585 doi:10.1038/s41586-023-05769-3	Supplementary Table 13, scCv3 'Full Conserved Adaptive State Gene Set (p val < 0.05 for Ref, AKI and CKD)', rows with State/Cluster = aPT (source order)
Lake2023_aPT_scCv3	AKAP9	331	Lake et al. 2023 Nature 619:585 doi:10.1038/s41586-023-05769-3	Supplementary Table 13, scCv3 'Full Conserved Adaptive State Gene Set (p val < 0.05 for Ref, AKI and CKD)', rows with State/Cluster = aPT (source order)
Lake2023_aPT_scCv3	VKORC1	332	Lake et al. 2023 Nature 619:585 doi:10.1038/s41586-023-05769-3	Supplementary Table 13, scCv3 'Full Conserved Adaptive State Gene Set (p val < 0.05 for Ref, AKI and CKD)', rows with State/Cluster = aPT (source order)
Lake2023_aPT_scCv3	FLRT3	333	Lake et al. 2023 Nature 619:585 doi:10.1038/s41586-023-05769-3	Supplementary Table 13, scCv3 'Full Conserved Adaptive State Gene Set (p val < 0.05 for Ref, AKI and CKD)', rows with State/Cluster = aPT (source order)
Lake2023_aPT_scCv3	NR2F2	334	Lake et al. 2023 Nature 619:585 doi:10.1038/s41586-023-05769-3	Supplementary Table 13, scCv3 'Full Conserved Adaptive State Gene Set (p val < 0.05 for Ref, AKI and CKD)', rows with State/Cluster = aPT (source order)
Lake2023_aPT_scCv3	EEF1D	335	Lake et al. 2023 Nature 619:585 doi:10.1038/s41586-023-05769-3	Supplementary Table 13, scCv3 'Full Conserved Adaptive State Gene Set (p val < 0.05 for Ref, AKI and CKD)', rows with State/Cluster = aPT (source order)
Lake2023_aPT_scCv3	RSRC2	336	Lake et al. 2023 Nature 619:585 doi:10.1038/s41586-023-05769-3	Supplementary Table 13, scCv3 'Full Conserved Adaptive State Gene Set (p val < 0.05 for Ref, AKI and CKD)', rows with State/Cluster = aPT (source order)
Lake2023_aPT_scCv3	PRMT1	337	Lake et al. 2023 Nature 619:585 doi:10.1038/s41586-023-05769-3	Supplementary Table 13, scCv3 'Full Conserved Adaptive State Gene Set (p val < 0.05 for Ref, AKI and CKD)', rows with State/Cluster = aPT (source order)
Lake2023_aPT_scCv3	RBMX	338	Lake et al. 2023 Nature 619:585 doi:10.1038/s41586-023-05769-3	Supplementary Table 13, scCv3 'Full Conserved Adaptive State Gene Set (p val < 0.05 for Ref, AKI and CKD)', rows with State/Cluster = aPT (source order)
Lake2023_aPT_scCv3	DDOST	339	Lake et al. 2023 Nature 619:585 doi:10.1038/s41586-023-05769-3	Supplementary Table 13, scCv3 'Full Conserved Adaptive State Gene Set (p val < 0.05 for Ref, AKI and CKD)', rows with State/Cluster = aPT (source order)
Lake2023_aPT_scCv3	ZRANB2	340	Lake et al. 2023 Nature 619:585 doi:10.1038/s41586-023-05769-3	Supplementary Table 13, scCv3 'Full Conserved Adaptive State Gene Set (p val < 0.05 for Ref, AKI and CKD)', rows with State/Cluster = aPT (source order)
Lake2023_aPT_scCv3	PRPF4B	341	Lake et al. 2023 Nature 619:585 doi:10.1038/s41586-023-05769-3	Supplementary Table 13, scCv3 'Full Conserved Adaptive State Gene Set (p val < 0.05 for Ref, AKI and CKD)', rows with State/Cluster = aPT (source order)
Lake2023_aPT_scCv3	MDM4	342	Lake et al. 2023 Nature 619:585 doi:10.1038/s41586-023-05769-3	Supplementary Table 13, scCv3 'Full Conserved Adaptive State Gene Set (p val < 0.05 for Ref, AKI and CKD)', rows with State/Cluster = aPT (source order)
Lake2023_aPT_scCv3	PKN2	343	Lake et al. 2023 Nature 619:585 doi:10.1038/s41586-023-05769-3	Supplementary Table 13, scCv3 'Full Conserved Adaptive State Gene Set (p val < 0.05 for Ref, AKI and CKD)', rows with State/Cluster = aPT (source order)
Lake2023_aPT_scCv3	ABCB1	344	Lake et al. 2023 Nature 619:585 doi:10.1038/s41586-023-05769-3	Supplementary Table 13, scCv3 'Full Conserved Adaptive State Gene Set (p val < 0.05 for Ref, AKI and CKD)', rows with State/Cluster = aPT (source order)
Lake2023_aPT_scCv3	SELENOF	345	Lake et al. 2023 Nature 619:585 doi:10.1038/s41586-023-05769-3	Supplementary Table 13, scCv3 'Full Conserved Adaptive State Gene Set (p val < 0.05 for Ref, AKI and CKD)', rows with State/Cluster = aPT (source order)
Lake2023_aPT_scCv3	KRT10	346	Lake et al. 2023 Nature 619:585 doi:10.1038/s41586-023-05769-3	Supplementary Table 13, scCv3 'Full Conserved Adaptive State Gene Set (p val < 0.05 for Ref, AKI and CKD)', rows with State/Cluster = aPT (source order)
Lake2023_aPT_scCv3	PDIA6	347	Lake et al. 2023 Nature 619:585 doi:10.1038/s41586-023-05769-3	Supplementary Table 13, scCv3 'Full Conserved Adaptive State Gene Set (p val < 0.05 for Ref, AKI and CKD)', rows with State/Cluster = aPT (source order)
Lake2023_aPT_scCv3	GPBP1	348	Lake et al. 2023 Nature 619:585 doi:10.1038/s41586-023-05769-3	Supplementary Table 13, scCv3 'Full Conserved Adaptive State Gene Set (p val < 0.05 for Ref, AKI and CKD)', rows with State/Cluster = aPT (source order)
Lake2023_aPT_scCv3	HNRNPU	349	Lake et al. 2023 Nature 619:585 doi:10.1038/s41586-023-05769-3	Supplementary Table 13, scCv3 'Full Conserved Adaptive State Gene Set (p val < 0.05 for Ref, AKI and CKD)', rows with State/Cluster = aPT (source order)
Lake2023_aPT_scCv3	HMGN1	350	Lake et al. 2023 Nature 619:585 doi:10.1038/s41586-023-05769-3	Supplementary Table 13, scCv3 'Full Conserved Adaptive State Gene Set (p val < 0.05 for Ref, AKI and CKD)', rows with State/Cluster = aPT (source order)
Lake2023_aPT_scCv3	CTSZ	351	Lake et al. 2023 Nature 619:585 doi:10.1038/s41586-023-05769-3	Supplementary Table 13, scCv3 'Full Conserved Adaptive State Gene Set (p val < 0.05 for Ref, AKI and CKD)', rows with State/Cluster = aPT (source order)
Lake2023_aPT_scCv3	GNAI2	352	Lake et al. 2023 Nature 619:585 doi:10.1038/s41586-023-05769-3	Supplementary Table 13, scCv3 'Full Conserved Adaptive State Gene Set (p val < 0.05 for Ref, AKI and CKD)', rows with State/Cluster = aPT (source order)
Lake2023_aPT_scCv3	SEPT7	353	Lake et al. 2023 Nature 619:585 doi:10.1038/s41586-023-05769-3	Supplementary Table 13, scCv3 'Full Conserved Adaptive State Gene Set (p val < 0.05 for Ref, AKI and CKD)', rows with State/Cluster = aPT (source order)
Lake2023_aPT_scCv3	TNFRSF11B	354	Lake et al. 2023 Nature 619:585 doi:10.1038/s41586-023-05769-3	Supplementary Table 13, scCv3 'Full Conserved Adaptive State Gene Set (p val < 0.05 for Ref, AKI and CKD)', rows with State/Cluster = aPT (source order)
Lake2023_aPT_scCv3	TMEM179B	355	Lake et al. 2023 Nature 619:585 doi:10.1038/s41586-023-05769-3	Supplementary Table 13, scCv3 'Full Conserved Adaptive State Gene Set (p val < 0.05 for Ref, AKI and CKD)', rows with State/Cluster = aPT (source order)
Lake2023_aPT_scCv3	BCAP31	356	Lake et al. 2023 Nature 619:585 doi:10.1038/s41586-023-05769-3	Supplementary Table 13, scCv3 'Full Conserved Adaptive State Gene Set (p val < 0.05 for Ref, AKI and CKD)', rows with State/Cluster = aPT (source order)
Lake2023_aPT_scCv3	XRCC5	357	Lake et al. 2023 Nature 619:585 doi:10.1038/s41586-023-05769-3	Supplementary Table 13, scCv3 'Full Conserved Adaptive State Gene Set (p val < 0.05 for Ref, AKI and CKD)', rows with State/Cluster = aPT (source order)
Lake2023_aPT_scCv3	ATRX	358	Lake et al. 2023 Nature 619:585 doi:10.1038/s41586-023-05769-3	Supplementary Table 13, scCv3 'Full Conserved Adaptive State Gene Set (p val < 0.05 for Ref, AKI and CKD)', rows with State/Cluster = aPT (source order)
Lake2023_aPT_scCv3	DYNLL1	359	Lake et al. 2023 Nature 619:585 doi:10.1038/s41586-023-05769-3	Supplementary Table 13, scCv3 'Full Conserved Adaptive State Gene Set (p val < 0.05 for Ref, AKI and CKD)', rows with State/Cluster = aPT (source order)
Lake2023_aPT_scCv3	YIPF3	360	Lake et al. 2023 Nature 619:585 doi:10.1038/s41586-023-05769-3	Supplementary Table 13, scCv3 'Full Conserved Adaptive State Gene Set (p val < 0.05 for Ref, AKI and CKD)', rows with State/Cluster = aPT (source order)
Lake2023_aPT_scCv3	ASH1L	361	Lake et al. 2023 Nature 619:585 doi:10.1038/s41586-023-05769-3	Supplementary Table 13, scCv3 'Full Conserved Adaptive State Gene Set (p val < 0.05 for Ref, AKI and CKD)', rows with State/Cluster = aPT (source order)
Lake2023_aPT_scCv3	JUP	362	Lake et al. 2023 Nature 619:585 doi:10.1038/s41586-023-05769-3	Supplementary Table 13, scCv3 'Full Conserved Adaptive State Gene Set (p val < 0.05 for Ref, AKI and CKD)', rows with State/Cluster = aPT (source order)
Lake2023_aPT_scCv3	TSC22D1	363	Lake et al. 2023 Nature 619:585 doi:10.1038/s41586-023-05769-3	Supplementary Table 13, scCv3 'Full Conserved Adaptive State Gene Set (p val < 0.05 for Ref, AKI and CKD)', rows with State/Cluster = aPT (source order)
Lake2023_aPT_scCv3	MAP4	364	Lake et al. 2023 Nature 619:585 doi:10.1038/s41586-023-05769-3	Supplementary Table 13, scCv3 'Full Conserved Adaptive State Gene Set (p val < 0.05 for Ref, AKI and CKD)', rows with State/Cluster = aPT (source order)
Lake2023_aPT_scCv3	ERP29	365	Lake et al. 2023 Nature 619:585 doi:10.1038/s41586-023-05769-3	Supplementary Table 13, scCv3 'Full Conserved Adaptive State Gene Set (p val < 0.05 for Ref, AKI and CKD)', rows with State/Cluster = aPT (source order)
Lake2023_aPT_scCv3	LEPROT	366	Lake et al. 2023 Nature 619:585 doi:10.1038/s41586-023-05769-3	Supplementary Table 13, scCv3 'Full Conserved Adaptive State Gene Set (p val < 0.05 for Ref, AKI and CKD)', rows with State/Cluster = aPT (source order)
Lake2023_aPT_scCv3	ADAM10	367	Lake et al. 2023 Nature 619:585 doi:10.1038/s41586-023-05769-3	Supplementary Table 13, scCv3 'Full Conserved Adaptive State Gene Set (p val < 0.05 for Ref, AKI and CKD)', rows with State/Cluster = aPT (source order)
Lake2023_aPT_scCv3	EIF3G	368	Lake et al. 2023 Nature 619:585 doi:10.1038/s41586-023-05769-3	Supplementary Table 13, scCv3 'Full Conserved Adaptive State Gene Set (p val < 0.05 for Ref, AKI and CKD)', rows with State/Cluster = aPT (source order)
Lake2023_aPT_scCv3	EIF3D	369	Lake et al. 2023 Nature 619:585 doi:10.1038/s41586-023-05769-3	Supplementary Table 13, scCv3 'Full Conserved Adaptive State Gene Set (p val < 0.05 for Ref, AKI and CKD)', rows with State/Cluster = aPT (source order)
Lake2023_aPT_scCv3	HM13	370	Lake et al. 2023 Nature 619:585 doi:10.1038/s41586-023-05769-3	Supplementary Table 13, scCv3 'Full Conserved Adaptive State Gene Set (p val < 0.05 for Ref, AKI and CKD)', rows with State/Cluster = aPT (source order)
Lake2023_aPT_scCv3	EIF3A	371	Lake et al. 2023 Nature 619:585 doi:10.1038/s41586-023-05769-3	Supplementary Table 13, scCv3 'Full Conserved Adaptive State Gene Set (p val < 0.05 for Ref, AKI and CKD)', rows with State/Cluster = aPT (source order)
Lake2023_aPT_scCv3	WASF2	372	Lake et al. 2023 Nature 619:585 doi:10.1038/s41586-023-05769-3	Supplementary Table 13, scCv3 'Full Conserved Adaptive State Gene Set (p val < 0.05 for Ref, AKI and CKD)', rows with State/Cluster = aPT (source order)
Lake2023_aPT_scCv3	MGAT4B	373	Lake et al. 2023 Nature 619:585 doi:10.1038/s41586-023-05769-3	Supplementary Table 13, scCv3 'Full Conserved Adaptive State Gene Set (p val < 0.05 for Ref, AKI and CKD)', rows with State/Cluster = aPT (source order)
Lake2023_aPT_scCv3	LINC02532	374	Lake et al. 2023 Nature 619:585 doi:10.1038/s41586-023-05769-3	Supplementary Table 13, scCv3 'Full Conserved Adaptive State Gene Set (p val < 0.05 for Ref, AKI and CKD)', rows with State/Cluster = aPT (source order)
Lake2023_aPT_scCv3	RPL19	375	Lake et al. 2023 Nature 619:585 doi:10.1038/s41586-023-05769-3	Supplementary Table 13, scCv3 'Full Conserved Adaptive State Gene Set (p val < 0.05 for Ref, AKI and CKD)', rows with State/Cluster = aPT (source order)
Lake2023_aPT_scCv3	RCN2	376	Lake et al. 2023 Nature 619:585 doi:10.1038/s41586-023-05769-3	Supplementary Table 13, scCv3 'Full Conserved Adaptive State Gene Set (p val < 0.05 for Ref, AKI and CKD)', rows with State/Cluster = aPT (source order)
Lake2023_aPT_scCv3	HSPA5	377	Lake et al. 2023 Nature 619:585 doi:10.1038/s41586-023-05769-3	Supplementary Table 13, scCv3 'Full Conserved Adaptive State Gene Set (p val < 0.05 for Ref, AKI and CKD)', rows with State/Cluster = aPT (source order)
Lake2023_aPT_scCv3	PALLD	378	Lake et al. 2023 Nature 619:585 doi:10.1038/s41586-023-05769-3	Supplementary Table 13, scCv3 'Full Conserved Adaptive State Gene Set (p val < 0.05 for Ref, AKI and CKD)', rows with State/Cluster = aPT (source order)
Lake2023_aPT_scCv3	MAL2	379	Lake et al. 2023 Nature 619:585 doi:10.1038/s41586-023-05769-3	Supplementary Table 13, scCv3 'Full Conserved Adaptive State Gene Set (p val < 0.05 for Ref, AKI and CKD)', rows with State/Cluster = aPT (source order)
Lake2023_aPT_scCv3	ARF5	380	Lake et al. 2023 Nature 619:585 doi:10.1038/s41586-023-05769-3	Supplementary Table 13, scCv3 'Full Conserved Adaptive State Gene Set (p val < 0.05 for Ref, AKI and CKD)', rows with State/Cluster = aPT (source order)
Lake2023_aPT_scCv3	TMEM205	381	Lake et al. 2023 Nature 619:585 doi:10.1038/s41586-023-05769-3	Supplementary Table 13, scCv3 'Full Conserved Adaptive State Gene Set (p val < 0.05 for Ref, AKI and CKD)', rows with State/Cluster = aPT (source order)
Lake2023_aPT_scCv3	LRRFIP1	382	Lake et al. 2023 Nature 619:585 doi:10.1038/s41586-023-05769-3	Supplementary Table 13, scCv3 'Full Conserved Adaptive State Gene Set (p val < 0.05 for Ref, AKI and CKD)', rows with State/Cluster = aPT (source order)
Lake2023_aPT_scCv3	KDELR1	383	Lake et al. 2023 Nature 619:585 doi:10.1038/s41586-023-05769-3	Supplementary Table 13, scCv3 'Full Conserved Adaptive State Gene Set (p val < 0.05 for Ref, AKI and CKD)', rows with State/Cluster = aPT (source order)
Lake2023_aPT_scCv3	TSPAN4	384	Lake et al. 2023 Nature 619:585 doi:10.1038/s41586-023-05769-3	Supplementary Table 13, scCv3 'Full Conserved Adaptive State Gene Set (p val < 0.05 for Ref, AKI and CKD)', rows with State/Cluster = aPT (source order)
Lake2023_aPT_scCv3	BANF1	385	Lake et al. 2023 Nature 619:585 doi:10.1038/s41586-023-05769-3	Supplementary Table 13, scCv3 'Full Conserved Adaptive State Gene Set (p val < 0.05 for Ref, AKI and CKD)', rows with State/Cluster = aPT (source order)
Lake2023_aPT_scCv3	PHF3	386	Lake et al. 2023 Nature 619:585 doi:10.1038/s41586-023-05769-3	Supplementary Table 13, scCv3 'Full Conserved Adaptive State Gene Set (p val < 0.05 for Ref, AKI and CKD)', rows with State/Cluster = aPT (source order)
Lake2023_aPT_scCv3	LRP10	387	Lake et al. 2023 Nature 619:585 doi:10.1038/s41586-023-05769-3	Supplementary Table 13, scCv3 'Full Conserved Adaptive State Gene Set (p val < 0.05 for Ref, AKI and CKD)', rows with State/Cluster = aPT (source order)
Lake2023_aPT_scCv3	DDRGK1	388	Lake et al. 2023 Nature 619:585 doi:10.1038/s41586-023-05769-3	Supplementary Table 13, scCv3 'Full Conserved Adaptive State Gene Set (p val < 0.05 for Ref, AKI and CKD)', rows with State/Cluster = aPT (source order)
Lake2023_aPT_scCv3	RPL22L1	389	Lake et al. 2023 Nature 619:585 doi:10.1038/s41586-023-05769-3	Supplementary Table 13, scCv3 'Full Conserved Adaptive State Gene Set (p val < 0.05 for Ref, AKI and CKD)', rows with State/Cluster = aPT (source order)
Lake2023_aPT_scCv3	TFPI	390	Lake et al. 2023 Nature 619:585 doi:10.1038/s41586-023-05769-3	Supplementary Table 13, scCv3 'Full Conserved Adaptive State Gene Set (p val < 0.05 for Ref, AKI and CKD)', rows with State/Cluster = aPT (source order)
Lake2023_aPT_scCv3	PTPRF	391	Lake et al. 2023 Nature 619:585 doi:10.1038/s41586-023-05769-3	Supplementary Table 13, scCv3 'Full Conserved Adaptive State Gene Set (p val < 0.05 for Ref, AKI and CKD)', rows with State/Cluster = aPT (source order)
Lake2023_aPT_scCv3	CHD9	392	Lake et al. 2023 Nature 619:585 doi:10.1038/s41586-023-05769-3	Supplementary Table 13, scCv3 'Full Conserved Adaptive State Gene Set (p val < 0.05 for Ref, AKI and CKD)', rows with State/Cluster = aPT (source order)
Lake2023_aPT_scCv3	YWHAZ	393	Lake et al. 2023 Nature 619:585 doi:10.1038/s41586-023-05769-3	Supplementary Table 13, scCv3 'Full Conserved Adaptive State Gene Set (p val < 0.05 for Ref, AKI and CKD)', rows with State/Cluster = aPT (source order)
Lake2023_aPT_scCv3	RABAC1	394	Lake et al. 2023 Nature 619:585 doi:10.1038/s41586-023-05769-3	Supplementary Table 13, scCv3 'Full Conserved Adaptive State Gene Set (p val < 0.05 for Ref, AKI and CKD)', rows with State/Cluster = aPT (source order)
Lake2023_aPT_scCv3	BCL7C	395	Lake et al. 2023 Nature 619:585 doi:10.1038/s41586-023-05769-3	Supplementary Table 13, scCv3 'Full Conserved Adaptive State Gene Set (p val < 0.05 for Ref, AKI and CKD)', rows with State/Cluster = aPT (source order)
Lake2023_aPT_scCv3	ARL6IP5	396	Lake et al. 2023 Nature 619:585 doi:10.1038/s41586-023-05769-3	Supplementary Table 13, scCv3 'Full Conserved Adaptive State Gene Set (p val < 0.05 for Ref, AKI and CKD)', rows with State/Cluster = aPT (source order)
Lake2023_aPT_scCv3	BTF3	397	Lake et al. 2023 Nature 619:585 doi:10.1038/s41586-023-05769-3	Supplementary Table 13, scCv3 'Full Conserved Adaptive State Gene Set (p val < 0.05 for Ref, AKI and CKD)', rows with State/Cluster = aPT (source order)
Lake2023_aPT_scCv3	RNPS1	398	Lake et al. 2023 Nature 619:585 doi:10.1038/s41586-023-05769-3	Supplementary Table 13, scCv3 'Full Conserved Adaptive State Gene Set (p val < 0.05 for Ref, AKI and CKD)', rows with State/Cluster = aPT (source order)
Lake2023_aPT_scCv3	DSP	399	Lake et al. 2023 Nature 619:585 doi:10.1038/s41586-023-05769-3	Supplementary Table 13, scCv3 'Full Conserved Adaptive State Gene Set (p val < 0.05 for Ref, AKI and CKD)', rows with State/Cluster = aPT (source order)
Lake2023_aPT_scCv3	PLXNB1	400	Lake et al. 2023 Nature 619:585 doi:10.1038/s41586-023-05769-3	Supplementary Table 13, scCv3 'Full Conserved Adaptive State Gene Set (p val < 0.05 for Ref, AKI and CKD)', rows with State/Cluster = aPT (source order)
Lake2023_aPT_scCv3	ACTN4	401	Lake et al. 2023 Nature 619:585 doi:10.1038/s41586-023-05769-3	Supplementary Table 13, scCv3 'Full Conserved Adaptive State Gene Set (p val < 0.05 for Ref, AKI and CKD)', rows with State/Cluster = aPT (source order)
Lake2023_aPT_scCv3	SEC11A	402	Lake et al. 2023 Nature 619:585 doi:10.1038/s41586-023-05769-3	Supplementary Table 13, scCv3 'Full Conserved Adaptive State Gene Set (p val < 0.05 for Ref, AKI and CKD)', rows with State/Cluster = aPT (source order)
Lake2023_aPT_scCv3	TMBIM4	403	Lake et al. 2023 Nature 619:585 doi:10.1038/s41586-023-05769-3	Supplementary Table 13, scCv3 'Full Conserved Adaptive State Gene Set (p val < 0.05 for Ref, AKI and CKD)', rows with State/Cluster = aPT (source order)
Lake2023_aPT_scCv3	HSBP1	404	Lake et al. 2023 Nature 619:585 doi:10.1038/s41586-023-05769-3	Supplementary Table 13, scCv3 'Full Conserved Adaptive State Gene Set (p val < 0.05 for Ref, AKI and CKD)', rows with State/Cluster = aPT (source order)
Lake2023_aPT_scCv3	BCLAF1	405	Lake et al. 2023 Nature 619:585 doi:10.1038/s41586-023-05769-3	Supplementary Table 13, scCv3 'Full Conserved Adaptive State Gene Set (p val < 0.05 for Ref, AKI and CKD)', rows with State/Cluster = aPT (source order)
Lake2023_aPT_scCv3	CAST	406	Lake et al. 2023 Nature 619:585 doi:10.1038/s41586-023-05769-3	Supplementary Table 13, scCv3 'Full Conserved Adaptive State Gene Set (p val < 0.05 for Ref, AKI and CKD)', rows with State/Cluster = aPT (source order)
Lake2023_aPT_scCv3	ARPC2	407	Lake et al. 2023 Nature 619:585 doi:10.1038/s41586-023-05769-3	Supplementary Table 13, scCv3 'Full Conserved Adaptive State Gene Set (p val < 0.05 for Ref, AKI and CKD)', rows with State/Cluster = aPT (source order)
Lake2023_aPT_scCv3	REEP5	408	Lake et al. 2023 Nature 619:585 doi:10.1038/s41586-023-05769-3	Supplementary Table 13, scCv3 'Full Conserved Adaptive State Gene Set (p val < 0.05 for Ref, AKI and CKD)', rows with State/Cluster = aPT (source order)
Lake2023_aPT_scCv3	GTF2I	409	Lake et al. 2023 Nature 619:585 doi:10.1038/s41586-023-05769-3	Supplementary Table 13, scCv3 'Full Conserved Adaptive State Gene Set (p val < 0.05 for Ref, AKI and CKD)', rows with State/Cluster = aPT (source order)
Lake2023_aPT_scCv3	RAC1	410	Lake et al. 2023 Nature 619:585 doi:10.1038/s41586-023-05769-3	Supplementary Table 13, scCv3 'Full Conserved Adaptive State Gene Set (p val < 0.05 for Ref, AKI and CKD)', rows with State/Cluster = aPT (source order)
Lake2023_aPT_scCv3	CCDC198	411	Lake et al. 2023 Nature 619:585 doi:10.1038/s41586-023-05769-3	Supplementary Table 13, scCv3 'Full Conserved Adaptive State Gene Set (p val < 0.05 for Ref, AKI and CKD)', rows with State/Cluster = aPT (source order)
Lake2023_aPT_scCv3	LAMA5	412	Lake et al. 2023 Nature 619:585 doi:10.1038/s41586-023-05769-3	Supplementary Table 13, scCv3 'Full Conserved Adaptive State Gene Set (p val < 0.05 for Ref, AKI and CKD)', rows with State/Cluster = aPT (source order)
Lake2023_aPT_scCv3	PAX8	413	Lake et al. 2023 Nature 619:585 doi:10.1038/s41586-023-05769-3	Supplementary Table 13, scCv3 'Full Conserved Adaptive State Gene Set (p val < 0.05 for Ref, AKI and CKD)', rows with State/Cluster = aPT (source order)
Lake2023_aPT_scCv3	MGST3	414	Lake et al. 2023 Nature 619:585 doi:10.1038/s41586-023-05769-3	Supplementary Table 13, scCv3 'Full Conserved Adaptive State Gene Set (p val < 0.05 for Ref, AKI and CKD)', rows with State/Cluster = aPT (source order)
Lake2023_aPT_scCv3	BPTF	415	Lake et al. 2023 Nature 619:585 doi:10.1038/s41586-023-05769-3	Supplementary Table 13, scCv3 'Full Conserved Adaptive State Gene Set (p val < 0.05 for Ref, AKI and CKD)', rows with State/Cluster = aPT (source order)
Lake2023_aPT_scCv3	LAMB2	416	Lake et al. 2023 Nature 619:585 doi:10.1038/s41586-023-05769-3	Supplementary Table 13, scCv3 'Full Conserved Adaptive State Gene Set (p val < 0.05 for Ref, AKI and CKD)', rows with State/Cluster = aPT (source order)
Lake2023_aPT_scCv3	CNIH4	417	Lake et al. 2023 Nature 619:585 doi:10.1038/s41586-023-05769-3	Supplementary Table 13, scCv3 'Full Conserved Adaptive State Gene Set (p val < 0.05 for Ref, AKI and CKD)', rows with State/Cluster = aPT (source order)
Lake2023_aPT_scCv3	SCAF11	418	Lake et al. 2023 Nature 619:585 doi:10.1038/s41586-023-05769-3	Supplementary Table 13, scCv3 'Full Conserved Adaptive State Gene Set (p val < 0.05 for Ref, AKI and CKD)', rows with State/Cluster = aPT (source order)
Lake2023_aPT_scCv3	RHOA	419	Lake et al. 2023 Nature 619:585 doi:10.1038/s41586-023-05769-3	Supplementary Table 13, scCv3 'Full Conserved Adaptive State Gene Set (p val < 0.05 for Ref, AKI and CKD)', rows with State/Cluster = aPT (source order)
Lake2023_aPT_scCv3	MRPL33	420	Lake et al. 2023 Nature 619:585 doi:10.1038/s41586-023-05769-3	Supplementary Table 13, scCv3 'Full Conserved Adaptive State Gene Set (p val < 0.05 for Ref, AKI and CKD)', rows with State/Cluster = aPT (source order)
Lake2023_aPT_scCv3	TNFRSF1A	421	Lake et al. 2023 Nature 619:585 doi:10.1038/s41586-023-05769-3	Supplementary Table 13, scCv3 'Full Conserved Adaptive State Gene Set (p val < 0.05 for Ref, AKI and CKD)', rows with State/Cluster = aPT (source order)
Lake2023_aPT_scCv3	ADIRF	422	Lake et al. 2023 Nature 619:585 doi:10.1038/s41586-023-05769-3	Supplementary Table 13, scCv3 'Full Conserved Adaptive State Gene Set (p val < 0.05 for Ref, AKI and CKD)', rows with State/Cluster = aPT (source order)
Lake2023_aPT_scCv3	PCM1	423	Lake et al. 2023 Nature 619:585 doi:10.1038/s41586-023-05769-3	Supplementary Table 13, scCv3 'Full Conserved Adaptive State Gene Set (p val < 0.05 for Ref, AKI and CKD)', rows with State/Cluster = aPT (source order)
Lake2023_aPT_scCv3	PDIA3	424	Lake et al. 2023 Nature 619:585 doi:10.1038/s41586-023-05769-3	Supplementary Table 13, scCv3 'Full Conserved Adaptive State Gene Set (p val < 0.05 for Ref, AKI and CKD)', rows with State/Cluster = aPT (source order)
Lake2023_aPT_scCv3	MAGED2	425	Lake et al. 2023 Nature 619:585 doi:10.1038/s41586-023-05769-3	Supplementary Table 13, scCv3 'Full Conserved Adaptive State Gene Set (p val < 0.05 for Ref, AKI and CKD)', rows with State/Cluster = aPT (source order)
Lake2023_aPT_scCv3	LSM2	426	Lake et al. 2023 Nature 619:585 doi:10.1038/s41586-023-05769-3	Supplementary Table 13, scCv3 'Full Conserved Adaptive State Gene Set (p val < 0.05 for Ref, AKI and CKD)', rows with State/Cluster = aPT (source order)
Lake2023_aPT_scCv3	CCDC107	427	Lake et al. 2023 Nature 619:585 doi:10.1038/s41586-023-05769-3	Supplementary Table 13, scCv3 'Full Conserved Adaptive State Gene Set (p val < 0.05 for Ref, AKI and CKD)', rows with State/Cluster = aPT (source order)
Lake2023_aPT_scCv3	DCTN2	428	Lake et al. 2023 Nature 619:585 doi:10.1038/s41586-023-05769-3	Supplementary Table 13, scCv3 'Full Conserved Adaptive State Gene Set (p val < 0.05 for Ref, AKI and CKD)', rows with State/Cluster = aPT (source order)
Lake2023_aPT_scCv3	PRKCSH	429	Lake et al. 2023 Nature 619:585 doi:10.1038/s41586-023-05769-3	Supplementary Table 13, scCv3 'Full Conserved Adaptive State Gene Set (p val < 0.05 for Ref, AKI and CKD)', rows with State/Cluster = aPT (source order)
Lake2023_aPT_scCv3	GPRC5C	430	Lake et al. 2023 Nature 619:585 doi:10.1038/s41586-023-05769-3	Supplementary Table 13, scCv3 'Full Conserved Adaptive State Gene Set (p val < 0.05 for Ref, AKI and CKD)', rows with State/Cluster = aPT (source order)
Lake2023_aPT_scCv3	ANKRD12	431	Lake et al. 2023 Nature 619:585 doi:10.1038/s41586-023-05769-3	Supplementary Table 13, scCv3 'Full Conserved Adaptive State Gene Set (p val < 0.05 for Ref, AKI and CKD)', rows with State/Cluster = aPT (source order)
Lake2023_aPT_scCv3	OCIAD2	432	Lake et al. 2023 Nature 619:585 doi:10.1038/s41586-023-05769-3	Supplementary Table 13, scCv3 'Full Conserved Adaptive State Gene Set (p val < 0.05 for Ref, AKI and CKD)', rows with State/Cluster = aPT (source order)
Lake2023_aPT_scCv3	BSG	433	Lake et al. 2023 Nature 619:585 doi:10.1038/s41586-023-05769-3	Supplementary Table 13, scCv3 'Full Conserved Adaptive State Gene Set (p val < 0.05 for Ref, AKI and CKD)', rows with State/Cluster = aPT (source order)
Lake2023_aPT_scCv3	CST3	434	Lake et al. 2023 Nature 619:585 doi:10.1038/s41586-023-05769-3	Supplementary Table 13, scCv3 'Full Conserved Adaptive State Gene Set (p val < 0.05 for Ref, AKI and CKD)', rows with State/Cluster = aPT (source order)
Lake2023_aPT_scCv3	CD46	435	Lake et al. 2023 Nature 619:585 doi:10.1038/s41586-023-05769-3	Supplementary Table 13, scCv3 'Full Conserved Adaptive State Gene Set (p val < 0.05 for Ref, AKI and CKD)', rows with State/Cluster = aPT (source order)
Lake2023_aPT_scCv3	TLN1	436	Lake et al. 2023 Nature 619:585 doi:10.1038/s41586-023-05769-3	Supplementary Table 13, scCv3 'Full Conserved Adaptive State Gene Set (p val < 0.05 for Ref, AKI and CKD)', rows with State/Cluster = aPT (source order)
Lake2023_aPT_scCv3	EEF1B2	437	Lake et al. 2023 Nature 619:585 doi:10.1038/s41586-023-05769-3	Supplementary Table 13, scCv3 'Full Conserved Adaptive State Gene Set (p val < 0.05 for Ref, AKI and CKD)', rows with State/Cluster = aPT (source order)
Lake2023_aPT_scCv3	VPS25	438	Lake et al. 2023 Nature 619:585 doi:10.1038/s41586-023-05769-3	Supplementary Table 13, scCv3 'Full Conserved Adaptive State Gene Set (p val < 0.05 for Ref, AKI and CKD)', rows with State/Cluster = aPT (source order)
Lake2023_aPT_scCv3	TSPAN3	439	Lake et al. 2023 Nature 619:585 doi:10.1038/s41586-023-05769-3	Supplementary Table 13, scCv3 'Full Conserved Adaptive State Gene Set (p val < 0.05 for Ref, AKI and CKD)', rows with State/Cluster = aPT (source order)
Lake2023_aPT_scCv3	ATRAID	440	Lake et al. 2023 Nature 619:585 doi:10.1038/s41586-023-05769-3	Supplementary Table 13, scCv3 'Full Conserved Adaptive State Gene Set (p val < 0.05 for Ref, AKI and CKD)', rows with State/Cluster = aPT (source order)
Lake2023_aPT_scCv3	ENO1	441	Lake et al. 2023 Nature 619:585 doi:10.1038/s41586-023-05769-3	Supplementary Table 13, scCv3 'Full Conserved Adaptive State Gene Set (p val < 0.05 for Ref, AKI and CKD)', rows with State/Cluster = aPT (source order)
Lake2023_aPT_scCv3	DYNC2LI1	442	Lake et al. 2023 Nature 619:585 doi:10.1038/s41586-023-05769-3	Supplementary Table 13, scCv3 'Full Conserved Adaptive State Gene Set (p val < 0.05 for Ref, AKI and CKD)', rows with State/Cluster = aPT (source order)
Lake2023_aPT_scCv3	PLXNB2	443	Lake et al. 2023 Nature 619:585 doi:10.1038/s41586-023-05769-3	Supplementary Table 13, scCv3 'Full Conserved Adaptive State Gene Set (p val < 0.05 for Ref, AKI and CKD)', rows with State/Cluster = aPT (source order)
Lake2023_aPT_scCv3	ARPC3	444	Lake et al. 2023 Nature 619:585 doi:10.1038/s41586-023-05769-3	Supplementary Table 13, scCv3 'Full Conserved Adaptive State Gene Set (p val < 0.05 for Ref, AKI and CKD)', rows with State/Cluster = aPT (source order)
Lake2023_aPT_clinical	ABCB1	1	Lake et al. 2023 Nature 619:585 doi:10.1038/s41586-023-05769-3	Supplementary Table 29 'Altered State Gene Sets', column 'aPT' (expanded gene sets used for clinical outcome analysis)
Lake2023_aPT_clinical	AKAP12	2	Lake et al. 2023 Nature 619:585 doi:10.1038/s41586-023-05769-3	Supplementary Table 29 'Altered State Gene Sets', column 'aPT' (expanded gene sets used for clinical outcome analysis)
Lake2023_aPT_clinical	ANXA4	3	Lake et al. 2023 Nature 619:585 doi:10.1038/s41586-023-05769-3	Supplementary Table 29 'Altered State Gene Sets', column 'aPT' (expanded gene sets used for clinical outcome analysis)
Lake2023_aPT_clinical	BICC1	4	Lake et al. 2023 Nature 619:585 doi:10.1038/s41586-023-05769-3	Supplementary Table 29 'Altered State Gene Sets', column 'aPT' (expanded gene sets used for clinical outcome analysis)
Lake2023_aPT_clinical	CDH6	5	Lake et al. 2023 Nature 619:585 doi:10.1038/s41586-023-05769-3	Supplementary Table 29 'Altered State Gene Sets', column 'aPT' (expanded gene sets used for clinical outcome analysis)
Lake2023_aPT_clinical	COL4A1	6	Lake et al. 2023 Nature 619:585 doi:10.1038/s41586-023-05769-3	Supplementary Table 29 'Altered State Gene Sets', column 'aPT' (expanded gene sets used for clinical outcome analysis)
Lake2023_aPT_clinical	COL4A2	7	Lake et al. 2023 Nature 619:585 doi:10.1038/s41586-023-05769-3	Supplementary Table 29 'Altered State Gene Sets', column 'aPT' (expanded gene sets used for clinical outcome analysis)
Lake2023_aPT_clinical	CREB5	8	Lake et al. 2023 Nature 619:585 doi:10.1038/s41586-023-05769-3	Supplementary Table 29 'Altered State Gene Sets', column 'aPT' (expanded gene sets used for clinical outcome analysis)
Lake2023_aPT_clinical	CRIM1	9	Lake et al. 2023 Nature 619:585 doi:10.1038/s41586-023-05769-3	Supplementary Table 29 'Altered State Gene Sets', column 'aPT' (expanded gene sets used for clinical outcome analysis)
Lake2023_aPT_clinical	DCDC2	10	Lake et al. 2023 Nature 619:585 doi:10.1038/s41586-023-05769-3	Supplementary Table 29 'Altered State Gene Sets', column 'aPT' (expanded gene sets used for clinical outcome analysis)
Lake2023_aPT_clinical	FLNB	11	Lake et al. 2023 Nature 619:585 doi:10.1038/s41586-023-05769-3	Supplementary Table 29 'Altered State Gene Sets', column 'aPT' (expanded gene sets used for clinical outcome analysis)
Lake2023_aPT_clinical	GPC4	12	Lake et al. 2023 Nature 619:585 doi:10.1038/s41586-023-05769-3	Supplementary Table 29 'Altered State Gene Sets', column 'aPT' (expanded gene sets used for clinical outcome analysis)
Lake2023_aPT_clinical	ITGAV	13	Lake et al. 2023 Nature 619:585 doi:10.1038/s41586-023-05769-3	Supplementary Table 29 'Altered State Gene Sets', column 'aPT' (expanded gene sets used for clinical outcome analysis)
Lake2023_aPT_clinical	JADE1	14	Lake et al. 2023 Nature 619:585 doi:10.1038/s41586-023-05769-3	Supplementary Table 29 'Altered State Gene Sets', column 'aPT' (expanded gene sets used for clinical outcome analysis)
Lake2023_aPT_clinical	LINC01320	15	Lake et al. 2023 Nature 619:585 doi:10.1038/s41586-023-05769-3	Supplementary Table 29 'Altered State Gene Sets', column 'aPT' (expanded gene sets used for clinical outcome analysis)
Lake2023_aPT_clinical	MACC1	16	Lake et al. 2023 Nature 619:585 doi:10.1038/s41586-023-05769-3	Supplementary Table 29 'Altered State Gene Sets', column 'aPT' (expanded gene sets used for clinical outcome analysis)
Lake2023_aPT_clinical	MACF1	17	Lake et al. 2023 Nature 619:585 doi:10.1038/s41586-023-05769-3	Supplementary Table 29 'Altered State Gene Sets', column 'aPT' (expanded gene sets used for clinical outcome analysis)
Lake2023_aPT_clinical	NRP1	18	Lake et al. 2023 Nature 619:585 doi:10.1038/s41586-023-05769-3	Supplementary Table 29 'Altered State Gene Sets', column 'aPT' (expanded gene sets used for clinical outcome analysis)
Lake2023_aPT_clinical	NTN4	19	Lake et al. 2023 Nature 619:585 doi:10.1038/s41586-023-05769-3	Supplementary Table 29 'Altered State Gene Sets', column 'aPT' (expanded gene sets used for clinical outcome analysis)
Lake2023_aPT_clinical	OXR1	20	Lake et al. 2023 Nature 619:585 doi:10.1038/s41586-023-05769-3	Supplementary Table 29 'Altered State Gene Sets', column 'aPT' (expanded gene sets used for clinical outcome analysis)
Lake2023_aPT_clinical	PAPLN	21	Lake et al. 2023 Nature 619:585 doi:10.1038/s41586-023-05769-3	Supplementary Table 29 'Altered State Gene Sets', column 'aPT' (expanded gene sets used for clinical outcome analysis)
Lake2023_aPT_clinical	PPFIBP1	22	Lake et al. 2023 Nature 619:585 doi:10.1038/s41586-023-05769-3	Supplementary Table 29 'Altered State Gene Sets', column 'aPT' (expanded gene sets used for clinical outcome analysis)
Lake2023_aPT_clinical	RETREG1	23	Lake et al. 2023 Nature 619:585 doi:10.1038/s41586-023-05769-3	Supplementary Table 29 'Altered State Gene Sets', column 'aPT' (expanded gene sets used for clinical outcome analysis)
Lake2023_aPT_clinical	TJP1	24	Lake et al. 2023 Nature 619:585 doi:10.1038/s41586-023-05769-3	Supplementary Table 29 'Altered State Gene Sets', column 'aPT' (expanded gene sets used for clinical outcome analysis)
Lake2023_aPT_clinical	TNFSF10	25	Lake et al. 2023 Nature 619:585 doi:10.1038/s41586-023-05769-3	Supplementary Table 29 'Altered State Gene Sets', column 'aPT' (expanded gene sets used for clinical outcome analysis)
Lake2023_aPT_clinical	VCAM1	26	Lake et al. 2023 Nature 619:585 doi:10.1038/s41586-023-05769-3	Supplementary Table 29 'Altered State Gene Sets', column 'aPT' (expanded gene sets used for clinical outcome analysis)
Lake2023_degenerative_clinical	ACTB	1	Lake et al. 2023 Nature 619:585 doi:10.1038/s41586-023-05769-3	Supplementary Table 29 'Altered State Gene Sets', column 'Degerenative' (expanded gene sets used for clinical outcome analysis)
Lake2023_degenerative_clinical	ACTG1	2	Lake et al. 2023 Nature 619:585 doi:10.1038/s41586-023-05769-3	Supplementary Table 29 'Altered State Gene Sets', column 'Degerenative' (expanded gene sets used for clinical outcome analysis)
Lake2023_degenerative_clinical	ADI1	3	Lake et al. 2023 Nature 619:585 doi:10.1038/s41586-023-05769-3	Supplementary Table 29 'Altered State Gene Sets', column 'Degerenative' (expanded gene sets used for clinical outcome analysis)
Lake2023_degenerative_clinical	AOC1	4	Lake et al. 2023 Nature 619:585 doi:10.1038/s41586-023-05769-3	Supplementary Table 29 'Altered State Gene Sets', column 'Degerenative' (expanded gene sets used for clinical outcome analysis)
Lake2023_degenerative_clinical	APOE	5	Lake et al. 2023 Nature 619:585 doi:10.1038/s41586-023-05769-3	Supplementary Table 29 'Altered State Gene Sets', column 'Degerenative' (expanded gene sets used for clinical outcome analysis)
Lake2023_degenerative_clinical	APP	6	Lake et al. 2023 Nature 619:585 doi:10.1038/s41586-023-05769-3	Supplementary Table 29 'Altered State Gene Sets', column 'Degerenative' (expanded gene sets used for clinical outcome analysis)
Lake2023_degenerative_clinical	AQP2	7	Lake et al. 2023 Nature 619:585 doi:10.1038/s41586-023-05769-3	Supplementary Table 29 'Altered State Gene Sets', column 'Degerenative' (expanded gene sets used for clinical outcome analysis)
Lake2023_degenerative_clinical	AQP3	8	Lake et al. 2023 Nature 619:585 doi:10.1038/s41586-023-05769-3	Supplementary Table 29 'Altered State Gene Sets', column 'Degerenative' (expanded gene sets used for clinical outcome analysis)
Lake2023_degenerative_clinical	ARL6IP4	9	Lake et al. 2023 Nature 619:585 doi:10.1038/s41586-023-05769-3	Supplementary Table 29 'Altered State Gene Sets', column 'Degerenative' (expanded gene sets used for clinical outcome analysis)
Lake2023_degenerative_clinical	ASAH1	10	Lake et al. 2023 Nature 619:585 doi:10.1038/s41586-023-05769-3	Supplementary Table 29 'Altered State Gene Sets', column 'Degerenative' (expanded gene sets used for clinical outcome analysis)
Lake2023_degenerative_clinical	ATP1B1	11	Lake et al. 2023 Nature 619:585 doi:10.1038/s41586-023-05769-3	Supplementary Table 29 'Altered State Gene Sets', column 'Degerenative' (expanded gene sets used for clinical outcome analysis)
Lake2023_degenerative_clinical	ATP5F1A	12	Lake et al. 2023 Nature 619:585 doi:10.1038/s41586-023-05769-3	Supplementary Table 29 'Altered State Gene Sets', column 'Degerenative' (expanded gene sets used for clinical outcome analysis)
Lake2023_degenerative_clinical	ATP5F1B	13	Lake et al. 2023 Nature 619:585 doi:10.1038/s41586-023-05769-3	Supplementary Table 29 'Altered State Gene Sets', column 'Degerenative' (expanded gene sets used for clinical outcome analysis)
Lake2023_degenerative_clinical	ATP5F1D	14	Lake et al. 2023 Nature 619:585 doi:10.1038/s41586-023-05769-3	Supplementary Table 29 'Altered State Gene Sets', column 'Degerenative' (expanded gene sets used for clinical outcome analysis)
Lake2023_degenerative_clinical	ATP5F1E	15	Lake et al. 2023 Nature 619:585 doi:10.1038/s41586-023-05769-3	Supplementary Table 29 'Altered State Gene Sets', column 'Degerenative' (expanded gene sets used for clinical outcome analysis)
Lake2023_degenerative_clinical	ATP5IF1	16	Lake et al. 2023 Nature 619:585 doi:10.1038/s41586-023-05769-3	Supplementary Table 29 'Altered State Gene Sets', column 'Degerenative' (expanded gene sets used for clinical outcome analysis)
Lake2023_degenerative_clinical	ATP5MC2	17	Lake et al. 2023 Nature 619:585 doi:10.1038/s41586-023-05769-3	Supplementary Table 29 'Altered State Gene Sets', column 'Degerenative' (expanded gene sets used for clinical outcome analysis)
Lake2023_degenerative_clinical	ATP5MC3	18	Lake et al. 2023 Nature 619:585 doi:10.1038/s41586-023-05769-3	Supplementary Table 29 'Altered State Gene Sets', column 'Degerenative' (expanded gene sets used for clinical outcome analysis)
Lake2023_degenerative_clinical	ATP5MG	19	Lake et al. 2023 Nature 619:585 doi:10.1038/s41586-023-05769-3	Supplementary Table 29 'Altered State Gene Sets', column 'Degerenative' (expanded gene sets used for clinical outcome analysis)
Lake2023_degenerative_clinical	ATP5MPL	20	Lake et al. 2023 Nature 619:585 doi:10.1038/s41586-023-05769-3	Supplementary Table 29 'Altered State Gene Sets', column 'Degerenative' (expanded gene sets used for clinical outcome analysis)
Lake2023_degenerative_clinical	ATP5PF	21	Lake et al. 2023 Nature 619:585 doi:10.1038/s41586-023-05769-3	Supplementary Table 29 'Altered State Gene Sets', column 'Degerenative' (expanded gene sets used for clinical outcome analysis)
Lake2023_degenerative_clinical	ATP6AP1	22	Lake et al. 2023 Nature 619:585 doi:10.1038/s41586-023-05769-3	Supplementary Table 29 'Altered State Gene Sets', column 'Degerenative' (expanded gene sets used for clinical outcome analysis)
Lake2023_degenerative_clinical	ATP6V0B	23	Lake et al. 2023 Nature 619:585 doi:10.1038/s41586-023-05769-3	Supplementary Table 29 'Altered State Gene Sets', column 'Degerenative' (expanded gene sets used for clinical outcome analysis)
Lake2023_degenerative_clinical	ATP6V0E1	24	Lake et al. 2023 Nature 619:585 doi:10.1038/s41586-023-05769-3	Supplementary Table 29 'Altered State Gene Sets', column 'Degerenative' (expanded gene sets used for clinical outcome analysis)
Lake2023_degenerative_clinical	ATP6V1F	25	Lake et al. 2023 Nature 619:585 doi:10.1038/s41586-023-05769-3	Supplementary Table 29 'Altered State Gene Sets', column 'Degerenative' (expanded gene sets used for clinical outcome analysis)
Lake2023_degenerative_clinical	ATP6V1G1	26	Lake et al. 2023 Nature 619:585 doi:10.1038/s41586-023-05769-3	Supplementary Table 29 'Altered State Gene Sets', column 'Degerenative' (expanded gene sets used for clinical outcome analysis)
Lake2023_degenerative_clinical	AURKAIP1	27	Lake et al. 2023 Nature 619:585 doi:10.1038/s41586-023-05769-3	Supplementary Table 29 'Altered State Gene Sets', column 'Degerenative' (expanded gene sets used for clinical outcome analysis)
Lake2023_degenerative_clinical	B2M	28	Lake et al. 2023 Nature 619:585 doi:10.1038/s41586-023-05769-3	Supplementary Table 29 'Altered State Gene Sets', column 'Degerenative' (expanded gene sets used for clinical outcome analysis)
Lake2023_degenerative_clinical	BCAM	29	Lake et al. 2023 Nature 619:585 doi:10.1038/s41586-023-05769-3	Supplementary Table 29 'Altered State Gene Sets', column 'Degerenative' (expanded gene sets used for clinical outcome analysis)
Lake2023_degenerative_clinical	BEX3	30	Lake et al. 2023 Nature 619:585 doi:10.1038/s41586-023-05769-3	Supplementary Table 29 'Altered State Gene Sets', column 'Degerenative' (expanded gene sets used for clinical outcome analysis)
Lake2023_degenerative_clinical	BSG	31	Lake et al. 2023 Nature 619:585 doi:10.1038/s41586-023-05769-3	Supplementary Table 29 'Altered State Gene Sets', column 'Degerenative' (expanded gene sets used for clinical outcome analysis)
Lake2023_degenerative_clinical	C4orf3	32	Lake et al. 2023 Nature 619:585 doi:10.1038/s41586-023-05769-3	Supplementary Table 29 'Altered State Gene Sets', column 'Degerenative' (expanded gene sets used for clinical outcome analysis)
Lake2023_degenerative_clinical	CA2	33	Lake et al. 2023 Nature 619:585 doi:10.1038/s41586-023-05769-3	Supplementary Table 29 'Altered State Gene Sets', column 'Degerenative' (expanded gene sets used for clinical outcome analysis)
Lake2023_degenerative_clinical	CALM1	34	Lake et al. 2023 Nature 619:585 doi:10.1038/s41586-023-05769-3	Supplementary Table 29 'Altered State Gene Sets', column 'Degerenative' (expanded gene sets used for clinical outcome analysis)
Lake2023_degenerative_clinical	CAPNS1	35	Lake et al. 2023 Nature 619:585 doi:10.1038/s41586-023-05769-3	Supplementary Table 29 'Altered State Gene Sets', column 'Degerenative' (expanded gene sets used for clinical outcome analysis)
Lake2023_degenerative_clinical	CAPS	36	Lake et al. 2023 Nature 619:585 doi:10.1038/s41586-023-05769-3	Supplementary Table 29 'Altered State Gene Sets', column 'Degerenative' (expanded gene sets used for clinical outcome analysis)
Lake2023_degenerative_clinical	CD24	37	Lake et al. 2023 Nature 619:585 doi:10.1038/s41586-023-05769-3	Supplementary Table 29 'Altered State Gene Sets', column 'Degerenative' (expanded gene sets used for clinical outcome analysis)
Lake2023_degenerative_clinical	CD63	38	Lake et al. 2023 Nature 619:585 doi:10.1038/s41586-023-05769-3	Supplementary Table 29 'Altered State Gene Sets', column 'Degerenative' (expanded gene sets used for clinical outcome analysis)
Lake2023_degenerative_clinical	CD81	39	Lake et al. 2023 Nature 619:585 doi:10.1038/s41586-023-05769-3	Supplementary Table 29 'Altered State Gene Sets', column 'Degerenative' (expanded gene sets used for clinical outcome analysis)
Lake2023_degenerative_clinical	CD9	40	Lake et al. 2023 Nature 619:585 doi:10.1038/s41586-023-05769-3	Supplementary Table 29 'Altered State Gene Sets', column 'Degerenative' (expanded gene sets used for clinical outcome analysis)
Lake2023_degenerative_clinical	CDH16	41	Lake et al. 2023 Nature 619:585 doi:10.1038/s41586-023-05769-3	Supplementary Table 29 'Altered State Gene Sets', column 'Degerenative' (expanded gene sets used for clinical outcome analysis)
Lake2023_degenerative_clinical	CFL1	42	Lake et al. 2023 Nature 619:585 doi:10.1038/s41586-023-05769-3	Supplementary Table 29 'Altered State Gene Sets', column 'Degerenative' (expanded gene sets used for clinical outcome analysis)
Lake2023_degenerative_clinical	CHCHD10	43	Lake et al. 2023 Nature 619:585 doi:10.1038/s41586-023-05769-3	Supplementary Table 29 'Altered State Gene Sets', column 'Degerenative' (expanded gene sets used for clinical outcome analysis)
Lake2023_degenerative_clinical	CHCHD2	44	Lake et al. 2023 Nature 619:585 doi:10.1038/s41586-023-05769-3	Supplementary Table 29 'Altered State Gene Sets', column 'Degerenative' (expanded gene sets used for clinical outcome analysis)
Lake2023_degenerative_clinical	CKB	45	Lake et al. 2023 Nature 619:585 doi:10.1038/s41586-023-05769-3	Supplementary Table 29 'Altered State Gene Sets', column 'Degerenative' (expanded gene sets used for clinical outcome analysis)
Lake2023_degenerative_clinical	CLU	46	Lake et al. 2023 Nature 619:585 doi:10.1038/s41586-023-05769-3	Supplementary Table 29 'Altered State Gene Sets', column 'Degerenative' (expanded gene sets used for clinical outcome analysis)
Lake2023_degenerative_clinical	COA3	47	Lake et al. 2023 Nature 619:585 doi:10.1038/s41586-023-05769-3	Supplementary Table 29 'Altered State Gene Sets', column 'Degerenative' (expanded gene sets used for clinical outcome analysis)
Lake2023_degenerative_clinical	COMMD6	48	Lake et al. 2023 Nature 619:585 doi:10.1038/s41586-023-05769-3	Supplementary Table 29 'Altered State Gene Sets', column 'Degerenative' (expanded gene sets used for clinical outcome analysis)
Lake2023_degenerative_clinical	COX4I1	49	Lake et al. 2023 Nature 619:585 doi:10.1038/s41586-023-05769-3	Supplementary Table 29 'Altered State Gene Sets', column 'Degerenative' (expanded gene sets used for clinical outcome analysis)
Lake2023_degenerative_clinical	COX5A	50	Lake et al. 2023 Nature 619:585 doi:10.1038/s41586-023-05769-3	Supplementary Table 29 'Altered State Gene Sets', column 'Degerenative' (expanded gene sets used for clinical outcome analysis)
Lake2023_degenerative_clinical	COX5B	51	Lake et al. 2023 Nature 619:585 doi:10.1038/s41586-023-05769-3	Supplementary Table 29 'Altered State Gene Sets', column 'Degerenative' (expanded gene sets used for clinical outcome analysis)
Lake2023_degenerative_clinical	COX6B1	52	Lake et al. 2023 Nature 619:585 doi:10.1038/s41586-023-05769-3	Supplementary Table 29 'Altered State Gene Sets', column 'Degerenative' (expanded gene sets used for clinical outcome analysis)
Lake2023_degenerative_clinical	COX6C	53	Lake et al. 2023 Nature 619:585 doi:10.1038/s41586-023-05769-3	Supplementary Table 29 'Altered State Gene Sets', column 'Degerenative' (expanded gene sets used for clinical outcome analysis)
Lake2023_degenerative_clinical	COX7A2	54	Lake et al. 2023 Nature 619:585 doi:10.1038/s41586-023-05769-3	Supplementary Table 29 'Altered State Gene Sets', column 'Degerenative' (expanded gene sets used for clinical outcome analysis)
Lake2023_degenerative_clinical	COX7B	55	Lake et al. 2023 Nature 619:585 doi:10.1038/s41586-023-05769-3	Supplementary Table 29 'Altered State Gene Sets', column 'Degerenative' (expanded gene sets used for clinical outcome analysis)
Lake2023_degenerative_clinical	COX7C	56	Lake et al. 2023 Nature 619:585 doi:10.1038/s41586-023-05769-3	Supplementary Table 29 'Altered State Gene Sets', column 'Degerenative' (expanded gene sets used for clinical outcome analysis)
Lake2023_degenerative_clinical	CST3	57	Lake et al. 2023 Nature 619:585 doi:10.1038/s41586-023-05769-3	Supplementary Table 29 'Altered State Gene Sets', column 'Degerenative' (expanded gene sets used for clinical outcome analysis)
Lake2023_degenerative_clinical	CSTB	58	Lake et al. 2023 Nature 619:585 doi:10.1038/s41586-023-05769-3	Supplementary Table 29 'Altered State Gene Sets', column 'Degerenative' (expanded gene sets used for clinical outcome analysis)
Lake2023_degenerative_clinical	CTSH	59	Lake et al. 2023 Nature 619:585 doi:10.1038/s41586-023-05769-3	Supplementary Table 29 'Altered State Gene Sets', column 'Degerenative' (expanded gene sets used for clinical outcome analysis)
Lake2023_degenerative_clinical	CYB5A	60	Lake et al. 2023 Nature 619:585 doi:10.1038/s41586-023-05769-3	Supplementary Table 29 'Altered State Gene Sets', column 'Degerenative' (expanded gene sets used for clinical outcome analysis)
Lake2023_degenerative_clinical	CYCS	61	Lake et al. 2023 Nature 619:585 doi:10.1038/s41586-023-05769-3	Supplementary Table 29 'Altered State Gene Sets', column 'Degerenative' (expanded gene sets used for clinical outcome analysis)
Lake2023_degenerative_clinical	DAD1	62	Lake et al. 2023 Nature 619:585 doi:10.1038/s41586-023-05769-3	Supplementary Table 29 'Altered State Gene Sets', column 'Degerenative' (expanded gene sets used for clinical outcome analysis)
Lake2023_degenerative_clinical	DEFB1	63	Lake et al. 2023 Nature 619:585 doi:10.1038/s41586-023-05769-3	Supplementary Table 29 'Altered State Gene Sets', column 'Degerenative' (expanded gene sets used for clinical outcome analysis)
Lake2023_degenerative_clinical	DHRS7	64	Lake et al. 2023 Nature 619:585 doi:10.1038/s41586-023-05769-3	Supplementary Table 29 'Altered State Gene Sets', column 'Degerenative' (expanded gene sets used for clinical outcome analysis)
Lake2023_degenerative_clinical	DSTN	65	Lake et al. 2023 Nature 619:585 doi:10.1038/s41586-023-05769-3	Supplementary Table 29 'Altered State Gene Sets', column 'Degerenative' (expanded gene sets used for clinical outcome analysis)
Lake2023_degenerative_clinical	DYNLL1	66	Lake et al. 2023 Nature 619:585 doi:10.1038/s41586-023-05769-3	Supplementary Table 29 'Altered State Gene Sets', column 'Degerenative' (expanded gene sets used for clinical outcome analysis)
Lake2023_degenerative_clinical	DYNLRB1	67	Lake et al. 2023 Nature 619:585 doi:10.1038/s41586-023-05769-3	Supplementary Table 29 'Altered State Gene Sets', column 'Degerenative' (expanded gene sets used for clinical outcome analysis)
Lake2023_degenerative_clinical	EEF1A1	68	Lake et al. 2023 Nature 619:585 doi:10.1038/s41586-023-05769-3	Supplementary Table 29 'Altered State Gene Sets', column 'Degerenative' (expanded gene sets used for clinical outcome analysis)
Lake2023_degenerative_clinical	EEF1D	69	Lake et al. 2023 Nature 619:585 doi:10.1038/s41586-023-05769-3	Supplementary Table 29 'Altered State Gene Sets', column 'Degerenative' (expanded gene sets used for clinical outcome analysis)
Lake2023_degenerative_clinical	EIF1	70	Lake et al. 2023 Nature 619:585 doi:10.1038/s41586-023-05769-3	Supplementary Table 29 'Altered State Gene Sets', column 'Degerenative' (expanded gene sets used for clinical outcome analysis)
Lake2023_degenerative_clinical	ELOB	71	Lake et al. 2023 Nature 619:585 doi:10.1038/s41586-023-05769-3	Supplementary Table 29 'Altered State Gene Sets', column 'Degerenative' (expanded gene sets used for clinical outcome analysis)
Lake2023_degenerative_clinical	ENO1	72	Lake et al. 2023 Nature 619:585 doi:10.1038/s41586-023-05769-3	Supplementary Table 29 'Altered State Gene Sets', column 'Degerenative' (expanded gene sets used for clinical outcome analysis)
Lake2023_degenerative_clinical	EPCAM	73	Lake et al. 2023 Nature 619:585 doi:10.1038/s41586-023-05769-3	Supplementary Table 29 'Altered State Gene Sets', column 'Degerenative' (expanded gene sets used for clinical outcome analysis)
Lake2023_degenerative_clinical	ERP29	74	Lake et al. 2023 Nature 619:585 doi:10.1038/s41586-023-05769-3	Supplementary Table 29 'Altered State Gene Sets', column 'Degerenative' (expanded gene sets used for clinical outcome analysis)
Lake2023_degenerative_clinical	FAU	75	Lake et al. 2023 Nature 619:585 doi:10.1038/s41586-023-05769-3	Supplementary Table 29 'Altered State Gene Sets', column 'Degerenative' (expanded gene sets used for clinical outcome analysis)
Lake2023_degenerative_clinical	FGL2	76	Lake et al. 2023 Nature 619:585 doi:10.1038/s41586-023-05769-3	Supplementary Table 29 'Altered State Gene Sets', column 'Degerenative' (expanded gene sets used for clinical outcome analysis)
Lake2023_degenerative_clinical	FIS1	77	Lake et al. 2023 Nature 619:585 doi:10.1038/s41586-023-05769-3	Supplementary Table 29 'Altered State Gene Sets', column 'Degerenative' (expanded gene sets used for clinical outcome analysis)
Lake2023_degenerative_clinical	FOLR1	78	Lake et al. 2023 Nature 619:585 doi:10.1038/s41586-023-05769-3	Supplementary Table 29 'Altered State Gene Sets', column 'Degerenative' (expanded gene sets used for clinical outcome analysis)
Lake2023_degenerative_clinical	FTH1	79	Lake et al. 2023 Nature 619:585 doi:10.1038/s41586-023-05769-3	Supplementary Table 29 'Altered State Gene Sets', column 'Degerenative' (expanded gene sets used for clinical outcome analysis)
Lake2023_degenerative_clinical	FTL	80	Lake et al. 2023 Nature 619:585 doi:10.1038/s41586-023-05769-3	Supplementary Table 29 'Altered State Gene Sets', column 'Degerenative' (expanded gene sets used for clinical outcome analysis)
Lake2023_degenerative_clinical	FXYD4	81	Lake et al. 2023 Nature 619:585 doi:10.1038/s41586-023-05769-3	Supplementary Table 29 'Altered State Gene Sets', column 'Degerenative' (expanded gene sets used for clinical outcome analysis)
Lake2023_degenerative_clinical	GAPDH	82	Lake et al. 2023 Nature 619:585 doi:10.1038/s41586-023-05769-3	Supplementary Table 29 'Altered State Gene Sets', column 'Degerenative' (expanded gene sets used for clinical outcome analysis)
Lake2023_degenerative_clinical	GPX4	83	Lake et al. 2023 Nature 619:585 doi:10.1038/s41586-023-05769-3	Supplementary Table 29 'Altered State Gene Sets', column 'Degerenative' (expanded gene sets used for clinical outcome analysis)
Lake2023_degenerative_clinical	GRN	84	Lake et al. 2023 Nature 619:585 doi:10.1038/s41586-023-05769-3	Supplementary Table 29 'Altered State Gene Sets', column 'Degerenative' (expanded gene sets used for clinical outcome analysis)
Lake2023_degenerative_clinical	GSTM3	85	Lake et al. 2023 Nature 619:585 doi:10.1038/s41586-023-05769-3	Supplementary Table 29 'Altered State Gene Sets', column 'Degerenative' (expanded gene sets used for clinical outcome analysis)
Lake2023_degenerative_clinical	GSTP1	86	Lake et al. 2023 Nature 619:585 doi:10.1038/s41586-023-05769-3	Supplementary Table 29 'Altered State Gene Sets', column 'Degerenative' (expanded gene sets used for clinical outcome analysis)
Lake2023_degenerative_clinical	GUK1	87	Lake et al. 2023 Nature 619:585 doi:10.1038/s41586-023-05769-3	Supplementary Table 29 'Altered State Gene Sets', column 'Degerenative' (expanded gene sets used for clinical outcome analysis)
Lake2023_degenerative_clinical	H3F3B	88	Lake et al. 2023 Nature 619:585 doi:10.1038/s41586-023-05769-3	Supplementary Table 29 'Altered State Gene Sets', column 'Degerenative' (expanded gene sets used for clinical outcome analysis)
Lake2023_degenerative_clinical	HINT1	89	Lake et al. 2023 Nature 619:585 doi:10.1038/s41586-023-05769-3	Supplementary Table 29 'Altered State Gene Sets', column 'Degerenative' (expanded gene sets used for clinical outcome analysis)
Lake2023_degenerative_clinical	HLA-A	90	Lake et al. 2023 Nature 619:585 doi:10.1038/s41586-023-05769-3	Supplementary Table 29 'Altered State Gene Sets', column 'Degerenative' (expanded gene sets used for clinical outcome analysis)
Lake2023_degenerative_clinical	HLA-B	91	Lake et al. 2023 Nature 619:585 doi:10.1038/s41586-023-05769-3	Supplementary Table 29 'Altered State Gene Sets', column 'Degerenative' (expanded gene sets used for clinical outcome analysis)
Lake2023_degenerative_clinical	HLA-C	92	Lake et al. 2023 Nature 619:585 doi:10.1038/s41586-023-05769-3	Supplementary Table 29 'Altered State Gene Sets', column 'Degerenative' (expanded gene sets used for clinical outcome analysis)
Lake2023_degenerative_clinical	HMGN1	93	Lake et al. 2023 Nature 619:585 doi:10.1038/s41586-023-05769-3	Supplementary Table 29 'Altered State Gene Sets', column 'Degerenative' (expanded gene sets used for clinical outcome analysis)
Lake2023_degenerative_clinical	HMGN2	94	Lake et al. 2023 Nature 619:585 doi:10.1038/s41586-023-05769-3	Supplementary Table 29 'Altered State Gene Sets', column 'Degerenative' (expanded gene sets used for clinical outcome analysis)
Lake2023_degenerative_clinical	HNRNPA1	95	Lake et al. 2023 Nature 619:585 doi:10.1038/s41586-023-05769-3	Supplementary Table 29 'Altered State Gene Sets', column 'Degerenative' (expanded gene sets used for clinical outcome analysis)
Lake2023_degenerative_clinical	HSP90AB1	96	Lake et al. 2023 Nature 619:585 doi:10.1038/s41586-023-05769-3	Supplementary Table 29 'Altered State Gene Sets', column 'Degerenative' (expanded gene sets used for clinical outcome analysis)
Lake2023_degenerative_clinical	HSPA8	97	Lake et al. 2023 Nature 619:585 doi:10.1038/s41586-023-05769-3	Supplementary Table 29 'Altered State Gene Sets', column 'Degerenative' (expanded gene sets used for clinical outcome analysis)
Lake2023_degenerative_clinical	HSPB1	98	Lake et al. 2023 Nature 619:585 doi:10.1038/s41586-023-05769-3	Supplementary Table 29 'Altered State Gene Sets', column 'Degerenative' (expanded gene sets used for clinical outcome analysis)
Lake2023_degenerative_clinical	IGFBP2	99	Lake et al. 2023 Nature 619:585 doi:10.1038/s41586-023-05769-3	Supplementary Table 29 'Altered State Gene Sets', column 'Degerenative' (expanded gene sets used for clinical outcome analysis)
Lake2023_degenerative_clinical	IGFBP7	100	Lake et al. 2023 Nature 619:585 doi:10.1038/s41586-023-05769-3	Supplementary Table 29 'Altered State Gene Sets', column 'Degerenative' (expanded gene sets used for clinical outcome analysis)
Lake2023_degenerative_clinical	ISCU	101	Lake et al. 2023 Nature 619:585 doi:10.1038/s41586-023-05769-3	Supplementary Table 29 'Altered State Gene Sets', column 'Degerenative' (expanded gene sets used for clinical outcome analysis)
Lake2023_degenerative_clinical	ITM2B	102	Lake et al. 2023 Nature 619:585 doi:10.1038/s41586-023-05769-3	Supplementary Table 29 'Altered State Gene Sets', column 'Degerenative' (expanded gene sets used for clinical outcome analysis)
Lake2023_degenerative_clinical	ITM2C	103	Lake et al. 2023 Nature 619:585 doi:10.1038/s41586-023-05769-3	Supplementary Table 29 'Altered State Gene Sets', column 'Degerenative' (expanded gene sets used for clinical outcome analysis)
Lake2023_degenerative_clinical	KRT18	104	Lake et al. 2023 Nature 619:585 doi:10.1038/s41586-023-05769-3	Supplementary Table 29 'Altered State Gene Sets', column 'Degerenative' (expanded gene sets used for clinical outcome analysis)
Lake2023_degenerative_clinical	KRT19	105	Lake et al. 2023 Nature 619:585 doi:10.1038/s41586-023-05769-3	Supplementary Table 29 'Altered State Gene Sets', column 'Degerenative' (expanded gene sets used for clinical outcome analysis)
Lake2023_degenerative_clinical	KRT8	106	Lake et al. 2023 Nature 619:585 doi:10.1038/s41586-023-05769-3	Supplementary Table 29 'Altered State Gene Sets', column 'Degerenative' (expanded gene sets used for clinical outcome analysis)
Lake2023_degenerative_clinical	LAMTOR4	107	Lake et al. 2023 Nature 619:585 doi:10.1038/s41586-023-05769-3	Supplementary Table 29 'Altered State Gene Sets', column 'Degerenative' (expanded gene sets used for clinical outcome analysis)
Lake2023_degenerative_clinical	LAMTOR5	108	Lake et al. 2023 Nature 619:585 doi:10.1038/s41586-023-05769-3	Supplementary Table 29 'Altered State Gene Sets', column 'Degerenative' (expanded gene sets used for clinical outcome analysis)
Lake2023_degenerative_clinical	LAPTM4A	109	Lake et al. 2023 Nature 619:585 doi:10.1038/s41586-023-05769-3	Supplementary Table 29 'Altered State Gene Sets', column 'Degerenative' (expanded gene sets used for clinical outcome analysis)
Lake2023_degenerative_clinical	LDHA	110	Lake et al. 2023 Nature 619:585 doi:10.1038/s41586-023-05769-3	Supplementary Table 29 'Altered State Gene Sets', column 'Degerenative' (expanded gene sets used for clinical outcome analysis)
Lake2023_degenerative_clinical	LDHB	111	Lake et al. 2023 Nature 619:585 doi:10.1038/s41586-023-05769-3	Supplementary Table 29 'Altered State Gene Sets', column 'Degerenative' (expanded gene sets used for clinical outcome analysis)
Lake2023_degenerative_clinical	LGALS3BP	112	Lake et al. 2023 Nature 619:585 doi:10.1038/s41586-023-05769-3	Supplementary Table 29 'Altered State Gene Sets', column 'Degerenative' (expanded gene sets used for clinical outcome analysis)
Lake2023_degenerative_clinical	LRPAP1	113	Lake et al. 2023 Nature 619:585 doi:10.1038/s41586-023-05769-3	Supplementary Table 29 'Altered State Gene Sets', column 'Degerenative' (expanded gene sets used for clinical outcome analysis)
Lake2023_degenerative_clinical	MAL	114	Lake et al. 2023 Nature 619:585 doi:10.1038/s41586-023-05769-3	Supplementary Table 29 'Altered State Gene Sets', column 'Degerenative' (expanded gene sets used for clinical outcome analysis)
Lake2023_degenerative_clinical	MRFAP1	115	Lake et al. 2023 Nature 619:585 doi:10.1038/s41586-023-05769-3	Supplementary Table 29 'Altered State Gene Sets', column 'Degerenative' (expanded gene sets used for clinical outcome analysis)
Lake2023_degenerative_clinical	MYL12A	116	Lake et al. 2023 Nature 619:585 doi:10.1038/s41586-023-05769-3	Supplementary Table 29 'Altered State Gene Sets', column 'Degerenative' (expanded gene sets used for clinical outcome analysis)
Lake2023_degenerative_clinical	MYL12B	117	Lake et al. 2023 Nature 619:585 doi:10.1038/s41586-023-05769-3	Supplementary Table 29 'Altered State Gene Sets', column 'Degerenative' (expanded gene sets used for clinical outcome analysis)
Lake2023_degenerative_clinical	MYL6	118	Lake et al. 2023 Nature 619:585 doi:10.1038/s41586-023-05769-3	Supplementary Table 29 'Altered State Gene Sets', column 'Degerenative' (expanded gene sets used for clinical outcome analysis)
Lake2023_degenerative_clinical	MYL9	119	Lake et al. 2023 Nature 619:585 doi:10.1038/s41586-023-05769-3	Supplementary Table 29 'Altered State Gene Sets', column 'Degerenative' (expanded gene sets used for clinical outcome analysis)
Lake2023_degenerative_clinical	NACA	120	Lake et al. 2023 Nature 619:585 doi:10.1038/s41586-023-05769-3	Supplementary Table 29 'Altered State Gene Sets', column 'Degerenative' (expanded gene sets used for clinical outcome analysis)
Lake2023_degenerative_clinical	NDUFA1	121	Lake et al. 2023 Nature 619:585 doi:10.1038/s41586-023-05769-3	Supplementary Table 29 'Altered State Gene Sets', column 'Degerenative' (expanded gene sets used for clinical outcome analysis)
Lake2023_degenerative_clinical	NDUFA4	122	Lake et al. 2023 Nature 619:585 doi:10.1038/s41586-023-05769-3	Supplementary Table 29 'Altered State Gene Sets', column 'Degerenative' (expanded gene sets used for clinical outcome analysis)
Lake2023_degenerative_clinical	NDUFA5	123	Lake et al. 2023 Nature 619:585 doi:10.1038/s41586-023-05769-3	Supplementary Table 29 'Altered State Gene Sets', column 'Degerenative' (expanded gene sets used for clinical outcome analysis)
Lake2023_degenerative_clinical	NDUFB2	124	Lake et al. 2023 Nature 619:585 doi:10.1038/s41586-023-05769-3	Supplementary Table 29 'Altered State Gene Sets', column 'Degerenative' (expanded gene sets used for clinical outcome analysis)
Lake2023_degenerative_clinical	NDUFB7	125	Lake et al. 2023 Nature 619:585 doi:10.1038/s41586-023-05769-3	Supplementary Table 29 'Altered State Gene Sets', column 'Degerenative' (expanded gene sets used for clinical outcome analysis)
Lake2023_degenerative_clinical	NDUFS5	126	Lake et al. 2023 Nature 619:585 doi:10.1038/s41586-023-05769-3	Supplementary Table 29 'Altered State Gene Sets', column 'Degerenative' (expanded gene sets used for clinical outcome analysis)
Lake2023_degenerative_clinical	NPC2	127	Lake et al. 2023 Nature 619:585 doi:10.1038/s41586-023-05769-3	Supplementary Table 29 'Altered State Gene Sets', column 'Degerenative' (expanded gene sets used for clinical outcome analysis)
Lake2023_degenerative_clinical	PARK7	128	Lake et al. 2023 Nature 619:585 doi:10.1038/s41586-023-05769-3	Supplementary Table 29 'Altered State Gene Sets', column 'Degerenative' (expanded gene sets used for clinical outcome analysis)
Lake2023_degenerative_clinical	PCSK1N	129	Lake et al. 2023 Nature 619:585 doi:10.1038/s41586-023-05769-3	Supplementary Table 29 'Altered State Gene Sets', column 'Degerenative' (expanded gene sets used for clinical outcome analysis)
Lake2023_degenerative_clinical	PDIA6	130	Lake et al. 2023 Nature 619:585 doi:10.1038/s41586-023-05769-3	Supplementary Table 29 'Altered State Gene Sets', column 'Degerenative' (expanded gene sets used for clinical outcome analysis)
Lake2023_degenerative_clinical	PEBP1	131	Lake et al. 2023 Nature 619:585 doi:10.1038/s41586-023-05769-3	Supplementary Table 29 'Altered State Gene Sets', column 'Degerenative' (expanded gene sets used for clinical outcome analysis)
Lake2023_degenerative_clinical	PFDN5	132	Lake et al. 2023 Nature 619:585 doi:10.1038/s41586-023-05769-3	Supplementary Table 29 'Altered State Gene Sets', column 'Degerenative' (expanded gene sets used for clinical outcome analysis)
Lake2023_degenerative_clinical	PFN1	133	Lake et al. 2023 Nature 619:585 doi:10.1038/s41586-023-05769-3	Supplementary Table 29 'Altered State Gene Sets', column 'Degerenative' (expanded gene sets used for clinical outcome analysis)
Lake2023_degenerative_clinical	PKM	134	Lake et al. 2023 Nature 619:585 doi:10.1038/s41586-023-05769-3	Supplementary Table 29 'Altered State Gene Sets', column 'Degerenative' (expanded gene sets used for clinical outcome analysis)
Lake2023_degenerative_clinical	PNKD	135	Lake et al. 2023 Nature 619:585 doi:10.1038/s41586-023-05769-3	Supplementary Table 29 'Altered State Gene Sets', column 'Degerenative' (expanded gene sets used for clinical outcome analysis)
Lake2023_degenerative_clinical	POLR2L	136	Lake et al. 2023 Nature 619:585 doi:10.1038/s41586-023-05769-3	Supplementary Table 29 'Altered State Gene Sets', column 'Degerenative' (expanded gene sets used for clinical outcome analysis)
Lake2023_degenerative_clinical	PPDPF	137	Lake et al. 2023 Nature 619:585 doi:10.1038/s41586-023-05769-3	Supplementary Table 29 'Altered State Gene Sets', column 'Degerenative' (expanded gene sets used for clinical outcome analysis)
Lake2023_degenerative_clinical	PPIA	138	Lake et al. 2023 Nature 619:585 doi:10.1038/s41586-023-05769-3	Supplementary Table 29 'Altered State Gene Sets', column 'Degerenative' (expanded gene sets used for clinical outcome analysis)
Lake2023_degenerative_clinical	PPIB	139	Lake et al. 2023 Nature 619:585 doi:10.1038/s41586-023-05769-3	Supplementary Table 29 'Altered State Gene Sets', column 'Degerenative' (expanded gene sets used for clinical outcome analysis)
Lake2023_degenerative_clinical	PRDX1	140	Lake et al. 2023 Nature 619:585 doi:10.1038/s41586-023-05769-3	Supplementary Table 29 'Altered State Gene Sets', column 'Degerenative' (expanded gene sets used for clinical outcome analysis)
Lake2023_degenerative_clinical	PRDX5	141	Lake et al. 2023 Nature 619:585 doi:10.1038/s41586-023-05769-3	Supplementary Table 29 'Altered State Gene Sets', column 'Degerenative' (expanded gene sets used for clinical outcome analysis)
Lake2023_degenerative_clinical	PRDX6	142	Lake et al. 2023 Nature 619:585 doi:10.1038/s41586-023-05769-3	Supplementary Table 29 'Altered State Gene Sets', column 'Degerenative' (expanded gene sets used for clinical outcome analysis)
Lake2023_degenerative_clinical	PRR13	143	Lake et al. 2023 Nature 619:585 doi:10.1038/s41586-023-05769-3	Supplementary Table 29 'Altered State Gene Sets', column 'Degerenative' (expanded gene sets used for clinical outcome analysis)
Lake2023_degenerative_clinical	PTGER1	144	Lake et al. 2023 Nature 619:585 doi:10.1038/s41586-023-05769-3	Supplementary Table 29 'Altered State Gene Sets', column 'Degerenative' (expanded gene sets used for clinical outcome analysis)
Lake2023_degenerative_clinical	PTMA	145	Lake et al. 2023 Nature 619:585 doi:10.1038/s41586-023-05769-3	Supplementary Table 29 'Altered State Gene Sets', column 'Degerenative' (expanded gene sets used for clinical outcome analysis)
Lake2023_degenerative_clinical	RACK1	146	Lake et al. 2023 Nature 619:585 doi:10.1038/s41586-023-05769-3	Supplementary Table 29 'Altered State Gene Sets', column 'Degerenative' (expanded gene sets used for clinical outcome analysis)
Lake2023_degenerative_clinical	REEP5	147	Lake et al. 2023 Nature 619:585 doi:10.1038/s41586-023-05769-3	Supplementary Table 29 'Altered State Gene Sets', column 'Degerenative' (expanded gene sets used for clinical outcome analysis)
Lake2023_degenerative_clinical	RTN4	148	Lake et al. 2023 Nature 619:585 doi:10.1038/s41586-023-05769-3	Supplementary Table 29 'Altered State Gene Sets', column 'Degerenative' (expanded gene sets used for clinical outcome analysis)
Lake2023_degenerative_clinical	S100A10	149	Lake et al. 2023 Nature 619:585 doi:10.1038/s41586-023-05769-3	Supplementary Table 29 'Altered State Gene Sets', column 'Degerenative' (expanded gene sets used for clinical outcome analysis)
Lake2023_degenerative_clinical	S100A11	150	Lake et al. 2023 Nature 619:585 doi:10.1038/s41586-023-05769-3	Supplementary Table 29 'Altered State Gene Sets', column 'Degerenative' (expanded gene sets used for clinical outcome analysis)
Lake2023_degenerative_clinical	S100A13	151	Lake et al. 2023 Nature 619:585 doi:10.1038/s41586-023-05769-3	Supplementary Table 29 'Altered State Gene Sets', column 'Degerenative' (expanded gene sets used for clinical outcome analysis)
Lake2023_degenerative_clinical	S100A2	152	Lake et al. 2023 Nature 619:585 doi:10.1038/s41586-023-05769-3	Supplementary Table 29 'Altered State Gene Sets', column 'Degerenative' (expanded gene sets used for clinical outcome analysis)
Lake2023_degenerative_clinical	S100A6	153	Lake et al. 2023 Nature 619:585 doi:10.1038/s41586-023-05769-3	Supplementary Table 29 'Altered State Gene Sets', column 'Degerenative' (expanded gene sets used for clinical outcome analysis)
Lake2023_degenerative_clinical	SAP18	154	Lake et al. 2023 Nature 619:585 doi:10.1038/s41586-023-05769-3	Supplementary Table 29 'Altered State Gene Sets', column 'Degerenative' (expanded gene sets used for clinical outcome analysis)
Lake2023_degenerative_clinical	SARAF	155	Lake et al. 2023 Nature 619:585 doi:10.1038/s41586-023-05769-3	Supplementary Table 29 'Altered State Gene Sets', column 'Degerenative' (expanded gene sets used for clinical outcome analysis)
Lake2023_degenerative_clinical	SCAND1	156	Lake et al. 2023 Nature 619:585 doi:10.1038/s41586-023-05769-3	Supplementary Table 29 'Altered State Gene Sets', column 'Degerenative' (expanded gene sets used for clinical outcome analysis)
Lake2023_degenerative_clinical	SELENOM	157	Lake et al. 2023 Nature 619:585 doi:10.1038/s41586-023-05769-3	Supplementary Table 29 'Altered State Gene Sets', column 'Degerenative' (expanded gene sets used for clinical outcome analysis)
Lake2023_degenerative_clinical	SELENOP	158	Lake et al. 2023 Nature 619:585 doi:10.1038/s41586-023-05769-3	Supplementary Table 29 'Altered State Gene Sets', column 'Degerenative' (expanded gene sets used for clinical outcome analysis)
Lake2023_degenerative_clinical	SELENOW	159	Lake et al. 2023 Nature 619:585 doi:10.1038/s41586-023-05769-3	Supplementary Table 29 'Altered State Gene Sets', column 'Degerenative' (expanded gene sets used for clinical outcome analysis)
Lake2023_degenerative_clinical	SERF2	160	Lake et al. 2023 Nature 619:585 doi:10.1038/s41586-023-05769-3	Supplementary Table 29 'Altered State Gene Sets', column 'Degerenative' (expanded gene sets used for clinical outcome analysis)
Lake2023_degenerative_clinical	SKP1	161	Lake et al. 2023 Nature 619:585 doi:10.1038/s41586-023-05769-3	Supplementary Table 29 'Altered State Gene Sets', column 'Degerenative' (expanded gene sets used for clinical outcome analysis)
Lake2023_degenerative_clinical	SLC25A3	162	Lake et al. 2023 Nature 619:585 doi:10.1038/s41586-023-05769-3	Supplementary Table 29 'Altered State Gene Sets', column 'Degerenative' (expanded gene sets used for clinical outcome analysis)
Lake2023_degenerative_clinical	SLC25A5	163	Lake et al. 2023 Nature 619:585 doi:10.1038/s41586-023-05769-3	Supplementary Table 29 'Altered State Gene Sets', column 'Degerenative' (expanded gene sets used for clinical outcome analysis)
Lake2023_degenerative_clinical	SLC25A6	164	Lake et al. 2023 Nature 619:585 doi:10.1038/s41586-023-05769-3	Supplementary Table 29 'Altered State Gene Sets', column 'Degerenative' (expanded gene sets used for clinical outcome analysis)
Lake2023_degenerative_clinical	SNU13	165	Lake et al. 2023 Nature 619:585 doi:10.1038/s41586-023-05769-3	Supplementary Table 29 'Altered State Gene Sets', column 'Degerenative' (expanded gene sets used for clinical outcome analysis)
Lake2023_degenerative_clinical	SOD1	166	Lake et al. 2023 Nature 619:585 doi:10.1038/s41586-023-05769-3	Supplementary Table 29 'Altered State Gene Sets', column 'Degerenative' (expanded gene sets used for clinical outcome analysis)
Lake2023_degenerative_clinical	SOX4	167	Lake et al. 2023 Nature 619:585 doi:10.1038/s41586-023-05769-3	Supplementary Table 29 'Altered State Gene Sets', column 'Degerenative' (expanded gene sets used for clinical outcome analysis)
Lake2023_degenerative_clinical	SPCS1	168	Lake et al. 2023 Nature 619:585 doi:10.1038/s41586-023-05769-3	Supplementary Table 29 'Altered State Gene Sets', column 'Degerenative' (expanded gene sets used for clinical outcome analysis)
Lake2023_degenerative_clinical	SPP1	169	Lake et al. 2023 Nature 619:585 doi:10.1038/s41586-023-05769-3	Supplementary Table 29 'Altered State Gene Sets', column 'Degerenative' (expanded gene sets used for clinical outcome analysis)
Lake2023_degenerative_clinical	SRP14	170	Lake et al. 2023 Nature 619:585 doi:10.1038/s41586-023-05769-3	Supplementary Table 29 'Altered State Gene Sets', column 'Degerenative' (expanded gene sets used for clinical outcome analysis)
Lake2023_degenerative_clinical	SRP9	171	Lake et al. 2023 Nature 619:585 doi:10.1038/s41586-023-05769-3	Supplementary Table 29 'Altered State Gene Sets', column 'Degerenative' (expanded gene sets used for clinical outcome analysis)
Lake2023_degenerative_clinical	SRSF9	172	Lake et al. 2023 Nature 619:585 doi:10.1038/s41586-023-05769-3	Supplementary Table 29 'Altered State Gene Sets', column 'Degerenative' (expanded gene sets used for clinical outcome analysis)
Lake2023_degenerative_clinical	TACSTD2	173	Lake et al. 2023 Nature 619:585 doi:10.1038/s41586-023-05769-3	Supplementary Table 29 'Altered State Gene Sets', column 'Degerenative' (expanded gene sets used for clinical outcome analysis)
Lake2023_degenerative_clinical	TAGLN	174	Lake et al. 2023 Nature 619:585 doi:10.1038/s41586-023-05769-3	Supplementary Table 29 'Altered State Gene Sets', column 'Degerenative' (expanded gene sets used for clinical outcome analysis)
Lake2023_degenerative_clinical	TCEAL9	175	Lake et al. 2023 Nature 619:585 doi:10.1038/s41586-023-05769-3	Supplementary Table 29 'Altered State Gene Sets', column 'Degerenative' (expanded gene sets used for clinical outcome analysis)
Lake2023_degenerative_clinical	TMA7	176	Lake et al. 2023 Nature 619:585 doi:10.1038/s41586-023-05769-3	Supplementary Table 29 'Altered State Gene Sets', column 'Degerenative' (expanded gene sets used for clinical outcome analysis)
Lake2023_degenerative_clinical	TMED10	177	Lake et al. 2023 Nature 619:585 doi:10.1038/s41586-023-05769-3	Supplementary Table 29 'Altered State Gene Sets', column 'Degerenative' (expanded gene sets used for clinical outcome analysis)
Lake2023_degenerative_clinical	TMEM59	178	Lake et al. 2023 Nature 619:585 doi:10.1038/s41586-023-05769-3	Supplementary Table 29 'Altered State Gene Sets', column 'Degerenative' (expanded gene sets used for clinical outcome analysis)
Lake2023_degenerative_clinical	TMSB10	179	Lake et al. 2023 Nature 619:585 doi:10.1038/s41586-023-05769-3	Supplementary Table 29 'Altered State Gene Sets', column 'Degerenative' (expanded gene sets used for clinical outcome analysis)
Lake2023_degenerative_clinical	TMSB4X	180	Lake et al. 2023 Nature 619:585 doi:10.1038/s41586-023-05769-3	Supplementary Table 29 'Altered State Gene Sets', column 'Degerenative' (expanded gene sets used for clinical outcome analysis)
Lake2023_degenerative_clinical	TOMM7	181	Lake et al. 2023 Nature 619:585 doi:10.1038/s41586-023-05769-3	Supplementary Table 29 'Altered State Gene Sets', column 'Degerenative' (expanded gene sets used for clinical outcome analysis)
Lake2023_degenerative_clinical	TPI1	182	Lake et al. 2023 Nature 619:585 doi:10.1038/s41586-023-05769-3	Supplementary Table 29 'Altered State Gene Sets', column 'Degerenative' (expanded gene sets used for clinical outcome analysis)
Lake2023_degenerative_clinical	TPT1	183	Lake et al. 2023 Nature 619:585 doi:10.1038/s41586-023-05769-3	Supplementary Table 29 'Altered State Gene Sets', column 'Degerenative' (expanded gene sets used for clinical outcome analysis)
Lake2023_degenerative_clinical	TRIR	184	Lake et al. 2023 Nature 619:585 doi:10.1038/s41586-023-05769-3	Supplementary Table 29 'Altered State Gene Sets', column 'Degerenative' (expanded gene sets used for clinical outcome analysis)
Lake2023_degenerative_clinical	TSPAN1	185	Lake et al. 2023 Nature 619:585 doi:10.1038/s41586-023-05769-3	Supplementary Table 29 'Altered State Gene Sets', column 'Degerenative' (expanded gene sets used for clinical outcome analysis)
Lake2023_degenerative_clinical	TSPO	186	Lake et al. 2023 Nature 619:585 doi:10.1038/s41586-023-05769-3	Supplementary Table 29 'Altered State Gene Sets', column 'Degerenative' (expanded gene sets used for clinical outcome analysis)
Lake2023_degenerative_clinical	TUFM	187	Lake et al. 2023 Nature 619:585 doi:10.1038/s41586-023-05769-3	Supplementary Table 29 'Altered State Gene Sets', column 'Degerenative' (expanded gene sets used for clinical outcome analysis)
Lake2023_degenerative_clinical	UBA52	188	Lake et al. 2023 Nature 619:585 doi:10.1038/s41586-023-05769-3	Supplementary Table 29 'Altered State Gene Sets', column 'Degerenative' (expanded gene sets used for clinical outcome analysis)
Lake2023_degenerative_clinical	UBB	189	Lake et al. 2023 Nature 619:585 doi:10.1038/s41586-023-05769-3	Supplementary Table 29 'Altered State Gene Sets', column 'Degerenative' (expanded gene sets used for clinical outcome analysis)
Lake2023_degenerative_clinical	UQCR10	190	Lake et al. 2023 Nature 619:585 doi:10.1038/s41586-023-05769-3	Supplementary Table 29 'Altered State Gene Sets', column 'Degerenative' (expanded gene sets used for clinical outcome analysis)
Lake2023_degenerative_clinical	UQCRB	191	Lake et al. 2023 Nature 619:585 doi:10.1038/s41586-023-05769-3	Supplementary Table 29 'Altered State Gene Sets', column 'Degerenative' (expanded gene sets used for clinical outcome analysis)
Lake2023_degenerative_clinical	UQCRQ	192	Lake et al. 2023 Nature 619:585 doi:10.1038/s41586-023-05769-3	Supplementary Table 29 'Altered State Gene Sets', column 'Degerenative' (expanded gene sets used for clinical outcome analysis)
Lake2023_degenerative_clinical	VAMP8	193	Lake et al. 2023 Nature 619:585 doi:10.1038/s41586-023-05769-3	Supplementary Table 29 'Altered State Gene Sets', column 'Degerenative' (expanded gene sets used for clinical outcome analysis)
Lake2023_degenerative_clinical	VIM	194	Lake et al. 2023 Nature 619:585 doi:10.1038/s41586-023-05769-3	Supplementary Table 29 'Altered State Gene Sets', column 'Degerenative' (expanded gene sets used for clinical outcome analysis)
Lake2023_degenerative_clinical	WFDC2	195	Lake et al. 2023 Nature 619:585 doi:10.1038/s41586-023-05769-3	Supplementary Table 29 'Altered State Gene Sets', column 'Degerenative' (expanded gene sets used for clinical outcome analysis)
Lake2023_degenerative_clinical	YBX1	196	Lake et al. 2023 Nature 619:585 doi:10.1038/s41586-023-05769-3	Supplementary Table 29 'Altered State Gene Sets', column 'Degerenative' (expanded gene sets used for clinical outcome analysis)
Muto2021_PTVCAM1_vs_PT	RHEX	1	Muto et al. 2021 Nat Commun 12:2190 doi:10.1038/s41467-021-22368-w	Supplementary Data 5 (41467_2021_22368_MOESM8_ESM.xlsx, 'Differentially expressed genes in PT_VCAM1 vs PT'); avg_logFC>0, p_val_adj<0.05 (243 genes), top 200 by avg_logFC
Muto2021_PTVCAM1_vs_PT	DCC	2	Muto et al. 2021 Nat Commun 12:2190 doi:10.1038/s41467-021-22368-w	Supplementary Data 5 (41467_2021_22368_MOESM8_ESM.xlsx, 'Differentially expressed genes in PT_VCAM1 vs PT'); avg_logFC>0, p_val_adj<0.05 (243 genes), top 200 by avg_logFC
Muto2021_PTVCAM1_vs_PT	ITGB8	3	Muto et al. 2021 Nat Commun 12:2190 doi:10.1038/s41467-021-22368-w	Supplementary Data 5 (41467_2021_22368_MOESM8_ESM.xlsx, 'Differentially expressed genes in PT_VCAM1 vs PT'); avg_logFC>0, p_val_adj<0.05 (243 genes), top 200 by avg_logFC
Muto2021_PTVCAM1_vs_PT	CRYAB	4	Muto et al. 2021 Nat Commun 12:2190 doi:10.1038/s41467-021-22368-w	Supplementary Data 5 (41467_2021_22368_MOESM8_ESM.xlsx, 'Differentially expressed genes in PT_VCAM1 vs PT'); avg_logFC>0, p_val_adj<0.05 (243 genes), top 200 by avg_logFC
Muto2021_PTVCAM1_vs_PT	TPM1	5	Muto et al. 2021 Nat Commun 12:2190 doi:10.1038/s41467-021-22368-w	Supplementary Data 5 (41467_2021_22368_MOESM8_ESM.xlsx, 'Differentially expressed genes in PT_VCAM1 vs PT'); avg_logFC>0, p_val_adj<0.05 (243 genes), top 200 by avg_logFC
Muto2021_PTVCAM1_vs_PT	CLSTN2	6	Muto et al. 2021 Nat Commun 12:2190 doi:10.1038/s41467-021-22368-w	Supplementary Data 5 (41467_2021_22368_MOESM8_ESM.xlsx, 'Differentially expressed genes in PT_VCAM1 vs PT'); avg_logFC>0, p_val_adj<0.05 (243 genes), top 200 by avg_logFC
Muto2021_PTVCAM1_vs_PT	ROBO2	7	Muto et al. 2021 Nat Commun 12:2190 doi:10.1038/s41467-021-22368-w	Supplementary Data 5 (41467_2021_22368_MOESM8_ESM.xlsx, 'Differentially expressed genes in PT_VCAM1 vs PT'); avg_logFC>0, p_val_adj<0.05 (243 genes), top 200 by avg_logFC
Muto2021_PTVCAM1_vs_PT	AGBL4	8	Muto et al. 2021 Nat Commun 12:2190 doi:10.1038/s41467-021-22368-w	Supplementary Data 5 (41467_2021_22368_MOESM8_ESM.xlsx, 'Differentially expressed genes in PT_VCAM1 vs PT'); avg_logFC>0, p_val_adj<0.05 (243 genes), top 200 by avg_logFC
Muto2021_PTVCAM1_vs_PT	TMEM178B	9	Muto et al. 2021 Nat Commun 12:2190 doi:10.1038/s41467-021-22368-w	Supplementary Data 5 (41467_2021_22368_MOESM8_ESM.xlsx, 'Differentially expressed genes in PT_VCAM1 vs PT'); avg_logFC>0, p_val_adj<0.05 (243 genes), top 200 by avg_logFC
Muto2021_PTVCAM1_vs_PT	DLGAP1	10	Muto et al. 2021 Nat Commun 12:2190 doi:10.1038/s41467-021-22368-w	Supplementary Data 5 (41467_2021_22368_MOESM8_ESM.xlsx, 'Differentially expressed genes in PT_VCAM1 vs PT'); avg_logFC>0, p_val_adj<0.05 (243 genes), top 200 by avg_logFC
Muto2021_PTVCAM1_vs_PT	AKAP12	11	Muto et al. 2021 Nat Commun 12:2190 doi:10.1038/s41467-021-22368-w	Supplementary Data 5 (41467_2021_22368_MOESM8_ESM.xlsx, 'Differentially expressed genes in PT_VCAM1 vs PT'); avg_logFC>0, p_val_adj<0.05 (243 genes), top 200 by avg_logFC
Muto2021_PTVCAM1_vs_PT	NRG3	12	Muto et al. 2021 Nat Commun 12:2190 doi:10.1038/s41467-021-22368-w	Supplementary Data 5 (41467_2021_22368_MOESM8_ESM.xlsx, 'Differentially expressed genes in PT_VCAM1 vs PT'); avg_logFC>0, p_val_adj<0.05 (243 genes), top 200 by avg_logFC
Muto2021_PTVCAM1_vs_PT	VCAM1	13	Muto et al. 2021 Nat Commun 12:2190 doi:10.1038/s41467-021-22368-w	Supplementary Data 5 (41467_2021_22368_MOESM8_ESM.xlsx, 'Differentially expressed genes in PT_VCAM1 vs PT'); avg_logFC>0, p_val_adj<0.05 (243 genes), top 200 by avg_logFC
Muto2021_PTVCAM1_vs_PT	ACSM3	14	Muto et al. 2021 Nat Commun 12:2190 doi:10.1038/s41467-021-22368-w	Supplementary Data 5 (41467_2021_22368_MOESM8_ESM.xlsx, 'Differentially expressed genes in PT_VCAM1 vs PT'); avg_logFC>0, p_val_adj<0.05 (243 genes), top 200 by avg_logFC
Muto2021_PTVCAM1_vs_PT	PPFIBP1	15	Muto et al. 2021 Nat Commun 12:2190 doi:10.1038/s41467-021-22368-w	Supplementary Data 5 (41467_2021_22368_MOESM8_ESM.xlsx, 'Differentially expressed genes in PT_VCAM1 vs PT'); avg_logFC>0, p_val_adj<0.05 (243 genes), top 200 by avg_logFC
Muto2021_PTVCAM1_vs_PT	DCDC2	16	Muto et al. 2021 Nat Commun 12:2190 doi:10.1038/s41467-021-22368-w	Supplementary Data 5 (41467_2021_22368_MOESM8_ESM.xlsx, 'Differentially expressed genes in PT_VCAM1 vs PT'); avg_logFC>0, p_val_adj<0.05 (243 genes), top 200 by avg_logFC
Muto2021_PTVCAM1_vs_PT	SAMD4A	17	Muto et al. 2021 Nat Commun 12:2190 doi:10.1038/s41467-021-22368-w	Supplementary Data 5 (41467_2021_22368_MOESM8_ESM.xlsx, 'Differentially expressed genes in PT_VCAM1 vs PT'); avg_logFC>0, p_val_adj<0.05 (243 genes), top 200 by avg_logFC
Muto2021_PTVCAM1_vs_PT	ALPK2	18	Muto et al. 2021 Nat Commun 12:2190 doi:10.1038/s41467-021-22368-w	Supplementary Data 5 (41467_2021_22368_MOESM8_ESM.xlsx, 'Differentially expressed genes in PT_VCAM1 vs PT'); avg_logFC>0, p_val_adj<0.05 (243 genes), top 200 by avg_logFC
Muto2021_PTVCAM1_vs_PT	KLF6	19	Muto et al. 2021 Nat Commun 12:2190 doi:10.1038/s41467-021-22368-w	Supplementary Data 5 (41467_2021_22368_MOESM8_ESM.xlsx, 'Differentially expressed genes in PT_VCAM1 vs PT'); avg_logFC>0, p_val_adj<0.05 (243 genes), top 200 by avg_logFC
Muto2021_PTVCAM1_vs_PT	STOX2	20	Muto et al. 2021 Nat Commun 12:2190 doi:10.1038/s41467-021-22368-w	Supplementary Data 5 (41467_2021_22368_MOESM8_ESM.xlsx, 'Differentially expressed genes in PT_VCAM1 vs PT'); avg_logFC>0, p_val_adj<0.05 (243 genes), top 200 by avg_logFC
Muto2021_PTVCAM1_vs_PT	BICC1	21	Muto et al. 2021 Nat Commun 12:2190 doi:10.1038/s41467-021-22368-w	Supplementary Data 5 (41467_2021_22368_MOESM8_ESM.xlsx, 'Differentially expressed genes in PT_VCAM1 vs PT'); avg_logFC>0, p_val_adj<0.05 (243 genes), top 200 by avg_logFC
Muto2021_PTVCAM1_vs_PT	SLC9A9	22	Muto et al. 2021 Nat Commun 12:2190 doi:10.1038/s41467-021-22368-w	Supplementary Data 5 (41467_2021_22368_MOESM8_ESM.xlsx, 'Differentially expressed genes in PT_VCAM1 vs PT'); avg_logFC>0, p_val_adj<0.05 (243 genes), top 200 by avg_logFC
Muto2021_PTVCAM1_vs_PT	CREB5	23	Muto et al. 2021 Nat Commun 12:2190 doi:10.1038/s41467-021-22368-w	Supplementary Data 5 (41467_2021_22368_MOESM8_ESM.xlsx, 'Differentially expressed genes in PT_VCAM1 vs PT'); avg_logFC>0, p_val_adj<0.05 (243 genes), top 200 by avg_logFC
Muto2021_PTVCAM1_vs_PT	UGCG	24	Muto et al. 2021 Nat Commun 12:2190 doi:10.1038/s41467-021-22368-w	Supplementary Data 5 (41467_2021_22368_MOESM8_ESM.xlsx, 'Differentially expressed genes in PT_VCAM1 vs PT'); avg_logFC>0, p_val_adj<0.05 (243 genes), top 200 by avg_logFC
Muto2021_PTVCAM1_vs_PT	MEG3	25	Muto et al. 2021 Nat Commun 12:2190 doi:10.1038/s41467-021-22368-w	Supplementary Data 5 (41467_2021_22368_MOESM8_ESM.xlsx, 'Differentially expressed genes in PT_VCAM1 vs PT'); avg_logFC>0, p_val_adj<0.05 (243 genes), top 200 by avg_logFC
Muto2021_PTVCAM1_vs_PT	CASC15	26	Muto et al. 2021 Nat Commun 12:2190 doi:10.1038/s41467-021-22368-w	Supplementary Data 5 (41467_2021_22368_MOESM8_ESM.xlsx, 'Differentially expressed genes in PT_VCAM1 vs PT'); avg_logFC>0, p_val_adj<0.05 (243 genes), top 200 by avg_logFC
Muto2021_PTVCAM1_vs_PT	PICALM	27	Muto et al. 2021 Nat Commun 12:2190 doi:10.1038/s41467-021-22368-w	Supplementary Data 5 (41467_2021_22368_MOESM8_ESM.xlsx, 'Differentially expressed genes in PT_VCAM1 vs PT'); avg_logFC>0, p_val_adj<0.05 (243 genes), top 200 by avg_logFC
Muto2021_PTVCAM1_vs_PT	BCL2	28	Muto et al. 2021 Nat Commun 12:2190 doi:10.1038/s41467-021-22368-w	Supplementary Data 5 (41467_2021_22368_MOESM8_ESM.xlsx, 'Differentially expressed genes in PT_VCAM1 vs PT'); avg_logFC>0, p_val_adj<0.05 (243 genes), top 200 by avg_logFC
Muto2021_PTVCAM1_vs_PT	MACC1	29	Muto et al. 2021 Nat Commun 12:2190 doi:10.1038/s41467-021-22368-w	Supplementary Data 5 (41467_2021_22368_MOESM8_ESM.xlsx, 'Differentially expressed genes in PT_VCAM1 vs PT'); avg_logFC>0, p_val_adj<0.05 (243 genes), top 200 by avg_logFC
Muto2021_PTVCAM1_vs_PT	NRG1	30	Muto et al. 2021 Nat Commun 12:2190 doi:10.1038/s41467-021-22368-w	Supplementary Data 5 (41467_2021_22368_MOESM8_ESM.xlsx, 'Differentially expressed genes in PT_VCAM1 vs PT'); avg_logFC>0, p_val_adj<0.05 (243 genes), top 200 by avg_logFC
Muto2021_PTVCAM1_vs_PT	RBPMS	31	Muto et al. 2021 Nat Commun 12:2190 doi:10.1038/s41467-021-22368-w	Supplementary Data 5 (41467_2021_22368_MOESM8_ESM.xlsx, 'Differentially expressed genes in PT_VCAM1 vs PT'); avg_logFC>0, p_val_adj<0.05 (243 genes), top 200 by avg_logFC
Muto2021_PTVCAM1_vs_PT	GLIS3	32	Muto et al. 2021 Nat Commun 12:2190 doi:10.1038/s41467-021-22368-w	Supplementary Data 5 (41467_2021_22368_MOESM8_ESM.xlsx, 'Differentially expressed genes in PT_VCAM1 vs PT'); avg_logFC>0, p_val_adj<0.05 (243 genes), top 200 by avg_logFC
Muto2021_PTVCAM1_vs_PT	LPIN2	33	Muto et al. 2021 Nat Commun 12:2190 doi:10.1038/s41467-021-22368-w	Supplementary Data 5 (41467_2021_22368_MOESM8_ESM.xlsx, 'Differentially expressed genes in PT_VCAM1 vs PT'); avg_logFC>0, p_val_adj<0.05 (243 genes), top 200 by avg_logFC
Muto2021_PTVCAM1_vs_PT	FSTL3	34	Muto et al. 2021 Nat Commun 12:2190 doi:10.1038/s41467-021-22368-w	Supplementary Data 5 (41467_2021_22368_MOESM8_ESM.xlsx, 'Differentially expressed genes in PT_VCAM1 vs PT'); avg_logFC>0, p_val_adj<0.05 (243 genes), top 200 by avg_logFC
Muto2021_PTVCAM1_vs_PT	KAZN	35	Muto et al. 2021 Nat Commun 12:2190 doi:10.1038/s41467-021-22368-w	Supplementary Data 5 (41467_2021_22368_MOESM8_ESM.xlsx, 'Differentially expressed genes in PT_VCAM1 vs PT'); avg_logFC>0, p_val_adj<0.05 (243 genes), top 200 by avg_logFC
Muto2021_PTVCAM1_vs_PT	ZFP36	36	Muto et al. 2021 Nat Commun 12:2190 doi:10.1038/s41467-021-22368-w	Supplementary Data 5 (41467_2021_22368_MOESM8_ESM.xlsx, 'Differentially expressed genes in PT_VCAM1 vs PT'); avg_logFC>0, p_val_adj<0.05 (243 genes), top 200 by avg_logFC
Muto2021_PTVCAM1_vs_PT	SEMA5A	37	Muto et al. 2021 Nat Commun 12:2190 doi:10.1038/s41467-021-22368-w	Supplementary Data 5 (41467_2021_22368_MOESM8_ESM.xlsx, 'Differentially expressed genes in PT_VCAM1 vs PT'); avg_logFC>0, p_val_adj<0.05 (243 genes), top 200 by avg_logFC
Muto2021_PTVCAM1_vs_PT	VMP1	38	Muto et al. 2021 Nat Commun 12:2190 doi:10.1038/s41467-021-22368-w	Supplementary Data 5 (41467_2021_22368_MOESM8_ESM.xlsx, 'Differentially expressed genes in PT_VCAM1 vs PT'); avg_logFC>0, p_val_adj<0.05 (243 genes), top 200 by avg_logFC
Muto2021_PTVCAM1_vs_PT	COL4A1	39	Muto et al. 2021 Nat Commun 12:2190 doi:10.1038/s41467-021-22368-w	Supplementary Data 5 (41467_2021_22368_MOESM8_ESM.xlsx, 'Differentially expressed genes in PT_VCAM1 vs PT'); avg_logFC>0, p_val_adj<0.05 (243 genes), top 200 by avg_logFC
Muto2021_PTVCAM1_vs_PT	MT2A	40	Muto et al. 2021 Nat Commun 12:2190 doi:10.1038/s41467-021-22368-w	Supplementary Data 5 (41467_2021_22368_MOESM8_ESM.xlsx, 'Differentially expressed genes in PT_VCAM1 vs PT'); avg_logFC>0, p_val_adj<0.05 (243 genes), top 200 by avg_logFC
Muto2021_PTVCAM1_vs_PT	TRIO	41	Muto et al. 2021 Nat Commun 12:2190 doi:10.1038/s41467-021-22368-w	Supplementary Data 5 (41467_2021_22368_MOESM8_ESM.xlsx, 'Differentially expressed genes in PT_VCAM1 vs PT'); avg_logFC>0, p_val_adj<0.05 (243 genes), top 200 by avg_logFC
Muto2021_PTVCAM1_vs_PT	FAM189A1	42	Muto et al. 2021 Nat Commun 12:2190 doi:10.1038/s41467-021-22368-w	Supplementary Data 5 (41467_2021_22368_MOESM8_ESM.xlsx, 'Differentially expressed genes in PT_VCAM1 vs PT'); avg_logFC>0, p_val_adj<0.05 (243 genes), top 200 by avg_logFC
Muto2021_PTVCAM1_vs_PT	RETREG1	43	Muto et al. 2021 Nat Commun 12:2190 doi:10.1038/s41467-021-22368-w	Supplementary Data 5 (41467_2021_22368_MOESM8_ESM.xlsx, 'Differentially expressed genes in PT_VCAM1 vs PT'); avg_logFC>0, p_val_adj<0.05 (243 genes), top 200 by avg_logFC
Muto2021_PTVCAM1_vs_PT	NCEH1	44	Muto et al. 2021 Nat Commun 12:2190 doi:10.1038/s41467-021-22368-w	Supplementary Data 5 (41467_2021_22368_MOESM8_ESM.xlsx, 'Differentially expressed genes in PT_VCAM1 vs PT'); avg_logFC>0, p_val_adj<0.05 (243 genes), top 200 by avg_logFC
Muto2021_PTVCAM1_vs_PT	ARHGAP26	45	Muto et al. 2021 Nat Commun 12:2190 doi:10.1038/s41467-021-22368-w	Supplementary Data 5 (41467_2021_22368_MOESM8_ESM.xlsx, 'Differentially expressed genes in PT_VCAM1 vs PT'); avg_logFC>0, p_val_adj<0.05 (243 genes), top 200 by avg_logFC
Muto2021_PTVCAM1_vs_PT	UGT2B7	46	Muto et al. 2021 Nat Commun 12:2190 doi:10.1038/s41467-021-22368-w	Supplementary Data 5 (41467_2021_22368_MOESM8_ESM.xlsx, 'Differentially expressed genes in PT_VCAM1 vs PT'); avg_logFC>0, p_val_adj<0.05 (243 genes), top 200 by avg_logFC
Muto2021_PTVCAM1_vs_PT	AKT3	47	Muto et al. 2021 Nat Commun 12:2190 doi:10.1038/s41467-021-22368-w	Supplementary Data 5 (41467_2021_22368_MOESM8_ESM.xlsx, 'Differentially expressed genes in PT_VCAM1 vs PT'); avg_logFC>0, p_val_adj<0.05 (243 genes), top 200 by avg_logFC
Muto2021_PTVCAM1_vs_PT	LINC01320	48	Muto et al. 2021 Nat Commun 12:2190 doi:10.1038/s41467-021-22368-w	Supplementary Data 5 (41467_2021_22368_MOESM8_ESM.xlsx, 'Differentially expressed genes in PT_VCAM1 vs PT'); avg_logFC>0, p_val_adj<0.05 (243 genes), top 200 by avg_logFC
Muto2021_PTVCAM1_vs_PT	KIF26B	49	Muto et al. 2021 Nat Commun 12:2190 doi:10.1038/s41467-021-22368-w	Supplementary Data 5 (41467_2021_22368_MOESM8_ESM.xlsx, 'Differentially expressed genes in PT_VCAM1 vs PT'); avg_logFC>0, p_val_adj<0.05 (243 genes), top 200 by avg_logFC
Muto2021_PTVCAM1_vs_PT	PRUNE2	50	Muto et al. 2021 Nat Commun 12:2190 doi:10.1038/s41467-021-22368-w	Supplementary Data 5 (41467_2021_22368_MOESM8_ESM.xlsx, 'Differentially expressed genes in PT_VCAM1 vs PT'); avg_logFC>0, p_val_adj<0.05 (243 genes), top 200 by avg_logFC
Muto2021_PTVCAM1_vs_PT	COL4A2	51	Muto et al. 2021 Nat Commun 12:2190 doi:10.1038/s41467-021-22368-w	Supplementary Data 5 (41467_2021_22368_MOESM8_ESM.xlsx, 'Differentially expressed genes in PT_VCAM1 vs PT'); avg_logFC>0, p_val_adj<0.05 (243 genes), top 200 by avg_logFC
Muto2021_PTVCAM1_vs_PT	FAM135B	52	Muto et al. 2021 Nat Commun 12:2190 doi:10.1038/s41467-021-22368-w	Supplementary Data 5 (41467_2021_22368_MOESM8_ESM.xlsx, 'Differentially expressed genes in PT_VCAM1 vs PT'); avg_logFC>0, p_val_adj<0.05 (243 genes), top 200 by avg_logFC
Muto2021_PTVCAM1_vs_PT	GRIP1	53	Muto et al. 2021 Nat Commun 12:2190 doi:10.1038/s41467-021-22368-w	Supplementary Data 5 (41467_2021_22368_MOESM8_ESM.xlsx, 'Differentially expressed genes in PT_VCAM1 vs PT'); avg_logFC>0, p_val_adj<0.05 (243 genes), top 200 by avg_logFC
Muto2021_PTVCAM1_vs_PT	FOXP2	54	Muto et al. 2021 Nat Commun 12:2190 doi:10.1038/s41467-021-22368-w	Supplementary Data 5 (41467_2021_22368_MOESM8_ESM.xlsx, 'Differentially expressed genes in PT_VCAM1 vs PT'); avg_logFC>0, p_val_adj<0.05 (243 genes), top 200 by avg_logFC
Muto2021_PTVCAM1_vs_PT	AC012593.1	55	Muto et al. 2021 Nat Commun 12:2190 doi:10.1038/s41467-021-22368-w	Supplementary Data 5 (41467_2021_22368_MOESM8_ESM.xlsx, 'Differentially expressed genes in PT_VCAM1 vs PT'); avg_logFC>0, p_val_adj<0.05 (243 genes), top 200 by avg_logFC
Muto2021_PTVCAM1_vs_PT	PRICKLE1	56	Muto et al. 2021 Nat Commun 12:2190 doi:10.1038/s41467-021-22368-w	Supplementary Data 5 (41467_2021_22368_MOESM8_ESM.xlsx, 'Differentially expressed genes in PT_VCAM1 vs PT'); avg_logFC>0, p_val_adj<0.05 (243 genes), top 200 by avg_logFC
Muto2021_PTVCAM1_vs_PT	NTN4	57	Muto et al. 2021 Nat Commun 12:2190 doi:10.1038/s41467-021-22368-w	Supplementary Data 5 (41467_2021_22368_MOESM8_ESM.xlsx, 'Differentially expressed genes in PT_VCAM1 vs PT'); avg_logFC>0, p_val_adj<0.05 (243 genes), top 200 by avg_logFC
Muto2021_PTVCAM1_vs_PT	KCTD16	58	Muto et al. 2021 Nat Commun 12:2190 doi:10.1038/s41467-021-22368-w	Supplementary Data 5 (41467_2021_22368_MOESM8_ESM.xlsx, 'Differentially expressed genes in PT_VCAM1 vs PT'); avg_logFC>0, p_val_adj<0.05 (243 genes), top 200 by avg_logFC
Muto2021_PTVCAM1_vs_PT	APBB1IP	59	Muto et al. 2021 Nat Commun 12:2190 doi:10.1038/s41467-021-22368-w	Supplementary Data 5 (41467_2021_22368_MOESM8_ESM.xlsx, 'Differentially expressed genes in PT_VCAM1 vs PT'); avg_logFC>0, p_val_adj<0.05 (243 genes), top 200 by avg_logFC
Muto2021_PTVCAM1_vs_PT	COL23A1	60	Muto et al. 2021 Nat Commun 12:2190 doi:10.1038/s41467-021-22368-w	Supplementary Data 5 (41467_2021_22368_MOESM8_ESM.xlsx, 'Differentially expressed genes in PT_VCAM1 vs PT'); avg_logFC>0, p_val_adj<0.05 (243 genes), top 200 by avg_logFC
Muto2021_PTVCAM1_vs_PT	CCDC198	61	Muto et al. 2021 Nat Commun 12:2190 doi:10.1038/s41467-021-22368-w	Supplementary Data 5 (41467_2021_22368_MOESM8_ESM.xlsx, 'Differentially expressed genes in PT_VCAM1 vs PT'); avg_logFC>0, p_val_adj<0.05 (243 genes), top 200 by avg_logFC
Muto2021_PTVCAM1_vs_PT	GULP1	62	Muto et al. 2021 Nat Commun 12:2190 doi:10.1038/s41467-021-22368-w	Supplementary Data 5 (41467_2021_22368_MOESM8_ESM.xlsx, 'Differentially expressed genes in PT_VCAM1 vs PT'); avg_logFC>0, p_val_adj<0.05 (243 genes), top 200 by avg_logFC
Muto2021_PTVCAM1_vs_PT	ITGAV	63	Muto et al. 2021 Nat Commun 12:2190 doi:10.1038/s41467-021-22368-w	Supplementary Data 5 (41467_2021_22368_MOESM8_ESM.xlsx, 'Differentially expressed genes in PT_VCAM1 vs PT'); avg_logFC>0, p_val_adj<0.05 (243 genes), top 200 by avg_logFC
Muto2021_PTVCAM1_vs_PT	NFKBIZ	64	Muto et al. 2021 Nat Commun 12:2190 doi:10.1038/s41467-021-22368-w	Supplementary Data 5 (41467_2021_22368_MOESM8_ESM.xlsx, 'Differentially expressed genes in PT_VCAM1 vs PT'); avg_logFC>0, p_val_adj<0.05 (243 genes), top 200 by avg_logFC
Muto2021_PTVCAM1_vs_PT	FGF14	65	Muto et al. 2021 Nat Commun 12:2190 doi:10.1038/s41467-021-22368-w	Supplementary Data 5 (41467_2021_22368_MOESM8_ESM.xlsx, 'Differentially expressed genes in PT_VCAM1 vs PT'); avg_logFC>0, p_val_adj<0.05 (243 genes), top 200 by avg_logFC
Muto2021_PTVCAM1_vs_PT	MSC-AS1	66	Muto et al. 2021 Nat Commun 12:2190 doi:10.1038/s41467-021-22368-w	Supplementary Data 5 (41467_2021_22368_MOESM8_ESM.xlsx, 'Differentially expressed genes in PT_VCAM1 vs PT'); avg_logFC>0, p_val_adj<0.05 (243 genes), top 200 by avg_logFC
Muto2021_PTVCAM1_vs_PT	EXT1	67	Muto et al. 2021 Nat Commun 12:2190 doi:10.1038/s41467-021-22368-w	Supplementary Data 5 (41467_2021_22368_MOESM8_ESM.xlsx, 'Differentially expressed genes in PT_VCAM1 vs PT'); avg_logFC>0, p_val_adj<0.05 (243 genes), top 200 by avg_logFC
Muto2021_PTVCAM1_vs_PT	MT1E	68	Muto et al. 2021 Nat Commun 12:2190 doi:10.1038/s41467-021-22368-w	Supplementary Data 5 (41467_2021_22368_MOESM8_ESM.xlsx, 'Differentially expressed genes in PT_VCAM1 vs PT'); avg_logFC>0, p_val_adj<0.05 (243 genes), top 200 by avg_logFC
Muto2021_PTVCAM1_vs_PT	MAP3K1	69	Muto et al. 2021 Nat Commun 12:2190 doi:10.1038/s41467-021-22368-w	Supplementary Data 5 (41467_2021_22368_MOESM8_ESM.xlsx, 'Differentially expressed genes in PT_VCAM1 vs PT'); avg_logFC>0, p_val_adj<0.05 (243 genes), top 200 by avg_logFC
Muto2021_PTVCAM1_vs_PT	MT1G	70	Muto et al. 2021 Nat Commun 12:2190 doi:10.1038/s41467-021-22368-w	Supplementary Data 5 (41467_2021_22368_MOESM8_ESM.xlsx, 'Differentially expressed genes in PT_VCAM1 vs PT'); avg_logFC>0, p_val_adj<0.05 (243 genes), top 200 by avg_logFC
Muto2021_PTVCAM1_vs_PT	ELF3	71	Muto et al. 2021 Nat Commun 12:2190 doi:10.1038/s41467-021-22368-w	Supplementary Data 5 (41467_2021_22368_MOESM8_ESM.xlsx, 'Differentially expressed genes in PT_VCAM1 vs PT'); avg_logFC>0, p_val_adj<0.05 (243 genes), top 200 by avg_logFC
Muto2021_PTVCAM1_vs_PT	PDE4D	72	Muto et al. 2021 Nat Commun 12:2190 doi:10.1038/s41467-021-22368-w	Supplementary Data 5 (41467_2021_22368_MOESM8_ESM.xlsx, 'Differentially expressed genes in PT_VCAM1 vs PT'); avg_logFC>0, p_val_adj<0.05 (243 genes), top 200 by avg_logFC
Muto2021_PTVCAM1_vs_PT	DGKH	73	Muto et al. 2021 Nat Commun 12:2190 doi:10.1038/s41467-021-22368-w	Supplementary Data 5 (41467_2021_22368_MOESM8_ESM.xlsx, 'Differentially expressed genes in PT_VCAM1 vs PT'); avg_logFC>0, p_val_adj<0.05 (243 genes), top 200 by avg_logFC
Muto2021_PTVCAM1_vs_PT	NRP1	74	Muto et al. 2021 Nat Commun 12:2190 doi:10.1038/s41467-021-22368-w	Supplementary Data 5 (41467_2021_22368_MOESM8_ESM.xlsx, 'Differentially expressed genes in PT_VCAM1 vs PT'); avg_logFC>0, p_val_adj<0.05 (243 genes), top 200 by avg_logFC
Muto2021_PTVCAM1_vs_PT	PARD3B	75	Muto et al. 2021 Nat Commun 12:2190 doi:10.1038/s41467-021-22368-w	Supplementary Data 5 (41467_2021_22368_MOESM8_ESM.xlsx, 'Differentially expressed genes in PT_VCAM1 vs PT'); avg_logFC>0, p_val_adj<0.05 (243 genes), top 200 by avg_logFC
Muto2021_PTVCAM1_vs_PT	MEG8	76	Muto et al. 2021 Nat Commun 12:2190 doi:10.1038/s41467-021-22368-w	Supplementary Data 5 (41467_2021_22368_MOESM8_ESM.xlsx, 'Differentially expressed genes in PT_VCAM1 vs PT'); avg_logFC>0, p_val_adj<0.05 (243 genes), top 200 by avg_logFC
Muto2021_PTVCAM1_vs_PT	SDK1	77	Muto et al. 2021 Nat Commun 12:2190 doi:10.1038/s41467-021-22368-w	Supplementary Data 5 (41467_2021_22368_MOESM8_ESM.xlsx, 'Differentially expressed genes in PT_VCAM1 vs PT'); avg_logFC>0, p_val_adj<0.05 (243 genes), top 200 by avg_logFC
Muto2021_PTVCAM1_vs_PT	OXR1	78	Muto et al. 2021 Nat Commun 12:2190 doi:10.1038/s41467-021-22368-w	Supplementary Data 5 (41467_2021_22368_MOESM8_ESM.xlsx, 'Differentially expressed genes in PT_VCAM1 vs PT'); avg_logFC>0, p_val_adj<0.05 (243 genes), top 200 by avg_logFC
Muto2021_PTVCAM1_vs_PT	CNKSR3	79	Muto et al. 2021 Nat Commun 12:2190 doi:10.1038/s41467-021-22368-w	Supplementary Data 5 (41467_2021_22368_MOESM8_ESM.xlsx, 'Differentially expressed genes in PT_VCAM1 vs PT'); avg_logFC>0, p_val_adj<0.05 (243 genes), top 200 by avg_logFC
Muto2021_PTVCAM1_vs_PT	CLIC4	80	Muto et al. 2021 Nat Commun 12:2190 doi:10.1038/s41467-021-22368-w	Supplementary Data 5 (41467_2021_22368_MOESM8_ESM.xlsx, 'Differentially expressed genes in PT_VCAM1 vs PT'); avg_logFC>0, p_val_adj<0.05 (243 genes), top 200 by avg_logFC
Muto2021_PTVCAM1_vs_PT	PRICKLE2	81	Muto et al. 2021 Nat Commun 12:2190 doi:10.1038/s41467-021-22368-w	Supplementary Data 5 (41467_2021_22368_MOESM8_ESM.xlsx, 'Differentially expressed genes in PT_VCAM1 vs PT'); avg_logFC>0, p_val_adj<0.05 (243 genes), top 200 by avg_logFC
Muto2021_PTVCAM1_vs_PT	PARD3	82	Muto et al. 2021 Nat Commun 12:2190 doi:10.1038/s41467-021-22368-w	Supplementary Data 5 (41467_2021_22368_MOESM8_ESM.xlsx, 'Differentially expressed genes in PT_VCAM1 vs PT'); avg_logFC>0, p_val_adj<0.05 (243 genes), top 200 by avg_logFC
Muto2021_PTVCAM1_vs_PT	GPC6	83	Muto et al. 2021 Nat Commun 12:2190 doi:10.1038/s41467-021-22368-w	Supplementary Data 5 (41467_2021_22368_MOESM8_ESM.xlsx, 'Differentially expressed genes in PT_VCAM1 vs PT'); avg_logFC>0, p_val_adj<0.05 (243 genes), top 200 by avg_logFC
Muto2021_PTVCAM1_vs_PT	ZFP36L1	84	Muto et al. 2021 Nat Commun 12:2190 doi:10.1038/s41467-021-22368-w	Supplementary Data 5 (41467_2021_22368_MOESM8_ESM.xlsx, 'Differentially expressed genes in PT_VCAM1 vs PT'); avg_logFC>0, p_val_adj<0.05 (243 genes), top 200 by avg_logFC
Muto2021_PTVCAM1_vs_PT	GLS	85	Muto et al. 2021 Nat Commun 12:2190 doi:10.1038/s41467-021-22368-w	Supplementary Data 5 (41467_2021_22368_MOESM8_ESM.xlsx, 'Differentially expressed genes in PT_VCAM1 vs PT'); avg_logFC>0, p_val_adj<0.05 (243 genes), top 200 by avg_logFC
Muto2021_PTVCAM1_vs_PT	AC108062.1	86	Muto et al. 2021 Nat Commun 12:2190 doi:10.1038/s41467-021-22368-w	Supplementary Data 5 (41467_2021_22368_MOESM8_ESM.xlsx, 'Differentially expressed genes in PT_VCAM1 vs PT'); avg_logFC>0, p_val_adj<0.05 (243 genes), top 200 by avg_logFC
Muto2021_PTVCAM1_vs_PT	DTNA	87	Muto et al. 2021 Nat Commun 12:2190 doi:10.1038/s41467-021-22368-w	Supplementary Data 5 (41467_2021_22368_MOESM8_ESM.xlsx, 'Differentially expressed genes in PT_VCAM1 vs PT'); avg_logFC>0, p_val_adj<0.05 (243 genes), top 200 by avg_logFC
Muto2021_PTVCAM1_vs_PT	SVIL	88	Muto et al. 2021 Nat Commun 12:2190 doi:10.1038/s41467-021-22368-w	Supplementary Data 5 (41467_2021_22368_MOESM8_ESM.xlsx, 'Differentially expressed genes in PT_VCAM1 vs PT'); avg_logFC>0, p_val_adj<0.05 (243 genes), top 200 by avg_logFC
Muto2021_PTVCAM1_vs_PT	LINC02532	89	Muto et al. 2021 Nat Commun 12:2190 doi:10.1038/s41467-021-22368-w	Supplementary Data 5 (41467_2021_22368_MOESM8_ESM.xlsx, 'Differentially expressed genes in PT_VCAM1 vs PT'); avg_logFC>0, p_val_adj<0.05 (243 genes), top 200 by avg_logFC
Muto2021_PTVCAM1_vs_PT	PKHD1	90	Muto et al. 2021 Nat Commun 12:2190 doi:10.1038/s41467-021-22368-w	Supplementary Data 5 (41467_2021_22368_MOESM8_ESM.xlsx, 'Differentially expressed genes in PT_VCAM1 vs PT'); avg_logFC>0, p_val_adj<0.05 (243 genes), top 200 by avg_logFC
Muto2021_PTVCAM1_vs_PT	MAML2	91	Muto et al. 2021 Nat Commun 12:2190 doi:10.1038/s41467-021-22368-w	Supplementary Data 5 (41467_2021_22368_MOESM8_ESM.xlsx, 'Differentially expressed genes in PT_VCAM1 vs PT'); avg_logFC>0, p_val_adj<0.05 (243 genes), top 200 by avg_logFC
Muto2021_PTVCAM1_vs_PT	TNIK	92	Muto et al. 2021 Nat Commun 12:2190 doi:10.1038/s41467-021-22368-w	Supplementary Data 5 (41467_2021_22368_MOESM8_ESM.xlsx, 'Differentially expressed genes in PT_VCAM1 vs PT'); avg_logFC>0, p_val_adj<0.05 (243 genes), top 200 by avg_logFC
Muto2021_PTVCAM1_vs_PT	BICD1	93	Muto et al. 2021 Nat Commun 12:2190 doi:10.1038/s41467-021-22368-w	Supplementary Data 5 (41467_2021_22368_MOESM8_ESM.xlsx, 'Differentially expressed genes in PT_VCAM1 vs PT'); avg_logFC>0, p_val_adj<0.05 (243 genes), top 200 by avg_logFC
Muto2021_PTVCAM1_vs_PT	UBC	94	Muto et al. 2021 Nat Commun 12:2190 doi:10.1038/s41467-021-22368-w	Supplementary Data 5 (41467_2021_22368_MOESM8_ESM.xlsx, 'Differentially expressed genes in PT_VCAM1 vs PT'); avg_logFC>0, p_val_adj<0.05 (243 genes), top 200 by avg_logFC
Muto2021_PTVCAM1_vs_PT	CRIM1	95	Muto et al. 2021 Nat Commun 12:2190 doi:10.1038/s41467-021-22368-w	Supplementary Data 5 (41467_2021_22368_MOESM8_ESM.xlsx, 'Differentially expressed genes in PT_VCAM1 vs PT'); avg_logFC>0, p_val_adj<0.05 (243 genes), top 200 by avg_logFC
Muto2021_PTVCAM1_vs_PT	FLNB	96	Muto et al. 2021 Nat Commun 12:2190 doi:10.1038/s41467-021-22368-w	Supplementary Data 5 (41467_2021_22368_MOESM8_ESM.xlsx, 'Differentially expressed genes in PT_VCAM1 vs PT'); avg_logFC>0, p_val_adj<0.05 (243 genes), top 200 by avg_logFC
Muto2021_PTVCAM1_vs_PT	NEBL	97	Muto et al. 2021 Nat Commun 12:2190 doi:10.1038/s41467-021-22368-w	Supplementary Data 5 (41467_2021_22368_MOESM8_ESM.xlsx, 'Differentially expressed genes in PT_VCAM1 vs PT'); avg_logFC>0, p_val_adj<0.05 (243 genes), top 200 by avg_logFC
Muto2021_PTVCAM1_vs_PT	ANKRD33B	98	Muto et al. 2021 Nat Commun 12:2190 doi:10.1038/s41467-021-22368-w	Supplementary Data 5 (41467_2021_22368_MOESM8_ESM.xlsx, 'Differentially expressed genes in PT_VCAM1 vs PT'); avg_logFC>0, p_val_adj<0.05 (243 genes), top 200 by avg_logFC
Muto2021_PTVCAM1_vs_PT	UNC5D	99	Muto et al. 2021 Nat Commun 12:2190 doi:10.1038/s41467-021-22368-w	Supplementary Data 5 (41467_2021_22368_MOESM8_ESM.xlsx, 'Differentially expressed genes in PT_VCAM1 vs PT'); avg_logFC>0, p_val_adj<0.05 (243 genes), top 200 by avg_logFC
Muto2021_PTVCAM1_vs_PT	PDE7B	100	Muto et al. 2021 Nat Commun 12:2190 doi:10.1038/s41467-021-22368-w	Supplementary Data 5 (41467_2021_22368_MOESM8_ESM.xlsx, 'Differentially expressed genes in PT_VCAM1 vs PT'); avg_logFC>0, p_val_adj<0.05 (243 genes), top 200 by avg_logFC
Muto2021_PTVCAM1_vs_PT	PRKD1	101	Muto et al. 2021 Nat Commun 12:2190 doi:10.1038/s41467-021-22368-w	Supplementary Data 5 (41467_2021_22368_MOESM8_ESM.xlsx, 'Differentially expressed genes in PT_VCAM1 vs PT'); avg_logFC>0, p_val_adj<0.05 (243 genes), top 200 by avg_logFC
Muto2021_PTVCAM1_vs_PT	TENM3	102	Muto et al. 2021 Nat Commun 12:2190 doi:10.1038/s41467-021-22368-w	Supplementary Data 5 (41467_2021_22368_MOESM8_ESM.xlsx, 'Differentially expressed genes in PT_VCAM1 vs PT'); avg_logFC>0, p_val_adj<0.05 (243 genes), top 200 by avg_logFC
Muto2021_PTVCAM1_vs_PT	DCLK1	103	Muto et al. 2021 Nat Commun 12:2190 doi:10.1038/s41467-021-22368-w	Supplementary Data 5 (41467_2021_22368_MOESM8_ESM.xlsx, 'Differentially expressed genes in PT_VCAM1 vs PT'); avg_logFC>0, p_val_adj<0.05 (243 genes), top 200 by avg_logFC
Muto2021_PTVCAM1_vs_PT	SLCO3A1	104	Muto et al. 2021 Nat Commun 12:2190 doi:10.1038/s41467-021-22368-w	Supplementary Data 5 (41467_2021_22368_MOESM8_ESM.xlsx, 'Differentially expressed genes in PT_VCAM1 vs PT'); avg_logFC>0, p_val_adj<0.05 (243 genes), top 200 by avg_logFC
Muto2021_PTVCAM1_vs_PT	MEF2A	105	Muto et al. 2021 Nat Commun 12:2190 doi:10.1038/s41467-021-22368-w	Supplementary Data 5 (41467_2021_22368_MOESM8_ESM.xlsx, 'Differentially expressed genes in PT_VCAM1 vs PT'); avg_logFC>0, p_val_adj<0.05 (243 genes), top 200 by avg_logFC
Muto2021_PTVCAM1_vs_PT	TTLL7	106	Muto et al. 2021 Nat Commun 12:2190 doi:10.1038/s41467-021-22368-w	Supplementary Data 5 (41467_2021_22368_MOESM8_ESM.xlsx, 'Differentially expressed genes in PT_VCAM1 vs PT'); avg_logFC>0, p_val_adj<0.05 (243 genes), top 200 by avg_logFC
Muto2021_PTVCAM1_vs_PT	NFKBIA	107	Muto et al. 2021 Nat Commun 12:2190 doi:10.1038/s41467-021-22368-w	Supplementary Data 5 (41467_2021_22368_MOESM8_ESM.xlsx, 'Differentially expressed genes in PT_VCAM1 vs PT'); avg_logFC>0, p_val_adj<0.05 (243 genes), top 200 by avg_logFC
Muto2021_PTVCAM1_vs_PT	FCHSD2	108	Muto et al. 2021 Nat Commun 12:2190 doi:10.1038/s41467-021-22368-w	Supplementary Data 5 (41467_2021_22368_MOESM8_ESM.xlsx, 'Differentially expressed genes in PT_VCAM1 vs PT'); avg_logFC>0, p_val_adj<0.05 (243 genes), top 200 by avg_logFC
Muto2021_PTVCAM1_vs_PT	PLCB4	109	Muto et al. 2021 Nat Commun 12:2190 doi:10.1038/s41467-021-22368-w	Supplementary Data 5 (41467_2021_22368_MOESM8_ESM.xlsx, 'Differentially expressed genes in PT_VCAM1 vs PT'); avg_logFC>0, p_val_adj<0.05 (243 genes), top 200 by avg_logFC
Muto2021_PTVCAM1_vs_PT	ADGRG6	110	Muto et al. 2021 Nat Commun 12:2190 doi:10.1038/s41467-021-22368-w	Supplementary Data 5 (41467_2021_22368_MOESM8_ESM.xlsx, 'Differentially expressed genes in PT_VCAM1 vs PT'); avg_logFC>0, p_val_adj<0.05 (243 genes), top 200 by avg_logFC
Muto2021_PTVCAM1_vs_PT	NEDD9	111	Muto et al. 2021 Nat Commun 12:2190 doi:10.1038/s41467-021-22368-w	Supplementary Data 5 (41467_2021_22368_MOESM8_ESM.xlsx, 'Differentially expressed genes in PT_VCAM1 vs PT'); avg_logFC>0, p_val_adj<0.05 (243 genes), top 200 by avg_logFC
Muto2021_PTVCAM1_vs_PT	DOCK11	112	Muto et al. 2021 Nat Commun 12:2190 doi:10.1038/s41467-021-22368-w	Supplementary Data 5 (41467_2021_22368_MOESM8_ESM.xlsx, 'Differentially expressed genes in PT_VCAM1 vs PT'); avg_logFC>0, p_val_adj<0.05 (243 genes), top 200 by avg_logFC
Muto2021_PTVCAM1_vs_PT	PPP1R9A	113	Muto et al. 2021 Nat Commun 12:2190 doi:10.1038/s41467-021-22368-w	Supplementary Data 5 (41467_2021_22368_MOESM8_ESM.xlsx, 'Differentially expressed genes in PT_VCAM1 vs PT'); avg_logFC>0, p_val_adj<0.05 (243 genes), top 200 by avg_logFC
Muto2021_PTVCAM1_vs_PT	DUSP1	114	Muto et al. 2021 Nat Commun 12:2190 doi:10.1038/s41467-021-22368-w	Supplementary Data 5 (41467_2021_22368_MOESM8_ESM.xlsx, 'Differentially expressed genes in PT_VCAM1 vs PT'); avg_logFC>0, p_val_adj<0.05 (243 genes), top 200 by avg_logFC
Muto2021_PTVCAM1_vs_PT	NUAK2	115	Muto et al. 2021 Nat Commun 12:2190 doi:10.1038/s41467-021-22368-w	Supplementary Data 5 (41467_2021_22368_MOESM8_ESM.xlsx, 'Differentially expressed genes in PT_VCAM1 vs PT'); avg_logFC>0, p_val_adj<0.05 (243 genes), top 200 by avg_logFC
Muto2021_PTVCAM1_vs_PT	ITGA3	116	Muto et al. 2021 Nat Commun 12:2190 doi:10.1038/s41467-021-22368-w	Supplementary Data 5 (41467_2021_22368_MOESM8_ESM.xlsx, 'Differentially expressed genes in PT_VCAM1 vs PT'); avg_logFC>0, p_val_adj<0.05 (243 genes), top 200 by avg_logFC
Muto2021_PTVCAM1_vs_PT	LRRK2	117	Muto et al. 2021 Nat Commun 12:2190 doi:10.1038/s41467-021-22368-w	Supplementary Data 5 (41467_2021_22368_MOESM8_ESM.xlsx, 'Differentially expressed genes in PT_VCAM1 vs PT'); avg_logFC>0, p_val_adj<0.05 (243 genes), top 200 by avg_logFC
Muto2021_PTVCAM1_vs_PT	WWC1	118	Muto et al. 2021 Nat Commun 12:2190 doi:10.1038/s41467-021-22368-w	Supplementary Data 5 (41467_2021_22368_MOESM8_ESM.xlsx, 'Differentially expressed genes in PT_VCAM1 vs PT'); avg_logFC>0, p_val_adj<0.05 (243 genes), top 200 by avg_logFC
Muto2021_PTVCAM1_vs_PT	BACH2	119	Muto et al. 2021 Nat Commun 12:2190 doi:10.1038/s41467-021-22368-w	Supplementary Data 5 (41467_2021_22368_MOESM8_ESM.xlsx, 'Differentially expressed genes in PT_VCAM1 vs PT'); avg_logFC>0, p_val_adj<0.05 (243 genes), top 200 by avg_logFC
Muto2021_PTVCAM1_vs_PT	APP	120	Muto et al. 2021 Nat Commun 12:2190 doi:10.1038/s41467-021-22368-w	Supplementary Data 5 (41467_2021_22368_MOESM8_ESM.xlsx, 'Differentially expressed genes in PT_VCAM1 vs PT'); avg_logFC>0, p_val_adj<0.05 (243 genes), top 200 by avg_logFC
Muto2021_PTVCAM1_vs_PT	RNF144B	121	Muto et al. 2021 Nat Commun 12:2190 doi:10.1038/s41467-021-22368-w	Supplementary Data 5 (41467_2021_22368_MOESM8_ESM.xlsx, 'Differentially expressed genes in PT_VCAM1 vs PT'); avg_logFC>0, p_val_adj<0.05 (243 genes), top 200 by avg_logFC
Muto2021_PTVCAM1_vs_PT	ADAMTS16	122	Muto et al. 2021 Nat Commun 12:2190 doi:10.1038/s41467-021-22368-w	Supplementary Data 5 (41467_2021_22368_MOESM8_ESM.xlsx, 'Differentially expressed genes in PT_VCAM1 vs PT'); avg_logFC>0, p_val_adj<0.05 (243 genes), top 200 by avg_logFC
Muto2021_PTVCAM1_vs_PT	MYLK	123	Muto et al. 2021 Nat Commun 12:2190 doi:10.1038/s41467-021-22368-w	Supplementary Data 5 (41467_2021_22368_MOESM8_ESM.xlsx, 'Differentially expressed genes in PT_VCAM1 vs PT'); avg_logFC>0, p_val_adj<0.05 (243 genes), top 200 by avg_logFC
Muto2021_PTVCAM1_vs_PT	TJP1	124	Muto et al. 2021 Nat Commun 12:2190 doi:10.1038/s41467-021-22368-w	Supplementary Data 5 (41467_2021_22368_MOESM8_ESM.xlsx, 'Differentially expressed genes in PT_VCAM1 vs PT'); avg_logFC>0, p_val_adj<0.05 (243 genes), top 200 by avg_logFC
Muto2021_PTVCAM1_vs_PT	MICAL3	125	Muto et al. 2021 Nat Commun 12:2190 doi:10.1038/s41467-021-22368-w	Supplementary Data 5 (41467_2021_22368_MOESM8_ESM.xlsx, 'Differentially expressed genes in PT_VCAM1 vs PT'); avg_logFC>0, p_val_adj<0.05 (243 genes), top 200 by avg_logFC
Muto2021_PTVCAM1_vs_PT	IMMP2L	126	Muto et al. 2021 Nat Commun 12:2190 doi:10.1038/s41467-021-22368-w	Supplementary Data 5 (41467_2021_22368_MOESM8_ESM.xlsx, 'Differentially expressed genes in PT_VCAM1 vs PT'); avg_logFC>0, p_val_adj<0.05 (243 genes), top 200 by avg_logFC
Muto2021_PTVCAM1_vs_PT	FNDC3B	127	Muto et al. 2021 Nat Commun 12:2190 doi:10.1038/s41467-021-22368-w	Supplementary Data 5 (41467_2021_22368_MOESM8_ESM.xlsx, 'Differentially expressed genes in PT_VCAM1 vs PT'); avg_logFC>0, p_val_adj<0.05 (243 genes), top 200 by avg_logFC
Muto2021_PTVCAM1_vs_PT	CDH6	128	Muto et al. 2021 Nat Commun 12:2190 doi:10.1038/s41467-021-22368-w	Supplementary Data 5 (41467_2021_22368_MOESM8_ESM.xlsx, 'Differentially expressed genes in PT_VCAM1 vs PT'); avg_logFC>0, p_val_adj<0.05 (243 genes), top 200 by avg_logFC
Muto2021_PTVCAM1_vs_PT	AC018467.1	129	Muto et al. 2021 Nat Commun 12:2190 doi:10.1038/s41467-021-22368-w	Supplementary Data 5 (41467_2021_22368_MOESM8_ESM.xlsx, 'Differentially expressed genes in PT_VCAM1 vs PT'); avg_logFC>0, p_val_adj<0.05 (243 genes), top 200 by avg_logFC
Muto2021_PTVCAM1_vs_PT	NPAS3	130	Muto et al. 2021 Nat Commun 12:2190 doi:10.1038/s41467-021-22368-w	Supplementary Data 5 (41467_2021_22368_MOESM8_ESM.xlsx, 'Differentially expressed genes in PT_VCAM1 vs PT'); avg_logFC>0, p_val_adj<0.05 (243 genes), top 200 by avg_logFC
Muto2021_PTVCAM1_vs_PT	RORA	131	Muto et al. 2021 Nat Commun 12:2190 doi:10.1038/s41467-021-22368-w	Supplementary Data 5 (41467_2021_22368_MOESM8_ESM.xlsx, 'Differentially expressed genes in PT_VCAM1 vs PT'); avg_logFC>0, p_val_adj<0.05 (243 genes), top 200 by avg_logFC
Muto2021_PTVCAM1_vs_PT	SULT1C4	132	Muto et al. 2021 Nat Commun 12:2190 doi:10.1038/s41467-021-22368-w	Supplementary Data 5 (41467_2021_22368_MOESM8_ESM.xlsx, 'Differentially expressed genes in PT_VCAM1 vs PT'); avg_logFC>0, p_val_adj<0.05 (243 genes), top 200 by avg_logFC
Muto2021_PTVCAM1_vs_PT	SLC35F3	133	Muto et al. 2021 Nat Commun 12:2190 doi:10.1038/s41467-021-22368-w	Supplementary Data 5 (41467_2021_22368_MOESM8_ESM.xlsx, 'Differentially expressed genes in PT_VCAM1 vs PT'); avg_logFC>0, p_val_adj<0.05 (243 genes), top 200 by avg_logFC
Muto2021_PTVCAM1_vs_PT	FTH1	134	Muto et al. 2021 Nat Commun 12:2190 doi:10.1038/s41467-021-22368-w	Supplementary Data 5 (41467_2021_22368_MOESM8_ESM.xlsx, 'Differentially expressed genes in PT_VCAM1 vs PT'); avg_logFC>0, p_val_adj<0.05 (243 genes), top 200 by avg_logFC
Muto2021_PTVCAM1_vs_PT	UBE2D2	135	Muto et al. 2021 Nat Commun 12:2190 doi:10.1038/s41467-021-22368-w	Supplementary Data 5 (41467_2021_22368_MOESM8_ESM.xlsx, 'Differentially expressed genes in PT_VCAM1 vs PT'); avg_logFC>0, p_val_adj<0.05 (243 genes), top 200 by avg_logFC
Muto2021_PTVCAM1_vs_PT	SEMA6A	136	Muto et al. 2021 Nat Commun 12:2190 doi:10.1038/s41467-021-22368-w	Supplementary Data 5 (41467_2021_22368_MOESM8_ESM.xlsx, 'Differentially expressed genes in PT_VCAM1 vs PT'); avg_logFC>0, p_val_adj<0.05 (243 genes), top 200 by avg_logFC
Muto2021_PTVCAM1_vs_PT	PROM1	137	Muto et al. 2021 Nat Commun 12:2190 doi:10.1038/s41467-021-22368-w	Supplementary Data 5 (41467_2021_22368_MOESM8_ESM.xlsx, 'Differentially expressed genes in PT_VCAM1 vs PT'); avg_logFC>0, p_val_adj<0.05 (243 genes), top 200 by avg_logFC
Muto2021_PTVCAM1_vs_PT	EGR1	138	Muto et al. 2021 Nat Commun 12:2190 doi:10.1038/s41467-021-22368-w	Supplementary Data 5 (41467_2021_22368_MOESM8_ESM.xlsx, 'Differentially expressed genes in PT_VCAM1 vs PT'); avg_logFC>0, p_val_adj<0.05 (243 genes), top 200 by avg_logFC
Muto2021_PTVCAM1_vs_PT	RHOB	139	Muto et al. 2021 Nat Commun 12:2190 doi:10.1038/s41467-021-22368-w	Supplementary Data 5 (41467_2021_22368_MOESM8_ESM.xlsx, 'Differentially expressed genes in PT_VCAM1 vs PT'); avg_logFC>0, p_val_adj<0.05 (243 genes), top 200 by avg_logFC
Muto2021_PTVCAM1_vs_PT	RASAL2	140	Muto et al. 2021 Nat Commun 12:2190 doi:10.1038/s41467-021-22368-w	Supplementary Data 5 (41467_2021_22368_MOESM8_ESM.xlsx, 'Differentially expressed genes in PT_VCAM1 vs PT'); avg_logFC>0, p_val_adj<0.05 (243 genes), top 200 by avg_logFC
Muto2021_PTVCAM1_vs_PT	PPP1CB	141	Muto et al. 2021 Nat Commun 12:2190 doi:10.1038/s41467-021-22368-w	Supplementary Data 5 (41467_2021_22368_MOESM8_ESM.xlsx, 'Differentially expressed genes in PT_VCAM1 vs PT'); avg_logFC>0, p_val_adj<0.05 (243 genes), top 200 by avg_logFC
Muto2021_PTVCAM1_vs_PT	RFTN1	142	Muto et al. 2021 Nat Commun 12:2190 doi:10.1038/s41467-021-22368-w	Supplementary Data 5 (41467_2021_22368_MOESM8_ESM.xlsx, 'Differentially expressed genes in PT_VCAM1 vs PT'); avg_logFC>0, p_val_adj<0.05 (243 genes), top 200 by avg_logFC
Muto2021_PTVCAM1_vs_PT	ADAMTS9-AS2	143	Muto et al. 2021 Nat Commun 12:2190 doi:10.1038/s41467-021-22368-w	Supplementary Data 5 (41467_2021_22368_MOESM8_ESM.xlsx, 'Differentially expressed genes in PT_VCAM1 vs PT'); avg_logFC>0, p_val_adj<0.05 (243 genes), top 200 by avg_logFC
Muto2021_PTVCAM1_vs_PT	RBMS1	144	Muto et al. 2021 Nat Commun 12:2190 doi:10.1038/s41467-021-22368-w	Supplementary Data 5 (41467_2021_22368_MOESM8_ESM.xlsx, 'Differentially expressed genes in PT_VCAM1 vs PT'); avg_logFC>0, p_val_adj<0.05 (243 genes), top 200 by avg_logFC
Muto2021_PTVCAM1_vs_PT	ANKRD6	145	Muto et al. 2021 Nat Commun 12:2190 doi:10.1038/s41467-021-22368-w	Supplementary Data 5 (41467_2021_22368_MOESM8_ESM.xlsx, 'Differentially expressed genes in PT_VCAM1 vs PT'); avg_logFC>0, p_val_adj<0.05 (243 genes), top 200 by avg_logFC
Muto2021_PTVCAM1_vs_PT	DSCAML1	146	Muto et al. 2021 Nat Commun 12:2190 doi:10.1038/s41467-021-22368-w	Supplementary Data 5 (41467_2021_22368_MOESM8_ESM.xlsx, 'Differentially expressed genes in PT_VCAM1 vs PT'); avg_logFC>0, p_val_adj<0.05 (243 genes), top 200 by avg_logFC
Muto2021_PTVCAM1_vs_PT	MITF	147	Muto et al. 2021 Nat Commun 12:2190 doi:10.1038/s41467-021-22368-w	Supplementary Data 5 (41467_2021_22368_MOESM8_ESM.xlsx, 'Differentially expressed genes in PT_VCAM1 vs PT'); avg_logFC>0, p_val_adj<0.05 (243 genes), top 200 by avg_logFC
Muto2021_PTVCAM1_vs_PT	EPB41L2	148	Muto et al. 2021 Nat Commun 12:2190 doi:10.1038/s41467-021-22368-w	Supplementary Data 5 (41467_2021_22368_MOESM8_ESM.xlsx, 'Differentially expressed genes in PT_VCAM1 vs PT'); avg_logFC>0, p_val_adj<0.05 (243 genes), top 200 by avg_logFC
Muto2021_PTVCAM1_vs_PT	AC005699.1	149	Muto et al. 2021 Nat Commun 12:2190 doi:10.1038/s41467-021-22368-w	Supplementary Data 5 (41467_2021_22368_MOESM8_ESM.xlsx, 'Differentially expressed genes in PT_VCAM1 vs PT'); avg_logFC>0, p_val_adj<0.05 (243 genes), top 200 by avg_logFC
Muto2021_PTVCAM1_vs_PT	PLA2G4C	150	Muto et al. 2021 Nat Commun 12:2190 doi:10.1038/s41467-021-22368-w	Supplementary Data 5 (41467_2021_22368_MOESM8_ESM.xlsx, 'Differentially expressed genes in PT_VCAM1 vs PT'); avg_logFC>0, p_val_adj<0.05 (243 genes), top 200 by avg_logFC
Muto2021_PTVCAM1_vs_PT	ZNF608	151	Muto et al. 2021 Nat Commun 12:2190 doi:10.1038/s41467-021-22368-w	Supplementary Data 5 (41467_2021_22368_MOESM8_ESM.xlsx, 'Differentially expressed genes in PT_VCAM1 vs PT'); avg_logFC>0, p_val_adj<0.05 (243 genes), top 200 by avg_logFC
Muto2021_PTVCAM1_vs_PT	MYO3A	152	Muto et al. 2021 Nat Commun 12:2190 doi:10.1038/s41467-021-22368-w	Supplementary Data 5 (41467_2021_22368_MOESM8_ESM.xlsx, 'Differentially expressed genes in PT_VCAM1 vs PT'); avg_logFC>0, p_val_adj<0.05 (243 genes), top 200 by avg_logFC
Muto2021_PTVCAM1_vs_PT	ABCB1	153	Muto et al. 2021 Nat Commun 12:2190 doi:10.1038/s41467-021-22368-w	Supplementary Data 5 (41467_2021_22368_MOESM8_ESM.xlsx, 'Differentially expressed genes in PT_VCAM1 vs PT'); avg_logFC>0, p_val_adj<0.05 (243 genes), top 200 by avg_logFC
Muto2021_PTVCAM1_vs_PT	KLHL29	154	Muto et al. 2021 Nat Commun 12:2190 doi:10.1038/s41467-021-22368-w	Supplementary Data 5 (41467_2021_22368_MOESM8_ESM.xlsx, 'Differentially expressed genes in PT_VCAM1 vs PT'); avg_logFC>0, p_val_adj<0.05 (243 genes), top 200 by avg_logFC
Muto2021_PTVCAM1_vs_PT	EPB41L1	155	Muto et al. 2021 Nat Commun 12:2190 doi:10.1038/s41467-021-22368-w	Supplementary Data 5 (41467_2021_22368_MOESM8_ESM.xlsx, 'Differentially expressed genes in PT_VCAM1 vs PT'); avg_logFC>0, p_val_adj<0.05 (243 genes), top 200 by avg_logFC
Muto2021_PTVCAM1_vs_PT	KLHL13	156	Muto et al. 2021 Nat Commun 12:2190 doi:10.1038/s41467-021-22368-w	Supplementary Data 5 (41467_2021_22368_MOESM8_ESM.xlsx, 'Differentially expressed genes in PT_VCAM1 vs PT'); avg_logFC>0, p_val_adj<0.05 (243 genes), top 200 by avg_logFC
Muto2021_PTVCAM1_vs_PT	FER	157	Muto et al. 2021 Nat Commun 12:2190 doi:10.1038/s41467-021-22368-w	Supplementary Data 5 (41467_2021_22368_MOESM8_ESM.xlsx, 'Differentially expressed genes in PT_VCAM1 vs PT'); avg_logFC>0, p_val_adj<0.05 (243 genes), top 200 by avg_logFC
Muto2021_PTVCAM1_vs_PT	JADE1	158	Muto et al. 2021 Nat Commun 12:2190 doi:10.1038/s41467-021-22368-w	Supplementary Data 5 (41467_2021_22368_MOESM8_ESM.xlsx, 'Differentially expressed genes in PT_VCAM1 vs PT'); avg_logFC>0, p_val_adj<0.05 (243 genes), top 200 by avg_logFC
Muto2021_PTVCAM1_vs_PT	EGFR	159	Muto et al. 2021 Nat Commun 12:2190 doi:10.1038/s41467-021-22368-w	Supplementary Data 5 (41467_2021_22368_MOESM8_ESM.xlsx, 'Differentially expressed genes in PT_VCAM1 vs PT'); avg_logFC>0, p_val_adj<0.05 (243 genes), top 200 by avg_logFC
Muto2021_PTVCAM1_vs_PT	STK32B	160	Muto et al. 2021 Nat Commun 12:2190 doi:10.1038/s41467-021-22368-w	Supplementary Data 5 (41467_2021_22368_MOESM8_ESM.xlsx, 'Differentially expressed genes in PT_VCAM1 vs PT'); avg_logFC>0, p_val_adj<0.05 (243 genes), top 200 by avg_logFC
Muto2021_PTVCAM1_vs_PT	SLC22A2	161	Muto et al. 2021 Nat Commun 12:2190 doi:10.1038/s41467-021-22368-w	Supplementary Data 5 (41467_2021_22368_MOESM8_ESM.xlsx, 'Differentially expressed genes in PT_VCAM1 vs PT'); avg_logFC>0, p_val_adj<0.05 (243 genes), top 200 by avg_logFC
Muto2021_PTVCAM1_vs_PT	MTMR10	162	Muto et al. 2021 Nat Commun 12:2190 doi:10.1038/s41467-021-22368-w	Supplementary Data 5 (41467_2021_22368_MOESM8_ESM.xlsx, 'Differentially expressed genes in PT_VCAM1 vs PT'); avg_logFC>0, p_val_adj<0.05 (243 genes), top 200 by avg_logFC
Muto2021_PTVCAM1_vs_PT	FGF13	163	Muto et al. 2021 Nat Commun 12:2190 doi:10.1038/s41467-021-22368-w	Supplementary Data 5 (41467_2021_22368_MOESM8_ESM.xlsx, 'Differentially expressed genes in PT_VCAM1 vs PT'); avg_logFC>0, p_val_adj<0.05 (243 genes), top 200 by avg_logFC
Muto2021_PTVCAM1_vs_PT	EPHA7	164	Muto et al. 2021 Nat Commun 12:2190 doi:10.1038/s41467-021-22368-w	Supplementary Data 5 (41467_2021_22368_MOESM8_ESM.xlsx, 'Differentially expressed genes in PT_VCAM1 vs PT'); avg_logFC>0, p_val_adj<0.05 (243 genes), top 200 by avg_logFC
Muto2021_PTVCAM1_vs_PT	SUPT3H	165	Muto et al. 2021 Nat Commun 12:2190 doi:10.1038/s41467-021-22368-w	Supplementary Data 5 (41467_2021_22368_MOESM8_ESM.xlsx, 'Differentially expressed genes in PT_VCAM1 vs PT'); avg_logFC>0, p_val_adj<0.05 (243 genes), top 200 by avg_logFC
Muto2021_PTVCAM1_vs_PT	RAP1GAP2	166	Muto et al. 2021 Nat Commun 12:2190 doi:10.1038/s41467-021-22368-w	Supplementary Data 5 (41467_2021_22368_MOESM8_ESM.xlsx, 'Differentially expressed genes in PT_VCAM1 vs PT'); avg_logFC>0, p_val_adj<0.05 (243 genes), top 200 by avg_logFC
Muto2021_PTVCAM1_vs_PT	ANO9	167	Muto et al. 2021 Nat Commun 12:2190 doi:10.1038/s41467-021-22368-w	Supplementary Data 5 (41467_2021_22368_MOESM8_ESM.xlsx, 'Differentially expressed genes in PT_VCAM1 vs PT'); avg_logFC>0, p_val_adj<0.05 (243 genes), top 200 by avg_logFC
Muto2021_PTVCAM1_vs_PT	AL096799.1	168	Muto et al. 2021 Nat Commun 12:2190 doi:10.1038/s41467-021-22368-w	Supplementary Data 5 (41467_2021_22368_MOESM8_ESM.xlsx, 'Differentially expressed genes in PT_VCAM1 vs PT'); avg_logFC>0, p_val_adj<0.05 (243 genes), top 200 by avg_logFC
Muto2021_PTVCAM1_vs_PT	CCDC178	169	Muto et al. 2021 Nat Commun 12:2190 doi:10.1038/s41467-021-22368-w	Supplementary Data 5 (41467_2021_22368_MOESM8_ESM.xlsx, 'Differentially expressed genes in PT_VCAM1 vs PT'); avg_logFC>0, p_val_adj<0.05 (243 genes), top 200 by avg_logFC
Muto2021_PTVCAM1_vs_PT	PVT1	170	Muto et al. 2021 Nat Commun 12:2190 doi:10.1038/s41467-021-22368-w	Supplementary Data 5 (41467_2021_22368_MOESM8_ESM.xlsx, 'Differentially expressed genes in PT_VCAM1 vs PT'); avg_logFC>0, p_val_adj<0.05 (243 genes), top 200 by avg_logFC
Muto2021_PTVCAM1_vs_PT	P3H2	171	Muto et al. 2021 Nat Commun 12:2190 doi:10.1038/s41467-021-22368-w	Supplementary Data 5 (41467_2021_22368_MOESM8_ESM.xlsx, 'Differentially expressed genes in PT_VCAM1 vs PT'); avg_logFC>0, p_val_adj<0.05 (243 genes), top 200 by avg_logFC
Muto2021_PTVCAM1_vs_PT	LRCH1	172	Muto et al. 2021 Nat Commun 12:2190 doi:10.1038/s41467-021-22368-w	Supplementary Data 5 (41467_2021_22368_MOESM8_ESM.xlsx, 'Differentially expressed genes in PT_VCAM1 vs PT'); avg_logFC>0, p_val_adj<0.05 (243 genes), top 200 by avg_logFC
Muto2021_PTVCAM1_vs_PT	WWC2	173	Muto et al. 2021 Nat Commun 12:2190 doi:10.1038/s41467-021-22368-w	Supplementary Data 5 (41467_2021_22368_MOESM8_ESM.xlsx, 'Differentially expressed genes in PT_VCAM1 vs PT'); avg_logFC>0, p_val_adj<0.05 (243 genes), top 200 by avg_logFC
Muto2021_PTVCAM1_vs_PT	ACTB	174	Muto et al. 2021 Nat Commun 12:2190 doi:10.1038/s41467-021-22368-w	Supplementary Data 5 (41467_2021_22368_MOESM8_ESM.xlsx, 'Differentially expressed genes in PT_VCAM1 vs PT'); avg_logFC>0, p_val_adj<0.05 (243 genes), top 200 by avg_logFC
Muto2021_PTVCAM1_vs_PT	FMNL2	175	Muto et al. 2021 Nat Commun 12:2190 doi:10.1038/s41467-021-22368-w	Supplementary Data 5 (41467_2021_22368_MOESM8_ESM.xlsx, 'Differentially expressed genes in PT_VCAM1 vs PT'); avg_logFC>0, p_val_adj<0.05 (243 genes), top 200 by avg_logFC
Muto2021_PTVCAM1_vs_PT	PTPRK	176	Muto et al. 2021 Nat Commun 12:2190 doi:10.1038/s41467-021-22368-w	Supplementary Data 5 (41467_2021_22368_MOESM8_ESM.xlsx, 'Differentially expressed genes in PT_VCAM1 vs PT'); avg_logFC>0, p_val_adj<0.05 (243 genes), top 200 by avg_logFC
Muto2021_PTVCAM1_vs_PT	MET	177	Muto et al. 2021 Nat Commun 12:2190 doi:10.1038/s41467-021-22368-w	Supplementary Data 5 (41467_2021_22368_MOESM8_ESM.xlsx, 'Differentially expressed genes in PT_VCAM1 vs PT'); avg_logFC>0, p_val_adj<0.05 (243 genes), top 200 by avg_logFC
Muto2021_PTVCAM1_vs_PT	HYDIN	178	Muto et al. 2021 Nat Commun 12:2190 doi:10.1038/s41467-021-22368-w	Supplementary Data 5 (41467_2021_22368_MOESM8_ESM.xlsx, 'Differentially expressed genes in PT_VCAM1 vs PT'); avg_logFC>0, p_val_adj<0.05 (243 genes), top 200 by avg_logFC
Muto2021_PTVCAM1_vs_PT	RTN4	179	Muto et al. 2021 Nat Commun 12:2190 doi:10.1038/s41467-021-22368-w	Supplementary Data 5 (41467_2021_22368_MOESM8_ESM.xlsx, 'Differentially expressed genes in PT_VCAM1 vs PT'); avg_logFC>0, p_val_adj<0.05 (243 genes), top 200 by avg_logFC
Muto2021_PTVCAM1_vs_PT	CCND3	180	Muto et al. 2021 Nat Commun 12:2190 doi:10.1038/s41467-021-22368-w	Supplementary Data 5 (41467_2021_22368_MOESM8_ESM.xlsx, 'Differentially expressed genes in PT_VCAM1 vs PT'); avg_logFC>0, p_val_adj<0.05 (243 genes), top 200 by avg_logFC
Muto2021_PTVCAM1_vs_PT	KALRN	181	Muto et al. 2021 Nat Commun 12:2190 doi:10.1038/s41467-021-22368-w	Supplementary Data 5 (41467_2021_22368_MOESM8_ESM.xlsx, 'Differentially expressed genes in PT_VCAM1 vs PT'); avg_logFC>0, p_val_adj<0.05 (243 genes), top 200 by avg_logFC
Muto2021_PTVCAM1_vs_PT	ARHGAP29	182	Muto et al. 2021 Nat Commun 12:2190 doi:10.1038/s41467-021-22368-w	Supplementary Data 5 (41467_2021_22368_MOESM8_ESM.xlsx, 'Differentially expressed genes in PT_VCAM1 vs PT'); avg_logFC>0, p_val_adj<0.05 (243 genes), top 200 by avg_logFC
Muto2021_PTVCAM1_vs_PT	CEP112	183	Muto et al. 2021 Nat Commun 12:2190 doi:10.1038/s41467-021-22368-w	Supplementary Data 5 (41467_2021_22368_MOESM8_ESM.xlsx, 'Differentially expressed genes in PT_VCAM1 vs PT'); avg_logFC>0, p_val_adj<0.05 (243 genes), top 200 by avg_logFC
Muto2021_PTVCAM1_vs_PT	TBL1X	184	Muto et al. 2021 Nat Commun 12:2190 doi:10.1038/s41467-021-22368-w	Supplementary Data 5 (41467_2021_22368_MOESM8_ESM.xlsx, 'Differentially expressed genes in PT_VCAM1 vs PT'); avg_logFC>0, p_val_adj<0.05 (243 genes), top 200 by avg_logFC
Muto2021_PTVCAM1_vs_PT	MB21D2	185	Muto et al. 2021 Nat Commun 12:2190 doi:10.1038/s41467-021-22368-w	Supplementary Data 5 (41467_2021_22368_MOESM8_ESM.xlsx, 'Differentially expressed genes in PT_VCAM1 vs PT'); avg_logFC>0, p_val_adj<0.05 (243 genes), top 200 by avg_logFC
Muto2021_PTVCAM1_vs_PT	IQCJ-SCHIP1	186	Muto et al. 2021 Nat Commun 12:2190 doi:10.1038/s41467-021-22368-w	Supplementary Data 5 (41467_2021_22368_MOESM8_ESM.xlsx, 'Differentially expressed genes in PT_VCAM1 vs PT'); avg_logFC>0, p_val_adj<0.05 (243 genes), top 200 by avg_logFC
Muto2021_PTVCAM1_vs_PT	PTPRM	187	Muto et al. 2021 Nat Commun 12:2190 doi:10.1038/s41467-021-22368-w	Supplementary Data 5 (41467_2021_22368_MOESM8_ESM.xlsx, 'Differentially expressed genes in PT_VCAM1 vs PT'); avg_logFC>0, p_val_adj<0.05 (243 genes), top 200 by avg_logFC
Muto2021_PTVCAM1_vs_PT	TNFAIP2	188	Muto et al. 2021 Nat Commun 12:2190 doi:10.1038/s41467-021-22368-w	Supplementary Data 5 (41467_2021_22368_MOESM8_ESM.xlsx, 'Differentially expressed genes in PT_VCAM1 vs PT'); avg_logFC>0, p_val_adj<0.05 (243 genes), top 200 by avg_logFC
Muto2021_PTVCAM1_vs_PT	SSBP2	189	Muto et al. 2021 Nat Commun 12:2190 doi:10.1038/s41467-021-22368-w	Supplementary Data 5 (41467_2021_22368_MOESM8_ESM.xlsx, 'Differentially expressed genes in PT_VCAM1 vs PT'); avg_logFC>0, p_val_adj<0.05 (243 genes), top 200 by avg_logFC
Muto2021_PTVCAM1_vs_PT	WSB1	190	Muto et al. 2021 Nat Commun 12:2190 doi:10.1038/s41467-021-22368-w	Supplementary Data 5 (41467_2021_22368_MOESM8_ESM.xlsx, 'Differentially expressed genes in PT_VCAM1 vs PT'); avg_logFC>0, p_val_adj<0.05 (243 genes), top 200 by avg_logFC
Muto2021_PTVCAM1_vs_PT	PDE1A	191	Muto et al. 2021 Nat Commun 12:2190 doi:10.1038/s41467-021-22368-w	Supplementary Data 5 (41467_2021_22368_MOESM8_ESM.xlsx, 'Differentially expressed genes in PT_VCAM1 vs PT'); avg_logFC>0, p_val_adj<0.05 (243 genes), top 200 by avg_logFC
Muto2021_PTVCAM1_vs_PT	DOCK1	192	Muto et al. 2021 Nat Commun 12:2190 doi:10.1038/s41467-021-22368-w	Supplementary Data 5 (41467_2021_22368_MOESM8_ESM.xlsx, 'Differentially expressed genes in PT_VCAM1 vs PT'); avg_logFC>0, p_val_adj<0.05 (243 genes), top 200 by avg_logFC
Muto2021_PTVCAM1_vs_PT	C9orf3	193	Muto et al. 2021 Nat Commun 12:2190 doi:10.1038/s41467-021-22368-w	Supplementary Data 5 (41467_2021_22368_MOESM8_ESM.xlsx, 'Differentially expressed genes in PT_VCAM1 vs PT'); avg_logFC>0, p_val_adj<0.05 (243 genes), top 200 by avg_logFC
Muto2021_PTVCAM1_vs_PT	PAX8	194	Muto et al. 2021 Nat Commun 12:2190 doi:10.1038/s41467-021-22368-w	Supplementary Data 5 (41467_2021_22368_MOESM8_ESM.xlsx, 'Differentially expressed genes in PT_VCAM1 vs PT'); avg_logFC>0, p_val_adj<0.05 (243 genes), top 200 by avg_logFC
Muto2021_PTVCAM1_vs_PT	KIAA1217	195	Muto et al. 2021 Nat Commun 12:2190 doi:10.1038/s41467-021-22368-w	Supplementary Data 5 (41467_2021_22368_MOESM8_ESM.xlsx, 'Differentially expressed genes in PT_VCAM1 vs PT'); avg_logFC>0, p_val_adj<0.05 (243 genes), top 200 by avg_logFC
Muto2021_PTVCAM1_vs_PT	AC068234.1	196	Muto et al. 2021 Nat Commun 12:2190 doi:10.1038/s41467-021-22368-w	Supplementary Data 5 (41467_2021_22368_MOESM8_ESM.xlsx, 'Differentially expressed genes in PT_VCAM1 vs PT'); avg_logFC>0, p_val_adj<0.05 (243 genes), top 200 by avg_logFC
Muto2021_PTVCAM1_vs_PT	PAPLN	197	Muto et al. 2021 Nat Commun 12:2190 doi:10.1038/s41467-021-22368-w	Supplementary Data 5 (41467_2021_22368_MOESM8_ESM.xlsx, 'Differentially expressed genes in PT_VCAM1 vs PT'); avg_logFC>0, p_val_adj<0.05 (243 genes), top 200 by avg_logFC
Muto2021_PTVCAM1_vs_PT	FYB2	198	Muto et al. 2021 Nat Commun 12:2190 doi:10.1038/s41467-021-22368-w	Supplementary Data 5 (41467_2021_22368_MOESM8_ESM.xlsx, 'Differentially expressed genes in PT_VCAM1 vs PT'); avg_logFC>0, p_val_adj<0.05 (243 genes), top 200 by avg_logFC
Muto2021_PTVCAM1_vs_PT	PLXNA2	199	Muto et al. 2021 Nat Commun 12:2190 doi:10.1038/s41467-021-22368-w	Supplementary Data 5 (41467_2021_22368_MOESM8_ESM.xlsx, 'Differentially expressed genes in PT_VCAM1 vs PT'); avg_logFC>0, p_val_adj<0.05 (243 genes), top 200 by avg_logFC
Muto2021_PTVCAM1_vs_PT	EPB41L4A	200	Muto et al. 2021 Nat Commun 12:2190 doi:10.1038/s41467-021-22368-w	Supplementary Data 5 (41467_2021_22368_MOESM8_ESM.xlsx, 'Differentially expressed genes in PT_VCAM1 vs PT'); avg_logFC>0, p_val_adj<0.05 (243 genes), top 200 by avg_logFC
Abedini2024_iPT_ST8	MSC	1	Abedini et al. 2024 Nat Genet 56:1712 doi:10.1038/s41588-024-01802-x	Supplementary Table 8 (cluster markers), cluster = iPT; avg_log2FC>0, p_val_adj<0.05 (1596 genes), top 200 by avg_log2FC. Same donor cohort as GSE211785 (discovery)
Abedini2024_iPT_ST8	PXDN	2	Abedini et al. 2024 Nat Genet 56:1712 doi:10.1038/s41588-024-01802-x	Supplementary Table 8 (cluster markers), cluster = iPT; avg_log2FC>0, p_val_adj<0.05 (1596 genes), top 200 by avg_log2FC. Same donor cohort as GSE211785 (discovery)
Abedini2024_iPT_ST8	HSPB8	3	Abedini et al. 2024 Nat Genet 56:1712 doi:10.1038/s41588-024-01802-x	Supplementary Table 8 (cluster markers), cluster = iPT; avg_log2FC>0, p_val_adj<0.05 (1596 genes), top 200 by avg_log2FC. Same donor cohort as GSE211785 (discovery)
Abedini2024_iPT_ST8	PGA5	4	Abedini et al. 2024 Nat Genet 56:1712 doi:10.1038/s41588-024-01802-x	Supplementary Table 8 (cluster markers), cluster = iPT; avg_log2FC>0, p_val_adj<0.05 (1596 genes), top 200 by avg_log2FC. Same donor cohort as GSE211785 (discovery)
Abedini2024_iPT_ST8	SULT1C4	5	Abedini et al. 2024 Nat Genet 56:1712 doi:10.1038/s41588-024-01802-x	Supplementary Table 8 (cluster markers), cluster = iPT; avg_log2FC>0, p_val_adj<0.05 (1596 genes), top 200 by avg_log2FC. Same donor cohort as GSE211785 (discovery)
Abedini2024_iPT_ST8	SOGA3	6	Abedini et al. 2024 Nat Genet 56:1712 doi:10.1038/s41588-024-01802-x	Supplementary Table 8 (cluster markers), cluster = iPT; avg_log2FC>0, p_val_adj<0.05 (1596 genes), top 200 by avg_log2FC. Same donor cohort as GSE211785 (discovery)
Abedini2024_iPT_ST8	CRISPLD2	7	Abedini et al. 2024 Nat Genet 56:1712 doi:10.1038/s41588-024-01802-x	Supplementary Table 8 (cluster markers), cluster = iPT; avg_log2FC>0, p_val_adj<0.05 (1596 genes), top 200 by avg_log2FC. Same donor cohort as GSE211785 (discovery)
Abedini2024_iPT_ST8	IL32	8	Abedini et al. 2024 Nat Genet 56:1712 doi:10.1038/s41588-024-01802-x	Supplementary Table 8 (cluster markers), cluster = iPT; avg_log2FC>0, p_val_adj<0.05 (1596 genes), top 200 by avg_log2FC. Same donor cohort as GSE211785 (discovery)
Abedini2024_iPT_ST8	LRRN4	9	Abedini et al. 2024 Nat Genet 56:1712 doi:10.1038/s41588-024-01802-x	Supplementary Table 8 (cluster markers), cluster = iPT; avg_log2FC>0, p_val_adj<0.05 (1596 genes), top 200 by avg_log2FC. Same donor cohort as GSE211785 (discovery)
Abedini2024_iPT_ST8	KCNB1	10	Abedini et al. 2024 Nat Genet 56:1712 doi:10.1038/s41588-024-01802-x	Supplementary Table 8 (cluster markers), cluster = iPT; avg_log2FC>0, p_val_adj<0.05 (1596 genes), top 200 by avg_log2FC. Same donor cohort as GSE211785 (discovery)
Abedini2024_iPT_ST8	IRF8	11	Abedini et al. 2024 Nat Genet 56:1712 doi:10.1038/s41588-024-01802-x	Supplementary Table 8 (cluster markers), cluster = iPT; avg_log2FC>0, p_val_adj<0.05 (1596 genes), top 200 by avg_log2FC. Same donor cohort as GSE211785 (discovery)
Abedini2024_iPT_ST8	ADAMTS10	12	Abedini et al. 2024 Nat Genet 56:1712 doi:10.1038/s41588-024-01802-x	Supplementary Table 8 (cluster markers), cluster = iPT; avg_log2FC>0, p_val_adj<0.05 (1596 genes), top 200 by avg_log2FC. Same donor cohort as GSE211785 (discovery)
Abedini2024_iPT_ST8	MYC	13	Abedini et al. 2024 Nat Genet 56:1712 doi:10.1038/s41588-024-01802-x	Supplementary Table 8 (cluster markers), cluster = iPT; avg_log2FC>0, p_val_adj<0.05 (1596 genes), top 200 by avg_log2FC. Same donor cohort as GSE211785 (discovery)
Abedini2024_iPT_ST8	TTC9	14	Abedini et al. 2024 Nat Genet 56:1712 doi:10.1038/s41588-024-01802-x	Supplementary Table 8 (cluster markers), cluster = iPT; avg_log2FC>0, p_val_adj<0.05 (1596 genes), top 200 by avg_log2FC. Same donor cohort as GSE211785 (discovery)
Abedini2024_iPT_ST8	SLC34A2	15	Abedini et al. 2024 Nat Genet 56:1712 doi:10.1038/s41588-024-01802-x	Supplementary Table 8 (cluster markers), cluster = iPT; avg_log2FC>0, p_val_adj<0.05 (1596 genes), top 200 by avg_log2FC. Same donor cohort as GSE211785 (discovery)
Abedini2024_iPT_ST8	RHEX	16	Abedini et al. 2024 Nat Genet 56:1712 doi:10.1038/s41588-024-01802-x	Supplementary Table 8 (cluster markers), cluster = iPT; avg_log2FC>0, p_val_adj<0.05 (1596 genes), top 200 by avg_log2FC. Same donor cohort as GSE211785 (discovery)
Abedini2024_iPT_ST8	NEK6	17	Abedini et al. 2024 Nat Genet 56:1712 doi:10.1038/s41588-024-01802-x	Supplementary Table 8 (cluster markers), cluster = iPT; avg_log2FC>0, p_val_adj<0.05 (1596 genes), top 200 by avg_log2FC. Same donor cohort as GSE211785 (discovery)
Abedini2024_iPT_ST8	RASEF	18	Abedini et al. 2024 Nat Genet 56:1712 doi:10.1038/s41588-024-01802-x	Supplementary Table 8 (cluster markers), cluster = iPT; avg_log2FC>0, p_val_adj<0.05 (1596 genes), top 200 by avg_log2FC. Same donor cohort as GSE211785 (discovery)
Abedini2024_iPT_ST8	ALDH1A3	19	Abedini et al. 2024 Nat Genet 56:1712 doi:10.1038/s41588-024-01802-x	Supplementary Table 8 (cluster markers), cluster = iPT; avg_log2FC>0, p_val_adj<0.05 (1596 genes), top 200 by avg_log2FC. Same donor cohort as GSE211785 (discovery)
Abedini2024_iPT_ST8	GCNT3	20	Abedini et al. 2024 Nat Genet 56:1712 doi:10.1038/s41588-024-01802-x	Supplementary Table 8 (cluster markers), cluster = iPT; avg_log2FC>0, p_val_adj<0.05 (1596 genes), top 200 by avg_log2FC. Same donor cohort as GSE211785 (discovery)
Abedini2024_iPT_ST8	ATP1A2	21	Abedini et al. 2024 Nat Genet 56:1712 doi:10.1038/s41588-024-01802-x	Supplementary Table 8 (cluster markers), cluster = iPT; avg_log2FC>0, p_val_adj<0.05 (1596 genes), top 200 by avg_log2FC. Same donor cohort as GSE211785 (discovery)
Abedini2024_iPT_ST8	TUNAR	22	Abedini et al. 2024 Nat Genet 56:1712 doi:10.1038/s41588-024-01802-x	Supplementary Table 8 (cluster markers), cluster = iPT; avg_log2FC>0, p_val_adj<0.05 (1596 genes), top 200 by avg_log2FC. Same donor cohort as GSE211785 (discovery)
Abedini2024_iPT_ST8	VCAN	23	Abedini et al. 2024 Nat Genet 56:1712 doi:10.1038/s41588-024-01802-x	Supplementary Table 8 (cluster markers), cluster = iPT; avg_log2FC>0, p_val_adj<0.05 (1596 genes), top 200 by avg_log2FC. Same donor cohort as GSE211785 (discovery)
Abedini2024_iPT_ST8	KLRG2	24	Abedini et al. 2024 Nat Genet 56:1712 doi:10.1038/s41588-024-01802-x	Supplementary Table 8 (cluster markers), cluster = iPT; avg_log2FC>0, p_val_adj<0.05 (1596 genes), top 200 by avg_log2FC. Same donor cohort as GSE211785 (discovery)
Abedini2024_iPT_ST8	FAM3D	25	Abedini et al. 2024 Nat Genet 56:1712 doi:10.1038/s41588-024-01802-x	Supplementary Table 8 (cluster markers), cluster = iPT; avg_log2FC>0, p_val_adj<0.05 (1596 genes), top 200 by avg_log2FC. Same donor cohort as GSE211785 (discovery)
Abedini2024_iPT_ST8	SEL1L3	26	Abedini et al. 2024 Nat Genet 56:1712 doi:10.1038/s41588-024-01802-x	Supplementary Table 8 (cluster markers), cluster = iPT; avg_log2FC>0, p_val_adj<0.05 (1596 genes), top 200 by avg_log2FC. Same donor cohort as GSE211785 (discovery)
Abedini2024_iPT_ST8	JPH2	27	Abedini et al. 2024 Nat Genet 56:1712 doi:10.1038/s41588-024-01802-x	Supplementary Table 8 (cluster markers), cluster = iPT; avg_log2FC>0, p_val_adj<0.05 (1596 genes), top 200 by avg_log2FC. Same donor cohort as GSE211785 (discovery)
Abedini2024_iPT_ST8	KRT80	28	Abedini et al. 2024 Nat Genet 56:1712 doi:10.1038/s41588-024-01802-x	Supplementary Table 8 (cluster markers), cluster = iPT; avg_log2FC>0, p_val_adj<0.05 (1596 genes), top 200 by avg_log2FC. Same donor cohort as GSE211785 (discovery)
Abedini2024_iPT_ST8	VCAM1	29	Abedini et al. 2024 Nat Genet 56:1712 doi:10.1038/s41588-024-01802-x	Supplementary Table 8 (cluster markers), cluster = iPT; avg_log2FC>0, p_val_adj<0.05 (1596 genes), top 200 by avg_log2FC. Same donor cohort as GSE211785 (discovery)
Abedini2024_iPT_ST8	SPON2	30	Abedini et al. 2024 Nat Genet 56:1712 doi:10.1038/s41588-024-01802-x	Supplementary Table 8 (cluster markers), cluster = iPT; avg_log2FC>0, p_val_adj<0.05 (1596 genes), top 200 by avg_log2FC. Same donor cohort as GSE211785 (discovery)
Abedini2024_iPT_ST8	ADM2	31	Abedini et al. 2024 Nat Genet 56:1712 doi:10.1038/s41588-024-01802-x	Supplementary Table 8 (cluster markers), cluster = iPT; avg_log2FC>0, p_val_adj<0.05 (1596 genes), top 200 by avg_log2FC. Same donor cohort as GSE211785 (discovery)
Abedini2024_iPT_ST8	SMOX	32	Abedini et al. 2024 Nat Genet 56:1712 doi:10.1038/s41588-024-01802-x	Supplementary Table 8 (cluster markers), cluster = iPT; avg_log2FC>0, p_val_adj<0.05 (1596 genes), top 200 by avg_log2FC. Same donor cohort as GSE211785 (discovery)
Abedini2024_iPT_ST8	BLACAT1	33	Abedini et al. 2024 Nat Genet 56:1712 doi:10.1038/s41588-024-01802-x	Supplementary Table 8 (cluster markers), cluster = iPT; avg_log2FC>0, p_val_adj<0.05 (1596 genes), top 200 by avg_log2FC. Same donor cohort as GSE211785 (discovery)
Abedini2024_iPT_ST8	ETV7	34	Abedini et al. 2024 Nat Genet 56:1712 doi:10.1038/s41588-024-01802-x	Supplementary Table 8 (cluster markers), cluster = iPT; avg_log2FC>0, p_val_adj<0.05 (1596 genes), top 200 by avg_log2FC. Same donor cohort as GSE211785 (discovery)
Abedini2024_iPT_ST8	TMEM98	35	Abedini et al. 2024 Nat Genet 56:1712 doi:10.1038/s41588-024-01802-x	Supplementary Table 8 (cluster markers), cluster = iPT; avg_log2FC>0, p_val_adj<0.05 (1596 genes), top 200 by avg_log2FC. Same donor cohort as GSE211785 (discovery)
Abedini2024_iPT_ST8	CD200	36	Abedini et al. 2024 Nat Genet 56:1712 doi:10.1038/s41588-024-01802-x	Supplementary Table 8 (cluster markers), cluster = iPT; avg_log2FC>0, p_val_adj<0.05 (1596 genes), top 200 by avg_log2FC. Same donor cohort as GSE211785 (discovery)
Abedini2024_iPT_ST8	MACC1	37	Abedini et al. 2024 Nat Genet 56:1712 doi:10.1038/s41588-024-01802-x	Supplementary Table 8 (cluster markers), cluster = iPT; avg_log2FC>0, p_val_adj<0.05 (1596 genes), top 200 by avg_log2FC. Same donor cohort as GSE211785 (discovery)
Abedini2024_iPT_ST8	CHST13	38	Abedini et al. 2024 Nat Genet 56:1712 doi:10.1038/s41588-024-01802-x	Supplementary Table 8 (cluster markers), cluster = iPT; avg_log2FC>0, p_val_adj<0.05 (1596 genes), top 200 by avg_log2FC. Same donor cohort as GSE211785 (discovery)
Abedini2024_iPT_ST8	VASH2	39	Abedini et al. 2024 Nat Genet 56:1712 doi:10.1038/s41588-024-01802-x	Supplementary Table 8 (cluster markers), cluster = iPT; avg_log2FC>0, p_val_adj<0.05 (1596 genes), top 200 by avg_log2FC. Same donor cohort as GSE211785 (discovery)
Abedini2024_iPT_ST8	TGM3	40	Abedini et al. 2024 Nat Genet 56:1712 doi:10.1038/s41588-024-01802-x	Supplementary Table 8 (cluster markers), cluster = iPT; avg_log2FC>0, p_val_adj<0.05 (1596 genes), top 200 by avg_log2FC. Same donor cohort as GSE211785 (discovery)
Abedini2024_iPT_ST8	DUSP8	41	Abedini et al. 2024 Nat Genet 56:1712 doi:10.1038/s41588-024-01802-x	Supplementary Table 8 (cluster markers), cluster = iPT; avg_log2FC>0, p_val_adj<0.05 (1596 genes), top 200 by avg_log2FC. Same donor cohort as GSE211785 (discovery)
Abedini2024_iPT_ST8	RDH5	42	Abedini et al. 2024 Nat Genet 56:1712 doi:10.1038/s41588-024-01802-x	Supplementary Table 8 (cluster markers), cluster = iPT; avg_log2FC>0, p_val_adj<0.05 (1596 genes), top 200 by avg_log2FC. Same donor cohort as GSE211785 (discovery)
Abedini2024_iPT_ST8	SERPINA1	43	Abedini et al. 2024 Nat Genet 56:1712 doi:10.1038/s41588-024-01802-x	Supplementary Table 8 (cluster markers), cluster = iPT; avg_log2FC>0, p_val_adj<0.05 (1596 genes), top 200 by avg_log2FC. Same donor cohort as GSE211785 (discovery)
Abedini2024_iPT_ST8	MAP1LC3B2	44	Abedini et al. 2024 Nat Genet 56:1712 doi:10.1038/s41588-024-01802-x	Supplementary Table 8 (cluster markers), cluster = iPT; avg_log2FC>0, p_val_adj<0.05 (1596 genes), top 200 by avg_log2FC. Same donor cohort as GSE211785 (discovery)
Abedini2024_iPT_ST8	VXN	45	Abedini et al. 2024 Nat Genet 56:1712 doi:10.1038/s41588-024-01802-x	Supplementary Table 8 (cluster markers), cluster = iPT; avg_log2FC>0, p_val_adj<0.05 (1596 genes), top 200 by avg_log2FC. Same donor cohort as GSE211785 (discovery)
Abedini2024_iPT_ST8	APBB1IP	46	Abedini et al. 2024 Nat Genet 56:1712 doi:10.1038/s41588-024-01802-x	Supplementary Table 8 (cluster markers), cluster = iPT; avg_log2FC>0, p_val_adj<0.05 (1596 genes), top 200 by avg_log2FC. Same donor cohort as GSE211785 (discovery)
Abedini2024_iPT_ST8	HSPB2	47	Abedini et al. 2024 Nat Genet 56:1712 doi:10.1038/s41588-024-01802-x	Supplementary Table 8 (cluster markers), cluster = iPT; avg_log2FC>0, p_val_adj<0.05 (1596 genes), top 200 by avg_log2FC. Same donor cohort as GSE211785 (discovery)
Abedini2024_iPT_ST8	C10orf99	48	Abedini et al. 2024 Nat Genet 56:1712 doi:10.1038/s41588-024-01802-x	Supplementary Table 8 (cluster markers), cluster = iPT; avg_log2FC>0, p_val_adj<0.05 (1596 genes), top 200 by avg_log2FC. Same donor cohort as GSE211785 (discovery)
Abedini2024_iPT_ST8	LGALS2	49	Abedini et al. 2024 Nat Genet 56:1712 doi:10.1038/s41588-024-01802-x	Supplementary Table 8 (cluster markers), cluster = iPT; avg_log2FC>0, p_val_adj<0.05 (1596 genes), top 200 by avg_log2FC. Same donor cohort as GSE211785 (discovery)
Abedini2024_iPT_ST8	LRTM1	50	Abedini et al. 2024 Nat Genet 56:1712 doi:10.1038/s41588-024-01802-x	Supplementary Table 8 (cluster markers), cluster = iPT; avg_log2FC>0, p_val_adj<0.05 (1596 genes), top 200 by avg_log2FC. Same donor cohort as GSE211785 (discovery)
Abedini2024_iPT_ST8	UGT2A3	51	Abedini et al. 2024 Nat Genet 56:1712 doi:10.1038/s41588-024-01802-x	Supplementary Table 8 (cluster markers), cluster = iPT; avg_log2FC>0, p_val_adj<0.05 (1596 genes), top 200 by avg_log2FC. Same donor cohort as GSE211785 (discovery)
Abedini2024_iPT_ST8	THEMIS2	52	Abedini et al. 2024 Nat Genet 56:1712 doi:10.1038/s41588-024-01802-x	Supplementary Table 8 (cluster markers), cluster = iPT; avg_log2FC>0, p_val_adj<0.05 (1596 genes), top 200 by avg_log2FC. Same donor cohort as GSE211785 (discovery)
Abedini2024_iPT_ST8	THBS2	53	Abedini et al. 2024 Nat Genet 56:1712 doi:10.1038/s41588-024-01802-x	Supplementary Table 8 (cluster markers), cluster = iPT; avg_log2FC>0, p_val_adj<0.05 (1596 genes), top 200 by avg_log2FC. Same donor cohort as GSE211785 (discovery)
Abedini2024_iPT_ST8	NXNL2	54	Abedini et al. 2024 Nat Genet 56:1712 doi:10.1038/s41588-024-01802-x	Supplementary Table 8 (cluster markers), cluster = iPT; avg_log2FC>0, p_val_adj<0.05 (1596 genes), top 200 by avg_log2FC. Same donor cohort as GSE211785 (discovery)
Abedini2024_iPT_ST8	PSORS1C1	55	Abedini et al. 2024 Nat Genet 56:1712 doi:10.1038/s41588-024-01802-x	Supplementary Table 8 (cluster markers), cluster = iPT; avg_log2FC>0, p_val_adj<0.05 (1596 genes), top 200 by avg_log2FC. Same donor cohort as GSE211785 (discovery)
Abedini2024_iPT_ST8	HK2	56	Abedini et al. 2024 Nat Genet 56:1712 doi:10.1038/s41588-024-01802-x	Supplementary Table 8 (cluster markers), cluster = iPT; avg_log2FC>0, p_val_adj<0.05 (1596 genes), top 200 by avg_log2FC. Same donor cohort as GSE211785 (discovery)
Abedini2024_iPT_ST8	BMP7	57	Abedini et al. 2024 Nat Genet 56:1712 doi:10.1038/s41588-024-01802-x	Supplementary Table 8 (cluster markers), cluster = iPT; avg_log2FC>0, p_val_adj<0.05 (1596 genes), top 200 by avg_log2FC. Same donor cohort as GSE211785 (discovery)
Abedini2024_iPT_ST8	VIM	58	Abedini et al. 2024 Nat Genet 56:1712 doi:10.1038/s41588-024-01802-x	Supplementary Table 8 (cluster markers), cluster = iPT; avg_log2FC>0, p_val_adj<0.05 (1596 genes), top 200 by avg_log2FC. Same donor cohort as GSE211785 (discovery)
Abedini2024_iPT_ST8	NCMAP	59	Abedini et al. 2024 Nat Genet 56:1712 doi:10.1038/s41588-024-01802-x	Supplementary Table 8 (cluster markers), cluster = iPT; avg_log2FC>0, p_val_adj<0.05 (1596 genes), top 200 by avg_log2FC. Same donor cohort as GSE211785 (discovery)
Abedini2024_iPT_ST8	CLCF1	60	Abedini et al. 2024 Nat Genet 56:1712 doi:10.1038/s41588-024-01802-x	Supplementary Table 8 (cluster markers), cluster = iPT; avg_log2FC>0, p_val_adj<0.05 (1596 genes), top 200 by avg_log2FC. Same donor cohort as GSE211785 (discovery)
Abedini2024_iPT_ST8	ALOX5	61	Abedini et al. 2024 Nat Genet 56:1712 doi:10.1038/s41588-024-01802-x	Supplementary Table 8 (cluster markers), cluster = iPT; avg_log2FC>0, p_val_adj<0.05 (1596 genes), top 200 by avg_log2FC. Same donor cohort as GSE211785 (discovery)
Abedini2024_iPT_ST8	APOBEC3A	62	Abedini et al. 2024 Nat Genet 56:1712 doi:10.1038/s41588-024-01802-x	Supplementary Table 8 (cluster markers), cluster = iPT; avg_log2FC>0, p_val_adj<0.05 (1596 genes), top 200 by avg_log2FC. Same donor cohort as GSE211785 (discovery)
Abedini2024_iPT_ST8	LOXL4	63	Abedini et al. 2024 Nat Genet 56:1712 doi:10.1038/s41588-024-01802-x	Supplementary Table 8 (cluster markers), cluster = iPT; avg_log2FC>0, p_val_adj<0.05 (1596 genes), top 200 by avg_log2FC. Same donor cohort as GSE211785 (discovery)
Abedini2024_iPT_ST8	C1QTNF1	64	Abedini et al. 2024 Nat Genet 56:1712 doi:10.1038/s41588-024-01802-x	Supplementary Table 8 (cluster markers), cluster = iPT; avg_log2FC>0, p_val_adj<0.05 (1596 genes), top 200 by avg_log2FC. Same donor cohort as GSE211785 (discovery)
Abedini2024_iPT_ST8	ADGRB2	65	Abedini et al. 2024 Nat Genet 56:1712 doi:10.1038/s41588-024-01802-x	Supplementary Table 8 (cluster markers), cluster = iPT; avg_log2FC>0, p_val_adj<0.05 (1596 genes), top 200 by avg_log2FC. Same donor cohort as GSE211785 (discovery)
Abedini2024_iPT_ST8	ABCC3	66	Abedini et al. 2024 Nat Genet 56:1712 doi:10.1038/s41588-024-01802-x	Supplementary Table 8 (cluster markers), cluster = iPT; avg_log2FC>0, p_val_adj<0.05 (1596 genes), top 200 by avg_log2FC. Same donor cohort as GSE211785 (discovery)
Abedini2024_iPT_ST8	HIST1H2BG	67	Abedini et al. 2024 Nat Genet 56:1712 doi:10.1038/s41588-024-01802-x	Supplementary Table 8 (cluster markers), cluster = iPT; avg_log2FC>0, p_val_adj<0.05 (1596 genes), top 200 by avg_log2FC. Same donor cohort as GSE211785 (discovery)
Abedini2024_iPT_ST8	STX1B	68	Abedini et al. 2024 Nat Genet 56:1712 doi:10.1038/s41588-024-01802-x	Supplementary Table 8 (cluster markers), cluster = iPT; avg_log2FC>0, p_val_adj<0.05 (1596 genes), top 200 by avg_log2FC. Same donor cohort as GSE211785 (discovery)
Abedini2024_iPT_ST8	AKAP12	69	Abedini et al. 2024 Nat Genet 56:1712 doi:10.1038/s41588-024-01802-x	Supplementary Table 8 (cluster markers), cluster = iPT; avg_log2FC>0, p_val_adj<0.05 (1596 genes), top 200 by avg_log2FC. Same donor cohort as GSE211785 (discovery)
Abedini2024_iPT_ST8	ABCC9	70	Abedini et al. 2024 Nat Genet 56:1712 doi:10.1038/s41588-024-01802-x	Supplementary Table 8 (cluster markers), cluster = iPT; avg_log2FC>0, p_val_adj<0.05 (1596 genes), top 200 by avg_log2FC. Same donor cohort as GSE211785 (discovery)
Abedini2024_iPT_ST8	TNC	71	Abedini et al. 2024 Nat Genet 56:1712 doi:10.1038/s41588-024-01802-x	Supplementary Table 8 (cluster markers), cluster = iPT; avg_log2FC>0, p_val_adj<0.05 (1596 genes), top 200 by avg_log2FC. Same donor cohort as GSE211785 (discovery)
Abedini2024_iPT_ST8	JAK3	72	Abedini et al. 2024 Nat Genet 56:1712 doi:10.1038/s41588-024-01802-x	Supplementary Table 8 (cluster markers), cluster = iPT; avg_log2FC>0, p_val_adj<0.05 (1596 genes), top 200 by avg_log2FC. Same donor cohort as GSE211785 (discovery)
Abedini2024_iPT_ST8	RASGEF1A	73	Abedini et al. 2024 Nat Genet 56:1712 doi:10.1038/s41588-024-01802-x	Supplementary Table 8 (cluster markers), cluster = iPT; avg_log2FC>0, p_val_adj<0.05 (1596 genes), top 200 by avg_log2FC. Same donor cohort as GSE211785 (discovery)
Abedini2024_iPT_ST8	APOBEC3B	74	Abedini et al. 2024 Nat Genet 56:1712 doi:10.1038/s41588-024-01802-x	Supplementary Table 8 (cluster markers), cluster = iPT; avg_log2FC>0, p_val_adj<0.05 (1596 genes), top 200 by avg_log2FC. Same donor cohort as GSE211785 (discovery)
Abedini2024_iPT_ST8	SERPINF1	75	Abedini et al. 2024 Nat Genet 56:1712 doi:10.1038/s41588-024-01802-x	Supplementary Table 8 (cluster markers), cluster = iPT; avg_log2FC>0, p_val_adj<0.05 (1596 genes), top 200 by avg_log2FC. Same donor cohort as GSE211785 (discovery)
Abedini2024_iPT_ST8	COL16A1	76	Abedini et al. 2024 Nat Genet 56:1712 doi:10.1038/s41588-024-01802-x	Supplementary Table 8 (cluster markers), cluster = iPT; avg_log2FC>0, p_val_adj<0.05 (1596 genes), top 200 by avg_log2FC. Same donor cohort as GSE211785 (discovery)
Abedini2024_iPT_ST8	HIST1H2AE	77	Abedini et al. 2024 Nat Genet 56:1712 doi:10.1038/s41588-024-01802-x	Supplementary Table 8 (cluster markers), cluster = iPT; avg_log2FC>0, p_val_adj<0.05 (1596 genes), top 200 by avg_log2FC. Same donor cohort as GSE211785 (discovery)
Abedini2024_iPT_ST8	SH3TC2	78	Abedini et al. 2024 Nat Genet 56:1712 doi:10.1038/s41588-024-01802-x	Supplementary Table 8 (cluster markers), cluster = iPT; avg_log2FC>0, p_val_adj<0.05 (1596 genes), top 200 by avg_log2FC. Same donor cohort as GSE211785 (discovery)
Abedini2024_iPT_ST8	ODF3B	79	Abedini et al. 2024 Nat Genet 56:1712 doi:10.1038/s41588-024-01802-x	Supplementary Table 8 (cluster markers), cluster = iPT; avg_log2FC>0, p_val_adj<0.05 (1596 genes), top 200 by avg_log2FC. Same donor cohort as GSE211785 (discovery)
Abedini2024_iPT_ST8	ISG20	80	Abedini et al. 2024 Nat Genet 56:1712 doi:10.1038/s41588-024-01802-x	Supplementary Table 8 (cluster markers), cluster = iPT; avg_log2FC>0, p_val_adj<0.05 (1596 genes), top 200 by avg_log2FC. Same donor cohort as GSE211785 (discovery)
Abedini2024_iPT_ST8	SLC28A1	81	Abedini et al. 2024 Nat Genet 56:1712 doi:10.1038/s41588-024-01802-x	Supplementary Table 8 (cluster markers), cluster = iPT; avg_log2FC>0, p_val_adj<0.05 (1596 genes), top 200 by avg_log2FC. Same donor cohort as GSE211785 (discovery)
Abedini2024_iPT_ST8	HAVCR1	82	Abedini et al. 2024 Nat Genet 56:1712 doi:10.1038/s41588-024-01802-x	Supplementary Table 8 (cluster markers), cluster = iPT; avg_log2FC>0, p_val_adj<0.05 (1596 genes), top 200 by avg_log2FC. Same donor cohort as GSE211785 (discovery)
Abedini2024_iPT_ST8	QRFPR	83	Abedini et al. 2024 Nat Genet 56:1712 doi:10.1038/s41588-024-01802-x	Supplementary Table 8 (cluster markers), cluster = iPT; avg_log2FC>0, p_val_adj<0.05 (1596 genes), top 200 by avg_log2FC. Same donor cohort as GSE211785 (discovery)
Abedini2024_iPT_ST8	BCL11A	84	Abedini et al. 2024 Nat Genet 56:1712 doi:10.1038/s41588-024-01802-x	Supplementary Table 8 (cluster markers), cluster = iPT; avg_log2FC>0, p_val_adj<0.05 (1596 genes), top 200 by avg_log2FC. Same donor cohort as GSE211785 (discovery)
Abedini2024_iPT_ST8	C13orf46	85	Abedini et al. 2024 Nat Genet 56:1712 doi:10.1038/s41588-024-01802-x	Supplementary Table 8 (cluster markers), cluster = iPT; avg_log2FC>0, p_val_adj<0.05 (1596 genes), top 200 by avg_log2FC. Same donor cohort as GSE211785 (discovery)
Abedini2024_iPT_ST8	PLPP4	86	Abedini et al. 2024 Nat Genet 56:1712 doi:10.1038/s41588-024-01802-x	Supplementary Table 8 (cluster markers), cluster = iPT; avg_log2FC>0, p_val_adj<0.05 (1596 genes), top 200 by avg_log2FC. Same donor cohort as GSE211785 (discovery)
Abedini2024_iPT_ST8	ADGRG6	87	Abedini et al. 2024 Nat Genet 56:1712 doi:10.1038/s41588-024-01802-x	Supplementary Table 8 (cluster markers), cluster = iPT; avg_log2FC>0, p_val_adj<0.05 (1596 genes), top 200 by avg_log2FC. Same donor cohort as GSE211785 (discovery)
Abedini2024_iPT_ST8	NKAIN4	88	Abedini et al. 2024 Nat Genet 56:1712 doi:10.1038/s41588-024-01802-x	Supplementary Table 8 (cluster markers), cluster = iPT; avg_log2FC>0, p_val_adj<0.05 (1596 genes), top 200 by avg_log2FC. Same donor cohort as GSE211785 (discovery)
Abedini2024_iPT_ST8	CSF1	89	Abedini et al. 2024 Nat Genet 56:1712 doi:10.1038/s41588-024-01802-x	Supplementary Table 8 (cluster markers), cluster = iPT; avg_log2FC>0, p_val_adj<0.05 (1596 genes), top 200 by avg_log2FC. Same donor cohort as GSE211785 (discovery)
Abedini2024_iPT_ST8	GFRA1	90	Abedini et al. 2024 Nat Genet 56:1712 doi:10.1038/s41588-024-01802-x	Supplementary Table 8 (cluster markers), cluster = iPT; avg_log2FC>0, p_val_adj<0.05 (1596 genes), top 200 by avg_log2FC. Same donor cohort as GSE211785 (discovery)
Abedini2024_iPT_ST8	TNIK	91	Abedini et al. 2024 Nat Genet 56:1712 doi:10.1038/s41588-024-01802-x	Supplementary Table 8 (cluster markers), cluster = iPT; avg_log2FC>0, p_val_adj<0.05 (1596 genes), top 200 by avg_log2FC. Same donor cohort as GSE211785 (discovery)
Abedini2024_iPT_ST8	PKDCC	92	Abedini et al. 2024 Nat Genet 56:1712 doi:10.1038/s41588-024-01802-x	Supplementary Table 8 (cluster markers), cluster = iPT; avg_log2FC>0, p_val_adj<0.05 (1596 genes), top 200 by avg_log2FC. Same donor cohort as GSE211785 (discovery)
Abedini2024_iPT_ST8	CLDN4	93	Abedini et al. 2024 Nat Genet 56:1712 doi:10.1038/s41588-024-01802-x	Supplementary Table 8 (cluster markers), cluster = iPT; avg_log2FC>0, p_val_adj<0.05 (1596 genes), top 200 by avg_log2FC. Same donor cohort as GSE211785 (discovery)
Abedini2024_iPT_ST8	SCGN	94	Abedini et al. 2024 Nat Genet 56:1712 doi:10.1038/s41588-024-01802-x	Supplementary Table 8 (cluster markers), cluster = iPT; avg_log2FC>0, p_val_adj<0.05 (1596 genes), top 200 by avg_log2FC. Same donor cohort as GSE211785 (discovery)
Abedini2024_iPT_ST8	MB21D2	95	Abedini et al. 2024 Nat Genet 56:1712 doi:10.1038/s41588-024-01802-x	Supplementary Table 8 (cluster markers), cluster = iPT; avg_log2FC>0, p_val_adj<0.05 (1596 genes), top 200 by avg_log2FC. Same donor cohort as GSE211785 (discovery)
Abedini2024_iPT_ST8	SLC35F6	96	Abedini et al. 2024 Nat Genet 56:1712 doi:10.1038/s41588-024-01802-x	Supplementary Table 8 (cluster markers), cluster = iPT; avg_log2FC>0, p_val_adj<0.05 (1596 genes), top 200 by avg_log2FC. Same donor cohort as GSE211785 (discovery)
Abedini2024_iPT_ST8	VWCE	97	Abedini et al. 2024 Nat Genet 56:1712 doi:10.1038/s41588-024-01802-x	Supplementary Table 8 (cluster markers), cluster = iPT; avg_log2FC>0, p_val_adj<0.05 (1596 genes), top 200 by avg_log2FC. Same donor cohort as GSE211785 (discovery)
Abedini2024_iPT_ST8	BEST3	98	Abedini et al. 2024 Nat Genet 56:1712 doi:10.1038/s41588-024-01802-x	Supplementary Table 8 (cluster markers), cluster = iPT; avg_log2FC>0, p_val_adj<0.05 (1596 genes), top 200 by avg_log2FC. Same donor cohort as GSE211785 (discovery)
Abedini2024_iPT_ST8	SPHK1	99	Abedini et al. 2024 Nat Genet 56:1712 doi:10.1038/s41588-024-01802-x	Supplementary Table 8 (cluster markers), cluster = iPT; avg_log2FC>0, p_val_adj<0.05 (1596 genes), top 200 by avg_log2FC. Same donor cohort as GSE211785 (discovery)
Abedini2024_iPT_ST8	RETREG1	100	Abedini et al. 2024 Nat Genet 56:1712 doi:10.1038/s41588-024-01802-x	Supplementary Table 8 (cluster markers), cluster = iPT; avg_log2FC>0, p_val_adj<0.05 (1596 genes), top 200 by avg_log2FC. Same donor cohort as GSE211785 (discovery)
Abedini2024_iPT_ST8	SLC22A24	101	Abedini et al. 2024 Nat Genet 56:1712 doi:10.1038/s41588-024-01802-x	Supplementary Table 8 (cluster markers), cluster = iPT; avg_log2FC>0, p_val_adj<0.05 (1596 genes), top 200 by avg_log2FC. Same donor cohort as GSE211785 (discovery)
Abedini2024_iPT_ST8	ZNF267	102	Abedini et al. 2024 Nat Genet 56:1712 doi:10.1038/s41588-024-01802-x	Supplementary Table 8 (cluster markers), cluster = iPT; avg_log2FC>0, p_val_adj<0.05 (1596 genes), top 200 by avg_log2FC. Same donor cohort as GSE211785 (discovery)
Abedini2024_iPT_ST8	TGFB2	103	Abedini et al. 2024 Nat Genet 56:1712 doi:10.1038/s41588-024-01802-x	Supplementary Table 8 (cluster markers), cluster = iPT; avg_log2FC>0, p_val_adj<0.05 (1596 genes), top 200 by avg_log2FC. Same donor cohort as GSE211785 (discovery)
Abedini2024_iPT_ST8	ASB2	104	Abedini et al. 2024 Nat Genet 56:1712 doi:10.1038/s41588-024-01802-x	Supplementary Table 8 (cluster markers), cluster = iPT; avg_log2FC>0, p_val_adj<0.05 (1596 genes), top 200 by avg_log2FC. Same donor cohort as GSE211785 (discovery)
Abedini2024_iPT_ST8	BTBD16	105	Abedini et al. 2024 Nat Genet 56:1712 doi:10.1038/s41588-024-01802-x	Supplementary Table 8 (cluster markers), cluster = iPT; avg_log2FC>0, p_val_adj<0.05 (1596 genes), top 200 by avg_log2FC. Same donor cohort as GSE211785 (discovery)
Abedini2024_iPT_ST8	KLHDC7B	106	Abedini et al. 2024 Nat Genet 56:1712 doi:10.1038/s41588-024-01802-x	Supplementary Table 8 (cluster markers), cluster = iPT; avg_log2FC>0, p_val_adj<0.05 (1596 genes), top 200 by avg_log2FC. Same donor cohort as GSE211785 (discovery)
Abedini2024_iPT_ST8	TMEM200A	107	Abedini et al. 2024 Nat Genet 56:1712 doi:10.1038/s41588-024-01802-x	Supplementary Table 8 (cluster markers), cluster = iPT; avg_log2FC>0, p_val_adj<0.05 (1596 genes), top 200 by avg_log2FC. Same donor cohort as GSE211785 (discovery)
Abedini2024_iPT_ST8	TNFAIP2	108	Abedini et al. 2024 Nat Genet 56:1712 doi:10.1038/s41588-024-01802-x	Supplementary Table 8 (cluster markers), cluster = iPT; avg_log2FC>0, p_val_adj<0.05 (1596 genes), top 200 by avg_log2FC. Same donor cohort as GSE211785 (discovery)
Abedini2024_iPT_ST8	ANKRD29	109	Abedini et al. 2024 Nat Genet 56:1712 doi:10.1038/s41588-024-01802-x	Supplementary Table 8 (cluster markers), cluster = iPT; avg_log2FC>0, p_val_adj<0.05 (1596 genes), top 200 by avg_log2FC. Same donor cohort as GSE211785 (discovery)
Abedini2024_iPT_ST8	ANO1	110	Abedini et al. 2024 Nat Genet 56:1712 doi:10.1038/s41588-024-01802-x	Supplementary Table 8 (cluster markers), cluster = iPT; avg_log2FC>0, p_val_adj<0.05 (1596 genes), top 200 by avg_log2FC. Same donor cohort as GSE211785 (discovery)
Abedini2024_iPT_ST8	SERPINF2	111	Abedini et al. 2024 Nat Genet 56:1712 doi:10.1038/s41588-024-01802-x	Supplementary Table 8 (cluster markers), cluster = iPT; avg_log2FC>0, p_val_adj<0.05 (1596 genes), top 200 by avg_log2FC. Same donor cohort as GSE211785 (discovery)
Abedini2024_iPT_ST8	METTL7B	112	Abedini et al. 2024 Nat Genet 56:1712 doi:10.1038/s41588-024-01802-x	Supplementary Table 8 (cluster markers), cluster = iPT; avg_log2FC>0, p_val_adj<0.05 (1596 genes), top 200 by avg_log2FC. Same donor cohort as GSE211785 (discovery)
Abedini2024_iPT_ST8	IRAK2	113	Abedini et al. 2024 Nat Genet 56:1712 doi:10.1038/s41588-024-01802-x	Supplementary Table 8 (cluster markers), cluster = iPT; avg_log2FC>0, p_val_adj<0.05 (1596 genes), top 200 by avg_log2FC. Same donor cohort as GSE211785 (discovery)
Abedini2024_iPT_ST8	SNTG2	114	Abedini et al. 2024 Nat Genet 56:1712 doi:10.1038/s41588-024-01802-x	Supplementary Table 8 (cluster markers), cluster = iPT; avg_log2FC>0, p_val_adj<0.05 (1596 genes), top 200 by avg_log2FC. Same donor cohort as GSE211785 (discovery)
Abedini2024_iPT_ST8	TTLL2	115	Abedini et al. 2024 Nat Genet 56:1712 doi:10.1038/s41588-024-01802-x	Supplementary Table 8 (cluster markers), cluster = iPT; avg_log2FC>0, p_val_adj<0.05 (1596 genes), top 200 by avg_log2FC. Same donor cohort as GSE211785 (discovery)
Abedini2024_iPT_ST8	LEMD1	116	Abedini et al. 2024 Nat Genet 56:1712 doi:10.1038/s41588-024-01802-x	Supplementary Table 8 (cluster markers), cluster = iPT; avg_log2FC>0, p_val_adj<0.05 (1596 genes), top 200 by avg_log2FC. Same donor cohort as GSE211785 (discovery)
Abedini2024_iPT_ST8	RBM24	117	Abedini et al. 2024 Nat Genet 56:1712 doi:10.1038/s41588-024-01802-x	Supplementary Table 8 (cluster markers), cluster = iPT; avg_log2FC>0, p_val_adj<0.05 (1596 genes), top 200 by avg_log2FC. Same donor cohort as GSE211785 (discovery)
Abedini2024_iPT_ST8	MASP1	118	Abedini et al. 2024 Nat Genet 56:1712 doi:10.1038/s41588-024-01802-x	Supplementary Table 8 (cluster markers), cluster = iPT; avg_log2FC>0, p_val_adj<0.05 (1596 genes), top 200 by avg_log2FC. Same donor cohort as GSE211785 (discovery)
Abedini2024_iPT_ST8	CFB	119	Abedini et al. 2024 Nat Genet 56:1712 doi:10.1038/s41588-024-01802-x	Supplementary Table 8 (cluster markers), cluster = iPT; avg_log2FC>0, p_val_adj<0.05 (1596 genes), top 200 by avg_log2FC. Same donor cohort as GSE211785 (discovery)
Abedini2024_iPT_ST8	EDAR	120	Abedini et al. 2024 Nat Genet 56:1712 doi:10.1038/s41588-024-01802-x	Supplementary Table 8 (cluster markers), cluster = iPT; avg_log2FC>0, p_val_adj<0.05 (1596 genes), top 200 by avg_log2FC. Same donor cohort as GSE211785 (discovery)
Abedini2024_iPT_ST8	C6orf58	121	Abedini et al. 2024 Nat Genet 56:1712 doi:10.1038/s41588-024-01802-x	Supplementary Table 8 (cluster markers), cluster = iPT; avg_log2FC>0, p_val_adj<0.05 (1596 genes), top 200 by avg_log2FC. Same donor cohort as GSE211785 (discovery)
Abedini2024_iPT_ST8	CRYAB	122	Abedini et al. 2024 Nat Genet 56:1712 doi:10.1038/s41588-024-01802-x	Supplementary Table 8 (cluster markers), cluster = iPT; avg_log2FC>0, p_val_adj<0.05 (1596 genes), top 200 by avg_log2FC. Same donor cohort as GSE211785 (discovery)
Abedini2024_iPT_ST8	SPNS3	123	Abedini et al. 2024 Nat Genet 56:1712 doi:10.1038/s41588-024-01802-x	Supplementary Table 8 (cluster markers), cluster = iPT; avg_log2FC>0, p_val_adj<0.05 (1596 genes), top 200 by avg_log2FC. Same donor cohort as GSE211785 (discovery)
Abedini2024_iPT_ST8	SSPN	124	Abedini et al. 2024 Nat Genet 56:1712 doi:10.1038/s41588-024-01802-x	Supplementary Table 8 (cluster markers), cluster = iPT; avg_log2FC>0, p_val_adj<0.05 (1596 genes), top 200 by avg_log2FC. Same donor cohort as GSE211785 (discovery)
Abedini2024_iPT_ST8	TPM1	125	Abedini et al. 2024 Nat Genet 56:1712 doi:10.1038/s41588-024-01802-x	Supplementary Table 8 (cluster markers), cluster = iPT; avg_log2FC>0, p_val_adj<0.05 (1596 genes), top 200 by avg_log2FC. Same donor cohort as GSE211785 (discovery)
Abedini2024_iPT_ST8	NFAM1	126	Abedini et al. 2024 Nat Genet 56:1712 doi:10.1038/s41588-024-01802-x	Supplementary Table 8 (cluster markers), cluster = iPT; avg_log2FC>0, p_val_adj<0.05 (1596 genes), top 200 by avg_log2FC. Same donor cohort as GSE211785 (discovery)
Abedini2024_iPT_ST8	RHPN2	127	Abedini et al. 2024 Nat Genet 56:1712 doi:10.1038/s41588-024-01802-x	Supplementary Table 8 (cluster markers), cluster = iPT; avg_log2FC>0, p_val_adj<0.05 (1596 genes), top 200 by avg_log2FC. Same donor cohort as GSE211785 (discovery)
Abedini2024_iPT_ST8	MOGAT3	128	Abedini et al. 2024 Nat Genet 56:1712 doi:10.1038/s41588-024-01802-x	Supplementary Table 8 (cluster markers), cluster = iPT; avg_log2FC>0, p_val_adj<0.05 (1596 genes), top 200 by avg_log2FC. Same donor cohort as GSE211785 (discovery)
Abedini2024_iPT_ST8	PLAAT3	129	Abedini et al. 2024 Nat Genet 56:1712 doi:10.1038/s41588-024-01802-x	Supplementary Table 8 (cluster markers), cluster = iPT; avg_log2FC>0, p_val_adj<0.05 (1596 genes), top 200 by avg_log2FC. Same donor cohort as GSE211785 (discovery)
Abedini2024_iPT_ST8	VARS2	130	Abedini et al. 2024 Nat Genet 56:1712 doi:10.1038/s41588-024-01802-x	Supplementary Table 8 (cluster markers), cluster = iPT; avg_log2FC>0, p_val_adj<0.05 (1596 genes), top 200 by avg_log2FC. Same donor cohort as GSE211785 (discovery)
Abedini2024_iPT_ST8	KRT86	131	Abedini et al. 2024 Nat Genet 56:1712 doi:10.1038/s41588-024-01802-x	Supplementary Table 8 (cluster markers), cluster = iPT; avg_log2FC>0, p_val_adj<0.05 (1596 genes), top 200 by avg_log2FC. Same donor cohort as GSE211785 (discovery)
Abedini2024_iPT_ST8	ANK1	132	Abedini et al. 2024 Nat Genet 56:1712 doi:10.1038/s41588-024-01802-x	Supplementary Table 8 (cluster markers), cluster = iPT; avg_log2FC>0, p_val_adj<0.05 (1596 genes), top 200 by avg_log2FC. Same donor cohort as GSE211785 (discovery)
Abedini2024_iPT_ST8	HRH1	133	Abedini et al. 2024 Nat Genet 56:1712 doi:10.1038/s41588-024-01802-x	Supplementary Table 8 (cluster markers), cluster = iPT; avg_log2FC>0, p_val_adj<0.05 (1596 genes), top 200 by avg_log2FC. Same donor cohort as GSE211785 (discovery)
Abedini2024_iPT_ST8	SSTR1	134	Abedini et al. 2024 Nat Genet 56:1712 doi:10.1038/s41588-024-01802-x	Supplementary Table 8 (cluster markers), cluster = iPT; avg_log2FC>0, p_val_adj<0.05 (1596 genes), top 200 by avg_log2FC. Same donor cohort as GSE211785 (discovery)
Abedini2024_iPT_ST8	TMEM130	135	Abedini et al. 2024 Nat Genet 56:1712 doi:10.1038/s41588-024-01802-x	Supplementary Table 8 (cluster markers), cluster = iPT; avg_log2FC>0, p_val_adj<0.05 (1596 genes), top 200 by avg_log2FC. Same donor cohort as GSE211785 (discovery)
Abedini2024_iPT_ST8	QPCT	136	Abedini et al. 2024 Nat Genet 56:1712 doi:10.1038/s41588-024-01802-x	Supplementary Table 8 (cluster markers), cluster = iPT; avg_log2FC>0, p_val_adj<0.05 (1596 genes), top 200 by avg_log2FC. Same donor cohort as GSE211785 (discovery)
Abedini2024_iPT_ST8	CX3CL1	137	Abedini et al. 2024 Nat Genet 56:1712 doi:10.1038/s41588-024-01802-x	Supplementary Table 8 (cluster markers), cluster = iPT; avg_log2FC>0, p_val_adj<0.05 (1596 genes), top 200 by avg_log2FC. Same donor cohort as GSE211785 (discovery)
Abedini2024_iPT_ST8	CTXND1	138	Abedini et al. 2024 Nat Genet 56:1712 doi:10.1038/s41588-024-01802-x	Supplementary Table 8 (cluster markers), cluster = iPT; avg_log2FC>0, p_val_adj<0.05 (1596 genes), top 200 by avg_log2FC. Same donor cohort as GSE211785 (discovery)
Abedini2024_iPT_ST8	HCST	139	Abedini et al. 2024 Nat Genet 56:1712 doi:10.1038/s41588-024-01802-x	Supplementary Table 8 (cluster markers), cluster = iPT; avg_log2FC>0, p_val_adj<0.05 (1596 genes), top 200 by avg_log2FC. Same donor cohort as GSE211785 (discovery)
Abedini2024_iPT_ST8	NFKBID	140	Abedini et al. 2024 Nat Genet 56:1712 doi:10.1038/s41588-024-01802-x	Supplementary Table 8 (cluster markers), cluster = iPT; avg_log2FC>0, p_val_adj<0.05 (1596 genes), top 200 by avg_log2FC. Same donor cohort as GSE211785 (discovery)
Abedini2024_iPT_ST8	BMP1	141	Abedini et al. 2024 Nat Genet 56:1712 doi:10.1038/s41588-024-01802-x	Supplementary Table 8 (cluster markers), cluster = iPT; avg_log2FC>0, p_val_adj<0.05 (1596 genes), top 200 by avg_log2FC. Same donor cohort as GSE211785 (discovery)
Abedini2024_iPT_ST8	FFAR4	142	Abedini et al. 2024 Nat Genet 56:1712 doi:10.1038/s41588-024-01802-x	Supplementary Table 8 (cluster markers), cluster = iPT; avg_log2FC>0, p_val_adj<0.05 (1596 genes), top 200 by avg_log2FC. Same donor cohort as GSE211785 (discovery)
Abedini2024_iPT_ST8	TGFBI	143	Abedini et al. 2024 Nat Genet 56:1712 doi:10.1038/s41588-024-01802-x	Supplementary Table 8 (cluster markers), cluster = iPT; avg_log2FC>0, p_val_adj<0.05 (1596 genes), top 200 by avg_log2FC. Same donor cohort as GSE211785 (discovery)
Abedini2024_iPT_ST8	PDLIM3	144	Abedini et al. 2024 Nat Genet 56:1712 doi:10.1038/s41588-024-01802-x	Supplementary Table 8 (cluster markers), cluster = iPT; avg_log2FC>0, p_val_adj<0.05 (1596 genes), top 200 by avg_log2FC. Same donor cohort as GSE211785 (discovery)
Abedini2024_iPT_ST8	SPATA12	145	Abedini et al. 2024 Nat Genet 56:1712 doi:10.1038/s41588-024-01802-x	Supplementary Table 8 (cluster markers), cluster = iPT; avg_log2FC>0, p_val_adj<0.05 (1596 genes), top 200 by avg_log2FC. Same donor cohort as GSE211785 (discovery)
Abedini2024_iPT_ST8	ACTN1	146	Abedini et al. 2024 Nat Genet 56:1712 doi:10.1038/s41588-024-01802-x	Supplementary Table 8 (cluster markers), cluster = iPT; avg_log2FC>0, p_val_adj<0.05 (1596 genes), top 200 by avg_log2FC. Same donor cohort as GSE211785 (discovery)
Abedini2024_iPT_ST8	IRX3	147	Abedini et al. 2024 Nat Genet 56:1712 doi:10.1038/s41588-024-01802-x	Supplementary Table 8 (cluster markers), cluster = iPT; avg_log2FC>0, p_val_adj<0.05 (1596 genes), top 200 by avg_log2FC. Same donor cohort as GSE211785 (discovery)
Abedini2024_iPT_ST8	COL23A1	148	Abedini et al. 2024 Nat Genet 56:1712 doi:10.1038/s41588-024-01802-x	Supplementary Table 8 (cluster markers), cluster = iPT; avg_log2FC>0, p_val_adj<0.05 (1596 genes), top 200 by avg_log2FC. Same donor cohort as GSE211785 (discovery)
Abedini2024_iPT_ST8	SLC22A11	149	Abedini et al. 2024 Nat Genet 56:1712 doi:10.1038/s41588-024-01802-x	Supplementary Table 8 (cluster markers), cluster = iPT; avg_log2FC>0, p_val_adj<0.05 (1596 genes), top 200 by avg_log2FC. Same donor cohort as GSE211785 (discovery)
Abedini2024_iPT_ST8	CDH2	150	Abedini et al. 2024 Nat Genet 56:1712 doi:10.1038/s41588-024-01802-x	Supplementary Table 8 (cluster markers), cluster = iPT; avg_log2FC>0, p_val_adj<0.05 (1596 genes), top 200 by avg_log2FC. Same donor cohort as GSE211785 (discovery)
Abedini2024_iPT_ST8	NECAB1	151	Abedini et al. 2024 Nat Genet 56:1712 doi:10.1038/s41588-024-01802-x	Supplementary Table 8 (cluster markers), cluster = iPT; avg_log2FC>0, p_val_adj<0.05 (1596 genes), top 200 by avg_log2FC. Same donor cohort as GSE211785 (discovery)
Abedini2024_iPT_ST8	ZEB2	152	Abedini et al. 2024 Nat Genet 56:1712 doi:10.1038/s41588-024-01802-x	Supplementary Table 8 (cluster markers), cluster = iPT; avg_log2FC>0, p_val_adj<0.05 (1596 genes), top 200 by avg_log2FC. Same donor cohort as GSE211785 (discovery)
Abedini2024_iPT_ST8	CRB2	153	Abedini et al. 2024 Nat Genet 56:1712 doi:10.1038/s41588-024-01802-x	Supplementary Table 8 (cluster markers), cluster = iPT; avg_log2FC>0, p_val_adj<0.05 (1596 genes), top 200 by avg_log2FC. Same donor cohort as GSE211785 (discovery)
Abedini2024_iPT_ST8	PIWIL4	154	Abedini et al. 2024 Nat Genet 56:1712 doi:10.1038/s41588-024-01802-x	Supplementary Table 8 (cluster markers), cluster = iPT; avg_log2FC>0, p_val_adj<0.05 (1596 genes), top 200 by avg_log2FC. Same donor cohort as GSE211785 (discovery)
Abedini2024_iPT_ST8	TRPM8	155	Abedini et al. 2024 Nat Genet 56:1712 doi:10.1038/s41588-024-01802-x	Supplementary Table 8 (cluster markers), cluster = iPT; avg_log2FC>0, p_val_adj<0.05 (1596 genes), top 200 by avg_log2FC. Same donor cohort as GSE211785 (discovery)
Abedini2024_iPT_ST8	ITGB3	156	Abedini et al. 2024 Nat Genet 56:1712 doi:10.1038/s41588-024-01802-x	Supplementary Table 8 (cluster markers), cluster = iPT; avg_log2FC>0, p_val_adj<0.05 (1596 genes), top 200 by avg_log2FC. Same donor cohort as GSE211785 (discovery)
Abedini2024_iPT_ST8	MMP20	157	Abedini et al. 2024 Nat Genet 56:1712 doi:10.1038/s41588-024-01802-x	Supplementary Table 8 (cluster markers), cluster = iPT; avg_log2FC>0, p_val_adj<0.05 (1596 genes), top 200 by avg_log2FC. Same donor cohort as GSE211785 (discovery)
Abedini2024_iPT_ST8	TMEM176B	158	Abedini et al. 2024 Nat Genet 56:1712 doi:10.1038/s41588-024-01802-x	Supplementary Table 8 (cluster markers), cluster = iPT; avg_log2FC>0, p_val_adj<0.05 (1596 genes), top 200 by avg_log2FC. Same donor cohort as GSE211785 (discovery)
Abedini2024_iPT_ST8	MYOM3	159	Abedini et al. 2024 Nat Genet 56:1712 doi:10.1038/s41588-024-01802-x	Supplementary Table 8 (cluster markers), cluster = iPT; avg_log2FC>0, p_val_adj<0.05 (1596 genes), top 200 by avg_log2FC. Same donor cohort as GSE211785 (discovery)
Abedini2024_iPT_ST8	WNT5A	160	Abedini et al. 2024 Nat Genet 56:1712 doi:10.1038/s41588-024-01802-x	Supplementary Table 8 (cluster markers), cluster = iPT; avg_log2FC>0, p_val_adj<0.05 (1596 genes), top 200 by avg_log2FC. Same donor cohort as GSE211785 (discovery)
Abedini2024_iPT_ST8	PLS1	161	Abedini et al. 2024 Nat Genet 56:1712 doi:10.1038/s41588-024-01802-x	Supplementary Table 8 (cluster markers), cluster = iPT; avg_log2FC>0, p_val_adj<0.05 (1596 genes), top 200 by avg_log2FC. Same donor cohort as GSE211785 (discovery)
Abedini2024_iPT_ST8	UNC93A	162	Abedini et al. 2024 Nat Genet 56:1712 doi:10.1038/s41588-024-01802-x	Supplementary Table 8 (cluster markers), cluster = iPT; avg_log2FC>0, p_val_adj<0.05 (1596 genes), top 200 by avg_log2FC. Same donor cohort as GSE211785 (discovery)
Abedini2024_iPT_ST8	PDZK1IP1	163	Abedini et al. 2024 Nat Genet 56:1712 doi:10.1038/s41588-024-01802-x	Supplementary Table 8 (cluster markers), cluster = iPT; avg_log2FC>0, p_val_adj<0.05 (1596 genes), top 200 by avg_log2FC. Same donor cohort as GSE211785 (discovery)
Abedini2024_iPT_ST8	TRIM10	164	Abedini et al. 2024 Nat Genet 56:1712 doi:10.1038/s41588-024-01802-x	Supplementary Table 8 (cluster markers), cluster = iPT; avg_log2FC>0, p_val_adj<0.05 (1596 genes), top 200 by avg_log2FC. Same donor cohort as GSE211785 (discovery)
Abedini2024_iPT_ST8	BMP2	165	Abedini et al. 2024 Nat Genet 56:1712 doi:10.1038/s41588-024-01802-x	Supplementary Table 8 (cluster markers), cluster = iPT; avg_log2FC>0, p_val_adj<0.05 (1596 genes), top 200 by avg_log2FC. Same donor cohort as GSE211785 (discovery)
Abedini2024_iPT_ST8	SHISAL2A	166	Abedini et al. 2024 Nat Genet 56:1712 doi:10.1038/s41588-024-01802-x	Supplementary Table 8 (cluster markers), cluster = iPT; avg_log2FC>0, p_val_adj<0.05 (1596 genes), top 200 by avg_log2FC. Same donor cohort as GSE211785 (discovery)
Abedini2024_iPT_ST8	RASA3	167	Abedini et al. 2024 Nat Genet 56:1712 doi:10.1038/s41588-024-01802-x	Supplementary Table 8 (cluster markers), cluster = iPT; avg_log2FC>0, p_val_adj<0.05 (1596 genes), top 200 by avg_log2FC. Same donor cohort as GSE211785 (discovery)
Abedini2024_iPT_ST8	ITGB8	168	Abedini et al. 2024 Nat Genet 56:1712 doi:10.1038/s41588-024-01802-x	Supplementary Table 8 (cluster markers), cluster = iPT; avg_log2FC>0, p_val_adj<0.05 (1596 genes), top 200 by avg_log2FC. Same donor cohort as GSE211785 (discovery)
Abedini2024_iPT_ST8	SRL	169	Abedini et al. 2024 Nat Genet 56:1712 doi:10.1038/s41588-024-01802-x	Supplementary Table 8 (cluster markers), cluster = iPT; avg_log2FC>0, p_val_adj<0.05 (1596 genes), top 200 by avg_log2FC. Same donor cohort as GSE211785 (discovery)
Abedini2024_iPT_ST8	KRT7	170	Abedini et al. 2024 Nat Genet 56:1712 doi:10.1038/s41588-024-01802-x	Supplementary Table 8 (cluster markers), cluster = iPT; avg_log2FC>0, p_val_adj<0.05 (1596 genes), top 200 by avg_log2FC. Same donor cohort as GSE211785 (discovery)
Abedini2024_iPT_ST8	COL27A1	171	Abedini et al. 2024 Nat Genet 56:1712 doi:10.1038/s41588-024-01802-x	Supplementary Table 8 (cluster markers), cluster = iPT; avg_log2FC>0, p_val_adj<0.05 (1596 genes), top 200 by avg_log2FC. Same donor cohort as GSE211785 (discovery)
Abedini2024_iPT_ST8	BIRC3	172	Abedini et al. 2024 Nat Genet 56:1712 doi:10.1038/s41588-024-01802-x	Supplementary Table 8 (cluster markers), cluster = iPT; avg_log2FC>0, p_val_adj<0.05 (1596 genes), top 200 by avg_log2FC. Same donor cohort as GSE211785 (discovery)
Abedini2024_iPT_ST8	GDF15	173	Abedini et al. 2024 Nat Genet 56:1712 doi:10.1038/s41588-024-01802-x	Supplementary Table 8 (cluster markers), cluster = iPT; avg_log2FC>0, p_val_adj<0.05 (1596 genes), top 200 by avg_log2FC. Same donor cohort as GSE211785 (discovery)
Abedini2024_iPT_ST8	GPA33	174	Abedini et al. 2024 Nat Genet 56:1712 doi:10.1038/s41588-024-01802-x	Supplementary Table 8 (cluster markers), cluster = iPT; avg_log2FC>0, p_val_adj<0.05 (1596 genes), top 200 by avg_log2FC. Same donor cohort as GSE211785 (discovery)
Abedini2024_iPT_ST8	CLRN3	175	Abedini et al. 2024 Nat Genet 56:1712 doi:10.1038/s41588-024-01802-x	Supplementary Table 8 (cluster markers), cluster = iPT; avg_log2FC>0, p_val_adj<0.05 (1596 genes), top 200 by avg_log2FC. Same donor cohort as GSE211785 (discovery)
Abedini2024_iPT_ST8	UPK1B	176	Abedini et al. 2024 Nat Genet 56:1712 doi:10.1038/s41588-024-01802-x	Supplementary Table 8 (cluster markers), cluster = iPT; avg_log2FC>0, p_val_adj<0.05 (1596 genes), top 200 by avg_log2FC. Same donor cohort as GSE211785 (discovery)
Abedini2024_iPT_ST8	ALPK2	177	Abedini et al. 2024 Nat Genet 56:1712 doi:10.1038/s41588-024-01802-x	Supplementary Table 8 (cluster markers), cluster = iPT; avg_log2FC>0, p_val_adj<0.05 (1596 genes), top 200 by avg_log2FC. Same donor cohort as GSE211785 (discovery)
Abedini2024_iPT_ST8	NFIX	178	Abedini et al. 2024 Nat Genet 56:1712 doi:10.1038/s41588-024-01802-x	Supplementary Table 8 (cluster markers), cluster = iPT; avg_log2FC>0, p_val_adj<0.05 (1596 genes), top 200 by avg_log2FC. Same donor cohort as GSE211785 (discovery)
Abedini2024_iPT_ST8	TMEM176A	179	Abedini et al. 2024 Nat Genet 56:1712 doi:10.1038/s41588-024-01802-x	Supplementary Table 8 (cluster markers), cluster = iPT; avg_log2FC>0, p_val_adj<0.05 (1596 genes), top 200 by avg_log2FC. Same donor cohort as GSE211785 (discovery)
Abedini2024_iPT_ST8	PADI3	180	Abedini et al. 2024 Nat Genet 56:1712 doi:10.1038/s41588-024-01802-x	Supplementary Table 8 (cluster markers), cluster = iPT; avg_log2FC>0, p_val_adj<0.05 (1596 genes), top 200 by avg_log2FC. Same donor cohort as GSE211785 (discovery)
Abedini2024_iPT_ST8	SOX9	181	Abedini et al. 2024 Nat Genet 56:1712 doi:10.1038/s41588-024-01802-x	Supplementary Table 8 (cluster markers), cluster = iPT; avg_log2FC>0, p_val_adj<0.05 (1596 genes), top 200 by avg_log2FC. Same donor cohort as GSE211785 (discovery)
Abedini2024_iPT_ST8	RAB7B	182	Abedini et al. 2024 Nat Genet 56:1712 doi:10.1038/s41588-024-01802-x	Supplementary Table 8 (cluster markers), cluster = iPT; avg_log2FC>0, p_val_adj<0.05 (1596 genes), top 200 by avg_log2FC. Same donor cohort as GSE211785 (discovery)
Abedini2024_iPT_ST8	FIGN	183	Abedini et al. 2024 Nat Genet 56:1712 doi:10.1038/s41588-024-01802-x	Supplementary Table 8 (cluster markers), cluster = iPT; avg_log2FC>0, p_val_adj<0.05 (1596 genes), top 200 by avg_log2FC. Same donor cohort as GSE211785 (discovery)
Abedini2024_iPT_ST8	WFDC2	184	Abedini et al. 2024 Nat Genet 56:1712 doi:10.1038/s41588-024-01802-x	Supplementary Table 8 (cluster markers), cluster = iPT; avg_log2FC>0, p_val_adj<0.05 (1596 genes), top 200 by avg_log2FC. Same donor cohort as GSE211785 (discovery)
Abedini2024_iPT_ST8	PPP1R14D	185	Abedini et al. 2024 Nat Genet 56:1712 doi:10.1038/s41588-024-01802-x	Supplementary Table 8 (cluster markers), cluster = iPT; avg_log2FC>0, p_val_adj<0.05 (1596 genes), top 200 by avg_log2FC. Same donor cohort as GSE211785 (discovery)
Abedini2024_iPT_ST8	TRAF2	186	Abedini et al. 2024 Nat Genet 56:1712 doi:10.1038/s41588-024-01802-x	Supplementary Table 8 (cluster markers), cluster = iPT; avg_log2FC>0, p_val_adj<0.05 (1596 genes), top 200 by avg_log2FC. Same donor cohort as GSE211785 (discovery)
Abedini2024_iPT_ST8	NSG1	187	Abedini et al. 2024 Nat Genet 56:1712 doi:10.1038/s41588-024-01802-x	Supplementary Table 8 (cluster markers), cluster = iPT; avg_log2FC>0, p_val_adj<0.05 (1596 genes), top 200 by avg_log2FC. Same donor cohort as GSE211785 (discovery)
Abedini2024_iPT_ST8	SMIM31	188	Abedini et al. 2024 Nat Genet 56:1712 doi:10.1038/s41588-024-01802-x	Supplementary Table 8 (cluster markers), cluster = iPT; avg_log2FC>0, p_val_adj<0.05 (1596 genes), top 200 by avg_log2FC. Same donor cohort as GSE211785 (discovery)
Abedini2024_iPT_ST8	CLDN1	189	Abedini et al. 2024 Nat Genet 56:1712 doi:10.1038/s41588-024-01802-x	Supplementary Table 8 (cluster markers), cluster = iPT; avg_log2FC>0, p_val_adj<0.05 (1596 genes), top 200 by avg_log2FC. Same donor cohort as GSE211785 (discovery)
Abedini2024_iPT_ST8	APBA2	190	Abedini et al. 2024 Nat Genet 56:1712 doi:10.1038/s41588-024-01802-x	Supplementary Table 8 (cluster markers), cluster = iPT; avg_log2FC>0, p_val_adj<0.05 (1596 genes), top 200 by avg_log2FC. Same donor cohort as GSE211785 (discovery)
Abedini2024_iPT_ST8	MCAM	191	Abedini et al. 2024 Nat Genet 56:1712 doi:10.1038/s41588-024-01802-x	Supplementary Table 8 (cluster markers), cluster = iPT; avg_log2FC>0, p_val_adj<0.05 (1596 genes), top 200 by avg_log2FC. Same donor cohort as GSE211785 (discovery)
Abedini2024_iPT_ST8	EPHA2	192	Abedini et al. 2024 Nat Genet 56:1712 doi:10.1038/s41588-024-01802-x	Supplementary Table 8 (cluster markers), cluster = iPT; avg_log2FC>0, p_val_adj<0.05 (1596 genes), top 200 by avg_log2FC. Same donor cohort as GSE211785 (discovery)
Abedini2024_iPT_ST8	NOD2	193	Abedini et al. 2024 Nat Genet 56:1712 doi:10.1038/s41588-024-01802-x	Supplementary Table 8 (cluster markers), cluster = iPT; avg_log2FC>0, p_val_adj<0.05 (1596 genes), top 200 by avg_log2FC. Same donor cohort as GSE211785 (discovery)
Abedini2024_iPT_ST8	FADS3	194	Abedini et al. 2024 Nat Genet 56:1712 doi:10.1038/s41588-024-01802-x	Supplementary Table 8 (cluster markers), cluster = iPT; avg_log2FC>0, p_val_adj<0.05 (1596 genes), top 200 by avg_log2FC. Same donor cohort as GSE211785 (discovery)
Abedini2024_iPT_ST8	GLIPR2	195	Abedini et al. 2024 Nat Genet 56:1712 doi:10.1038/s41588-024-01802-x	Supplementary Table 8 (cluster markers), cluster = iPT; avg_log2FC>0, p_val_adj<0.05 (1596 genes), top 200 by avg_log2FC. Same donor cohort as GSE211785 (discovery)
Abedini2024_iPT_ST8	PHYHIP	196	Abedini et al. 2024 Nat Genet 56:1712 doi:10.1038/s41588-024-01802-x	Supplementary Table 8 (cluster markers), cluster = iPT; avg_log2FC>0, p_val_adj<0.05 (1596 genes), top 200 by avg_log2FC. Same donor cohort as GSE211785 (discovery)
Abedini2024_iPT_ST8	ADORA1	197	Abedini et al. 2024 Nat Genet 56:1712 doi:10.1038/s41588-024-01802-x	Supplementary Table 8 (cluster markers), cluster = iPT; avg_log2FC>0, p_val_adj<0.05 (1596 genes), top 200 by avg_log2FC. Same donor cohort as GSE211785 (discovery)
Abedini2024_iPT_ST8	ASPHD1	198	Abedini et al. 2024 Nat Genet 56:1712 doi:10.1038/s41588-024-01802-x	Supplementary Table 8 (cluster markers), cluster = iPT; avg_log2FC>0, p_val_adj<0.05 (1596 genes), top 200 by avg_log2FC. Same donor cohort as GSE211785 (discovery)
Abedini2024_iPT_ST8	EMILIN2	199	Abedini et al. 2024 Nat Genet 56:1712 doi:10.1038/s41588-024-01802-x	Supplementary Table 8 (cluster markers), cluster = iPT; avg_log2FC>0, p_val_adj<0.05 (1596 genes), top 200 by avg_log2FC. Same donor cohort as GSE211785 (discovery)
Abedini2024_iPT_ST8	IL18	200	Abedini et al. 2024 Nat Genet 56:1712 doi:10.1038/s41588-024-01802-x	Supplementary Table 8 (cluster markers), cluster = iPT; avg_log2FC>0, p_val_adj<0.05 (1596 genes), top 200 by avg_log2FC. Same donor cohort as GSE211785 (discovery)
