	library	donor	tech	group	sex	age	celltype	n_cells	lineage
HK2893.SN|PT_S3	HK2893.SN	HK2893	SN_RNA	Control	Male	37.0	PT_S3	1471	PT
HK2898.SN|PT_S2	HK2898.SN	HK2898	SN_RNA	Control	Male	65.0	PT_S2	1129	PT
HK2862.SN|C_TAL	HK2862.SN	HK2862	SN_RNA	DKD	Male	48.0	C_TAL	396	TAL
HK2596.SN|Fibroblast_1	HK2596.SN	HK2596	SN_RNA	DKD	Male	60.0	Fibroblast_1	823	Stroma
HK2774.SN|Mac	HK2774.SN	HK2774	SN_RNA	HKD	Male	84.0	Mac	350	Myeloid
HK2899.SN|DCT1	HK2899.SN	HK2899	SN_RNA	Control	Male	39.0	DCT1	636	DCT_CNT
HK2844.SN|CD8T	HK2844.SN	HK2844	SN_RNA	DKD	Female	62.0	CD8T	121	Lymphoid
HK2895.SN|DCT1	HK2895.SN	HK2895	SN_RNA	Control	Female	66.0	DCT1	825	DCT_CNT
HK2844.SN|DCT1	HK2844.SN	HK2844	SN_RNA	DKD	Female	62.0	DCT1	444	DCT_CNT
HK2868.SN|Endo_Peritubular	HK2868.SN	HK2868	SN_RNA	HKD	Male	60.0	Endo_Peritubular	932	Endo
HK2833.SN|IC_A	HK2833.SN	HK2833	SN_RNA	Control	Male	72.0	IC_A	642	IC
HK2868.SN|C_TAL	HK2868.SN	HK2868	SN_RNA	HKD	Male	60.0	C_TAL	537	TAL
HK2663_SN|IC_A	HK2663_SN	HK2663	SN_RNA	Control	Female	63.0	IC_A	316	IC
HK2867.SN|C_TAL	HK2867.SN	HK2867	SN_RNA	Control	Male	44.0	C_TAL	1150	TAL
HK2898.SN|PT_S1	HK2898.SN	HK2898	SN_RNA	Control	Male	65.0	PT_S1	2558	PT
HK2739.SN|IC_A	HK2739.SN	HK2739	SN_RNA	HKD	Male	58.0	IC_A	664	IC
HK2774.SN|iPT	HK2774.SN	HK2774	SN_RNA	HKD	Male	84.0	iPT	4299	PT
HK2558.SN|M_TAL	HK2558.SN	HK2558	SN_RNA	HKD	Male	77.0	M_TAL	3067	TAL
HK2898.SN|Endo_Peritubular	HK2898.SN	HK2898	SN_RNA	Control	Male	65.0	Endo_Peritubular	924	Endo
HK2867.SN|M_TAL	HK2867.SN	HK2867	SN_RNA	Control	Male	44.0	M_TAL	872	TAL
HK2867.SN|iPT	HK2867.SN	HK2867	SN_RNA	Control	Male	44.0	iPT	338	PT
HK2844.SN|C_TAL	HK2844.SN	HK2844	SN_RNA	DKD	Female	62.0	C_TAL	715	TAL
HK2895.SN|PEC	HK2895.SN	HK2895	SN_RNA	Control	Female	66.0	PEC	31	PEC
HK2895.SN|PT_S1	HK2895.SN	HK2895	SN_RNA	Control	Female	66.0	PT_S1	1406	PT
HK2663_SN|PT_S1	HK2663_SN	HK2663	SN_RNA	Control	Female	63.0	PT_S1	1352	PT
HK2833.SN|C_TAL	HK2833.SN	HK2833	SN_RNA	Control	Male	72.0	C_TAL	747	TAL
HK2558.SN|MyoFib/VSMC	HK2558.SN	HK2558	SN_RNA	HKD	Male	77.0	MyoFib/VSMC	267	Stroma
HK2867.SN|PT_S2	HK2867.SN	HK2867	SN_RNA	Control	Male	44.0	PT_S2	897	PT
HK2862.SN|iPT	HK2862.SN	HK2862	SN_RNA	DKD	Male	48.0	iPT	3132	PT
HK2844.SN|PT_S2	HK2844.SN	HK2844	SN_RNA	DKD	Female	62.0	PT_S2	756	PT
HK2862.SN|CNT	HK2862.SN	HK2862	SN_RNA	DKD	Male	48.0	CNT	602	DCT_CNT
HK2898.SN|CD8T	HK2898.SN	HK2898	SN_RNA	Control	Male	65.0	CD8T	74	Lymphoid
HK2739.SN|iPT	HK2739.SN	HK2739	SN_RNA	HKD	Male	58.0	iPT	2132	PT
HK2891.SN|iPT	HK2891.SN	HK2891	SN_RNA	HKD	Female	74.0	iPT	1027	PT
HK2774.SN|B_Naive	HK2774.SN	HK2774	SN_RNA	HKD	Male	84.0	B_Naive	123	Lymphoid
HK2558.SN|B_memory	HK2558.SN	HK2558	SN_RNA	HKD	Male	77.0	B_memory	45	Lymphoid
HK2739.SN|PT_S1	HK2739.SN	HK2739	SN_RNA	HKD	Male	58.0	PT_S1	2943	PT
HK2844.SN|Endo_Peritubular	HK2844.SN	HK2844	SN_RNA	DKD	Female	62.0	Endo_Peritubular	621	Endo
HK2899.SN|PT_S1	HK2899.SN	HK2899	SN_RNA	Control	Male	39.0	PT_S1	579	PT
HK2895.SN|PT_S2	HK2895.SN	HK2895	SN_RNA	Control	Female	66.0	PT_S2	565	PT
HK2774.SN|C_TAL	HK2774.SN	HK2774	SN_RNA	HKD	Male	84.0	C_TAL	700	TAL
HK2893.SN|M_TAL	HK2893.SN	HK2893	SN_RNA	Control	Male	37.0	M_TAL	2650	TAL
HK2895.SN|Endo_Peritubular	HK2895.SN	HK2895	SN_RNA	Control	Female	66.0	Endo_Peritubular	1130	Endo
HK2770_SN|DCT2	HK2770_SN	HK2770	SN_RNA	HKD	Male	68.0	DCT2	230	DCT_CNT
HK2899.SN|DCT2	HK2899.SN	HK2899	SN_RNA	Control	Male	39.0	DCT2	107	DCT_CNT
HK2558.SN|CD4T	HK2558.SN	HK2558	SN_RNA	HKD	Male	77.0	CD4T	158	Lymphoid
HK2895.SN|Des-Thin_Limb	HK2895.SN	HK2895	SN_RNA	Control	Female	66.0	Des-Thin_Limb	256	ThinLimb
HK2596.SN|Mac	HK2596.SN	HK2596	SN_RNA	DKD	Male	60.0	Mac	468	Myeloid
HK2895.SN|M_TAL	HK2895.SN	HK2895	SN_RNA	Control	Female	66.0	M_TAL	86	TAL
HK2862.SN|Macula_Densa	HK2862.SN	HK2862	SN_RNA	DKD	Male	48.0	Macula_Densa	680	TAL
HK2558.SN|C_TAL	HK2558.SN	HK2558	SN_RNA	HKD	Male	77.0	C_TAL	1211	TAL
HK2867.SN|PT_S1	HK2867.SN	HK2867	SN_RNA	Control	Male	44.0	PT_S1	1624	PT
HK2891.SN|Des-Thin_Limb	HK2891.SN	HK2891	SN_RNA	HKD	Female	74.0	Des-Thin_Limb	156	ThinLimb
HK2844.SN|PT_S3	HK2844.SN	HK2844	SN_RNA	DKD	Female	62.0	PT_S3	216	PT
HK2893.SN|PT_S2	HK2893.SN	HK2893	SN_RNA	Control	Male	37.0	PT_S2	555	PT
HK2898.SN|iPT	HK2898.SN	HK2898	SN_RNA	Control	Male	65.0	iPT	513	PT
HK2739.SN|Des-Thin_Limb	HK2739.SN	HK2739	SN_RNA	HKD	Male	58.0	Des-Thin_Limb	166	ThinLimb
HK2868.SN|Macula_Densa	HK2868.SN	HK2868	SN_RNA	HKD	Male	60.0	Macula_Densa	178	TAL
HK2862.SN|MyoFib/VSMC	HK2862.SN	HK2862	SN_RNA	DKD	Male	48.0	MyoFib/VSMC	27	Stroma
HK2663_SN|Mes	HK2663_SN	HK2663	SN_RNA	Control	Female	63.0	Mes	76	Stroma
HK2891.SN|CNT	HK2891.SN	HK2891	SN_RNA	HKD	Female	74.0	CNT	491	DCT_CNT
HK2774.SN|Podo	HK2774.SN	HK2774	SN_RNA	HKD	Male	84.0	Podo	648	Podo
HK2898.SN|PT_S3	HK2898.SN	HK2898	SN_RNA	Control	Male	65.0	PT_S3	1252	PT
HK2895.SN|PC	HK2895.SN	HK2895	SN_RNA	Control	Female	66.0	PC	345	PC
HK2891.SN|IC_A	HK2891.SN	HK2891	SN_RNA	HKD	Female	74.0	IC_A	644	IC
HK2596.SN|C_TAL	HK2596.SN	HK2596	SN_RNA	DKD	Male	60.0	C_TAL	1782	TAL
HK2833.SN|PT_S1	HK2833.SN	HK2833	SN_RNA	Control	Male	72.0	PT_S1	950	PT
HK2862.SN|Endo_GC	HK2862.SN	HK2862	SN_RNA	DKD	Male	48.0	Endo_GC	169	Endo
HK2833.SN|iPT	HK2833.SN	HK2833	SN_RNA	Control	Male	72.0	iPT	360	PT
HK2558.SN|IC_A	HK2558.SN	HK2558	SN_RNA	HKD	Male	77.0	IC_A	409	IC
HK2862.SN|B_memory	HK2862.SN	HK2862	SN_RNA	DKD	Male	48.0	B_memory	184	Lymphoid
HK2898.SN|CNT	HK2898.SN	HK2898	SN_RNA	Control	Male	65.0	CNT	516	DCT_CNT
HK2558.SN|iPT	HK2558.SN	HK2558	SN_RNA	HKD	Male	77.0	iPT	1126	PT
HK2558.SN|Endo_GC	HK2558.SN	HK2558	SN_RNA	HKD	Male	77.0	Endo_GC	837	Endo
HK2868.SN|PT_S1	HK2868.SN	HK2868	SN_RNA	HKD	Male	60.0	PT_S1	1297	PT
HK2774.SN|PT_S2	HK2774.SN	HK2774	SN_RNA	HKD	Male	84.0	PT_S2	134	PT
HK2898.SN|DCT2	HK2898.SN	HK2898	SN_RNA	Control	Male	65.0	DCT2	271	DCT_CNT
HK2833.SN|Endo_Peritubular	HK2833.SN	HK2833	SN_RNA	Control	Male	72.0	Endo_Peritubular	840	Endo
HK2663_SN|Fibroblast_1	HK2663_SN	HK2663	SN_RNA	Control	Female	63.0	Fibroblast_1	273	Stroma
HK2739.SN|Macula_Densa	HK2739.SN	HK2739	SN_RNA	HKD	Male	58.0	Macula_Densa	528	TAL
HK2739.SN|PT_S3	HK2739.SN	HK2739	SN_RNA	HKD	Male	58.0	PT_S3	456	PT
HK2774.SN|Endo_Peritubular	HK2774.SN	HK2774	SN_RNA	HKD	Male	84.0	Endo_Peritubular	1480	Endo
HK2868.SN|PT_S2	HK2868.SN	HK2868	SN_RNA	HKD	Male	60.0	PT_S2	263	PT
HK2891.SN|DCT2	HK2891.SN	HK2891	SN_RNA	HKD	Female	74.0	DCT2	239	DCT_CNT
HK2663_SN|Macula_Densa	HK2663_SN	HK2663	SN_RNA	Control	Female	63.0	Macula_Densa	102	TAL
HK2739.SN|Endo_Peritubular	HK2739.SN	HK2739	SN_RNA	HKD	Male	58.0	Endo_Peritubular	1021	Endo
HK2868.SN|DCT1	HK2868.SN	HK2868	SN_RNA	HKD	Male	60.0	DCT1	594	DCT_CNT
HK2774.SN|Endo_GC	HK2774.SN	HK2774	SN_RNA	HKD	Male	84.0	Endo_GC	382	Endo
HK2899.SN|C_TAL	HK2899.SN	HK2899	SN_RNA	Control	Male	39.0	C_TAL	206	TAL
HK2868.SN|CNT	HK2868.SN	HK2868	SN_RNA	HKD	Male	60.0	CNT	783	DCT_CNT
HK2867.SN|Endo_Peritubular	HK2867.SN	HK2867	SN_RNA	Control	Male	44.0	Endo_Peritubular	835	Endo
HK2868.SN|iPT	HK2868.SN	HK2868	SN_RNA	HKD	Male	60.0	iPT	536	PT
HK2895.SN|C_TAL	HK2895.SN	HK2895	SN_RNA	Control	Female	66.0	C_TAL	726	TAL
HK2770_SN|CNT	HK2770_SN	HK2770	SN_RNA	HKD	Male	68.0	CNT	270	DCT_CNT
HK2596.SN|Macula_Densa	HK2596.SN	HK2596	SN_RNA	DKD	Male	60.0	Macula_Densa	480	TAL
HK2898.SN|DCT1	HK2898.SN	HK2898	SN_RNA	Control	Male	65.0	DCT1	1220	DCT_CNT
HK2596.SN|CD4T	HK2596.SN	HK2596	SN_RNA	DKD	Male	60.0	CD4T	372	Lymphoid
HK2770_SN|IC_A	HK2770_SN	HK2770	SN_RNA	HKD	Male	68.0	IC_A	444	IC
HK2774.SN|B_memory	HK2774.SN	HK2774	SN_RNA	HKD	Male	84.0	B_memory	1100	Lymphoid
HK2596.SN|Endo_Peritubular	HK2596.SN	HK2596	SN_RNA	DKD	Male	60.0	Endo_Peritubular	999	Endo
HK2774.SN|Fibroblast_1	HK2774.SN	HK2774	SN_RNA	HKD	Male	84.0	Fibroblast_1	1246	Stroma
HK2663_SN|Endo_Peritubular	HK2663_SN	HK2663	SN_RNA	Control	Female	63.0	Endo_Peritubular	633	Endo
HK2833.SN|PC	HK2833.SN	HK2833	SN_RNA	Control	Male	72.0	PC	639	PC
HK2867.SN|PT_S3	HK2867.SN	HK2867	SN_RNA	Control	Male	44.0	PT_S3	1337	PT
HK2899.SN|iPT	HK2899.SN	HK2899	SN_RNA	Control	Male	39.0	iPT	178	PT
HK2844.SN|PT_S1	HK2844.SN	HK2844	SN_RNA	DKD	Female	62.0	PT_S1	1515	PT
HK2663_SN|Podo	HK2663_SN	HK2663	SN_RNA	Control	Female	63.0	Podo	106	Podo
HK2895.SN|B_memory	HK2895.SN	HK2895	SN_RNA	Control	Female	66.0	B_memory	7	Lymphoid
HK2898.SN|Des-Thin_Limb	HK2898.SN	HK2898	SN_RNA	Control	Male	65.0	Des-Thin_Limb	187	ThinLimb
HK2663_SN|IC_B	HK2663_SN	HK2663	SN_RNA	Control	Female	63.0	IC_B	207	IC
HK2596.SN|Endo_GC	HK2596.SN	HK2596	SN_RNA	DKD	Male	60.0	Endo_GC	552	Endo
HK2899.SN|GS_Stromal	HK2899.SN	HK2899	SN_RNA	Control	Male	39.0	GS_Stromal	4	Stroma
HK2893.SN|Endo_Peritubular	HK2893.SN	HK2893	SN_RNA	Control	Male	37.0	Endo_Peritubular	664	Endo
HK2739.SN|PT_S2	HK2739.SN	HK2739	SN_RNA	HKD	Male	58.0	PT_S2	1157	PT
HK2895.SN|IC_B	HK2895.SN	HK2895	SN_RNA	Control	Female	66.0	IC_B	278	IC
HK2844.SN|Fibroblast_1	HK2844.SN	HK2844	SN_RNA	DKD	Female	62.0	Fibroblast_1	540	Stroma
HK2739.SN|DCT1	HK2739.SN	HK2739	SN_RNA	HKD	Male	58.0	DCT1	1239	DCT_CNT
HK2891.SN|Endo_Peritubular	HK2891.SN	HK2891	SN_RNA	HKD	Female	74.0	Endo_Peritubular	699	Endo
HK2891.SN|CD8T	HK2891.SN	HK2891	SN_RNA	HKD	Female	74.0	CD8T	119	Lymphoid
HK2862.SN|Endo_Peritubular	HK2862.SN	HK2862	SN_RNA	DKD	Male	48.0	Endo_Peritubular	320	Endo
HK2774.SN|Plasma_Cells	HK2774.SN	HK2774	SN_RNA	HKD	Male	84.0	Plasma_Cells	21	Lymphoid
HK2770_SN|DCT1	HK2770_SN	HK2770	SN_RNA	HKD	Male	68.0	DCT1	488	DCT_CNT
HK2844.SN|CNT	HK2844.SN	HK2844	SN_RNA	DKD	Female	62.0	CNT	278	DCT_CNT
HK2899.SN|Endo_Peritubular	HK2899.SN	HK2899	SN_RNA	Control	Male	39.0	Endo_Peritubular	73	Endo
HK2844.SN|PC	HK2844.SN	HK2844	SN_RNA	DKD	Female	62.0	PC	579	PC
HK2770_SN|Endo_Peritubular	HK2770_SN	HK2770	SN_RNA	HKD	Male	68.0	Endo_Peritubular	441	Endo
HK2862.SN|CD4T	HK2862.SN	HK2862	SN_RNA	DKD	Male	48.0	CD4T	837	Lymphoid
HK2774.SN|GS_Stromal	HK2774.SN	HK2774	SN_RNA	HKD	Male	84.0	GS_Stromal	727	Stroma
HK2596.SN|iPT	HK2596.SN	HK2596	SN_RNA	DKD	Male	60.0	iPT	1719	PT
HK2895.SN|Macula_Densa	HK2895.SN	HK2895	SN_RNA	Control	Female	66.0	Macula_Densa	210	TAL
HK2833.SN|DCT1	HK2833.SN	HK2833	SN_RNA	Control	Male	72.0	DCT1	445	DCT_CNT
HK2844.SN|IC_A	HK2844.SN	HK2844	SN_RNA	DKD	Female	62.0	IC_A	280	IC
HK2770_SN|PT_S1	HK2770_SN	HK2770	SN_RNA	HKD	Male	68.0	PT_S1	505	PT
HK2868.SN|PC	HK2868.SN	HK2868	SN_RNA	HKD	Male	60.0	PC	550	PC
HK2895.SN|CNT	HK2895.SN	HK2895	SN_RNA	Control	Female	66.0	CNT	388	DCT_CNT
HK2895.SN|Mes	HK2895.SN	HK2895	SN_RNA	Control	Female	66.0	Mes	13	Stroma
HK2663_SN|Ascending_Thin_LOH	HK2663_SN	HK2663	SN_RNA	Control	Female	63.0	Ascending_Thin_LOH	42	ThinLimb
HK2774.SN|CD4T	HK2774.SN	HK2774	SN_RNA	HKD	Male	84.0	CD4T	736	Lymphoid
HK2844.SN|Mac	HK2844.SN	HK2844	SN_RNA	DKD	Female	62.0	Mac	59	Myeloid
HK2844.SN|DCT2	HK2844.SN	HK2844	SN_RNA	DKD	Female	62.0	DCT2	314	DCT_CNT
HK2868.SN|IC_A	HK2868.SN	HK2868	SN_RNA	HKD	Male	60.0	IC_A	993	IC
HK2893.SN|PT_S1	HK2893.SN	HK2893	SN_RNA	Control	Male	37.0	PT_S1	704	PT
HK2862.SN|Fibroblast_1	HK2862.SN	HK2862	SN_RNA	DKD	Male	48.0	Fibroblast_1	959	Stroma
HK2898.SN|PC	HK2898.SN	HK2898	SN_RNA	Control	Male	65.0	PC	141	PC
HK2663_SN|iPT	HK2663_SN	HK2663	SN_RNA	Control	Female	63.0	iPT	420	PT
HK2893.SN|IC_A	HK2893.SN	HK2893	SN_RNA	Control	Male	37.0	IC_A	271	IC
HK2899.SN|PT_S3	HK2899.SN	HK2899	SN_RNA	Control	Male	39.0	PT_S3	27	PT
HK2558.SN|Endo_Peritubular	HK2558.SN	HK2558	SN_RNA	HKD	Male	77.0	Endo_Peritubular	1073	Endo
HK2596.SN|CNT	HK2596.SN	HK2596	SN_RNA	DKD	Male	60.0	CNT	632	DCT_CNT
HK2867.SN|DCT1	HK2867.SN	HK2867	SN_RNA	Control	Male	44.0	DCT1	963	DCT_CNT
HK2774.SN|CD8T	HK2774.SN	HK2774	SN_RNA	HKD	Male	84.0	CD8T	546	Lymphoid
HK2867.SN|Macula_Densa	HK2867.SN	HK2867	SN_RNA	Control	Male	44.0	Macula_Densa	66	TAL
HK2663_SN|Endo_GC	HK2663_SN	HK2663	SN_RNA	Control	Female	63.0	Endo_GC	467	Endo
HK2893.SN|C_TAL	HK2893.SN	HK2893	SN_RNA	Control	Male	37.0	C_TAL	900	TAL
HK2739.SN|CNT	HK2739.SN	HK2739	SN_RNA	HKD	Male	58.0	CNT	1076	DCT_CNT
HK2868.SN|Des-Thin_Limb	HK2868.SN	HK2868	SN_RNA	HKD	Male	60.0	Des-Thin_Limb	329	ThinLimb
HK2558.SN|PC	HK2558.SN	HK2558	SN_RNA	HKD	Male	77.0	PC	700	PC
HK2663_SN|CD4T	HK2663_SN	HK2663	SN_RNA	Control	Female	63.0	CD4T	52	Lymphoid
HK2663_SN|PT_S3	HK2663_SN	HK2663	SN_RNA	Control	Female	63.0	PT_S3	402	PT
HK2833.SN|M_TAL	HK2833.SN	HK2833	SN_RNA	Control	Male	72.0	M_TAL	133	TAL
HK2891.SN|DCT1	HK2891.SN	HK2891	SN_RNA	HKD	Female	74.0	DCT1	415	DCT_CNT
HK2739.SN|DCT2	HK2739.SN	HK2739	SN_RNA	HKD	Male	58.0	DCT2	789	DCT_CNT
HK2833.SN|Des-Thin_Limb	HK2833.SN	HK2833	SN_RNA	Control	Male	72.0	Des-Thin_Limb	330	ThinLimb
HK2663_SN|PC	HK2663_SN	HK2663	SN_RNA	Control	Female	63.0	PC	191	PC
HK2558.SN|Mac	HK2558.SN	HK2558	SN_RNA	HKD	Male	77.0	Mac	105	Myeloid
HK2867.SN|IC_B	HK2867.SN	HK2867	SN_RNA	Control	Male	44.0	IC_B	103	IC
HK2891.SN|PT_S1	HK2891.SN	HK2891	SN_RNA	HKD	Female	74.0	PT_S1	1022	PT
HK2663_SN|PT_S2	HK2663_SN	HK2663	SN_RNA	Control	Female	63.0	PT_S2	634	PT
HK2868.SN|IC_B	HK2868.SN	HK2868	SN_RNA	HKD	Male	60.0	IC_B	125	IC
HK2898.SN|IC_A	HK2898.SN	HK2898	SN_RNA	Control	Male	65.0	IC_A	670	IC
HK2893.SN|iPT	HK2893.SN	HK2893	SN_RNA	Control	Male	37.0	iPT	263	PT
HK2868.SN|Fibroblast_1	HK2868.SN	HK2868	SN_RNA	HKD	Male	60.0	Fibroblast_1	21	Stroma
HK2833.SN|CNT	HK2833.SN	HK2833	SN_RNA	Control	Male	72.0	CNT	319	DCT_CNT
HK2895.SN|Fibroblast_2	HK2895.SN	HK2895	SN_RNA	Control	Female	66.0	Fibroblast_2	46	Stroma
HK2891.SN|Macula_Densa	HK2891.SN	HK2891	SN_RNA	HKD	Female	74.0	Macula_Densa	168	TAL
HK2844.SN|IC_B	HK2844.SN	HK2844	SN_RNA	DKD	Female	62.0	IC_B	192	IC
HK2891.SN|PT_S2	HK2891.SN	HK2891	SN_RNA	HKD	Female	74.0	PT_S2	316	PT
HK2770_SN|iPT	HK2770_SN	HK2770	SN_RNA	HKD	Male	68.0	iPT	537	PT
HK2663_SN|DCT2	HK2663_SN	HK2663	SN_RNA	Control	Female	63.0	DCT2	229	DCT_CNT
HK2895.SN|PT_S3	HK2895.SN	HK2895	SN_RNA	Control	Female	66.0	PT_S3	165	PT
HK2867.SN|CD4T	HK2867.SN	HK2867	SN_RNA	Control	Male	44.0	CD4T	5	Lymphoid
HK2891.SN|IC_B	HK2891.SN	HK2891	SN_RNA	HKD	Female	74.0	IC_B	209	IC
HK2739.SN|Fibroblast_1	HK2739.SN	HK2739	SN_RNA	HKD	Male	58.0	Fibroblast_1	72	Stroma
HK2895.SN|iPT	HK2895.SN	HK2895	SN_RNA	Control	Female	66.0	iPT	679	PT
HK2899.SN|CNT	HK2899.SN	HK2899	SN_RNA	Control	Male	39.0	CNT	166	DCT_CNT
HK2833.SN|GS_Stromal	HK2833.SN	HK2833	SN_RNA	Control	Male	72.0	GS_Stromal	3	Stroma
HK2895.SN|DCT2	HK2895.SN	HK2895	SN_RNA	Control	Female	66.0	DCT2	490	DCT_CNT
HK2891.SN|C_TAL	HK2891.SN	HK2891	SN_RNA	HKD	Female	74.0	C_TAL	402	TAL
HK2893.SN|PC	HK2893.SN	HK2893	SN_RNA	Control	Male	37.0	PC	207	PC
HK2862.SN|CD8T	HK2862.SN	HK2862	SN_RNA	DKD	Male	48.0	CD8T	308	Lymphoid
HK2774.SN|CNT	HK2774.SN	HK2774	SN_RNA	HKD	Male	84.0	CNT	764	DCT_CNT
HK2899.SN|Des-Thin_Limb	HK2899.SN	HK2899	SN_RNA	Control	Male	39.0	Des-Thin_Limb	24	ThinLimb
HK2774.SN|Mes	HK2774.SN	HK2774	SN_RNA	HKD	Male	84.0	Mes	131	Stroma
HK2558.SN|Fibroblast_1	HK2558.SN	HK2558	SN_RNA	HKD	Male	77.0	Fibroblast_1	314	Stroma
HK2770_SN|Podo	HK2770_SN	HK2770	SN_RNA	HKD	Male	68.0	Podo	163	Podo
HK2867.SN|DCT2	HK2867.SN	HK2867	SN_RNA	Control	Male	44.0	DCT2	127	DCT_CNT
HK2774.SN|PT_S3	HK2774.SN	HK2774	SN_RNA	HKD	Male	84.0	PT_S3	164	PT
HK2862.SN|B_Naive	HK2862.SN	HK2862	SN_RNA	DKD	Male	48.0	B_Naive	118	Lymphoid
HK2862.SN|PT_S1	HK2862.SN	HK2862	SN_RNA	DKD	Male	48.0	PT_S1	15	PT
HK2774.SN|DCT2	HK2774.SN	HK2774	SN_RNA	HKD	Male	84.0	DCT2	252	DCT_CNT
HK2739.SN|PC	HK2739.SN	HK2739	SN_RNA	HKD	Male	58.0	PC	144	PC
HK2895.SN|IC_A	HK2895.SN	HK2895	SN_RNA	Control	Female	66.0	IC_A	534	IC
HK2770_SN|C_TAL	HK2770_SN	HK2770	SN_RNA	HKD	Male	68.0	C_TAL	249	TAL
HK2663_SN|Des-Thin_Limb	HK2663_SN	HK2663	SN_RNA	Control	Female	63.0	Des-Thin_Limb	131	ThinLimb
HK2833.SN|Macula_Densa	HK2833.SN	HK2833	SN_RNA	Control	Male	72.0	Macula_Densa	156	TAL
HK2898.SN|IC_B	HK2898.SN	HK2898	SN_RNA	Control	Male	65.0	IC_B	44	IC
HK2739.SN|M_TAL	HK2739.SN	HK2739	SN_RNA	HKD	Male	58.0	M_TAL	72	TAL
HK2867.SN|Endo_GC	HK2867.SN	HK2867	SN_RNA	Control	Male	44.0	Endo_GC	97	Endo
HK2862.SN|Mac	HK2862.SN	HK2862	SN_RNA	DKD	Male	48.0	Mac	182	Myeloid
HK2868.SN|Endo_GC	HK2868.SN	HK2868	SN_RNA	HKD	Male	60.0	Endo_GC	125	Endo
HK2844.SN|Macula_Densa	HK2844.SN	HK2844	SN_RNA	DKD	Female	62.0	Macula_Densa	397	TAL
HK2898.SN|C_TAL	HK2898.SN	HK2898	SN_RNA	Control	Male	65.0	C_TAL	333	TAL
HK2833.SN|DCT2	HK2833.SN	HK2833	SN_RNA	Control	Male	72.0	DCT2	265	DCT_CNT
HK2774.SN|PEC	HK2774.SN	HK2774	SN_RNA	HKD	Male	84.0	PEC	114	PEC
HK2663_SN|DCT1	HK2663_SN	HK2663	SN_RNA	Control	Female	63.0	DCT1	256	DCT_CNT
HK2898.SN|PEC	HK2898.SN	HK2898	SN_RNA	Control	Male	65.0	PEC	23	PEC
HK2739.SN|Endo_GC	HK2739.SN	HK2739	SN_RNA	HKD	Male	58.0	Endo_GC	201	Endo
HK2862.SN|Fibroblast_2	HK2862.SN	HK2862	SN_RNA	DKD	Male	48.0	Fibroblast_2	206	Stroma
HK2862.SN|IC_A	HK2862.SN	HK2862	SN_RNA	DKD	Male	48.0	IC_A	304	IC
HK2770_SN|Des-Thin_Limb	HK2770_SN	HK2770	SN_RNA	HKD	Male	68.0	Des-Thin_Limb	372	ThinLimb
HK2558.SN|Fibroblast_2	HK2558.SN	HK2558	SN_RNA	HKD	Male	77.0	Fibroblast_2	142	Stroma
HK2596.SN|MyoFib/VSMC	HK2596.SN	HK2596	SN_RNA	DKD	Male	60.0	MyoFib/VSMC	172	Stroma
HK2899.SN|Mes	HK2899.SN	HK2899	SN_RNA	Control	Male	39.0	Mes	7	Stroma
HK2833.SN|Endo_GC	HK2833.SN	HK2833	SN_RNA	Control	Male	72.0	Endo_GC	125	Endo
HK2868.SN|DCT2	HK2868.SN	HK2868	SN_RNA	HKD	Male	60.0	DCT2	261	DCT_CNT
HK2899.SN|PC	HK2899.SN	HK2899	SN_RNA	Control	Male	39.0	PC	66	PC
HK2774.SN|Fibroblast_2	HK2774.SN	HK2774	SN_RNA	HKD	Male	84.0	Fibroblast_2	227	Stroma
HK2891.SN|PT_S3	HK2891.SN	HK2891	SN_RNA	HKD	Female	74.0	PT_S3	239	PT
HK2895.SN|Fibroblast_1	HK2895.SN	HK2895	SN_RNA	Control	Female	66.0	Fibroblast_1	179	Stroma
HK2774.SN|Neural_Cells	HK2774.SN	HK2774	SN_RNA	HKD	Male	84.0	Neural_Cells	341	Other
HK2739.SN|C_TAL	HK2739.SN	HK2739	SN_RNA	HKD	Male	58.0	C_TAL	677	TAL
HK2893.SN|Fibroblast_2	HK2893.SN	HK2893	SN_RNA	Control	Male	37.0	Fibroblast_2	68	Stroma
HK2862.SN|DCT2	HK2862.SN	HK2862	SN_RNA	DKD	Male	48.0	DCT2	408	DCT_CNT
HK2663_SN|CNT	HK2663_SN	HK2663	SN_RNA	Control	Female	63.0	CNT	430	DCT_CNT
HK2774.SN|Macula_Densa	HK2774.SN	HK2774	SN_RNA	HKD	Male	84.0	Macula_Densa	155	TAL
HK2867.SN|PEC	HK2867.SN	HK2867	SN_RNA	Control	Male	44.0	PEC	52	PEC
HK2893.SN|IC_B	HK2893.SN	HK2893	SN_RNA	Control	Male	37.0	IC_B	214	IC
HK2844.SN|iPT	HK2844.SN	HK2844	SN_RNA	DKD	Female	62.0	iPT	628	PT
HK2596.SN|M_TAL	HK2596.SN	HK2596	SN_RNA	DKD	Male	60.0	M_TAL	135	TAL
HK2899.SN|Endo_GC	HK2899.SN	HK2899	SN_RNA	Control	Male	39.0	Endo_GC	114	Endo
HK2844.SN|M_TAL	HK2844.SN	HK2844	SN_RNA	DKD	Female	62.0	M_TAL	137	TAL
HK2663_SN|Fibroblast_2	HK2663_SN	HK2663	SN_RNA	Control	Female	63.0	Fibroblast_2	43	Stroma
HK2891.SN|CD4T	HK2891.SN	HK2891	SN_RNA	HKD	Female	74.0	CD4T	76	Lymphoid
HK2868.SN|GS_Stromal	HK2868.SN	HK2868	SN_RNA	HKD	Male	60.0	GS_Stromal	12	Stroma
HK2862.SN|Neural_Cells	HK2862.SN	HK2862	SN_RNA	DKD	Male	48.0	Neural_Cells	58	Other
HK2770_SN|Macula_Densa	HK2770_SN	HK2770	SN_RNA	HKD	Male	68.0	Macula_Densa	72	TAL
HK2739.SN|NK	HK2739.SN	HK2739	SN_RNA	HKD	Male	58.0	NK	2	Lymphoid
HK2663_SN|Neutrophil	HK2663_SN	HK2663	SN_RNA	Control	Female	63.0	Neutrophil	11	Myeloid
HK2893.SN|DCT1	HK2893.SN	HK2893	SN_RNA	Control	Male	37.0	DCT1	397	DCT_CNT
HK2899.SN|Fibroblast_1	HK2899.SN	HK2899	SN_RNA	Control	Male	39.0	Fibroblast_1	13	Stroma
HK2895.SN|Endo_GC	HK2895.SN	HK2895	SN_RNA	Control	Female	66.0	Endo_GC	150	Endo
HK2596.SN|DCT2	HK2596.SN	HK2596	SN_RNA	DKD	Male	60.0	DCT2	26	DCT_CNT
HK2596.SN|IC_B	HK2596.SN	HK2596	SN_RNA	DKD	Male	60.0	IC_B	4	IC
HK2833.SN|PT_S2	HK2833.SN	HK2833	SN_RNA	Control	Male	72.0	PT_S2	228	PT
HK2833.SN|Fibroblast_2	HK2833.SN	HK2833	SN_RNA	Control	Male	72.0	Fibroblast_2	20	Stroma
HK2891.SN|PC	HK2891.SN	HK2891	SN_RNA	HKD	Female	74.0	PC	244	PC
HK2833.SN|IC_B	HK2833.SN	HK2833	SN_RNA	Control	Male	72.0	IC_B	258	IC
HK2899.SN|IC_A	HK2899.SN	HK2899	SN_RNA	Control	Male	39.0	IC_A	268	IC
HK2558.SN|CD8T	HK2558.SN	HK2558	SN_RNA	HKD	Male	77.0	CD8T	144	Lymphoid
HK2867.SN|IC_A	HK2867.SN	HK2867	SN_RNA	Control	Male	44.0	IC_A	37	IC
HK2867.SN|Podo	HK2867.SN	HK2867	SN_RNA	Control	Male	44.0	Podo	99	Podo
HK2868.SN|PT_S3	HK2868.SN	HK2868	SN_RNA	HKD	Male	60.0	PT_S3	45	PT
HK2844.SN|Fibroblast_2	HK2844.SN	HK2844	SN_RNA	DKD	Female	62.0	Fibroblast_2	44	Stroma
HK2558.SN|Mes	HK2558.SN	HK2558	SN_RNA	HKD	Male	77.0	Mes	88	Stroma
HK2899.SN|M_TAL	HK2899.SN	HK2899	SN_RNA	Control	Male	39.0	M_TAL	28	TAL
HK2862.SN|Ascending_Thin_LOH	HK2862.SN	HK2862	SN_RNA	DKD	Male	48.0	Ascending_Thin_LOH	8	ThinLimb
HK2558.SN|CNT	HK2558.SN	HK2558	SN_RNA	HKD	Male	77.0	CNT	699	DCT_CNT
HK2739.SN|IC_B	HK2739.SN	HK2739	SN_RNA	HKD	Male	58.0	IC_B	28	IC
HK2893.SN|DCT2	HK2893.SN	HK2893	SN_RNA	Control	Male	37.0	DCT2	96	DCT_CNT
HK2663_SN|C_TAL	HK2663_SN	HK2663	SN_RNA	Control	Female	63.0	C_TAL	174	TAL
HK2774.SN|Ascending_Thin_LOH	HK2774.SN	HK2774	SN_RNA	HKD	Male	84.0	Ascending_Thin_LOH	33	ThinLimb
HK2867.SN|Fibroblast_1	HK2867.SN	HK2867	SN_RNA	Control	Male	44.0	Fibroblast_1	100	Stroma
HK2895.SN|NK	HK2895.SN	HK2895	SN_RNA	Control	Female	66.0	NK	9	Lymphoid
HK2893.SN|PEC	HK2893.SN	HK2893	SN_RNA	Control	Male	37.0	PEC	30	PEC
HK2558.SN|Macula_Densa	HK2558.SN	HK2558	SN_RNA	HKD	Male	77.0	Macula_Densa	30	TAL
HK2891.SN|Fibroblast_1	HK2891.SN	HK2891	SN_RNA	HKD	Female	74.0	Fibroblast_1	202	Stroma
HK2893.SN|Endo_GC	HK2893.SN	HK2893	SN_RNA	Control	Male	37.0	Endo_GC	150	Endo
HK2893.SN|Des-Thin_Limb	HK2893.SN	HK2893	SN_RNA	Control	Male	37.0	Des-Thin_Limb	47	ThinLimb
HK2739.SN|Fibroblast_2	HK2739.SN	HK2739	SN_RNA	HKD	Male	58.0	Fibroblast_2	39	Stroma
HK2899.SN|PT_S2	HK2899.SN	HK2899	SN_RNA	Control	Male	39.0	PT_S2	109	PT
HK2868.SN|B_Naive	HK2868.SN	HK2868	SN_RNA	HKD	Male	60.0	B_Naive	4	Lymphoid
HK2899.SN|CD16_Mono	HK2899.SN	HK2899	SN_RNA	Control	Male	39.0	CD16_Mono	4	Myeloid
HK2893.SN|Podo	HK2893.SN	HK2893	SN_RNA	Control	Male	37.0	Podo	45	Podo
HK2862.SN|DCT1	HK2862.SN	HK2862	SN_RNA	DKD	Male	48.0	DCT1	73	DCT_CNT
HK2895.SN|CD8T	HK2895.SN	HK2895	SN_RNA	Control	Female	66.0	CD8T	46	Lymphoid
HK2833.SN|Podo	HK2833.SN	HK2833	SN_RNA	Control	Male	72.0	Podo	4	Podo
HK2770_SN|Fibroblast_2	HK2770_SN	HK2770	SN_RNA	HKD	Male	68.0	Fibroblast_2	11	Stroma
HK2774.SN|Endo_Lymphatic	HK2774.SN	HK2774	SN_RNA	HKD	Male	84.0	Endo_Lymphatic	13	Endo
HK2558.SN|Des-Thin_Limb	HK2558.SN	HK2558	SN_RNA	HKD	Male	77.0	Des-Thin_Limb	6	ThinLimb
HK2862.SN|PC	HK2862.SN	HK2862	SN_RNA	DKD	Male	48.0	PC	45	PC
HK2663_SN|CD16_Mono	HK2663_SN	HK2663	SN_RNA	Control	Female	63.0	CD16_Mono	12	Myeloid
HK2862.SN|GS_Stromal	HK2862.SN	HK2862	SN_RNA	DKD	Male	48.0	GS_Stromal	26	Stroma
HK2891.SN|Endo_GC	HK2891.SN	HK2891	SN_RNA	HKD	Female	74.0	Endo_GC	43	Endo
HK2774.SN|IC_B	HK2774.SN	HK2774	SN_RNA	HKD	Male	84.0	IC_B	50	IC
HK2663_SN|CD8T	HK2663_SN	HK2663	SN_RNA	Control	Female	63.0	CD8T	70	Lymphoid
HK2596.SN|GS_Stromal	HK2596.SN	HK2596	SN_RNA	DKD	Male	60.0	GS_Stromal	83	Stroma
HK2844.SN|Des-Thin_Limb	HK2844.SN	HK2844	SN_RNA	DKD	Female	62.0	Des-Thin_Limb	72	ThinLimb
HK2893.SN|CNT	HK2893.SN	HK2893	SN_RNA	Control	Male	37.0	CNT	64	DCT_CNT
HK2868.SN|CD8T	HK2868.SN	HK2868	SN_RNA	HKD	Male	60.0	CD8T	14	Lymphoid
HK2774.SN|IC_A	HK2774.SN	HK2774	SN_RNA	HKD	Male	84.0	IC_A	13	IC
HK2770_SN|PC	HK2770_SN	HK2770	SN_RNA	HKD	Male	68.0	PC	183	PC
HK2899.SN|Podo	HK2899.SN	HK2899	SN_RNA	Control	Male	39.0	Podo	70	Podo
HK2868.SN|M_TAL	HK2868.SN	HK2868	SN_RNA	HKD	Male	60.0	M_TAL	45	TAL
HK2898.SN|Fibroblast_2	HK2898.SN	HK2898	SN_RNA	Control	Male	65.0	Fibroblast_2	44	Stroma
HK2898.SN|Macula_Densa	HK2898.SN	HK2898	SN_RNA	Control	Male	65.0	Macula_Densa	63	TAL
HK2868.SN|Fibroblast_2	HK2868.SN	HK2868	SN_RNA	HKD	Male	60.0	Fibroblast_2	41	Stroma
HK2844.SN|Endo_GC	HK2844.SN	HK2844	SN_RNA	DKD	Female	62.0	Endo_GC	132	Endo
HK2558.SN|PT_S3	HK2558.SN	HK2558	SN_RNA	HKD	Male	77.0	PT_S3	54	PT
HK2739.SN|Podo	HK2739.SN	HK2739	SN_RNA	HKD	Male	58.0	Podo	8	Podo
HK2739.SN|Endo_Lymphatic	HK2739.SN	HK2739	SN_RNA	HKD	Male	58.0	Endo_Lymphatic	16	Endo
HK2663_SN|Endo_Lymphatic	HK2663_SN	HK2663	SN_RNA	Control	Female	63.0	Endo_Lymphatic	4	Endo
HK2844.SN|Ascending_Thin_LOH	HK2844.SN	HK2844	SN_RNA	DKD	Female	62.0	Ascending_Thin_LOH	7	ThinLimb
HK2867.SN|Mac	HK2867.SN	HK2867	SN_RNA	Control	Male	44.0	Mac	33	Myeloid
HK2770_SN|PT_S3	HK2770_SN	HK2770	SN_RNA	HKD	Male	68.0	PT_S3	17	PT
HK2893.SN|Fibroblast_1	HK2893.SN	HK2893	SN_RNA	Control	Male	37.0	Fibroblast_1	94	Stroma
HK2891.SN|GS_Stromal	HK2891.SN	HK2891	SN_RNA	HKD	Female	74.0	GS_Stromal	27	Stroma
HK2891.SN|B_memory	HK2891.SN	HK2891	SN_RNA	HKD	Female	74.0	B_memory	43	Lymphoid
HK2867.SN|CNT	HK2867.SN	HK2867	SN_RNA	Control	Male	44.0	CNT	61	DCT_CNT
HK2898.SN|Endo_GC	HK2898.SN	HK2898	SN_RNA	Control	Male	65.0	Endo_GC	183	Endo
HK2862.SN|Neutrophil	HK2862.SN	HK2862	SN_RNA	DKD	Male	48.0	Neutrophil	3	Myeloid
HK2867.SN|Des-Thin_Limb	HK2867.SN	HK2867	SN_RNA	Control	Male	44.0	Des-Thin_Limb	67	ThinLimb
HK2596.SN|CD16_Mono	HK2596.SN	HK2596	SN_RNA	DKD	Male	60.0	CD16_Mono	56	Myeloid
HK2739.SN|CD8T	HK2739.SN	HK2739	SN_RNA	HKD	Male	58.0	CD8T	44	Lymphoid
HK2862.SN|PT_S3	HK2862.SN	HK2862	SN_RNA	DKD	Male	48.0	PT_S3	81	PT
HK2774.SN|PC	HK2774.SN	HK2774	SN_RNA	HKD	Male	84.0	PC	18	PC
HK2739.SN|CD16_Mono	HK2739.SN	HK2739	SN_RNA	HKD	Male	58.0	CD16_Mono	21	Myeloid
HK2596.SN|Fibroblast_2	HK2596.SN	HK2596	SN_RNA	DKD	Male	60.0	Fibroblast_2	127	Stroma
HK2596.SN|CD8T	HK2596.SN	HK2596	SN_RNA	DKD	Male	60.0	CD8T	159	Lymphoid
HK2558.SN|GS_Stromal	HK2558.SN	HK2558	SN_RNA	HKD	Male	77.0	GS_Stromal	8	Stroma
HK2895.SN|CD4T	HK2895.SN	HK2895	SN_RNA	Control	Female	66.0	CD4T	17	Lymphoid
HK2739.SN|GS_Stromal	HK2739.SN	HK2739	SN_RNA	HKD	Male	58.0	GS_Stromal	14	Stroma
HK2739.SN|Ascending_Thin_LOH	HK2739.SN	HK2739	SN_RNA	HKD	Male	58.0	Ascending_Thin_LOH	33	ThinLimb
HK2770_SN|Endo_GC	HK2770_SN	HK2770	SN_RNA	HKD	Male	68.0	Endo_GC	27	Endo
HK2596.SN|Plasma_Cells	HK2596.SN	HK2596	SN_RNA	DKD	Male	60.0	Plasma_Cells	35	Lymphoid
HK2898.SN|CD16_Mono	HK2898.SN	HK2898	SN_RNA	Control	Male	65.0	CD16_Mono	21	Myeloid
HK2867.SN|NK	HK2867.SN	HK2867	SN_RNA	Control	Male	44.0	NK	12	Lymphoid
HK2663_SN|RBC	HK2663_SN	HK2663	SN_RNA	Control	Female	63.0	RBC	1	Other
HK2899.SN|MyoFib/VSMC	HK2899.SN	HK2899	SN_RNA	Control	Male	39.0	MyoFib/VSMC	3	Stroma
HK2774.SN|CD16_Mono	HK2774.SN	HK2774	SN_RNA	HKD	Male	84.0	CD16_Mono	50	Myeloid
HK2899.SN|PEC	HK2899.SN	HK2899	SN_RNA	Control	Male	39.0	PEC	28	PEC
HK2893.SN|CD8T	HK2893.SN	HK2893	SN_RNA	Control	Male	37.0	CD8T	18	Lymphoid
HK2868.SN|Mac	HK2868.SN	HK2868	SN_RNA	HKD	Male	60.0	Mac	6	Myeloid
HK2558.SN|B_Naive	HK2558.SN	HK2558	SN_RNA	HKD	Male	77.0	B_Naive	25	Lymphoid
HK2862.SN|IC_B	HK2862.SN	HK2862	SN_RNA	DKD	Male	48.0	IC_B	17	IC
HK2891.SN|M_TAL	HK2891.SN	HK2891	SN_RNA	HKD	Female	74.0	M_TAL	49	TAL
HK2844.SN|PEC	HK2844.SN	HK2844	SN_RNA	DKD	Female	62.0	PEC	39	PEC
HK2895.SN|Mac	HK2895.SN	HK2895	SN_RNA	Control	Female	66.0	Mac	23	Myeloid
HK2867.SN|CD16_Mono	HK2867.SN	HK2867	SN_RNA	Control	Male	44.0	CD16_Mono	10	Myeloid
HK2596.SN|B_Naive	HK2596.SN	HK2596	SN_RNA	DKD	Male	60.0	B_Naive	24	Lymphoid
HK2844.SN|CD4T	HK2844.SN	HK2844	SN_RNA	DKD	Female	62.0	CD4T	33	Lymphoid
HK2844.SN|Endo_Lymphatic	HK2844.SN	HK2844	SN_RNA	DKD	Female	62.0	Endo_Lymphatic	11	Endo
HK2596.SN|IC_A	HK2596.SN	HK2596	SN_RNA	DKD	Male	60.0	IC_A	19	IC
HK2596.SN|PEC	HK2596.SN	HK2596	SN_RNA	DKD	Male	60.0	PEC	3	PEC
HK2895.SN|Podo	HK2895.SN	HK2895	SN_RNA	Control	Female	66.0	Podo	61	Podo
HK2774.SN|PT_S1	HK2774.SN	HK2774	SN_RNA	HKD	Male	84.0	PT_S1	99	PT
HK2891.SN|Mac	HK2891.SN	HK2891	SN_RNA	HKD	Female	74.0	Mac	10	Myeloid
HK2862.SN|CD16_Mono	HK2862.SN	HK2862	SN_RNA	DKD	Male	48.0	CD16_Mono	64	Myeloid
HK2891.SN|Podo	HK2891.SN	HK2891	SN_RNA	HKD	Female	74.0	Podo	181	Podo
HK2596.SN|Ascending_Thin_LOH	HK2596.SN	HK2596	SN_RNA	DKD	Male	60.0	Ascending_Thin_LOH	52	ThinLimb
HK2868.SN|B_memory	HK2868.SN	HK2868	SN_RNA	HKD	Male	60.0	B_memory	13	Lymphoid
HK2596.SN|Neural_Cells	HK2596.SN	HK2596	SN_RNA	DKD	Male	60.0	Neural_Cells	33	Other
HK2596.SN|Endo_Lymphatic	HK2596.SN	HK2596	SN_RNA	DKD	Male	60.0	Endo_Lymphatic	24	Endo
HK2891.SN|Fibroblast_2	HK2891.SN	HK2891	SN_RNA	HKD	Female	74.0	Fibroblast_2	39	Stroma
HK2774.SN|M_TAL	HK2774.SN	HK2774	SN_RNA	HKD	Male	84.0	M_TAL	13	TAL
HK2558.SN|Endo_Lymphatic	HK2558.SN	HK2558	SN_RNA	HKD	Male	77.0	Endo_Lymphatic	68	Endo
HK2770_SN|IC_B	HK2770_SN	HK2770	SN_RNA	HKD	Male	68.0	IC_B	74	IC
HK2898.SN|Fibroblast_1	HK2898.SN	HK2898	SN_RNA	Control	Male	65.0	Fibroblast_1	52	Stroma
HK2774.SN|MyoFib/VSMC	HK2774.SN	HK2774	SN_RNA	HKD	Male	84.0	MyoFib/VSMC	22	Stroma
HK2558.SN|Ascending_Thin_LOH	HK2558.SN	HK2558	SN_RNA	HKD	Male	77.0	Ascending_Thin_LOH	41	ThinLimb
HK2663_SN|B_Naive	HK2663_SN	HK2663	SN_RNA	Control	Female	63.0	B_Naive	7	Lymphoid
HK2833.SN|PT_S3	HK2833.SN	HK2833	SN_RNA	Control	Male	72.0	PT_S3	52	PT
HK2739.SN|B_memory	HK2739.SN	HK2739	SN_RNA	HKD	Male	58.0	B_memory	14	Lymphoid
HK2898.SN|B_memory	HK2898.SN	HK2898	SN_RNA	Control	Male	65.0	B_memory	8	Lymphoid
HK2867.SN|Mes	HK2867.SN	HK2867	SN_RNA	Control	Male	44.0	Mes	28	Stroma
HK2862.SN|Endo_Lymphatic	HK2862.SN	HK2862	SN_RNA	DKD	Male	48.0	Endo_Lymphatic	26	Endo
HK2833.SN|Fibroblast_1	HK2833.SN	HK2833	SN_RNA	Control	Male	72.0	Fibroblast_1	17	Stroma
HK2893.SN|Mes	HK2893.SN	HK2893	SN_RNA	Control	Male	37.0	Mes	21	Stroma
HK2663_SN|PEC	HK2663_SN	HK2663	SN_RNA	Control	Female	63.0	PEC	39	PEC
HK2867.SN|Neutrophil	HK2867.SN	HK2867	SN_RNA	Control	Male	44.0	Neutrophil	7	Myeloid
HK2899.SN|IC_B	HK2899.SN	HK2899	SN_RNA	Control	Male	39.0	IC_B	44	IC
HK2893.SN|Mac	HK2893.SN	HK2893	SN_RNA	Control	Male	37.0	Mac	10	Myeloid
HK2739.SN|Mes	HK2739.SN	HK2739	SN_RNA	HKD	Male	58.0	Mes	3	Stroma
HK2898.SN|NK	HK2898.SN	HK2898	SN_RNA	Control	Male	65.0	NK	4	Lymphoid
HK2893.SN|Macula_Densa	HK2893.SN	HK2893	SN_RNA	Control	Male	37.0	Macula_Densa	61	TAL
HK2844.SN|Podo	HK2844.SN	HK2844	SN_RNA	DKD	Female	62.0	Podo	1	Podo
HK2739.SN|Mac	HK2739.SN	HK2739	SN_RNA	HKD	Male	58.0	Mac	23	Myeloid
HK2774.SN|Neutrophil	HK2774.SN	HK2774	SN_RNA	HKD	Male	84.0	Neutrophil	26	Myeloid
HK2895.SN|Endo_Lymphatic	HK2895.SN	HK2895	SN_RNA	Control	Female	66.0	Endo_Lymphatic	15	Endo
HK2663_SN|B_memory	HK2663_SN	HK2663	SN_RNA	Control	Female	63.0	B_memory	20	Lymphoid
HK2770_SN|Ascending_Thin_LOH	HK2770_SN	HK2770	SN_RNA	HKD	Male	68.0	Ascending_Thin_LOH	4	ThinLimb
HK2867.SN|Fibroblast_2	HK2867.SN	HK2867	SN_RNA	Control	Male	44.0	Fibroblast_2	39	Stroma
HK2844.SN|Plasma_Cells	HK2844.SN	HK2844	SN_RNA	DKD	Female	62.0	Plasma_Cells	4	Lymphoid
HK2891.SN|PEC	HK2891.SN	HK2891	SN_RNA	HKD	Female	74.0	PEC	13	PEC
HK2891.SN|Ascending_Thin_LOH	HK2891.SN	HK2891	SN_RNA	HKD	Female	74.0	Ascending_Thin_LOH	12	ThinLimb
HK2770_SN|PT_S2	HK2770_SN	HK2770	SN_RNA	HKD	Male	68.0	PT_S2	56	PT
HK2898.SN|cDC	HK2898.SN	HK2898	SN_RNA	Control	Male	65.0	cDC	1	Myeloid
HK2899.SN|CD4T	HK2899.SN	HK2899	SN_RNA	Control	Male	39.0	CD4T	2	Lymphoid
HK2833.SN|Neural_Cells	HK2833.SN	HK2833	SN_RNA	Control	Male	72.0	Neural_Cells	10	Other
HK2770_SN|Mac	HK2770_SN	HK2770	SN_RNA	HKD	Male	68.0	Mac	2	Myeloid
HK2898.SN|CD4T	HK2898.SN	HK2898	SN_RNA	Control	Male	65.0	CD4T	19	Lymphoid
HK2895.SN|Ascending_Thin_LOH	HK2895.SN	HK2895	SN_RNA	Control	Female	66.0	Ascending_Thin_LOH	4	ThinLimb
HK2867.SN|CD8T	HK2867.SN	HK2867	SN_RNA	Control	Male	44.0	CD8T	23	Lymphoid
HK2663_SN|CD14_Mono	HK2663_SN	HK2663	SN_RNA	Control	Female	63.0	CD14_Mono	2	Myeloid
HK2891.SN|CD16_Mono	HK2891.SN	HK2891	SN_RNA	HKD	Female	74.0	CD16_Mono	12	Myeloid
HK2895.SN|CD16_Mono	HK2895.SN	HK2895	SN_RNA	Control	Female	66.0	CD16_Mono	6	Myeloid
HK2895.SN|RBC	HK2895.SN	HK2895	SN_RNA	Control	Female	66.0	RBC	6	Other
HK2862.SN|Mes	HK2862.SN	HK2862	SN_RNA	DKD	Male	48.0	Mes	15	Stroma
HK2774.SN|Des-Thin_Limb	HK2774.SN	HK2774	SN_RNA	HKD	Male	84.0	Des-Thin_Limb	22	ThinLimb
HK2899.SN|Fibroblast_2	HK2899.SN	HK2899	SN_RNA	Control	Male	39.0	Fibroblast_2	32	Stroma
HK2899.SN|CD8T	HK2899.SN	HK2899	SN_RNA	Control	Male	39.0	CD8T	3	Lymphoid
HK2898.SN|M_TAL	HK2898.SN	HK2898	SN_RNA	Control	Male	65.0	M_TAL	44	TAL
HK2867.SN|Plasma_Cells	HK2867.SN	HK2867	SN_RNA	Control	Male	44.0	Plasma_Cells	3	Lymphoid
HK2774.SN|NK	HK2774.SN	HK2774	SN_RNA	HKD	Male	84.0	NK	14	Lymphoid
HK2663_SN|Mac	HK2663_SN	HK2663	SN_RNA	Control	Female	63.0	Mac	57	Myeloid
HK2868.SN|CD16_Mono	HK2868.SN	HK2868	SN_RNA	HKD	Male	60.0	CD16_Mono	2	Myeloid
HK2867.SN|PC	HK2867.SN	HK2867	SN_RNA	Control	Male	44.0	PC	29	PC
HK2893.SN|MyoFib/VSMC	HK2893.SN	HK2893	SN_RNA	Control	Male	37.0	MyoFib/VSMC	20	Stroma
HK2895.SN|MyoFib/VSMC	HK2895.SN	HK2895	SN_RNA	Control	Female	66.0	MyoFib/VSMC	12	Stroma
HK2774.SN|pDC	HK2774.SN	HK2774	SN_RNA	HKD	Male	84.0	pDC	1	Myeloid
HK2868.SN|Mes	HK2868.SN	HK2868	SN_RNA	HKD	Male	60.0	Mes	3	Stroma
HK2862.SN|PT_S2	HK2862.SN	HK2862	SN_RNA	DKD	Male	48.0	PT_S2	58	PT
HK2739.SN|B_Naive	HK2739.SN	HK2739	SN_RNA	HKD	Male	58.0	B_Naive	20	Lymphoid
HK2862.SN|Des-Thin_Limb	HK2862.SN	HK2862	SN_RNA	DKD	Male	48.0	Des-Thin_Limb	25	ThinLimb
HK2893.SN|cDC	HK2893.SN	HK2893	SN_RNA	Control	Male	37.0	cDC	6	Myeloid
HK2833.SN|Mac	HK2833.SN	HK2833	SN_RNA	Control	Male	72.0	Mac	5	Myeloid
HK2770_SN|M_TAL	HK2770_SN	HK2770	SN_RNA	HKD	Male	68.0	M_TAL	10	TAL
HK2898.SN|Podo	HK2898.SN	HK2898	SN_RNA	Control	Male	65.0	Podo	16	Podo
HK2868.SN|Podo	HK2868.SN	HK2868	SN_RNA	HKD	Male	60.0	Podo	27	Podo
HK2596.SN|PC	HK2596.SN	HK2596	SN_RNA	DKD	Male	60.0	PC	10	PC
HK2844.SN|B_Naive	HK2844.SN	HK2844	SN_RNA	DKD	Female	62.0	B_Naive	14	Lymphoid
HK2898.SN|Mac	HK2898.SN	HK2898	SN_RNA	Control	Male	65.0	Mac	27	Myeloid
HK2898.SN|B_Naive	HK2898.SN	HK2898	SN_RNA	Control	Male	65.0	B_Naive	6	Lymphoid
HK2899.SN|Mac	HK2899.SN	HK2899	SN_RNA	Control	Male	39.0	Mac	5	Myeloid
HK2893.SN|Ascending_Thin_LOH	HK2893.SN	HK2893	SN_RNA	Control	Male	37.0	Ascending_Thin_LOH	1	ThinLimb
HK2898.SN|CD14_Mono	HK2898.SN	HK2898	SN_RNA	Control	Male	65.0	CD14_Mono	2	Myeloid
HK2770_SN|Neural_Cells	HK2770_SN	HK2770	SN_RNA	HKD	Male	68.0	Neural_Cells	4	Other
HK2899.SN|Macula_Densa	HK2899.SN	HK2899	SN_RNA	Control	Male	39.0	Macula_Densa	10	TAL
HK2844.SN|B_memory	HK2844.SN	HK2844	SN_RNA	DKD	Female	62.0	B_memory	11	Lymphoid
HK2596.SN|Mes	HK2596.SN	HK2596	SN_RNA	DKD	Male	60.0	Mes	2	Stroma
HK2770_SN|Fibroblast_1	HK2770_SN	HK2770	SN_RNA	HKD	Male	68.0	Fibroblast_1	33	Stroma
HK2898.SN|Mes	HK2898.SN	HK2898	SN_RNA	Control	Male	65.0	Mes	28	Stroma
HK2663_SN|Neural_Cells	HK2663_SN	HK2663	SN_RNA	Control	Female	63.0	Neural_Cells	3	Other
HK2739.SN|CD4T	HK2739.SN	HK2739	SN_RNA	HKD	Male	58.0	CD4T	5	Lymphoid
HK2891.SN|Plasma_Cells	HK2891.SN	HK2891	SN_RNA	HKD	Female	74.0	Plasma_Cells	6	Lymphoid
HK2558.SN|NK	HK2558.SN	HK2558	SN_RNA	HKD	Male	77.0	NK	5	Lymphoid
HK2770_SN|cDC	HK2770_SN	HK2770	SN_RNA	HKD	Male	68.0	cDC	1	Myeloid
HK2862.SN|CD14_Mono	HK2862.SN	HK2862	SN_RNA	DKD	Male	48.0	CD14_Mono	1	Myeloid
HK2862.SN|Plasma_Cells	HK2862.SN	HK2862	SN_RNA	DKD	Male	48.0	Plasma_Cells	34	Lymphoid
HK2867.SN|cDC	HK2867.SN	HK2867	SN_RNA	Control	Male	44.0	cDC	5	Myeloid
HK2898.SN|Ascending_Thin_LOH	HK2898.SN	HK2898	SN_RNA	Control	Male	65.0	Ascending_Thin_LOH	4	ThinLimb
HK2899.SN|Neural_Cells	HK2899.SN	HK2899	SN_RNA	Control	Male	39.0	Neural_Cells	4	Other
HK2596.SN|B_memory	HK2596.SN	HK2596	SN_RNA	DKD	Male	60.0	B_memory	23	Lymphoid
HK2844.SN|CD16_Mono	HK2844.SN	HK2844	SN_RNA	DKD	Female	62.0	CD16_Mono	18	Myeloid
HK2862.SN|PEC	HK2862.SN	HK2862	SN_RNA	DKD	Male	48.0	PEC	18	PEC
HK2558.SN|PEC	HK2558.SN	HK2558	SN_RNA	HKD	Male	77.0	PEC	10	PEC
HK2739.SN|CD14_Mono	HK2739.SN	HK2739	SN_RNA	HKD	Male	58.0	CD14_Mono	2	Myeloid
HK2770_SN|PEC	HK2770_SN	HK2770	SN_RNA	HKD	Male	68.0	PEC	10	PEC
HK2558.SN|Plasma_Cells	HK2558.SN	HK2558	SN_RNA	HKD	Male	77.0	Plasma_Cells	2	Lymphoid
HK2558.SN|CD16_Mono	HK2558.SN	HK2558	SN_RNA	HKD	Male	77.0	CD16_Mono	32	Myeloid
HK2895.SN|GS_Stromal	HK2895.SN	HK2895	SN_RNA	Control	Female	66.0	GS_Stromal	13	Stroma
HK2862.SN|M_TAL	HK2862.SN	HK2862	SN_RNA	DKD	Male	48.0	M_TAL	16	TAL
HK2774.SN|CD14_Mono	HK2774.SN	HK2774	SN_RNA	HKD	Male	84.0	CD14_Mono	2	Myeloid
HK2868.SN|Ascending_Thin_LOH	HK2868.SN	HK2868	SN_RNA	HKD	Male	60.0	Ascending_Thin_LOH	12	ThinLimb
HK2558.SN|PT_S2	HK2558.SN	HK2558	SN_RNA	HKD	Male	77.0	PT_S2	3	PT
HK2596.SN|PT_S2	HK2596.SN	HK2596	SN_RNA	DKD	Male	60.0	PT_S2	1	PT
HK2663_SN|MyoFib/VSMC	HK2663_SN	HK2663	SN_RNA	Control	Female	63.0	MyoFib/VSMC	11	Stroma
HK2770_SN|CD8T	HK2770_SN	HK2770	SN_RNA	HKD	Male	68.0	CD8T	15	Lymphoid
HK2770_SN|CD4T	HK2770_SN	HK2770	SN_RNA	HKD	Male	68.0	CD4T	5	Lymphoid
HK2739.SN|Neural_Cells	HK2739.SN	HK2739	SN_RNA	HKD	Male	58.0	Neural_Cells	5	Other
HK2596.SN|NK	HK2596.SN	HK2596	SN_RNA	DKD	Male	60.0	NK	2	Lymphoid
HK2868.SN|Neural_Cells	HK2868.SN	HK2868	SN_RNA	HKD	Male	60.0	Neural_Cells	3	Other
HK2862.SN|NK	HK2862.SN	HK2862	SN_RNA	DKD	Male	48.0	NK	2	Lymphoid
HK2596.SN|Neutrophil	HK2596.SN	HK2596	SN_RNA	DKD	Male	60.0	Neutrophil	7	Myeloid
HK2893.SN|Endo_Lymphatic	HK2893.SN	HK2893	SN_RNA	Control	Male	37.0	Endo_Lymphatic	17	Endo
HK2558.SN|Neural_Cells	HK2558.SN	HK2558	SN_RNA	HKD	Male	77.0	Neural_Cells	7	Other
HK2867.SN|RBC	HK2867.SN	HK2867	SN_RNA	Control	Male	44.0	RBC	2	Other
HK2867.SN|B_Naive	HK2867.SN	HK2867	SN_RNA	Control	Male	44.0	B_Naive	5	Lymphoid
HK2898.SN|GS_Stromal	HK2898.SN	HK2898	SN_RNA	Control	Male	65.0	GS_Stromal	3	Stroma
HK2833.SN|PEC	HK2833.SN	HK2833	SN_RNA	Control	Male	72.0	PEC	5	PEC
HK2844.SN|Neural_Cells	HK2844.SN	HK2844	SN_RNA	DKD	Female	62.0	Neural_Cells	2	Other
HK2833.SN|CD8T	HK2833.SN	HK2833	SN_RNA	Control	Male	72.0	CD8T	12	Lymphoid
HK2770_SN|GS_Stromal	HK2770_SN	HK2770	SN_RNA	HKD	Male	68.0	GS_Stromal	4	Stroma
HK2898.SN|Plasma_Cells	HK2898.SN	HK2898	SN_RNA	Control	Male	65.0	Plasma_Cells	3	Lymphoid
HK2596.SN|PT_S3	HK2596.SN	HK2596	SN_RNA	DKD	Male	60.0	PT_S3	9	PT
HK2774.SN|Prolif_Lym	HK2774.SN	HK2774	SN_RNA	HKD	Male	84.0	Prolif_Lym	3	Lymphoid
HK2770_SN|B_memory	HK2770_SN	HK2770	SN_RNA	HKD	Male	68.0	B_memory	1	Lymphoid
HK2867.SN|GS_Stromal	HK2867.SN	HK2867	SN_RNA	Control	Male	44.0	GS_Stromal	7	Stroma
HK2774.SN|DCT1	HK2774.SN	HK2774	SN_RNA	HKD	Male	84.0	DCT1	6	DCT_CNT
HK2898.SN|MyoFib/VSMC	HK2898.SN	HK2898	SN_RNA	Control	Male	65.0	MyoFib/VSMC	7	Stroma
HK2895.SN|B_Naive	HK2895.SN	HK2895	SN_RNA	Control	Female	66.0	B_Naive	9	Lymphoid
HK2663_SN|GS_Stromal	HK2663_SN	HK2663	SN_RNA	Control	Female	63.0	GS_Stromal	11	Stroma
HK2596.SN|cDC	HK2596.SN	HK2596	SN_RNA	DKD	Male	60.0	cDC	1	Myeloid
HK2868.SN|CD4T	HK2868.SN	HK2868	SN_RNA	HKD	Male	60.0	CD4T	3	Lymphoid
HK2893.SN|CD16_Mono	HK2893.SN	HK2893	SN_RNA	Control	Male	37.0	CD16_Mono	4	Myeloid
HK2833.SN|B_Naive	HK2833.SN	HK2833	SN_RNA	Control	Male	72.0	B_Naive	1	Lymphoid
HK2891.SN|B_Naive	HK2891.SN	HK2891	SN_RNA	HKD	Female	74.0	B_Naive	10	Lymphoid
HK2596.SN|Des-Thin_Limb	HK2596.SN	HK2596	SN_RNA	DKD	Male	60.0	Des-Thin_Limb	5	ThinLimb
HK2868.SN|Endo_Lymphatic	HK2868.SN	HK2868	SN_RNA	HKD	Male	60.0	Endo_Lymphatic	3	Endo
HK2596.SN|Podo	HK2596.SN	HK2596	SN_RNA	DKD	Male	60.0	Podo	3	Podo
HK2898.SN|Neural_Cells	HK2898.SN	HK2898	SN_RNA	Control	Male	65.0	Neural_Cells	2	Other
HK2844.SN|NK	HK2844.SN	HK2844	SN_RNA	DKD	Female	62.0	NK	4	Lymphoid
HK2895.SN|Plasma_Cells	HK2895.SN	HK2895	SN_RNA	Control	Female	66.0	Plasma_Cells	2	Lymphoid
HK2739.SN|PEC	HK2739.SN	HK2739	SN_RNA	HKD	Male	58.0	PEC	10	PEC
HK2558.SN|Neutrophil	HK2558.SN	HK2558	SN_RNA	HKD	Male	77.0	Neutrophil	17	Myeloid
HK2844.SN|GS_Stromal	HK2844.SN	HK2844	SN_RNA	DKD	Female	62.0	GS_Stromal	9	Stroma
HK2868.SN|PEC	HK2868.SN	HK2868	SN_RNA	HKD	Male	60.0	PEC	15	PEC
HK2899.SN|B_Naive	HK2899.SN	HK2899	SN_RNA	Control	Male	39.0	B_Naive	2	Lymphoid
HK2867.SN|B_memory	HK2867.SN	HK2867	SN_RNA	Control	Male	44.0	B_memory	1	Lymphoid
HK2893.SN|GS_Stromal	HK2893.SN	HK2893	SN_RNA	Control	Male	37.0	GS_Stromal	3	Stroma
HK2899.SN|cDC	HK2899.SN	HK2899	SN_RNA	Control	Male	39.0	cDC	1	Myeloid
HK2596.SN|CD14_Mono	HK2596.SN	HK2596	SN_RNA	DKD	Male	60.0	CD14_Mono	1	Myeloid
HK2891.SN|Mes	HK2891.SN	HK2891	SN_RNA	HKD	Female	74.0	Mes	6	Stroma
HK2663_SN|Plasma_Cells	HK2663_SN	HK2663	SN_RNA	Control	Female	63.0	Plasma_Cells	2	Lymphoid
HK2833.SN|RBC	HK2833.SN	HK2833	SN_RNA	Control	Male	72.0	RBC	3	Other
HK2895.SN|Neutrophil	HK2895.SN	HK2895	SN_RNA	Control	Female	66.0	Neutrophil	1	Myeloid
HK2868.SN|cDC	HK2868.SN	HK2868	SN_RNA	HKD	Male	60.0	cDC	1	Myeloid
HK2739.SN|Plasma_Cells	HK2739.SN	HK2739	SN_RNA	HKD	Male	58.0	Plasma_Cells	3	Lymphoid
HK2833.SN|CD4T	HK2833.SN	HK2833	SN_RNA	Control	Male	72.0	CD4T	7	Lymphoid
HK2868.SN|Plasma_Cells	HK2868.SN	HK2868	SN_RNA	HKD	Male	60.0	Plasma_Cells	4	Lymphoid
HK2844.SN|Mes	HK2844.SN	HK2844	SN_RNA	DKD	Female	62.0	Mes	1	Stroma
HK2558.SN|IC_B	HK2558.SN	HK2558	SN_RNA	HKD	Male	77.0	IC_B	3	IC
HK2596.SN|PT_S1	HK2596.SN	HK2596	SN_RNA	DKD	Male	60.0	PT_S1	1	PT
HK2867.SN|Ascending_Thin_LOH	HK2867.SN	HK2867	SN_RNA	Control	Male	44.0	Ascending_Thin_LOH	3	ThinLimb
HK2891.SN|Neural_Cells	HK2891.SN	HK2891	SN_RNA	HKD	Female	74.0	Neural_Cells	6	Other
HK2867.SN|MyoFib/VSMC	HK2867.SN	HK2867	SN_RNA	Control	Male	44.0	MyoFib/VSMC	4	Stroma
HK2844.SN|cDC	HK2844.SN	HK2844	SN_RNA	DKD	Female	62.0	cDC	1	Myeloid
HK2898.SN|Neutrophil	HK2898.SN	HK2898	SN_RNA	Control	Male	65.0	Neutrophil	2	Myeloid
HK2833.SN|CD16_Mono	HK2833.SN	HK2833	SN_RNA	Control	Male	72.0	CD16_Mono	1	Myeloid
HK2770_SN|CD16_Mono	HK2770_SN	HK2770	SN_RNA	HKD	Male	68.0	CD16_Mono	2	Myeloid
HK2895.SN|Neural_Cells	HK2895.SN	HK2895	SN_RNA	Control	Female	66.0	Neural_Cells	1	Other
HK2898.SN|RBC	HK2898.SN	HK2898	SN_RNA	Control	Male	65.0	RBC	1	Other
HK2770_SN|Endo_Lymphatic	HK2770_SN	HK2770	SN_RNA	HKD	Male	68.0	Endo_Lymphatic	2	Endo
HK2893.SN|RBC	HK2893.SN	HK2893	SN_RNA	Control	Male	37.0	RBC	4	Other
HK2770_SN|NK	HK2770_SN	HK2770	SN_RNA	HKD	Male	68.0	NK	1	Lymphoid
HK2891.SN|CD14_Mono	HK2891.SN	HK2891	SN_RNA	HKD	Female	74.0	CD14_Mono	1	Myeloid
HK2891.SN|Neutrophil	HK2891.SN	HK2891	SN_RNA	HKD	Female	74.0	Neutrophil	2	Myeloid
HK2891.SN|MyoFib/VSMC	HK2891.SN	HK2891	SN_RNA	HKD	Female	74.0	MyoFib/VSMC	1	Stroma
HK2893.SN|CD4T	HK2893.SN	HK2893	SN_RNA	Control	Male	37.0	CD4T	2	Lymphoid
HK2893.SN|Neural_Cells	HK2893.SN	HK2893	SN_RNA	Control	Male	37.0	Neural_Cells	1	Other
HK2868.SN|NK	HK2868.SN	HK2868	SN_RNA	HKD	Male	60.0	NK	1	Lymphoid
HK2558.SN|RBC	HK2558.SN	HK2558	SN_RNA	HKD	Male	77.0	RBC	2	Other
HK2867.SN|CD14_Mono	HK2867.SN	HK2867	SN_RNA	Control	Male	44.0	CD14_Mono	1	Myeloid
HK2739.SN|Neutrophil	HK2739.SN	HK2739	SN_RNA	HKD	Male	58.0	Neutrophil	1	Myeloid
HK2739.SN|cDC	HK2739.SN	HK2739	SN_RNA	HKD	Male	58.0	cDC	2	Myeloid
HK2833.SN|Endo_Lymphatic	HK2833.SN	HK2833	SN_RNA	Control	Male	72.0	Endo_Lymphatic	2	Endo
HK2663_SN|cDC	HK2663_SN	HK2663	SN_RNA	Control	Female	63.0	cDC	1	Myeloid
HK2833.SN|Mes	HK2833.SN	HK2833	SN_RNA	Control	Male	72.0	Mes	1	Stroma
HK2867.SN|Endo_Lymphatic	HK2867.SN	HK2867	SN_RNA	Control	Male	44.0	Endo_Lymphatic	1	Endo
HK2558.SN|PT_S1	HK2558.SN	HK2558	SN_RNA	HKD	Male	77.0	PT_S1	1	PT
HK2895.SN|cDC	HK2895.SN	HK2895	SN_RNA	Control	Female	66.0	cDC	2	Myeloid
HK2893.SN|Neutrophil	HK2893.SN	HK2893	SN_RNA	Control	Male	37.0	Neutrophil	1	Myeloid
HK2833.SN|Plasma_Cells	HK2833.SN	HK2833	SN_RNA	Control	Male	72.0	Plasma_Cells	1	Lymphoid
HK2862.SN|Podo	HK2862.SN	HK2862	SN_RNA	DKD	Male	48.0	Podo	2	Podo
HK2739.SN|RBC	HK2739.SN	HK2739	SN_RNA	HKD	Male	58.0	RBC	1	Other
HK2899.SN|B_memory	HK2899.SN	HK2899	SN_RNA	Control	Male	39.0	B_memory	1	Lymphoid
HK2893.SN|NK	HK2893.SN	HK2893	SN_RNA	Control	Male	37.0	NK	1	Lymphoid
HK2711.SN|PT_S1	HK2711.SN	HK2711	SN_RNA	HKD	Male	69.0	PT_S1	190	PT
HK2711.SN|iPT	HK2711.SN	HK2711	SN_RNA	HKD	Male	69.0	iPT	392	PT
HK2711.SN|M_TAL	HK2711.SN	HK2711	SN_RNA	HKD	Male	69.0	M_TAL	5417	TAL
HK2711.SN|Fibroblast_1	HK2711.SN	HK2711	SN_RNA	HKD	Male	69.0	Fibroblast_1	401	Stroma
HK2711.SN|PT_S3	HK2711.SN	HK2711	SN_RNA	HKD	Male	69.0	PT_S3	554	PT
HK2711.SN|Macula_Densa	HK2711.SN	HK2711	SN_RNA	HKD	Male	69.0	Macula_Densa	235	TAL
HK2711.SN|Endo_Peritubular	HK2711.SN	HK2711	SN_RNA	HKD	Male	69.0	Endo_Peritubular	1792	Endo
HK2711.SN|C_TAL	HK2711.SN	HK2711	SN_RNA	HKD	Male	69.0	C_TAL	3084	TAL
HK2711.SN|CNT	HK2711.SN	HK2711	SN_RNA	HKD	Male	69.0	CNT	458	DCT_CNT
HK2711.SN|PC	HK2711.SN	HK2711	SN_RNA	HKD	Male	69.0	PC	1396	PC
HK2711.SN|Endo_GC	HK2711.SN	HK2711	SN_RNA	HKD	Male	69.0	Endo_GC	389	Endo
HK2711.SN|IC_A	HK2711.SN	HK2711	SN_RNA	HKD	Male	69.0	IC_A	922	IC
HK2711.SN|Neutrophil	HK2711.SN	HK2711	SN_RNA	HKD	Male	69.0	Neutrophil	7	Myeloid
HK2711.SN|IC_B	HK2711.SN	HK2711	SN_RNA	HKD	Male	69.0	IC_B	128	IC
HK2711.SN|Fibroblast_2	HK2711.SN	HK2711	SN_RNA	HKD	Male	69.0	Fibroblast_2	149	Stroma
HK2711.SN|CD4T	HK2711.SN	HK2711	SN_RNA	HKD	Male	69.0	CD4T	169	Lymphoid
HK2711.SN|NK	HK2711.SN	HK2711	SN_RNA	HKD	Male	69.0	NK	15	Lymphoid
HK2711.SN|PT_S2	HK2711.SN	HK2711	SN_RNA	HKD	Male	69.0	PT_S2	243	PT
HK2711.SN|CD8T	HK2711.SN	HK2711	SN_RNA	HKD	Male	69.0	CD8T	212	Lymphoid
HK2711.SN|DCT1	HK2711.SN	HK2711	SN_RNA	HKD	Male	69.0	DCT1	372	DCT_CNT
HK2711.SN|CD16_Mono	HK2711.SN	HK2711	SN_RNA	HKD	Male	69.0	CD16_Mono	81	Myeloid
HK2711.SN|Podo	HK2711.SN	HK2711	SN_RNA	HKD	Male	69.0	Podo	42	Podo
HK2711.SN|PEC	HK2711.SN	HK2711	SN_RNA	HKD	Male	69.0	PEC	100	PEC
HK2711.SN|GS_Stromal	HK2711.SN	HK2711	SN_RNA	HKD	Male	69.0	GS_Stromal	40	Stroma
HK2711.SN|Mac	HK2711.SN	HK2711	SN_RNA	HKD	Male	69.0	Mac	153	Myeloid
HK2711.SN|DCT2	HK2711.SN	HK2711	SN_RNA	HKD	Male	69.0	DCT2	87	DCT_CNT
HK2711.SN|Des-Thin_Limb	HK2711.SN	HK2711	SN_RNA	HKD	Male	69.0	Des-Thin_Limb	128	ThinLimb
HK2711.SN|Prolif_Lym	HK2711.SN	HK2711	SN_RNA	HKD	Male	69.0	Prolif_Lym	2	Lymphoid
HK2711.SN|CD14_Mono	HK2711.SN	HK2711	SN_RNA	HKD	Male	69.0	CD14_Mono	4	Myeloid
HK2711.SN|B_Naive	HK2711.SN	HK2711	SN_RNA	HKD	Male	69.0	B_Naive	11	Lymphoid
HK2711.SN|MyoFib/VSMC	HK2711.SN	HK2711	SN_RNA	HKD	Male	69.0	MyoFib/VSMC	50	Stroma
HK2711.SN|B_memory	HK2711.SN	HK2711	SN_RNA	HKD	Male	69.0	B_memory	6	Lymphoid
HK2711.SN|Neural_Cells	HK2711.SN	HK2711	SN_RNA	HKD	Male	69.0	Neural_Cells	8	Other
HK2711.SN|Mes	HK2711.SN	HK2711	SN_RNA	HKD	Male	69.0	Mes	13	Stroma
HK2711.SN|cDC	HK2711.SN	HK2711	SN_RNA	HKD	Male	69.0	cDC	2	Myeloid
HK2711.SN|Plasma_Cells	HK2711.SN	HK2711	SN_RNA	HKD	Male	69.0	Plasma_Cells	6	Lymphoid
HK2711.SN|RBC	HK2711.SN	HK2711	SN_RNA	HKD	Male	69.0	RBC	4	Other
HK2711.SN|Endo_Lymphatic	HK2711.SN	HK2711	SN_RNA	HKD	Male	69.0	Endo_Lymphatic	1	Endo
HK2711.SN|Ascending_Thin_LOH	HK2711.SN	HK2711	SN_RNA	HKD	Male	69.0	Ascending_Thin_LOH	3	ThinLimb
HK2976.SN|CNT	HK2976.SN	HK2976	SN_RNA	HKD	Male	49.0	CNT	2	DCT_CNT
HK2976.SN|PC	HK2976.SN	HK2976	SN_RNA	HKD	Male	49.0	PC	1	PC
HK2976.SN|iPT	HK2976.SN	HK2976	SN_RNA	HKD	Male	49.0	iPT	8	PT
HK2976.SN|PT_S2	HK2976.SN	HK2976	SN_RNA	HKD	Male	49.0	PT_S2	1	PT
HK2896.SC|PT_S2	HK2896.SC	HK2896	SC_RNA	Control	Male	60.0	PT_S2	915	PT
HK2774.SC|Endo_Peritubular	HK2774.SC	HK2774	SC_RNA	HKD	Male	84.0	Endo_Peritubular	95	Endo
HK2867.SC|PT_S1	HK2867.SC	HK2867	SC_RNA	Control	Male	44.0	PT_S1	475	PT
HK2891.SC|Mac	HK2891.SC	HK2891	SC_RNA	HKD	Female	74.0	Mac	1162	Myeloid
HK2891.SC|PT_S1	HK2891.SC	HK2891	SC_RNA	HKD	Female	74.0	PT_S1	1170	PT
HK2896.SC|PT_S1	HK2896.SC	HK2896	SC_RNA	Control	Male	60.0	PT_S1	1418	PT
HK2713.SC|IC_A	HK2713.SC	HK2713	SC_RNA	Control	Female	33.0	IC_A	134	IC
HK2895.SC|PT_S2	HK2895.SC	HK2895	SC_RNA	Control	Female	66.0	PT_S2	1466	PT
HK2774.SC|NK	HK2774.SC	HK2774	SC_RNA	HKD	Male	84.0	NK	137	Lymphoid
HK2895.SC|C_TAL	HK2895.SC	HK2895	SC_RNA	Control	Female	66.0	C_TAL	86	TAL
HK2923.SC|PT_S3	HK2923.SC	HK2923	SC_RNA	Control	Male	64.0	PT_S3	682	PT
HK2891.SC|CD4T	HK2891.SC	HK2891	SC_RNA	HKD	Female	74.0	CD4T	702	Lymphoid
HK2770.SC|CD8T	HK2770.SC	HK2770	SC_RNA	HKD	Male	68.0	CD8T	418	Lymphoid
HK2893.SC|Endo_Peritubular	HK2893.SC	HK2893	SC_RNA	Control	Male	37.0	Endo_Peritubular	286	Endo
HK2923.SC|PT_S1	HK2923.SC	HK2923	SC_RNA	Control	Male	64.0	PT_S1	1872	PT
HK2895.SC|PT_S3	HK2895.SC	HK2895	SC_RNA	Control	Female	66.0	PT_S3	1667	PT
HK2893.SC|Fibroblast_2	HK2893.SC	HK2893	SC_RNA	Control	Male	37.0	Fibroblast_2	631	Stroma
HK2774.SC|CD8T	HK2774.SC	HK2774	SC_RNA	HKD	Male	84.0	CD8T	931	Lymphoid
HK2924.SC|CD8T	HK2924.SC	HK2924	SC_RNA	Control	Male	67.0	CD8T	218	Lymphoid
HK2924.SC|PT_S1	HK2924.SC	HK2924	SC_RNA	Control	Male	67.0	PT_S1	766	PT
HK2770.SC|PT_S2	HK2770.SC	HK2770	SC_RNA	HKD	Male	68.0	PT_S2	609	PT
HK2891.SC|Fibroblast_2	HK2891.SC	HK2891	SC_RNA	HKD	Female	74.0	Fibroblast_2	147	Stroma
HK2896.SC|MyoFib/VSMC	HK2896.SC	HK2896	SC_RNA	Control	Male	60.0	MyoFib/VSMC	8	Stroma
HK2924.SC|C_TAL	HK2924.SC	HK2924	SC_RNA	Control	Male	67.0	C_TAL	60	TAL
HK2899.SC|IC_A	HK2899.SC	HK2899	SC_RNA	Control	Male	39.0	IC_A	49	IC
HK2774.SC|Fibroblast_1	HK2774.SC	HK2774	SC_RNA	HKD	Male	84.0	Fibroblast_1	84	Stroma
HK2895.SC|PT_S1	HK2895.SC	HK2895	SC_RNA	Control	Female	66.0	PT_S1	2260	PT
HK2662.SC|CD4T	HK2662.SC	HK2662	SC_RNA	Control	Female	72.0	CD4T	29	Lymphoid
HK2923.SC|PT_S2	HK2923.SC	HK2923	SC_RNA	Control	Male	64.0	PT_S2	730	PT
HK2893.SC|Mac	HK2893.SC	HK2893	SC_RNA	Control	Male	37.0	Mac	2	Myeloid
HK2923.SC|Endo_GC	HK2923.SC	HK2923	SC_RNA	Control	Male	64.0	Endo_GC	603	Endo
HK2867.SC|PT_S3	HK2867.SC	HK2867	SC_RNA	Control	Male	44.0	PT_S3	155	PT
HK2893.SC|PC	HK2893.SC	HK2893	SC_RNA	Control	Male	37.0	PC	202	PC
HK2896.SC|PT_S3	HK2896.SC	HK2896	SC_RNA	Control	Male	60.0	PT_S3	434	PT
HK2891.SC|CD8T	HK2891.SC	HK2891	SC_RNA	HKD	Female	74.0	CD8T	496	Lymphoid
HK2893.SC|MyoFib/VSMC	HK2893.SC	HK2893	SC_RNA	Control	Male	37.0	MyoFib/VSMC	201	Stroma
HK2924.SC|PT_S2	HK2924.SC	HK2924	SC_RNA	Control	Male	67.0	PT_S2	150	PT
HK2893.SC|CD8T	HK2893.SC	HK2893	SC_RNA	Control	Male	37.0	CD8T	185	Lymphoid
HK2893.SC|Endo_GC	HK2893.SC	HK2893	SC_RNA	Control	Male	37.0	Endo_GC	1298	Endo
HK2770.SC|PT_S1	HK2770.SC	HK2770	SC_RNA	HKD	Male	68.0	PT_S1	544	PT
HK2662.SC|Neutrophil	HK2662.SC	HK2662	SC_RNA	Control	Female	72.0	Neutrophil	19	Myeloid
HK1650_G.SC|Neutrophil	HK1650_G.SC	HK1650	SC_RNA	HKD	Female	77.0	Neutrophil	198	Myeloid
HK1650_T.SC|Neutrophil	HK1650_T.SC	HK1650	SC_RNA	HKD	Female	77.0	Neutrophil	157	Myeloid
HK1585.SC|CD16_Mono	HK1585.SC	HK1585	SC_RNA	Control	Female	69.0	CD16_Mono	407	Myeloid
HK1635_G.SC|CD4T	HK1635_G.SC	HK1635	SC_RNA	DKD	Male	70.0	CD4T	271	Lymphoid
HK1997.SC|B_Naive	HK1997.SC	HK1997	SC_RNA	Control	Male	71.0	B_Naive	2340	Lymphoid
HK1770.SC|B_Naive	HK1770.SC	HK1770	SC_RNA	HKD	Male	82.0	B_Naive	2418	Lymphoid
HK1770.SC|IC_A	HK1770.SC	HK1770	SC_RNA	HKD	Male	82.0	IC_A	499	IC
HK1634.SC|CD8T	HK1634.SC	HK1634	SC_RNA	DKD	Male	67.0	CD8T	1194	Lymphoid
HK1585.SC|IC_A	HK1585.SC	HK1585	SC_RNA	Control	Female	69.0	IC_A	439	IC
HK1585.SC|DCT1	HK1585.SC	HK1585	SC_RNA	Control	Female	69.0	DCT1	23	DCT_CNT
HK1650_G.SC|CD8T	HK1650_G.SC	HK1650	SC_RNA	HKD	Female	77.0	CD8T	2636	Lymphoid
HK1650_T.SC|CD8T	HK1650_T.SC	HK1650	SC_RNA	HKD	Female	77.0	CD8T	2559	Lymphoid
HK1635_G.SC|CD8T	HK1635_G.SC	HK1635	SC_RNA	DKD	Male	70.0	CD8T	1572	Lymphoid
HK1584.SC|CD8T	HK1584.SC	HK1584	SC_RNA	DKD	Female	59.0	CD8T	1331	Lymphoid
HK1770.SC|CNT	HK1770.SC	HK1770	SC_RNA	HKD	Male	82.0	CNT	105	DCT_CNT
HK1584.SC|CD16_Mono	HK1584.SC	HK1584	SC_RNA	DKD	Female	59.0	CD16_Mono	1268	Myeloid
HK1588.SC|CD4T	HK1588.SC	HK1588	SC_RNA	Control	Female	57.0	CD4T	555	Lymphoid
HK1997.SC|IC_B	HK1997.SC	HK1997	SC_RNA	Control	Male	71.0	IC_B	19	IC
HK1588.SC|IC_A	HK1588.SC	HK1588	SC_RNA	Control	Female	57.0	IC_A	646	IC
HK1997.SC|CD4T	HK1997.SC	HK1997	SC_RNA	Control	Male	71.0	CD4T	2139	Lymphoid
HK1770.SC|CD4T	HK1770.SC	HK1770	SC_RNA	HKD	Male	82.0	CD4T	2121	Lymphoid
HK1597.SC|IC_A	HK1597.SC	HK1597	SC_RNA	HKD	Male	88.0	IC_A	337	IC
HK1997.SC|CD8T	HK1997.SC	HK1997	SC_RNA	Control	Male	71.0	CD8T	2298	Lymphoid
HK1770.SC|CD8T	HK1770.SC	HK1770	SC_RNA	HKD	Male	82.0	CD8T	2200	Lymphoid
HK1770.SC|Endo_GC	HK1770.SC	HK1770	SC_RNA	HKD	Male	82.0	Endo_GC	1027	Endo
HK1632.SC|Endo_GC	HK1632.SC	HK1632	SC_RNA	DKD	Female	56.0	Endo_GC	273	Endo
HK1664_T.SC|CD16_Mono	HK1664_T.SC	HK1664	SC_RNA	Control	Female	53.0	CD16_Mono	579	Myeloid
HK1650_T.SC|CD16_Mono	HK1650_T.SC	HK1650	SC_RNA	HKD	Female	77.0	CD16_Mono	862	Myeloid
HK1650_G.SC|CD4T	HK1650_G.SC	HK1650	SC_RNA	HKD	Female	77.0	CD4T	434	Lymphoid
HK1650_T.SC|CD4T	HK1650_T.SC	HK1650	SC_RNA	HKD	Female	77.0	CD4T	420	Lymphoid
HK1664_T.SC|CD4T	HK1664_T.SC	HK1664	SC_RNA	Control	Female	53.0	CD4T	444	Lymphoid
HK1593.SC|NK	HK1593.SC	HK1593	SC_RNA	HKD	Female	56.0	NK	423	Lymphoid
HK1997.SC|Endo_GC	HK1997.SC	HK1997	SC_RNA	Control	Male	71.0	Endo_GC	684	Endo
HK1664_T.SC|PT_S3	HK1664_T.SC	HK1664	SC_RNA	Control	Female	53.0	PT_S3	713	PT
HK1597.SC|CD4T	HK1597.SC	HK1597	SC_RNA	HKD	Male	88.0	CD4T	403	Lymphoid
HK1664_G.SC|CD16_Mono	HK1664_G.SC	HK1664	SC_RNA	Control	Female	53.0	CD16_Mono	270	Myeloid
HK1650_G.SC|cDC	HK1650_G.SC	HK1650	SC_RNA	HKD	Female	77.0	cDC	42	Myeloid
HK1650_T.SC|cDC	HK1650_T.SC	HK1650	SC_RNA	HKD	Female	77.0	cDC	24	Myeloid
HK1594.SC|CD8T	HK1594.SC	HK1594	SC_RNA	HKD	Male	60.0	CD8T	435	Lymphoid
HK1584.SC|CD4T	HK1584.SC	HK1584	SC_RNA	DKD	Female	59.0	CD4T	146	Lymphoid
HK1650_T.SC|Endo_GC	HK1650_T.SC	HK1650	SC_RNA	HKD	Female	77.0	Endo_GC	1994	Endo
HK1632.SC|IC_A	HK1632.SC	HK1632	SC_RNA	DKD	Female	56.0	IC_A	1558	IC
HK1650_G.SC|NK	HK1650_G.SC	HK1650	SC_RNA	HKD	Female	77.0	NK	1023	Lymphoid
HK1650_T.SC|NK	HK1650_T.SC	HK1650	SC_RNA	HKD	Female	77.0	NK	978	Lymphoid
HK1664_G.SC|NK	HK1664_G.SC	HK1664	SC_RNA	Control	Female	53.0	NK	725	Lymphoid
HK1650_G.SC|Endo_GC	HK1650_G.SC	HK1650	SC_RNA	HKD	Female	77.0	Endo_GC	1129	Endo
HK1597.SC|CD8T	HK1597.SC	HK1597	SC_RNA	HKD	Male	88.0	CD8T	615	Lymphoid
HK1632.SC|CD4T	HK1632.SC	HK1632	SC_RNA	DKD	Female	56.0	CD4T	266	Lymphoid
HK1664_T.SC|CD8T	HK1664_T.SC	HK1664	SC_RNA	Control	Female	53.0	CD8T	473	Lymphoid
HK1634.SC|CD14_Mono	HK1634.SC	HK1634	SC_RNA	DKD	Male	67.0	CD14_Mono	191	Myeloid
HK1770.SC|Mac	HK1770.SC	HK1770	SC_RNA	HKD	Male	82.0	Mac	798	Myeloid
HK1997.SC|DCT2	HK1997.SC	HK1997	SC_RNA	Control	Male	71.0	DCT2	115	DCT_CNT
HK1635_G.SC|Neutrophil	HK1635_G.SC	HK1635	SC_RNA	DKD	Male	70.0	Neutrophil	72	Myeloid
HK1650_G.SC|Endo_Peritubular	HK1650_G.SC	HK1650	SC_RNA	HKD	Female	77.0	Endo_Peritubular	371	Endo
HK1650_T.SC|Endo_Peritubular	HK1650_T.SC	HK1650	SC_RNA	HKD	Female	77.0	Endo_Peritubular	174	Endo
HK1593.SC|CD4T	HK1593.SC	HK1593	SC_RNA	HKD	Female	56.0	CD4T	274	Lymphoid
HK1997.SC|NK	HK1997.SC	HK1997	SC_RNA	Control	Male	71.0	NK	271	Lymphoid
HK1650_G.SC|CD16_Mono	HK1650_G.SC	HK1650	SC_RNA	HKD	Female	77.0	CD16_Mono	712	Myeloid
HK1664_G.SC|CD8T	HK1664_G.SC	HK1664	SC_RNA	Control	Female	53.0	CD8T	332	Lymphoid
HK1593.SC|IC_A	HK1593.SC	HK1593	SC_RNA	HKD	Female	56.0	IC_A	454	IC
HK1997.SC|Mac	HK1997.SC	HK1997	SC_RNA	Control	Male	71.0	Mac	637	Myeloid
HK1584.SC|NK	HK1584.SC	HK1584	SC_RNA	DKD	Female	59.0	NK	312	Lymphoid
HK1594.SC|CD14_Mono	HK1594.SC	HK1594	SC_RNA	HKD	Male	60.0	CD14_Mono	327	Myeloid
HK1632.SC|C_TAL	HK1632.SC	HK1632	SC_RNA	DKD	Female	56.0	C_TAL	222	TAL
HK1634.SC|B_memory	HK1634.SC	HK1634	SC_RNA	DKD	Male	67.0	B_memory	89	Lymphoid
HK1664_T.SC|PT_S2	HK1664_T.SC	HK1664	SC_RNA	Control	Female	53.0	PT_S2	554	PT
HK1997.SC|C_TAL	HK1997.SC	HK1997	SC_RNA	Control	Male	71.0	C_TAL	73	TAL
HK1632.SC|Ascending_Thin_LOH	HK1632.SC	HK1632	SC_RNA	DKD	Female	56.0	Ascending_Thin_LOH	86	ThinLimb
HK1664_T.SC|Neutrophil	HK1664_T.SC	HK1664	SC_RNA	Control	Female	53.0	Neutrophil	173	Myeloid
HK1634.SC|Endo_GC	HK1634.SC	HK1634	SC_RNA	DKD	Male	67.0	Endo_GC	1901	Endo
HK1635_G.SC|B_Naive	HK1635_G.SC	HK1635	SC_RNA	DKD	Male	70.0	B_Naive	37	Lymphoid
HK1632.SC|DCT1	HK1632.SC	HK1632	SC_RNA	DKD	Female	56.0	DCT1	102	DCT_CNT
HK1770.SC|C_TAL	HK1770.SC	HK1770	SC_RNA	HKD	Male	82.0	C_TAL	40	TAL
HK1632.SC|Mac	HK1632.SC	HK1632	SC_RNA	DKD	Female	56.0	Mac	237	Myeloid
HK1632.SC|PC	HK1632.SC	HK1632	SC_RNA	DKD	Female	56.0	PC	174	PC
HK1634.SC|CD4T	HK1634.SC	HK1634	SC_RNA	DKD	Male	67.0	CD4T	1050	Lymphoid
HK1664_T.SC|PT_S1	HK1664_T.SC	HK1664	SC_RNA	Control	Female	53.0	PT_S1	1154	PT
HK1997.SC|Fibroblast_1	HK1997.SC	HK1997	SC_RNA	Control	Male	71.0	Fibroblast_1	68	Stroma
HK1770.SC|Fibroblast_1	HK1770.SC	HK1770	SC_RNA	HKD	Male	82.0	Fibroblast_1	42	Stroma
HK1634.SC|NK	HK1634.SC	HK1634	SC_RNA	DKD	Male	67.0	NK	470	Lymphoid
HK1597.SC|PT_S1	HK1597.SC	HK1597	SC_RNA	HKD	Male	88.0	PT_S1	392	PT
HK1770.SC|CD16_Mono	HK1770.SC	HK1770	SC_RNA	HKD	Male	82.0	CD16_Mono	330	Myeloid
HK1593.SC|DCT2	HK1593.SC	HK1593	SC_RNA	HKD	Female	56.0	DCT2	10	DCT_CNT
HK2896.SC|Endo_GC	HK2896.SC	HK2896	SC_RNA	Control	Male	60.0	Endo_GC	598	Endo
HK2867.SC|iPT	HK2867.SC	HK2867	SC_RNA	Control	Male	44.0	iPT	45	PT
HK2896.SC|Des-Thin_Limb	HK2896.SC	HK2896	SC_RNA	Control	Male	60.0	Des-Thin_Limb	85	ThinLimb
HK2770.SC|IC_A	HK2770.SC	HK2770	SC_RNA	HKD	Male	68.0	IC_A	118	IC
HK2867.SC|Endo_GC	HK2867.SC	HK2867	SC_RNA	Control	Male	44.0	Endo_GC	180	Endo
HK2893.SC|C_TAL	HK2893.SC	HK2893	SC_RNA	Control	Male	37.0	C_TAL	190	TAL
HK2713.SC|Podo	HK2713.SC	HK2713	SC_RNA	Control	Female	33.0	Podo	26	Podo
HK2891.SC|MyoFib/VSMC	HK2891.SC	HK2891	SC_RNA	HKD	Female	74.0	MyoFib/VSMC	203	Stroma
HK2891.SC|C_TAL	HK2891.SC	HK2891	SC_RNA	HKD	Female	74.0	C_TAL	400	TAL
HK2893.SC|Fibroblast_1	HK2893.SC	HK2893	SC_RNA	Control	Male	37.0	Fibroblast_1	322	Stroma
HK2924.SC|IC_A	HK2924.SC	HK2924	SC_RNA	Control	Male	67.0	IC_A	112	IC
HK2774.SC|CD4T	HK2774.SC	HK2774	SC_RNA	HKD	Male	84.0	CD4T	1225	Lymphoid
HK2924.SC|CD16_Mono	HK2924.SC	HK2924	SC_RNA	Control	Male	67.0	CD16_Mono	65	Myeloid
HK2833.SC|PT_S2	HK2833.SC	HK2833	SC_RNA	Control	Male	72.0	PT_S2	124	PT
HK2867.SC|Mac	HK2867.SC	HK2867	SC_RNA	Control	Male	44.0	Mac	63	Myeloid
HK2662.SC|Podo	HK2662.SC	HK2662	SC_RNA	Control	Female	72.0	Podo	691	Podo
HK2895.SC|IC_A	HK2895.SC	HK2895	SC_RNA	Control	Female	66.0	IC_A	165	IC
HK2891.SC|CD16_Mono	HK2891.SC	HK2891	SC_RNA	HKD	Female	74.0	CD16_Mono	94	Myeloid
HK2774.SC|Neutrophil	HK2774.SC	HK2774	SC_RNA	HKD	Male	84.0	Neutrophil	149	Myeloid
HK2891.SC|NK	HK2891.SC	HK2891	SC_RNA	HKD	Female	74.0	NK	220	Lymphoid
HK2713.SC|PT_S3	HK2713.SC	HK2713	SC_RNA	Control	Female	33.0	PT_S3	207	PT
HK2662.SC|Endo_Peritubular	HK2662.SC	HK2662	SC_RNA	Control	Female	72.0	Endo_Peritubular	102	Endo
HK2774.SC|CD16_Mono	HK2774.SC	HK2774	SC_RNA	HKD	Male	84.0	CD16_Mono	234	Myeloid
HK2774.SC|C_TAL	HK2774.SC	HK2774	SC_RNA	HKD	Male	84.0	C_TAL	67	TAL
HK2770.SC|PT_S3	HK2770.SC	HK2770	SC_RNA	HKD	Male	68.0	PT_S3	599	PT
HK2924.SC|Endo_GC	HK2924.SC	HK2924	SC_RNA	Control	Male	67.0	Endo_GC	878	Endo
HK2891.SC|Endo_Peritubular	HK2891.SC	HK2891	SC_RNA	HKD	Female	74.0	Endo_Peritubular	843	Endo
HK2713.SC|PT_S2	HK2713.SC	HK2713	SC_RNA	Control	Female	33.0	PT_S2	325	PT
HK2893.SC|Macula_Densa	HK2893.SC	HK2893	SC_RNA	Control	Male	37.0	Macula_Densa	117	TAL
HK2713.SC|PT_S1	HK2713.SC	HK2713	SC_RNA	Control	Female	33.0	PT_S1	335	PT
HK2896.SC|Fibroblast_2	HK2896.SC	HK2896	SC_RNA	Control	Male	60.0	Fibroblast_2	4	Stroma
HK2923.SC|iPT	HK2923.SC	HK2923	SC_RNA	Control	Male	64.0	iPT	47	PT
HK2662.SC|Endo_GC	HK2662.SC	HK2662	SC_RNA	Control	Female	72.0	Endo_GC	29	Endo
HK2895.SC|Endo_Peritubular	HK2895.SC	HK2895	SC_RNA	Control	Female	66.0	Endo_Peritubular	73	Endo
HK2893.SC|M_TAL	HK2893.SC	HK2893	SC_RNA	Control	Male	37.0	M_TAL	408	TAL
HK1635_G.SC|NK	HK1635_G.SC	HK1635	SC_RNA	DKD	Male	70.0	NK	1069	Lymphoid
HK1635_T.SC|CD8T	HK1635_T.SC	HK1635	SC_RNA	DKD	Male	70.0	CD8T	334	Lymphoid
HK1634.SC|CD16_Mono	HK1634.SC	HK1634	SC_RNA	DKD	Male	67.0	CD16_Mono	216	Myeloid
HK1597.SC|DCT1	HK1597.SC	HK1597	SC_RNA	HKD	Male	88.0	DCT1	96	DCT_CNT
HK1588.SC|CD8T	HK1588.SC	HK1588	SC_RNA	Control	Female	57.0	CD8T	1761	Lymphoid
HK1594.SC|PT_S2	HK1594.SC	HK1594	SC_RNA	HKD	Male	60.0	PT_S2	80	PT
HK1634.SC|Baso/Mast	HK1634.SC	HK1634	SC_RNA	DKD	Male	67.0	Baso/Mast	121	Myeloid
HK1584.SC|Macula_Densa	HK1584.SC	HK1584	SC_RNA	DKD	Female	59.0	Macula_Densa	2	TAL
HK1585.SC|CD8T	HK1585.SC	HK1585	SC_RNA	Control	Female	69.0	CD8T	402	Lymphoid
HK1632.SC|IC_B	HK1632.SC	HK1632	SC_RNA	DKD	Female	56.0	IC_B	185	IC
HK1632.SC|M_TAL	HK1632.SC	HK1632	SC_RNA	DKD	Female	56.0	M_TAL	38	TAL
HK1588.SC|NK	HK1588.SC	HK1588	SC_RNA	Control	Female	57.0	NK	659	Lymphoid
HK1664_T.SC|Mac	HK1664_T.SC	HK1664	SC_RNA	Control	Female	53.0	Mac	52	Myeloid
HK1632.SC|CNT	HK1632.SC	HK1632	SC_RNA	DKD	Female	56.0	CNT	194	DCT_CNT
HK1632.SC|DCT2	HK1632.SC	HK1632	SC_RNA	DKD	Female	56.0	DCT2	290	DCT_CNT
HK1997.SC|Neutrophil	HK1997.SC	HK1997	SC_RNA	Control	Male	71.0	Neutrophil	100	Myeloid
HK1593.SC|Mac	HK1593.SC	HK1593	SC_RNA	HKD	Female	56.0	Mac	33	Myeloid
HK1770.SC|Neutrophil	HK1770.SC	HK1770	SC_RNA	HKD	Male	82.0	Neutrophil	136	Myeloid
HK1597.SC|CD16_Mono	HK1597.SC	HK1597	SC_RNA	HKD	Male	88.0	CD16_Mono	381	Myeloid
HK1588.SC|CD16_Mono	HK1588.SC	HK1588	SC_RNA	Control	Female	57.0	CD16_Mono	235	Myeloid
HK1594.SC|CD16_Mono	HK1594.SC	HK1594	SC_RNA	HKD	Male	60.0	CD16_Mono	535	Myeloid
HK1635_G.SC|GS_Stromal	HK1635_G.SC	HK1635	SC_RNA	DKD	Male	70.0	GS_Stromal	6	Stroma
HK1997.SC|IC_A	HK1997.SC	HK1997	SC_RNA	Control	Male	71.0	IC_A	204	IC
HK1770.SC|Des-Thin_Limb	HK1770.SC	HK1770	SC_RNA	HKD	Male	82.0	Des-Thin_Limb	66	ThinLimb
HK1634.SC|Neutrophil	HK1634.SC	HK1634	SC_RNA	DKD	Male	67.0	Neutrophil	122	Myeloid
HK1997.SC|CNT	HK1997.SC	HK1997	SC_RNA	Control	Male	71.0	CNT	79	DCT_CNT
HK1650_G.SC|PT_S3	HK1650_G.SC	HK1650	SC_RNA	HKD	Female	77.0	PT_S3	329	PT
HK1650_T.SC|PT_S3	HK1650_T.SC	HK1650	SC_RNA	HKD	Female	77.0	PT_S3	164	PT
HK1664_T.SC|CD14_Mono	HK1664_T.SC	HK1664	SC_RNA	Control	Female	53.0	CD14_Mono	66	Myeloid
HK1997.SC|CD16_Mono	HK1997.SC	HK1997	SC_RNA	Control	Male	71.0	CD16_Mono	179	Myeloid
HK1585.SC|Ascending_Thin_LOH	HK1585.SC	HK1585	SC_RNA	Control	Female	69.0	Ascending_Thin_LOH	34	ThinLimb
HK1635_G.SC|CD16_Mono	HK1635_G.SC	HK1635	SC_RNA	DKD	Male	70.0	CD16_Mono	354	Myeloid
HK1632.SC|CD16_Mono	HK1632.SC	HK1632	SC_RNA	DKD	Female	56.0	CD16_Mono	481	Myeloid
HK1585.SC|CD4T	HK1585.SC	HK1585	SC_RNA	Control	Female	69.0	CD4T	59	Lymphoid
HK1634.SC|IC_A	HK1634.SC	HK1634	SC_RNA	DKD	Male	67.0	IC_A	8	IC
HK1632.SC|CD8T	HK1632.SC	HK1632	SC_RNA	DKD	Female	56.0	CD8T	659	Lymphoid
HK1770.SC|NK	HK1770.SC	HK1770	SC_RNA	HKD	Male	82.0	NK	275	Lymphoid
HK1594.SC|Neutrophil	HK1594.SC	HK1594	SC_RNA	HKD	Male	60.0	Neutrophil	145	Myeloid
HK1635_G.SC|Mac	HK1635_G.SC	HK1635	SC_RNA	DKD	Male	70.0	Mac	59	Myeloid
HK1634.SC|B_Naive	HK1634.SC	HK1634	SC_RNA	DKD	Male	67.0	B_Naive	142	Lymphoid
HK1770.SC|PEC	HK1770.SC	HK1770	SC_RNA	HKD	Male	82.0	PEC	7	PEC
HK1597.SC|Ascending_Thin_LOH	HK1597.SC	HK1597	SC_RNA	HKD	Male	88.0	Ascending_Thin_LOH	68	ThinLimb
HK1597.SC|B_Naive	HK1597.SC	HK1597	SC_RNA	HKD	Male	88.0	B_Naive	554	Lymphoid
HK1585.SC|NK	HK1585.SC	HK1585	SC_RNA	Control	Female	69.0	NK	208	Lymphoid
HK1593.SC|Endo_Peritubular	HK1593.SC	HK1593	SC_RNA	HKD	Female	56.0	Endo_Peritubular	6	Endo
HK2923.SC|B_Naive	HK2923.SC	HK2923	SC_RNA	Control	Male	64.0	B_Naive	23	Lymphoid
HK2891.SC|Endo_GC	HK2891.SC	HK2891	SC_RNA	HKD	Female	74.0	Endo_GC	600	Endo
HK2891.SC|PT_S2	HK2891.SC	HK2891	SC_RNA	HKD	Female	74.0	PT_S2	221	PT
HK2923.SC|Endo_Peritubular	HK2923.SC	HK2923	SC_RNA	Control	Male	64.0	Endo_Peritubular	196	Endo
HK2891.SC|PT_S3	HK2891.SC	HK2891	SC_RNA	HKD	Female	74.0	PT_S3	408	PT
HK2893.SC|PT_S1	HK2893.SC	HK2893	SC_RNA	Control	Male	37.0	PT_S1	341	PT
HK2713.SC|iPT	HK2713.SC	HK2713	SC_RNA	Control	Female	33.0	iPT	159	PT
HK2867.SC|Endo_Peritubular	HK2867.SC	HK2867	SC_RNA	Control	Male	44.0	Endo_Peritubular	289	Endo
HK2891.SC|DCT1	HK2891.SC	HK2891	SC_RNA	HKD	Female	74.0	DCT1	43	DCT_CNT
HK2895.SC|Neutrophil	HK2895.SC	HK2895	SC_RNA	Control	Female	66.0	Neutrophil	79	Myeloid
HK2770.SC|Endo_GC	HK2770.SC	HK2770	SC_RNA	HKD	Male	68.0	Endo_GC	108	Endo
HK1634.SC|Mac	HK1634.SC	HK1634	SC_RNA	DKD	Male	67.0	Mac	202	Myeloid
HK1635_G.SC|PT_S1	HK1635_G.SC	HK1635	SC_RNA	DKD	Male	70.0	PT_S1	225	PT
HK1632.SC|CD14_Mono	HK1632.SC	HK1632	SC_RNA	DKD	Female	56.0	CD14_Mono	199	Myeloid
HK1664_T.SC|iPT	HK1664_T.SC	HK1664	SC_RNA	Control	Female	53.0	iPT	40	PT
HK1635_G.SC|Endo_GC	HK1635_G.SC	HK1635	SC_RNA	DKD	Male	70.0	Endo_GC	148	Endo
HK1635_G.SC|PT_S2	HK1635_G.SC	HK1635	SC_RNA	DKD	Male	70.0	PT_S2	76	PT
HK1770.SC|PT_S1	HK1770.SC	HK1770	SC_RNA	HKD	Male	82.0	PT_S1	660	PT
HK1770.SC|CD14_Mono	HK1770.SC	HK1770	SC_RNA	HKD	Male	82.0	CD14_Mono	145	Myeloid
HK1635_G.SC|PT_S3	HK1635_G.SC	HK1635	SC_RNA	DKD	Male	70.0	PT_S3	30	PT
HK1770.SC|PT_S2	HK1770.SC	HK1770	SC_RNA	HKD	Male	82.0	PT_S2	246	PT
HK1585.SC|DCT2	HK1585.SC	HK1585	SC_RNA	Control	Female	69.0	DCT2	139	DCT_CNT
HK1597.SC|PEC	HK1597.SC	HK1597	SC_RNA	HKD	Male	88.0	PEC	16	PEC
HK1597.SC|DCT2	HK1597.SC	HK1597	SC_RNA	HKD	Male	88.0	DCT2	238	DCT_CNT
HK1997.SC|PT_S1	HK1997.SC	HK1997	SC_RNA	Control	Male	71.0	PT_S1	323	PT
HK1634.SC|Ascending_Thin_LOH	HK1634.SC	HK1634	SC_RNA	DKD	Male	67.0	Ascending_Thin_LOH	14	ThinLimb
HK1997.SC|PT_S3	HK1997.SC	HK1997	SC_RNA	Control	Male	71.0	PT_S3	189	PT
HK1770.SC|PT_S3	HK1770.SC	HK1770	SC_RNA	HKD	Male	82.0	PT_S3	253	PT
HK1632.SC|Neutrophil	HK1632.SC	HK1632	SC_RNA	DKD	Female	56.0	Neutrophil	107	Myeloid
HK1650_T.SC|CD14_Mono	HK1650_T.SC	HK1650	SC_RNA	HKD	Female	77.0	CD14_Mono	201	Myeloid
HK1650_G.SC|B_Naive	HK1650_G.SC	HK1650	SC_RNA	HKD	Female	77.0	B_Naive	49	Lymphoid
HK1650_T.SC|B_Naive	HK1650_T.SC	HK1650	SC_RNA	HKD	Female	77.0	B_Naive	47	Lymphoid
HK1635_T.SC|CD4T	HK1635_T.SC	HK1635	SC_RNA	DKD	Male	70.0	CD4T	66	Lymphoid
HK1770.SC|B_memory	HK1770.SC	HK1770	SC_RNA	HKD	Male	82.0	B_memory	83	Lymphoid
HK1594.SC|IC_A	HK1594.SC	HK1594	SC_RNA	HKD	Male	60.0	IC_A	312	IC
HK1593.SC|B_Naive	HK1593.SC	HK1593	SC_RNA	HKD	Female	56.0	B_Naive	22	Lymphoid
HK1585.SC|Endo_GC	HK1585.SC	HK1585	SC_RNA	Control	Female	69.0	Endo_GC	83	Endo
HK1585.SC|CD14_Mono	HK1585.SC	HK1585	SC_RNA	Control	Female	69.0	CD14_Mono	217	Myeloid
HK1634.SC|CNT	HK1634.SC	HK1634	SC_RNA	DKD	Male	67.0	CNT	12	DCT_CNT
HK1770.SC|iPT	HK1770.SC	HK1770	SC_RNA	HKD	Male	82.0	iPT	91	PT
HK1594.SC|CD4T	HK1594.SC	HK1594	SC_RNA	HKD	Male	60.0	CD4T	265	Lymphoid
HK1632.SC|B_Naive	HK1632.SC	HK1632	SC_RNA	DKD	Female	56.0	B_Naive	74	Lymphoid
HK1597.SC|Neutrophil	HK1597.SC	HK1597	SC_RNA	HKD	Male	88.0	Neutrophil	151	Myeloid
HK1593.SC|PT_S3	HK1593.SC	HK1593	SC_RNA	HKD	Female	56.0	PT_S3	3	PT
HK1650_G.SC|Mac	HK1650_G.SC	HK1650	SC_RNA	HKD	Female	77.0	Mac	84	Myeloid
HK1634.SC|Endo_Peritubular	HK1634.SC	HK1634	SC_RNA	DKD	Male	67.0	Endo_Peritubular	199	Endo
HK1632.SC|Macula_Densa	HK1632.SC	HK1632	SC_RNA	DKD	Female	56.0	Macula_Densa	105	TAL
HK1664_G.SC|PT_S2	HK1664_G.SC	HK1664	SC_RNA	Control	Female	53.0	PT_S2	92	PT
HK1997.SC|iPT	HK1997.SC	HK1997	SC_RNA	Control	Male	71.0	iPT	92	PT
HK1584.SC|Neutrophil	HK1584.SC	HK1584	SC_RNA	DKD	Female	59.0	Neutrophil	2	Myeloid
HK1650_G.SC|PT_S1	HK1650_G.SC	HK1650	SC_RNA	HKD	Female	77.0	PT_S1	162	PT
HK1650_T.SC|PT_S1	HK1650_T.SC	HK1650	SC_RNA	HKD	Female	77.0	PT_S1	132	PT
HK1588.SC|C_TAL	HK1588.SC	HK1588	SC_RNA	Control	Female	57.0	C_TAL	5	TAL
HK2833.SC|PT_S1	HK2833.SC	HK2833	SC_RNA	Control	Male	72.0	PT_S1	354	PT
HK2833.SC|C_TAL	HK2833.SC	HK2833	SC_RNA	Control	Male	72.0	C_TAL	123	TAL
HK2896.SC|CD16_Mono	HK2896.SC	HK2896	SC_RNA	Control	Male	60.0	CD16_Mono	19	Myeloid
HK2923.SC|IC_A	HK2923.SC	HK2923	SC_RNA	Control	Male	64.0	IC_A	218	IC
HK2891.SC|IC_A	HK2891.SC	HK2891	SC_RNA	HKD	Female	74.0	IC_A	211	IC
HK2923.SC|M_TAL	HK2923.SC	HK2923	SC_RNA	Control	Male	64.0	M_TAL	41	TAL
HK2895.SC|CD4T	HK2895.SC	HK2895	SC_RNA	Control	Female	66.0	CD4T	98	Lymphoid
HK2895.SC|CD8T	HK2895.SC	HK2895	SC_RNA	Control	Female	66.0	CD8T	115	Lymphoid
HK2896.SC|Endo_Peritubular	HK2896.SC	HK2896	SC_RNA	Control	Male	60.0	Endo_Peritubular	128	Endo
HK2770.SC|NK	HK2770.SC	HK2770	SC_RNA	HKD	Male	68.0	NK	148	Lymphoid
HK2896.SC|CD8T	HK2896.SC	HK2896	SC_RNA	Control	Male	60.0	CD8T	80	Lymphoid
HK2896.SC|Mac	HK2896.SC	HK2896	SC_RNA	Control	Male	60.0	Mac	33	Myeloid
HK2774.SC|Mac	HK2774.SC	HK2774	SC_RNA	HKD	Male	84.0	Mac	290	Myeloid
HK2924.SC|PT_S3	HK2924.SC	HK2924	SC_RNA	Control	Male	67.0	PT_S3	108	PT
HK2899.SC|C_TAL	HK2899.SC	HK2899	SC_RNA	Control	Male	39.0	C_TAL	57	TAL
HK2774.SC|GS_Stromal	HK2774.SC	HK2774	SC_RNA	HKD	Male	84.0	GS_Stromal	118	Stroma
HK2774.SC|Neural_Cells	HK2774.SC	HK2774	SC_RNA	HKD	Male	84.0	Neural_Cells	42	Other
HK2770.SC|Neutrophil	HK2770.SC	HK2770	SC_RNA	HKD	Male	68.0	Neutrophil	232	Myeloid
HK2895.SC|RBC	HK2895.SC	HK2895	SC_RNA	Control	Female	66.0	RBC	4	Other
HK2867.SC|DCT1	HK2867.SC	HK2867	SC_RNA	Control	Male	44.0	DCT1	13	DCT_CNT
HK2774.SC|PC	HK2774.SC	HK2774	SC_RNA	HKD	Male	84.0	PC	7	PC
HK2867.SC|CD4T	HK2867.SC	HK2867	SC_RNA	Control	Male	44.0	CD4T	77	Lymphoid
HK2896.SC|Podo	HK2896.SC	HK2896	SC_RNA	Control	Male	60.0	Podo	14	Podo
HK2662.SC|pDC	HK2662.SC	HK2662	SC_RNA	Control	Female	72.0	pDC	15	Myeloid
HK2867.SC|IC_A	HK2867.SC	HK2867	SC_RNA	Control	Male	44.0	IC_A	85	IC
HK2774.SC|B_memory	HK2774.SC	HK2774	SC_RNA	HKD	Male	84.0	B_memory	65	Lymphoid
HK2896.SC|CNT	HK2896.SC	HK2896	SC_RNA	Control	Male	60.0	CNT	22	DCT_CNT
HK1664_G.SC|Mac	HK1664_G.SC	HK1664	SC_RNA	Control	Female	53.0	Mac	20	Myeloid
HK1664_G.SC|B_Naive	HK1664_G.SC	HK1664	SC_RNA	Control	Female	53.0	B_Naive	37	Lymphoid
HK1593.SC|CD8T	HK1593.SC	HK1593	SC_RNA	HKD	Female	56.0	CD8T	565	Lymphoid
HK1650_G.SC|pDC	HK1650_G.SC	HK1650	SC_RNA	HKD	Female	77.0	pDC	13	Myeloid
HK1997.SC|PT_S2	HK1997.SC	HK1997	SC_RNA	Control	Male	71.0	PT_S2	119	PT
HK1594.SC|PT_S1	HK1594.SC	HK1594	SC_RNA	HKD	Male	60.0	PT_S1	90	PT
HK1594.SC|NK	HK1594.SC	HK1594	SC_RNA	HKD	Male	60.0	NK	238	Lymphoid
HK1597.SC|Endo_Peritubular	HK1597.SC	HK1597	SC_RNA	HKD	Male	88.0	Endo_Peritubular	89	Endo
HK1594.SC|Endo_Peritubular	HK1594.SC	HK1594	SC_RNA	HKD	Male	60.0	Endo_Peritubular	40	Endo
HK1632.SC|Podo	HK1632.SC	HK1632	SC_RNA	DKD	Female	56.0	Podo	8	Podo
HK1634.SC|PT_S1	HK1634.SC	HK1634	SC_RNA	DKD	Male	67.0	PT_S1	47	PT
HK1594.SC|B_Naive	HK1594.SC	HK1594	SC_RNA	HKD	Male	60.0	B_Naive	35	Lymphoid
HK1597.SC|PT_S3	HK1597.SC	HK1597	SC_RNA	HKD	Male	88.0	PT_S3	84	PT
HK1664_T.SC|NK	HK1664_T.SC	HK1664	SC_RNA	Control	Female	53.0	NK	307	Lymphoid
HK1594.SC|PT_S3	HK1594.SC	HK1594	SC_RNA	HKD	Male	60.0	PT_S3	35	PT
HK1770.SC|DCT2	HK1770.SC	HK1770	SC_RNA	HKD	Male	82.0	DCT2	99	DCT_CNT
HK2833.SC|Des-Thin_Limb	HK2833.SC	HK2833	SC_RNA	Control	Male	72.0	Des-Thin_Limb	90	ThinLimb
HK2896.SC|B_memory	HK2896.SC	HK2896	SC_RNA	Control	Male	60.0	B_memory	21	Lymphoid
HK2774.SC|Fibroblast_2	HK2774.SC	HK2774	SC_RNA	HKD	Male	84.0	Fibroblast_2	60	Stroma
HK2923.SC|Neutrophil	HK2923.SC	HK2923	SC_RNA	Control	Male	64.0	Neutrophil	38	Myeloid
HK2899.SC|CNT	HK2899.SC	HK2899	SC_RNA	Control	Male	39.0	CNT	27	DCT_CNT
HK2833.SC|Neutrophil	HK2833.SC	HK2833	SC_RNA	Control	Male	72.0	Neutrophil	23	Myeloid
HK2833.SC|CD8T	HK2833.SC	HK2833	SC_RNA	Control	Male	72.0	CD8T	58	Lymphoid
HK2713.SC|PC	HK2713.SC	HK2713	SC_RNA	Control	Female	33.0	PC	74	PC
HK2895.SC|Macula_Densa	HK2895.SC	HK2895	SC_RNA	Control	Female	66.0	Macula_Densa	9	TAL
HK2833.SC|GS_Stromal	HK2833.SC	HK2833	SC_RNA	Control	Male	72.0	GS_Stromal	19	Stroma
HK2662.SC|iPT	HK2662.SC	HK2662	SC_RNA	Control	Female	72.0	iPT	27	PT
HK2924.SC|CD4T	HK2924.SC	HK2924	SC_RNA	Control	Male	67.0	CD4T	105	Lymphoid
HK2891.SC|Neutrophil	HK2891.SC	HK2891	SC_RNA	HKD	Female	74.0	Neutrophil	169	Myeloid
HK2893.SC|IC_A	HK2893.SC	HK2893	SC_RNA	Control	Male	37.0	IC_A	66	IC
HK1664_G.SC|CD4T	HK1664_G.SC	HK1664	SC_RNA	Control	Female	53.0	CD4T	209	Lymphoid
HK1594.SC|Endo_GC	HK1594.SC	HK1594	SC_RNA	HKD	Male	60.0	Endo_GC	109	Endo
HK1997.SC|Des-Thin_Limb	HK1997.SC	HK1997	SC_RNA	Control	Male	71.0	Des-Thin_Limb	49	ThinLimb
HK1632.SC|PT_S3	HK1632.SC	HK1632	SC_RNA	DKD	Female	56.0	PT_S3	22	PT
HK1997.SC|Endo_Peritubular	HK1997.SC	HK1997	SC_RNA	Control	Male	71.0	Endo_Peritubular	177	Endo
HK1584.SC|IC_A	HK1584.SC	HK1584	SC_RNA	DKD	Female	59.0	IC_A	88	IC
HK1650_G.SC|PT_S2	HK1650_G.SC	HK1650	SC_RNA	HKD	Female	77.0	PT_S2	207	PT
HK1650_T.SC|PT_S2	HK1650_T.SC	HK1650	SC_RNA	HKD	Female	77.0	PT_S2	180	PT
HK1632.SC|Endo_Peritubular	HK1632.SC	HK1632	SC_RNA	DKD	Female	56.0	Endo_Peritubular	106	Endo
HK1664_T.SC|B_Naive	HK1664_T.SC	HK1664	SC_RNA	Control	Female	53.0	B_Naive	29	Lymphoid
HK1597.SC|Endo_GC	HK1597.SC	HK1597	SC_RNA	HKD	Male	88.0	Endo_GC	156	Endo
HK1997.SC|GS_Stromal	HK1997.SC	HK1997	SC_RNA	Control	Male	71.0	GS_Stromal	21	Stroma
HK2713.SC|C_TAL	HK2713.SC	HK2713	SC_RNA	Control	Female	33.0	C_TAL	91	TAL
HK2895.SC|DCT1	HK2895.SC	HK2895	SC_RNA	Control	Female	66.0	DCT1	22	DCT_CNT
HK2891.SC|M_TAL	HK2891.SC	HK2891	SC_RNA	HKD	Female	74.0	M_TAL	295	TAL
HK2867.SC|CD8T	HK2867.SC	HK2867	SC_RNA	Control	Male	44.0	CD8T	256	Lymphoid
HK2833.SC|IC_A	HK2833.SC	HK2833	SC_RNA	Control	Male	72.0	IC_A	121	IC
HK2891.SC|PC	HK2891.SC	HK2891	SC_RNA	HKD	Female	74.0	PC	194	PC
HK2891.SC|Des-Thin_Limb	HK2891.SC	HK2891	SC_RNA	HKD	Female	74.0	Des-Thin_Limb	69	ThinLimb
HK2923.SC|CD16_Mono	HK2923.SC	HK2923	SC_RNA	Control	Male	64.0	CD16_Mono	31	Myeloid
HK2924.SC|NK	HK2924.SC	HK2924	SC_RNA	Control	Male	67.0	NK	115	Lymphoid
HK2924.SC|Endo_Peritubular	HK2924.SC	HK2924	SC_RNA	Control	Male	67.0	Endo_Peritubular	100	Endo
HK2867.SC|PT_S2	HK2867.SC	HK2867	SC_RNA	Control	Male	44.0	PT_S2	106	PT
HK2770.SC|C_TAL	HK2770.SC	HK2770	SC_RNA	HKD	Male	68.0	C_TAL	141	TAL
HK2833.SC|M_TAL	HK2833.SC	HK2833	SC_RNA	Control	Male	72.0	M_TAL	42	TAL
HK2770.SC|M_TAL	HK2770.SC	HK2770	SC_RNA	HKD	Male	68.0	M_TAL	42	TAL
HK2923.SC|NK	HK2923.SC	HK2923	SC_RNA	Control	Male	64.0	NK	54	Lymphoid
HK2713.SC|IC_B	HK2713.SC	HK2713	SC_RNA	Control	Female	33.0	IC_B	24	IC
HK2891.SC|Fibroblast_1	HK2891.SC	HK2891	SC_RNA	HKD	Female	74.0	Fibroblast_1	105	Stroma
HK2774.SC|MyoFib/VSMC	HK2774.SC	HK2774	SC_RNA	HKD	Male	84.0	MyoFib/VSMC	71	Stroma
HK2774.SC|Plasma_Cells	HK2774.SC	HK2774	SC_RNA	HKD	Male	84.0	Plasma_Cells	225	Lymphoid
HK2833.SC|PT_S3	HK2833.SC	HK2833	SC_RNA	Control	Male	72.0	PT_S3	40	PT
HK2924.SC|Des-Thin_Limb	HK2924.SC	HK2924	SC_RNA	Control	Male	67.0	Des-Thin_Limb	20	ThinLimb
HK2891.SC|iPT	HK2891.SC	HK2891	SC_RNA	HKD	Female	74.0	iPT	117	PT
HK2833.SC|Endo_GC	HK2833.SC	HK2833	SC_RNA	Control	Male	72.0	Endo_GC	18	Endo
HK2891.SC|CNT	HK2891.SC	HK2891	SC_RNA	HKD	Female	74.0	CNT	58	DCT_CNT
HK2662.SC|Fibroblast_1	HK2662.SC	HK2662	SC_RNA	Control	Female	72.0	Fibroblast_1	40	Stroma
HK2770.SC|CD4T	HK2770.SC	HK2770	SC_RNA	HKD	Male	68.0	CD4T	333	Lymphoid
HK2891.SC|Macula_Densa	HK2891.SC	HK2891	SC_RNA	HKD	Female	74.0	Macula_Densa	68	TAL
HK2896.SC|C_TAL	HK2896.SC	HK2896	SC_RNA	Control	Male	60.0	C_TAL	23	TAL
HK1635_G.SC|Des-Thin_Limb	HK1635_G.SC	HK1635	SC_RNA	DKD	Male	70.0	Des-Thin_Limb	4	ThinLimb
HK1664_G.SC|PT_S3	HK1664_G.SC	HK1664	SC_RNA	Control	Female	53.0	PT_S3	151	PT
HK1585.SC|PC	HK1585.SC	HK1585	SC_RNA	Control	Female	69.0	PC	126	PC
HK1650_T.SC|Mac	HK1650_T.SC	HK1650	SC_RNA	HKD	Female	77.0	Mac	29	Myeloid
HK1770.SC|Neural_Cells	HK1770.SC	HK1770	SC_RNA	HKD	Male	82.0	Neural_Cells	34	Other
HK1597.SC|CD14_Mono	HK1597.SC	HK1597	SC_RNA	HKD	Male	88.0	CD14_Mono	109	Myeloid
HK2867.SC|NK	HK2867.SC	HK2867	SC_RNA	Control	Male	44.0	NK	89	Lymphoid
HK2893.SC|NK	HK2893.SC	HK2893	SC_RNA	Control	Male	37.0	NK	39	Lymphoid
HK2833.SC|CD4T	HK2833.SC	HK2833	SC_RNA	Control	Male	72.0	CD4T	39	Lymphoid
HK2867.SC|C_TAL	HK2867.SC	HK2867	SC_RNA	Control	Male	44.0	C_TAL	22	TAL
HK2891.SC|Baso/Mast	HK2891.SC	HK2891	SC_RNA	HKD	Female	74.0	Baso/Mast	116	Myeloid
HK2891.SC|B_memory	HK2891.SC	HK2891	SC_RNA	HKD	Female	74.0	B_memory	16	Lymphoid
HK2770.SC|B_Naive	HK2770.SC	HK2770	SC_RNA	HKD	Male	68.0	B_Naive	8	Lymphoid
HK2770.SC|Mac	HK2770.SC	HK2770	SC_RNA	HKD	Male	68.0	Mac	25	Myeloid
HK2713.SC|Des-Thin_Limb	HK2713.SC	HK2713	SC_RNA	Control	Female	33.0	Des-Thin_Limb	20	ThinLimb
HK2891.SC|Podo	HK2891.SC	HK2891	SC_RNA	HKD	Female	74.0	Podo	11	Podo
HK2896.SC|CD4T	HK2896.SC	HK2896	SC_RNA	Control	Male	60.0	CD4T	87	Lymphoid
HK1997.SC|pDC	HK1997.SC	HK1997	SC_RNA	Control	Male	71.0	pDC	12	Myeloid
HK1588.SC|Neural_Cells	HK1588.SC	HK1588	SC_RNA	Control	Female	57.0	Neural_Cells	8	Other
HK1594.SC|M_TAL	HK1594.SC	HK1594	SC_RNA	HKD	Male	60.0	M_TAL	4	TAL
HK1650_G.SC|CD14_Mono	HK1650_G.SC	HK1650	SC_RNA	HKD	Female	77.0	CD14_Mono	166	Myeloid
HK1634.SC|cDC	HK1634.SC	HK1634	SC_RNA	DKD	Male	67.0	cDC	20	Myeloid
HK1597.SC|C_TAL	HK1597.SC	HK1597	SC_RNA	HKD	Male	88.0	C_TAL	78	TAL
HK1584.SC|DCT2	HK1584.SC	HK1584	SC_RNA	DKD	Female	59.0	DCT2	39	DCT_CNT
HK1650_G.SC|Fibroblast_2	HK1650_G.SC	HK1650	SC_RNA	HKD	Female	77.0	Fibroblast_2	132	Stroma
HK2833.SC|iPT	HK2833.SC	HK2833	SC_RNA	Control	Male	72.0	iPT	41	PT
HK1632.SC|NK	HK1632.SC	HK1632	SC_RNA	DKD	Female	56.0	NK	148	Lymphoid
HK2713.SC|CNT	HK2713.SC	HK2713	SC_RNA	Control	Female	33.0	CNT	87	DCT_CNT
HK1584.SC|Prolif_Lym	HK1584.SC	HK1584	SC_RNA	DKD	Female	59.0	Prolif_Lym	19	Lymphoid
HK1597.SC|PT_S2	HK1597.SC	HK1597	SC_RNA	HKD	Male	88.0	PT_S2	129	PT
HK1632.SC|PT_S2	HK1632.SC	HK1632	SC_RNA	DKD	Female	56.0	PT_S2	64	PT
HK1584.SC|DCT1	HK1584.SC	HK1584	SC_RNA	DKD	Female	59.0	DCT1	40	DCT_CNT
HK2895.SC|Mac	HK2895.SC	HK2895	SC_RNA	Control	Female	66.0	Mac	75	Myeloid
HK2923.SC|Podo	HK2923.SC	HK2923	SC_RNA	Control	Male	64.0	Podo	10	Podo
HK2713.SC|Endo_GC	HK2713.SC	HK2713	SC_RNA	Control	Female	33.0	Endo_GC	17	Endo
HK2662.SC|NK	HK2662.SC	HK2662	SC_RNA	Control	Female	72.0	NK	105	Lymphoid
HK2895.SC|Des-Thin_Limb	HK2895.SC	HK2895	SC_RNA	Control	Female	66.0	Des-Thin_Limb	55	ThinLimb
HK2774.SC|B_Naive	HK2774.SC	HK2774	SC_RNA	HKD	Male	84.0	B_Naive	81	Lymphoid
HK1635_T.SC|NK	HK1635_T.SC	HK1635	SC_RNA	DKD	Male	70.0	NK	84	Lymphoid
HK1664_G.SC|PT_S1	HK1664_G.SC	HK1664	SC_RNA	Control	Female	53.0	PT_S1	161	PT
HK1635_T.SC|CD14_Mono	HK1635_T.SC	HK1635	SC_RNA	DKD	Male	70.0	CD14_Mono	2	Myeloid
HK1593.SC|MyoFib/VSMC	HK1593.SC	HK1593	SC_RNA	HKD	Female	56.0	MyoFib/VSMC	7	Stroma
HK1664_T.SC|IC_A	HK1664_T.SC	HK1664	SC_RNA	Control	Female	53.0	IC_A	23	IC
HK1664_G.SC|Neutrophil	HK1664_G.SC	HK1664	SC_RNA	Control	Female	53.0	Neutrophil	94	Myeloid
HK1593.SC|CD16_Mono	HK1593.SC	HK1593	SC_RNA	HKD	Female	56.0	CD16_Mono	136	Myeloid
HK1597.SC|Des-Thin_Limb	HK1597.SC	HK1597	SC_RNA	HKD	Male	88.0	Des-Thin_Limb	23	ThinLimb
HK1585.SC|CNT	HK1585.SC	HK1585	SC_RNA	Control	Female	69.0	CNT	112	DCT_CNT
HK1664_T.SC|M_TAL	HK1664_T.SC	HK1664	SC_RNA	Control	Female	53.0	M_TAL	18	TAL
HK2895.SC|CNT	HK2895.SC	HK2895	SC_RNA	Control	Female	66.0	CNT	18	DCT_CNT
HK2923.SC|Mac	HK2923.SC	HK2923	SC_RNA	Control	Male	64.0	Mac	102	Myeloid
HK2893.SC|CNT	HK2893.SC	HK2893	SC_RNA	Control	Male	37.0	CNT	11	DCT_CNT
HK2774.SC|pDC	HK2774.SC	HK2774	SC_RNA	HKD	Male	84.0	pDC	42	Myeloid
HK2770.SC|Fibroblast_1	HK2770.SC	HK2770	SC_RNA	HKD	Male	68.0	Fibroblast_1	20	Stroma
HK2923.SC|DCT1	HK2923.SC	HK2923	SC_RNA	Control	Male	64.0	DCT1	58	DCT_CNT
HK2896.SC|DCT1	HK2896.SC	HK2896	SC_RNA	Control	Male	60.0	DCT1	9	DCT_CNT
HK2893.SC|Des-Thin_Limb	HK2893.SC	HK2893	SC_RNA	Control	Male	37.0	Des-Thin_Limb	12	ThinLimb
HK2893.SC|PT_S3	HK2893.SC	HK2893	SC_RNA	Control	Male	37.0	PT_S3	59	PT
HK2770.SC|B_memory	HK2770.SC	HK2770	SC_RNA	HKD	Male	68.0	B_memory	10	Lymphoid
HK2923.SC|DCT2	HK2923.SC	HK2923	SC_RNA	Control	Male	64.0	DCT2	30	DCT_CNT
HK2770.SC|RBC	HK2770.SC	HK2770	SC_RNA	HKD	Male	68.0	RBC	71	Other
HK2891.SC|Ascending_Thin_LOH	HK2891.SC	HK2891	SC_RNA	HKD	Female	74.0	Ascending_Thin_LOH	122	ThinLimb
HK2774.SC|CNT	HK2774.SC	HK2774	SC_RNA	HKD	Male	84.0	CNT	23	DCT_CNT
HK2891.SC|CD14_Mono	HK2891.SC	HK2891	SC_RNA	HKD	Female	74.0	CD14_Mono	24	Myeloid
HK2923.SC|CD4T	HK2923.SC	HK2923	SC_RNA	Control	Male	64.0	CD4T	36	Lymphoid
HK1597.SC|Mac	HK1597.SC	HK1597	SC_RNA	HKD	Male	88.0	Mac	247	Myeloid
HK1597.SC|Macula_Densa	HK1597.SC	HK1597	SC_RNA	HKD	Male	88.0	Macula_Densa	69	TAL
HK1594.SC|DCT1	HK1594.SC	HK1594	SC_RNA	HKD	Male	60.0	DCT1	56	DCT_CNT
HK1770.SC|Endo_Peritubular	HK1770.SC	HK1770	SC_RNA	HKD	Male	82.0	Endo_Peritubular	192	Endo
HK1634.SC|Fibroblast_1	HK1634.SC	HK1634	SC_RNA	DKD	Male	67.0	Fibroblast_1	32	Stroma
HK1588.SC|M_TAL	HK1588.SC	HK1588	SC_RNA	Control	Female	57.0	M_TAL	6	TAL
HK1650_T.SC|GS_Stromal	HK1650_T.SC	HK1650	SC_RNA	HKD	Female	77.0	GS_Stromal	39	Stroma
HK1632.SC|iPT	HK1632.SC	HK1632	SC_RNA	DKD	Female	56.0	iPT	25	PT
HK1997.SC|CD14_Mono	HK1997.SC	HK1997	SC_RNA	Control	Male	71.0	CD14_Mono	74	Myeloid
HK1635_G.SC|M_TAL	HK1635_G.SC	HK1635	SC_RNA	DKD	Male	70.0	M_TAL	23	TAL
HK1588.SC|Endo_GC	HK1588.SC	HK1588	SC_RNA	Control	Female	57.0	Endo_GC	31	Endo
HK1650_G.SC|Des-Thin_Limb	HK1650_G.SC	HK1650	SC_RNA	HKD	Female	77.0	Des-Thin_Limb	14	ThinLimb
HK1650_T.SC|Des-Thin_Limb	HK1650_T.SC	HK1650	SC_RNA	HKD	Female	77.0	Des-Thin_Limb	8	ThinLimb
HK1650_G.SC|IC_A	HK1650_G.SC	HK1650	SC_RNA	HKD	Female	77.0	IC_A	11	IC
HK1650_T.SC|IC_A	HK1650_T.SC	HK1650	SC_RNA	HKD	Female	77.0	IC_A	5	IC
HK1588.SC|DCT2	HK1588.SC	HK1588	SC_RNA	Control	Female	57.0	DCT2	61	DCT_CNT
HK1997.SC|Baso/Mast	HK1997.SC	HK1997	SC_RNA	Control	Male	71.0	Baso/Mast	41	Myeloid
HK1770.SC|Baso/Mast	HK1770.SC	HK1770	SC_RNA	HKD	Male	82.0	Baso/Mast	45	Myeloid
HK1632.SC|pDC	HK1632.SC	HK1632	SC_RNA	DKD	Female	56.0	pDC	5	Myeloid
HK1997.SC|Neural_Cells	HK1997.SC	HK1997	SC_RNA	Control	Male	71.0	Neural_Cells	40	Other
HK1597.SC|IC_B	HK1597.SC	HK1597	SC_RNA	HKD	Male	88.0	IC_B	57	IC
HK1664_T.SC|CNT	HK1664_T.SC	HK1664	SC_RNA	Control	Female	53.0	CNT	13	DCT_CNT
HK1597.SC|CNT	HK1597.SC	HK1597	SC_RNA	HKD	Male	88.0	CNT	202	DCT_CNT
HK2713.SC|DCT2	HK2713.SC	HK2713	SC_RNA	Control	Female	33.0	DCT2	55	DCT_CNT
HK2896.SC|Neutrophil	HK2896.SC	HK2896	SC_RNA	Control	Male	60.0	Neutrophil	62	Myeloid
HK2891.SC|B_Naive	HK2891.SC	HK2891	SC_RNA	HKD	Female	74.0	B_Naive	25	Lymphoid
HK2867.SC|IC_B	HK2867.SC	HK2867	SC_RNA	Control	Male	44.0	IC_B	6	IC
HK2833.SC|CNT	HK2833.SC	HK2833	SC_RNA	Control	Male	72.0	CNT	19	DCT_CNT
HK1650_G.SC|RBC	HK1650_G.SC	HK1650	SC_RNA	HKD	Female	77.0	RBC	6	Other
HK1650_T.SC|RBC	HK1650_T.SC	HK1650	SC_RNA	HKD	Female	77.0	RBC	6	Other
HK1594.SC|IC_B	HK1594.SC	HK1594	SC_RNA	HKD	Male	60.0	IC_B	1	IC
HK1593.SC|IC_B	HK1593.SC	HK1593	SC_RNA	HKD	Female	56.0	IC_B	10	IC
HK1588.SC|PC	HK1588.SC	HK1588	SC_RNA	Control	Female	57.0	PC	2	PC
HK1650_G.SC|iPT	HK1650_G.SC	HK1650	SC_RNA	HKD	Female	77.0	iPT	13	PT
HK1650_T.SC|iPT	HK1650_T.SC	HK1650	SC_RNA	HKD	Female	77.0	iPT	7	PT
HK2924.SC|Neutrophil	HK2924.SC	HK2924	SC_RNA	Control	Male	67.0	Neutrophil	94	Myeloid
HK2713.SC|Macula_Densa	HK2713.SC	HK2713	SC_RNA	Control	Female	33.0	Macula_Densa	23	TAL
HK1997.SC|PC	HK1997.SC	HK1997	SC_RNA	Control	Male	71.0	PC	19	PC
HK1770.SC|PC	HK1770.SC	HK1770	SC_RNA	HKD	Male	82.0	PC	17	PC
HK1593.SC|CD14_Mono	HK1593.SC	HK1593	SC_RNA	HKD	Female	56.0	CD14_Mono	28	Myeloid
HK1632.SC|PT_S1	HK1632.SC	HK1632	SC_RNA	DKD	Female	56.0	PT_S1	61	PT
HK1593.SC|Neutrophil	HK1593.SC	HK1593	SC_RNA	HKD	Female	56.0	Neutrophil	19	Myeloid
HK2770.SC|CNT	HK2770.SC	HK2770	SC_RNA	HKD	Male	68.0	CNT	6	DCT_CNT
HK2662.SC|C_TAL	HK2662.SC	HK2662	SC_RNA	Control	Female	72.0	C_TAL	37	TAL
HK2899.SC|Endo_GC	HK2899.SC	HK2899	SC_RNA	Control	Male	39.0	Endo_GC	16	Endo
HK2923.SC|C_TAL	HK2923.SC	HK2923	SC_RNA	Control	Male	64.0	C_TAL	170	TAL
HK2662.SC|Prolif_Lym	HK2662.SC	HK2662	SC_RNA	Control	Female	72.0	Prolif_Lym	4	Lymphoid
HK2896.SC|iPT	HK2896.SC	HK2896	SC_RNA	Control	Male	60.0	iPT	26	PT
HK2867.SC|Neutrophil	HK2867.SC	HK2867	SC_RNA	Control	Male	44.0	Neutrophil	29	Myeloid
HK2895.SC|Endo_GC	HK2895.SC	HK2895	SC_RNA	Control	Female	66.0	Endo_GC	141	Endo
HK2891.SC|IC_B	HK2891.SC	HK2891	SC_RNA	HKD	Female	74.0	IC_B	68	IC
HK1997.SC|M_TAL	HK1997.SC	HK1997	SC_RNA	Control	Male	71.0	M_TAL	23	TAL
HK1997.SC|Macula_Densa	HK1997.SC	HK1997	SC_RNA	Control	Male	71.0	Macula_Densa	16	TAL
HK1664_T.SC|Ascending_Thin_LOH	HK1664_T.SC	HK1664	SC_RNA	Control	Female	53.0	Ascending_Thin_LOH	2	ThinLimb
HK1650_G.SC|GS_Stromal	HK1650_G.SC	HK1650	SC_RNA	HKD	Female	77.0	GS_Stromal	54	Stroma
HK2895.SC|NK	HK2895.SC	HK2895	SC_RNA	Control	Female	66.0	NK	19	Lymphoid
HK2924.SC|Mac	HK2924.SC	HK2924	SC_RNA	Control	Male	67.0	Mac	31	Myeloid
HK2713.SC|DCT1	HK2713.SC	HK2713	SC_RNA	Control	Female	33.0	DCT1	105	DCT_CNT
HK1584.SC|Mac	HK1584.SC	HK1584	SC_RNA	DKD	Female	59.0	Mac	14	Myeloid
HK1650_G.SC|Neural_Cells	HK1650_G.SC	HK1650	SC_RNA	HKD	Female	77.0	Neural_Cells	6	Other
HK1650_T.SC|Neural_Cells	HK1650_T.SC	HK1650	SC_RNA	HKD	Female	77.0	Neural_Cells	6	Other
HK1635_G.SC|CD14_Mono	HK1635_G.SC	HK1635	SC_RNA	DKD	Male	70.0	CD14_Mono	9	Myeloid
HK1634.SC|Macula_Densa	HK1634.SC	HK1634	SC_RNA	DKD	Male	67.0	Macula_Densa	14	TAL
HK2891.SC|RBC	HK2891.SC	HK2891	SC_RNA	HKD	Female	74.0	RBC	11	Other
HK2895.SC|DCT2	HK2895.SC	HK2895	SC_RNA	Control	Female	66.0	DCT2	19	DCT_CNT
HK2924.SC|RBC	HK2924.SC	HK2924	SC_RNA	Control	Male	67.0	RBC	3	Other
HK2891.SC|pDC	HK2891.SC	HK2891	SC_RNA	HKD	Female	74.0	pDC	17	Myeloid
HK2662.SC|Macula_Densa	HK2662.SC	HK2662	SC_RNA	Control	Female	72.0	Macula_Densa	27	TAL
HK1597.SC|NK	HK1597.SC	HK1597	SC_RNA	HKD	Male	88.0	NK	63	Lymphoid
HK1650_G.SC|M_TAL	HK1650_G.SC	HK1650	SC_RNA	HKD	Female	77.0	M_TAL	12	TAL
HK1650_T.SC|M_TAL	HK1650_T.SC	HK1650	SC_RNA	HKD	Female	77.0	M_TAL	9	TAL
HK1997.SC|Ascending_Thin_LOH	HK1997.SC	HK1997	SC_RNA	Control	Male	71.0	Ascending_Thin_LOH	33	ThinLimb
HK1770.SC|Ascending_Thin_LOH	HK1770.SC	HK1770	SC_RNA	HKD	Male	82.0	Ascending_Thin_LOH	21	ThinLimb
HK1634.SC|PEC	HK1634.SC	HK1634	SC_RNA	DKD	Male	67.0	PEC	2	PEC
HK1650_G.SC|CNT	HK1650_G.SC	HK1650	SC_RNA	HKD	Female	77.0	CNT	23	DCT_CNT
HK2662.SC|CNT	HK2662.SC	HK2662	SC_RNA	Control	Female	72.0	CNT	5	DCT_CNT
HK2893.SC|IC_B	HK2893.SC	HK2893	SC_RNA	Control	Male	37.0	IC_B	2	IC
HK2924.SC|PC	HK2924.SC	HK2924	SC_RNA	Control	Male	67.0	PC	37	PC
HK1585.SC|Endo_Peritubular	HK1585.SC	HK1585	SC_RNA	Control	Female	69.0	Endo_Peritubular	28	Endo
HK1593.SC|Endo_GC	HK1593.SC	HK1593	SC_RNA	HKD	Female	56.0	Endo_GC	46	Endo
HK2895.SC|Podo	HK2895.SC	HK2895	SC_RNA	Control	Female	66.0	Podo	20	Podo
HK1664_T.SC|cDC	HK1664_T.SC	HK1664	SC_RNA	Control	Female	53.0	cDC	5	Myeloid
HK2833.SC|DCT1	HK2833.SC	HK2833	SC_RNA	Control	Male	72.0	DCT1	7	DCT_CNT
HK2774.SC|Baso/Mast	HK2774.SC	HK2774	SC_RNA	HKD	Male	84.0	Baso/Mast	23	Myeloid
HK2774.SC|IC_A	HK2774.SC	HK2774	SC_RNA	HKD	Male	84.0	IC_A	7	IC
HK2896.SC|NK	HK2896.SC	HK2896	SC_RNA	Control	Male	60.0	NK	34	Lymphoid
HK2891.SC|DCT2	HK2891.SC	HK2891	SC_RNA	HKD	Female	74.0	DCT2	37	DCT_CNT
HK2833.SC|Fibroblast_1	HK2833.SC	HK2833	SC_RNA	Control	Male	72.0	Fibroblast_1	1	Stroma
HK2770.SC|iPT	HK2770.SC	HK2770	SC_RNA	HKD	Male	68.0	iPT	30	PT
HK2896.SC|DCT2	HK2896.SC	HK2896	SC_RNA	Control	Male	60.0	DCT2	7	DCT_CNT
HK2833.SC|Macula_Densa	HK2833.SC	HK2833	SC_RNA	Control	Male	72.0	Macula_Densa	2	TAL
HK2867.SC|CD16_Mono	HK2867.SC	HK2867	SC_RNA	Control	Male	44.0	CD16_Mono	19	Myeloid
HK2867.SC|Plasma_Cells	HK2867.SC	HK2867	SC_RNA	Control	Male	44.0	Plasma_Cells	3	Lymphoid
HK1997.SC|Podo	HK1997.SC	HK1997	SC_RNA	Control	Male	71.0	Podo	13	Podo
HK2923.SC|CD8T	HK2923.SC	HK2923	SC_RNA	Control	Male	64.0	CD8T	35	Lymphoid
HK1594.SC|Fibroblast_2	HK1594.SC	HK1594	SC_RNA	HKD	Male	60.0	Fibroblast_2	1	Stroma
HK1588.SC|DCT1	HK1588.SC	HK1588	SC_RNA	Control	Female	57.0	DCT1	9	DCT_CNT
HK2896.SC|IC_A	HK2896.SC	HK2896	SC_RNA	Control	Male	60.0	IC_A	21	IC
HK2899.SC|DCT2	HK2899.SC	HK2899	SC_RNA	Control	Male	39.0	DCT2	4	DCT_CNT
HK1635_G.SC|RBC	HK1635_G.SC	HK1635	SC_RNA	DKD	Male	70.0	RBC	31	Other
HK1632.SC|MyoFib/VSMC	HK1632.SC	HK1632	SC_RNA	DKD	Female	56.0	MyoFib/VSMC	11	Stroma
HK1664_G.SC|IC_A	HK1664_G.SC	HK1664	SC_RNA	Control	Female	53.0	IC_A	3	IC
HK1634.SC|C_TAL	HK1634.SC	HK1634	SC_RNA	DKD	Male	67.0	C_TAL	23	TAL
HK2895.SC|iPT	HK2895.SC	HK2895	SC_RNA	Control	Female	66.0	iPT	51	PT
HK1597.SC|Neural_Cells	HK1597.SC	HK1597	SC_RNA	HKD	Male	88.0	Neural_Cells	17	Other
HK2770.SC|Endo_Peritubular	HK2770.SC	HK2770	SC_RNA	HKD	Male	68.0	Endo_Peritubular	14	Endo
HK1635_G.SC|Endo_Peritubular	HK1635_G.SC	HK1635	SC_RNA	DKD	Male	70.0	Endo_Peritubular	11	Endo
HK1635_G.SC|B_memory	HK1635_G.SC	HK1635	SC_RNA	DKD	Male	70.0	B_memory	11	Lymphoid
HK1584.SC|C_TAL	HK1584.SC	HK1584	SC_RNA	DKD	Female	59.0	C_TAL	21	TAL
HK1664_T.SC|Macula_Densa	HK1664_T.SC	HK1664	SC_RNA	Control	Female	53.0	Macula_Densa	3	TAL
HK1770.SC|M_TAL	HK1770.SC	HK1770	SC_RNA	HKD	Male	82.0	M_TAL	23	TAL
HK1634.SC|MyoFib/VSMC	HK1634.SC	HK1634	SC_RNA	DKD	Male	67.0	MyoFib/VSMC	42	Stroma
HK2713.SC|Endo_Peritubular	HK2713.SC	HK2713	SC_RNA	Control	Female	33.0	Endo_Peritubular	7	Endo
HK2923.SC|CNT	HK2923.SC	HK2923	SC_RNA	Control	Male	64.0	CNT	34	DCT_CNT
HK2923.SC|Des-Thin_Limb	HK2923.SC	HK2923	SC_RNA	Control	Male	64.0	Des-Thin_Limb	21	ThinLimb
HK2770.SC|Des-Thin_Limb	HK2770.SC	HK2770	SC_RNA	HKD	Male	68.0	Des-Thin_Limb	33	ThinLimb
HK2662.SC|PT_S1	HK2662.SC	HK2662	SC_RNA	Control	Female	72.0	PT_S1	4	PT
HK2867.SC|CNT	HK2867.SC	HK2867	SC_RNA	Control	Male	44.0	CNT	19	DCT_CNT
HK1585.SC|MyoFib/VSMC	HK1585.SC	HK1585	SC_RNA	Control	Female	69.0	MyoFib/VSMC	13	Stroma
HK1997.SC|MyoFib/VSMC	HK1997.SC	HK1997	SC_RNA	Control	Male	71.0	MyoFib/VSMC	11	Stroma
HK1770.SC|MyoFib/VSMC	HK1770.SC	HK1770	SC_RNA	HKD	Male	82.0	MyoFib/VSMC	10	Stroma
HK1584.SC|CNT	HK1584.SC	HK1584	SC_RNA	DKD	Female	59.0	CNT	12	DCT_CNT
HK1585.SC|C_TAL	HK1585.SC	HK1585	SC_RNA	Control	Female	69.0	C_TAL	21	TAL
HK2833.SC|DCT2	HK2833.SC	HK2833	SC_RNA	Control	Male	72.0	DCT2	19	DCT_CNT
HK2895.SC|M_TAL	HK2895.SC	HK2895	SC_RNA	Control	Female	66.0	M_TAL	15	TAL
HK2770.SC|Macula_Densa	HK2770.SC	HK2770	SC_RNA	HKD	Male	68.0	Macula_Densa	21	TAL
HK2662.SC|Des-Thin_Limb	HK2662.SC	HK2662	SC_RNA	Control	Female	72.0	Des-Thin_Limb	3	ThinLimb
HK1634.SC|PT_S2	HK1634.SC	HK1634	SC_RNA	DKD	Male	67.0	PT_S2	15	PT
HK1635_G.SC|Plasma_Cells	HK1635_G.SC	HK1635	SC_RNA	DKD	Male	70.0	Plasma_Cells	3	Lymphoid
HK1634.SC|IC_B	HK1634.SC	HK1634	SC_RNA	DKD	Male	67.0	IC_B	3	IC
HK2867.SC|MyoFib/VSMC	HK2867.SC	HK2867	SC_RNA	Control	Male	44.0	MyoFib/VSMC	3	Stroma
HK1588.SC|Mac	HK1588.SC	HK1588	SC_RNA	Control	Female	57.0	Mac	20	Myeloid
HK1650_G.SC|Podo	HK1650_G.SC	HK1650	SC_RNA	HKD	Female	77.0	Podo	25	Podo
HK2662.SC|Fibroblast_2	HK2662.SC	HK2662	SC_RNA	Control	Female	72.0	Fibroblast_2	6	Stroma
HK2833.SC|B_Naive	HK2833.SC	HK2833	SC_RNA	Control	Male	72.0	B_Naive	7	Lymphoid
HK1770.SC|cDC	HK1770.SC	HK1770	SC_RNA	HKD	Male	82.0	cDC	18	Myeloid
HK1634.SC|Plasma_Cells	HK1634.SC	HK1634	SC_RNA	DKD	Male	67.0	Plasma_Cells	2	Lymphoid
HK1650_G.SC|Fibroblast_1	HK1650_G.SC	HK1650	SC_RNA	HKD	Female	77.0	Fibroblast_1	9	Stroma
HK1634.SC|Fibroblast_2	HK1634.SC	HK1634	SC_RNA	DKD	Male	67.0	Fibroblast_2	22	Stroma
HK1588.SC|Neutrophil	HK1588.SC	HK1588	SC_RNA	Control	Female	57.0	Neutrophil	6	Myeloid
HK1588.SC|CNT	HK1588.SC	HK1588	SC_RNA	Control	Female	57.0	CNT	13	DCT_CNT
HK1997.SC|Plasma_Cells	HK1997.SC	HK1997	SC_RNA	Control	Male	71.0	Plasma_Cells	2	Lymphoid
HK1770.SC|Plasma_Cells	HK1770.SC	HK1770	SC_RNA	HKD	Male	82.0	Plasma_Cells	5	Lymphoid
HK1664_G.SC|IC_B	HK1664_G.SC	HK1664	SC_RNA	Control	Female	53.0	IC_B	1	IC
HK1593.SC|DCT1	HK1593.SC	HK1593	SC_RNA	HKD	Female	56.0	DCT1	10	DCT_CNT
HK1632.SC|B_memory	HK1632.SC	HK1632	SC_RNA	DKD	Female	56.0	B_memory	4	Lymphoid
HK1585.SC|Macula_Densa	HK1585.SC	HK1585	SC_RNA	Control	Female	69.0	Macula_Densa	10	TAL
HK1635_G.SC|C_TAL	HK1635_G.SC	HK1635	SC_RNA	DKD	Male	70.0	C_TAL	10	TAL
HK1594.SC|Mac	HK1594.SC	HK1594	SC_RNA	HKD	Male	60.0	Mac	34	Myeloid
HK2770.SC|DCT1	HK2770.SC	HK2770	SC_RNA	HKD	Male	68.0	DCT1	48	DCT_CNT
HK1588.SC|IC_B	HK1588.SC	HK1588	SC_RNA	Control	Female	57.0	IC_B	3	IC
HK2924.SC|M_TAL	HK2924.SC	HK2924	SC_RNA	Control	Male	67.0	M_TAL	5	TAL
HK1664_T.SC|C_TAL	HK1664_T.SC	HK1664	SC_RNA	Control	Female	53.0	C_TAL	8	TAL
HK1664_G.SC|CD14_Mono	HK1664_G.SC	HK1664	SC_RNA	Control	Female	53.0	CD14_Mono	11	Myeloid
HK1584.SC|Endo_GC	HK1584.SC	HK1584	SC_RNA	DKD	Female	59.0	Endo_GC	13	Endo
HK1584.SC|PT_S3	HK1584.SC	HK1584	SC_RNA	DKD	Female	59.0	PT_S3	1	PT
HK2867.SC|Podo	HK2867.SC	HK2867	SC_RNA	Control	Male	44.0	Podo	3	Podo
HK1632.SC|Fibroblast_2	HK1632.SC	HK1632	SC_RNA	DKD	Female	56.0	Fibroblast_2	3	Stroma
HK1634.SC|Prolif_Lym	HK1634.SC	HK1634	SC_RNA	DKD	Male	67.0	Prolif_Lym	5	Lymphoid
HK1584.SC|GS_Stromal	HK1584.SC	HK1584	SC_RNA	DKD	Female	59.0	GS_Stromal	14	Stroma
HK1594.SC|C_TAL	HK1594.SC	HK1594	SC_RNA	HKD	Male	60.0	C_TAL	13	TAL
HK1997.SC|DCT1	HK1997.SC	HK1997	SC_RNA	Control	Male	71.0	DCT1	28	DCT_CNT
HK2770.SC|GS_Stromal	HK2770.SC	HK2770	SC_RNA	HKD	Male	68.0	GS_Stromal	2	Stroma
HK2774.SC|DCT2	HK2774.SC	HK2774	SC_RNA	HKD	Male	84.0	DCT2	3	DCT_CNT
HK2770.SC|DCT2	HK2770.SC	HK2770	SC_RNA	HKD	Male	68.0	DCT2	23	DCT_CNT
HK2867.SC|GS_Stromal	HK2867.SC	HK2867	SC_RNA	Control	Male	44.0	GS_Stromal	13	Stroma
HK1594.SC|cDC	HK1594.SC	HK1594	SC_RNA	HKD	Male	60.0	cDC	3	Myeloid
HK1770.SC|DCT1	HK1770.SC	HK1770	SC_RNA	HKD	Male	82.0	DCT1	19	DCT_CNT
HK1664_T.SC|Endo_GC	HK1664_T.SC	HK1664	SC_RNA	Control	Female	53.0	Endo_GC	2	Endo
HK2662.SC|Mac	HK2662.SC	HK2662	SC_RNA	Control	Female	72.0	Mac	22	Myeloid
HK2770.SC|pDC	HK2770.SC	HK2770	SC_RNA	HKD	Male	68.0	pDC	1	Myeloid
HK1584.SC|RBC	HK1584.SC	HK1584	SC_RNA	DKD	Female	59.0	RBC	6	Other
HK2867.SC|Macula_Densa	HK2867.SC	HK2867	SC_RNA	Control	Male	44.0	Macula_Densa	11	TAL
HK1585.SC|Mac	HK1585.SC	HK1585	SC_RNA	Control	Female	69.0	Mac	39	Myeloid
HK2774.SC|iPT	HK2774.SC	HK2774	SC_RNA	HKD	Male	84.0	iPT	21	PT
HK2662.SC|IC_A	HK2662.SC	HK2662	SC_RNA	Control	Female	72.0	IC_A	2	IC
HK2774.SC|Endo_GC	HK2774.SC	HK2774	SC_RNA	HKD	Male	84.0	Endo_GC	20	Endo
HK2833.SC|CD16_Mono	HK2833.SC	HK2833	SC_RNA	Control	Male	72.0	CD16_Mono	13	Myeloid
HK1635_G.SC|IC_B	HK1635_G.SC	HK1635	SC_RNA	DKD	Male	70.0	IC_B	1	IC
HK1588.SC|Des-Thin_Limb	HK1588.SC	HK1588	SC_RNA	Control	Female	57.0	Des-Thin_Limb	5	ThinLimb
HK1597.SC|GS_Stromal	HK1597.SC	HK1597	SC_RNA	HKD	Male	88.0	GS_Stromal	4	Stroma
HK2774.SC|CD14_Mono	HK2774.SC	HK2774	SC_RNA	HKD	Male	84.0	CD14_Mono	8	Myeloid
HK1770.SC|GS_Stromal	HK1770.SC	HK1770	SC_RNA	HKD	Male	82.0	GS_Stromal	10	Stroma
HK1650_G.SC|C_TAL	HK1650_G.SC	HK1650	SC_RNA	HKD	Female	77.0	C_TAL	12	TAL
HK1650_T.SC|C_TAL	HK1650_T.SC	HK1650	SC_RNA	HKD	Female	77.0	C_TAL	7	TAL
HK1597.SC|PC	HK1597.SC	HK1597	SC_RNA	HKD	Male	88.0	PC	25	PC
HK1650_T.SC|pDC	HK1650_T.SC	HK1650	SC_RNA	HKD	Female	77.0	pDC	3	Myeloid
HK2774.SC|Ascending_Thin_LOH	HK2774.SC	HK2774	SC_RNA	HKD	Male	84.0	Ascending_Thin_LOH	5	ThinLimb
HK2893.SC|CD4T	HK2893.SC	HK2893	SC_RNA	Control	Male	37.0	CD4T	24	Lymphoid
HK2833.SC|NK	HK2833.SC	HK2833	SC_RNA	Control	Male	72.0	NK	4	Lymphoid
HK1664_T.SC|GS_Stromal	HK1664_T.SC	HK1664	SC_RNA	Control	Female	53.0	GS_Stromal	8	Stroma
HK1584.SC|Endo_Peritubular	HK1584.SC	HK1584	SC_RNA	DKD	Female	59.0	Endo_Peritubular	12	Endo
HK1632.SC|cDC	HK1632.SC	HK1632	SC_RNA	DKD	Female	56.0	cDC	5	Myeloid
HK1664_T.SC|Baso/Mast	HK1664_T.SC	HK1664	SC_RNA	Control	Female	53.0	Baso/Mast	5	Myeloid
HK1650_G.SC|Ascending_Thin_LOH	HK1650_G.SC	HK1650	SC_RNA	HKD	Female	77.0	Ascending_Thin_LOH	4	ThinLimb
HK2774.SC|Prolif_Lym	HK2774.SC	HK2774	SC_RNA	HKD	Male	84.0	Prolif_Lym	12	Lymphoid
HK2867.SC|Fibroblast_2	HK2867.SC	HK2867	SC_RNA	Control	Male	44.0	Fibroblast_2	5	Stroma
HK2895.SC|MyoFib/VSMC	HK2895.SC	HK2895	SC_RNA	Control	Female	66.0	MyoFib/VSMC	16	Stroma
HK2833.SC|PC	HK2833.SC	HK2833	SC_RNA	Control	Male	72.0	PC	6	PC
HK2713.SC|Ascending_Thin_LOH	HK2713.SC	HK2713	SC_RNA	Control	Female	33.0	Ascending_Thin_LOH	5	ThinLimb
HK2833.SC|Neural_Cells	HK2833.SC	HK2833	SC_RNA	Control	Male	72.0	Neural_Cells	8	Other
HK2774.SC|Des-Thin_Limb	HK2774.SC	HK2774	SC_RNA	HKD	Male	84.0	Des-Thin_Limb	28	ThinLimb
HK2891.SC|Neural_Cells	HK2891.SC	HK2891	SC_RNA	HKD	Female	74.0	Neural_Cells	5	Other
HK2867.SC|DCT2	HK2867.SC	HK2867	SC_RNA	Control	Male	44.0	DCT2	26	DCT_CNT
HK2770.SC|Baso/Mast	HK2770.SC	HK2770	SC_RNA	HKD	Male	68.0	Baso/Mast	1	Myeloid
HK2662.SC|M_TAL	HK2662.SC	HK2662	SC_RNA	Control	Female	72.0	M_TAL	17	TAL
HK2896.SC|IC_B	HK2896.SC	HK2896	SC_RNA	Control	Male	60.0	IC_B	7	IC
HK2899.SC|IC_B	HK2899.SC	HK2899	SC_RNA	Control	Male	39.0	IC_B	1	IC
HK1650_G.SC|PC	HK1650_G.SC	HK1650	SC_RNA	HKD	Female	77.0	PC	1	PC
HK1634.SC|pDC	HK1634.SC	HK1634	SC_RNA	DKD	Male	67.0	pDC	10	Myeloid
HK1585.SC|Neutrophil	HK1585.SC	HK1585	SC_RNA	Control	Female	69.0	Neutrophil	28	Myeloid
HK1597.SC|iPT	HK1597.SC	HK1597	SC_RNA	HKD	Male	88.0	iPT	33	PT
HK2774.SC|PT_S1	HK2774.SC	HK2774	SC_RNA	HKD	Male	84.0	PT_S1	2	PT
HK1584.SC|PC	HK1584.SC	HK1584	SC_RNA	DKD	Female	59.0	PC	4	PC
HK1585.SC|IC_B	HK1585.SC	HK1585	SC_RNA	Control	Female	69.0	IC_B	10	IC
HK1650_G.SC|MyoFib/VSMC	HK1650_G.SC	HK1650	SC_RNA	HKD	Female	77.0	MyoFib/VSMC	3	Stroma
HK1997.SC|PEC	HK1997.SC	HK1997	SC_RNA	Control	Male	71.0	PEC	4	PEC
HK1997.SC|Prolif_Lym	HK1997.SC	HK1997	SC_RNA	Control	Male	71.0	Prolif_Lym	4	Lymphoid
HK1770.SC|Prolif_Lym	HK1770.SC	HK1770	SC_RNA	HKD	Male	82.0	Prolif_Lym	6	Lymphoid
HK1594.SC|MyoFib/VSMC	HK1594.SC	HK1594	SC_RNA	HKD	Male	60.0	MyoFib/VSMC	1	Stroma
HK2891.SC|PEC	HK2891.SC	HK2891	SC_RNA	HKD	Female	74.0	PEC	3	PEC
HK2662.SC|IC_B	HK2662.SC	HK2662	SC_RNA	Control	Female	72.0	IC_B	5	IC
HK2774.SC|M_TAL	HK2774.SC	HK2774	SC_RNA	HKD	Male	84.0	M_TAL	11	TAL
HK1770.SC|IC_B	HK1770.SC	HK1770	SC_RNA	HKD	Male	82.0	IC_B	2	IC
HK1664_T.SC|Des-Thin_Limb	HK1664_T.SC	HK1664	SC_RNA	Control	Female	53.0	Des-Thin_Limb	13	ThinLimb
HK1634.SC|PC	HK1634.SC	HK1634	SC_RNA	DKD	Male	67.0	PC	8	PC
HK2899.SC|PT_S1	HK2899.SC	HK2899	SC_RNA	Control	Male	39.0	PT_S1	2	PT
HK2867.SC|Neural_Cells	HK2867.SC	HK2867	SC_RNA	Control	Male	44.0	Neural_Cells	6	Other
HK2867.SC|Des-Thin_Limb	HK2867.SC	HK2867	SC_RNA	Control	Male	44.0	Des-Thin_Limb	11	ThinLimb
HK1664_G.SC|PC	HK1664_G.SC	HK1664	SC_RNA	Control	Female	53.0	PC	1	PC
HK1650_G.SC|Prolif_Lym	HK1650_G.SC	HK1650	SC_RNA	HKD	Female	77.0	Prolif_Lym	11	Lymphoid
HK1650_T.SC|Prolif_Lym	HK1650_T.SC	HK1650	SC_RNA	HKD	Female	77.0	Prolif_Lym	4	Lymphoid
HK1634.SC|iPT	HK1634.SC	HK1634	SC_RNA	DKD	Male	67.0	iPT	8	PT
HK1634.SC|PT_S3	HK1634.SC	HK1634	SC_RNA	DKD	Male	67.0	PT_S3	9	PT
HK1594.SC|DCT2	HK1594.SC	HK1594	SC_RNA	HKD	Male	60.0	DCT2	13	DCT_CNT
HK2662.SC|CD8T	HK2662.SC	HK2662	SC_RNA	Control	Female	72.0	CD8T	12	Lymphoid
HK1594.SC|B_memory	HK1594.SC	HK1594	SC_RNA	HKD	Male	60.0	B_memory	1	Lymphoid
HK1650_G.SC|IC_B	HK1650_G.SC	HK1650	SC_RNA	HKD	Female	77.0	IC_B	6	IC
HK2891.SC|cDC	HK2891.SC	HK2891	SC_RNA	HKD	Female	74.0	cDC	2	Myeloid
HK2893.SC|Mes	HK2893.SC	HK2893	SC_RNA	Control	Male	37.0	Mes	7	Stroma
HK1634.SC|Podo	HK1634.SC	HK1634	SC_RNA	DKD	Male	67.0	Podo	3	Podo
HK1588.SC|Endo_Peritubular	HK1588.SC	HK1588	SC_RNA	Control	Female	57.0	Endo_Peritubular	16	Endo
HK1584.SC|IC_B	HK1584.SC	HK1584	SC_RNA	DKD	Female	59.0	IC_B	13	IC
HK2924.SC|GS_Stromal	HK2924.SC	HK2924	SC_RNA	Control	Male	67.0	GS_Stromal	1	Stroma
HK2924.SC|iPT	HK2924.SC	HK2924	SC_RNA	Control	Male	67.0	iPT	5	PT
HK2893.SC|iPT	HK2893.SC	HK2893	SC_RNA	Control	Male	37.0	iPT	8	PT
HK2896.SC|B_Naive	HK2896.SC	HK2896	SC_RNA	Control	Male	60.0	B_Naive	8	Lymphoid
HK1593.SC|Neural_Cells	HK1593.SC	HK1593	SC_RNA	HKD	Female	56.0	Neural_Cells	3	Other
HK2896.SC|Mes	HK2896.SC	HK2896	SC_RNA	Control	Male	60.0	Mes	2	Stroma
HK2896.SC|PC	HK2896.SC	HK2896	SC_RNA	Control	Male	60.0	PC	8	PC
HK2896.SC|Macula_Densa	HK2896.SC	HK2896	SC_RNA	Control	Male	60.0	Macula_Densa	1	TAL
HK2895.SC|IC_B	HK2895.SC	HK2895	SC_RNA	Control	Female	66.0	IC_B	7	IC
HK1635_G.SC|Prolif_Lym	HK1635_G.SC	HK1635	SC_RNA	DKD	Male	70.0	Prolif_Lym	9	Lymphoid
HK2893.SC|Ascending_Thin_LOH	HK2893.SC	HK2893	SC_RNA	Control	Male	37.0	Ascending_Thin_LOH	5	ThinLimb
HK2899.SC|PC	HK2899.SC	HK2899	SC_RNA	Control	Male	39.0	PC	12	PC
HK2924.SC|Podo	HK2924.SC	HK2924	SC_RNA	Control	Male	67.0	Podo	5	Podo
HK2895.SC|B_Naive	HK2895.SC	HK2895	SC_RNA	Control	Female	66.0	B_Naive	9	Lymphoid
HK1770.SC|Fibroblast_2	HK1770.SC	HK1770	SC_RNA	HKD	Male	82.0	Fibroblast_2	5	Stroma
HK2895.SC|B_memory	HK2895.SC	HK2895	SC_RNA	Control	Female	66.0	B_memory	6	Lymphoid
HK2893.SC|PT_S2	HK2893.SC	HK2893	SC_RNA	Control	Male	37.0	PT_S2	23	PT
HK2896.SC|M_TAL	HK2896.SC	HK2896	SC_RNA	Control	Male	60.0	M_TAL	1	TAL
HK1664_G.SC|RBC	HK1664_G.SC	HK1664	SC_RNA	Control	Female	53.0	RBC	2	Other
HK2895.SC|PC	HK2895.SC	HK2895	SC_RNA	Control	Female	66.0	PC	3	PC
HK1597.SC|pDC	HK1597.SC	HK1597	SC_RNA	HKD	Male	88.0	pDC	4	Myeloid
HK1635_G.SC|CNT	HK1635_G.SC	HK1635	SC_RNA	DKD	Male	70.0	CNT	7	DCT_CNT
HK1664_T.SC|IC_B	HK1664_T.SC	HK1664	SC_RNA	Control	Female	53.0	IC_B	8	IC
HK1632.SC|Fibroblast_1	HK1632.SC	HK1632	SC_RNA	DKD	Female	56.0	Fibroblast_1	3	Stroma
HK1593.SC|PT_S1	HK1593.SC	HK1593	SC_RNA	HKD	Female	56.0	PT_S1	3	PT
HK2923.SC|Macula_Densa	HK2923.SC	HK2923	SC_RNA	Control	Male	64.0	Macula_Densa	32	TAL
HK2713.SC|Fibroblast_2	HK2713.SC	HK2713	SC_RNA	Control	Female	33.0	Fibroblast_2	1	Stroma
HK2923.SC|Fibroblast_1	HK2923.SC	HK2923	SC_RNA	Control	Male	64.0	Fibroblast_1	1	Stroma
HK2891.SC|GS_Stromal	HK2891.SC	HK2891	SC_RNA	HKD	Female	74.0	GS_Stromal	5	Stroma
HK1593.SC|cDC	HK1593.SC	HK1593	SC_RNA	HKD	Female	56.0	cDC	1	Myeloid
HK1597.SC|M_TAL	HK1597.SC	HK1597	SC_RNA	HKD	Male	88.0	M_TAL	5	TAL
HK1650_T.SC|Podo	HK1650_T.SC	HK1650	SC_RNA	HKD	Female	77.0	Podo	10	Podo
HK1997.SC|RBC	HK1997.SC	HK1997	SC_RNA	Control	Male	71.0	RBC	1	Other
HK1770.SC|RBC	HK1770.SC	HK1770	SC_RNA	HKD	Male	82.0	RBC	1	Other
HK1770.SC|Macula_Densa	HK1770.SC	HK1770	SC_RNA	HKD	Male	82.0	Macula_Densa	10	TAL
HK2895.SC|Fibroblast_2	HK2895.SC	HK2895	SC_RNA	Control	Female	66.0	Fibroblast_2	5	Stroma
HK2924.SC|CNT	HK2924.SC	HK2924	SC_RNA	Control	Male	67.0	CNT	8	DCT_CNT
HK2896.SC|GS_Stromal	HK2896.SC	HK2896	SC_RNA	Control	Male	60.0	GS_Stromal	9	Stroma
HK2899.SC|M_TAL	HK2899.SC	HK2899	SC_RNA	Control	Male	39.0	M_TAL	5	TAL
HK2867.SC|B_Naive	HK2867.SC	HK2867	SC_RNA	Control	Male	44.0	B_Naive	3	Lymphoid
HK1584.SC|CD14_Mono	HK1584.SC	HK1584	SC_RNA	DKD	Female	59.0	CD14_Mono	1	Myeloid
HK1588.SC|B_Naive	HK1588.SC	HK1588	SC_RNA	Control	Female	57.0	B_Naive	1	Lymphoid
HK1635_G.SC|IC_A	HK1635_G.SC	HK1635	SC_RNA	DKD	Male	70.0	IC_A	5	IC
HK1594.SC|Prolif_Lym	HK1594.SC	HK1594	SC_RNA	HKD	Male	60.0	Prolif_Lym	4	Lymphoid
HK1597.SC|Baso/Mast	HK1597.SC	HK1597	SC_RNA	HKD	Male	88.0	Baso/Mast	7	Myeloid
HK2833.SC|Endo_Peritubular	HK2833.SC	HK2833	SC_RNA	Control	Male	72.0	Endo_Peritubular	2	Endo
HK1594.SC|iPT	HK1594.SC	HK1594	SC_RNA	HKD	Male	60.0	iPT	4	PT
HK2896.SC|Fibroblast_1	HK2896.SC	HK2896	SC_RNA	Control	Male	60.0	Fibroblast_1	1	Stroma
HK2895.SC|CD16_Mono	HK2895.SC	HK2895	SC_RNA	Control	Female	66.0	CD16_Mono	2	Myeloid
HK2924.SC|Fibroblast_2	HK2924.SC	HK2924	SC_RNA	Control	Male	67.0	Fibroblast_2	10	Stroma
HK1650_G.SC|PEC	HK1650_G.SC	HK1650	SC_RNA	HKD	Female	77.0	PEC	2	PEC
HK1650_T.SC|PEC	HK1650_T.SC	HK1650	SC_RNA	HKD	Female	77.0	PEC	2	PEC
HK1597.SC|cDC	HK1597.SC	HK1597	SC_RNA	HKD	Male	88.0	cDC	3	Myeloid
HK1650_T.SC|Fibroblast_2	HK1650_T.SC	HK1650	SC_RNA	HKD	Female	77.0	Fibroblast_2	7	Stroma
HK1634.SC|DCT1	HK1634.SC	HK1634	SC_RNA	DKD	Male	67.0	DCT1	1	DCT_CNT
HK2924.SC|Plasma_Cells	HK2924.SC	HK2924	SC_RNA	Control	Male	67.0	Plasma_Cells	3	Lymphoid
HK1632.SC|Baso/Mast	HK1632.SC	HK1632	SC_RNA	DKD	Female	56.0	Baso/Mast	1	Myeloid
HK1635_G.SC|iPT	HK1635_G.SC	HK1635	SC_RNA	DKD	Male	70.0	iPT	4	PT
HK2893.SC|DCT2	HK2893.SC	HK2893	SC_RNA	Control	Male	37.0	DCT2	3	DCT_CNT
HK1650_G.SC|Baso/Mast	HK1650_G.SC	HK1650	SC_RNA	HKD	Female	77.0	Baso/Mast	5	Myeloid
HK1650_T.SC|Baso/Mast	HK1650_T.SC	HK1650	SC_RNA	HKD	Female	77.0	Baso/Mast	5	Myeloid
HK1597.SC|B_memory	HK1597.SC	HK1597	SC_RNA	HKD	Male	88.0	B_memory	8	Lymphoid
HK2770.SC|Plasma_Cells	HK2770.SC	HK2770	SC_RNA	HKD	Male	68.0	Plasma_Cells	3	Lymphoid
HK1632.SC|PEC	HK1632.SC	HK1632	SC_RNA	DKD	Female	56.0	PEC	9	PEC
HK2923.SC|PC	HK2923.SC	HK2923	SC_RNA	Control	Male	64.0	PC	11	PC
HK2923.SC|CD14_Mono	HK2923.SC	HK2923	SC_RNA	Control	Male	64.0	CD14_Mono	6	Myeloid
HK1584.SC|PT_S2	HK1584.SC	HK1584	SC_RNA	DKD	Female	59.0	PT_S2	1	PT
HK1584.SC|B_Naive	HK1584.SC	HK1584	SC_RNA	DKD	Female	59.0	B_Naive	5	Lymphoid
HK1650_G.SC|Macula_Densa	HK1650_G.SC	HK1650	SC_RNA	HKD	Female	77.0	Macula_Densa	6	TAL
HK1664_G.SC|C_TAL	HK1664_G.SC	HK1664	SC_RNA	Control	Female	53.0	C_TAL	1	TAL
HK2893.SC|Neutrophil	HK2893.SC	HK2893	SC_RNA	Control	Male	37.0	Neutrophil	1	Myeloid
HK1770.SC|Podo	HK1770.SC	HK1770	SC_RNA	HKD	Male	82.0	Podo	4	Podo
HK1650_T.SC|Fibroblast_1	HK1650_T.SC	HK1650	SC_RNA	HKD	Female	77.0	Fibroblast_1	3	Stroma
HK1650_G.SC|DCT1	HK1650_G.SC	HK1650	SC_RNA	HKD	Female	77.0	DCT1	3	DCT_CNT
HK1664_G.SC|Endo_Peritubular	HK1664_G.SC	HK1664	SC_RNA	Control	Female	53.0	Endo_Peritubular	3	Endo
HK2770.SC|CD16_Mono	HK2770.SC	HK2770	SC_RNA	HKD	Male	68.0	CD16_Mono	9	Myeloid
HK2923.SC|Prolif_Lym	HK2923.SC	HK2923	SC_RNA	Control	Male	64.0	Prolif_Lym	2	Lymphoid
HK2893.SC|RBC	HK2893.SC	HK2893	SC_RNA	Control	Male	37.0	RBC	5	Other
HK1635_G.SC|DCT1	HK1635_G.SC	HK1635	SC_RNA	DKD	Male	70.0	DCT1	3	DCT_CNT
HK1770.SC|pDC	HK1770.SC	HK1770	SC_RNA	HKD	Male	82.0	pDC	3	Myeloid
HK1588.SC|Prolif_Lym	HK1588.SC	HK1588	SC_RNA	Control	Female	57.0	Prolif_Lym	12	Lymphoid
HK1650_T.SC|CNT	HK1650_T.SC	HK1650	SC_RNA	HKD	Female	77.0	CNT	5	DCT_CNT
HK2833.SC|CD14_Mono	HK2833.SC	HK2833	SC_RNA	Control	Male	72.0	CD14_Mono	8	Myeloid
HK2924.SC|Macula_Densa	HK2924.SC	HK2924	SC_RNA	Control	Male	67.0	Macula_Densa	8	TAL
HK2867.SC|M_TAL	HK2867.SC	HK2867	SC_RNA	Control	Male	44.0	M_TAL	12	TAL
HK2899.SC|DCT1	HK2899.SC	HK2899	SC_RNA	Control	Male	39.0	DCT1	8	DCT_CNT
HK1584.SC|Des-Thin_Limb	HK1584.SC	HK1584	SC_RNA	DKD	Female	59.0	Des-Thin_Limb	1	ThinLimb
HK2924.SC|DCT1	HK2924.SC	HK2924	SC_RNA	Control	Male	67.0	DCT1	8	DCT_CNT
HK1997.SC|Fibroblast_2	HK1997.SC	HK1997	SC_RNA	Control	Male	71.0	Fibroblast_2	3	Stroma
HK1588.SC|PEC	HK1588.SC	HK1588	SC_RNA	Control	Female	57.0	PEC	2	PEC
HK1650_G.SC|DCT2	HK1650_G.SC	HK1650	SC_RNA	HKD	Female	77.0	DCT2	5	DCT_CNT
HK1664_T.SC|DCT1	HK1664_T.SC	HK1664	SC_RNA	Control	Female	53.0	DCT1	4	DCT_CNT
HK1585.SC|PEC	HK1585.SC	HK1585	SC_RNA	Control	Female	69.0	PEC	1	PEC
HK2770.SC|PC	HK2770.SC	HK2770	SC_RNA	HKD	Male	68.0	PC	3	PC
HK2924.SC|DCT2	HK2924.SC	HK2924	SC_RNA	Control	Male	67.0	DCT2	3	DCT_CNT
HK2891.SC|Prolif_Lym	HK2891.SC	HK2891	SC_RNA	HKD	Female	74.0	Prolif_Lym	7	Lymphoid
HK2893.SC|DCT1	HK2893.SC	HK2893	SC_RNA	Control	Male	37.0	DCT1	9	DCT_CNT
HK2774.SC|RBC	HK2774.SC	HK2774	SC_RNA	HKD	Male	84.0	RBC	7	Other
HK2895.SC|CD14_Mono	HK2895.SC	HK2895	SC_RNA	Control	Female	66.0	CD14_Mono	1	Myeloid
HK1584.SC|M_TAL	HK1584.SC	HK1584	SC_RNA	DKD	Female	59.0	M_TAL	6	TAL
HK1997.SC|B_memory	HK1997.SC	HK1997	SC_RNA	Control	Male	71.0	B_memory	14	Lymphoid
HK2924.SC|B_Naive	HK2924.SC	HK2924	SC_RNA	Control	Male	67.0	B_Naive	11	Lymphoid
HK1650_T.SC|DCT1	HK1650_T.SC	HK1650	SC_RNA	HKD	Female	77.0	DCT1	2	DCT_CNT
HK2923.SC|Fibroblast_2	HK2923.SC	HK2923	SC_RNA	Control	Male	64.0	Fibroblast_2	11	Stroma
HK2924.SC|Fibroblast_1	HK2924.SC	HK2924	SC_RNA	Control	Male	67.0	Fibroblast_1	3	Stroma
HK2662.SC|Plasma_Cells	HK2662.SC	HK2662	SC_RNA	Control	Female	72.0	Plasma_Cells	1	Lymphoid
HK1588.SC|GS_Stromal	HK1588.SC	HK1588	SC_RNA	Control	Female	57.0	GS_Stromal	1	Stroma
HK1997.SC|cDC	HK1997.SC	HK1997	SC_RNA	Control	Male	71.0	cDC	7	Myeloid
HK2891.SC|Endo_Lymphatic	HK2891.SC	HK2891	SC_RNA	HKD	Female	74.0	Endo_Lymphatic	1	Endo
HK2662.SC|MyoFib/VSMC	HK2662.SC	HK2662	SC_RNA	Control	Female	72.0	MyoFib/VSMC	2	Stroma
HK1585.SC|Prolif_Lym	HK1585.SC	HK1585	SC_RNA	Control	Female	69.0	Prolif_Lym	11	Lymphoid
HK1635_T.SC|B_Naive	HK1635_T.SC	HK1635	SC_RNA	DKD	Male	70.0	B_Naive	2	Lymphoid
HK1664_T.SC|Prolif_Lym	HK1664_T.SC	HK1664	SC_RNA	Control	Female	53.0	Prolif_Lym	6	Lymphoid
HK2924.SC|IC_B	HK2924.SC	HK2924	SC_RNA	Control	Male	67.0	IC_B	4	IC
HK2662.SC|B_Naive	HK2662.SC	HK2662	SC_RNA	Control	Female	72.0	B_Naive	3	Lymphoid
HK1634.SC|DCT2	HK1634.SC	HK1634	SC_RNA	DKD	Male	67.0	DCT2	10	DCT_CNT
HK2770.SC|Podo	HK2770.SC	HK2770	SC_RNA	HKD	Male	68.0	Podo	3	Podo
HK1593.SC|C_TAL	HK1593.SC	HK1593	SC_RNA	HKD	Female	56.0	C_TAL	6	TAL
HK1594.SC|Neural_Cells	HK1594.SC	HK1594	SC_RNA	HKD	Male	60.0	Neural_Cells	1	Other
HK1593.SC|Fibroblast_1	HK1593.SC	HK1593	SC_RNA	HKD	Female	56.0	Fibroblast_1	3	Stroma
HK1770.SC|Endo_Lymphatic	HK1770.SC	HK1770	SC_RNA	HKD	Male	82.0	Endo_Lymphatic	1	Endo
HK1594.SC|Fibroblast_1	HK1594.SC	HK1594	SC_RNA	HKD	Male	60.0	Fibroblast_1	1	Stroma
HK1634.SC|M_TAL	HK1634.SC	HK1634	SC_RNA	DKD	Male	67.0	M_TAL	3	TAL
HK1650_T.SC|Macula_Densa	HK1650_T.SC	HK1650	SC_RNA	HKD	Female	77.0	Macula_Densa	2	TAL
HK2662.SC|Baso/Mast	HK2662.SC	HK2662	SC_RNA	Control	Female	72.0	Baso/Mast	5	Myeloid
HK2896.SC|CD14_Mono	HK2896.SC	HK2896	SC_RNA	Control	Male	60.0	CD14_Mono	5	Myeloid
HK2895.SC|Fibroblast_1	HK2895.SC	HK2895	SC_RNA	Control	Female	66.0	Fibroblast_1	5	Stroma
HK1593.SC|M_TAL	HK1593.SC	HK1593	SC_RNA	HKD	Female	56.0	M_TAL	6	TAL
HK2891.SC|Mes	HK2891.SC	HK2891	SC_RNA	HKD	Female	74.0	Mes	4	Stroma
HK2774.SC|cDC	HK2774.SC	HK2774	SC_RNA	HKD	Male	84.0	cDC	3	Myeloid
HK2833.SC|Ascending_Thin_LOH	HK2833.SC	HK2833	SC_RNA	Control	Male	72.0	Ascending_Thin_LOH	6	ThinLimb
HK1597.SC|Fibroblast_1	HK1597.SC	HK1597	SC_RNA	HKD	Male	88.0	Fibroblast_1	2	Stroma
HK1664_G.SC|Des-Thin_Limb	HK1664_G.SC	HK1664	SC_RNA	Control	Female	53.0	Des-Thin_Limb	3	ThinLimb
HK1593.SC|PT_S2	HK1593.SC	HK1593	SC_RNA	HKD	Female	56.0	PT_S2	1	PT
HK2770.SC|Neural_Cells	HK2770.SC	HK2770	SC_RNA	HKD	Male	68.0	Neural_Cells	1	Other
HK1585.SC|iPT	HK1585.SC	HK1585	SC_RNA	Control	Female	69.0	iPT	2	PT
HK1635_G.SC|Macula_Densa	HK1635_G.SC	HK1635	SC_RNA	DKD	Male	70.0	Macula_Densa	1	TAL
HK1650_T.SC|IC_B	HK1650_T.SC	HK1650	SC_RNA	HKD	Female	77.0	IC_B	1	IC
HK1635_T.SC|CD16_Mono	HK1635_T.SC	HK1635	SC_RNA	DKD	Male	70.0	CD16_Mono	2	Myeloid
HK1632.SC|Des-Thin_Limb	HK1632.SC	HK1632	SC_RNA	DKD	Female	56.0	Des-Thin_Limb	5	ThinLimb
HK1664_T.SC|pDC	HK1664_T.SC	HK1664	SC_RNA	Control	Female	53.0	pDC	1	Myeloid
HK1585.SC|Fibroblast_2	HK1585.SC	HK1585	SC_RNA	Control	Female	69.0	Fibroblast_2	1	Stroma
HK2662.SC|DCT1	HK2662.SC	HK2662	SC_RNA	Control	Female	72.0	DCT1	2	DCT_CNT
HK2770.SC|Fibroblast_2	HK2770.SC	HK2770	SC_RNA	HKD	Male	68.0	Fibroblast_2	3	Stroma
HK2662.SC|PEC	HK2662.SC	HK2662	SC_RNA	Control	Female	72.0	PEC	6	PEC
HK2895.SC|cDC	HK2895.SC	HK2895	SC_RNA	Control	Female	66.0	cDC	2	Myeloid
HK1585.SC|GS_Stromal	HK1585.SC	HK1585	SC_RNA	Control	Female	69.0	GS_Stromal	2	Stroma
HK2662.SC|CD16_Mono	HK2662.SC	HK2662	SC_RNA	Control	Female	72.0	CD16_Mono	4	Myeloid
HK1635_G.SC|cDC	HK1635_G.SC	HK1635	SC_RNA	DKD	Male	70.0	cDC	3	Myeloid
HK2662.SC|DCT2	HK2662.SC	HK2662	SC_RNA	Control	Female	72.0	DCT2	5	DCT_CNT
HK2923.SC|IC_B	HK2923.SC	HK2923	SC_RNA	Control	Male	64.0	IC_B	3	IC
HK1593.SC|iPT	HK1593.SC	HK1593	SC_RNA	HKD	Female	56.0	iPT	3	PT
HK1585.SC|Des-Thin_Limb	HK1585.SC	HK1585	SC_RNA	Control	Female	69.0	Des-Thin_Limb	1	ThinLimb
HK1593.SC|Podo	HK1593.SC	HK1593	SC_RNA	HKD	Female	56.0	Podo	1	Podo
HK1634.SC|Neural_Cells	HK1634.SC	HK1634	SC_RNA	DKD	Male	67.0	Neural_Cells	1	Other
HK1635_G.SC|Podo	HK1635_G.SC	HK1635	SC_RNA	DKD	Male	70.0	Podo	2	Podo
HK2774.SC|Macula_Densa	HK2774.SC	HK2774	SC_RNA	HKD	Male	84.0	Macula_Densa	1	TAL
HK2924.SC|Ascending_Thin_LOH	HK2924.SC	HK2924	SC_RNA	Control	Male	67.0	Ascending_Thin_LOH	12	ThinLimb
HK2713.SC|M_TAL	HK2713.SC	HK2713	SC_RNA	Control	Female	33.0	M_TAL	4	TAL
HK1664_G.SC|Plasma_Cells	HK1664_G.SC	HK1664	SC_RNA	Control	Female	53.0	Plasma_Cells	2	Lymphoid
HK1664_G.SC|M_TAL	HK1664_G.SC	HK1664	SC_RNA	Control	Female	53.0	M_TAL	2	TAL
HK2833.SC|Mac	HK2833.SC	HK2833	SC_RNA	Control	Male	72.0	Mac	3	Myeloid
HK2662.SC|PT_S3	HK2662.SC	HK2662	SC_RNA	Control	Female	72.0	PT_S3	3	PT
HK1584.SC|Neural_Cells	HK1584.SC	HK1584	SC_RNA	DKD	Female	59.0	Neural_Cells	4	Other
HK1634.SC|Mes	HK1634.SC	HK1634	SC_RNA	DKD	Male	67.0	Mes	1	Stroma
HK1594.SC|GS_Stromal	HK1594.SC	HK1594	SC_RNA	HKD	Male	60.0	GS_Stromal	3	Stroma
HK1664_T.SC|PEC	HK1664_T.SC	HK1664	SC_RNA	Control	Female	53.0	PEC	3	PEC
HK1585.SC|PT_S1	HK1585.SC	HK1585	SC_RNA	Control	Female	69.0	PT_S1	3	PT
HK2923.SC|B_memory	HK2923.SC	HK2923	SC_RNA	Control	Male	64.0	B_memory	1	Lymphoid
HK2774.SC|Endo_Lymphatic	HK2774.SC	HK2774	SC_RNA	HKD	Male	84.0	Endo_Lymphatic	3	Endo
HK2899.SC|MyoFib/VSMC	HK2899.SC	HK2899	SC_RNA	Control	Male	39.0	MyoFib/VSMC	1	Stroma
HK1664_G.SC|iPT	HK1664_G.SC	HK1664	SC_RNA	Control	Female	53.0	iPT	1	PT
HK2893.SC|Prolif_Lym	HK2893.SC	HK2893	SC_RNA	Control	Male	37.0	Prolif_Lym	2	Lymphoid
HK2662.SC|Ascending_Thin_LOH	HK2662.SC	HK2662	SC_RNA	Control	Female	72.0	Ascending_Thin_LOH	1	ThinLimb
HK2867.SC|Fibroblast_1	HK2867.SC	HK2867	SC_RNA	Control	Male	44.0	Fibroblast_1	3	Stroma
HK1588.SC|Macula_Densa	HK1588.SC	HK1588	SC_RNA	Control	Female	57.0	Macula_Densa	1	TAL
HK2713.SC|CD8T	HK2713.SC	HK2713	SC_RNA	Control	Female	33.0	CD8T	1	Lymphoid
HK1635_G.SC|Neural_Cells	HK1635_G.SC	HK1635	SC_RNA	DKD	Male	70.0	Neural_Cells	2	Other
HK2896.SC|RBC	HK2896.SC	HK2896	SC_RNA	Control	Male	60.0	RBC	2	Other
HK2833.SC|B_memory	HK2833.SC	HK2833	SC_RNA	Control	Male	72.0	B_memory	2	Lymphoid
HK2770.SC|Prolif_Lym	HK2770.SC	HK2770	SC_RNA	HKD	Male	68.0	Prolif_Lym	2	Lymphoid
HK2867.SC|cDC	HK2867.SC	HK2867	SC_RNA	Control	Male	44.0	cDC	1	Myeloid
HK1997.SC|Endo_Lymphatic	HK1997.SC	HK1997	SC_RNA	Control	Male	71.0	Endo_Lymphatic	1	Endo
HK2770.SC|IC_B	HK2770.SC	HK2770	SC_RNA	HKD	Male	68.0	IC_B	3	IC
HK2713.SC|CD4T	HK2713.SC	HK2713	SC_RNA	Control	Female	33.0	CD4T	2	Lymphoid
HK1594.SC|PC	HK1594.SC	HK1594	SC_RNA	HKD	Male	60.0	PC	2	PC
HK1585.SC|M_TAL	HK1585.SC	HK1585	SC_RNA	Control	Female	69.0	M_TAL	1	TAL
HK1635_T.SC|Mac	HK1635_T.SC	HK1635	SC_RNA	DKD	Male	70.0	Mac	1	Myeloid
HK2899.SC|PT_S2	HK2899.SC	HK2899	SC_RNA	Control	Male	39.0	PT_S2	1	PT
HK2770.SC|MyoFib/VSMC	HK2770.SC	HK2770	SC_RNA	HKD	Male	68.0	MyoFib/VSMC	1	Stroma
HK1664_T.SC|Endo_Peritubular	HK1664_T.SC	HK1664	SC_RNA	Control	Female	53.0	Endo_Peritubular	3	Endo
HK1594.SC|Baso/Mast	HK1594.SC	HK1594	SC_RNA	HKD	Male	60.0	Baso/Mast	1	Myeloid
HK1664_G.SC|Fibroblast_1	HK1664_G.SC	HK1664	SC_RNA	Control	Female	53.0	Fibroblast_1	1	Stroma
HK2774.SC|IC_B	HK2774.SC	HK2774	SC_RNA	HKD	Male	84.0	IC_B	1	IC
HK2713.SC|GS_Stromal	HK2713.SC	HK2713	SC_RNA	Control	Female	33.0	GS_Stromal	1	Stroma
HK1634.SC|GS_Stromal	HK1634.SC	HK1634	SC_RNA	DKD	Male	67.0	GS_Stromal	4	Stroma
HK2923.SC|Plasma_Cells	HK2923.SC	HK2923	SC_RNA	Control	Male	64.0	Plasma_Cells	2	Lymphoid
HK2924.SC|CD14_Mono	HK2924.SC	HK2924	SC_RNA	Control	Male	67.0	CD14_Mono	4	Myeloid
HK2923.SC|pDC	HK2923.SC	HK2923	SC_RNA	Control	Male	64.0	pDC	1	Myeloid
HK2891.SC|Plasma_Cells	HK2891.SC	HK2891	SC_RNA	HKD	Female	74.0	Plasma_Cells	2	Lymphoid
HK2924.SC|B_memory	HK2924.SC	HK2924	SC_RNA	Control	Male	67.0	B_memory	1	Lymphoid
HK2896.SC|cDC	HK2896.SC	HK2896	SC_RNA	Control	Male	60.0	cDC	1	Myeloid
HK1664_T.SC|DCT2	HK1664_T.SC	HK1664	SC_RNA	Control	Female	53.0	DCT2	1	DCT_CNT
HK2896.SC|Neural_Cells	HK2896.SC	HK2896	SC_RNA	Control	Male	60.0	Neural_Cells	1	Other
HK2924.SC|Neural_Cells	HK2924.SC	HK2924	SC_RNA	Control	Male	67.0	Neural_Cells	2	Other
HK1650_T.SC|Ascending_Thin_LOH	HK1650_T.SC	HK1650	SC_RNA	HKD	Female	77.0	Ascending_Thin_LOH	1	ThinLimb
HK1588.SC|iPT	HK1588.SC	HK1588	SC_RNA	Control	Female	57.0	iPT	1	PT
HK1593.SC|Prolif_Lym	HK1593.SC	HK1593	SC_RNA	HKD	Female	56.0	Prolif_Lym	1	Lymphoid
HK2895.SC|Baso/Mast	HK2895.SC	HK2895	SC_RNA	Control	Female	66.0	Baso/Mast	1	Myeloid
HK2867.SC|B_memory	HK2867.SC	HK2867	SC_RNA	Control	Male	44.0	B_memory	1	Lymphoid
HK2893.SC|Podo	HK2893.SC	HK2893	SC_RNA	Control	Male	37.0	Podo	1	Podo
HK1635_G.SC|DCT2	HK1635_G.SC	HK1635	SC_RNA	DKD	Male	70.0	DCT2	2	DCT_CNT
HK1584.SC|iPT	HK1584.SC	HK1584	SC_RNA	DKD	Female	59.0	iPT	2	PT
HK1664_G.SC|cDC	HK1664_G.SC	HK1664	SC_RNA	Control	Female	53.0	cDC	1	Myeloid
HK2923.SC|Neural_Cells	HK2923.SC	HK2923	SC_RNA	Control	Male	64.0	Neural_Cells	1	Other
HK2770.SC|CD14_Mono	HK2770.SC	HK2770	SC_RNA	HKD	Male	68.0	CD14_Mono	1	Myeloid
HK2770.SC|Mes	HK2770.SC	HK2770	SC_RNA	HKD	Male	68.0	Mes	1	Stroma
HK1664_G.SC|Endo_GC	HK1664_G.SC	HK1664	SC_RNA	Control	Female	53.0	Endo_GC	1	Endo
HK1632.SC|Neural_Cells	HK1632.SC	HK1632	SC_RNA	DKD	Female	56.0	Neural_Cells	2	Other
HK2893.SC|B_memory	HK2893.SC	HK2893	SC_RNA	Control	Male	37.0	B_memory	1	Lymphoid
HK1650_T.SC|DCT2	HK1650_T.SC	HK1650	SC_RNA	HKD	Female	77.0	DCT2	1	DCT_CNT
HK2662.SC|B_memory	HK2662.SC	HK2662	SC_RNA	Control	Female	72.0	B_memory	1	Lymphoid
HK1664_T.SC|Neural_Cells	HK1664_T.SC	HK1664	SC_RNA	Control	Female	53.0	Neural_Cells	1	Other
HK1597.SC|Plasma_Cells	HK1597.SC	HK1597	SC_RNA	HKD	Male	88.0	Plasma_Cells	1	Lymphoid
HK2774.SC|PEC	HK2774.SC	HK2774	SC_RNA	HKD	Male	84.0	PEC	1	PEC
HK2713.SC|B_memory	HK2713.SC	HK2713	SC_RNA	Control	Female	33.0	B_memory	1	Lymphoid
