gene	n_reps	dE_sign_stable	dD_sign_stable	dE_frac_fdr10
A1BG	17	1.0	0.9411764705882353	0.0
A1BG-AS1	17	0.9411764705882353	1.0	0.0
A2M	17	0.9411764705882353	0.9411764705882353	0.0
A2ML1-AS1	17	1.0	1.0	0.0
A4GALT	17	0.9411764705882353	0.9411764705882353	0.0
AAAS	17	1.0	1.0	0.0
AACS	17	1.0	1.0	0.0
AADAT	17	1.0	1.0	0.0
AAGAB	17	0.9411764705882353	1.0	0.0
AAK1	17	0.9411764705882353	1.0	0.0
AAMDC	17	0.7647058823529411	1.0	0.0
AAMP	17	1.0	1.0	0.0
AAR2	17	0.9411764705882353	1.0	0.0
AARS	17	0.9411764705882353	1.0	0.0
AARS2	17	1.0	1.0	0.0
AARSD1	17	0.9411764705882353	1.0	0.0
AASDH	17	0.9411764705882353	0.9411764705882353	0.0
AASDHPPT	17	1.0	1.0	0.0
AASS	17	1.0	1.0	0.058823529411764705
AATF	17	1.0	0.8235294117647058	0.0
AATK	17	1.0	1.0	0.4117647058823529
ABAT	17	0.7058823529411765	1.0	0.0
ABCA1	17	1.0	1.0	0.0
ABCA10	17	1.0	0.9411764705882353	0.0
ABCA12	17	0.9411764705882353	1.0	0.0
ABCA13	17	1.0	1.0	0.35294117647058826
ABCA2	17	1.0	1.0	0.0
ABCA3	17	0.9411764705882353	1.0	0.0
ABCA4	17	0.9411764705882353	1.0	0.0
ABCA5	17	1.0	0.9411764705882353	0.0
ABCA6	17	1.0	0.7647058823529411	0.0
ABCA7	17	0.8823529411764706	1.0	0.0
ABCA8	17	1.0	1.0	0.0
ABCA9	17	1.0	0.9411764705882353	0.0
ABCB1	17	0.8823529411764706	0.9411764705882353	0.0
ABCB10	17	0.8823529411764706	1.0	0.0
ABCB4	17	0.9411764705882353	0.8823529411764706	0.0
ABCB6	17	0.8235294117647058	0.8235294117647058	0.0
ABCB7	17	1.0	1.0	0.0
ABCB8	17	0.8823529411764706	1.0	0.0
ABCB9	17	0.9411764705882353	1.0	0.0
ABCC1	17	1.0	1.0	0.11764705882352941
ABCC10	17	0.9411764705882353	0.9411764705882353	0.0
ABCC2	17	0.9411764705882353	1.0	0.0
ABCC3	17	1.0	1.0	0.058823529411764705
ABCC4	17	1.0	1.0	0.8235294117647058
ABCC5	17	0.9411764705882353	1.0	0.0
ABCC6	17	1.0	1.0	0.0
ABCC9	17	0.7647058823529411	1.0	0.0
ABCD1	17	0.9411764705882353	1.0	0.0
ABCD3	17	1.0	1.0	0.0
ABCD4	17	1.0	1.0	0.0
ABCE1	17	1.0	0.8823529411764706	0.0
ABCF1	17	0.9411764705882353	1.0	0.0
ABCF2	17	1.0	1.0	0.0
ABCF3	17	0.9411764705882353	1.0	0.0
ABCG1	17	1.0	0.8235294117647058	0.0
ABHD10	17	0.9411764705882353	0.9411764705882353	0.0
ABHD11	17	1.0	1.0	0.8823529411764706
ABHD12	17	0.9411764705882353	1.0	0.0
ABHD13	17	0.7647058823529411	1.0	0.0
ABHD14A	17	1.0	0.9411764705882353	0.0
ABHD14B	17	1.0	0.9411764705882353	0.0
ABHD15	17	0.7647058823529411	0.7058823529411765	0.0
ABHD15-AS1	17	1.0	1.0	0.058823529411764705
ABHD16A	17	0.9411764705882353	0.9411764705882353	0.0
ABHD17A	17	0.9411764705882353	1.0	0.0
ABHD17B	17	0.9411764705882353	0.8235294117647058	0.0
ABHD17C	17	1.0	1.0	0.0
ABHD18	17	0.9411764705882353	0.8823529411764706	0.0
ABHD2	17	1.0	1.0	0.9411764705882353
ABHD3	17	0.9411764705882353	1.0	0.058823529411764705
ABHD4	17	0.9411764705882353	0.9411764705882353	0.0
ABHD5	17	0.8823529411764706	1.0	0.0
ABHD6	17	1.0	1.0	0.0
ABHD8	17	1.0	1.0	0.0
ABI1	17	1.0	1.0	0.9411764705882353
ABI2	17	1.0	1.0	0.6470588235294118
ABI3BP	17	1.0	1.0	0.058823529411764705
ABITRAM	17	0.9411764705882353	1.0	0.0
ABL1	17	0.7647058823529411	1.0	0.0
ABL2	17	0.8823529411764706	0.9411764705882353	0.0
ABLIM1	17	1.0	1.0	0.11764705882352941
ABLIM2	17	1.0	1.0	0.0
ABLIM3	17	1.0	0.8235294117647058	0.0
ABO	17	1.0	1.0	0.0
ABR	17	1.0	1.0	0.11764705882352941
ABRAXAS1	17	1.0	1.0	0.0
ABRAXAS2	17	0.8823529411764706	1.0	0.0
ABTB1	17	1.0	0.9411764705882353	0.0
ABTB2	17	0.9411764705882353	0.9411764705882353	0.0
AC000065.1	17	0.9411764705882353	1.0	0.0
AC000085.1	17	1.0	1.0	0.0
AC002064.1	17	1.0	0.9411764705882353	0.0
AC002066.1	17	1.0	1.0	0.0
AC002069.2	17	1.0	1.0	0.0
AC002070.1	17	1.0	1.0	0.0
AC002072.1	17	0.8235294117647058	0.8235294117647058	0.0
AC002116.2	17	0.8823529411764706	1.0	0.0
AC002377.1	17	0.8823529411764706	0.8235294117647058	0.0
AC002429.2	17	1.0	1.0	0.0
AC002451.1	17	1.0	0.9411764705882353	0.0
AC002454.1	17	1.0	1.0	0.0
AC002460.2	17	1.0	0.7058823529411765	0.0
AC002463.1	17	1.0	1.0	0.0
AC002480.2	17	0.9411764705882353	0.9411764705882353	0.0
AC002553.1	17	1.0	0.9411764705882353	0.0
AC002558.3	17	0.8823529411764706	0.8235294117647058	0.0
AC003044.1	17	1.0	1.0	0.0
AC003093.1	17	1.0	0.9411764705882353	0.0
AC003102.1	17	1.0	1.0	0.0
AC003666.1	17	1.0	1.0	0.0
AC003681.1	17	1.0	1.0	0.17647058823529413
AC003991.1	17	0.9411764705882353	1.0	0.0
AC004039.1	17	1.0	1.0	0.0
AC004053.1	17	1.0	1.0	0.0
AC004054.1	17	1.0	1.0	0.0
AC004083.1	17	1.0	1.0	0.0
AC004112.1	17	0.9411764705882353	0.9411764705882353	0.0
AC004158.1	17	0.8823529411764706	0.9411764705882353	0.0
AC004160.1	17	1.0	0.8235294117647058	0.0
AC004241.1	17	0.9411764705882353	1.0	0.0
AC004253.1	17	1.0	1.0	0.0
AC004381.1	17	0.7647058823529411	0.7058823529411765	0.0
AC004485.1	17	0.9411764705882353	1.0	0.0
AC004540.1	17	1.0	0.8235294117647058	0.058823529411764705
AC004540.2	17	1.0	1.0	0.0
AC004593.1	17	1.0	1.0	0.0
AC004594.1	17	0.9411764705882353	1.0	0.0
AC004596.1	17	1.0	1.0	0.0
AC004784.1	17	0.9411764705882353	0.9411764705882353	0.0
AC004797.1	17	0.7058823529411765	1.0	0.0
AC004816.1	17	1.0	0.9411764705882353	0.0
AC004817.5	17	0.9411764705882353	1.0	0.0
AC004825.3	17	0.9411764705882353	1.0	0.0
AC004834.1	17	1.0	0.9411764705882353	0.0
AC004870.2	17	1.0	1.0	0.0
AC004870.3	17	0.7647058823529411	1.0	0.0
AC004870.4	17	1.0	1.0	0.0
AC004889.1	17	1.0	1.0	0.0
AC004918.1	17	0.7647058823529411	1.0	0.0
AC004943.2	17	0.9411764705882353	0.8823529411764706	0.0
AC004949.1	17	0.8235294117647058	0.8235294117647058	0.0
AC004951.1	17	0.9411764705882353	0.6470588235294118	0.0
AC004982.1	17	0.7058823529411765	0.9411764705882353	0.0
AC004982.2	17	0.9411764705882353	0.9411764705882353	0.0
AC005037.1	17	1.0	1.0	0.0
AC005041.5	17	0.9411764705882353	1.0	0.0
AC005052.2	17	1.0	1.0	0.0
AC005062.1	17	1.0	1.0	0.058823529411764705
AC005072.1	17	1.0	1.0	0.0
AC005089.1	17	0.6470588235294118	1.0	0.0
AC005154.4	17	0.8235294117647058	0.8235294117647058	0.0
AC005162.3	17	0.8235294117647058	0.9411764705882353	0.0
AC005165.1	17	1.0	1.0	0.0
AC005208.1	17	0.8823529411764706	0.7058823529411765	0.0
AC005225.2	17	1.0	0.9411764705882353	0.0
AC005225.3	17	1.0	0.9411764705882353	0.0
AC005237.1	17	0.9411764705882353	1.0	0.0
AC005253.1	17	0.9411764705882353	1.0	0.0
AC005261.1	17	1.0	1.0	0.0
AC005306.1	17	1.0	1.0	0.0
AC005332.4	17	0.7647058823529411	0.8235294117647058	0.0
AC005332.5	17	1.0	1.0	0.0
AC005332.6	17	0.7058823529411765	0.9411764705882353	0.0
AC005392.3	17	0.8235294117647058	0.5882352941176471	0.0
AC005400.1	17	0.7647058823529411	0.7647058823529411	0.0
AC005410.2	17	0.7647058823529411	0.5882352941176471	0.0
AC005476.2	17	1.0	1.0	0.0
AC005480.1	17	0.9411764705882353	1.0	0.0
AC005498.3	17	0.9411764705882353	1.0	0.0
AC005520.2	17	1.0	1.0	0.0
AC005520.5	17	0.9411764705882353	0.9411764705882353	0.0
AC005532.1	17	0.8235294117647058	1.0	0.0
AC005537.1	17	0.8235294117647058	0.8235294117647058	0.0
AC005562.1	17	1.0	0.8235294117647058	0.0
AC005632.3	17	1.0	1.0	0.0
AC005670.3	17	1.0	1.0	0.0
AC005674.2	17	0.7647058823529411	0.8235294117647058	0.0
AC005695.2	17	1.0	1.0	0.0
AC005699.1	17	1.0	1.0	0.29411764705882354
AC005703.4	17	0.7647058823529411	0.8235294117647058	0.0
AC005726.1	17	1.0	1.0	0.0
AC005726.3	17	0.8235294117647058	0.8235294117647058	0.0
AC005736.1	17	0.8235294117647058	0.7058823529411765	0.0
AC005740.5	17	1.0	1.0	0.0
AC005746.2	17	0.5882352941176471	1.0	0.0
AC005753.2	17	1.0	1.0	0.0
AC005753.3	17	1.0	0.9411764705882353	0.0
AC005786.3	17	0.8823529411764706	1.0	0.0
AC005821.1	17	1.0	1.0	0.058823529411764705
AC005828.1	17	1.0	1.0	0.058823529411764705
AC005838.2	17	0.9411764705882353	0.8235294117647058	0.0
AC005856.1	17	1.0	1.0	0.0
AC005884.1	17	0.9411764705882353	0.8823529411764706	0.0
AC005899.5	17	0.6470588235294118	0.5882352941176471	0.0
AC005899.6	17	0.8235294117647058	0.8235294117647058	0.0
AC005920.2	17	0.9411764705882353	1.0	0.0
AC005972.3	17	0.9411764705882353	1.0	0.0
AC006001.2	17	0.8823529411764706	0.7647058823529411	0.0
AC006008.1	17	1.0	1.0	0.0
AC006058.1	17	0.7058823529411765	0.7647058823529411	0.0
AC006059.1	17	1.0	1.0	0.0
AC006064.2	17	0.9411764705882353	1.0	0.0
AC006115.2	17	0.9411764705882353	0.8823529411764706	0.0
AC006116.8	17	1.0	1.0	0.0
AC006141.1	17	0.8235294117647058	0.9411764705882353	0.0
AC006148.1	17	0.9411764705882353	0.9411764705882353	0.0
AC006160.1	17	0.8235294117647058	1.0	0.0
AC006213.3	17	0.9411764705882353	0.8235294117647058	0.0
AC006230.1	17	0.9411764705882353	1.0	0.11764705882352941
AC006270.1	17	0.8235294117647058	0.8235294117647058	0.07142857142857142
AC006299.1	17	0.9411764705882353	1.0	0.0
AC006305.1	17	0.8235294117647058	0.7647058823529411	0.0
AC006387.1	17	0.8235294117647058	0.7647058823529411	0.0
AC006427.2	17	1.0	0.7058823529411765	0.0
AC006435.2	17	0.7058823529411765	0.7647058823529411	0.0
AC006460.1	17	1.0	1.0	0.0
AC006460.2	17	1.0	1.0	0.11764705882352941
AC006480.2	17	1.0	1.0	0.0
AC006504.2	17	0.7647058823529411	0.8235294117647058	0.0
AC006504.5	17	0.9411764705882353	1.0	0.0
AC006547.1	17	0.9411764705882353	1.0	0.0
AC006581.2	17	0.9411764705882353	0.9411764705882353	0.0
AC006972.1	17	1.0	1.0	0.0
AC006994.2	17	1.0	0.7647058823529411	0.0
AC007001.1	17	1.0	1.0	0.058823529411764705
AC007014.1	17	1.0	1.0	0.0
AC007038.1	17	1.0	1.0	0.0
AC007038.2	17	0.9411764705882353	0.8235294117647058	0.0
AC007066.2	17	0.9411764705882353	0.7058823529411765	0.0
AC007098.1	17	0.9411764705882353	0.9411764705882353	0.0
AC007099.1	17	1.0	1.0	0.0
AC007114.1	17	0.7647058823529411	0.8235294117647058	0.0
AC007114.2	17	0.9411764705882353	1.0	0.0
AC007130.1	17	1.0	1.0	0.0
AC007193.1	17	1.0	1.0	0.0
AC007216.3	17	0.8823529411764706	1.0	0.0
AC007216.4	17	1.0	1.0	0.0
AC007220.1	17	0.7058823529411765	1.0	0.0
AC007255.1	17	0.9411764705882353	0.9411764705882353	0.0
AC007262.2	17	1.0	1.0	0.0
AC007277.1	17	0.8235294117647058	1.0	0.0
AC007285.1	17	0.9411764705882353	1.0	0.0
AC007292.3	17	0.9411764705882353	0.9411764705882353	0.0
AC007319.1	17	0.9411764705882353	1.0	0.0
AC007336.1	17	1.0	1.0	0.0
AC007347.1	17	1.0	1.0	0.0
AC007364.1	17	1.0	1.0	0.0
AC007384.1	17	1.0	1.0	0.0
AC007389.1	17	0.9411764705882353	0.8235294117647058	0.0
AC007390.2	17	0.9411764705882353	0.9411764705882353	0.0
AC007402.1	17	0.7058823529411765	0.7647058823529411	0.0
AC007405.1	17	1.0	1.0	0.0
AC007448.5	17	0.8823529411764706	1.0	0.0
AC007529.2	17	0.8235294117647058	0.8235294117647058	0.0
AC007533.1	17	1.0	1.0	0.0
AC007546.1	17	0.7647058823529411	0.8235294117647058	0.0
AC007566.1	17	0.7647058823529411	1.0	0.0
AC007619.1	17	1.0	1.0	0.0
AC007622.2	17	1.0	1.0	0.0
AC007637.1	17	1.0	1.0	0.058823529411764705
AC007656.2	17	0.9411764705882353	0.9411764705882353	0.0
AC007666.2	17	0.8235294117647058	0.8235294117647058	0.0
AC007681.1	17	0.9411764705882353	0.9411764705882353	0.0
AC007686.4	17	1.0	1.0	0.0
AC007780.1	17	1.0	0.9411764705882353	0.0
AC007849.1	17	1.0	0.8235294117647058	0.0
AC007878.1	17	0.8823529411764706	0.8823529411764706	0.0
AC007906.2	17	1.0	1.0	0.0
AC007923.4	17	1.0	0.8823529411764706	0.0
AC007952.4	17	1.0	1.0	0.0
AC007996.1	17	0.9411764705882353	0.8235294117647058	0.0
AC008014.1	17	1.0	1.0	0.0
AC008050.1	17	1.0	1.0	0.0
AC008079.1	17	0.8235294117647058	0.8235294117647058	0.0
AC008119.1	17	1.0	1.0	0.0
AC008124.1	17	1.0	1.0	0.0
AC008147.2	17	1.0	1.0	0.0
AC008250.1	17	1.0	1.0	0.0
AC008269.1	17	0.9411764705882353	0.8823529411764706	0.0
AC008403.3	17	0.9411764705882353	0.9411764705882353	0.0
AC008415.1	17	1.0	1.0	0.0
AC008438.1	17	0.9411764705882353	0.9411764705882353	0.0
AC008440.1	17	0.9411764705882353	0.9411764705882353	0.0
AC008443.1	17	0.9411764705882353	0.9411764705882353	0.0
AC008462.1	17	1.0	0.7647058823529411	0.0
AC008467.1	17	0.9411764705882353	0.9411764705882353	0.0
AC008496.2	17	0.8235294117647058	0.8235294117647058	0.0
AC008543.1	17	0.9411764705882353	0.9411764705882353	0.0
AC008554.1	17	1.0	1.0	0.0
AC008568.1	17	0.7058823529411765	0.7647058823529411	0.0
AC008610.1	17	1.0	1.0	0.0
AC008629.1	17	1.0	1.0	0.0
AC008649.2	17	0.9411764705882353	1.0	0.0
AC008667.1	17	0.9411764705882353	1.0	0.0
AC008676.1	17	0.9411764705882353	0.9411764705882353	0.0
AC008691.1	17	1.0	1.0	0.0
AC008731.1	17	1.0	1.0	0.17647058823529413
AC008735.2	17	1.0	1.0	0.0
AC008751.3	17	1.0	0.9411764705882353	0.0
AC008758.2	17	0.8823529411764706	1.0	0.0
AC008761.1	17	1.0	1.0	0.058823529411764705
AC008763.1	17	1.0	1.0	0.0
AC008764.2	17	0.8235294117647058	0.7647058823529411	0.0
AC008764.8	17	1.0	0.9411764705882353	0.0
AC008770.3	17	0.8235294117647058	0.7058823529411765	0.0
AC008771.1	17	0.8823529411764706	1.0	0.0
AC008781.1	17	0.8235294117647058	0.8235294117647058	0.0
AC008781.2	17	1.0	1.0	0.6470588235294118
AC008825.1	17	0.9411764705882353	0.8823529411764706	0.0
AC008840.1	17	0.8235294117647058	0.8235294117647058	0.0
AC008871.1	17	1.0	1.0	0.0
AC008883.1	17	0.8235294117647058	0.7647058823529411	0.0
AC008883.3	17	0.6470588235294118	0.7647058823529411	0.0
AC008892.1	17	1.0	0.9411764705882353	0.0
AC008915.2	17	0.8235294117647058	0.8235294117647058	0.0
AC008937.2	17	1.0	1.0	0.0
AC008946.1	17	1.0	1.0	0.0
AC008966.3	17	1.0	1.0	0.0
AC008969.1	17	1.0	1.0	0.11764705882352941
AC009053.3	17	0.7058823529411765	0.8235294117647058	0.0
AC009060.1	17	1.0	1.0	0.0
AC009061.2	17	1.0	0.9411764705882353	0.0
AC009065.4	17	1.0	1.0	0.0
AC009090.6	17	1.0	1.0	0.0
AC009107.2	17	0.9411764705882353	0.9411764705882353	0.0
AC009113.1	17	0.8235294117647058	0.8235294117647058	0.0
AC009118.3	17	0.8235294117647058	0.6470588235294118	0.0
AC009120.2	17	1.0	0.9411764705882353	0.058823529411764705
AC009126.1	17	1.0	0.8823529411764706	0.0
AC009133.1	17	0.9411764705882353	0.9411764705882353	0.0
AC009185.1	17	1.0	1.0	0.0
AC009226.1	17	1.0	1.0	0.0
AC009230.1	17	1.0	1.0	0.0
AC009269.2	17	1.0	1.0	0.0
AC009315.1	17	1.0	0.8235294117647058	0.0
AC009318.1	17	0.7058823529411765	1.0	0.0
AC009365.4	17	1.0	1.0	0.0
AC009403.1	17	1.0	1.0	0.0
AC009404.1	17	1.0	1.0	0.0
AC009478.1	17	1.0	1.0	0.11764705882352941
AC009495.1	17	1.0	1.0	0.0
AC009501.3	17	1.0	1.0	0.0
AC009505.1	17	0.9411764705882353	1.0	0.0
AC009522.1	17	0.8823529411764706	0.8823529411764706	0.0
AC009542.1	17	1.0	1.0	0.0
AC009554.1	17	1.0	1.0	0.0
AC009560.4	17	1.0	1.0	0.058823529411764705
AC009570.2	17	1.0	1.0	0.0
AC009630.1	17	1.0	1.0	0.058823529411764705
AC009686.1	17	0.8235294117647058	0.7647058823529411	0.0
AC009690.2	17	0.9411764705882353	1.0	0.0
AC009716.1	17	1.0	1.0	0.0
AC009879.4	17	1.0	1.0	0.0
AC009884.1	17	1.0	1.0	0.0
AC009961.1	17	1.0	1.0	0.0
AC009975.1	17	0.8235294117647058	0.8235294117647058	0.0
AC009996.1	17	0.9411764705882353	0.7058823529411765	0.0
AC010096.1	17	0.7647058823529411	0.8235294117647058	0.0
AC010136.1	17	0.9411764705882353	1.0	0.0
AC010148.1	17	0.8235294117647058	1.0	0.0
AC010149.1	17	0.7647058823529411	0.5882352941176471	0.0
AC010168.1	17	0.9411764705882353	0.8823529411764706	0.0
AC010168.2	17	1.0	1.0	0.0
AC010173.1	17	0.9411764705882353	1.0	0.0
AC010185.1	17	0.9411764705882353	1.0	0.0
AC010186.3	17	0.8235294117647058	0.8235294117647058	0.0
AC010197.1	17	1.0	1.0	0.058823529411764705
AC010198.1	17	0.8823529411764706	0.8235294117647058	0.0
AC010201.3	17	0.9411764705882353	1.0	0.0
AC010210.1	17	0.9411764705882353	1.0	0.0
AC010226.1	17	0.7647058823529411	1.0	0.0
AC010260.1	17	1.0	1.0	0.0
AC010261.2	17	1.0	1.0	0.11764705882352941
AC010273.2	17	1.0	1.0	0.0
AC010280.1	17	1.0	1.0	0.0
AC010320.2	17	1.0	1.0	0.0
AC010320.3	17	1.0	1.0	0.0
AC010320.4	17	1.0	1.0	0.0
AC010329.1	17	1.0	0.9411764705882353	0.0
AC010333.2	17	0.9411764705882353	0.9411764705882353	0.0
AC010343.3	17	0.8823529411764706	0.9411764705882353	0.0
AC010359.3	17	1.0	1.0	0.0
AC010422.2	17	0.5294117647058824	0.7647058823529411	0.0
AC010503.4	17	0.7647058823529411	0.7647058823529411	0.0
AC010531.5	17	0.8235294117647058	0.8235294117647058	0.0
AC010538.1	17	0.9411764705882353	0.9411764705882353	0.0
AC010615.2	17	1.0	1.0	0.0
AC010618.3	17	1.0	1.0	0.058823529411764705
AC010624.1	17	0.8235294117647058	0.8235294117647058	0.0
AC010632.1	17	0.7647058823529411	0.8235294117647058	0.0
AC010632.2	17	1.0	1.0	0.0
AC010642.2	17	1.0	1.0	0.0
AC010809.1	17	1.0	0.9411764705882353	0.0
AC010889.2	17	1.0	0.8823529411764706	0.0
AC010894.3	17	0.9411764705882353	1.0	0.0
AC010896.1	17	0.7058823529411765	0.9411764705882353	0.0
AC010974.2	17	0.8823529411764706	1.0	0.0
AC010976.1	17	1.0	1.0	0.0
AC010997.3	17	1.0	0.9411764705882353	0.0
AC010997.5	17	0.7647058823529411	0.8235294117647058	0.0
AC011043.1	17	0.8235294117647058	1.0	0.0
AC011092.2	17	1.0	1.0	0.0
AC011092.3	17	1.0	1.0	0.0
AC011246.1	17	1.0	0.8823529411764706	0.0
AC011287.1	17	1.0	1.0	0.0
AC011294.1	17	0.7647058823529411	0.8235294117647058	0.0
AC011330.2	17	0.8235294117647058	0.8235294117647058	0.0
AC011346.1	17	1.0	1.0	0.0
AC011379.1	17	0.9411764705882353	1.0	0.0
AC011379.2	17	1.0	1.0	0.0
AC011405.1	17	1.0	1.0	0.0
AC011443.1	17	0.9411764705882353	1.0	0.0
AC011444.1	17	1.0	1.0	0.7058823529411765
AC011447.3	17	1.0	0.9411764705882353	0.058823529411764705
AC011450.1	17	1.0	1.0	0.0
AC011451.3	17	0.8235294117647058	1.0	0.0
AC011472.1	17	0.7647058823529411	0.8235294117647058	0.0
AC011476.3	17	1.0	0.9411764705882353	0.7647058823529411
AC011477.9	17	0.9411764705882353	0.9411764705882353	0.0
AC011503.1	17	0.8823529411764706	0.8235294117647058	0.0
AC011511.2	17	0.9411764705882353	1.0	0.0
AC011586.1	17	0.5882352941176471	1.0	0.0
AC011586.2	17	1.0	1.0	0.0
AC011603.2	17	0.9411764705882353	1.0	0.0
AC011676.1	17	1.0	1.0	0.0
AC011676.3	17	1.0	1.0	0.0
AC011751.1	17	1.0	1.0	0.9411764705882353
AC011921.1	17	1.0	1.0	0.0
AC011933.2	17	0.8235294117647058	0.8235294117647058	0.0
AC011933.4	17	1.0	1.0	0.0
AC011997.1	17	1.0	0.9411764705882353	0.0
AC012063.1	17	1.0	1.0	0.058823529411764705
AC012074.1	17	1.0	1.0	0.0
AC012076.1	17	1.0	1.0	0.0
AC012085.2	17	1.0	1.0	0.0
AC012184.3	17	0.9411764705882353	0.8235294117647058	0.0
AC012184.4	17	1.0	1.0	0.0
AC012254.1	17	1.0	1.0	0.0
AC012291.3	17	1.0	1.0	0.0
AC012313.6	17	0.7647058823529411	0.8235294117647058	0.0
AC012358.3	17	1.0	0.7647058823529411	0.0
AC012360.3	17	0.8823529411764706	0.8823529411764706	0.0
AC012363.1	17	0.9411764705882353	0.9411764705882353	0.0
AC012368.1	17	0.9411764705882353	0.8235294117647058	0.0
AC012404.1	17	1.0	1.0	0.0
AC012409.2	17	1.0	1.0	0.0
AC012442.2	17	0.7647058823529411	0.8823529411764706	0.0
AC012447.1	17	0.8823529411764706	0.8235294117647058	0.0
AC012459.1	17	1.0	1.0	0.5294117647058824
AC012464.1	17	1.0	1.0	0.0
AC012485.2	17	1.0	1.0	0.0
AC012494.1	17	1.0	1.0	0.058823529411764705
AC012501.2	17	0.9411764705882353	0.9411764705882353	0.0
AC012568.1	17	1.0	1.0	0.7058823529411765
AC012593.1	17	0.9411764705882353	1.0	0.0
AC013287.1	17	1.0	1.0	0.058823529411764705
AC013470.2	17	1.0	1.0	0.0
AC013640.1	17	1.0	1.0	0.0
AC013643.2	17	1.0	1.0	0.0
AC013652.1	17	0.8823529411764706	1.0	0.0
AC015522.1	17	1.0	1.0	0.058823529411764705
AC015631.1	17	0.4117647058823529	0.9411764705882353	0.0
AC015727.1	17	1.0	1.0	0.0
AC015802.4	17	0.7647058823529411	1.0	0.0
AC015813.1	17	0.8823529411764706	0.9411764705882353	0.0
AC015845.1	17	0.8235294117647058	0.8235294117647058	0.0
AC015845.2	17	1.0	1.0	0.0
AC015849.3	17	0.7058823529411765	0.9411764705882353	0.0
AC015853.3	17	1.0	1.0	0.0
AC015871.1	17	1.0	0.7647058823529411	0.0
AC015871.4	17	0.8235294117647058	0.6470588235294118	0.0
AC015871.7	17	1.0	1.0	0.0
AC015908.2	17	0.8823529411764706	1.0	0.0
AC015908.3	17	0.9411764705882353	1.0	0.0
AC015923.1	17	1.0	1.0	0.0
AC015943.1	17	1.0	1.0	0.0
AC015971.1	17	1.0	1.0	0.0
AC015983.2	17	1.0	1.0	0.0
AC016074.2	17	1.0	1.0	0.0
AC016405.1	17	0.7647058823529411	0.8235294117647058	0.0
AC016493.1	17	0.9411764705882353	1.0	0.0
AC016590.1	17	1.0	1.0	0.0
AC016597.1	17	0.9411764705882353	1.0	0.0
AC016644.1	17	0.7647058823529411	0.8235294117647058	0.0
AC016705.2	17	1.0	1.0	0.0
AC016727.1	17	1.0	0.9411764705882353	0.0
AC016821.1	17	0.9411764705882353	0.9411764705882353	0.0
AC016831.1	17	0.9411764705882353	0.9411764705882353	0.11764705882352941
AC016831.5	17	0.9411764705882353	1.0	0.0
AC016831.7	17	0.9411764705882353	1.0	0.11764705882352941
AC016907.2	17	0.8235294117647058	0.8235294117647058	0.0
AC016949.1	17	0.9411764705882353	1.0	0.0
AC017002.5	17	0.9411764705882353	1.0	0.0
AC017028.1	17	0.9411764705882353	1.0	0.0
AC017050.1	17	1.0	1.0	0.0
AC017071.1	17	1.0	1.0	0.0
AC017074.1	17	0.8235294117647058	0.8823529411764706	0.0
AC017101.1	17	1.0	1.0	0.0
AC018362.1	17	1.0	1.0	0.0
AC018462.1	17	1.0	1.0	0.0
AC018467.1	17	1.0	1.0	0.0
AC018557.1	17	0.9411764705882353	0.7647058823529411	0.0
AC018557.3	17	1.0	1.0	0.0
AC018628.2	17	1.0	1.0	0.0
AC018638.7	17	0.8823529411764706	0.8235294117647058	0.0
AC018647.2	17	0.7647058823529411	0.7647058823529411	0.0
AC018682.1	17	0.7058823529411765	1.0	0.0
AC018730.1	17	0.7647058823529411	1.0	0.0
AC018742.1	17	1.0	1.0	0.11764705882352941
AC018797.3	17	0.9411764705882353	1.0	0.0
AC018816.1	17	0.9411764705882353	0.8823529411764706	0.0
AC018878.1	17	1.0	1.0	0.0
AC018946.1	17	0.8235294117647058	0.8235294117647058	0.0
AC019080.1	17	1.0	1.0	0.0
AC019080.5	17	0.8235294117647058	1.0	0.0
AC019117.1	17	1.0	1.0	0.11764705882352941
AC019118.2	17	1.0	1.0	0.0
AC019130.1	17	1.0	1.0	0.0
AC019131.1	17	0.6470588235294118	0.7058823529411765	0.0
AC019197.1	17	0.9411764705882353	0.9411764705882353	0.0
AC019205.1	17	0.9411764705882353	1.0	0.0
AC019211.1	17	1.0	1.0	0.0
AC020611.2	17	1.0	1.0	0.0
AC020659.1	17	1.0	1.0	0.0
AC020661.3	17	1.0	1.0	0.0
AC020663.3	17	0.8235294117647058	0.8235294117647058	0.0
AC020779.2	17	1.0	1.0	0.0
AC020913.1	17	0.8235294117647058	0.8235294117647058	0.0
AC020915.2	17	1.0	1.0	0.0
AC020916.1	17	0.9411764705882353	0.9411764705882353	0.17647058823529413
AC020978.5	17	1.0	1.0	0.0
AC021086.1	17	1.0	0.8823529411764706	0.0
AC021092.1	17	0.7647058823529411	1.0	0.0
AC021097.1	17	0.8235294117647058	0.8235294117647058	0.0
AC021205.3	17	0.8235294117647058	0.8235294117647058	0.0
AC021231.1	17	0.9411764705882353	1.0	0.0
AC021321.2	17	0.8823529411764706	1.0	0.0
AC021351.1	17	0.8235294117647058	0.7647058823529411	0.0
AC021678.2	17	0.7647058823529411	0.7647058823529411	0.0
AC021733.4	17	0.7058823529411765	0.7647058823529411	0.0
AC021752.1	17	1.0	1.0	0.0
AC021851.1	17	0.9411764705882353	1.0	0.0
AC021851.2	17	1.0	1.0	0.0
AC022031.2	17	0.8235294117647058	1.0	0.0
AC022075.1	17	1.0	1.0	0.0
AC022098.1	17	1.0	1.0	0.0
AC022126.1	17	0.9411764705882353	0.9411764705882353	0.0
AC022137.4	17	1.0	1.0	0.0
AC022144.1	17	1.0	1.0	0.17647058823529413
AC022146.2	17	1.0	1.0	0.0
AC022150.4	17	0.9411764705882353	0.9411764705882353	0.058823529411764705
AC022167.2	17	1.0	1.0	0.0
AC022210.2	17	1.0	1.0	0.058823529411764705
AC022217.3	17	1.0	1.0	0.0
AC022364.1	17	1.0	0.8235294117647058	0.0
AC022387.2	17	0.9411764705882353	0.8823529411764706	0.0
AC022395.1	17	1.0	1.0	0.0
AC022400.4	17	1.0	1.0	0.0
AC022424.1	17	0.9411764705882353	1.0	0.0
AC022424.2	17	0.9411764705882353	0.9411764705882353	0.0
AC022463.1	17	0.9411764705882353	1.0	0.0
AC022509.2	17	0.9411764705882353	0.7647058823529411	0.0
AC022540.1	17	1.0	1.0	0.058823529411764705
AC022558.2	17	1.0	1.0	0.23529411764705882
AC022613.1	17	1.0	1.0	0.0
AC022613.3	17	0.9411764705882353	1.0	0.0
AC022784.1	17	1.0	0.9411764705882353	0.0
AC022872.1	17	0.9411764705882353	1.0	0.0
AC022893.1	17	1.0	1.0	0.0
AC022966.2	17	0.8235294117647058	0.8235294117647058	0.0
AC022973.3	17	0.9411764705882353	1.0	0.0
AC022973.4	17	1.0	1.0	0.0
AC023051.1	17	0.7647058823529411	1.0	0.0
AC023282.1	17	1.0	1.0	0.0
AC023389.1	17	1.0	1.0	0.0
AC023421.2	17	1.0	1.0	0.0
AC023424.3	17	1.0	1.0	0.0
AC023469.1	17	1.0	1.0	0.058823529411764705
AC023480.1	17	1.0	1.0	0.0
AC023509.6	17	1.0	1.0	0.17647058823529413
AC023590.1	17	1.0	1.0	0.0
AC023632.2	17	0.9411764705882353	0.9411764705882353	0.0
AC023790.2	17	0.9411764705882353	0.9411764705882353	0.0
AC023794.1	17	0.7647058823529411	0.7647058823529411	0.0
AC023906.4	17	0.7647058823529411	0.8235294117647058	0.0
AC023906.5	17	0.7647058823529411	0.7647058823529411	0.0
AC024022.1	17	0.9411764705882353	1.0	0.0
AC024060.2	17	0.8235294117647058	0.8235294117647058	0.0
AC024075.1	17	0.8235294117647058	0.8235294117647058	0.0
AC024075.2	17	1.0	1.0	0.0
AC024075.3	17	1.0	1.0	0.0
AC024145.1	17	0.9411764705882353	1.0	0.0
AC024257.3	17	1.0	1.0	0.0
AC024267.4	17	0.7647058823529411	1.0	0.0
AC024270.5	17	1.0	0.8823529411764706	0.0
AC024337.2	17	0.8235294117647058	0.8235294117647058	0.0
AC024382.1	17	1.0	1.0	0.0
AC024558.2	17	1.0	0.8235294117647058	0.0
AC024560.4	17	0.7647058823529411	1.0	0.0
AC024560.5	17	0.8235294117647058	0.8235294117647058	0.0
AC024563.1	17	0.8823529411764706	0.9411764705882353	0.0
AC024588.1	17	1.0	1.0	0.0
AC024619.3	17	0.9411764705882353	0.9411764705882353	0.0
AC024901.1	17	1.0	1.0	0.058823529411764705
AC024941.2	17	1.0	1.0	0.0
AC025031.4	17	1.0	0.8235294117647058	0.0
AC025034.1	17	1.0	1.0	0.0
AC025043.1	17	1.0	1.0	0.0
AC025048.2	17	0.7647058823529411	0.5882352941176471	0.0
AC025048.4	17	0.9411764705882353	0.9411764705882353	0.058823529411764705
AC025154.2	17	0.8823529411764706	0.9411764705882353	0.0
AC025159.1	17	0.9411764705882353	1.0	0.0
AC025165.2	17	1.0	1.0	0.0
AC025171.1	17	0.9411764705882353	1.0	0.0
AC025171.2	17	0.9411764705882353	1.0	0.0
AC025180.1	17	1.0	1.0	0.0
AC025211.1	17	1.0	1.0	0.5294117647058824
AC025259.3	17	0.8823529411764706	1.0	0.0
AC025262.1	17	0.8823529411764706	0.8235294117647058	0.0
AC025265.1	17	0.8235294117647058	0.8235294117647058	0.0
AC025283.2	17	1.0	1.0	0.0
AC025287.4	17	1.0	1.0	0.0
AC025442.2	17	1.0	0.8823529411764706	0.0
AC025580.2	17	1.0	1.0	0.7647058823529411
AC025682.1	17	1.0	1.0	0.4117647058823529
AC025887.2	17	0.8823529411764706	1.0	0.0
AC025917.1	17	0.9411764705882353	1.0	0.0
AC026116.1	17	1.0	1.0	0.0
AC026167.1	17	1.0	1.0	0.0
AC026202.2	17	1.0	1.0	0.11764705882352941
AC026333.3	17	0.7647058823529411	0.8235294117647058	0.0
AC026341.1	17	1.0	1.0	0.0
AC026356.1	17	1.0	1.0	0.0
AC026356.2	17	1.0	0.9411764705882353	0.0
AC026470.2	17	1.0	1.0	0.0
AC026471.1	17	0.8823529411764706	1.0	0.0
AC026471.4	17	0.9411764705882353	0.9411764705882353	0.0
AC026689.1	17	1.0	1.0	0.0
AC026704.1	17	0.9411764705882353	1.0	0.0
AC026765.3	17	0.8235294117647058	0.7647058823529411	0.0
AC026803.3	17	1.0	0.9411764705882353	0.0
AC026894.1	17	1.0	0.7647058823529411	0.0
AC026979.4	17	0.8235294117647058	0.8235294117647058	0.0
AC026992.1	17	0.8235294117647058	1.0	0.0
AC026992.2	17	0.9411764705882353	0.9411764705882353	0.0
AC027018.1	17	0.9411764705882353	1.0	0.0
AC027020.2	17	0.9411764705882353	0.9411764705882353	0.0
AC027031.2	17	1.0	0.8235294117647058	0.0
AC027097.1	17	1.0	0.8823529411764706	0.0
AC027097.2	17	1.0	1.0	0.0
AC027117.1	17	0.8235294117647058	0.7058823529411765	0.0
AC027117.2	17	1.0	0.9411764705882353	0.0
AC027237.3	17	0.9411764705882353	1.0	0.058823529411764705
AC027243.3	17	1.0	1.0	0.0
AC027279.1	17	1.0	1.0	0.0
AC027288.3	17	1.0	1.0	0.0
AC027312.1	17	1.0	0.9411764705882353	0.0
AC027601.6	17	0.9411764705882353	0.8235294117647058	0.0
AC027682.4	17	1.0	0.9411764705882353	0.0
AC027682.6	17	0.8235294117647058	0.8235294117647058	0.0
AC027698.1	17	1.0	1.0	0.0
AC027796.1	17	0.8823529411764706	1.0	0.0
AC027808.2	17	0.8235294117647058	0.8235294117647058	0.0
AC034114.2	17	1.0	1.0	0.0
AC034139.1	17	1.0	1.0	0.0
AC034195.1	17	0.8823529411764706	0.9411764705882353	0.0
AC034234.1	17	0.8823529411764706	0.9411764705882353	0.0
AC034268.2	17	1.0	1.0	0.0
AC036103.1	17	0.8235294117647058	0.8235294117647058	0.0
AC036176.1	17	0.8235294117647058	0.8235294117647058	0.0
AC037198.1	17	1.0	1.0	0.0
AC037459.2	17	0.9411764705882353	0.9411764705882353	0.0
AC040174.1	17	1.0	1.0	0.0
AC040934.1	17	1.0	1.0	0.0
AC044810.2	17	1.0	0.9411764705882353	0.0
AC046134.2	17	1.0	0.9411764705882353	0.0
AC046158.1	17	1.0	1.0	0.0
AC046195.1	17	0.8235294117647058	0.8235294117647058	0.0
AC048341.1	17	0.9411764705882353	0.9411764705882353	0.11764705882352941
AC048382.5	17	0.9411764705882353	1.0	0.0
AC051619.5	17	1.0	1.0	0.0
AC051619.6	17	0.9411764705882353	1.0	0.0
AC053513.1	17	1.0	1.0	0.0
AC053527.2	17	1.0	1.0	0.058823529411764705
AC055733.2	17	0.7647058823529411	1.0	0.0
AC055811.1	17	0.8235294117647058	0.8235294117647058	0.07142857142857142
AC058791.1	17	1.0	1.0	0.0
AC060765.2	17	0.8823529411764706	1.0	0.0
AC060780.1	17	0.9411764705882353	0.9411764705882353	0.0
AC061958.1	17	1.0	0.9411764705882353	0.0
AC061961.1	17	1.0	0.9411764705882353	0.0
AC061975.8	17	1.0	1.0	0.0
AC061992.2	17	0.7058823529411765	0.7647058823529411	0.0
AC063944.1	17	1.0	1.0	0.0
AC063960.2	17	1.0	1.0	0.058823529411764705
AC063979.2	17	1.0	1.0	0.0
AC064807.1	17	0.8823529411764706	0.9411764705882353	0.0
AC064875.1	17	0.9411764705882353	0.9411764705882353	0.0
AC066613.2	17	0.9411764705882353	0.9411764705882353	0.0
AC067751.1	17	0.7058823529411765	0.7647058823529411	0.0
AC067852.3	17	1.0	0.8823529411764706	0.0
AC067956.1	17	1.0	0.9411764705882353	0.0
AC068025.1	17	0.8235294117647058	0.8235294117647058	0.0
AC068025.2	17	0.8235294117647058	0.8235294117647058	0.0
AC068051.1	17	1.0	0.9411764705882353	0.0
AC068234.2	17	0.7647058823529411	0.7647058823529411	0.0
AC068282.1	17	1.0	1.0	0.0
AC068286.2	17	0.9411764705882353	0.9411764705882353	0.0
AC068305.2	17	0.8235294117647058	0.8235294117647058	0.0
AC068389.1	17	0.8235294117647058	0.8235294117647058	0.0
AC068473.1	17	0.7058823529411765	0.8235294117647058	0.0
AC068481.1	17	0.7058823529411765	1.0	0.0
AC068491.2	17	1.0	1.0	0.11764705882352941
AC068491.3	17	0.9411764705882353	1.0	0.0
AC068533.3	17	1.0	1.0	0.0
AC068587.4	17	1.0	1.0	0.9411764705882353
AC068631.1	17	0.9411764705882353	1.0	0.0
AC068633.1	17	0.8235294117647058	0.9411764705882353	0.0
AC068707.1	17	1.0	0.9411764705882353	0.0
AC068724.3	17	0.9411764705882353	1.0	0.0
AC068774.1	17	0.9411764705882353	0.9411764705882353	0.0
AC068888.1	17	1.0	1.0	0.0
AC069228.1	17	1.0	0.9411764705882353	0.0
AC069272.1	17	1.0	1.0	0.0
AC069277.1	17	1.0	0.9411764705882353	0.058823529411764705
AC069437.1	17	0.8235294117647058	1.0	0.0
AC069547.2	17	1.0	1.0	0.058823529411764705
AC072028.1	17	0.8235294117647058	0.8235294117647058	0.0
AC072062.1	17	0.8235294117647058	0.7058823529411765	0.0
AC073046.3	17	1.0	1.0	0.0
AC073114.1	17	0.9411764705882353	0.6470588235294118	0.0
AC073167.1	17	1.0	1.0	0.0
AC073172.1	17	1.0	1.0	0.9411764705882353
AC073263.1	17	0.7058823529411765	0.8235294117647058	0.0
AC073316.3	17	1.0	1.0	0.0
AC073320.1	17	1.0	1.0	0.0
AC073332.1	17	1.0	1.0	0.0
AC073342.1	17	1.0	0.9411764705882353	0.0
AC073343.2	17	0.7058823529411765	1.0	0.0
AC073349.4	17	0.7647058823529411	0.8235294117647058	0.0
AC073389.2	17	0.9411764705882353	0.9411764705882353	0.0
AC073475.1	17	0.8235294117647058	0.8235294117647058	0.0
AC073529.1	17	1.0	1.0	0.0
AC073530.1	17	0.9411764705882353	1.0	0.0
AC073569.2	17	1.0	1.0	0.0
AC073648.7	17	0.9411764705882353	0.9411764705882353	0.0
AC073878.1	17	0.9411764705882353	0.8235294117647058	0.0
AC073896.2	17	1.0	1.0	0.0
AC073957.1	17	0.8235294117647058	0.8235294117647058	0.0
AC073957.3	17	0.9411764705882353	1.0	0.0
AC074032.1	17	0.9411764705882353	1.0	0.0
AC074033.1	17	1.0	1.0	0.0
AC074117.1	17	0.7647058823529411	1.0	0.0
AC074124.1	17	1.0	1.0	0.0
AC074212.1	17	0.9411764705882353	0.8823529411764706	0.0
AC074351.1	17	0.8235294117647058	0.8235294117647058	0.0
AC077690.1	17	0.9411764705882353	0.9411764705882353	0.0
AC078785.1	17	0.9411764705882353	0.9411764705882353	0.0
AC078846.1	17	1.0	1.0	0.0
AC078850.2	17	1.0	0.8235294117647058	0.0
AC078864.1	17	0.8235294117647058	0.8235294117647058	0.0
AC078881.1	17	0.8823529411764706	0.9411764705882353	0.0
AC078883.1	17	1.0	1.0	0.7058823529411765
AC078923.1	17	0.9411764705882353	1.0	0.0
AC078955.1	17	0.7647058823529411	0.8235294117647058	0.0
AC078980.1	17	1.0	1.0	0.0
AC079140.6	17	1.0	1.0	0.0
AC079142.1	17	0.8823529411764706	1.0	0.0
AC079193.2	17	0.8823529411764706	0.9411764705882353	0.0
AC079210.1	17	1.0	1.0	0.0
AC079298.3	17	1.0	1.0	0.0
AC079305.3	17	1.0	1.0	0.0
AC079336.4	17	1.0	1.0	0.4117647058823529
AC079352.1	17	0.9411764705882353	0.9411764705882353	0.17647058823529413
AC079380.1	17	1.0	1.0	0.0
AC079382.2	17	0.8235294117647058	0.5882352941176471	0.0
AC079385.1	17	0.8823529411764706	0.8823529411764706	0.0
AC079447.1	17	1.0	0.7647058823529411	0.0
AC079465.1	17	1.0	1.0	0.0
AC079630.1	17	0.8235294117647058	0.8235294117647058	0.0
AC079760.1	17	0.7058823529411765	0.9411764705882353	0.0
AC079760.2	17	0.9411764705882353	0.9411764705882353	0.0
AC079768.4	17	0.8235294117647058	0.7058823529411765	0.0
AC079779.2	17	0.6470588235294118	0.7647058823529411	0.0
AC079781.5	17	1.0	1.0	0.058823529411764705
AC079807.1	17	1.0	1.0	0.0
AC079848.2	17	0.9411764705882353	0.9411764705882353	0.0
AC079915.1	17	1.0	0.8823529411764706	0.0
AC079921.1	17	0.7647058823529411	1.0	0.0
AC080162.1	17	1.0	1.0	0.058823529411764705
AC083798.2	17	0.9411764705882353	1.0	0.0
AC083837.1	17	0.9411764705882353	1.0	0.0
AC083843.3	17	0.8235294117647058	1.0	0.0
AC083862.3	17	0.6470588235294118	0.9411764705882353	0.0
AC083870.1	17	0.8823529411764706	0.9411764705882353	0.0
AC083902.1	17	0.8235294117647058	0.8235294117647058	0.0
AC084125.2	17	0.8823529411764706	0.9411764705882353	0.0
AC084198.2	17	0.9411764705882353	0.8823529411764706	0.0
AC084357.2	17	0.8823529411764706	1.0	0.0
AC084724.1	17	1.0	1.0	0.0
AC084759.2	17	0.5294117647058824	0.7647058823529411	0.0
AC084816.1	17	0.9411764705882353	0.7647058823529411	0.0
AC087071.2	17	1.0	1.0	0.0
AC087242.1	17	0.8235294117647058	0.9411764705882353	0.0
AC087276.2	17	0.8235294117647058	0.8235294117647058	0.0
AC087280.2	17	0.8235294117647058	0.8823529411764706	0.0
AC087286.2	17	1.0	1.0	0.9411764705882353
AC087294.1	17	1.0	0.9411764705882353	0.0
AC087379.2	17	1.0	1.0	0.058823529411764705
AC087477.2	17	0.9411764705882353	1.0	0.0
AC087482.1	17	1.0	1.0	0.0
AC087500.1	17	1.0	1.0	0.0
AC087521.2	17	0.9411764705882353	0.9411764705882353	0.0
AC087564.1	17	1.0	0.9411764705882353	0.0
AC087645.2	17	0.8235294117647058	0.8235294117647058	0.0
AC087741.1	17	1.0	1.0	0.0
AC087762.1	17	1.0	1.0	0.0
AC087854.1	17	1.0	1.0	0.058823529411764705
AC087857.1	17	0.7647058823529411	1.0	0.0
AC090001.1	17	1.0	1.0	0.0
AC090114.2	17	0.9411764705882353	0.8823529411764706	0.0
AC090115.1	17	0.9411764705882353	0.9411764705882353	0.0
AC090204.1	17	0.8235294117647058	0.8235294117647058	0.0
AC090236.2	17	0.7647058823529411	0.7647058823529411	0.0
AC090241.2	17	0.6470588235294118	0.7647058823529411	0.0
AC090360.1	17	1.0	1.0	0.0
AC090517.5	17	1.0	1.0	0.0
AC090518.1	17	0.9411764705882353	0.7647058823529411	0.0
AC090541.1	17	1.0	0.6470588235294118	0.0
AC090559.1	17	1.0	1.0	0.0
AC090559.2	17	0.9411764705882353	1.0	0.0
AC090578.1	17	1.0	0.9411764705882353	0.0
AC090579.1	17	1.0	1.0	0.47058823529411764
AC090617.4	17	1.0	1.0	0.058823529411764705
AC090617.5	17	0.9411764705882353	0.9411764705882353	0.0
AC090630.1	17	1.0	1.0	0.0
AC090644.1	17	0.9411764705882353	0.8823529411764706	0.0
AC090739.1	17	0.8235294117647058	0.7647058823529411	0.0
AC090772.2	17	1.0	1.0	0.058823529411764705
AC090825.1	17	0.8823529411764706	1.0	0.0
AC090844.2	17	1.0	0.9411764705882353	0.0
AC090912.1	17	0.8823529411764706	0.9411764705882353	0.0
AC090945.1	17	0.9411764705882353	0.9411764705882353	0.0
AC090971.2	17	1.0	1.0	0.35294117647058826
AC091045.1	17	1.0	1.0	0.0
AC091057.2	17	1.0	1.0	0.0
AC091078.1	17	0.8235294117647058	0.8235294117647058	0.0
AC091114.1	17	1.0	1.0	0.0
AC091133.1	17	0.7647058823529411	0.8235294117647058	0.0
AC091151.5	17	0.9411764705882353	1.0	0.0
AC091153.2	17	0.9411764705882353	1.0	0.0
AC091563.1	17	1.0	1.0	0.058823529411764705
AC091887.1	17	0.7647058823529411	0.8235294117647058	0.0
AC091912.3	17	0.7058823529411765	0.8235294117647058	0.0
AC091946.1	17	1.0	1.0	0.0
AC091978.1	17	0.9411764705882353	0.9411764705882353	0.0
AC092068.2	17	0.7647058823529411	0.8235294117647058	0.0
AC092078.2	17	0.9411764705882353	1.0	0.0
AC092100.1	17	0.8235294117647058	0.8235294117647058	0.0
AC092111.1	17	0.8235294117647058	0.8235294117647058	0.0
AC092115.3	17	0.8823529411764706	0.8823529411764706	0.0
AC092118.1	17	1.0	1.0	0.0
AC092120.3	17	0.9411764705882353	0.9411764705882353	0.058823529411764705
AC092123.1	17	0.8235294117647058	0.7647058823529411	0.0
AC092140.1	17	0.7058823529411765	1.0	0.0
AC092142.1	17	0.7058823529411765	0.8823529411764706	0.0
AC092153.1	17	0.7647058823529411	1.0	0.0
AC092162.2	17	1.0	1.0	0.0
AC092164.1	17	0.9411764705882353	0.9411764705882353	0.0
AC092279.1	17	0.9411764705882353	1.0	0.0
AC092287.1	17	0.8235294117647058	0.8235294117647058	0.0
AC092296.2	17	1.0	1.0	0.0
AC092301.1	17	1.0	1.0	0.0
AC092329.4	17	1.0	1.0	0.0
AC092338.2	17	0.8235294117647058	0.8235294117647058	0.0
AC092338.3	17	1.0	1.0	0.0
AC092343.1	17	1.0	1.0	0.11764705882352941
AC092368.3	17	0.8235294117647058	0.8235294117647058	0.0
AC092422.1	17	1.0	0.7647058823529411	0.0
AC092428.1	17	1.0	1.0	0.0
AC092445.1	17	1.0	1.0	0.0
AC092535.2	17	0.9411764705882353	0.9411764705882353	0.0
AC092535.4	17	0.9411764705882353	0.9411764705882353	0.0
AC092546.1	17	1.0	1.0	0.0
AC092567.1	17	0.9411764705882353	0.9411764705882353	0.0
AC092574.2	17	1.0	1.0	0.0
AC092614.1	17	0.9411764705882353	0.8823529411764706	0.0
AC092650.1	17	1.0	0.7058823529411765	0.0
AC092666.1	17	1.0	1.0	0.0
AC092683.1	17	0.9411764705882353	0.9411764705882353	0.0
AC092691.1	17	0.9411764705882353	0.9411764705882353	0.058823529411764705
AC092691.3	17	0.9411764705882353	0.9411764705882353	0.0
AC092745.5	17	0.8823529411764706	0.9411764705882353	0.0
AC092747.4	17	0.8823529411764706	0.8823529411764706	0.0
AC092756.1	17	1.0	0.8823529411764706	0.0
AC092802.1	17	1.0	0.9411764705882353	0.0
AC092821.3	17	1.0	1.0	0.0
AC092828.1	17	0.9411764705882353	0.9411764705882353	0.0
AC092835.1	17	1.0	1.0	0.0
AC092839.1	17	1.0	1.0	0.0
AC092844.1	17	0.7647058823529411	0.7647058823529411	0.0
AC092868.2	17	0.9411764705882353	0.9411764705882353	0.0
AC092894.1	17	0.9411764705882353	0.9411764705882353	0.058823529411764705
AC092902.4	17	0.9411764705882353	1.0	0.11764705882352941
AC092903.2	17	0.8823529411764706	1.0	0.0
AC092910.3	17	1.0	0.5294117647058824	0.0
AC092944.1	17	0.8823529411764706	0.9411764705882353	0.0
AC092969.1	17	1.0	1.0	0.0
AC093019.2	17	0.9411764705882353	1.0	0.0
AC093110.1	17	1.0	1.0	0.0
AC093157.1	17	0.9411764705882353	0.8823529411764706	0.0
AC093227.1	17	0.8235294117647058	0.8235294117647058	0.0
AC093249.2	17	0.7647058823529411	0.8235294117647058	0.0
AC093297.2	17	1.0	1.0	0.0
AC093298.2	17	0.7058823529411765	0.9411764705882353	0.0
AC093323.1	17	1.0	1.0	0.0
AC093334.1	17	0.8823529411764706	0.9411764705882353	0.0
AC093495.1	17	1.0	1.0	0.0
AC093512.2	17	1.0	1.0	0.0
AC093523.1	17	0.8235294117647058	0.8235294117647058	0.0
AC093525.4	17	0.9411764705882353	0.9411764705882353	0.0
AC093525.6	17	1.0	1.0	0.0
AC093525.7	17	0.9411764705882353	1.0	0.0
AC093535.1	17	1.0	1.0	0.058823529411764705
AC093583.1	17	1.0	1.0	0.0
AC093607.1	17	0.9411764705882353	0.7058823529411765	0.0
AC093627.3	17	1.0	1.0	0.0
AC093627.5	17	0.8235294117647058	1.0	0.0
AC093675.1	17	0.8235294117647058	0.8235294117647058	0.0
AC093690.1	17	1.0	1.0	0.0
AC093802.1	17	1.0	1.0	0.0
AC093817.2	17	0.8235294117647058	0.8235294117647058	0.0
AC093827.4	17	1.0	0.8235294117647058	0.0
AC093865.1	17	1.0	1.0	0.0
AC093895.1	17	1.0	1.0	0.0
AC093898.1	17	1.0	0.9411764705882353	0.0
AC093912.1	17	1.0	0.9411764705882353	0.0
AC093916.1	17	0.7058823529411765	0.9411764705882353	0.0
AC095032.1	17	0.9411764705882353	0.9411764705882353	0.0
AC095060.1	17	0.8235294117647058	0.8235294117647058	0.0
AC096531.2	17	0.9411764705882353	0.9411764705882353	0.0
AC096564.1	17	1.0	1.0	0.11764705882352941
AC096576.6	17	0.9411764705882353	0.8823529411764706	0.0
AC096577.1	17	1.0	1.0	0.058823529411764705
AC096642.1	17	0.8823529411764706	1.0	0.0
AC096677.1	17	1.0	1.0	0.0
AC096711.2	17	0.8235294117647058	0.6470588235294118	0.0
AC096719.1	17	0.7647058823529411	0.7647058823529411	0.0
AC096741.1	17	1.0	1.0	0.0
AC097376.3	17	0.9411764705882353	0.9411764705882353	0.0
AC097460.1	17	1.0	1.0	0.0
AC097467.3	17	1.0	1.0	0.0
AC097500.1	17	1.0	1.0	0.0
AC097515.1	17	1.0	1.0	0.0
AC097518.2	17	1.0	1.0	0.058823529411764705
AC097634.3	17	1.0	1.0	0.0
AC097658.3	17	0.9411764705882353	0.9411764705882353	0.0
AC097662.1	17	0.9411764705882353	0.9411764705882353	0.0
AC098484.4	17	0.7058823529411765	1.0	0.0
AC098588.3	17	0.9411764705882353	1.0	0.0
AC098617.1	17	0.7058823529411765	1.0	0.0
AC098656.1	17	0.8235294117647058	0.8235294117647058	0.0
AC098828.2	17	0.8235294117647058	0.8235294117647058	0.0
AC098829.1	17	1.0	1.0	0.0
AC099314.1	17	1.0	1.0	0.4117647058823529
AC099329.1	17	1.0	0.9411764705882353	0.0
AC099482.1	17	1.0	0.8823529411764706	0.0
AC099489.1	17	0.8235294117647058	0.9411764705882353	0.0
AC099753.1	17	0.47058823529411764	0.7647058823529411	0.0
AC099778.1	17	0.7647058823529411	0.7058823529411765	0.0
AC099788.1	17	1.0	1.0	0.0
AC100763.1	17	1.0	1.0	0.0
AC100793.2	17	0.8235294117647058	1.0	0.0
AC100793.3	17	1.0	1.0	0.0
AC100800.1	17	1.0	1.0	0.0
AC100830.1	17	1.0	1.0	0.0
AC103591.3	17	1.0	1.0	0.0
AC103691.1	17	1.0	1.0	0.0
AC103702.1	17	1.0	1.0	0.058823529411764705
AC103702.2	17	1.0	1.0	0.058823529411764705
AC103703.1	17	1.0	0.7647058823529411	0.0
AC103876.1	17	0.8823529411764706	1.0	0.0
AC103923.1	17	0.9411764705882353	0.9411764705882353	0.0
AC104035.1	17	0.8235294117647058	1.0	0.0
AC104041.1	17	1.0	0.9411764705882353	0.0
AC104117.3	17	0.8823529411764706	1.0	0.0
AC104123.1	17	0.9411764705882353	1.0	0.0
AC104126.1	17	1.0	1.0	0.0
AC104134.1	17	0.8235294117647058	0.8235294117647058	0.0
AC104162.2	17	0.9411764705882353	1.0	0.0
AC104170.1	17	0.7647058823529411	1.0	0.0
AC104211.1	17	0.9411764705882353	1.0	0.0
AC104232.3	17	1.0	1.0	0.0
AC104237.3	17	1.0	1.0	0.0
AC104316.1	17	0.9411764705882353	1.0	0.0
AC104365.1	17	0.5882352941176471	1.0	0.0
AC104389.5	17	1.0	1.0	0.0
AC104532.2	17	0.9411764705882353	1.0	0.0
AC104596.1	17	1.0	1.0	0.29411764705882354
AC104695.2	17	0.7058823529411765	0.9411764705882353	0.0
AC104695.4	17	1.0	1.0	0.0
AC104781.2	17	0.6470588235294118	0.7647058823529411	0.0
AC104794.3	17	0.8823529411764706	1.0	0.0
AC104806.2	17	0.9411764705882353	0.7647058823529411	0.0
AC104819.3	17	0.7647058823529411	0.8235294117647058	0.0
AC104825.1	17	1.0	1.0	0.0
AC104827.1	17	1.0	1.0	0.0
AC104850.2	17	1.0	1.0	0.0
AC104984.3	17	0.9411764705882353	1.0	0.0
AC104984.4	17	1.0	1.0	0.11764705882352941
AC105052.4	17	1.0	1.0	0.0
AC105052.5	17	0.9411764705882353	0.8823529411764706	0.0
AC105094.2	17	0.7647058823529411	1.0	0.0
AC105180.2	17	1.0	0.7058823529411765	0.0
AC105219.4	17	1.0	0.9411764705882353	0.0
AC105285.1	17	1.0	0.7058823529411765	0.0
AC105339.3	17	0.9411764705882353	0.9411764705882353	0.0
AC105339.6	17	0.8235294117647058	0.8235294117647058	0.0
AC105345.1	17	0.9411764705882353	0.8823529411764706	0.0
AC105402.3	17	0.8235294117647058	0.8235294117647058	0.0
AC105411.1	17	0.8235294117647058	0.8235294117647058	0.0
AC105429.1	17	0.9411764705882353	0.47058823529411764	0.0
AC105916.1	17	1.0	1.0	0.0
AC105942.1	17	1.0	0.8235294117647058	0.0
AC106729.1	17	1.0	1.0	0.0
AC106786.2	17	1.0	0.9411764705882353	0.0
AC106791.1	17	1.0	0.9411764705882353	0.058823529411764705
AC106793.1	17	1.0	1.0	0.0
AC106795.2	17	0.7647058823529411	0.7058823529411765	0.0
AC106795.3	17	0.5882352941176471	0.7647058823529411	0.0
AC106798.1	17	0.8823529411764706	1.0	0.0
AC106818.2	17	1.0	1.0	0.058823529411764705
AC107021.1	17	1.0	1.0	0.0
AC107032.2	17	0.8235294117647058	0.9411764705882353	0.0
AC107068.1	17	0.7647058823529411	0.8235294117647058	0.0
AC107068.2	17	1.0	1.0	0.0
AC107072.2	17	1.0	1.0	0.058823529411764705
AC107081.2	17	0.8235294117647058	0.9411764705882353	0.0
AC107204.1	17	0.7647058823529411	0.7647058823529411	0.0
AC107214.1	17	0.8823529411764706	0.8823529411764706	0.0
AC107223.1	17	1.0	1.0	0.058823529411764705
AC107375.1	17	0.9411764705882353	0.9411764705882353	0.0
AC107884.1	17	1.0	1.0	0.0
AC107959.1	17	0.7058823529411765	0.5294117647058824	0.0
AC107980.1	17	0.8235294117647058	0.8235294117647058	0.0
AC107993.1	17	0.8235294117647058	0.8235294117647058	0.0
AC108047.1	17	0.9411764705882353	0.9411764705882353	0.0
AC108058.1	17	0.8235294117647058	0.8235294117647058	0.07142857142857142
AC108449.1	17	1.0	1.0	0.058823529411764705
AC108463.3	17	0.8235294117647058	0.7647058823529411	0.0
AC108471.2	17	1.0	1.0	0.0
AC108471.3	17	0.8235294117647058	0.8235294117647058	0.0
AC108472.1	17	1.0	1.0	0.0
AC108488.3	17	0.8235294117647058	0.8235294117647058	0.0
AC108519.1	17	0.8823529411764706	0.6470588235294118	0.0
AC108690.1	17	0.8235294117647058	0.8235294117647058	0.0
AC108749.1	17	1.0	1.0	0.058823529411764705
AC108752.1	17	1.0	1.0	0.0
AC108860.2	17	0.7058823529411765	0.8235294117647058	0.0
AC108863.2	17	0.9411764705882353	0.9411764705882353	0.0
AC109361.1	17	0.9411764705882353	0.9411764705882353	0.0
AC109361.2	17	0.8235294117647058	0.8235294117647058	0.0
AC109460.2	17	0.9411764705882353	1.0	0.0
AC109462.1	17	0.8235294117647058	0.8235294117647058	0.0
AC109466.1	17	1.0	1.0	0.0
AC109587.1	17	1.0	1.0	0.0
AC109597.1	17	1.0	1.0	0.058823529411764705
AC109927.1	17	1.0	1.0	0.0
AC110285.2	17	0.9411764705882353	0.9411764705882353	0.0
AC110296.1	17	1.0	1.0	0.0
AC110491.2	17	1.0	1.0	0.0
AC110611.1	17	0.7647058823529411	0.8235294117647058	0.0
AC110760.1	17	0.9411764705882353	0.9411764705882353	0.0
AC110769.2	17	0.8235294117647058	0.8235294117647058	0.0
AC110795.1	17	0.7647058823529411	1.0	0.0
AC111000.4	17	0.9411764705882353	0.7647058823529411	0.0
AC112206.2	17	0.9411764705882353	0.9411764705882353	0.0
AC112220.2	17	0.9411764705882353	0.9411764705882353	0.0
AC112487.1	17	0.9411764705882353	0.8235294117647058	0.0
AC112722.1	17	0.9411764705882353	0.9411764705882353	0.0
AC113137.1	17	0.8235294117647058	0.8235294117647058	0.0
AC113383.1	17	0.8235294117647058	0.8235294117647058	0.0
AC113385.1	17	1.0	1.0	0.0
AC113414.1	17	1.0	1.0	0.0
AC114689.3	17	1.0	1.0	0.0
AC114763.1	17	1.0	0.8823529411764706	0.0
AC114781.2	17	0.9411764705882353	0.9411764705882353	0.0
AC114812.2	17	0.9411764705882353	1.0	0.0
AC114930.1	17	0.8823529411764706	0.8235294117647058	0.0
AC114956.3	17	1.0	1.0	0.0
AC114971.1	17	0.9411764705882353	0.9411764705882353	0.0
AC114980.1	17	0.9411764705882353	0.8235294117647058	0.0
AC116099.1	17	0.8235294117647058	0.9411764705882353	0.0
AC116158.3	17	1.0	0.8823529411764706	0.0
AC116337.3	17	1.0	1.0	0.0
AC116345.1	17	0.8235294117647058	0.8235294117647058	0.0
AC116362.1	17	1.0	1.0	0.0
AC116552.1	17	1.0	0.7058823529411765	0.0
AC116903.2	17	0.8235294117647058	0.8235294117647058	0.0
AC117383.1	17	1.0	0.9411764705882353	0.0
AC117386.2	17	1.0	1.0	0.0
AC117481.1	17	1.0	0.7647058823529411	0.0
AC117509.1	17	1.0	1.0	0.0
AC117528.1	17	1.0	1.0	0.0
AC117834.1	17	1.0	1.0	0.0
AC118549.1	17	0.8823529411764706	1.0	0.0
AC119396.1	17	1.0	1.0	0.0
AC119403.1	17	0.9411764705882353	0.9411764705882353	0.0
AC119673.2	17	1.0	1.0	0.17647058823529413
AC119674.1	17	0.8823529411764706	1.0	0.0
AC120053.1	17	0.7058823529411765	0.8235294117647058	0.0
AC120193.1	17	0.8235294117647058	0.8235294117647058	0.0
AC120498.4	17	0.7647058823529411	0.8235294117647058	0.0
AC123768.3	17	0.8235294117647058	1.0	0.0
AC123912.1	17	1.0	0.8823529411764706	0.0
AC123912.4	17	1.0	1.0	0.0
AC124016.1	17	0.8235294117647058	0.8235294117647058	0.0
AC124248.1	17	0.7647058823529411	0.7058823529411765	0.0
AC124254.2	17	1.0	0.7647058823529411	0.0
AC124312.5	17	0.9411764705882353	1.0	0.0
AC124319.1	17	0.9411764705882353	1.0	0.0
AC124798.1	17	0.8235294117647058	0.8235294117647058	0.0
AC124852.1	17	1.0	1.0	0.058823529411764705
AC124861.1	17	0.9411764705882353	1.0	0.11764705882352941
AC124947.1	17	1.0	1.0	0.058823529411764705
AC125437.3	17	0.8235294117647058	0.8235294117647058	0.0
AC125613.1	17	0.7647058823529411	1.0	0.0
AC126121.3	17	0.7647058823529411	0.7647058823529411	0.0
AC127024.2	17	0.7647058823529411	0.8823529411764706	0.0
AC127035.1	17	1.0	1.0	0.0
AC127164.1	17	1.0	1.0	0.0
AC127502.2	17	0.8823529411764706	0.8823529411764706	0.0
AC127526.1	17	1.0	0.8235294117647058	0.0
AC127526.2	17	1.0	1.0	0.0
AC127526.5	17	0.8235294117647058	0.8235294117647058	0.0
AC128687.3	17	1.0	1.0	0.0
AC129507.2	17	1.0	1.0	0.0
AC129803.1	17	1.0	1.0	0.0
AC130324.2	17	1.0	1.0	0.0
AC130650.1	17	0.8235294117647058	1.0	0.0
AC130650.2	17	0.9411764705882353	0.8235294117647058	0.0
AC130814.1	17	0.8235294117647058	0.5882352941176471	0.0
AC130895.1	17	0.9411764705882353	0.9411764705882353	0.0
AC131568.1	17	0.7647058823529411	1.0	0.0
AC131571.1	17	1.0	1.0	0.0
AC131934.1	17	0.9411764705882353	0.9411764705882353	0.0
AC131944.1	17	0.9411764705882353	0.9411764705882353	0.0
AC132153.1	17	0.9411764705882353	0.8823529411764706	0.0
AC132219.1	17	0.7647058823529411	1.0	0.0
AC132803.1	17	0.7647058823529411	0.7647058823529411	0.0
AC132872.1	17	0.8823529411764706	0.9411764705882353	0.0
AC133550.2	17	0.8235294117647058	0.8235294117647058	0.0
AC133550.3	17	0.9411764705882353	0.5882352941176471	0.0
AC134772.1	17	0.7058823529411765	0.7647058823529411	0.0
AC135050.3	17	1.0	1.0	0.0
AC135050.6	17	1.0	1.0	0.0
AC135178.4	17	0.9411764705882353	1.0	0.0
AC136475.3	17	1.0	1.0	0.0
AC136604.2	17	1.0	1.0	0.0
AC137494.1	17	0.9411764705882353	1.0	0.058823529411764705
AC137770.1	17	0.9411764705882353	0.9411764705882353	0.0
AC137810.1	17	1.0	1.0	0.0
AC137894.3	17	1.0	1.0	0.0
AC137932.3	17	0.9411764705882353	0.4117647058823529	0.0
AC138028.1	17	0.9411764705882353	0.9411764705882353	0.0
AC138123.1	17	1.0	1.0	0.058823529411764705
AC138123.2	17	0.8235294117647058	0.8235294117647058	0.0
AC138150.1	17	1.0	1.0	0.0
AC138305.1	17	0.8823529411764706	1.0	0.0
AC138409.3	17	1.0	1.0	0.0
AC138512.1	17	0.8235294117647058	0.8235294117647058	0.0
AC138627.1	17	1.0	1.0	0.0
AC138649.1	17	0.8235294117647058	0.8235294117647058	0.0
AC138819.1	17	1.0	0.9411764705882353	0.0
AC138956.2	17	1.0	1.0	0.0
AC139149.1	17	1.0	1.0	0.0
AC139493.2	17	0.9411764705882353	1.0	0.0
AC139530.1	17	1.0	1.0	0.0
AC139720.1	17	0.9411764705882353	0.9411764705882353	0.0
AC139768.1	17	1.0	1.0	0.0
AC139769.2	17	1.0	1.0	0.0
AC139795.2	17	1.0	0.9411764705882353	0.0
AC139887.2	17	0.9411764705882353	0.9411764705882353	0.0
AC139887.4	17	1.0	0.9411764705882353	0.0
AC140168.1	17	1.0	1.0	0.0
AC142472.1	17	1.0	0.9411764705882353	0.0
AC144831.1	17	0.9411764705882353	0.9411764705882353	0.0
AC145124.1	17	1.0	1.0	0.47058823529411764
AC145146.1	17	0.9411764705882353	1.0	0.0
AC159540.2	17	1.0	0.9411764705882353	0.0
AC211433.1	17	1.0	1.0	0.0
AC211486.5	17	0.9411764705882353	1.0	0.0
AC231533.1	17	0.8823529411764706	0.9411764705882353	0.0
AC233976.1	17	1.0	1.0	0.0
AC234582.1	17	1.0	0.9411764705882353	0.7647058823529411
AC239809.3	17	0.8823529411764706	0.9411764705882353	0.0
AC240274.1	17	1.0	0.9411764705882353	0.0
AC241644.2	17	0.9411764705882353	1.0	0.0
AC242426.2	17	1.0	0.9411764705882353	0.0
AC243964.3	17	1.0	1.0	0.11764705882352941
AC244033.2	17	1.0	1.0	0.0
AC244131.2	17	1.0	1.0	0.0
AC244197.2	17	1.0	1.0	0.0
AC244502.1	17	0.6470588235294118	0.8235294117647058	0.0
AC245060.5	17	0.8235294117647058	1.0	0.0
AC245060.6	17	1.0	1.0	0.0
AC245123.1	17	0.9411764705882353	0.8823529411764706	0.0
AC245187.2	17	1.0	1.0	0.0
AC245297.3	17	1.0	1.0	0.0
AC245427.2	17	1.0	1.0	0.0
AC245452.1	17	1.0	1.0	0.0
AC246817.1	17	0.9411764705882353	0.8235294117647058	0.0
AC246817.2	17	1.0	1.0	0.0
AC254562.3	17	0.8823529411764706	1.0	0.0
ACAA1	17	0.8235294117647058	0.8823529411764706	0.0
ACAA2	17	1.0	1.0	0.0
ACACA	17	1.0	1.0	0.0
ACACB	17	1.0	1.0	0.058823529411764705
ACAD10	17	1.0	1.0	0.0
ACAD11	17	1.0	1.0	0.058823529411764705
ACAD8	17	1.0	1.0	0.0
ACAD9	17	1.0	1.0	0.0
ACADL	17	1.0	0.7647058823529411	0.0
ACADM	17	0.9411764705882353	1.0	0.0
ACADS	17	1.0	1.0	0.0
ACADSB	17	0.8823529411764706	0.9411764705882353	0.0
ACADVL	17	1.0	1.0	0.0
ACAP2	17	1.0	0.9411764705882353	0.0
ACAP3	17	1.0	0.9411764705882353	0.0
ACAT1	17	0.9411764705882353	0.8823529411764706	0.0
ACAT2	17	0.7058823529411765	0.8235294117647058	0.0
ACBD3	17	1.0	0.9411764705882353	0.0
ACBD4	17	0.9411764705882353	1.0	0.0
ACBD5	17	0.9411764705882353	0.8823529411764706	0.0
ACBD6	17	0.7647058823529411	1.0	0.0
ACCS	17	1.0	1.0	0.0
ACER2	17	0.9411764705882353	1.0	0.0
ACER3	17	1.0	1.0	0.8823529411764706
ACIN1	17	1.0	1.0	0.0
ACKR3	17	1.0	1.0	0.0
ACKR4	17	0.6470588235294118	1.0	0.0
ACLY	17	1.0	1.0	0.0
ACMSD	17	1.0	0.9411764705882353	0.0
ACO1	17	1.0	0.8823529411764706	0.0
ACO2	17	0.9411764705882353	1.0	0.0
ACOT11	17	1.0	1.0	0.058823529411764705
ACOT12	17	1.0	1.0	0.0
ACOT13	17	0.9411764705882353	1.0	0.0
ACOT2	17	1.0	1.0	0.0
ACOT7	17	0.9411764705882353	1.0	0.058823529411764705
ACOT8	17	0.9411764705882353	0.7058823529411765	0.0
ACOT9	17	1.0	1.0	0.17647058823529413
ACOX1	17	1.0	1.0	0.0
ACOX2	17	0.9411764705882353	1.0	0.0
ACOX3	17	0.8235294117647058	0.7647058823529411	0.0
ACOXL	17	1.0	1.0	0.0
ACP1	17	0.8823529411764706	0.9411764705882353	0.0
ACP2	17	0.9411764705882353	0.8823529411764706	0.0
ACP6	17	0.7647058823529411	0.7647058823529411	0.0
ACPP	17	0.9411764705882353	0.9411764705882353	0.0
ACSBG2	17	0.9411764705882353	0.9411764705882353	0.058823529411764705
ACSF2	17	1.0	1.0	0.058823529411764705
ACSF3	17	1.0	1.0	0.0
ACSL1	17	1.0	1.0	0.0
ACSL3	17	1.0	0.7647058823529411	0.0
ACSL4	17	0.8235294117647058	0.7647058823529411	0.0
ACSL5	17	0.7647058823529411	1.0	0.0
ACSM2A	17	1.0	1.0	0.0
ACSM2B	17	1.0	1.0	0.0
ACSM3	17	1.0	0.9411764705882353	0.0
ACSM6	17	0.9411764705882353	1.0	0.058823529411764705
ACSS1	17	0.9411764705882353	0.9411764705882353	0.0
ACSS2	17	0.8823529411764706	1.0	0.0
ACSS3	17	0.9411764705882353	1.0	0.0
ACTA2	17	0.9411764705882353	0.9411764705882353	0.0
ACTB	17	1.0	1.0	0.0
ACTG1	17	0.7647058823529411	1.0	0.0
ACTL6A	17	0.8823529411764706	1.0	0.0
ACTN1	17	1.0	1.0	0.6470588235294118
ACTN2	17	1.0	1.0	0.0
ACTN4	17	1.0	0.9411764705882353	0.0
ACTR10	17	0.9411764705882353	1.0	0.0
ACTR1A	17	1.0	1.0	0.0
ACTR1B	17	1.0	1.0	0.0
ACTR2	17	1.0	1.0	0.0
ACTR3	17	0.8235294117647058	0.8235294117647058	0.0
ACTR3B	17	1.0	1.0	0.058823529411764705
ACTR3C	17	1.0	0.9411764705882353	0.0
ACTR5	17	0.9411764705882353	0.8235294117647058	0.0
ACTR6	17	1.0	0.8823529411764706	0.0
ACTR8	17	1.0	0.9411764705882353	0.0
ACVR1	17	0.9411764705882353	1.0	0.0
ACVR1B	17	1.0	1.0	0.058823529411764705
ACVR1C	17	1.0	1.0	0.0
ACVR2A	17	1.0	1.0	0.0
ACVR2B	17	1.0	1.0	0.0
ACY1	17	1.0	1.0	0.0
ACYP1	17	1.0	0.7647058823529411	0.0
ACYP2	17	0.8235294117647058	1.0	0.0
ADA2	17	0.9411764705882353	1.0	0.0
ADAL	17	1.0	1.0	0.0
ADAM10	17	1.0	0.8823529411764706	0.0
ADAM12	17	0.9411764705882353	0.9411764705882353	0.0
ADAM15	17	0.47058823529411764	0.8235294117647058	0.0
ADAM17	17	0.9411764705882353	1.0	0.0
ADAM19	17	1.0	1.0	0.0
ADAM22	17	1.0	1.0	0.0
ADAM23	17	1.0	0.9411764705882353	0.0
ADAM28	17	0.9411764705882353	0.9411764705882353	0.0
ADAM32	17	0.9411764705882353	0.9411764705882353	0.0
ADAM8	17	0.7647058823529411	0.7058823529411765	0.0
ADAM9	17	0.9411764705882353	0.9411764705882353	0.11764705882352941
ADAMTS1	17	1.0	0.8235294117647058	0.0
ADAMTS10	17	0.8235294117647058	0.7647058823529411	0.0
ADAMTS13	17	1.0	1.0	0.0
ADAMTS16	17	1.0	1.0	0.0
ADAMTS17	17	1.0	0.9411764705882353	0.0
ADAMTS18	17	1.0	1.0	0.0
ADAMTS2	17	0.7647058823529411	0.7647058823529411	0.0
ADAMTS3	17	1.0	1.0	0.058823529411764705
ADAMTS5	17	0.8823529411764706	1.0	0.0
ADAMTS9	17	1.0	1.0	0.9411764705882353
ADAMTS9-AS1	17	1.0	0.9411764705882353	0.47058823529411764
ADAMTS9-AS2	17	0.8823529411764706	0.9411764705882353	0.0
ADAMTSL1	17	1.0	1.0	0.0
ADAMTSL2	17	0.9411764705882353	1.0	0.0
ADAMTSL3	17	0.9411764705882353	1.0	0.0
ADAMTSL4	17	0.9411764705882353	0.9411764705882353	0.17647058823529413
ADAMTSL4-AS1	17	0.9411764705882353	1.0	0.11764705882352941
ADAP1	17	0.8235294117647058	1.0	0.0
ADAP2	17	1.0	0.9411764705882353	0.0
ADAR	17	1.0	1.0	0.17647058823529413
ADARB1	17	0.9411764705882353	0.9411764705882353	0.0
ADARB2	17	0.9411764705882353	0.8235294117647058	0.0
ADAT1	17	0.9411764705882353	0.9411764705882353	0.0
ADAT2	17	0.6470588235294118	0.5882352941176471	0.0
ADCK1	17	0.9411764705882353	0.7647058823529411	0.0
ADCK2	17	0.9411764705882353	1.0	0.0
ADCK5	17	1.0	1.0	0.0
ADCY1	17	1.0	1.0	0.0
ADCY10	17	1.0	1.0	0.0
ADCY2	17	0.7647058823529411	0.8235294117647058	0.0
ADCY3	17	0.8235294117647058	0.7647058823529411	0.0
ADCY4	17	0.8235294117647058	0.8235294117647058	0.0
ADCY5	17	1.0	1.0	0.0
ADCY6	17	1.0	1.0	0.0
ADCY7	17	1.0	1.0	0.0
ADCY9	17	1.0	1.0	0.0
ADD1	17	1.0	0.9411764705882353	0.0
ADD3	17	0.9411764705882353	0.8235294117647058	0.0
ADD3-AS1	17	0.8823529411764706	1.0	0.0
ADGRA3	17	1.0	1.0	0.9411764705882353
ADGRB3	17	0.9411764705882353	1.0	0.0
ADGRE5	17	1.0	1.0	0.0
ADGRF1	17	0.7058823529411765	1.0	0.0
ADGRF3	17	1.0	0.8823529411764706	0.0
ADGRF5	17	1.0	1.0	0.0
ADGRG1	17	1.0	1.0	0.8235294117647058
ADGRG2	17	1.0	1.0	0.058823529411764705
ADGRG6	17	1.0	1.0	0.0
ADGRL1	17	1.0	1.0	0.0
ADGRL2	17	0.8823529411764706	0.8235294117647058	0.0
ADGRL3	17	1.0	1.0	0.0
ADGRL4	17	0.7647058823529411	0.7647058823529411	0.0
ADGRV1	17	0.9411764705882353	0.9411764705882353	0.0
ADH1B	17	0.8235294117647058	0.8235294117647058	0.0
ADH5	17	0.9411764705882353	0.9411764705882353	0.0
ADHFE1	17	1.0	1.0	0.0
ADI1	17	0.8235294117647058	0.8823529411764706	0.0
ADIPOR1	17	1.0	1.0	0.0
ADIPOR2	17	1.0	1.0	0.0
ADIRF-AS1	17	0.8235294117647058	0.8823529411764706	0.0
ADK	17	0.9411764705882353	1.0	0.11764705882352941
ADM	17	0.8235294117647058	1.0	0.0
ADNP	17	0.9411764705882353	1.0	0.0
ADNP-AS1	17	0.9411764705882353	0.9411764705882353	0.0
ADNP2	17	0.9411764705882353	0.8235294117647058	0.0
ADORA1	17	0.8235294117647058	0.7647058823529411	0.0
ADPGK	17	1.0	1.0	0.0
ADPRHL1	17	1.0	1.0	0.0
ADPRHL2	17	1.0	1.0	0.0
ADPRM	17	1.0	1.0	0.0
ADRA1B	17	1.0	1.0	0.0
ADRM1	17	1.0	1.0	0.0
ADSL	17	0.9411764705882353	0.8823529411764706	0.0
ADSS	17	1.0	1.0	0.0
AEBP2	17	1.0	1.0	0.0
AF064858.1	17	0.8235294117647058	1.0	0.0
AF107885.2	17	1.0	1.0	0.0
AF117829.1	17	0.7647058823529411	1.0	0.0
AF127577.2	17	0.5882352941176471	1.0	0.0
AF131215.4	17	0.8823529411764706	1.0	0.0
AF131215.5	17	0.7058823529411765	0.7647058823529411	0.0
AF131215.6	17	0.8823529411764706	0.9411764705882353	0.0
AF165147.1	17	1.0	1.0	0.0
AF233439.1	17	0.9411764705882353	1.0	0.0
AF235103.3	17	0.9411764705882353	0.8823529411764706	0.0
AFAP1	17	0.9411764705882353	1.0	0.0
AFAP1L2	17	1.0	1.0	0.0
AFDN	17	0.9411764705882353	0.9411764705882353	0.058823529411764705
AFDN-DT	17	1.0	1.0	0.0
AFF1	17	1.0	0.8823529411764706	0.0
AFF2	17	0.8235294117647058	0.8235294117647058	0.0
AFF3	17	1.0	1.0	0.5294117647058824
AFF4	17	0.9411764705882353	0.7058823529411765	0.0
AFG1L	17	0.9411764705882353	1.0	0.0
AFG3L2	17	0.8235294117647058	1.0	0.0
AFM	17	1.0	1.0	0.0
AFMID	17	1.0	1.0	0.0
AFTPH	17	1.0	1.0	0.11764705882352941
AGA	17	1.0	0.9411764705882353	0.0
AGAP1	17	1.0	1.0	0.058823529411764705
AGAP3	17	1.0	1.0	0.0
AGAP4	17	1.0	0.9411764705882353	0.0
AGAP5	17	0.9411764705882353	1.0	0.0
AGAP9	17	1.0	1.0	0.0
AGBL1	17	0.9411764705882353	1.0	0.0
AGBL2	17	1.0	1.0	0.0
AGBL3	17	1.0	1.0	0.0
AGBL4	17	1.0	0.7058823529411765	0.0
AGBL5	17	0.9411764705882353	1.0	0.0
AGER	17	0.7058823529411765	1.0	0.0
AGFG1	17	1.0	1.0	0.058823529411764705
AGFG2	17	1.0	1.0	0.0
AGGF1	17	0.9411764705882353	0.9411764705882353	0.0
AGK	17	1.0	1.0	0.0
AGL	17	0.9411764705882353	1.0	0.0
AGMO	17	0.8823529411764706	0.9411764705882353	0.0
AGO1	17	1.0	1.0	0.0
AGO2	17	0.9411764705882353	0.9411764705882353	0.058823529411764705
AGO3	17	1.0	1.0	0.058823529411764705
AGO4	17	0.8235294117647058	1.0	0.0
AGPAT1	17	0.8235294117647058	0.9411764705882353	0.0
AGPAT2	17	0.9411764705882353	1.0	0.058823529411764705
AGPAT3	17	0.9411764705882353	0.8235294117647058	0.058823529411764705
AGPAT4	17	1.0	1.0	0.11764705882352941
AGPAT5	17	1.0	0.9411764705882353	0.0
AGPS	17	0.9411764705882353	1.0	0.0
AGRN	17	0.8823529411764706	1.0	0.0
AGTPBP1	17	1.0	1.0	0.0
AGTRAP	17	1.0	1.0	0.0
AGXT2	17	1.0	1.0	0.0
AHCTF1	17	1.0	1.0	0.0
AHCY	17	0.9411764705882353	1.0	0.0
AHCYL1	17	0.7647058823529411	1.0	0.0
AHCYL2	17	0.9411764705882353	1.0	0.0
AHDC1	17	1.0	1.0	0.0
AHI1	17	1.0	0.9411764705882353	0.058823529411764705
AHNAK	17	1.0	0.9411764705882353	0.9411764705882353
AHNAK2	17	0.8235294117647058	0.8235294117647058	0.14285714285714285
AHR	17	1.0	1.0	0.11764705882352941
AHRR	17	1.0	1.0	0.0
AHSA1	17	1.0	1.0	0.0
AIDA	17	1.0	1.0	0.17647058823529413
AIF1L	17	1.0	1.0	0.0
AIFM1	17	0.8823529411764706	0.7058823529411765	0.0
AIFM2	17	1.0	0.9411764705882353	0.0
AIG1	17	1.0	0.8235294117647058	0.0
AIMP1	17	1.0	0.9411764705882353	0.0
AIMP2	17	1.0	0.9411764705882353	0.0
AJ009632.2	17	1.0	1.0	0.0
AJAP1	17	1.0	0.9411764705882353	0.23529411764705882
AJUBA	17	1.0	1.0	0.0
AK1	17	0.7647058823529411	0.6470588235294118	0.0
AK2	17	0.9411764705882353	1.0	0.0
AK3	17	0.8823529411764706	1.0	0.0
AK4	17	1.0	1.0	0.0
AK6	17	1.0	1.0	0.0
AK7	17	1.0	0.8235294117647058	0.0
AK8	17	0.9411764705882353	0.9411764705882353	0.0
AK9	17	1.0	1.0	0.0
AKAP1	17	1.0	1.0	0.0
AKAP10	17	0.8823529411764706	1.0	0.0
AKAP11	17	1.0	1.0	0.0
AKAP12	17	1.0	0.9411764705882353	0.4117647058823529
AKAP13	17	1.0	1.0	0.9411764705882353
AKAP17A	17	1.0	1.0	0.0
AKAP6	17	1.0	1.0	0.0
AKAP7	17	0.8823529411764706	0.7058823529411765	0.0
AKAP8	17	0.9411764705882353	0.9411764705882353	0.11764705882352941
AKAP8L	17	0.9411764705882353	0.9411764705882353	0.058823529411764705
AKAP9	17	0.9411764705882353	1.0	0.0
AKIP1	17	0.8823529411764706	0.9411764705882353	0.0
AKIRIN1	17	1.0	1.0	0.0
AKIRIN2	17	0.9411764705882353	1.0	0.0
AKNA	17	1.0	1.0	0.0
AKNAD1	17	0.8235294117647058	1.0	0.0
AKR1A1	17	1.0	1.0	0.0
AKR1B1	17	0.7058823529411765	0.9411764705882353	0.0
AKR1C1	17	1.0	0.9411764705882353	0.17647058823529413
AKR1C3	17	0.8823529411764706	1.0	0.0
AKR1C8P	17	0.8823529411764706	1.0	0.0
AKR1E2	17	0.7647058823529411	0.9411764705882353	0.0
AKR7A2	17	1.0	0.7647058823529411	0.0
AKT1	17	0.8823529411764706	0.9411764705882353	0.0
AKT1S1	17	1.0	1.0	0.0
AKT2	17	0.8235294117647058	0.8235294117647058	0.0
AKT3	17	0.9411764705882353	1.0	0.0
AKTIP	17	0.9411764705882353	0.9411764705882353	0.0
AL008633.1	17	1.0	1.0	0.0
AL008729.1	17	0.9411764705882353	1.0	0.0
AL008729.2	17	1.0	0.7647058823529411	0.0
AL020995.1	17	1.0	1.0	0.0
AL021308.1	17	1.0	1.0	0.0
AL021368.2	17	0.7058823529411765	1.0	0.0
AL021393.1	17	0.9411764705882353	0.9411764705882353	0.0
AL021578.1	17	1.0	0.8823529411764706	0.0
AL021707.1	17	0.9411764705882353	0.9411764705882353	0.058823529411764705
AL021707.2	17	1.0	1.0	0.0
AL021707.6	17	0.9411764705882353	0.9411764705882353	0.0
AL021918.5	17	1.0	0.8235294117647058	0.0
AL022068.1	17	0.9411764705882353	1.0	0.0
AL022069.1	17	0.9411764705882353	1.0	0.0
AL022097.1	17	1.0	1.0	0.0
AL022238.2	17	0.9411764705882353	0.9411764705882353	0.0
AL022311.1	17	1.0	0.8823529411764706	0.0
AL022316.1	17	0.8235294117647058	0.9411764705882353	0.0
AL022323.4	17	1.0	1.0	0.11764705882352941
AL023584.2	17	1.0	1.0	0.23529411764705882
AL023882.1	17	0.9411764705882353	0.7647058823529411	0.0
AL024474.2	17	1.0	1.0	0.0
AL024495.1	17	1.0	1.0	0.0
AL031073.2	17	1.0	1.0	0.47058823529411764
AL031123.1	17	1.0	1.0	0.0
AL031123.4	17	1.0	1.0	0.0
AL031123.5	17	1.0	1.0	0.0
AL031280.1	17	0.5294117647058824	1.0	0.0
AL031293.1	17	1.0	1.0	0.0
AL031428.1	17	1.0	1.0	0.0
AL031429.1	17	1.0	1.0	0.0
AL031432.4	17	0.7647058823529411	1.0	0.0
AL031587.2	17	1.0	1.0	0.0
AL031590.1	17	0.8823529411764706	0.9411764705882353	0.0
AL031668.1	17	0.8235294117647058	0.8235294117647058	0.0
AL031714.1	17	0.7647058823529411	0.8235294117647058	0.0
AL031726.1	17	0.7647058823529411	0.8235294117647058	0.0
AL031727.2	17	0.8235294117647058	0.8235294117647058	0.0
AL031768.2	17	1.0	1.0	0.0
AL031772.1	17	0.8823529411764706	0.9411764705882353	0.0
AL031846.2	17	1.0	1.0	0.0
AL033504.1	17	0.9411764705882353	0.9411764705882353	0.0
AL033523.1	17	0.9411764705882353	0.9411764705882353	0.0
AL034405.1	17	0.9411764705882353	1.0	0.0
AL034417.2	17	1.0	0.9411764705882353	0.0
AL035071.1	17	1.0	1.0	0.0
AL035071.2	17	1.0	1.0	0.0
AL035401.1	17	0.8235294117647058	0.8235294117647058	0.0
AL035420.1	17	0.6470588235294118	0.7647058823529411	0.0
AL035427.1	17	1.0	1.0	0.0
AL035448.1	17	0.9411764705882353	1.0	0.0
AL035458.2	17	0.6470588235294118	1.0	0.0
AL035530.2	17	1.0	1.0	0.0
AL035587.1	17	0.9411764705882353	0.9411764705882353	0.0
AL035588.1	17	1.0	1.0	0.0
AL035634.1	17	1.0	1.0	0.17647058823529413
AL035670.1	17	1.0	0.8823529411764706	0.0
AL035681.1	17	0.9411764705882353	1.0	0.0
AL035701.1	17	1.0	0.8235294117647058	0.0
AL049569.1	17	1.0	1.0	0.0
AL049629.1	17	0.9411764705882353	0.9411764705882353	0.11764705882352941
AL049637.1	17	0.5294117647058824	0.7647058823529411	0.0
AL049646.1	17	1.0	1.0	0.0
AL049779.4	17	1.0	1.0	0.0
AL049780.1	17	0.7058823529411765	0.6470588235294118	0.0
AL049780.2	17	0.8235294117647058	0.8235294117647058	0.0
AL049820.1	17	1.0	1.0	0.058823529411764705
AL049828.1	17	0.9411764705882353	0.7647058823529411	0.0
AL049840.2	17	1.0	1.0	0.0
AL049840.4	17	0.9411764705882353	0.9411764705882353	0.0
AL049840.5	17	1.0	0.8235294117647058	0.0
AL049869.3	17	0.9411764705882353	1.0	0.0
AL050309.1	17	1.0	1.0	0.0
AL050403.2	17	0.7647058823529411	1.0	0.0
AL078459.1	17	1.0	1.0	0.9411764705882353
AL078581.4	17	1.0	1.0	0.0
AL078590.2	17	0.8235294117647058	0.7647058823529411	0.0
AL078600.1	17	1.0	1.0	0.0
AL078604.4	17	1.0	0.9411764705882353	0.0
AL079338.1	17	0.9411764705882353	0.9411764705882353	0.0
AL080250.1	17	0.9411764705882353	0.9411764705882353	0.0
AL080276.2	17	1.0	1.0	0.0
AL080317.1	17	1.0	1.0	0.0
AL080317.2	17	0.8823529411764706	0.8823529411764706	0.0
AL096799.1	17	1.0	1.0	0.058823529411764705
AL096803.2	17	1.0	1.0	0.0
AL096854.1	17	1.0	0.8235294117647058	0.9411764705882353
AL096870.8	17	1.0	1.0	0.0
AL109613.1	17	1.0	1.0	0.0
AL109628.2	17	1.0	1.0	0.0
AL109659.1	17	1.0	1.0	0.0
AL109761.1	17	0.7647058823529411	0.8235294117647058	0.0
AL109811.1	17	0.9411764705882353	1.0	0.0
AL109811.2	17	1.0	1.0	0.0
AL109824.1	17	1.0	1.0	0.0
AL109840.2	17	0.8235294117647058	0.7058823529411765	0.0
AL109920.1	17	0.8235294117647058	0.8235294117647058	0.0
AL109936.6	17	0.8235294117647058	0.8235294117647058	0.0
AL109946.1	17	0.9411764705882353	1.0	0.0
AL109984.1	17	0.9411764705882353	1.0	0.0
AL110114.1	17	1.0	1.0	0.0
AL110292.1	17	1.0	1.0	0.0
AL117209.1	17	1.0	1.0	0.0
AL117327.1	17	1.0	0.9411764705882353	0.0
AL117336.2	17	1.0	1.0	0.0
AL117381.1	17	1.0	1.0	0.29411764705882354
AL121578.3	17	1.0	1.0	0.0
AL121839.2	17	1.0	1.0	0.0
AL121900.1	17	1.0	1.0	0.058823529411764705
AL121917.1	17	0.8823529411764706	0.7647058823529411	0.0
AL121944.1	17	0.7058823529411765	0.8823529411764706	0.0
AL121972.1	17	0.9411764705882353	1.0	0.0
AL122035.1	17	1.0	1.0	0.0
AL132780.1	17	1.0	1.0	0.0
AL132780.2	17	1.0	1.0	0.0
AL132800.1	17	1.0	1.0	0.0
AL132857.1	17	1.0	1.0	0.0
AL133227.1	17	1.0	1.0	0.0
AL133243.2	17	0.8823529411764706	0.7058823529411765	0.0
AL133243.3	17	0.9411764705882353	0.9411764705882353	0.0
AL133245.1	17	0.7647058823529411	0.5294117647058824	0.0
AL133284.1	17	0.8235294117647058	0.8235294117647058	0.0
AL133297.2	17	1.0	1.0	0.0
AL133334.1	17	1.0	1.0	0.0
AL133346.1	17	0.8235294117647058	0.7058823529411765	0.0
AL133410.1	17	1.0	1.0	0.0
AL133480.1	17	1.0	1.0	0.0
AL133523.1	17	1.0	1.0	0.0
AL135910.1	17	1.0	1.0	0.0
AL135925.1	17	0.8823529411764706	0.9411764705882353	0.0
AL135978.2	17	1.0	1.0	0.0
AL135999.1	17	1.0	1.0	0.0
AL136038.5	17	1.0	1.0	0.0
AL136114.1	17	0.7647058823529411	0.9411764705882353	0.0
AL136115.2	17	0.9411764705882353	0.9411764705882353	0.0
AL136119.1	17	0.7647058823529411	0.7058823529411765	0.0
AL136234.1	17	0.9411764705882353	1.0	0.0
AL136298.1	17	1.0	0.8823529411764706	0.0
AL136366.1	17	0.7647058823529411	0.8235294117647058	0.0
AL136418.1	17	0.9411764705882353	0.9411764705882353	0.11764705882352941
AL136441.1	17	1.0	1.0	0.0
AL136456.1	17	0.9411764705882353	0.9411764705882353	0.0
AL136962.1	17	1.0	0.8823529411764706	0.0
AL136979.1	17	0.9411764705882353	1.0	0.0
AL136985.3	17	0.9411764705882353	0.9411764705882353	0.0
AL137009.1	17	1.0	0.8823529411764706	0.058823529411764705
AL137024.1	17	0.9411764705882353	0.9411764705882353	0.0
AL137139.2	17	0.8823529411764706	0.9411764705882353	0.0
AL137182.1	17	0.8235294117647058	0.8235294117647058	0.0
AL137847.1	17	1.0	0.8823529411764706	0.0
AL137847.2	17	0.8823529411764706	0.7058823529411765	0.0
AL138716.1	17	0.8235294117647058	1.0	0.0
AL138720.1	17	1.0	0.8235294117647058	0.0
AL138733.1	17	1.0	1.0	0.058823529411764705
AL138756.1	17	1.0	1.0	0.0
AL138760.1	17	1.0	1.0	0.0
AL138787.2	17	1.0	1.0	0.0
AL138828.1	17	1.0	1.0	0.0
AL138927.1	17	1.0	1.0	0.0
AL138999.2	17	0.9411764705882353	0.8235294117647058	0.0
AL139021.1	17	0.8823529411764706	0.7058823529411765	0.0
AL139021.2	17	0.8823529411764706	1.0	0.0
AL139022.1	17	1.0	0.9411764705882353	0.0
AL139106.1	17	1.0	1.0	0.0
AL139120.1	17	1.0	1.0	0.0
AL139260.1	17	0.9411764705882353	1.0	0.0
AL139294.1	17	0.9411764705882353	0.9411764705882353	0.0
AL139317.5	17	1.0	1.0	0.0
AL139353.2	17	0.9411764705882353	0.8823529411764706	0.0
AL139383.1	17	1.0	1.0	0.058823529411764705
AL139393.1	17	0.8235294117647058	0.47058823529411764	0.0
AL139423.1	17	1.0	1.0	0.0
AL139807.1	17	1.0	1.0	0.11764705882352941
AL139815.1	17	1.0	1.0	0.0
AL157388.1	17	0.7647058823529411	0.8235294117647058	0.0
AL157392.3	17	0.8823529411764706	0.8823529411764706	0.0
AL157400.3	17	1.0	1.0	0.0
AL157786.1	17	0.8235294117647058	0.8235294117647058	0.0
AL157829.1	17	1.0	1.0	0.11764705882352941
AL157834.1	17	1.0	1.0	0.0
AL157838.1	17	0.9411764705882353	0.9411764705882353	0.0
AL157871.4	17	1.0	1.0	0.11764705882352941
AL157871.6	17	1.0	0.9411764705882353	0.0
AL157893.2	17	0.8235294117647058	0.8235294117647058	0.0
AL157911.1	17	1.0	1.0	0.058823529411764705
AL157931.1	17	0.8235294117647058	0.8235294117647058	0.14285714285714285
AL157938.2	17	0.8823529411764706	1.0	0.0
AL157938.3	17	0.9411764705882353	1.0	0.0
AL157944.1	17	1.0	0.9411764705882353	0.0
AL158011.1	17	1.0	1.0	0.0
AL158055.1	17	0.8823529411764706	0.9411764705882353	0.0
AL158068.2	17	1.0	1.0	0.0
AL158071.1	17	0.9411764705882353	1.0	0.0
AL158071.3	17	0.8235294117647058	0.9411764705882353	0.0
AL158071.4	17	0.9411764705882353	1.0	0.0
AL158151.1	17	0.5882352941176471	0.7647058823529411	0.0
AL158152.1	17	1.0	0.8235294117647058	0.0
AL158154.3	17	0.8823529411764706	1.0	0.0
AL158198.1	17	1.0	1.0	0.0
AL158212.1	17	1.0	0.9411764705882353	0.0
AL158212.2	17	0.8235294117647058	0.8235294117647058	0.0
AL158212.3	17	0.9411764705882353	0.9411764705882353	0.0
AL158801.3	17	1.0	1.0	0.0
AL159156.1	17	0.9411764705882353	0.8235294117647058	0.0
AL160006.1	17	0.9411764705882353	1.0	0.0
AL160269.1	17	0.7058823529411765	0.7647058823529411	0.0
AL160314.2	17	1.0	1.0	0.0
AL161430.1	17	1.0	1.0	0.0
AL161457.2	17	1.0	0.8823529411764706	0.0
AL161725.1	17	1.0	1.0	0.0
AL161757.5	17	1.0	0.9411764705882353	0.0
AL161804.1	17	1.0	1.0	0.0
AL161896.1	17	0.8235294117647058	0.8235294117647058	0.0
AL162171.2	17	1.0	1.0	0.0
AL162171.3	17	1.0	1.0	0.0
AL162231.2	17	1.0	1.0	0.0
AL162253.2	17	1.0	0.8235294117647058	0.0
AL162258.2	17	1.0	0.9411764705882353	0.0
AL162390.1	17	0.9411764705882353	1.0	0.0
AL162394.1	17	1.0	1.0	0.0
AL162411.1	17	0.8823529411764706	1.0	0.0
AL162431.1	17	1.0	1.0	0.0
AL162458.1	17	1.0	1.0	0.0
AL162586.1	17	1.0	1.0	0.0
AL162595.1	17	0.8823529411764706	0.8823529411764706	0.0
AL162725.2	17	1.0	1.0	0.0
AL163541.1	17	0.9411764705882353	0.9411764705882353	0.0
AL353138.1	17	0.9411764705882353	0.7058823529411765	0.0
AL353151.2	17	1.0	0.7647058823529411	0.0
AL353572.4	17	1.0	0.9411764705882353	0.0
AL353576.1	17	1.0	1.0	0.0
AL353593.1	17	0.8235294117647058	0.8235294117647058	0.0
AL353622.1	17	0.8823529411764706	0.8235294117647058	0.0
AL353653.1	17	0.8235294117647058	0.8235294117647058	0.0
AL353660.1	17	0.7058823529411765	0.5882352941176471	0.0
AL353697.1	17	1.0	1.0	0.0
AL353743.2	17	1.0	0.7647058823529411	0.0
AL353768.1	17	1.0	1.0	0.058823529411764705
AL353801.1	17	1.0	1.0	0.0
AL353803.1	17	1.0	1.0	0.0
AL353803.2	17	1.0	1.0	0.0
AL354696.2	17	1.0	0.9411764705882353	0.0
AL354733.3	17	0.7647058823529411	0.9411764705882353	0.0
AL354740.1	17	0.9411764705882353	0.9411764705882353	0.0
AL354743.2	17	0.8823529411764706	0.5882352941176471	0.0
AL354771.1	17	0.8235294117647058	0.8235294117647058	0.0
AL354809.1	17	1.0	1.0	0.0
AL354822.1	17	0.9411764705882353	1.0	0.0
AL354836.1	17	1.0	1.0	0.0
AL354863.1	17	0.8235294117647058	0.9411764705882353	0.0
AL355001.1	17	1.0	0.9411764705882353	0.0
AL355304.1	17	0.6470588235294118	0.47058823529411764	0.0
AL355353.1	17	1.0	0.6470588235294118	0.0
AL355472.2	17	0.9411764705882353	1.0	0.0
AL355488.1	17	1.0	0.9411764705882353	0.0
AL355499.1	17	1.0	1.0	0.058823529411764705
AL355512.1	17	0.8235294117647058	0.8235294117647058	0.07142857142857142
AL355574.1	17	0.7647058823529411	0.8823529411764706	0.0
AL355612.1	17	1.0	0.8235294117647058	0.0
AL355838.1	17	0.8235294117647058	0.8235294117647058	0.0
AL355916.1	17	0.9411764705882353	0.8235294117647058	0.0
AL355997.1	17	1.0	1.0	0.0
AL355999.1	17	0.8235294117647058	0.7647058823529411	0.0
AL356113.1	17	1.0	1.0	0.0
AL356124.1	17	1.0	1.0	0.058823529411764705
AL356356.1	17	0.9411764705882353	0.9411764705882353	0.23529411764705882
AL356419.1	17	0.9411764705882353	0.9411764705882353	0.0
AL356481.1	17	1.0	1.0	0.0
AL356488.2	17	1.0	1.0	0.0
AL356599.1	17	1.0	1.0	0.0
AL356737.2	17	0.6470588235294118	1.0	0.0
AL356804.1	17	0.8823529411764706	1.0	0.0
AL356805.1	17	0.9411764705882353	0.9411764705882353	0.0
AL356966.1	17	0.8235294117647058	0.8235294117647058	0.0
AL357054.2	17	0.8823529411764706	0.9411764705882353	0.0
AL357079.1	17	0.8823529411764706	1.0	0.0
AL357093.2	17	0.8235294117647058	0.8235294117647058	0.0
AL357141.1	17	1.0	1.0	0.0
AL357153.2	17	1.0	1.0	0.0
AL357507.1	17	0.8235294117647058	0.7647058823529411	0.0
AL357873.1	17	0.9411764705882353	1.0	0.0
AL358232.2	17	1.0	1.0	0.058823529411764705
AL358335.2	17	1.0	1.0	0.0
AL358937.1	17	0.7647058823529411	0.7647058823529411	0.0
AL358944.1	17	1.0	1.0	0.0
AL359094.1	17	1.0	1.0	0.0
AL359095.1	17	1.0	1.0	0.0
AL359220.1	17	0.9411764705882353	1.0	0.0
AL359232.1	17	1.0	1.0	0.0
AL359317.2	17	1.0	1.0	0.0
AL359636.2	17	1.0	1.0	0.0
AL359643.3	17	0.7058823529411765	0.8235294117647058	0.0
AL359644.1	17	0.9411764705882353	1.0	0.0
AL359706.1	17	0.9411764705882353	1.0	0.0
AL359715.1	17	1.0	0.9411764705882353	0.0
AL359878.1	17	0.9411764705882353	0.9411764705882353	0.0
AL359915.1	17	1.0	0.9411764705882353	0.0
AL359921.1	17	0.7058823529411765	0.9411764705882353	0.0
AL360091.3	17	1.0	1.0	0.0
AL360178.1	17	0.9411764705882353	1.0	0.0
AL360178.2	17	1.0	1.0	0.0
AL365259.1	17	0.8235294117647058	0.8235294117647058	0.0
AL365295.1	17	0.9411764705882353	0.8235294117647058	0.0
AL365356.1	17	1.0	1.0	0.0
AL365436.2	17	0.7058823529411765	1.0	0.0
AL390198.1	17	1.0	1.0	0.0
AL390719.2	17	1.0	1.0	0.0
AL390719.3	17	1.0	1.0	0.058823529411764705
AL390728.6	17	0.8823529411764706	0.8823529411764706	0.0
AL390774.2	17	1.0	1.0	0.0
AL390957.1	17	0.9411764705882353	0.7647058823529411	0.0
AL391056.2	17	0.9411764705882353	0.9411764705882353	0.0
AL391117.1	17	0.8823529411764706	1.0	0.0
AL391684.1	17	0.9411764705882353	0.8823529411764706	0.0
AL391839.1	17	1.0	0.9411764705882353	0.0
AL391840.1	17	1.0	1.0	0.0
AL391840.3	17	0.9411764705882353	0.9411764705882353	0.0
AL392086.3	17	0.9411764705882353	0.9411764705882353	0.058823529411764705
AL392172.1	17	0.9411764705882353	1.0	0.0
AL442003.1	17	1.0	1.0	0.0
AL442067.3	17	0.8235294117647058	0.8235294117647058	0.0
AL442071.2	17	0.9411764705882353	1.0	0.0
AL442125.1	17	0.9411764705882353	1.0	0.0
AL442163.1	17	0.5882352941176471	0.7647058823529411	0.0
AL445123.2	17	1.0	1.0	0.0
AL445223.1	17	0.9411764705882353	1.0	0.0
AL445231.1	17	1.0	1.0	0.0
AL445248.1	17	1.0	1.0	0.058823529411764705
AL445250.1	17	1.0	1.0	0.0
AL445928.2	17	1.0	1.0	0.0
AL450163.1	17	0.8235294117647058	1.0	0.0
AL450352.1	17	0.8235294117647058	0.8235294117647058	0.0
AL450384.2	17	1.0	1.0	0.058823529411764705
AL450992.1	17	0.7647058823529411	0.7647058823529411	0.0
AL450992.2	17	0.9411764705882353	1.0	0.0
AL450998.2	17	1.0	1.0	0.0
AL451042.1	17	0.9411764705882353	0.9411764705882353	0.058823529411764705
AL451070.1	17	0.9411764705882353	1.0	0.0
AL451137.2	17	0.7647058823529411	0.8235294117647058	0.0
AL451166.1	17	0.5294117647058824	0.6470588235294118	0.0
AL512343.2	17	0.8235294117647058	0.8235294117647058	0.0
AL512353.1	17	0.8235294117647058	0.8235294117647058	0.0
AL512380.2	17	1.0	0.9411764705882353	0.0
AL512422.1	17	0.8235294117647058	0.8235294117647058	0.0
AL512603.2	17	1.0	1.0	0.0
AL512625.3	17	0.8235294117647058	0.8235294117647058	0.0
AL512662.2	17	1.0	1.0	0.058823529411764705
AL513164.1	17	0.8235294117647058	1.0	0.0
AL513166.1	17	1.0	0.6470588235294118	0.0
AL513188.1	17	1.0	1.0	0.058823529411764705
AL513314.2	17	1.0	1.0	0.0
AL513318.2	17	1.0	0.8235294117647058	0.0
AL513327.1	17	1.0	1.0	0.0
AL513365.2	17	0.9411764705882353	0.9411764705882353	0.0
AL513548.1	17	1.0	0.7647058823529411	0.0
AL513548.4	17	0.8235294117647058	0.7647058823529411	0.0
AL513550.1	17	0.8823529411764706	0.8235294117647058	0.0
AL583810.1	17	0.9411764705882353	1.0	0.0
AL589669.1	17	0.8235294117647058	1.0	0.0
AL589693.1	17	1.0	1.0	0.0
AL589740.1	17	1.0	1.0	0.0
AL589843.1	17	1.0	1.0	0.0
AL589863.1	17	1.0	1.0	0.0
AL589935.1	17	1.0	1.0	0.0
AL590006.1	17	1.0	1.0	0.35294117647058826
AL590064.1	17	1.0	1.0	0.0
AL590560.3	17	0.9411764705882353	1.0	0.0
AL590652.1	17	1.0	0.8823529411764706	0.0
AL590705.1	17	1.0	1.0	0.058823529411764705
AL590807.1	17	0.7647058823529411	0.7647058823529411	0.0
AL590822.1	17	1.0	1.0	0.0
AL591002.1	17	0.8235294117647058	0.8235294117647058	0.0
AL591043.2	17	0.9411764705882353	1.0	0.0
AL591242.1	17	0.8235294117647058	0.8235294117647058	0.0
AL591368.1	17	1.0	0.9411764705882353	0.0
AL591501.1	17	0.8235294117647058	0.9411764705882353	0.0
AL591506.1	17	1.0	0.8823529411764706	0.0
AL591519.1	17	1.0	1.0	0.0
AL591623.1	17	0.7647058823529411	0.8235294117647058	0.0
AL591684.1	17	0.9411764705882353	0.9411764705882353	0.0
AL591848.4	17	0.8235294117647058	0.7647058823529411	0.0
AL591895.1	17	1.0	0.8823529411764706	0.0
AL592183.1	17	1.0	1.0	0.0
AL592295.3	17	0.9411764705882353	0.9411764705882353	0.0
AL592295.4	17	1.0	1.0	0.0
AL592295.5	17	1.0	0.8235294117647058	0.0
AL592429.2	17	1.0	1.0	0.0
AL592430.1	17	0.9411764705882353	1.0	0.0
AL596214.1	17	1.0	1.0	0.0
AL596218.1	17	1.0	1.0	0.0
AL596223.1	17	0.8235294117647058	1.0	0.0
AL603839.3	17	1.0	0.9411764705882353	0.0
AL603840.1	17	1.0	1.0	0.0
AL606489.1	17	0.9411764705882353	1.0	0.0
AL627171.2	17	0.8235294117647058	0.7647058823529411	0.0
AL627232.1	17	0.8235294117647058	0.8235294117647058	0.0
AL627309.1	17	1.0	1.0	0.0
AL627309.5	17	0.9411764705882353	1.0	0.0
AL645465.1	17	1.0	1.0	0.0
AL645507.1	17	0.8235294117647058	0.7647058823529411	0.0
AL645568.1	17	1.0	1.0	0.0
AL645608.2	17	0.8823529411764706	1.0	0.0
AL645608.6	17	1.0	1.0	0.0
AL645608.7	17	1.0	1.0	0.0
AL662884.5	17	0.9411764705882353	1.0	0.0
AL662907.3	17	1.0	1.0	0.0
AL670729.3	17	0.9411764705882353	0.8235294117647058	0.0
AL683813.1	17	0.9411764705882353	0.9411764705882353	0.0
AL691403.1	17	1.0	0.9411764705882353	0.0
AL731563.3	17	0.8235294117647058	0.8235294117647058	0.0
AL731569.1	17	0.7647058823529411	0.8235294117647058	0.0
AL731577.2	17	1.0	1.0	0.058823529411764705
AL731769.2	17	1.0	1.0	0.0
AL732314.6	17	1.0	1.0	0.0
AL732509.1	17	0.9411764705882353	0.9411764705882353	0.0
AL929091.1	17	1.0	1.0	0.058823529411764705
ALAD	17	0.4117647058823529	1.0	0.0
ALAS1	17	1.0	1.0	0.0
ALCAM	17	0.9411764705882353	0.9411764705882353	0.17647058823529413
ALDH16A1	17	0.9411764705882353	1.0	0.0
ALDH18A1	17	0.9411764705882353	1.0	0.0
ALDH1A1	17	0.9411764705882353	0.8823529411764706	0.0
ALDH1A2	17	0.6470588235294118	0.9411764705882353	0.0
ALDH1A3	17	0.9411764705882353	0.9411764705882353	0.0
ALDH1L1	17	0.9411764705882353	1.0	0.0
ALDH1L2	17	0.8235294117647058	0.6470588235294118	0.0
ALDH2	17	0.8823529411764706	0.8235294117647058	0.0
ALDH3A2	17	0.9411764705882353	0.7647058823529411	0.0
ALDH3B1	17	0.8235294117647058	0.8235294117647058	0.0
ALDH4A1	17	0.9411764705882353	1.0	0.0
ALDH5A1	17	1.0	1.0	0.0
ALDH6A1	17	1.0	1.0	0.0
ALDH7A1	17	0.9411764705882353	0.8823529411764706	0.0
ALDH8A1	17	1.0	1.0	0.0
ALDH9A1	17	0.8823529411764706	1.0	0.0
ALDOA	17	1.0	0.7058823529411765	0.0
ALDOB	17	1.0	1.0	0.0
ALG1	17	1.0	1.0	0.0
ALG10B	17	0.8235294117647058	0.8235294117647058	0.0
ALG11	17	0.7058823529411765	1.0	0.0
ALG12	17	1.0	1.0	0.0
ALG13	17	0.9411764705882353	1.0	0.0
ALG13-AS1	17	1.0	1.0	0.0
ALG14	17	0.9411764705882353	0.9411764705882353	0.0
ALG1L2	17	0.9411764705882353	1.0	0.0
ALG1L9P	17	1.0	1.0	0.0
ALG2	17	0.8235294117647058	1.0	0.0
ALG3	17	0.8235294117647058	0.8235294117647058	0.0
ALG5	17	0.9411764705882353	1.0	0.0
ALG6	17	0.8823529411764706	0.9411764705882353	0.0
ALG8	17	0.9411764705882353	0.9411764705882353	0.0
ALG9	17	1.0	1.0	0.0
ALK	17	1.0	1.0	0.0
ALKBH1	17	0.9411764705882353	1.0	0.0
ALKBH2	17	0.9411764705882353	0.9411764705882353	0.0
ALKBH3	17	0.8235294117647058	0.8823529411764706	0.0
ALKBH4	17	1.0	0.9411764705882353	0.0
ALKBH5	17	0.9411764705882353	0.7647058823529411	0.0
ALKBH6	17	1.0	1.0	0.0
ALKBH8	17	1.0	0.9411764705882353	0.0
ALMS1	17	0.9411764705882353	1.0	0.0
ALOX12	17	0.5294117647058824	0.7647058823529411	0.0
ALOX12-AS1	17	1.0	1.0	0.0
ALOX5	17	1.0	1.0	0.0
ALPK1	17	1.0	0.8823529411764706	0.0
ALPK2	17	0.9411764705882353	1.0	0.0
ALPK3	17	1.0	0.9411764705882353	0.11764705882352941
ALS2	17	1.0	1.0	0.0
ALS2CL	17	1.0	0.9411764705882353	0.0
AMACR	17	0.9411764705882353	0.7647058823529411	0.0
AMBRA1	17	0.9411764705882353	0.9411764705882353	0.058823529411764705
AMD1	17	1.0	1.0	0.058823529411764705
AMDHD2	17	1.0	1.0	0.0
AMER1	17	1.0	0.9411764705882353	0.0
AMFR	17	1.0	1.0	0.0
AMMECR1	17	1.0	1.0	0.11764705882352941
AMMECR1L	17	1.0	1.0	0.058823529411764705
AMN	17	0.9411764705882353	1.0	0.0
AMN1	17	0.9411764705882353	1.0	0.058823529411764705
AMOT	17	0.9411764705882353	0.8235294117647058	0.0
AMOTL1	17	1.0	1.0	0.0
AMOTL2	17	0.9411764705882353	0.9411764705882353	0.0
AMPD2	17	0.9411764705882353	1.0	0.0
AMPD3	17	1.0	1.0	0.058823529411764705
AMT	17	1.0	1.0	0.0
AMY2B	17	1.0	1.0	0.0
AMZ1	17	1.0	1.0	0.4117647058823529
AMZ2	17	1.0	1.0	0.0
ANAPC1	17	0.9411764705882353	1.0	0.0
ANAPC10	17	0.9411764705882353	1.0	0.0
ANAPC11	17	0.8235294117647058	0.8235294117647058	0.0
ANAPC13	17	0.9411764705882353	0.9411764705882353	0.0
ANAPC16	17	0.8823529411764706	0.8823529411764706	0.0
ANAPC2	17	1.0	1.0	0.0
ANAPC4	17	1.0	1.0	0.0
ANAPC5	17	1.0	1.0	0.0
ANAPC7	17	1.0	1.0	0.058823529411764705
ANGEL1	17	1.0	1.0	0.0
ANGEL2	17	1.0	0.7647058823529411	0.0
ANGPT1	17	1.0	1.0	0.0
ANGPT2	17	1.0	1.0	0.0
ANGPTL1	17	1.0	1.0	0.0
ANGPTL2	17	1.0	1.0	0.0
ANGPTL4	17	1.0	1.0	0.0
ANK2	17	1.0	1.0	0.0
ANK3	17	1.0	0.7647058823529411	0.0
ANKAR	17	1.0	0.9411764705882353	0.0
ANKDD1A	17	0.9411764705882353	0.9411764705882353	0.0
ANKDD1B	17	1.0	1.0	0.0
ANKEF1	17	1.0	1.0	0.0
ANKFN1	17	0.9411764705882353	0.9411764705882353	0.0
ANKFY1	17	1.0	1.0	0.47058823529411764
ANKH	17	1.0	1.0	0.058823529411764705
ANKHD1	17	0.9411764705882353	1.0	0.0
ANKIB1	17	1.0	1.0	0.0
ANKLE2	17	1.0	1.0	0.9411764705882353
ANKMY1	17	1.0	1.0	0.0
ANKMY2	17	0.8235294117647058	0.9411764705882353	0.0
ANKRA2	17	0.9411764705882353	0.8823529411764706	0.0
ANKRD10	17	1.0	0.9411764705882353	0.0
ANKRD10-IT1	17	0.9411764705882353	1.0	0.0
ANKRD11	17	0.9411764705882353	0.7058823529411765	0.058823529411764705
ANKRD12	17	1.0	1.0	0.11764705882352941
ANKRD13A	17	1.0	0.8823529411764706	0.0
ANKRD13C	17	1.0	0.9411764705882353	0.0
ANKRD13D	17	1.0	1.0	0.0
ANKRD16	17	0.8823529411764706	0.7058823529411765	0.0
ANKRD17	17	0.9411764705882353	1.0	0.0
ANKRD18A	17	1.0	1.0	0.0
ANKRD20A4	17	1.0	0.9411764705882353	0.0
ANKRD22	17	0.9411764705882353	1.0	0.0
ANKRD23	17	1.0	1.0	0.0
ANKRD24	17	1.0	1.0	0.0
ANKRD26	17	1.0	1.0	0.058823529411764705
ANKRD27	17	1.0	0.9411764705882353	0.11764705882352941
ANKRD28	17	1.0	0.6470588235294118	0.0
ANKRD29	17	0.9411764705882353	0.7647058823529411	0.0
ANKRD30A	17	0.8235294117647058	0.8235294117647058	0.0
ANKRD31	17	1.0	1.0	0.0
ANKRD33B	17	0.9411764705882353	0.9411764705882353	0.11764705882352941
ANKRD34B	17	1.0	1.0	0.0
ANKRD36	17	0.9411764705882353	0.9411764705882353	0.0
ANKRD36B	17	1.0	0.8823529411764706	0.0
ANKRD36C	17	0.9411764705882353	0.7647058823529411	0.0
ANKRD39	17	1.0	1.0	0.0
ANKRD40	17	0.8235294117647058	0.8235294117647058	0.0
ANKRD42	17	0.8823529411764706	0.9411764705882353	0.0
ANKRD44	17	1.0	1.0	0.7058823529411765
ANKRD45	17	1.0	1.0	0.0
ANKRD46	17	1.0	1.0	0.058823529411764705
ANKRD49	17	0.9411764705882353	0.9411764705882353	0.0
ANKRD50	17	0.7058823529411765	1.0	0.0
ANKRD52	17	1.0	1.0	0.0
ANKRD54	17	1.0	1.0	0.058823529411764705
ANKRD6	17	1.0	1.0	0.058823529411764705
ANKRD7	17	0.7647058823529411	0.9411764705882353	0.0
ANKRD9	17	1.0	1.0	0.0
ANKS1A	17	1.0	1.0	0.058823529411764705
ANKS1B	17	1.0	0.8823529411764706	0.0
ANKS3	17	1.0	1.0	0.0
ANKS6	17	1.0	0.7647058823529411	0.0
ANKUB1	17	1.0	1.0	0.0
ANKZF1	17	1.0	1.0	0.0
ANO10	17	1.0	1.0	0.0
ANO2	17	1.0	1.0	0.0
ANO5	17	0.9411764705882353	1.0	0.0
ANO6	17	1.0	1.0	0.7058823529411765
ANO8	17	1.0	1.0	0.0
ANO9	17	0.7647058823529411	1.0	0.0
ANOS1	17	0.7647058823529411	0.9411764705882353	0.0
ANP32A	17	1.0	0.9411764705882353	0.0
ANP32B	17	1.0	0.9411764705882353	0.0
ANP32E	17	1.0	0.9411764705882353	0.058823529411764705
ANPEP	17	1.0	1.0	0.0
ANTKMT	17	0.8823529411764706	0.8823529411764706	0.0
ANTXR1	17	0.9411764705882353	0.8235294117647058	0.0
ANTXR2	17	0.9411764705882353	0.9411764705882353	0.0
ANXA1	17	1.0	1.0	0.7058823529411765
ANXA11	17	1.0	0.9411764705882353	0.11764705882352941
ANXA2	17	1.0	1.0	0.11764705882352941
ANXA3	17	1.0	1.0	0.6470588235294118
ANXA4	17	0.9411764705882353	1.0	0.0
ANXA5	17	1.0	1.0	0.9411764705882353
ANXA6	17	0.8235294117647058	1.0	0.0
ANXA7	17	0.9411764705882353	0.9411764705882353	0.058823529411764705
ANXA9	17	1.0	1.0	0.0
AOAH	17	1.0	0.5882352941176471	0.0
AOC1	17	1.0	0.7058823529411765	0.0
AOPEP	17	1.0	1.0	0.7058823529411765
AP000240.1	17	0.5882352941176471	0.7647058823529411	0.0
AP000282.1	17	1.0	1.0	0.0
AP000317.1	17	0.7647058823529411	1.0	0.0
AP000331.1	17	1.0	1.0	0.7647058823529411
AP000424.1	17	1.0	0.8823529411764706	0.0
AP000442.1	17	1.0	1.0	0.0
AP000446.1	17	1.0	1.0	0.0
AP000462.1	17	1.0	1.0	0.0
AP000487.1	17	0.9411764705882353	0.9411764705882353	0.0
AP000547.3	17	0.9411764705882353	0.9411764705882353	0.0
AP000662.1	17	1.0	0.8235294117647058	0.0
AP000676.5	17	1.0	0.9411764705882353	0.0
AP000688.1	17	0.8823529411764706	1.0	0.0
AP000688.2	17	0.6470588235294118	0.9411764705882353	0.0
AP000692.1	17	1.0	0.9411764705882353	0.0
AP000695.1	17	0.8235294117647058	0.8235294117647058	0.0
AP000695.2	17	0.9411764705882353	0.9411764705882353	0.0
AP000704.1	17	0.9411764705882353	0.9411764705882353	0.0
AP000721.2	17	1.0	1.0	0.0
AP000753.2	17	1.0	1.0	0.0
AP000757.1	17	0.9411764705882353	0.9411764705882353	0.11764705882352941
AP000766.1	17	1.0	1.0	0.0
AP000779.1	17	1.0	1.0	0.0
AP000787.1	17	0.9411764705882353	1.0	0.0
AP000829.1	17	0.8235294117647058	0.8235294117647058	0.0
AP000857.2	17	0.8235294117647058	1.0	0.0
AP000866.1	17	0.7058823529411765	0.7647058823529411	0.0
AP000866.6	17	1.0	1.0	0.0
AP000873.2	17	0.6470588235294118	0.9411764705882353	0.0
AP000892.1	17	1.0	1.0	0.0
AP000897.2	17	0.8235294117647058	0.8235294117647058	0.0
AP000919.2	17	0.9411764705882353	1.0	0.0
AP000919.3	17	0.9411764705882353	1.0	0.0
AP000943.2	17	1.0	1.0	0.058823529411764705
AP001011.1	17	1.0	1.0	0.0
AP001020.2	17	0.8235294117647058	0.8235294117647058	0.0
AP001021.3	17	1.0	1.0	0.0
AP001033.1	17	0.8823529411764706	0.8235294117647058	0.0
AP001042.1	17	1.0	0.9411764705882353	0.0
AP001059.2	17	0.8823529411764706	0.8823529411764706	0.0
AP001059.3	17	1.0	0.9411764705882353	0.0
AP001062.1	17	1.0	0.9411764705882353	0.0
AP001107.9	17	1.0	1.0	0.0
AP001160.1	17	0.8235294117647058	0.8235294117647058	0.0
AP001207.3	17	0.8823529411764706	0.7058823529411765	0.0
AP001266.2	17	1.0	1.0	0.058823529411764705
AP001267.3	17	0.9411764705882353	1.0	0.0
AP001318.2	17	0.9411764705882353	0.9411764705882353	0.0
AP001347.1	17	1.0	0.6470588235294118	0.0
AP001372.2	17	1.0	1.0	0.0
AP001439.1	17	0.9411764705882353	1.0	0.0
AP001442.1	17	1.0	1.0	0.0
AP001453.1	17	0.9411764705882353	1.0	0.0
AP001462.1	17	0.7647058823529411	0.5882352941176471	0.0
AP001469.3	17	0.8235294117647058	0.8235294117647058	0.0
AP001505.1	17	0.7058823529411765	0.8235294117647058	0.0
AP001528.1	17	0.9411764705882353	0.8235294117647058	0.0
AP001627.1	17	0.7058823529411765	0.9411764705882353	0.0
AP001628.1	17	1.0	1.0	0.0
AP001767.3	17	1.0	1.0	0.0
AP001825.1	17	0.8823529411764706	1.0	0.0
AP001830.1	17	0.8235294117647058	0.8235294117647058	0.0
AP001831.1	17	0.9411764705882353	1.0	0.0
AP001977.1	17	0.9411764705882353	1.0	0.0
AP002026.1	17	1.0	0.8823529411764706	0.0
AP002075.1	17	1.0	1.0	0.0
AP002336.2	17	0.9411764705882353	1.0	0.0
AP002360.1	17	0.8823529411764706	0.4117647058823529	0.0
AP002370.2	17	0.8235294117647058	0.8235294117647058	0.0
AP002381.2	17	0.8235294117647058	1.0	0.0
AP002383.2	17	0.8235294117647058	0.8235294117647058	0.0
AP002490.1	17	0.9411764705882353	0.9411764705882353	0.0
AP002495.1	17	1.0	1.0	0.0
AP002498.1	17	0.8235294117647058	0.8235294117647058	0.0
AP002518.2	17	1.0	1.0	0.0
AP002748.6	17	0.9411764705882353	1.0	0.0
AP002784.1	17	0.8235294117647058	0.8235294117647058	0.07142857142857142
AP002812.2	17	1.0	1.0	0.0
AP002892.1	17	0.6470588235294118	0.47058823529411764	0.0
AP002961.1	17	1.0	1.0	0.0
AP002989.1	17	1.0	1.0	0.9411764705882353
AP003049.2	17	0.8235294117647058	0.8235294117647058	0.0
AP003059.1	17	1.0	1.0	0.0
AP003059.2	17	1.0	0.8823529411764706	0.0
AP003086.1	17	1.0	1.0	0.11764705882352941
AP003108.1	17	0.8235294117647058	0.8235294117647058	0.0
AP003110.1	17	1.0	1.0	0.0
AP003392.1	17	0.9411764705882353	1.0	0.0
AP003469.4	17	0.8235294117647058	0.6470588235294118	0.0
AP003486.1	17	0.9411764705882353	1.0	0.0
AP003559.1	17	0.8235294117647058	0.8235294117647058	0.0
AP003778.1	17	1.0	1.0	0.0
AP003783.1	17	1.0	1.0	0.47058823529411764
AP004608.1	17	0.8823529411764706	1.0	0.0
AP005131.1	17	0.9411764705882353	1.0	0.0
AP005131.6	17	0.8235294117647058	0.8235294117647058	0.0
AP005230.1	17	1.0	1.0	0.0
AP005432.1	17	1.0	0.8235294117647058	0.0
AP005436.1	17	0.9411764705882353	1.0	0.0
AP005899.1	17	0.9411764705882353	1.0	0.0
AP006261.1	17	1.0	1.0	0.0
AP006284.1	17	1.0	1.0	0.0
AP006621.3	17	0.9411764705882353	1.0	0.0
AP006621.4	17	0.9411764705882353	1.0	0.17647058823529413
AP1AR	17	1.0	1.0	0.0
AP1B1	17	1.0	0.7647058823529411	0.0
AP1G1	17	0.9411764705882353	1.0	0.0
AP1G2	17	0.9411764705882353	1.0	0.0
AP1M1	17	0.9411764705882353	0.9411764705882353	0.0
AP1M2	17	1.0	1.0	0.0
AP1S2	17	1.0	1.0	0.0
AP1S3	17	1.0	1.0	0.11764705882352941
AP2A1	17	0.9411764705882353	0.9411764705882353	0.0
AP2A2	17	0.9411764705882353	1.0	0.0
AP2B1	17	0.9411764705882353	1.0	0.11764705882352941
AP2M1	17	0.9411764705882353	1.0	0.0
AP2S1	17	1.0	0.8235294117647058	0.0
AP3B1	17	1.0	1.0	0.0
AP3B2	17	0.9411764705882353	0.7058823529411765	0.0
AP3D1	17	0.8823529411764706	1.0	0.0
AP3M1	17	0.8823529411764706	1.0	0.0
AP3M2	17	1.0	0.8235294117647058	0.0
AP3S1	17	1.0	1.0	0.0
AP3S2	17	0.9411764705882353	1.0	0.0
AP4B1	17	1.0	0.9411764705882353	0.0
AP4E1	17	0.9411764705882353	0.8235294117647058	0.0
AP4M1	17	1.0	1.0	0.0
AP4S1	17	0.9411764705882353	1.0	0.11764705882352941
AP5B1	17	0.9411764705882353	0.9411764705882353	0.058823529411764705
AP5M1	17	1.0	1.0	0.0
AP5S1	17	0.9411764705882353	0.7647058823529411	0.0
AP5Z1	17	0.8823529411764706	0.9411764705882353	0.0
APAF1	17	1.0	0.9411764705882353	0.0
APBA1	17	1.0	0.8823529411764706	0.0
APBA3	17	0.9411764705882353	0.7647058823529411	0.0
APBB1	17	0.9411764705882353	0.9411764705882353	0.0
APBB1IP	17	1.0	1.0	0.11764705882352941
APBB2	17	1.0	1.0	0.0
APBB3	17	1.0	1.0	0.0
APC	17	0.6470588235294118	1.0	0.0
APCDD1	17	0.7647058823529411	0.47058823529411764	0.0
APCDD1L	17	1.0	1.0	0.058823529411764705
APCDD1L-DT	17	0.8823529411764706	1.0	0.0
APEH	17	0.9411764705882353	1.0	0.0
APEX1	17	1.0	1.0	0.0
APEX2	17	1.0	1.0	0.0
APH1A	17	1.0	1.0	0.0
APH1B	17	1.0	0.9411764705882353	0.0
API5	17	1.0	1.0	0.0
APIP	17	0.9411764705882353	0.8235294117647058	0.0
APLF	17	1.0	1.0	0.0
APLP2	17	0.8823529411764706	0.8823529411764706	0.0
APMAP	17	0.9411764705882353	0.9411764705882353	0.0
APOB	17	1.0	1.0	0.0
APOBEC2	17	0.8235294117647058	0.8235294117647058	0.0
APOBEC3F	17	0.7647058823529411	0.8235294117647058	0.0
APOE	17	1.0	1.0	0.0
APOL1	17	0.9411764705882353	1.0	0.8235294117647058
APOL2	17	0.9411764705882353	0.9411764705882353	0.058823529411764705
APOL4	17	1.0	0.9411764705882353	0.0
APOL6	17	0.9411764705882353	1.0	0.0
APOLD1	17	0.9411764705882353	1.0	0.0
APOO	17	0.5294117647058824	0.8235294117647058	0.0
APOOL	17	0.9411764705882353	1.0	0.0
APP	17	0.8235294117647058	0.8823529411764706	0.0
APPBP2	17	1.0	1.0	0.0
APPL1	17	0.9411764705882353	0.9411764705882353	0.0
APPL2	17	0.9411764705882353	0.8823529411764706	0.0
APTR	17	0.8235294117647058	1.0	0.0
APTX	17	1.0	1.0	0.0
AQP1	17	1.0	1.0	0.0
AQP11	17	0.8235294117647058	0.8235294117647058	0.0
AQP2	17	1.0	1.0	0.0
AQP3	17	0.9411764705882353	0.8823529411764706	0.0
AQP4-AS1	17	1.0	1.0	0.17647058823529413
AQP5	17	1.0	1.0	0.0
AQP7	17	1.0	0.9411764705882353	0.0
AQR	17	1.0	1.0	0.0
AR	17	1.0	1.0	0.0
ARAF	17	0.9411764705882353	1.0	0.0
ARAP1	17	1.0	1.0	0.0
ARAP2	17	1.0	1.0	0.9411764705882353
ARAP3	17	1.0	1.0	0.0
ARCN1	17	1.0	1.0	0.0
AREL1	17	1.0	1.0	0.0
ARF1	17	1.0	1.0	0.0
ARF3	17	0.9411764705882353	0.8823529411764706	0.0
ARF4	17	1.0	1.0	0.0
ARF5	17	1.0	1.0	0.0
ARF6	17	0.9411764705882353	1.0	0.0
ARFGAP1	17	1.0	1.0	0.0
ARFGAP2	17	0.9411764705882353	1.0	0.0
ARFGAP3	17	0.9411764705882353	0.9411764705882353	0.11764705882352941
ARFGEF1	17	1.0	1.0	0.058823529411764705
ARFGEF2	17	1.0	1.0	0.0
ARFGEF3	17	0.9411764705882353	1.0	0.058823529411764705
ARFIP1	17	1.0	1.0	0.0
ARFIP2	17	1.0	1.0	0.0
ARFRP1	17	0.9411764705882353	0.9411764705882353	0.0
ARG2	17	1.0	1.0	0.4117647058823529
ARGLU1	17	1.0	0.8235294117647058	0.0
ARHGAP1	17	0.8235294117647058	0.9411764705882353	0.0
ARHGAP10	17	1.0	1.0	0.17647058823529413
ARHGAP11B	17	1.0	1.0	0.0
ARHGAP12	17	1.0	1.0	0.058823529411764705
ARHGAP15	17	1.0	1.0	0.11764705882352941
ARHGAP17	17	1.0	0.9411764705882353	0.0
ARHGAP18	17	1.0	1.0	0.9411764705882353
ARHGAP19	17	1.0	1.0	0.0
ARHGAP21	17	1.0	1.0	0.8823529411764706
ARHGAP22	17	1.0	1.0	0.0
ARHGAP23	17	1.0	1.0	0.11764705882352941
ARHGAP24	17	1.0	1.0	0.0
ARHGAP25	17	0.9411764705882353	0.9411764705882353	0.0
ARHGAP26	17	1.0	1.0	0.9411764705882353
ARHGAP27	17	1.0	0.9411764705882353	0.0
ARHGAP28	17	1.0	1.0	0.11764705882352941
ARHGAP29	17	1.0	1.0	0.0
ARHGAP29-AS1	17	1.0	1.0	0.0
ARHGAP30	17	1.0	1.0	0.0
ARHGAP31	17	0.9411764705882353	0.9411764705882353	0.0
ARHGAP32	17	0.9411764705882353	0.9411764705882353	0.11764705882352941
ARHGAP33	17	1.0	1.0	0.0
ARHGAP35	17	0.8823529411764706	0.8823529411764706	0.0
ARHGAP39	17	0.9411764705882353	1.0	0.0
ARHGAP4	17	0.9411764705882353	1.0	0.0
ARHGAP40	17	1.0	1.0	0.11764705882352941
ARHGAP42	17	1.0	1.0	0.9411764705882353
ARHGAP44	17	1.0	1.0	0.0
ARHGAP5	17	1.0	0.9411764705882353	0.0
ARHGAP6	17	0.8235294117647058	0.8235294117647058	0.0
ARHGAP8	17	0.9411764705882353	1.0	0.0
ARHGDIA	17	0.8235294117647058	1.0	0.0
ARHGDIB	17	0.9411764705882353	0.7058823529411765	0.0
ARHGEF1	17	1.0	1.0	0.0
ARHGEF10	17	1.0	1.0	0.5294117647058824
ARHGEF10L	17	0.9411764705882353	0.8235294117647058	0.0
ARHGEF11	17	1.0	1.0	0.0
ARHGEF12	17	0.9411764705882353	1.0	0.0
ARHGEF16	17	0.9411764705882353	1.0	0.0
ARHGEF17	17	1.0	1.0	0.0
ARHGEF18	17	1.0	1.0	0.058823529411764705
ARHGEF2	17	0.9411764705882353	0.9411764705882353	0.0
ARHGEF26	17	1.0	1.0	0.0
ARHGEF26-AS1	17	0.9411764705882353	0.9411764705882353	0.0
ARHGEF28	17	0.8823529411764706	0.7058823529411765	0.0
ARHGEF3	17	0.9411764705882353	1.0	0.0
ARHGEF3-AS1	17	1.0	1.0	0.0
ARHGEF33	17	1.0	1.0	0.0
ARHGEF35	17	1.0	0.9411764705882353	0.0
ARHGEF37	17	1.0	0.5882352941176471	0.0
ARHGEF38	17	1.0	1.0	0.058823529411764705
ARHGEF4	17	0.7647058823529411	0.5882352941176471	0.0
ARHGEF40	17	0.8235294117647058	1.0	0.0
ARHGEF5	17	0.9411764705882353	0.9411764705882353	0.0
ARHGEF6	17	0.9411764705882353	0.9411764705882353	0.0
ARHGEF7	17	0.9411764705882353	0.9411764705882353	0.0
ARHGEF9	17	1.0	0.9411764705882353	0.0
ARID1A	17	1.0	1.0	0.0
ARID1B	17	0.9411764705882353	0.7058823529411765	0.0
ARID2	17	0.9411764705882353	1.0	0.0
ARID3A	17	0.6470588235294118	0.9411764705882353	0.0
ARID3B	17	1.0	1.0	0.0
ARID4A	17	1.0	1.0	0.0
ARID4B	17	1.0	1.0	0.0
ARID5A	17	1.0	1.0	0.0
ARID5B	17	0.9411764705882353	0.8823529411764706	0.0
ARIH1	17	0.9411764705882353	0.8823529411764706	0.0
ARIH2	17	1.0	1.0	0.0
ARL1	17	0.7058823529411765	0.9411764705882353	0.0
ARL10	17	0.9411764705882353	1.0	0.0
ARL13B	17	0.9411764705882353	1.0	0.0
ARL14EP	17	0.8823529411764706	0.8235294117647058	0.0
ARL15	17	0.8823529411764706	1.0	0.058823529411764705
ARL16	17	0.8823529411764706	0.47058823529411764	0.0
ARL17A	17	1.0	0.7058823529411765	0.0
ARL17B	17	0.8235294117647058	1.0	0.0
ARL2	17	0.7647058823529411	0.8235294117647058	0.0
ARL2BP	17	1.0	1.0	0.0
ARL3	17	0.9411764705882353	1.0	0.0
ARL4A	17	1.0	1.0	0.0
ARL4C	17	0.9411764705882353	0.9411764705882353	0.0
ARL4D	17	0.9411764705882353	0.9411764705882353	0.0
ARL5A	17	1.0	1.0	0.0
ARL5B	17	1.0	1.0	0.0
ARL6	17	1.0	1.0	0.0
ARL6IP1	17	1.0	1.0	0.0
ARL6IP4	17	1.0	1.0	0.0
ARL6IP5	17	0.9411764705882353	1.0	0.0
ARL6IP6	17	1.0	1.0	0.0
ARL8A	17	1.0	0.9411764705882353	0.0
ARL8B	17	1.0	1.0	0.0
ARMC1	17	0.9411764705882353	0.7647058823529411	0.0
ARMC10	17	1.0	1.0	0.0
ARMC2	17	0.9411764705882353	1.0	0.0
ARMC3	17	0.9411764705882353	0.5882352941176471	0.0
ARMC5	17	1.0	1.0	0.0
ARMC6	17	1.0	1.0	0.0
ARMC7	17	0.9411764705882353	0.9411764705882353	0.0
ARMC8	17	1.0	1.0	0.0
ARMC9	17	0.9411764705882353	1.0	0.0
ARMCX1	17	0.8235294117647058	0.8235294117647058	0.0
ARMCX2	17	0.9411764705882353	1.0	0.0
ARMCX3	17	0.8823529411764706	0.6470588235294118	0.0
ARMCX4	17	1.0	1.0	0.0
ARMCX5	17	0.8823529411764706	0.8823529411764706	0.0
ARMCX5-GPRASP2	17	1.0	1.0	0.0
ARMCX6	17	0.9411764705882353	1.0	0.0
ARMH1	17	1.0	0.8235294117647058	0.0
ARMH3	17	0.9411764705882353	0.9411764705882353	0.058823529411764705
ARMH4	17	0.9411764705882353	0.9411764705882353	0.0
ARMT1	17	0.9411764705882353	0.9411764705882353	0.0
ARNT	17	1.0	0.9411764705882353	0.0
ARNT2	17	1.0	1.0	0.058823529411764705
ARNTL	17	0.9411764705882353	0.9411764705882353	0.0
ARNTL2	17	1.0	1.0	0.5294117647058824
ARPC1A	17	0.9411764705882353	1.0	0.0
ARPC1B	17	0.8823529411764706	1.0	0.0
ARPC2	17	0.9411764705882353	0.9411764705882353	0.0
ARPC3	17	1.0	1.0	0.0
ARPC4	17	1.0	0.9411764705882353	0.0
ARPC5	17	1.0	1.0	0.0
ARPC5L	17	1.0	1.0	0.0
ARPIN	17	1.0	1.0	0.0
ARPP19	17	0.9411764705882353	1.0	0.0
ARRB1	17	1.0	1.0	0.0
ARRB2	17	0.8235294117647058	0.8235294117647058	0.0
ARRDC1	17	1.0	0.7058823529411765	0.0
ARRDC1-AS1	17	1.0	1.0	0.0
ARRDC2	17	1.0	1.0	0.0
ARRDC3	17	1.0	1.0	0.0
ARRDC3-AS1	17	1.0	1.0	0.17647058823529413
ARRDC4	17	1.0	1.0	0.11764705882352941
ARSA	17	1.0	1.0	0.0
ARSB	17	1.0	1.0	0.0
ARSD	17	1.0	1.0	0.058823529411764705
ARSE	17	1.0	1.0	0.0
ARSG	17	0.8823529411764706	1.0	0.0
ARSJ	17	0.9411764705882353	1.0	0.0
ARSK	17	0.9411764705882353	0.9411764705882353	0.0
ART4	17	1.0	0.8823529411764706	0.0
ARV1	17	0.8823529411764706	0.8823529411764706	0.0
ARVCF	17	0.9411764705882353	0.9411764705882353	0.0
AS3MT	17	1.0	1.0	0.0
ASAH1	17	0.9411764705882353	1.0	0.0
ASAH2B	17	0.8823529411764706	0.6470588235294118	0.0
ASAP1	17	1.0	1.0	0.0
ASAP2	17	0.9411764705882353	0.9411764705882353	0.0
ASAP3	17	1.0	1.0	0.0
ASB1	17	0.9411764705882353	0.8823529411764706	0.0
ASB13	17	0.9411764705882353	0.9411764705882353	0.0
ASB16-AS1	17	1.0	1.0	0.0
ASB3	17	1.0	0.9411764705882353	0.0
ASB6	17	0.8235294117647058	0.8823529411764706	0.0
ASB7	17	0.9411764705882353	0.9411764705882353	0.0
ASB8	17	1.0	1.0	0.0
ASCC1	17	0.9411764705882353	0.8823529411764706	0.0
ASCC2	17	1.0	1.0	0.0
ASCC3	17	1.0	1.0	0.0
ASF1A	17	1.0	0.9411764705882353	0.0
ASH1L	17	1.0	0.8823529411764706	0.0
ASH1L-AS1	17	1.0	1.0	0.0
ASH2L	17	0.9411764705882353	1.0	0.0
ASIC2	17	1.0	0.7647058823529411	0.0
ASL	17	0.9411764705882353	1.0	0.0
ASMTL	17	0.9411764705882353	0.9411764705882353	0.0
ASMTL-AS1	17	0.9411764705882353	1.0	0.0
ASNSD1	17	0.9411764705882353	0.9411764705882353	0.0
ASPA	17	1.0	1.0	0.058823529411764705
ASPH	17	1.0	1.0	0.058823529411764705
ASPHD1	17	1.0	1.0	0.0
ASPHD2	17	0.7647058823529411	0.7647058823529411	0.0
ASPSCR1	17	1.0	1.0	0.0
ASRGL1	17	1.0	1.0	0.0
ASS1	17	0.9411764705882353	1.0	0.0
ASTE1	17	0.8823529411764706	0.9411764705882353	0.0
ASTN2	17	1.0	1.0	0.0
ASTN2-AS1	17	1.0	1.0	0.5294117647058824
ASXL1	17	0.8823529411764706	0.9411764705882353	0.0
ASXL2	17	1.0	1.0	0.0
ASXL3	17	1.0	1.0	0.0
ATAD1	17	0.9411764705882353	1.0	0.0
ATAD2	17	0.7058823529411765	0.9411764705882353	0.0
ATAD2B	17	0.9411764705882353	0.9411764705882353	0.0
ATAD3A	17	0.9411764705882353	1.0	0.0
ATAD3B	17	1.0	1.0	0.0
ATAD3C	17	0.9411764705882353	0.7647058823529411	0.0
ATAD5	17	0.9411764705882353	1.0	0.0
ATAT1	17	0.8823529411764706	1.0	0.0
ATE1	17	1.0	0.8823529411764706	0.0
ATF1	17	0.7058823529411765	1.0	0.0
ATF2	17	1.0	1.0	0.0
ATF3	17	1.0	1.0	0.0
ATF4	17	0.9411764705882353	0.9411764705882353	0.0
ATF5	17	1.0	0.8823529411764706	0.0
ATF6	17	1.0	0.9411764705882353	0.0
ATF6B	17	1.0	1.0	0.0
ATF7	17	1.0	1.0	0.11764705882352941
ATF7IP	17	0.9411764705882353	0.9411764705882353	0.0
ATF7IP2	17	1.0	1.0	0.0
ATG10	17	1.0	1.0	0.0
ATG12	17	1.0	1.0	0.0
ATG13	17	0.8823529411764706	0.8823529411764706	0.0
ATG14	17	1.0	1.0	0.0
ATG16L1	17	1.0	1.0	0.058823529411764705
ATG16L2	17	1.0	1.0	0.0
ATG2A	17	0.5882352941176471	0.9411764705882353	0.0
ATG2B	17	1.0	1.0	0.0
ATG3	17	1.0	1.0	0.0
ATG4A	17	1.0	0.9411764705882353	0.0
ATG4B	17	0.8235294117647058	1.0	0.0
ATG4C	17	0.9411764705882353	0.7647058823529411	0.0
ATG4D	17	1.0	1.0	0.0
ATG5	17	1.0	1.0	0.0
ATG7	17	1.0	1.0	0.11764705882352941
ATG9A	17	1.0	0.9411764705882353	0.0
ATIC	17	0.7058823529411765	0.8823529411764706	0.0
ATL1	17	0.9411764705882353	1.0	0.0
ATL2	17	0.9411764705882353	1.0	0.0
ATL3	17	1.0	1.0	0.0
ATM	17	0.9411764705882353	1.0	0.0
ATMIN	17	0.6470588235294118	0.8823529411764706	0.0
ATN1	17	1.0	1.0	0.0
ATOH8	17	0.8235294117647058	1.0	0.0
ATOX1	17	1.0	0.8235294117647058	0.0
ATP10D	17	1.0	0.7058823529411765	0.0
ATP11A	17	1.0	1.0	0.17647058823529413
ATP11B	17	1.0	1.0	0.0
ATP11C	17	1.0	1.0	0.058823529411764705
ATP12A	17	1.0	1.0	0.0
ATP13A1	17	1.0	1.0	0.0
ATP13A2	17	1.0	0.9411764705882353	0.0
ATP13A3	17	1.0	1.0	0.0
ATP13A4	17	1.0	1.0	0.0
ATP1A1	17	0.9411764705882353	0.9411764705882353	0.11764705882352941
ATP1A1-AS1	17	1.0	1.0	0.7058823529411765
ATP1B1	17	1.0	1.0	0.058823529411764705
ATP1B3	17	0.8823529411764706	1.0	0.0
ATP1B3-AS1	17	0.9411764705882353	0.8823529411764706	0.0
ATP23	17	0.8235294117647058	0.7058823529411765	0.0
ATP2A1	17	0.8823529411764706	0.9411764705882353	0.0
ATP2A2	17	0.7647058823529411	1.0	0.0
ATP2A3	17	0.9411764705882353	0.9411764705882353	0.0
ATP2B1	17	1.0	1.0	0.058823529411764705
ATP2B2	17	1.0	1.0	0.0
ATP2B4	17	1.0	1.0	0.29411764705882354
ATP2C1	17	0.9411764705882353	1.0	0.0
ATP2C2	17	0.8235294117647058	0.8235294117647058	0.0
ATP5F1A	17	0.9411764705882353	1.0	0.0
ATP5F1B	17	1.0	1.0	0.0
ATP5F1C	17	0.8823529411764706	0.8823529411764706	0.0
ATP5F1D	17	0.8823529411764706	1.0	0.0
ATP5F1E	17	0.9411764705882353	1.0	0.0
ATP5IF1	17	1.0	1.0	0.0
ATP5MC2	17	0.8235294117647058	0.8823529411764706	0.0
ATP5MC3	17	1.0	1.0	0.0
ATP5MD	17	0.8823529411764706	0.8823529411764706	0.0
ATP5ME	17	0.8823529411764706	0.9411764705882353	0.0
ATP5MF	17	0.7647058823529411	0.7647058823529411	0.0
ATP5MG	17	1.0	1.0	0.0
ATP5MPL	17	1.0	0.8823529411764706	0.0
ATP5PB	17	0.7647058823529411	1.0	0.0
ATP5PD	17	0.8823529411764706	0.9411764705882353	0.0
ATP5PF	17	1.0	0.8823529411764706	0.0
ATP5PO	17	0.9411764705882353	0.9411764705882353	0.0
ATP6AP1	17	0.9411764705882353	1.0	0.0
ATP6AP1L	17	1.0	1.0	0.35294117647058826
ATP6AP2	17	1.0	0.9411764705882353	0.0
ATP6V0A1	17	0.9411764705882353	1.0	0.0
ATP6V0A2	17	0.9411764705882353	0.9411764705882353	0.0
ATP6V0A4	17	0.9411764705882353	1.0	0.0
ATP6V0B	17	1.0	1.0	0.0
ATP6V0C	17	0.9411764705882353	1.0	0.0
ATP6V0D1	17	1.0	1.0	0.0
ATP6V0D2	17	0.9411764705882353	1.0	0.0
ATP6V0E1	17	1.0	1.0	0.0
ATP6V0E2	17	0.8823529411764706	1.0	0.0
ATP6V0E2-AS1	17	0.9411764705882353	0.7647058823529411	0.0
ATP6V1A	17	1.0	1.0	0.058823529411764705
ATP6V1B1	17	0.8235294117647058	1.0	0.0
ATP6V1B2	17	1.0	1.0	0.058823529411764705
ATP6V1C1	17	0.9411764705882353	0.9411764705882353	0.0
ATP6V1C2	17	0.9411764705882353	0.9411764705882353	0.0
ATP6V1D	17	1.0	1.0	0.0
ATP6V1E1	17	0.9411764705882353	1.0	0.0
ATP6V1E2	17	0.9411764705882353	0.7647058823529411	0.0
ATP6V1F	17	0.7058823529411765	0.7647058823529411	0.0
ATP6V1G1	17	0.7647058823529411	0.8823529411764706	0.0
ATP6V1H	17	1.0	1.0	0.0
ATP7A	17	0.9411764705882353	1.0	0.0
ATP7B	17	1.0	0.9411764705882353	0.0
ATP8A1	17	1.0	1.0	0.0
ATP8A2	17	0.8235294117647058	0.8235294117647058	0.0
ATP8B1	17	0.7647058823529411	1.0	0.0
ATP8B2	17	1.0	1.0	0.11764705882352941
ATP8B4	17	0.9411764705882353	1.0	0.0
ATP9A	17	0.9411764705882353	1.0	0.23529411764705882
ATP9B	17	1.0	0.8823529411764706	0.0
ATPAF1	17	0.8823529411764706	1.0	0.0
ATPAF2	17	0.8235294117647058	0.8823529411764706	0.0
ATPSCKMT	17	1.0	1.0	0.0
ATR	17	1.0	0.9411764705882353	0.0
ATRAID	17	1.0	1.0	0.0
ATRIP	17	0.9411764705882353	0.9411764705882353	0.0
ATRN	17	0.9411764705882353	0.7647058823529411	0.0
ATRNL1	17	0.9411764705882353	1.0	0.0
ATRX	17	1.0	1.0	0.0
ATXN1	17	1.0	1.0	0.11764705882352941
ATXN10	17	1.0	1.0	0.11764705882352941
ATXN1L	17	1.0	1.0	0.0
ATXN2	17	1.0	1.0	0.11764705882352941
ATXN2L	17	1.0	1.0	0.0
ATXN3	17	1.0	1.0	0.0
ATXN7	17	1.0	1.0	0.0
ATXN7L1	17	1.0	0.9411764705882353	0.0
ATXN7L2	17	1.0	1.0	0.0
ATXN7L3	17	1.0	1.0	0.0
ATXN7L3B	17	1.0	1.0	0.0
AUH	17	0.8823529411764706	0.7058823529411765	0.0
AUP1	17	1.0	1.0	0.0
AUTS2	17	0.6470588235294118	0.8235294117647058	0.0
AUXG01000058.1	17	1.0	1.0	0.0
AVEN	17	0.9411764705882353	0.9411764705882353	0.11764705882352941
AVIL	17	1.0	1.0	0.0
AVL9	17	1.0	1.0	0.0
AVPI1	17	1.0	1.0	0.0
AVPR1A	17	1.0	1.0	0.0
AVPR2	17	0.8235294117647058	0.8235294117647058	0.0
AXDND1	17	1.0	1.0	0.058823529411764705
AXIN1	17	1.0	0.9411764705882353	0.11764705882352941
AXIN2	17	0.8235294117647058	0.8235294117647058	0.0
AXL	17	1.0	0.9411764705882353	0.9411764705882353
AZI2	17	1.0	1.0	0.0
AZIN1	17	1.0	0.9411764705882353	0.0
AZIN1-AS1	17	1.0	0.9411764705882353	0.0
AZIN2	17	1.0	1.0	0.0
B2M	17	0.9411764705882353	0.9411764705882353	0.0
B3GALNT1	17	0.8823529411764706	0.9411764705882353	0.0
B3GALNT2	17	1.0	0.8235294117647058	0.0
B3GALT4	17	1.0	1.0	0.0
B3GAT3	17	1.0	1.0	0.0
B3GLCT	17	0.8235294117647058	0.7647058823529411	0.0
B3GNT2	17	1.0	0.8235294117647058	0.0
B3GNT5	17	0.8235294117647058	1.0	0.0
B3GNTL1	17	0.8235294117647058	0.9411764705882353	0.0
B4GALNT2	17	1.0	1.0	0.0
B4GALNT3	17	1.0	1.0	0.0
B4GALT1	17	1.0	1.0	0.0
B4GALT2	17	1.0	0.9411764705882353	0.0
B4GALT3	17	1.0	1.0	0.0
B4GALT4	17	1.0	1.0	0.0
B4GALT4-AS1	17	0.8235294117647058	0.8235294117647058	0.0
B4GALT5	17	0.9411764705882353	1.0	0.11764705882352941
B4GALT6	17	1.0	1.0	0.0
B4GALT7	17	1.0	1.0	0.0
B9D1	17	1.0	1.0	0.0
BAALC	17	1.0	0.9411764705882353	0.0
BAALC-AS1	17	0.9411764705882353	0.8823529411764706	0.0
BABAM1	17	1.0	1.0	0.0
BABAM2	17	1.0	0.7647058823529411	0.0
BACE1	17	1.0	1.0	0.0
BACE1-AS	17	0.9411764705882353	1.0	0.0
BACE2	17	0.9411764705882353	0.6470588235294118	0.0
BACH1	17	1.0	1.0	0.058823529411764705
BACH1-AS1	17	0.8235294117647058	0.8235294117647058	0.0
BACH2	17	1.0	1.0	0.0
BAD	17	0.9411764705882353	1.0	0.0
BAG1	17	1.0	0.9411764705882353	0.0
BAG3	17	1.0	1.0	0.0
BAG4	17	0.9411764705882353	0.9411764705882353	0.0
BAG5	17	1.0	1.0	0.0
BAG6	17	0.9411764705882353	1.0	0.0
BAHCC1	17	1.0	0.9411764705882353	0.0
BAHD1	17	1.0	1.0	0.058823529411764705
BAIAP2	17	0.9411764705882353	0.9411764705882353	0.11764705882352941
BAIAP2-DT	17	0.6470588235294118	0.8235294117647058	0.0
BAIAP2L1	17	0.9411764705882353	0.9411764705882353	0.17647058823529413
BAIAP2L2	17	1.0	1.0	0.0
BAIAP3	17	0.9411764705882353	0.9411764705882353	0.0
BAK1	17	1.0	1.0	0.0
BANF1	17	1.0	1.0	0.0
BANK1	17	0.9411764705882353	1.0	0.0
BANP	17	0.9411764705882353	1.0	0.058823529411764705
BAP1	17	1.0	1.0	0.0
BARD1	17	1.0	1.0	0.058823529411764705
BARX2	17	1.0	1.0	0.0
BAX	17	1.0	1.0	0.0
BAZ1A	17	0.9411764705882353	1.0	0.17647058823529413
BAZ1B	17	0.7058823529411765	1.0	0.0
BAZ2A	17	1.0	1.0	0.0
BAZ2B	17	0.9411764705882353	0.9411764705882353	0.0
BBIP1	17	1.0	1.0	0.0
BBOF1	17	1.0	1.0	0.0
BBOX1	17	1.0	1.0	0.058823529411764705
BBOX1-AS1	17	1.0	1.0	0.0
BBS1	17	1.0	1.0	0.0
BBS12	17	1.0	0.8823529411764706	0.0
BBS2	17	0.9411764705882353	0.9411764705882353	0.0
BBS4	17	1.0	0.8823529411764706	0.0
BBS5	17	0.9411764705882353	1.0	0.0
BBS7	17	0.9411764705882353	0.9411764705882353	0.0
BBS9	17	0.9411764705882353	0.9411764705882353	0.0
BBX	17	1.0	0.9411764705882353	0.0
BCAM	17	1.0	1.0	0.058823529411764705
BCAP29	17	0.9411764705882353	1.0	0.0
BCAP31	17	1.0	1.0	0.0
BCAR1	17	0.9411764705882353	0.8823529411764706	0.0
BCAR3	17	0.9411764705882353	0.9411764705882353	0.11764705882352941
BCAS1	17	1.0	1.0	0.0
BCAS2	17	0.6470588235294118	1.0	0.0
BCAS3	17	1.0	1.0	0.0
BCAS4	17	0.9411764705882353	0.9411764705882353	0.0
BCAT2	17	0.9411764705882353	0.9411764705882353	0.0
BCCIP	17	1.0	1.0	0.0
BCKDHA	17	0.8823529411764706	0.7647058823529411	0.0
BCKDHB	17	0.9411764705882353	0.9411764705882353	0.0
BCKDK	17	0.9411764705882353	1.0	0.0
BCL10	17	1.0	1.0	0.0
BCL11B	17	0.8235294117647058	0.8235294117647058	0.0
BCL2	17	0.9411764705882353	0.9411764705882353	0.0
BCL2L1	17	1.0	0.9411764705882353	0.058823529411764705
BCL2L11	17	1.0	0.9411764705882353	0.0
BCL2L12	17	1.0	1.0	0.0
BCL2L13	17	1.0	1.0	0.0
BCL2L14	17	1.0	1.0	0.0
BCL2L15	17	0.8235294117647058	0.9411764705882353	0.0
BCL2L2	17	0.9411764705882353	0.8823529411764706	0.0
BCL2L2-PABPN1	17	1.0	1.0	0.0
BCL3	17	0.8235294117647058	0.9411764705882353	0.0
BCL6	17	1.0	1.0	0.0
BCL7A	17	1.0	1.0	0.0
BCL7B	17	1.0	1.0	0.0
BCL7C	17	1.0	1.0	0.0
BCL9	17	1.0	1.0	0.0
BCL9L	17	0.9411764705882353	0.9411764705882353	0.058823529411764705
BCLAF1	17	1.0	1.0	0.058823529411764705
BCLAF3	17	1.0	1.0	0.0
BCO2	17	1.0	1.0	0.058823529411764705
BCOR	17	1.0	1.0	0.0
BCORL1	17	1.0	1.0	0.0
BCR	17	0.9411764705882353	0.9411764705882353	0.0
BCS1L	17	0.7647058823529411	0.8823529411764706	0.0
BDH1	17	0.9411764705882353	1.0	0.058823529411764705
BDH2	17	0.9411764705882353	0.7058823529411765	0.0
BDKRB2	17	1.0	1.0	0.0
BDNF-AS	17	1.0	1.0	0.0
BDP1	17	1.0	0.6470588235294118	0.0
BEAN1	17	0.9411764705882353	1.0	0.7647058823529411
BECN1	17	0.8235294117647058	0.8823529411764706	0.0
BEND3	17	0.9411764705882353	0.9411764705882353	0.0
BEND5	17	1.0	1.0	0.0
BEND7	17	0.9411764705882353	0.9411764705882353	0.0
BET1	17	1.0	0.8235294117647058	0.0
BET1L	17	1.0	1.0	0.0
BEX2	17	1.0	0.8235294117647058	0.0
BEX3	17	0.9411764705882353	0.9411764705882353	0.0
BEX4	17	1.0	1.0	0.0
BFAR	17	1.0	1.0	0.0
BFSP1	17	0.8235294117647058	0.8235294117647058	0.0
BGLAP	17	0.7058823529411765	0.8235294117647058	0.0
BHLHE40	17	0.9411764705882353	1.0	0.0
BHLHE40-AS1	17	1.0	1.0	0.0
BHLHE41	17	0.9411764705882353	1.0	0.0
BHMT	17	0.8235294117647058	1.0	0.058823529411764705
BHMT2	17	0.9411764705882353	1.0	0.0
BICC1	17	1.0	1.0	0.0
BICD1	17	1.0	0.8823529411764706	0.0
BICD2	17	0.7058823529411765	1.0	0.0
BICDL1	17	0.5882352941176471	0.8235294117647058	0.0
BICDL2	17	0.9411764705882353	1.0	0.0
BICRA	17	0.6470588235294118	1.0	0.0
BICRA-AS1	17	1.0	1.0	0.0
BICRAL	17	1.0	0.7647058823529411	0.0
BID	17	0.9411764705882353	1.0	0.0
BIN1	17	1.0	0.9411764705882353	0.17647058823529413
BIN3	17	0.9411764705882353	0.9411764705882353	0.4117647058823529
BIRC2	17	1.0	0.9411764705882353	0.0
BIRC3	17	1.0	1.0	0.23529411764705882
BIRC6	17	1.0	1.0	0.0
BIVM	17	0.9411764705882353	1.0	0.0
BLCAP	17	1.0	0.9411764705882353	0.11764705882352941
BLMH	17	0.9411764705882353	0.9411764705882353	0.0
BLNK	17	0.8235294117647058	1.0	0.0
BLOC1S2	17	0.9411764705882353	0.9411764705882353	0.0
BLOC1S5	17	1.0	1.0	0.0
BLOC1S6	17	0.9411764705882353	1.0	0.0
BLVRA	17	0.9411764705882353	1.0	0.0
BLVRB	17	1.0	1.0	0.0
BLZF1	17	0.9411764705882353	1.0	0.0
BMERB1	17	1.0	0.8235294117647058	0.0
BMF	17	1.0	1.0	0.0
BMI1	17	1.0	1.0	0.0
BMP1	17	0.8235294117647058	0.9411764705882353	0.0
BMP2K	17	1.0	1.0	0.17647058823529413
BMPER	17	1.0	0.8235294117647058	0.0
BMPR1A	17	1.0	1.0	0.0
BMPR1B	17	1.0	1.0	0.058823529411764705
BMPR2	17	1.0	0.9411764705882353	0.0
BMS1	17	0.8823529411764706	1.0	0.0
BMT2	17	0.9411764705882353	0.9411764705882353	0.0
BNC2	17	1.0	1.0	0.0
BNIP1	17	1.0	1.0	0.0
BNIP2	17	1.0	1.0	0.0
BNIP3	17	1.0	1.0	0.0
BNIP3L	17	1.0	1.0	0.0
BNIPL	17	0.9411764705882353	0.9411764705882353	0.0
BOD1	17	1.0	0.8823529411764706	0.0
BOD1L1	17	1.0	0.7647058823529411	0.0
BOK	17	1.0	1.0	0.0
BOLA2	17	0.8235294117647058	1.0	0.0
BOLA3	17	0.8235294117647058	0.8235294117647058	0.0
BOP1	17	0.7647058823529411	0.8235294117647058	0.0
BORA	17	1.0	0.9411764705882353	0.0
BORCS5	17	0.8235294117647058	1.0	0.0
BORCS7	17	0.9411764705882353	0.8235294117647058	0.0
BORCS8	17	0.9411764705882353	1.0	0.0
BPGM	17	1.0	0.9411764705882353	0.0
BPHL	17	1.0	1.0	0.0
BPNT1	17	0.9411764705882353	1.0	0.0
BPTF	17	1.0	1.0	0.0
BRAF	17	1.0	0.9411764705882353	0.058823529411764705
BRAP	17	0.5294117647058824	0.35294117647058826	0.0
BRAT1	17	0.9411764705882353	0.9411764705882353	0.0
BRCA1	17	1.0	1.0	0.0
BRCA2	17	0.7647058823529411	0.9411764705882353	0.0
BRCC3	17	1.0	0.9411764705882353	0.0
BRD1	17	0.9411764705882353	0.9411764705882353	0.0
BRD2	17	1.0	1.0	0.058823529411764705
BRD3	17	1.0	1.0	0.0
BRD4	17	0.9411764705882353	0.7647058823529411	0.0
BRD7	17	1.0	0.9411764705882353	0.0
BRD8	17	0.8823529411764706	0.9411764705882353	0.0
BRD9	17	0.9411764705882353	0.9411764705882353	0.11764705882352941
BRF1	17	1.0	1.0	0.0
BRI3	17	1.0	1.0	0.0
BRI3BP	17	1.0	1.0	0.0
BRICD5	17	0.8823529411764706	1.0	0.0
BRINP1	17	0.7058823529411765	0.7647058823529411	0.0
BRINP3	17	1.0	1.0	0.0
BRIP1	17	0.8823529411764706	0.7058823529411765	0.0
BRIX1	17	0.8235294117647058	1.0	0.0
BRK1	17	0.7647058823529411	1.0	0.0
BRMS1	17	1.0	1.0	0.0
BRMS1L	17	1.0	1.0	0.0
BROX	17	0.9411764705882353	0.7647058823529411	0.0
BRPF1	17	1.0	1.0	0.0
BRPF3	17	0.8235294117647058	1.0	0.0
BRWD1	17	0.8823529411764706	1.0	0.0
BRWD3	17	1.0	0.8823529411764706	0.0
BSCL2	17	1.0	1.0	0.0
BSDC1	17	1.0	1.0	0.0
BSG	17	1.0	1.0	0.0
BSN	17	0.9411764705882353	1.0	0.0
BSPRY	17	0.9411764705882353	1.0	0.0
BST2	17	0.8235294117647058	0.8235294117647058	0.0
BTAF1	17	0.9411764705882353	1.0	0.0
BTBD1	17	0.9411764705882353	1.0	0.0
BTBD10	17	1.0	1.0	0.0
BTBD11	17	1.0	1.0	0.0
BTBD16	17	1.0	0.9411764705882353	0.0
BTBD19	17	0.8235294117647058	0.8235294117647058	0.14285714285714285
BTBD2	17	0.9411764705882353	0.7647058823529411	0.0
BTBD3	17	0.9411764705882353	1.0	0.0
BTBD6	17	1.0	0.8235294117647058	0.0
BTBD7	17	1.0	1.0	0.0
BTBD8	17	1.0	1.0	0.0
BTBD9	17	1.0	1.0	0.058823529411764705
BTC	17	0.7647058823529411	1.0	0.0
BTD	17	1.0	1.0	0.0
BTF3	17	0.9411764705882353	1.0	0.0
BTF3L4	17	0.8823529411764706	1.0	0.0
BTG1	17	0.9411764705882353	1.0	0.0
BTG2	17	0.9411764705882353	1.0	0.0
BTG3	17	1.0	1.0	0.0
BTG3-AS1	17	1.0	0.9411764705882353	0.0
BTN2A1	17	1.0	0.7647058823529411	0.0
BTN2A2	17	1.0	1.0	0.0
BTN3A1	17	1.0	0.8823529411764706	0.0
BTN3A2	17	0.9411764705882353	0.9411764705882353	0.0
BTN3A3	17	0.8235294117647058	0.8235294117647058	0.0
BTRC	17	1.0	1.0	0.0
BUB1B	17	0.8235294117647058	0.6470588235294118	0.0
BUB3	17	0.8823529411764706	1.0	0.0
BUD13	17	0.9411764705882353	0.8235294117647058	0.0
BUD23	17	1.0	0.7647058823529411	0.0
BUD31	17	0.9411764705882353	1.0	0.0
BX004807.1	17	0.8235294117647058	0.8235294117647058	0.0
BX255925.3	17	0.8823529411764706	1.0	0.0
BX284613.2	17	1.0	1.0	0.0
BX470102.2	17	1.0	1.0	0.23529411764705882
BX664615.2	17	0.9411764705882353	0.9411764705882353	0.0
BX664727.3	17	0.7647058823529411	0.4117647058823529	0.0
BX842570.1	17	0.8235294117647058	0.8235294117647058	0.0
BX890604.2	17	1.0	1.0	0.7058823529411765
BZW1	17	0.7647058823529411	1.0	0.0
BZW2	17	0.7647058823529411	1.0	0.0
C10orf143	17	1.0	0.8823529411764706	0.0
C10orf67	17	1.0	1.0	0.0
C10orf88	17	0.9411764705882353	0.9411764705882353	0.0
C10orf90	17	0.8235294117647058	0.8235294117647058	0.0
C11orf1	17	0.8235294117647058	0.8235294117647058	0.0
C11orf49	17	1.0	1.0	0.11764705882352941
C11orf52	17	0.9411764705882353	1.0	0.0
C11orf54	17	0.6470588235294118	0.8823529411764706	0.0
C11orf58	17	1.0	1.0	0.0
C11orf65	17	0.9411764705882353	0.7058823529411765	0.0
C11orf68	17	0.8235294117647058	0.8235294117647058	0.0
C11orf74	17	0.9411764705882353	1.0	0.0
C11orf80	17	0.9411764705882353	1.0	0.0
C12orf29	17	1.0	1.0	0.0
C12orf4	17	1.0	1.0	0.0
C12orf40	17	1.0	1.0	0.0
C12orf43	17	1.0	1.0	0.0
C12orf45	17	0.8823529411764706	1.0	0.0
C12orf49	17	1.0	1.0	0.0
C12orf56	17	0.9411764705882353	1.0	0.0
C12orf60	17	1.0	0.9411764705882353	0.0
C12orf65	17	1.0	1.0	0.0
C12orf66	17	1.0	0.8823529411764706	0.0
C12orf73	17	1.0	0.8235294117647058	0.0
C12orf74	17	1.0	1.0	0.0
C12orf75	17	0.9411764705882353	1.0	0.0
C12orf76	17	0.8235294117647058	1.0	0.0
C14orf119	17	0.5294117647058824	0.7647058823529411	0.0
C14orf28	17	1.0	0.7647058823529411	0.0
C14orf93	17	1.0	1.0	0.0
C15orf40	17	0.8235294117647058	1.0	0.0
C15orf41	17	0.9411764705882353	0.8235294117647058	0.0
C15orf48	17	0.8235294117647058	0.8235294117647058	0.0
C15orf65	17	0.7058823529411765	0.8235294117647058	0.0
C16orf46	17	1.0	0.9411764705882353	0.0
C16orf58	17	1.0	1.0	0.0
C16orf70	17	0.9411764705882353	0.8823529411764706	0.0
C16orf72	17	1.0	1.0	0.0
C16orf74	17	0.8823529411764706	0.7058823529411765	0.0
C16orf87	17	0.9411764705882353	0.7647058823529411	0.0
C16orf89	17	0.8235294117647058	0.8235294117647058	0.0
C16orf95	17	1.0	1.0	0.0
C16orf96	17	0.7647058823529411	0.7647058823529411	0.0
C17orf67	17	1.0	1.0	0.0
C17orf75	17	1.0	1.0	0.0
C17orf80	17	1.0	1.0	0.0
C17orf97	17	1.0	0.8235294117647058	0.0
C18orf21	17	0.9411764705882353	0.8823529411764706	0.0
C18orf25	17	0.7647058823529411	1.0	0.0
C18orf32	17	0.9411764705882353	1.0	0.0
C19orf12	17	0.8823529411764706	0.6470588235294118	0.0
C19orf18	17	1.0	1.0	0.0
C19orf25	17	1.0	1.0	0.058823529411764705
C19orf38	17	0.8235294117647058	0.7058823529411765	0.0
C19orf44	17	0.9411764705882353	0.8823529411764706	0.0
C19orf47	17	1.0	1.0	0.0
C19orf48	17	1.0	1.0	0.0
C19orf54	17	1.0	1.0	0.0
C19orf71	17	1.0	1.0	0.0
C1D	17	0.9411764705882353	0.9411764705882353	0.0
C1GALT1	17	1.0	1.0	0.0
C1QBP	17	1.0	0.9411764705882353	0.0
C1QL3	17	0.8235294117647058	0.8235294117647058	0.0
C1QTNF3	17	0.9411764705882353	0.8235294117647058	0.0
C1QTNF6	17	1.0	1.0	0.0
C1QTNF7	17	0.9411764705882353	0.9411764705882353	0.0
C1RL	17	0.9411764705882353	0.9411764705882353	0.0
C1RL-AS1	17	0.9411764705882353	1.0	0.0
C1S	17	0.7058823529411765	0.8823529411764706	0.0
C1orf109	17	0.7647058823529411	0.8823529411764706	0.0
C1orf112	17	1.0	1.0	0.0
C1orf116	17	1.0	1.0	0.0
C1orf122	17	1.0	1.0	0.0
C1orf131	17	0.9411764705882353	0.9411764705882353	0.0
C1orf159	17	1.0	1.0	0.35294117647058826
C1orf174	17	0.6470588235294118	0.8235294117647058	0.0
C1orf195	17	0.9411764705882353	0.9411764705882353	0.0
C1orf198	17	0.8823529411764706	0.7647058823529411	0.0
C1orf21	17	1.0	1.0	0.9411764705882353
C1orf226	17	0.9411764705882353	0.8823529411764706	0.0
C1orf35	17	1.0	1.0	0.0
C1orf43	17	1.0	1.0	0.0
C1orf50	17	0.9411764705882353	1.0	0.0
C1orf52	17	1.0	0.9411764705882353	0.0
C1orf54	17	0.9411764705882353	0.9411764705882353	0.0
C1orf56	17	0.8823529411764706	1.0	0.0
C2	17	1.0	0.9411764705882353	0.0
C20orf194	17	1.0	1.0	0.0
C20orf96	17	1.0	1.0	0.0
C21orf58	17	0.9411764705882353	0.9411764705882353	0.0
C21orf62	17	0.8235294117647058	0.9411764705882353	0.0
C21orf62-AS1	17	1.0	1.0	0.0
C21orf91	17	0.8235294117647058	1.0	0.0
C22orf39	17	0.9411764705882353	0.9411764705882353	0.0
C2CD2	17	0.8235294117647058	1.0	0.0
C2CD2L	17	0.8235294117647058	0.8235294117647058	0.0
C2CD3	17	0.9411764705882353	0.9411764705882353	0.0
C2CD4D-AS1	17	0.9411764705882353	1.0	0.0
C2CD5	17	0.8823529411764706	0.7647058823529411	0.0
C2CD6	17	1.0	1.0	0.0
C2orf27A	17	1.0	1.0	0.0
C2orf42	17	1.0	1.0	0.0
C2orf49	17	1.0	0.7647058823529411	0.0
C2orf68	17	0.8235294117647058	0.9411764705882353	0.0
C2orf69	17	1.0	0.9411764705882353	0.0
C2orf73	17	0.8235294117647058	0.8235294117647058	0.0
C2orf74	17	0.9411764705882353	0.9411764705882353	0.0
C2orf76	17	0.8235294117647058	1.0	0.0
C2orf81	17	0.9411764705882353	0.9411764705882353	0.0
C2orf88	17	0.7058823529411765	0.7058823529411765	0.0
C2orf92	17	0.9411764705882353	0.8823529411764706	0.0
C3	17	0.9411764705882353	1.0	0.0
C3orf14	17	0.8235294117647058	0.8235294117647058	0.0
C3orf18	17	1.0	1.0	0.0
C3orf20	17	0.7647058823529411	0.9411764705882353	0.0
C3orf33	17	0.9411764705882353	0.7058823529411765	0.0
C3orf35	17	1.0	0.9411764705882353	0.0
C3orf38	17	1.0	0.9411764705882353	0.0
C3orf52	17	1.0	1.0	0.5294117647058824
C3orf62	17	0.9411764705882353	0.8823529411764706	0.0
C3orf67	17	1.0	1.0	0.0
C3orf67-AS1	17	1.0	1.0	0.058823529411764705
C4orf19	17	1.0	1.0	0.0
C4orf3	17	0.9411764705882353	0.9411764705882353	0.0
C4orf33	17	0.9411764705882353	0.9411764705882353	0.0
C4orf36	17	0.9411764705882353	0.9411764705882353	0.0
C4orf45	17	1.0	1.0	0.0
C4orf47	17	0.9411764705882353	1.0	0.17647058823529413
C4orf51	17	0.9411764705882353	1.0	0.0
C4orf54	17	1.0	0.9411764705882353	0.0
C5	17	1.0	1.0	0.0
C5AR1	17	0.9411764705882353	0.9411764705882353	0.058823529411764705
C5orf15	17	1.0	0.9411764705882353	0.0
C5orf17	17	0.8823529411764706	1.0	0.0
C5orf22	17	0.7647058823529411	0.9411764705882353	0.0
C5orf24	17	0.9411764705882353	0.8823529411764706	0.0
C5orf30	17	1.0	0.9411764705882353	0.0
C5orf34	17	1.0	1.0	0.0
C5orf51	17	1.0	0.9411764705882353	0.0
C5orf56	17	0.9411764705882353	1.0	0.0
C5orf63	17	1.0	1.0	0.0
C5orf66	17	0.9411764705882353	1.0	0.0
C5orf67	17	0.7647058823529411	0.6470588235294118	0.0
C6orf132	17	0.9411764705882353	0.9411764705882353	0.11764705882352941
C6orf136	17	1.0	1.0	0.0
C6orf163	17	0.9411764705882353	0.7647058823529411	0.0
C6orf223	17	0.8235294117647058	0.8235294117647058	0.0
C6orf62	17	1.0	1.0	0.058823529411764705
C6orf89	17	1.0	1.0	0.0
C6orf99	17	1.0	0.9411764705882353	0.0
C7	17	0.9411764705882353	0.9411764705882353	0.0
C7orf26	17	0.9411764705882353	1.0	0.0
C7orf31	17	0.9411764705882353	0.8235294117647058	0.0
C7orf50	17	1.0	0.9411764705882353	0.058823529411764705
C7orf61	17	0.8235294117647058	0.8235294117647058	0.0
C8orf33	17	1.0	1.0	0.0
C8orf34	17	1.0	0.9411764705882353	0.058823529411764705
C8orf37	17	1.0	1.0	0.0
C8orf37-AS1	17	1.0	0.9411764705882353	0.0
C8orf76	17	0.9411764705882353	0.8235294117647058	0.0
C8orf82	17	0.7647058823529411	0.8235294117647058	0.0
C8orf86	17	0.8235294117647058	0.7647058823529411	0.0
C9	17	1.0	1.0	0.0
C9orf106	17	1.0	0.9411764705882353	0.0
C9orf135	17	1.0	1.0	0.0
C9orf147	17	0.8823529411764706	0.8823529411764706	0.0
C9orf153	17	0.9411764705882353	0.9411764705882353	0.0
C9orf16	17	0.6470588235294118	1.0	0.0
C9orf24	17	0.9411764705882353	1.0	0.0
C9orf64	17	1.0	0.9411764705882353	0.0
C9orf72	17	1.0	1.0	0.0
C9orf78	17	0.9411764705882353	1.0	0.0
C9orf85	17	1.0	1.0	0.0
C9orf92	17	1.0	1.0	0.0
CA1	17	1.0	1.0	0.0
CA10	17	1.0	1.0	0.47058823529411764
CA11	17	0.9411764705882353	0.9411764705882353	0.0
CA12	17	0.9411764705882353	1.0	0.0
CA13	17	0.7058823529411765	1.0	0.0
CA2	17	0.9411764705882353	0.6470588235294118	0.0
CA3	17	0.5882352941176471	0.9411764705882353	0.0
CA4	17	0.7647058823529411	1.0	0.0
CA5B	17	1.0	1.0	0.11764705882352941
CA8	17	1.0	1.0	0.0
CAAP1	17	0.7058823529411765	0.8823529411764706	0.0
CAB39	17	1.0	0.9411764705882353	0.11764705882352941
CAB39L	17	0.9411764705882353	0.9411764705882353	0.0
CABCOCO1	17	1.0	1.0	0.0
CABIN1	17	1.0	0.8235294117647058	0.0
CABLES1	17	1.0	1.0	0.9411764705882353
CABLES2	17	1.0	1.0	0.0
CACFD1	17	0.6470588235294118	0.9411764705882353	0.0
CACHD1	17	0.9411764705882353	1.0	0.0
CACNA1A	17	1.0	1.0	0.0
CACNA1B	17	1.0	1.0	0.0
CACNA1C	17	0.9411764705882353	0.7647058823529411	0.0
CACNA1D	17	0.7058823529411765	0.9411764705882353	0.0
CACNA1E	17	1.0	1.0	0.0
CACNA1H	17	0.9411764705882353	0.8235294117647058	0.0
CACNA2D1	17	0.8823529411764706	0.8823529411764706	0.0
CACNA2D2	17	1.0	1.0	0.0
CACNA2D3	17	0.9411764705882353	0.9411764705882353	0.17647058823529413
CACNB1	17	0.8235294117647058	0.7647058823529411	0.0
CACNB2	17	1.0	1.0	0.0
CACNB3	17	1.0	0.8823529411764706	0.0
CACNB4	17	0.7647058823529411	1.0	0.0
CACTIN	17	1.0	0.9411764705882353	0.0
CACUL1	17	1.0	1.0	0.0
CAD	17	1.0	1.0	0.0
CADM1	17	0.9411764705882353	0.8235294117647058	0.0
CADM2	17	0.9411764705882353	0.9411764705882353	0.0
CADM4	17	0.7647058823529411	0.8235294117647058	0.0
CADPS	17	0.9411764705882353	0.9411764705882353	0.23529411764705882
CADPS2	17	0.9411764705882353	0.9411764705882353	0.0
CALB1	17	0.8823529411764706	1.0	0.0
CALCB	17	0.9411764705882353	0.9411764705882353	0.0
CALCOCO1	17	0.8235294117647058	0.7058823529411765	0.0
CALCOCO2	17	1.0	1.0	0.0
CALCR	17	0.9411764705882353	0.7647058823529411	0.0
CALCRL	17	0.9411764705882353	0.9411764705882353	0.0
CALD1	17	1.0	1.0	0.0
CALM1	17	1.0	1.0	0.0
CALM2	17	0.9411764705882353	1.0	0.0
CALM3	17	1.0	1.0	0.0
CALML4	17	0.7058823529411765	1.0	0.0
CALN1	17	1.0	1.0	0.0
CALR	17	1.0	1.0	0.0
CALU	17	1.0	1.0	0.0
CAMK1	17	1.0	1.0	0.0
CAMK1D	17	1.0	1.0	0.11764705882352941
CAMK2D	17	0.9411764705882353	1.0	0.0
CAMK2G	17	0.9411764705882353	0.9411764705882353	0.0
CAMK2N1	17	1.0	1.0	0.058823529411764705
CAMK4	17	0.8235294117647058	0.8235294117647058	0.0
CAMKK1	17	1.0	1.0	0.0
CAMKK2	17	1.0	0.9411764705882353	0.058823529411764705
CAMKMT	17	0.7058823529411765	0.9411764705882353	0.0
CAMLG	17	0.9411764705882353	1.0	0.0
CAMSAP1	17	1.0	1.0	0.7647058823529411
CAMSAP2	17	1.0	1.0	0.0
CAMSAP3	17	1.0	1.0	0.0
CAMTA1	17	0.9411764705882353	1.0	0.0
CAMTA2	17	0.8823529411764706	0.8823529411764706	0.0
CAND1	17	0.9411764705882353	0.9411764705882353	0.0
CAND2	17	1.0	1.0	0.0
CANT1	17	0.8823529411764706	1.0	0.0
CANX	17	1.0	1.0	0.0
CAP1	17	1.0	1.0	0.0
CAP2	17	0.9411764705882353	0.7647058823529411	0.0
CAPG	17	0.7647058823529411	1.0	0.0
CAPN1	17	1.0	1.0	0.058823529411764705
CAPN10	17	1.0	1.0	0.0
CAPN10-DT	17	0.8235294117647058	0.8235294117647058	0.0
CAPN12	17	0.9411764705882353	0.9411764705882353	0.6470588235294118
CAPN13	17	1.0	0.9411764705882353	0.0
CAPN15	17	1.0	0.9411764705882353	0.058823529411764705
CAPN2	17	0.9411764705882353	0.9411764705882353	0.11764705882352941
CAPN3	17	1.0	0.8235294117647058	0.0
CAPN5	17	1.0	0.9411764705882353	0.0
CAPN7	17	1.0	1.0	0.0
CAPN8	17	1.0	1.0	0.058823529411764705
CAPNS1	17	0.9411764705882353	0.35294117647058826	0.0
CAPRIN1	17	1.0	0.8235294117647058	0.0
CAPRIN2	17	1.0	1.0	0.0
CAPS	17	0.8235294117647058	0.7058823529411765	0.0
CAPS2	17	1.0	1.0	0.0
CAPZA1	17	1.0	1.0	0.0
CAPZA2	17	0.6470588235294118	1.0	0.0
CAPZA3	17	0.9411764705882353	1.0	0.0
CAPZB	17	1.0	0.9411764705882353	0.11764705882352941
CARD10	17	0.9411764705882353	0.9411764705882353	0.0
CARD11	17	1.0	1.0	0.11764705882352941
CARD14	17	0.9411764705882353	1.0	0.0
CARD19	17	0.7058823529411765	1.0	0.0
CARD8	17	1.0	1.0	0.0
CARF	17	1.0	0.7647058823529411	0.0
CARHSP1	17	0.7058823529411765	1.0	0.0
CARM1	17	1.0	0.9411764705882353	0.0
CARMIL1	17	1.0	1.0	0.0
CARNMT1	17	0.9411764705882353	0.9411764705882353	0.0
CARNMT1-AS1	17	0.9411764705882353	1.0	0.0
CARS	17	0.9411764705882353	1.0	0.8823529411764706
CARS2	17	0.9411764705882353	0.8823529411764706	0.0
CASC1	17	1.0	1.0	0.0
CASC15	17	1.0	1.0	0.11764705882352941
CASC19	17	1.0	1.0	0.058823529411764705
CASC2	17	1.0	0.8235294117647058	0.0
CASC3	17	1.0	1.0	0.058823529411764705
CASC4	17	0.9411764705882353	1.0	0.0
CASC8	17	1.0	1.0	0.058823529411764705
CASC9	17	1.0	1.0	0.0
CASD1	17	0.8823529411764706	1.0	0.0
CASK	17	1.0	1.0	0.9411764705882353
CASKIN2	17	0.7647058823529411	1.0	0.0
CASP10	17	1.0	1.0	0.6470588235294118
CASP2	17	0.9411764705882353	1.0	0.0
CASP3	17	1.0	1.0	0.0
CASP4	17	1.0	0.9411764705882353	0.0
CASP6	17	1.0	1.0	0.0
CASP7	17	1.0	1.0	0.058823529411764705
CASP8	17	0.9411764705882353	1.0	0.0
CASP8AP2	17	0.9411764705882353	1.0	0.0
CASP9	17	1.0	1.0	0.0
CASR	17	1.0	0.9411764705882353	0.11764705882352941
CAST	17	1.0	1.0	0.9411764705882353
CASTOR2	17	1.0	0.9411764705882353	0.0
CASTOR3	17	1.0	1.0	0.7647058823529411
CASZ1	17	0.8235294117647058	1.0	0.0
CAT	17	1.0	0.8235294117647058	0.0
CATIP	17	1.0	1.0	0.0
CATIP-AS2	17	1.0	1.0	0.0
CATSPER2	17	0.9411764705882353	0.9411764705882353	0.0
CATSPERB	17	1.0	1.0	0.058823529411764705
CATSPERD	17	1.0	1.0	0.0
CATSPERE	17	1.0	0.8823529411764706	0.0
CATSPERG	17	0.9411764705882353	0.9411764705882353	0.058823529411764705
CAV1	17	0.9411764705882353	1.0	0.0
CAV2	17	0.8235294117647058	1.0	0.0
CAVIN1	17	1.0	1.0	0.0
CAVIN2	17	1.0	0.7058823529411765	0.0
CBARP	17	1.0	1.0	0.0
CBFA2T2	17	0.9411764705882353	0.8823529411764706	0.0
CBFB	17	0.9411764705882353	0.9411764705882353	0.0
CBL	17	1.0	1.0	0.0
CBLB	17	0.9411764705882353	0.9411764705882353	0.0
CBLC	17	0.8235294117647058	0.9411764705882353	0.0
CBLL1	17	1.0	0.9411764705882353	0.0
CBR1	17	1.0	0.8235294117647058	0.0
CBR3	17	1.0	1.0	0.0
CBR3-AS1	17	0.9411764705882353	0.8235294117647058	0.0
CBR4	17	1.0	0.9411764705882353	0.058823529411764705
CBWD1	17	1.0	1.0	0.0
CBWD2	17	1.0	1.0	0.0
CBWD3	17	0.7647058823529411	1.0	0.0
CBWD5	17	0.8823529411764706	1.0	0.0
CBWD6	17	1.0	1.0	0.0
CBX1	17	0.9411764705882353	0.9411764705882353	0.0
CBX3	17	0.8823529411764706	0.8235294117647058	0.0
CBX4	17	0.8823529411764706	0.9411764705882353	0.0
CBX5	17	1.0	1.0	0.0
CBX6	17	0.9411764705882353	0.9411764705882353	0.0
CBX7	17	1.0	1.0	0.0
CBY1	17	1.0	0.9411764705882353	0.058823529411764705
CC2D1A	17	1.0	0.8823529411764706	0.0
CC2D1B	17	1.0	1.0	0.0
CC2D2A	17	1.0	1.0	0.11764705882352941
CC2D2B	17	1.0	1.0	0.0
CCAR1	17	0.8235294117647058	1.0	0.0
CCAR2	17	0.8823529411764706	0.9411764705882353	0.0
CCBE1	17	0.7647058823529411	1.0	0.0
CCDC102A	17	0.9411764705882353	1.0	0.0
CCDC102B	17	1.0	0.9411764705882353	0.0
CCDC106	17	1.0	0.7058823529411765	0.0
CCDC107	17	0.9411764705882353	0.8235294117647058	0.0
CCDC110	17	0.7647058823529411	0.7647058823529411	0.0
CCDC112	17	1.0	1.0	0.0
CCDC113	17	1.0	0.8823529411764706	0.0
CCDC115	17	0.9411764705882353	0.9411764705882353	0.0
CCDC117	17	0.8235294117647058	0.9411764705882353	0.0
CCDC12	17	0.9411764705882353	0.9411764705882353	0.0
CCDC120	17	1.0	1.0	0.11764705882352941
CCDC122	17	1.0	0.9411764705882353	0.0
CCDC124	17	0.8235294117647058	1.0	0.0
CCDC125	17	0.9411764705882353	1.0	0.0
CCDC126	17	1.0	0.9411764705882353	0.0
CCDC127	17	1.0	1.0	0.0
CCDC13	17	0.9411764705882353	0.8823529411764706	0.0
CCDC130	17	0.8823529411764706	0.7058823529411765	0.0
CCDC134	17	0.9411764705882353	0.9411764705882353	0.0
CCDC136	17	1.0	1.0	0.0
CCDC137	17	0.9411764705882353	1.0	0.0
CCDC138	17	0.8823529411764706	1.0	0.0
CCDC14	17	1.0	1.0	0.058823529411764705
CCDC142	17	0.9411764705882353	0.8823529411764706	0.0
CCDC144A	17	1.0	1.0	0.0
CCDC146	17	1.0	1.0	0.058823529411764705
CCDC148	17	0.9411764705882353	1.0	0.0
CCDC148-AS1	17	0.9411764705882353	1.0	0.058823529411764705
CCDC149	17	0.9411764705882353	0.9411764705882353	0.0
CCDC15	17	1.0	0.9411764705882353	0.0
CCDC150	17	0.8235294117647058	0.8235294117647058	0.0
CCDC151	17	1.0	0.8823529411764706	0.0
CCDC157	17	1.0	1.0	0.058823529411764705
CCDC159	17	0.9411764705882353	1.0	0.0
CCDC160	17	1.0	0.9411764705882353	0.0
CCDC169	17	0.9411764705882353	0.8823529411764706	0.0
CCDC171	17	0.8235294117647058	0.9411764705882353	0.0
CCDC173	17	0.9411764705882353	1.0	0.0
CCDC174	17	1.0	1.0	0.0
CCDC175	17	1.0	1.0	0.0
CCDC178	17	1.0	1.0	0.0
CCDC18	17	0.9411764705882353	1.0	0.0
CCDC18-AS1	17	1.0	1.0	0.0
CCDC180	17	0.9411764705882353	1.0	0.0
CCDC181	17	1.0	1.0	0.0
CCDC183	17	1.0	1.0	0.0
CCDC186	17	0.9411764705882353	1.0	0.0
CCDC187	17	0.7647058823529411	0.6470588235294118	0.0
CCDC189	17	0.35294117647058826	0.6470588235294118	0.0
CCDC191	17	1.0	0.8235294117647058	0.0
CCDC192	17	1.0	1.0	0.0
CCDC196	17	0.9411764705882353	1.0	0.0
CCDC198	17	0.9411764705882353	1.0	0.0
CCDC200	17	0.9411764705882353	0.9411764705882353	0.0
CCDC22	17	0.9411764705882353	0.9411764705882353	0.0
CCDC24	17	0.7647058823529411	0.7647058823529411	0.0
CCDC25	17	0.9411764705882353	1.0	0.0
CCDC26	17	1.0	0.8823529411764706	0.0
CCDC28A	17	0.8235294117647058	0.7058823529411765	0.0
CCDC28B	17	0.9411764705882353	1.0	0.0
CCDC3	17	0.7647058823529411	0.7647058823529411	0.0
CCDC30	17	1.0	1.0	0.0
CCDC32	17	1.0	1.0	0.0
CCDC34	17	0.9411764705882353	1.0	0.0
CCDC39	17	0.9411764705882353	0.9411764705882353	0.0
CCDC40	17	0.9411764705882353	1.0	0.0
CCDC43	17	1.0	1.0	0.0
CCDC47	17	1.0	1.0	0.0
CCDC50	17	1.0	0.9411764705882353	0.11764705882352941
CCDC57	17	0.9411764705882353	0.9411764705882353	0.0
CCDC58	17	0.9411764705882353	1.0	0.0
CCDC59	17	0.9411764705882353	1.0	0.0
CCDC6	17	1.0	1.0	0.0
CCDC60	17	1.0	1.0	0.0
CCDC61	17	0.9411764705882353	1.0	0.0
CCDC62	17	1.0	1.0	0.0
CCDC65	17	1.0	1.0	0.0
CCDC66	17	1.0	1.0	0.0
CCDC68	17	1.0	1.0	0.0
CCDC7	17	0.7058823529411765	0.8823529411764706	0.0
CCDC73	17	0.9411764705882353	0.9411764705882353	0.0
CCDC77	17	0.9411764705882353	0.9411764705882353	0.0
CCDC8	17	1.0	1.0	0.0
CCDC80	17	1.0	1.0	0.0
CCDC81	17	0.9411764705882353	0.6470588235294118	0.0
CCDC82	17	1.0	0.9411764705882353	0.0
CCDC84	17	1.0	1.0	0.17647058823529413
CCDC85A	17	1.0	1.0	0.0
CCDC85C	17	0.9411764705882353	0.9411764705882353	0.11764705882352941
CCDC88A	17	0.8823529411764706	0.8823529411764706	0.0
CCDC88C	17	0.9411764705882353	0.7647058823529411	0.0
CCDC9	17	1.0	1.0	0.0
CCDC90B	17	0.9411764705882353	0.9411764705882353	0.0
CCDC91	17	0.9411764705882353	1.0	0.0
CCDC92	17	0.9411764705882353	0.9411764705882353	0.058823529411764705
CCDC93	17	0.9411764705882353	0.9411764705882353	0.0
CCDC97	17	1.0	1.0	0.058823529411764705
CCDC9B	17	1.0	0.9411764705882353	0.0
CCHCR1	17	1.0	1.0	0.0
CCL2	17	0.7058823529411765	0.7647058823529411	0.0
CCL28	17	1.0	1.0	0.0
CCM2	17	1.0	1.0	0.9411764705882353
CCN1	17	0.9411764705882353	0.9411764705882353	0.0
CCN2	17	0.7058823529411765	1.0	0.0
CCN3	17	0.8235294117647058	0.8235294117647058	0.0
CCNB1IP1	17	0.9411764705882353	0.8235294117647058	0.0
CCNB3	17	1.0	0.9411764705882353	0.0
CCNC	17	1.0	1.0	0.0
CCND1	17	1.0	1.0	0.8823529411764706
CCND2	17	1.0	1.0	0.0
CCND2-AS1	17	0.9411764705882353	1.0	0.0
CCND3	17	1.0	1.0	0.9411764705882353
CCNDBP1	17	0.8823529411764706	0.8823529411764706	0.0
CCNF	17	0.8235294117647058	1.0	0.0
CCNG1	17	0.9411764705882353	1.0	0.0
CCNG2	17	0.9411764705882353	0.8823529411764706	0.0
CCNH	17	1.0	1.0	0.0
CCNI	17	0.9411764705882353	1.0	0.0
CCNJ	17	1.0	1.0	0.0
CCNJL	17	1.0	1.0	0.0
CCNK	17	1.0	1.0	0.0
CCNL1	17	1.0	1.0	0.058823529411764705
CCNL2	17	1.0	1.0	0.0
CCNO	17	0.9411764705882353	0.9411764705882353	0.0
CCNT1	17	1.0	1.0	0.0
CCNT2	17	0.9411764705882353	1.0	0.0
CCNT2-AS1	17	1.0	1.0	0.0
CCNY	17	1.0	0.9411764705882353	0.058823529411764705
CCNYL1	17	1.0	1.0	0.0
CCP110	17	0.8235294117647058	0.9411764705882353	0.0
CCPG1	17	1.0	1.0	0.0
CCR6	17	0.8235294117647058	0.8235294117647058	0.0
CCS	17	1.0	1.0	0.0
CCSAP	17	0.9411764705882353	0.8823529411764706	0.0
CCSER1	17	0.9411764705882353	0.9411764705882353	0.0
CCSER2	17	1.0	0.9411764705882353	0.0
CCT2	17	1.0	1.0	0.0
CCT3	17	1.0	1.0	0.0
CCT4	17	1.0	1.0	0.0
CCT5	17	1.0	1.0	0.0
CCT6A	17	1.0	0.8823529411764706	0.0
CCT6B	17	1.0	1.0	0.0
CCT7	17	0.7647058823529411	0.8823529411764706	0.0
CCT8	17	1.0	0.9411764705882353	0.0
CCZ1	17	0.9411764705882353	0.9411764705882353	0.0
CCZ1B	17	1.0	1.0	0.0
CD151	17	0.7647058823529411	0.8823529411764706	0.0
CD164	17	0.9411764705882353	0.7647058823529411	0.0
CD200	17	1.0	1.0	0.058823529411764705
CD226	17	1.0	1.0	0.0
CD24	17	0.8823529411764706	0.8823529411764706	0.0
CD27-AS1	17	1.0	0.8823529411764706	0.0
CD274	17	0.6470588235294118	0.7647058823529411	0.0
CD276	17	1.0	1.0	0.11764705882352941
CD2AP	17	1.0	1.0	0.0
CD2BP2	17	0.8823529411764706	0.8235294117647058	0.0
CD302	17	1.0	1.0	0.0
CD36	17	1.0	1.0	0.0
CD40	17	0.9411764705882353	1.0	0.0
CD44	17	1.0	1.0	0.17647058823529413
CD46	17	0.9411764705882353	0.9411764705882353	0.0
CD47	17	1.0	1.0	0.9411764705882353
CD55	17	1.0	1.0	0.11764705882352941
CD58	17	1.0	1.0	0.47058823529411764
CD59	17	1.0	1.0	0.058823529411764705
CD63	17	0.9411764705882353	1.0	0.0
CD72	17	1.0	1.0	0.0
CD74	17	0.7647058823529411	0.9411764705882353	0.0
CD81	17	0.8823529411764706	0.7647058823529411	0.0
CD81-AS1	17	0.6470588235294118	0.8823529411764706	0.0
CD82	17	1.0	0.9411764705882353	0.0
CD83	17	1.0	0.7058823529411765	0.0
CD9	17	1.0	1.0	0.9411764705882353
CD96	17	1.0	1.0	0.058823529411764705
CD99	17	1.0	1.0	0.058823529411764705
CD99L2	17	0.7058823529411765	0.9411764705882353	0.0
CDADC1	17	0.9411764705882353	1.0	0.0
CDAN1	17	1.0	0.7647058823529411	0.0
CDC123	17	1.0	1.0	0.0
CDC14A	17	1.0	1.0	0.0
CDC14B	17	1.0	1.0	0.0
CDC16	17	1.0	1.0	0.0
CDC23	17	0.9411764705882353	0.8823529411764706	0.0
CDC25B	17	0.9411764705882353	0.8823529411764706	0.0
CDC26	17	1.0	0.7058823529411765	0.0
CDC27	17	1.0	1.0	0.0
CDC34	17	1.0	1.0	0.0
CDC37	17	1.0	1.0	0.0
CDC37L1	17	1.0	1.0	0.0
CDC40	17	0.8823529411764706	0.8823529411764706	0.0
CDC42	17	1.0	0.8823529411764706	0.0
CDC42BPA	17	0.9411764705882353	1.0	0.0
CDC42BPB	17	1.0	0.9411764705882353	0.11764705882352941
CDC42BPG	17	0.9411764705882353	0.9411764705882353	0.0
CDC42EP1	17	1.0	0.9411764705882353	0.0
CDC42EP3	17	0.9411764705882353	1.0	0.0
CDC42EP4	17	1.0	0.8823529411764706	0.0
CDC42SE1	17	1.0	1.0	0.0
CDC42SE2	17	1.0	1.0	0.0
CDC5L	17	1.0	1.0	0.0
CDC7	17	0.9411764705882353	0.9411764705882353	0.0
CDC73	17	1.0	1.0	0.058823529411764705
CDCA4	17	0.7647058823529411	0.8235294117647058	0.0
CDCP1	17	0.9411764705882353	1.0	0.11764705882352941
CDH1	17	1.0	0.9411764705882353	0.11764705882352941
CDH12	17	0.9411764705882353	0.8823529411764706	0.0
CDH13	17	1.0	1.0	0.0
CDH16	17	1.0	1.0	0.0
CDH18	17	0.8235294117647058	0.8235294117647058	0.0
CDH2	17	0.9411764705882353	1.0	0.0
CDH20	17	0.9411764705882353	1.0	0.0
CDH23	17	0.9411764705882353	0.9411764705882353	0.0
CDH26	17	1.0	1.0	0.0
CDH3	17	1.0	1.0	0.0
CDH4	17	1.0	1.0	0.0
CDH6	17	0.9411764705882353	0.8235294117647058	0.0
CDH9	17	1.0	1.0	0.0
CDHR2	17	0.7647058823529411	0.8235294117647058	0.0
CDHR3	17	0.7058823529411765	1.0	0.0
CDHR5	17	0.7647058823529411	0.8235294117647058	0.0
CDIP1	17	1.0	1.0	0.0
CDIPT	17	0.9411764705882353	0.8823529411764706	0.0
CDK10	17	0.9411764705882353	0.9411764705882353	0.0
CDK11A	17	1.0	0.9411764705882353	0.0
CDK11B	17	0.9411764705882353	1.0	0.0
CDK12	17	1.0	1.0	0.0
CDK13	17	1.0	1.0	0.0
CDK14	17	0.9411764705882353	0.9411764705882353	0.0
CDK16	17	1.0	1.0	0.058823529411764705
CDK17	17	1.0	1.0	0.0
CDK18	17	1.0	1.0	0.0
CDK19	17	0.8823529411764706	0.8823529411764706	0.0
CDK2	17	1.0	0.8823529411764706	0.0
CDK20	17	0.8823529411764706	1.0	0.0
CDK2AP1	17	1.0	0.8235294117647058	0.0
CDK2AP2	17	1.0	1.0	0.0
CDK3	17	0.8823529411764706	1.0	0.0
CDK4	17	0.9411764705882353	1.0	0.0
CDK5RAP1	17	0.9411764705882353	1.0	0.0
CDK5RAP2	17	1.0	0.9411764705882353	0.0
CDK5RAP3	17	1.0	1.0	0.0
CDK6	17	1.0	1.0	0.058823529411764705
CDK7	17	1.0	1.0	0.0
CDK8	17	1.0	0.9411764705882353	0.0
CDK9	17	1.0	1.0	0.0
CDKAL1	17	1.0	1.0	0.0
CDKL1	17	0.8235294117647058	0.9411764705882353	0.0
CDKL2	17	1.0	0.8235294117647058	0.0
CDKL3	17	1.0	1.0	0.0
CDKL4	17	1.0	0.8823529411764706	0.0
CDKL5	17	1.0	1.0	0.8823529411764706
CDKN1A	17	1.0	1.0	0.0
CDKN1B	17	0.7058823529411765	0.5294117647058824	0.0
CDKN1C	17	1.0	1.0	0.0
CDKN2AIP	17	0.6470588235294118	1.0	0.0
CDNF	17	1.0	1.0	0.0
CDON	17	0.7647058823529411	0.9411764705882353	0.0
CDR2	17	1.0	1.0	0.9411764705882353
CDR2L	17	1.0	1.0	0.0
CDRT1	17	0.7058823529411765	0.5882352941176471	0.0
CDRT4	17	1.0	0.9411764705882353	0.0
CDS1	17	0.9411764705882353	1.0	0.0
CDS2	17	0.9411764705882353	1.0	0.11764705882352941
CDV3	17	1.0	0.8823529411764706	0.0
CDYL	17	0.9411764705882353	1.0	0.058823529411764705
CDYL2	17	0.9411764705882353	1.0	0.0
CEACAM1	17	1.0	1.0	0.0
CEACAM19	17	0.9411764705882353	0.7647058823529411	0.0
CEBPD	17	0.8235294117647058	0.9411764705882353	0.0
CEBPG	17	0.9411764705882353	0.7058823529411765	0.0
CEBPZ	17	1.0	1.0	0.0
CEBPZOS	17	0.8823529411764706	0.8823529411764706	0.0
CECR2	17	0.8235294117647058	1.0	0.0
CELF1	17	0.9411764705882353	0.9411764705882353	0.0
CELF2	17	1.0	1.0	0.9411764705882353
CELF6	17	0.9411764705882353	1.0	0.0
CELSR1	17	1.0	1.0	0.11764705882352941
CELSR2	17	1.0	1.0	0.6470588235294118
CEMIP	17	1.0	1.0	0.0
CEMIP2	17	1.0	1.0	0.0
CENPA	17	0.6470588235294118	0.7647058823529411	0.0
CENPC	17	1.0	1.0	0.0
CENPE	17	1.0	1.0	0.0
CENPF	17	0.7647058823529411	0.7058823529411765	0.0
CENPJ	17	0.9411764705882353	0.4117647058823529	0.0
CENPK	17	0.7647058823529411	0.7647058823529411	0.0
CENPN	17	1.0	1.0	0.0
CENPO	17	1.0	1.0	0.0
CENPP	17	0.8235294117647058	1.0	0.0
CENPQ	17	1.0	0.8823529411764706	0.0
CENPS	17	0.8235294117647058	0.7647058823529411	0.0
CENPT	17	0.9411764705882353	0.9411764705882353	0.11764705882352941
CENPV	17	1.0	1.0	0.0
CENPX	17	0.7647058823529411	0.7647058823529411	0.0
CEP104	17	1.0	1.0	0.0
CEP112	17	0.9411764705882353	1.0	0.0
CEP120	17	1.0	0.9411764705882353	0.0
CEP126	17	0.9411764705882353	1.0	0.0
CEP128	17	0.9411764705882353	0.9411764705882353	0.0
CEP131	17	1.0	1.0	0.0
CEP135	17	1.0	0.9411764705882353	0.0
CEP152	17	1.0	1.0	0.0
CEP162	17	1.0	1.0	0.0
CEP164	17	0.8235294117647058	1.0	0.0
CEP170	17	0.9411764705882353	0.8823529411764706	0.0
CEP170B	17	1.0	0.9411764705882353	0.11764705882352941
CEP192	17	0.9411764705882353	0.8235294117647058	0.0
CEP250	17	0.8823529411764706	0.8235294117647058	0.0
CEP290	17	1.0	1.0	0.0
CEP295	17	1.0	1.0	0.0
CEP350	17	0.8823529411764706	1.0	0.0
CEP41	17	0.8823529411764706	0.7647058823529411	0.0
CEP44	17	0.9411764705882353	1.0	0.0
CEP57	17	1.0	1.0	0.0
CEP57L1	17	1.0	1.0	0.0
CEP63	17	1.0	1.0	0.0
CEP68	17	0.8823529411764706	1.0	0.0
CEP70	17	0.9411764705882353	1.0	0.0
CEP72	17	0.9411764705882353	0.9411764705882353	0.0
CEP76	17	0.9411764705882353	0.9411764705882353	0.0
CEP78	17	0.7647058823529411	0.8235294117647058	0.0
CEP83	17	1.0	0.9411764705882353	0.11764705882352941
CEP85	17	1.0	1.0	0.0
CEP85L	17	1.0	1.0	0.058823529411764705
CEP89	17	0.9411764705882353	1.0	0.0
CEP95	17	1.0	1.0	0.0
CEP97	17	0.9411764705882353	0.9411764705882353	0.0
CEPT1	17	0.9411764705882353	1.0	0.0
CERCAM	17	0.8823529411764706	1.0	0.0
CERK	17	1.0	1.0	0.0
CERKL	17	0.8823529411764706	0.9411764705882353	0.0
CERNA1	17	1.0	1.0	0.058823529411764705
CERS2	17	0.9411764705882353	0.8235294117647058	0.0
CERS3	17	0.8823529411764706	1.0	0.0
CERS3-AS1	17	0.6470588235294118	0.8235294117647058	0.0
CERS4	17	0.9411764705882353	1.0	0.0
CERS5	17	0.9411764705882353	1.0	0.0
CERS6	17	1.0	1.0	0.0
CERT1	17	1.0	1.0	0.0
CES2	17	1.0	0.8823529411764706	0.0
CES4A	17	1.0	1.0	0.0
CETN3	17	1.0	1.0	0.0
CFAP157	17	0.9411764705882353	1.0	0.0
CFAP161	17	0.9411764705882353	1.0	0.058823529411764705
CFAP20	17	1.0	0.6470588235294118	0.0
CFAP206	17	1.0	0.9411764705882353	0.0
CFAP221	17	0.8823529411764706	1.0	0.0
CFAP298	17	1.0	1.0	0.0
CFAP299	17	0.9411764705882353	0.9411764705882353	0.0
CFAP300	17	1.0	1.0	0.0
CFAP36	17	1.0	1.0	0.0
CFAP410	17	0.9411764705882353	1.0	0.0
CFAP43	17	0.7647058823529411	0.9411764705882353	0.0
CFAP44	17	1.0	0.9411764705882353	0.0
CFAP45	17	0.9411764705882353	0.9411764705882353	0.0
CFAP46	17	0.9411764705882353	0.9411764705882353	0.0
CFAP47	17	1.0	1.0	0.23529411764705882
CFAP53	17	1.0	1.0	0.0
CFAP54	17	0.9411764705882353	1.0	0.0
CFAP57	17	1.0	1.0	0.0
CFAP61	17	1.0	0.7647058823529411	0.0
CFAP69	17	0.9411764705882353	0.9411764705882353	0.0
CFAP70	17	1.0	1.0	0.0
CFAP73	17	1.0	1.0	0.0
CFAP74	17	1.0	1.0	0.0
CFAP77	17	0.9411764705882353	0.9411764705882353	0.0
CFAP97	17	1.0	1.0	0.0
CFB	17	1.0	0.8235294117647058	0.0
CFDP1	17	1.0	0.9411764705882353	0.17647058823529413
CFI	17	1.0	1.0	0.0
CFL1	17	0.7647058823529411	0.7058823529411765	0.0
CFL2	17	0.8235294117647058	0.8235294117647058	0.0
CFLAR	17	1.0	1.0	0.9411764705882353
CFLAR-AS1	17	0.9411764705882353	1.0	0.058823529411764705
CFTR	17	0.5882352941176471	0.9411764705882353	0.0
CGAS	17	0.8235294117647058	0.8235294117647058	0.0
CGGBP1	17	1.0	1.0	0.0
CGN	17	1.0	1.0	0.0
CGNL1	17	1.0	1.0	0.058823529411764705
CGRRF1	17	0.7647058823529411	0.9411764705882353	0.0
CHAF1A	17	0.9411764705882353	0.9411764705882353	0.0
CHAF1B	17	1.0	1.0	0.0
CHAMP1	17	1.0	1.0	0.0
CHCHD10	17	1.0	1.0	0.058823529411764705
CHCHD2	17	0.8823529411764706	0.8823529411764706	0.0
CHCHD3	17	1.0	0.9411764705882353	0.0
CHCHD6	17	0.8235294117647058	1.0	0.0
CHCHD7	17	0.9411764705882353	0.7058823529411765	0.0
CHD1	17	1.0	1.0	0.0
CHD2	17	0.9411764705882353	0.9411764705882353	0.11764705882352941
CHD3	17	1.0	1.0	0.0
CHD4	17	1.0	1.0	0.11764705882352941
CHD5	17	1.0	1.0	0.0
CHD6	17	1.0	1.0	0.0
CHD7	17	1.0	1.0	0.0
CHD8	17	1.0	1.0	0.0
CHD9	17	1.0	1.0	0.0
CHDH	17	0.8235294117647058	1.0	0.0
CHEK1	17	0.9411764705882353	0.7058823529411765	0.0
CHEK2	17	1.0	1.0	0.0
CHERP	17	0.8823529411764706	1.0	0.0
CHFR	17	1.0	1.0	0.11764705882352941
CHGB	17	0.8823529411764706	1.0	0.0
CHIC1	17	1.0	0.9411764705882353	0.11764705882352941
CHIC2	17	1.0	1.0	0.0
CHID1	17	1.0	1.0	0.0
CHKA	17	0.9411764705882353	0.9411764705882353	0.0
CHKB	17	1.0	0.8823529411764706	0.0
CHKB-DT	17	0.9411764705882353	1.0	0.0
CHL1	17	1.0	1.0	0.17647058823529413
CHL1-AS1	17	1.0	1.0	0.0
CHM	17	1.0	1.0	0.058823529411764705
CHML	17	1.0	0.9411764705882353	0.0
CHMP1A	17	0.9411764705882353	1.0	0.0
CHMP1B	17	0.8823529411764706	1.0	0.0
CHMP2B	17	1.0	1.0	0.0
CHMP3	17	1.0	1.0	0.0
CHMP4A	17	1.0	0.9411764705882353	0.0
CHMP4B	17	0.9411764705882353	1.0	0.0
CHMP4C	17	1.0	1.0	0.0
CHMP5	17	1.0	0.7647058823529411	0.0
CHMP6	17	1.0	0.8823529411764706	0.0
CHMP7	17	0.9411764705882353	0.9411764705882353	0.0
CHN1	17	0.9411764705882353	0.7647058823529411	0.0
CHN2	17	0.9411764705882353	0.9411764705882353	0.0
CHODL	17	1.0	1.0	0.0
CHORDC1	17	1.0	1.0	0.0
CHP1	17	1.0	1.0	0.0
CHPF2	17	1.0	1.0	0.0
CHPT1	17	1.0	0.8235294117647058	0.0
CHRDL2	17	1.0	0.8235294117647058	0.0
CHRM3	17	1.0	1.0	0.0
CHRM3-AS2	17	1.0	0.7058823529411765	0.0
CHRM5	17	1.0	1.0	0.058823529411764705
CHRNA4	17	0.7647058823529411	0.8235294117647058	0.0
CHRNA7	17	1.0	1.0	0.0
CHRNB1	17	0.7647058823529411	0.7647058823529411	0.0
CHRNE	17	1.0	1.0	0.0
CHROMR	17	0.8823529411764706	0.9411764705882353	0.0
CHST11	17	1.0	1.0	0.0
CHST12	17	0.9411764705882353	1.0	0.0
CHST15	17	1.0	1.0	0.0
CHST3	17	1.0	0.9411764705882353	0.0
CHST4	17	0.7647058823529411	0.9411764705882353	0.0
CHST9	17	1.0	1.0	0.058823529411764705
CHSY1	17	1.0	1.0	0.0
CHSY3	17	1.0	1.0	0.0
CHTF18	17	0.8823529411764706	0.9411764705882353	0.0
CHTOP	17	0.7647058823529411	0.9411764705882353	0.0
CHUK	17	1.0	1.0	0.0
CHURC1	17	1.0	0.8823529411764706	0.0
CIAO1	17	0.9411764705882353	0.8235294117647058	0.0
CIAO2A	17	0.9411764705882353	0.8823529411764706	0.0
CIAO2B	17	0.8823529411764706	1.0	0.0
CIAO3	17	0.7058823529411765	1.0	0.0
CIAPIN1	17	0.8235294117647058	0.8823529411764706	0.0
CIB1	17	0.9411764705882353	0.8823529411764706	0.0
CIB2	17	0.8235294117647058	0.8235294117647058	0.0
CIC	17	1.0	1.0	0.0
CIITA	17	1.0	0.8823529411764706	0.0
CINP	17	0.9411764705882353	0.9411764705882353	0.0
CIP2A	17	0.9411764705882353	1.0	0.0
CIPC	17	0.9411764705882353	1.0	0.0
CIR1	17	0.8823529411764706	0.9411764705882353	0.0
CIRBP	17	0.9411764705882353	1.0	0.0
CISD1	17	0.9411764705882353	0.8823529411764706	0.0
CISD2	17	0.8235294117647058	1.0	0.0
CISD3	17	1.0	1.0	0.0
CISH	17	1.0	1.0	0.0
CIT	17	1.0	0.9411764705882353	0.058823529411764705
CITED2	17	1.0	1.0	0.0
CIZ1	17	1.0	1.0	0.0
CKAP2	17	0.9411764705882353	0.8235294117647058	0.0
CKAP4	17	1.0	0.7647058823529411	0.0
CKAP5	17	1.0	1.0	0.0
CKB	17	1.0	1.0	0.0
CKLF	17	1.0	1.0	0.0
CKMT2	17	0.9411764705882353	0.9411764705882353	0.0
CKMT2-AS1	17	0.9411764705882353	0.8823529411764706	0.0
CKS1B	17	0.8235294117647058	0.8235294117647058	0.0
CLASP1	17	1.0	1.0	0.0
CLASP2	17	1.0	0.9411764705882353	0.0
CLASRP	17	1.0	1.0	0.0
CLBA1	17	0.9411764705882353	0.9411764705882353	0.0
CLCC1	17	0.9411764705882353	0.9411764705882353	0.0
CLCF1	17	0.9411764705882353	1.0	0.11764705882352941
CLCN2	17	0.7647058823529411	0.9411764705882353	0.0
CLCN3	17	1.0	1.0	0.0
CLCN4	17	0.8235294117647058	0.7058823529411765	0.0
CLCN5	17	1.0	1.0	0.058823529411764705
CLCN6	17	0.9411764705882353	0.9411764705882353	0.0
CLCN7	17	1.0	1.0	0.0
CLCNKA	17	1.0	1.0	0.0
CLCNKB	17	1.0	1.0	0.058823529411764705
CLDN1	17	1.0	1.0	0.23529411764705882
CLDN10	17	1.0	0.8823529411764706	0.0
CLDN10-AS1	17	1.0	1.0	0.11764705882352941
CLDN11	17	0.5882352941176471	0.7647058823529411	0.0
CLDN12	17	1.0	0.7058823529411765	0.0
CLDN14	17	0.9411764705882353	0.9411764705882353	0.0
CLDN15	17	0.8235294117647058	0.9411764705882353	0.0
CLDN16	17	0.9411764705882353	1.0	0.0
CLDN18	17	1.0	1.0	0.11764705882352941
CLDN20	17	1.0	1.0	0.0
CLDN3	17	0.8823529411764706	0.9411764705882353	0.0
CLDN4	17	1.0	1.0	0.0
CLDN7	17	1.0	1.0	0.17647058823529413
CLDN8	17	1.0	1.0	0.0
CLDND1	17	0.9411764705882353	1.0	0.0
CLEC11A	17	0.9411764705882353	0.9411764705882353	0.0
CLEC16A	17	0.9411764705882353	1.0	0.11764705882352941
CLEC2D	17	0.8235294117647058	0.9411764705882353	0.058823529411764705
CLEC4A	17	0.8823529411764706	0.9411764705882353	0.0
CLHC1	17	1.0	0.8235294117647058	0.0
CLIC1	17	0.9411764705882353	1.0	0.0
CLIC2	17	0.9411764705882353	1.0	0.0
CLIC4	17	1.0	1.0	0.0
CLIC5	17	0.9411764705882353	0.9411764705882353	0.058823529411764705
CLIC6	17	0.9411764705882353	1.0	0.0
CLINT1	17	1.0	1.0	0.23529411764705882
CLIP1	17	1.0	0.9411764705882353	0.6470588235294118
CLIP1-AS1	17	0.7647058823529411	0.7647058823529411	0.0
CLIP2	17	0.9411764705882353	1.0	0.058823529411764705
CLIP3	17	0.9411764705882353	0.9411764705882353	0.0
CLIP4	17	1.0	1.0	0.0
CLK1	17	0.9411764705882353	1.0	0.0
CLK2	17	1.0	1.0	0.0
CLK3	17	1.0	1.0	0.0
CLK4	17	1.0	1.0	0.0
CLMN	17	0.9411764705882353	0.9411764705882353	0.058823529411764705
CLN3	17	1.0	0.8823529411764706	0.058823529411764705
CLN5	17	0.7647058823529411	1.0	0.0
CLN6	17	1.0	0.9411764705882353	0.0
CLN8	17	1.0	1.0	0.0
CLNK	17	0.8235294117647058	1.0	0.0
CLNS1A	17	0.6470588235294118	1.0	0.0
CLOCK	17	1.0	1.0	0.0
CLPB	17	1.0	1.0	0.0
CLPP	17	1.0	0.8235294117647058	0.0
CLPTM1	17	0.9411764705882353	1.0	0.0
CLPTM1L	17	0.8823529411764706	1.0	0.0
CLPX	17	1.0	0.9411764705882353	0.058823529411764705
CLSTN1	17	1.0	1.0	0.0
CLSTN2	17	1.0	1.0	0.0
CLSTN3	17	1.0	1.0	0.0
CLTA	17	1.0	1.0	0.0
CLTB	17	1.0	1.0	0.058823529411764705
CLTC	17	1.0	1.0	0.0
CLTCL1	17	1.0	1.0	0.0
CLTRN	17	1.0	1.0	0.0
CLU	17	0.9411764705882353	1.0	0.0
CLUAP1	17	1.0	1.0	0.0
CLUH	17	0.8235294117647058	1.0	0.0
CLUL1	17	1.0	0.9411764705882353	0.0
CLYBL	17	0.9411764705882353	1.0	0.0
CMAS	17	1.0	1.0	0.0
CMBL	17	1.0	1.0	0.0
CMC1	17	0.9411764705882353	0.7647058823529411	0.0
CMC2	17	0.9411764705882353	0.8823529411764706	0.0
CMIP	17	1.0	0.9411764705882353	0.058823529411764705
CMPK1	17	1.0	1.0	0.0
CMSS1	17	1.0	1.0	0.0
CMTM1	17	1.0	1.0	0.0
CMTM2	17	0.9411764705882353	1.0	0.0
CMTM4	17	0.8823529411764706	1.0	0.0
CMTM6	17	1.0	1.0	0.0
CMTM7	17	0.9411764705882353	1.0	0.0
CMTM8	17	0.7647058823529411	0.8823529411764706	0.0
CMTR1	17	0.9411764705882353	1.0	0.0
CMTR2	17	1.0	0.8235294117647058	0.0
CMYA5	17	0.7058823529411765	1.0	0.0
CNBD2	17	0.7647058823529411	0.8823529411764706	0.0
CNBP	17	1.0	1.0	0.0
CNDP2	17	1.0	1.0	0.058823529411764705
CNEP1R1	17	0.8235294117647058	0.9411764705882353	0.0
CNGA1	17	1.0	1.0	0.0
CNIH1	17	0.9411764705882353	0.9411764705882353	0.0
CNIH3	17	1.0	1.0	0.0
CNIH4	17	0.8235294117647058	1.0	0.0
CNKSR1	17	1.0	0.9411764705882353	0.0
CNKSR2	17	0.8235294117647058	0.8235294117647058	0.0
CNKSR3	17	1.0	1.0	0.5294117647058824
CNN2	17	0.9411764705882353	0.8823529411764706	0.0
CNN3	17	1.0	0.9411764705882353	0.0
CNNM2	17	0.9411764705882353	1.0	0.058823529411764705
CNNM3	17	1.0	1.0	0.0
CNNM4	17	1.0	1.0	0.0
CNOT1	17	0.8823529411764706	1.0	0.0
CNOT10	17	1.0	1.0	0.0
CNOT11	17	1.0	1.0	0.0
CNOT2	17	0.8235294117647058	0.9411764705882353	0.0
CNOT3	17	1.0	1.0	0.058823529411764705
CNOT4	17	0.9411764705882353	1.0	0.0
CNOT6	17	1.0	1.0	0.0
CNOT6L	17	0.9411764705882353	0.9411764705882353	0.0
CNOT7	17	1.0	0.9411764705882353	0.0
CNOT8	17	0.9411764705882353	0.9411764705882353	0.0
CNOT9	17	1.0	0.7647058823529411	0.0
CNP	17	1.0	0.9411764705882353	0.0
CNPPD1	17	0.8823529411764706	0.8823529411764706	0.0
CNPY2	17	0.9411764705882353	1.0	0.0
CNPY3	17	1.0	0.9411764705882353	0.0
CNST	17	1.0	1.0	0.0
CNTD1	17	0.8823529411764706	0.9411764705882353	0.0
CNTLN	17	0.7647058823529411	0.9411764705882353	0.0
CNTN1	17	0.9411764705882353	0.9411764705882353	0.0
CNTN3	17	0.9411764705882353	1.0	0.0
CNTN4	17	0.9411764705882353	0.8235294117647058	0.0
CNTN5	17	1.0	1.0	0.0
CNTN6	17	0.8235294117647058	0.8235294117647058	0.0
CNTNAP1	17	0.8823529411764706	0.9411764705882353	0.0
CNTNAP2	17	1.0	1.0	0.0
CNTNAP3	17	1.0	0.9411764705882353	0.0
CNTNAP3B	17	1.0	1.0	0.058823529411764705
CNTNAP5	17	1.0	1.0	0.0
CNTRL	17	0.9411764705882353	1.0	0.0
CNTROB	17	0.9411764705882353	0.8823529411764706	0.0
COA1	17	0.8235294117647058	1.0	0.0
COA3	17	0.9411764705882353	0.6470588235294118	0.0
COA4	17	0.9411764705882353	1.0	0.0
COA5	17	0.9411764705882353	0.9411764705882353	0.0
COA6-AS1	17	0.8823529411764706	1.0	0.0
COA8	17	1.0	1.0	0.0
COASY	17	1.0	1.0	0.0
COBL	17	1.0	1.0	0.11764705882352941
COBLL1	17	0.7058823529411765	0.9411764705882353	0.0
COG1	17	1.0	1.0	0.0
COG2	17	0.9411764705882353	1.0	0.0
COG3	17	0.8823529411764706	1.0	0.0
COG4	17	0.9411764705882353	0.9411764705882353	0.0
COG5	17	1.0	1.0	0.0
COG6	17	0.9411764705882353	0.9411764705882353	0.0
COG7	17	1.0	1.0	0.0
COG8	17	0.9411764705882353	0.8823529411764706	0.0
COIL	17	0.9411764705882353	1.0	0.0
COL10A1	17	0.7647058823529411	1.0	0.0
COL12A1	17	0.7058823529411765	1.0	0.0
COL14A1	17	0.9411764705882353	0.9411764705882353	0.23529411764705882
COL16A1	17	1.0	1.0	0.0
COL18A1	17	1.0	1.0	0.0
COL18A1-AS1	17	0.8823529411764706	0.9411764705882353	0.0
COL19A1	17	0.9411764705882353	1.0	0.0
COL1A1	17	1.0	1.0	0.0
COL1A2	17	0.9411764705882353	0.9411764705882353	0.0
COL22A1	17	1.0	1.0	0.7058823529411765
COL23A1	17	1.0	0.9411764705882353	0.0
COL24A1	17	1.0	1.0	0.0
COL25A1	17	1.0	1.0	0.35294117647058826
COL26A1	17	1.0	1.0	0.0
COL27A1	17	0.9411764705882353	1.0	0.0
COL28A1	17	0.9411764705882353	0.9411764705882353	0.0
COL4A1	17	0.8823529411764706	1.0	0.0
COL4A2	17	0.7058823529411765	0.9411764705882353	0.0
COL4A3	17	0.9411764705882353	0.9411764705882353	0.0
COL4A4	17	0.9411764705882353	0.9411764705882353	0.0
COL4A5	17	1.0	0.9411764705882353	0.0
COL4A6	17	1.0	1.0	0.0
COL5A2	17	1.0	1.0	0.0
COL6A1	17	1.0	1.0	0.0
COL6A6	17	0.8235294117647058	0.8235294117647058	0.0
COL7A1	17	1.0	0.9411764705882353	0.0
COL8A1	17	1.0	1.0	0.5294117647058824
COL9A2	17	1.0	0.9411764705882353	0.0
COLCA1	17	1.0	1.0	0.0
COLCA2	17	1.0	1.0	0.0
COLEC10	17	0.9411764705882353	0.9411764705882353	0.0
COLGALT1	17	0.9411764705882353	0.8823529411764706	0.0
COLQ	17	1.0	1.0	0.0
COMMD1	17	1.0	1.0	0.058823529411764705
COMMD10	17	1.0	1.0	0.0
COMMD2	17	1.0	1.0	0.0
COMMD3	17	1.0	1.0	0.0
COMMD4	17	1.0	1.0	0.0
COMMD5	17	0.9411764705882353	1.0	0.0
COMMD6	17	0.7647058823529411	1.0	0.0
COMMD7	17	1.0	0.8823529411764706	0.0
COMMD8	17	0.9411764705882353	0.9411764705882353	0.0
COMMD9	17	0.9411764705882353	1.0	0.0
COMT	17	0.9411764705882353	0.9411764705882353	0.0
COMTD1	17	0.9411764705882353	1.0	0.0
COP1	17	1.0	1.0	0.9411764705882353
COPA	17	0.7647058823529411	1.0	0.0
COPB1	17	0.7647058823529411	0.9411764705882353	0.0
COPB2	17	1.0	1.0	0.0
COPE	17	0.8823529411764706	0.9411764705882353	0.0
COPG1	17	0.9411764705882353	1.0	0.0
COPG2	17	0.7647058823529411	0.9411764705882353	0.0
COPRS	17	0.9411764705882353	0.9411764705882353	0.0
COPS2	17	1.0	1.0	0.0
COPS3	17	1.0	1.0	0.0
COPS4	17	1.0	0.9411764705882353	0.0
COPS5	17	0.8823529411764706	0.9411764705882353	0.0
COPS6	17	0.8235294117647058	0.9411764705882353	0.0
COPS7A	17	0.9411764705882353	0.9411764705882353	0.0
COPS7B	17	1.0	1.0	0.0
COPS8	17	0.9411764705882353	0.9411764705882353	0.0
COPZ1	17	0.9411764705882353	0.9411764705882353	0.0
COQ10A	17	0.9411764705882353	1.0	0.0
COQ10B	17	1.0	1.0	0.0
COQ2	17	1.0	0.8823529411764706	0.0
COQ3	17	0.9411764705882353	1.0	0.0
COQ4	17	0.8823529411764706	1.0	0.0
COQ5	17	0.9411764705882353	0.7647058823529411	0.058823529411764705
COQ6	17	0.6470588235294118	1.0	0.0
COQ7	17	1.0	0.9411764705882353	0.0
COQ8A	17	1.0	0.9411764705882353	0.0
COQ8B	17	0.9411764705882353	0.9411764705882353	0.0
COQ9	17	0.9411764705882353	1.0	0.0
CORIN	17	0.9411764705882353	0.8235294117647058	0.0
CORO1B	17	0.9411764705882353	0.7058823529411765	0.0
CORO1C	17	0.9411764705882353	1.0	0.29411764705882354
CORO2A	17	1.0	1.0	0.29411764705882354
CORO2B	17	0.8823529411764706	0.8235294117647058	0.0
CORO7	17	1.0	1.0	0.058823529411764705
COTL1	17	1.0	0.9411764705882353	0.0
COX10	17	1.0	1.0	0.0
COX10-AS1	17	1.0	1.0	0.0
COX11	17	1.0	1.0	0.0
COX15	17	0.7647058823529411	1.0	0.0
COX16	17	0.9411764705882353	0.9411764705882353	0.0
COX17	17	0.8823529411764706	0.8823529411764706	0.0
COX18	17	0.7647058823529411	0.9411764705882353	0.0
COX19	17	0.7647058823529411	0.9411764705882353	0.0
COX20	17	0.9411764705882353	1.0	0.0
COX4I1	17	0.9411764705882353	0.7647058823529411	0.0
COX5A	17	1.0	1.0	0.0
COX5B	17	0.8235294117647058	0.8235294117647058	0.0
COX6A1	17	1.0	0.9411764705882353	0.0
COX6C	17	0.8823529411764706	0.8823529411764706	0.0
COX7A2	17	1.0	1.0	0.0
COX7A2L	17	0.9411764705882353	0.9411764705882353	0.0
COX7B	17	0.7058823529411765	0.9411764705882353	0.0
COX7C	17	1.0	0.9411764705882353	0.0
CP	17	1.0	0.9411764705882353	0.0
CPAMD8	17	0.9411764705882353	0.9411764705882353	0.0
CPB2-AS1	17	0.9411764705882353	0.8823529411764706	0.0
CPD	17	1.0	1.0	0.0
CPEB2	17	1.0	1.0	0.11764705882352941
CPEB2-DT	17	0.9411764705882353	1.0	0.0
CPEB3	17	0.9411764705882353	1.0	0.0
CPEB4	17	1.0	0.9411764705882353	0.0
CPLANE1	17	0.9411764705882353	0.8823529411764706	0.0
CPLX1	17	0.7647058823529411	0.8235294117647058	0.0
CPM	17	1.0	0.9411764705882353	0.11764705882352941
CPNE1	17	0.9411764705882353	0.9411764705882353	0.0
CPNE2	17	0.9411764705882353	0.8235294117647058	0.0
CPNE3	17	1.0	0.7058823529411765	0.0
CPNE4	17	0.9411764705882353	0.9411764705882353	0.0
CPNE5	17	1.0	1.0	0.0
CPNE8	17	1.0	1.0	0.0
CPO	17	1.0	1.0	0.0
CPOX	17	1.0	1.0	0.0
CPPED1	17	1.0	1.0	0.0
CPQ	17	1.0	0.8235294117647058	0.0
CPS1	17	1.0	0.9411764705882353	0.0
CPSF1	17	1.0	1.0	0.0
CPSF2	17	0.8823529411764706	0.9411764705882353	0.0
CPSF3	17	0.9411764705882353	1.0	0.0
CPSF4	17	1.0	0.9411764705882353	0.0
CPSF6	17	0.8235294117647058	0.9411764705882353	0.0
CPSF7	17	1.0	1.0	0.0
CPT1A	17	0.9411764705882353	0.8823529411764706	0.0
CPT1B	17	1.0	1.0	0.0
CPT2	17	1.0	0.8823529411764706	0.0
CPVL	17	0.9411764705882353	0.9411764705882353	0.0
CPXM2	17	0.8235294117647058	1.0	0.0
CR1L	17	0.8235294117647058	0.8235294117647058	0.0
CR381653.1	17	0.9411764705882353	0.9411764705882353	0.0
CRACR2A	17	1.0	1.0	0.058823529411764705
CRACR2B	17	1.0	1.0	0.0
CRADD	17	1.0	1.0	0.0
CRAMP1	17	1.0	1.0	0.0
CRAT	17	0.9411764705882353	0.9411764705882353	0.0
CRB1	17	1.0	1.0	0.11764705882352941
CRBN	17	0.8823529411764706	1.0	0.0
CRCP	17	1.0	1.0	0.0
CREB1	17	0.9411764705882353	1.0	0.0
CREB3	17	0.8823529411764706	0.9411764705882353	0.0
CREB3L1	17	1.0	1.0	0.0
CREB3L2	17	1.0	1.0	0.0
CREB3L4	17	0.8235294117647058	0.9411764705882353	0.0
CREB5	17	1.0	1.0	0.9411764705882353
CREBBP	17	0.9411764705882353	0.9411764705882353	0.0
CREBL2	17	0.9411764705882353	1.0	0.0
CREBRF	17	0.8235294117647058	1.0	0.0
CREBZF	17	1.0	1.0	0.0
CREG1	17	1.0	1.0	0.0
CRELD1	17	1.0	1.0	0.0
CRELD2	17	1.0	1.0	0.0
CREM	17	0.7058823529411765	1.0	0.0
CRIM1	17	0.7058823529411765	1.0	0.0
CRIP2	17	0.9411764705882353	0.9411764705882353	0.0
CRIPAK	17	1.0	1.0	0.0
CRIPT	17	1.0	1.0	0.0
CRISPLD2	17	0.8235294117647058	0.8235294117647058	0.0
CRK	17	0.7647058823529411	0.9411764705882353	0.0
CRKL	17	1.0	1.0	0.058823529411764705
CRLF3	17	1.0	1.0	0.0
CRLS1	17	0.9411764705882353	1.0	0.0
CRMP1	17	0.8823529411764706	1.0	0.0
CRNKL1	17	0.9411764705882353	0.7647058823529411	0.0
CROCC	17	1.0	1.0	0.0
CROT	17	0.9411764705882353	0.8823529411764706	0.0
CRPPA	17	1.0	0.9411764705882353	0.0
CRPPA-AS1	17	0.8235294117647058	0.8235294117647058	0.0
CRTAC1	17	1.0	1.0	0.5882352941176471
CRTAP	17	0.8823529411764706	0.8235294117647058	0.0
CRTC1	17	0.9411764705882353	0.9411764705882353	0.0
CRTC2	17	0.9411764705882353	1.0	0.0
CRTC3	17	0.9411764705882353	1.0	0.0
CRTC3-AS1	17	1.0	0.8823529411764706	0.0
CRY1	17	0.9411764705882353	0.9411764705882353	0.0
CRY2	17	0.8235294117647058	0.9411764705882353	0.0
CRYAB	17	0.8235294117647058	0.8235294117647058	0.0
CRYBG1	17	0.9411764705882353	0.8235294117647058	0.0
CRYBG3	17	0.9411764705882353	0.9411764705882353	0.0
CRYGS	17	1.0	1.0	0.0
CRYL1	17	0.8823529411764706	1.0	0.0
CRYM	17	1.0	1.0	0.0
CRYZ	17	0.9411764705882353	1.0	0.0
CRYZL1	17	1.0	1.0	0.0
CS	17	1.0	1.0	0.0
CSAD	17	0.9411764705882353	1.0	0.0
CSDC2	17	1.0	0.9411764705882353	0.0
CSDE1	17	1.0	1.0	0.0
CSE1L	17	1.0	0.8235294117647058	0.0
CSF2RA	17	1.0	0.9411764705882353	0.0
CSGALNACT1	17	1.0	0.8823529411764706	0.0
CSGALNACT2	17	0.9411764705882353	0.9411764705882353	0.0
CSK	17	1.0	1.0	0.0
CSKMT	17	0.8823529411764706	0.9411764705882353	0.0
CSMD1	17	1.0	1.0	0.0
CSMD2	17	1.0	1.0	0.0
CSMD3	17	1.0	1.0	0.0
CSNK1A1	17	0.9411764705882353	0.9411764705882353	0.0
CSNK1D	17	1.0	0.9411764705882353	0.0
CSNK1E	17	0.7647058823529411	0.8823529411764706	0.0
CSNK1G1	17	0.9411764705882353	1.0	0.11764705882352941
CSNK1G2	17	0.8823529411764706	1.0	0.0
CSNK1G3	17	1.0	1.0	0.0
CSNK2A1	17	1.0	1.0	0.0
CSNK2A2	17	1.0	1.0	0.0
CSNK2B	17	1.0	1.0	0.0
CSPP1	17	1.0	0.9411764705882353	0.11764705882352941
CSRNP1	17	1.0	1.0	0.058823529411764705
CSRNP2	17	1.0	0.9411764705882353	0.0
CSRNP3	17	1.0	0.9411764705882353	0.0
CSRP1	17	0.9411764705882353	0.9411764705882353	0.0
CSRP2	17	0.8235294117647058	0.8235294117647058	0.0
CST3	17	0.6470588235294118	0.7647058823529411	0.0
CSTB	17	1.0	1.0	0.0
CSTF1	17	1.0	1.0	0.0
CSTF2	17	1.0	1.0	0.0
CSTF3	17	0.9411764705882353	1.0	0.0
CTBP1	17	0.9411764705882353	1.0	0.0
CTBP1-AS	17	1.0	1.0	0.0
CTBP1-DT	17	1.0	1.0	0.0
CTBP2	17	0.9411764705882353	0.9411764705882353	0.11764705882352941
CTBS	17	0.9411764705882353	1.0	0.0
CTC1	17	1.0	1.0	0.058823529411764705
CTCF	17	0.9411764705882353	0.7058823529411765	0.0
CTDNEP1	17	1.0	0.8235294117647058	0.0
CTDP1	17	1.0	0.9411764705882353	0.17647058823529413
CTDSP1	17	1.0	0.9411764705882353	0.0
CTDSP2	17	1.0	1.0	0.0
CTDSPL	17	1.0	1.0	0.0
CTDSPL2	17	0.7647058823529411	1.0	0.0
CTH	17	1.0	1.0	0.0
CTIF	17	0.9411764705882353	0.9411764705882353	0.0
CTNNA1	17	1.0	1.0	0.9411764705882353
CTNNA2	17	1.0	0.8235294117647058	0.0
CTNNA3	17	1.0	1.0	0.0
CTNNAL1	17	0.9411764705882353	0.9411764705882353	0.0
CTNNB1	17	1.0	0.9411764705882353	0.0
CTNNBIP1	17	0.8823529411764706	0.9411764705882353	0.0
CTNNBL1	17	0.9411764705882353	0.9411764705882353	0.0
CTNND1	17	1.0	1.0	0.9411764705882353
CTNND2	17	1.0	0.7647058823529411	0.0
CTNS	17	0.9411764705882353	0.9411764705882353	0.0
CTPS1	17	0.8823529411764706	0.9411764705882353	0.0
CTPS2	17	1.0	1.0	0.0
CTR9	17	0.9411764705882353	1.0	0.0
CTSA	17	0.9411764705882353	0.9411764705882353	0.0
CTSB	17	0.8235294117647058	0.7647058823529411	0.0
CTSC	17	0.8823529411764706	0.8823529411764706	0.0
CTSD	17	1.0	0.9411764705882353	0.0
CTSF	17	1.0	1.0	0.0
CTSH	17	0.9411764705882353	1.0	0.0
CTSK	17	0.9411764705882353	0.9411764705882353	0.0
CTSL	17	1.0	1.0	0.0
CTSO	17	1.0	1.0	0.0
CTSS	17	1.0	1.0	0.0
CTSZ	17	1.0	1.0	0.0
CTTN	17	0.9411764705882353	1.0	0.11764705882352941
CTTNBP2	17	0.9411764705882353	0.9411764705882353	0.0
CTTNBP2NL	17	1.0	1.0	0.23529411764705882
CTXND1	17	0.7058823529411765	0.9411764705882353	0.0
CU638689.4	17	1.0	0.8823529411764706	0.0
CU638689.5	17	0.9411764705882353	1.0	0.0
CUBN	17	1.0	1.0	0.058823529411764705
CUEDC1	17	0.9411764705882353	0.9411764705882353	0.11764705882352941
CUEDC2	17	1.0	0.9411764705882353	0.0
CUL1	17	0.9411764705882353	0.9411764705882353	0.0
CUL2	17	0.9411764705882353	0.9411764705882353	0.0
CUL3	17	0.9411764705882353	0.9411764705882353	0.0
CUL4A	17	1.0	1.0	0.11764705882352941
CUL4B	17	1.0	0.9411764705882353	0.0
CUL5	17	1.0	1.0	0.0
CUL7	17	0.9411764705882353	1.0	0.0
CUL9	17	0.9411764705882353	1.0	0.0
CUTA	17	1.0	0.9411764705882353	0.0
CUTC	17	1.0	1.0	0.0
CUX1	17	1.0	0.9411764705882353	0.23529411764705882
CUX2	17	1.0	1.0	0.0
CWC15	17	0.9411764705882353	1.0	0.0
CWC22	17	0.9411764705882353	0.8235294117647058	0.0
CWC25	17	0.9411764705882353	0.8235294117647058	0.0
CWC27	17	1.0	1.0	0.0
CWF19L1	17	1.0	0.9411764705882353	0.0
CWF19L2	17	1.0	1.0	0.0
CWH43	17	1.0	1.0	0.0
CX3CL1	17	0.9411764705882353	0.9411764705882353	0.0
CXADR	17	1.0	1.0	0.0
CXCL13	17	0.8235294117647058	0.8235294117647058	0.0
CXCL2	17	0.8235294117647058	0.9411764705882353	0.0
CXCL3	17	0.9411764705882353	1.0	0.0
CXXC1	17	1.0	1.0	0.0
CXXC5	17	1.0	1.0	0.058823529411764705
CXorf38	17	1.0	1.0	0.0
CXorf56	17	0.9411764705882353	0.8235294117647058	0.0
CYB561	17	0.9411764705882353	1.0	0.0
CYB561A3	17	0.9411764705882353	0.8235294117647058	0.0
CYB561D1	17	0.9411764705882353	0.9411764705882353	0.0
CYB561D2	17	0.7647058823529411	0.8235294117647058	0.0
CYB561D2.1	17	0.8235294117647058	0.8235294117647058	0.0
CYB5A	17	0.9411764705882353	0.7647058823529411	0.0
CYB5B	17	0.7647058823529411	0.9411764705882353	0.0
CYB5D1	17	0.9411764705882353	1.0	0.0
CYB5D2	17	0.9411764705882353	0.9411764705882353	0.0
CYB5R1	17	1.0	0.9411764705882353	0.0
CYB5R2	17	1.0	1.0	0.0
CYB5R3	17	0.9411764705882353	0.9411764705882353	0.0
CYB5R4	17	1.0	1.0	0.0
CYB5RL	17	0.9411764705882353	0.7647058823529411	0.0
CYBA	17	0.9411764705882353	1.0	0.0
CYBC1	17	1.0	1.0	0.0
CYBRD1	17	0.8235294117647058	0.7058823529411765	0.0
CYC1	17	1.0	1.0	0.0
CYCS	17	0.9411764705882353	1.0	0.0
CYFIP1	17	1.0	1.0	0.6470588235294118
CYFIP2	17	0.9411764705882353	1.0	0.0
CYHR1	17	1.0	1.0	0.0
CYLD	17	0.9411764705882353	1.0	0.0
CYP1B1	17	0.9411764705882353	1.0	0.0
CYP1B1-AS1	17	1.0	0.9411764705882353	0.0
CYP20A1	17	0.9411764705882353	0.9411764705882353	0.0
CYP24A1	17	1.0	1.0	0.0
CYP27A1	17	0.8235294117647058	0.8823529411764706	0.0
CYP2C18	17	0.8235294117647058	0.8235294117647058	0.0
CYP2C8	17	0.8823529411764706	1.0	0.0
CYP2D6	17	1.0	1.0	0.0
CYP2E1	17	0.8235294117647058	1.0	0.0
CYP2R1	17	1.0	0.7647058823529411	0.0
CYP39A1	17	1.0	1.0	0.0
CYP3A5	17	0.9411764705882353	1.0	0.0
CYP3A7	17	0.7058823529411765	0.7058823529411765	0.0
CYP46A1	17	1.0	1.0	0.0
CYP4A11	17	0.9411764705882353	1.0	0.0
CYP4A22-AS1	17	0.8823529411764706	1.0	0.0
CYP4B1	17	0.8235294117647058	0.8235294117647058	0.0
CYP4F11	17	1.0	1.0	0.0
CYP4F3	17	0.9411764705882353	1.0	0.0
CYP4V2	17	0.9411764705882353	0.9411764705882353	0.0
CYP51A1	17	1.0	1.0	0.0
CYP7B1	17	1.0	1.0	0.058823529411764705
CYREN	17	0.8235294117647058	0.8823529411764706	0.0
CYS1	17	1.0	1.0	0.0
CYSLTR2	17	1.0	1.0	0.0
CYSTM1	17	0.9411764705882353	1.0	0.0
CYTH1	17	1.0	0.8235294117647058	0.0
CYTH2	17	1.0	1.0	0.0
CYTH3	17	0.9411764705882353	0.9411764705882353	0.0
CYTOR	17	1.0	1.0	0.058823529411764705
CYYR1	17	0.9411764705882353	0.8235294117647058	0.058823529411764705
CYYR1-AS1	17	0.9411764705882353	0.9411764705882353	0.0
CZIB	17	0.9411764705882353	0.8235294117647058	0.0
D2HGDH	17	0.8823529411764706	1.0	0.0
DAAM1	17	0.9411764705882353	0.9411764705882353	0.0
DAAM2	17	0.5294117647058824	0.7058823529411765	0.0
DAB1	17	0.9411764705882353	1.0	0.0
DAB2	17	1.0	1.0	0.0
DAB2IP	17	0.9411764705882353	0.9411764705882353	0.0
DACH1	17	0.9411764705882353	0.9411764705882353	0.0
DAD1	17	0.6470588235294118	1.0	0.0
DAG1	17	1.0	1.0	0.058823529411764705
DAGLA	17	1.0	1.0	0.058823529411764705
DAGLB	17	0.9411764705882353	0.9411764705882353	0.0
DALRD3	17	0.9411764705882353	0.9411764705882353	0.0
DANCR	17	0.8823529411764706	0.8235294117647058	0.0
DANT2	17	0.7058823529411765	1.0	0.0
DAP	17	0.8823529411764706	1.0	0.0
DAP3	17	0.9411764705882353	0.8823529411764706	0.0
DAPK1	17	1.0	1.0	0.9411764705882353
DAPK1-IT1	17	0.6470588235294118	1.0	0.0
DAPK2	17	0.8823529411764706	1.0	0.0
DAPK3	17	1.0	0.9411764705882353	0.5294117647058824
DAPP1	17	1.0	1.0	0.058823529411764705
DARS	17	1.0	1.0	0.058823529411764705
DARS-AS1	17	0.8235294117647058	0.8235294117647058	0.0
DARS2	17	1.0	1.0	0.0
DAXX	17	0.8235294117647058	0.8235294117647058	0.0
DAZAP1	17	1.0	1.0	0.0
DAZAP2	17	1.0	1.0	0.0
DBF4	17	1.0	0.8235294117647058	0.0
DBF4B	17	0.9411764705882353	1.0	0.0
DBI	17	1.0	0.9411764705882353	0.0
DBN1	17	1.0	1.0	0.0
DBNDD1	17	0.7647058823529411	0.8235294117647058	0.0
DBNDD2	17	0.7647058823529411	0.8235294117647058	0.0
DBNL	17	0.9411764705882353	0.9411764705882353	0.0
DBR1	17	1.0	0.8823529411764706	0.0
DBT	17	0.9411764705882353	0.9411764705882353	0.0
DCAF1	17	1.0	0.9411764705882353	0.0
DCAF10	17	1.0	1.0	0.0
DCAF11	17	1.0	0.9411764705882353	0.0
DCAF12	17	0.8235294117647058	1.0	0.0
DCAF13	17	0.7647058823529411	0.17647058823529413	0.0
DCAF15	17	0.9411764705882353	0.9411764705882353	0.0
DCAF16	17	0.9411764705882353	0.8823529411764706	0.0
DCAF17	17	1.0	1.0	0.0
DCAF4	17	1.0	1.0	0.058823529411764705
DCAF5	17	1.0	0.9411764705882353	0.0
DCAF6	17	0.9411764705882353	1.0	0.0
DCAF7	17	0.9411764705882353	1.0	0.0
DCAF8	17	1.0	1.0	0.0
DCAKD	17	1.0	0.7647058823529411	0.0
DCBLD1	17	1.0	1.0	0.0
DCBLD2	17	1.0	1.0	0.0
DCC	17	0.7647058823529411	1.0	0.0
DCDC1	17	1.0	1.0	0.0
DCDC2	17	0.9411764705882353	0.9411764705882353	0.0
DCDC2B	17	0.9411764705882353	1.0	0.0
DCLK2	17	1.0	0.9411764705882353	0.0
DCLRE1A	17	0.8235294117647058	0.8235294117647058	0.0
DCLRE1C	17	0.8823529411764706	0.9411764705882353	0.0
DCN	17	0.8235294117647058	0.8823529411764706	0.0
DCP1A	17	1.0	1.0	0.0
DCP1B	17	1.0	0.6470588235294118	0.0
DCP2	17	0.9411764705882353	0.9411764705882353	0.0
DCPS	17	1.0	1.0	0.0
DCST2	17	0.8235294117647058	0.8235294117647058	0.0
DCTD	17	1.0	1.0	0.0
DCTN1	17	0.9411764705882353	0.9411764705882353	0.0
DCTN2	17	0.9411764705882353	0.9411764705882353	0.0
DCTN4	17	1.0	1.0	0.0
DCTN5	17	0.9411764705882353	0.9411764705882353	0.0
DCTN6	17	1.0	1.0	0.0
DCUN1D1	17	1.0	1.0	0.058823529411764705
DCUN1D2	17	1.0	1.0	0.0
DCUN1D3	17	0.9411764705882353	1.0	0.0
DCUN1D4	17	1.0	0.9411764705882353	0.058823529411764705
DCUN1D5	17	0.8823529411764706	0.9411764705882353	0.0
DDA1	17	1.0	1.0	0.0
DDAH1	17	1.0	1.0	0.29411764705882354
DDAH2	17	1.0	0.9411764705882353	0.0
DDB1	17	1.0	1.0	0.0
DDB2	17	1.0	0.9411764705882353	0.058823529411764705
DDHD1	17	0.9411764705882353	0.8823529411764706	0.0
DDHD2	17	1.0	0.7647058823529411	0.0
DDI2	17	1.0	1.0	0.0
DDIT3	17	1.0	1.0	0.0
DDIT4	17	0.9411764705882353	1.0	0.0
DDOST	17	1.0	0.8235294117647058	0.0
DDR1	17	1.0	1.0	0.0
DDR2	17	0.9411764705882353	0.9411764705882353	0.0
DDRGK1	17	1.0	1.0	0.0
DDX1	17	0.7647058823529411	0.8235294117647058	0.0
DDX10	17	0.8235294117647058	1.0	0.0
DDX11	17	0.8235294117647058	1.0	0.0
DDX11-AS1	17	1.0	1.0	0.0
DDX17	17	1.0	1.0	0.0
DDX18	17	1.0	1.0	0.0
DDX19A	17	1.0	1.0	0.0
DDX19B	17	0.9411764705882353	0.8823529411764706	0.0
DDX20	17	1.0	1.0	0.0
DDX21	17	1.0	0.9411764705882353	0.0
DDX23	17	0.9411764705882353	1.0	0.0
DDX24	17	0.7647058823529411	0.7647058823529411	0.0
DDX25	17	0.8235294117647058	0.8235294117647058	0.0
DDX27	17	0.9411764705882353	1.0	0.0
DDX31	17	0.9411764705882353	0.9411764705882353	0.0
DDX39A	17	0.9411764705882353	0.8823529411764706	0.0
DDX39B	17	1.0	1.0	0.0
DDX3X	17	1.0	1.0	0.0
DDX3Y	17	1.0	1.0	0.0
DDX41	17	1.0	1.0	0.0
DDX42	17	0.9411764705882353	1.0	0.0
DDX43	17	0.8235294117647058	0.8235294117647058	0.0
DDX46	17	0.9411764705882353	1.0	0.0
DDX49	17	1.0	0.8235294117647058	0.0
DDX5	17	1.0	0.9411764705882353	0.058823529411764705
DDX50	17	0.9411764705882353	0.9411764705882353	0.0
DDX51	17	0.9411764705882353	1.0	0.0
DDX52	17	1.0	1.0	0.0
DDX54	17	1.0	1.0	0.0
DDX55	17	1.0	1.0	0.0
DDX56	17	1.0	1.0	0.0
DDX58	17	0.7647058823529411	1.0	0.0
DDX59	17	1.0	0.8823529411764706	0.0
DDX6	17	0.7647058823529411	0.6470588235294118	0.0
DDX60	17	0.9411764705882353	0.9411764705882353	0.0
DDX60L	17	1.0	0.8823529411764706	0.0
DEAF1	17	1.0	0.9411764705882353	0.11764705882352941
DEC1	17	0.7647058823529411	0.8823529411764706	0.0
DECR1	17	0.8823529411764706	1.0	0.0
DECR2	17	1.0	1.0	0.0
DEDD	17	0.9411764705882353	0.8235294117647058	0.0
DEDD2	17	1.0	1.0	0.0
DEF6	17	1.0	0.9411764705882353	0.0
DEF8	17	1.0	1.0	0.0
DEFB1	17	1.0	1.0	0.0
DEGS1	17	0.8235294117647058	0.8235294117647058	0.0
DEGS2	17	0.9411764705882353	1.0	0.0
DEK	17	0.9411764705882353	1.0	0.0
DELE1	17	0.9411764705882353	1.0	0.0
DENND10	17	1.0	1.0	0.0
DENND11	17	0.9411764705882353	1.0	0.0
DENND1A	17	1.0	1.0	0.0
DENND1B	17	1.0	1.0	0.0
DENND2A	17	0.9411764705882353	1.0	0.0
DENND2C	17	1.0	0.9411764705882353	0.8823529411764706
DENND2D	17	0.9411764705882353	1.0	0.0
DENND3	17	1.0	1.0	0.11764705882352941
DENND4A	17	0.9411764705882353	1.0	0.0
DENND4B	17	0.8235294117647058	0.9411764705882353	0.0
DENND4C	17	0.9411764705882353	1.0	0.11764705882352941
DENND5A	17	0.8235294117647058	0.7647058823529411	0.0
DENND5B	17	1.0	1.0	0.29411764705882354
DENND5B-AS1	17	1.0	1.0	0.0
DENND6A	17	1.0	1.0	0.0
DENND6A-AS1	17	1.0	1.0	0.0
DENND6B	17	0.9411764705882353	0.8823529411764706	0.0
DENR	17	0.9411764705882353	0.8823529411764706	0.0
DEPDC1B	17	0.8823529411764706	1.0	0.0
DEPDC4	17	1.0	1.0	0.0
DEPDC5	17	1.0	0.9411764705882353	0.0
DEPTOR	17	0.9411764705882353	0.5294117647058824	0.0
DERA	17	1.0	1.0	0.0
DERL1	17	1.0	0.8823529411764706	0.0
DERL2	17	0.8823529411764706	0.9411764705882353	0.0
DESI1	17	1.0	1.0	0.0
DESI2	17	1.0	0.8823529411764706	0.0
DET1	17	1.0	1.0	0.0
DEUP1	17	1.0	1.0	0.0
DEXI	17	1.0	0.8823529411764706	0.0
DFFA	17	0.9411764705882353	0.9411764705882353	0.0
DFFB	17	0.9411764705882353	0.8823529411764706	0.0
DGAT1	17	0.9411764705882353	0.9411764705882353	0.0
DGCR2	17	1.0	0.9411764705882353	0.0
DGCR8	17	0.9411764705882353	0.9411764705882353	0.0
DGCR9	17	0.7647058823529411	0.7647058823529411	0.0
DGKA	17	1.0	1.0	0.11764705882352941
DGKB	17	1.0	1.0	0.0
DGKD	17	1.0	1.0	0.11764705882352941
DGKE	17	1.0	0.8823529411764706	0.0
DGKG	17	0.7647058823529411	1.0	0.0
DGKH	17	1.0	1.0	0.9411764705882353
DGKI	17	1.0	1.0	0.0
DGKQ	17	0.9411764705882353	0.8235294117647058	0.0
DGKZ	17	0.9411764705882353	0.5294117647058824	0.0
DGLUCY	17	1.0	1.0	0.0
DGUOK	17	0.9411764705882353	1.0	0.0
DGUOK-AS1	17	1.0	1.0	0.0
DHCR24	17	0.9411764705882353	1.0	0.0
DHDDS	17	1.0	1.0	0.0
DHFR	17	1.0	1.0	0.0
DHFR2	17	1.0	1.0	0.0
DHODH	17	1.0	0.8823529411764706	0.0
DHPS	17	1.0	1.0	0.0
DHRS1	17	0.9411764705882353	0.9411764705882353	0.0
DHRS11	17	0.9411764705882353	1.0	0.0
DHRS12	17	0.9411764705882353	0.8823529411764706	0.0
DHRS3	17	1.0	1.0	0.0
DHRS4	17	0.8823529411764706	1.0	0.0
DHRS4-AS1	17	0.8235294117647058	1.0	0.0
DHRS4L2	17	1.0	0.8235294117647058	0.0
DHRS7	17	0.6470588235294118	1.0	0.0
DHRS7B	17	1.0	1.0	0.0
DHRSX	17	1.0	0.8235294117647058	0.058823529411764705
DHTKD1	17	0.8823529411764706	1.0	0.0
DHX15	17	1.0	1.0	0.0
DHX16	17	0.8235294117647058	1.0	0.0
DHX29	17	1.0	1.0	0.0
DHX30	17	1.0	1.0	0.0
DHX32	17	1.0	1.0	0.0
DHX33	17	0.8823529411764706	0.9411764705882353	0.0
DHX34	17	0.9411764705882353	0.8823529411764706	0.0
DHX35	17	0.8235294117647058	0.8823529411764706	0.0
DHX36	17	1.0	1.0	0.0
DHX37	17	0.9411764705882353	0.8823529411764706	0.0
DHX38	17	0.8823529411764706	0.9411764705882353	0.0
DHX40	17	1.0	1.0	0.058823529411764705
DHX57	17	1.0	1.0	0.0
DHX58	17	0.9411764705882353	0.8823529411764706	0.0
DHX8	17	0.9411764705882353	0.9411764705882353	0.0
DHX9	17	0.9411764705882353	1.0	0.0
DIABLO	17	0.8235294117647058	0.9411764705882353	0.0
DIAPH1	17	0.9411764705882353	0.9411764705882353	0.47058823529411764
DIAPH2	17	0.9411764705882353	0.9411764705882353	0.0
DIAPH2-AS1	17	1.0	1.0	0.0
DIAPH3	17	1.0	1.0	0.8823529411764706
DICER1	17	0.9411764705882353	1.0	0.0
DICER1-AS1	17	1.0	1.0	0.0
DIDO1	17	0.9411764705882353	0.9411764705882353	0.0
DIMT1	17	1.0	1.0	0.058823529411764705
DIO2	17	0.8235294117647058	1.0	0.0
DIO2-AS1	17	0.8235294117647058	0.8235294117647058	0.0
DIP2A	17	1.0	1.0	0.8823529411764706
DIP2B	17	1.0	1.0	0.11764705882352941
DIP2C	17	1.0	0.9411764705882353	0.11764705882352941
DIPK1A	17	1.0	1.0	0.0
DIPK1B	17	0.8823529411764706	1.0	0.0
DIPK2A	17	0.8823529411764706	0.9411764705882353	0.0
DIRAS2	17	0.7058823529411765	0.9411764705882353	0.0
DIRAS3	17	0.8235294117647058	0.8235294117647058	0.0
DIRC3	17	1.0	1.0	0.0
DIS3	17	1.0	0.8823529411764706	0.0
DIS3L	17	0.9411764705882353	0.8823529411764706	0.0
DIS3L2	17	1.0	0.9411764705882353	0.11764705882352941
DISC1	17	0.8235294117647058	0.9411764705882353	0.0
DISP1	17	1.0	1.0	0.058823529411764705
DIXDC1	17	1.0	1.0	0.0
DKC1	17	0.9411764705882353	0.9411764705882353	0.0
DKK2	17	0.7058823529411765	0.9411764705882353	0.0
DLAT	17	0.9411764705882353	1.0	0.0
DLC1	17	1.0	1.0	0.0
DLD	17	0.9411764705882353	0.9411764705882353	0.0
DLEC1	17	1.0	1.0	0.0
DLEU1	17	1.0	1.0	0.0
DLEU2	17	1.0	1.0	0.0
DLEU2L	17	1.0	1.0	0.0
DLG1	17	1.0	1.0	0.9411764705882353
DLG2	17	1.0	1.0	0.0
DLG3	17	1.0	1.0	0.0
DLG4	17	1.0	1.0	0.0
DLG5	17	0.9411764705882353	0.8235294117647058	0.0
DLGAP1	17	0.9411764705882353	1.0	0.0
DLGAP1-AS1	17	1.0	0.8823529411764706	0.0
DLGAP1-AS2	17	0.8235294117647058	1.0	0.0
DLGAP2	17	1.0	1.0	0.0
DLGAP3	17	1.0	1.0	0.0
DLGAP4	17	0.9411764705882353	0.9411764705882353	0.058823529411764705
DLGAP4-AS1	17	0.7647058823529411	0.9411764705882353	0.0
DLL1	17	1.0	1.0	0.0
DLST	17	1.0	1.0	0.0
DMAC2	17	0.9411764705882353	0.8235294117647058	0.0
DMAC2L	17	0.8823529411764706	0.8823529411764706	0.0
DMAP1	17	0.9411764705882353	1.0	0.0
DMC1	17	1.0	0.9411764705882353	0.0
DMD	17	0.7647058823529411	0.9411764705882353	0.0
DMGDH	17	1.0	1.0	0.0
DMKN	17	1.0	1.0	0.0
DMPK	17	0.9411764705882353	0.9411764705882353	0.0
DMRT2	17	1.0	1.0	0.0
DMTF1	17	0.9411764705882353	1.0	0.0
DMTN	17	0.9411764705882353	1.0	0.0
DMWD	17	0.9411764705882353	0.9411764705882353	0.0
DMXL1	17	1.0	1.0	0.0
DMXL2	17	1.0	1.0	0.0
DNA2	17	1.0	1.0	0.0
DNAAF1	17	1.0	0.8823529411764706	0.0
DNAAF2	17	1.0	1.0	0.0
DNAAF4	17	0.7058823529411765	1.0	0.0
DNAAF5	17	0.9411764705882353	0.7058823529411765	0.0
DNAH1	17	0.9411764705882353	0.9411764705882353	0.0
DNAH10	17	1.0	1.0	0.0
DNAH11	17	0.9411764705882353	0.9411764705882353	0.0
DNAH12	17	1.0	1.0	0.0
DNAH14	17	1.0	1.0	0.0
DNAH17	17	0.9411764705882353	0.9411764705882353	0.0
DNAH3	17	0.9411764705882353	1.0	0.0
DNAH5	17	0.9411764705882353	1.0	0.35294117647058826
DNAH6	17	1.0	1.0	0.11764705882352941
DNAH7	17	0.9411764705882353	1.0	0.11764705882352941
DNAH8	17	1.0	1.0	0.0
DNAH9	17	0.7647058823529411	1.0	0.0
DNAI1	17	1.0	1.0	0.0
DNAJA1	17	1.0	1.0	0.0
DNAJA2	17	1.0	1.0	0.5882352941176471
DNAJA3	17	0.8823529411764706	0.8823529411764706	0.0
DNAJA4	17	0.9411764705882353	1.0	0.0
DNAJB1	17	1.0	0.9411764705882353	0.0
DNAJB11	17	1.0	1.0	0.0
DNAJB12	17	1.0	1.0	0.0
DNAJB14	17	1.0	1.0	0.0
DNAJB2	17	1.0	1.0	0.0
DNAJB6	17	0.8235294117647058	0.8823529411764706	0.0
DNAJC1	17	0.9411764705882353	0.9411764705882353	0.0
DNAJC10	17	1.0	1.0	0.0
DNAJC11	17	1.0	1.0	0.0
DNAJC13	17	1.0	1.0	0.0
DNAJC14	17	0.8235294117647058	0.8235294117647058	0.0
DNAJC15	17	0.9411764705882353	1.0	0.0
DNAJC16	17	1.0	1.0	0.0
DNAJC17	17	1.0	1.0	0.0
DNAJC18	17	1.0	0.7647058823529411	0.0
DNAJC19	17	0.8823529411764706	0.8823529411764706	0.0
DNAJC2	17	1.0	1.0	0.0
DNAJC21	17	1.0	1.0	0.0
DNAJC22	17	0.9411764705882353	0.8823529411764706	0.0
DNAJC24	17	1.0	1.0	0.0
DNAJC25	17	1.0	1.0	0.0
DNAJC27	17	1.0	1.0	0.0
DNAJC27-AS1	17	1.0	1.0	0.0
DNAJC28	17	0.8235294117647058	0.8235294117647058	0.0
DNAJC3	17	1.0	0.9411764705882353	0.0
DNAJC3-DT	17	1.0	1.0	0.0
DNAJC30	17	1.0	1.0	0.0
DNAJC4	17	1.0	1.0	0.0
DNAJC5	17	0.9411764705882353	0.7647058823529411	0.0
DNAJC6	17	0.9411764705882353	0.9411764705882353	0.0
DNAJC7	17	0.8235294117647058	0.8235294117647058	0.0
DNAJC8	17	0.9411764705882353	0.7647058823529411	0.0
DNAJC9	17	1.0	1.0	0.0
DNAL1	17	0.8823529411764706	1.0	0.0
DNALI1	17	0.9411764705882353	1.0	0.058823529411764705
DNASE1	17	0.7058823529411765	1.0	0.0
DNASE1L1	17	0.9411764705882353	1.0	0.0
DNASE2	17	0.7647058823529411	0.5294117647058824	0.0
DNER	17	1.0	1.0	0.058823529411764705
DNHD1	17	0.8823529411764706	0.9411764705882353	0.0
DNM1	17	1.0	1.0	0.0
DNM1L	17	0.7647058823529411	1.0	0.0
DNM2	17	0.9411764705882353	1.0	0.0
DNM3	17	1.0	1.0	0.0
DNMBP	17	1.0	1.0	0.058823529411764705
DNMBP-AS1	17	1.0	1.0	0.23529411764705882
DNMT1	17	1.0	1.0	0.0
DNMT3A	17	0.7647058823529411	0.9411764705882353	0.0
DNMT3B	17	1.0	1.0	0.0
DNPEP	17	1.0	1.0	0.058823529411764705
DNTTIP1	17	1.0	1.0	0.0
DNTTIP2	17	1.0	1.0	0.0
DOC2A	17	1.0	1.0	0.0
DOC2B	17	1.0	1.0	0.058823529411764705
DOCK1	17	1.0	1.0	0.11764705882352941
DOCK10	17	1.0	1.0	0.11764705882352941
DOCK11	17	1.0	1.0	0.0
DOCK2	17	1.0	1.0	0.0
DOCK3	17	1.0	1.0	0.0
DOCK4	17	1.0	1.0	0.0
DOCK5	17	0.9411764705882353	1.0	0.0
DOCK6	17	0.9411764705882353	0.9411764705882353	0.0
DOCK7	17	0.8823529411764706	0.9411764705882353	0.0
DOCK8	17	0.7058823529411765	1.0	0.0
DOCK9	17	1.0	1.0	0.0
DOK4	17	0.9411764705882353	1.0	0.0
DOK5	17	1.0	1.0	0.35294117647058826
DOK6	17	0.9411764705882353	1.0	0.0
DOK7	17	1.0	1.0	0.0
DONSON	17	1.0	0.9411764705882353	0.0
DOP1A	17	0.8235294117647058	1.0	0.0
DOP1B	17	1.0	1.0	0.8235294117647058
DOT1L	17	0.9411764705882353	0.8823529411764706	0.0
DPAGT1	17	1.0	1.0	0.0
DPCD	17	0.9411764705882353	1.0	0.0
DPF2	17	0.9411764705882353	1.0	0.0
DPF3	17	1.0	1.0	0.0
DPH1	17	1.0	1.0	0.0
DPH2	17	0.9411764705882353	0.29411764705882354	0.0
DPH3	17	0.9411764705882353	1.0	0.0
DPH5	17	0.9411764705882353	0.8823529411764706	0.0
DPH6	17	1.0	1.0	0.0
DPH6-DT	17	1.0	1.0	0.058823529411764705
DPH7	17	1.0	1.0	0.0
DPM1	17	1.0	1.0	0.0
DPM2	17	0.8823529411764706	0.8823529411764706	0.0
DPM3	17	1.0	0.9411764705882353	0.0
DPP10	17	1.0	1.0	0.0
DPP3	17	0.9411764705882353	0.9411764705882353	0.0
DPP4	17	1.0	1.0	0.8235294117647058
DPP6	17	0.8235294117647058	1.0	0.0
DPP7	17	1.0	1.0	0.0
DPP8	17	0.8235294117647058	0.9411764705882353	0.0
DPP9	17	0.9411764705882353	0.9411764705882353	0.0
DPT	17	0.8235294117647058	0.8235294117647058	0.0
DPY19L1	17	1.0	1.0	0.9411764705882353
DPY19L2	17	0.9411764705882353	1.0	0.0
DPY19L3	17	1.0	1.0	0.7647058823529411
DPY19L4	17	0.9411764705882353	1.0	0.0
DPY30	17	1.0	0.7647058823529411	0.0
DPYD	17	1.0	1.0	0.0
DPYD-AS1	17	1.0	1.0	0.0
DPYS	17	1.0	1.0	0.0
DPYSL2	17	0.7647058823529411	1.0	0.0
DR1	17	1.0	0.9411764705882353	0.0
DRAIC	17	1.0	1.0	0.0
DRAM1	17	0.9411764705882353	0.9411764705882353	0.0
DRAM2	17	0.9411764705882353	1.0	0.0
DRAP1	17	1.0	1.0	0.0
DRC1	17	0.8235294117647058	0.8235294117647058	0.0
DRC3	17	1.0	1.0	0.0
DRC7	17	0.7058823529411765	0.7647058823529411	0.0
DRD4	17	0.9411764705882353	0.9411764705882353	0.0
DRG1	17	1.0	1.0	0.0
DRG2	17	0.9411764705882353	1.0	0.0
DRICH1	17	1.0	1.0	0.0
DROSHA	17	1.0	1.0	0.0
DSC2	17	0.9411764705882353	0.9411764705882353	0.0
DSCAM	17	1.0	1.0	0.0
DSCAML1	17	0.9411764705882353	0.9411764705882353	0.0
DSE	17	1.0	1.0	0.0
DSEL	17	0.8235294117647058	0.8235294117647058	0.0
DSG2	17	1.0	1.0	0.0
DSN1	17	0.8823529411764706	1.0	0.0
DSP	17	0.9411764705882353	0.9411764705882353	0.0
DST	17	1.0	1.0	0.11764705882352941
DSTN	17	1.0	1.0	0.0
DSTYK	17	1.0	0.9411764705882353	0.0
DTD1	17	0.9411764705882353	1.0	0.0
DTD2	17	0.9411764705882353	0.9411764705882353	0.0
DTNA	17	1.0	1.0	0.11764705882352941
DTNB	17	1.0	1.0	0.0
DTNBP1	17	1.0	1.0	0.0
DTWD1	17	0.7647058823529411	1.0	0.0
DTWD2	17	0.9411764705882353	0.9411764705882353	0.0
DTX1	17	1.0	1.0	0.0
DTX2	17	1.0	0.8235294117647058	0.0
DTX3	17	1.0	0.9411764705882353	0.0
DTX3L	17	1.0	1.0	0.0
DTX4	17	0.8235294117647058	0.8235294117647058	0.0
DTYMK	17	1.0	1.0	0.0
DUBR	17	1.0	1.0	0.0
DUOX1	17	1.0	1.0	0.058823529411764705
DUS1L	17	1.0	1.0	0.0
DUS2	17	0.9411764705882353	0.8235294117647058	0.0
DUS3L	17	0.9411764705882353	1.0	0.0
DUS4L	17	0.9411764705882353	1.0	0.0
DUSP1	17	0.9411764705882353	1.0	0.0
DUSP11	17	1.0	1.0	0.0
DUSP12	17	0.9411764705882353	1.0	0.0
DUSP14	17	0.8823529411764706	0.8823529411764706	0.0
DUSP15	17	0.9411764705882353	1.0	0.0
DUSP16	17	0.9411764705882353	0.8235294117647058	0.0
DUSP18	17	1.0	0.9411764705882353	0.11764705882352941
DUSP2	17	1.0	1.0	0.0
DUSP22	17	1.0	1.0	0.11764705882352941
DUSP3	17	1.0	1.0	0.0
DUSP5	17	1.0	1.0	0.9411764705882353
DUSP6	17	0.9411764705882353	1.0	0.0
DUSP8	17	1.0	1.0	0.0
DUSP9	17	1.0	1.0	0.0
DUT	17	1.0	1.0	0.0
DVL1	17	1.0	0.9411764705882353	0.0
DVL2	17	1.0	1.0	0.0
DVL3	17	1.0	1.0	0.0
DXO	17	0.8823529411764706	1.0	0.0
DYM	17	1.0	1.0	0.11764705882352941
DYNC1H1	17	1.0	0.9411764705882353	0.0
DYNC1I2	17	1.0	1.0	0.058823529411764705
DYNC1LI1	17	1.0	1.0	0.0
DYNC1LI2	17	1.0	0.9411764705882353	0.058823529411764705
DYNC2H1	17	1.0	1.0	0.0
DYNC2LI1	17	0.9411764705882353	0.9411764705882353	0.0
DYNLL1	17	0.47058823529411764	0.35294117647058826	0.0
DYNLL2	17	1.0	1.0	0.0
DYNLRB2	17	1.0	1.0	0.0
DYNLT1	17	1.0	1.0	0.0
DYNLT3	17	0.9411764705882353	1.0	0.0
DYRK1A	17	0.9411764705882353	0.9411764705882353	0.0
DYRK1B	17	1.0	1.0	0.0
DYRK2	17	1.0	1.0	0.0
DYRK3	17	0.8823529411764706	1.0	0.0
DYRK4	17	0.9411764705882353	1.0	0.0
DZANK1	17	0.6470588235294118	1.0	0.0
DZIP1	17	0.7647058823529411	1.0	0.0
DZIP1L	17	0.9411764705882353	0.9411764705882353	0.0
DZIP3	17	1.0	1.0	0.0
E2F3	17	1.0	1.0	0.0
E2F4	17	0.9411764705882353	0.9411764705882353	0.0
E2F5	17	1.0	0.9411764705882353	0.0
E2F6	17	1.0	0.8235294117647058	0.0
E4F1	17	1.0	0.8823529411764706	0.0
EAF1	17	1.0	1.0	0.0
EAF2	17	1.0	1.0	0.0
EAPP	17	1.0	1.0	0.0
EARS2	17	0.9411764705882353	1.0	0.0
EBAG9	17	1.0	0.8235294117647058	0.0
EBF1	17	0.9411764705882353	0.9411764705882353	0.058823529411764705
EBF4	17	0.9411764705882353	0.9411764705882353	0.0
EBLN2	17	0.9411764705882353	1.0	0.0
EBLN3P	17	0.7058823529411765	0.9411764705882353	0.0
EBNA1BP2	17	1.0	1.0	0.0
EBP	17	1.0	0.9411764705882353	0.0
EBPL	17	0.9411764705882353	0.7058823529411765	0.0
ECD	17	1.0	0.7647058823529411	0.0
ECE1	17	1.0	0.9411764705882353	0.9411764705882353
ECH1	17	0.7647058823529411	0.9411764705882353	0.0
ECHDC1	17	1.0	1.0	0.0
ECHDC2	17	0.8823529411764706	1.0	0.0
ECHDC3	17	0.8235294117647058	1.0	0.0
ECHS1	17	0.7647058823529411	0.8235294117647058	0.0
ECI1	17	1.0	1.0	0.0
ECI2	17	0.9411764705882353	1.0	0.0
ECM2	17	1.0	1.0	0.0
ECPAS	17	0.9411764705882353	0.9411764705882353	0.11764705882352941
ECSIT	17	1.0	1.0	0.0
ECT2	17	1.0	1.0	0.0
ECT2L	17	0.8235294117647058	1.0	0.0
EDA	17	1.0	0.6470588235294118	0.0
EDARADD	17	1.0	1.0	0.0
EDC3	17	1.0	1.0	0.0
EDC4	17	1.0	1.0	0.0
EDDM13	17	1.0	1.0	0.0
EDEM1	17	0.9411764705882353	1.0	0.0
EDEM2	17	0.8823529411764706	1.0	0.0
EDEM3	17	0.8235294117647058	0.8823529411764706	0.0
EDF1	17	1.0	0.7058823529411765	0.0
EDIL3	17	1.0	1.0	0.7058823529411765
EDN1	17	0.8235294117647058	0.5882352941176471	0.0
EDN2	17	0.7058823529411765	0.9411764705882353	0.0
EDNRB	17	0.9411764705882353	0.9411764705882353	0.0
EDRF1	17	0.8823529411764706	0.9411764705882353	0.0
EDRF1-AS1	17	0.7647058823529411	0.8235294117647058	0.0
EDRF1-DT	17	0.7647058823529411	1.0	0.0
EEA1	17	0.9411764705882353	1.0	0.0
EED	17	1.0	1.0	0.0
EEF1A1	17	0.8235294117647058	0.6470588235294118	0.0
EEF1AKMT1	17	0.8823529411764706	0.9411764705882353	0.0
EEF1AKMT2	17	0.7647058823529411	1.0	0.0
EEF1AKMT3	17	0.9411764705882353	0.8235294117647058	0.0
EEF1AKNMT	17	0.9411764705882353	0.9411764705882353	0.0
EEF1B2	17	0.8235294117647058	0.8235294117647058	0.0
EEF1D	17	0.9411764705882353	0.9411764705882353	0.0
EEF1E1	17	1.0	1.0	0.0
EEF1G	17	1.0	1.0	0.0
EEF2	17	0.7647058823529411	1.0	0.0
EEF2K	17	0.9411764705882353	1.0	0.0
EEF2KMT	17	0.8235294117647058	0.8235294117647058	0.0
EEFSEC	17	1.0	1.0	0.0
EEPD1	17	1.0	1.0	0.35294117647058826
EFCAB11	17	1.0	0.8235294117647058	0.0
EFCAB12	17	0.8235294117647058	0.7647058823529411	0.0
EFCAB13	17	0.8235294117647058	0.9411764705882353	0.0
EFCAB14	17	1.0	1.0	0.0
EFCAB14-AS1	17	1.0	1.0	0.0
EFCAB2	17	0.9411764705882353	0.9411764705882353	0.0
EFCAB5	17	0.8823529411764706	1.0	0.0
EFCAB6	17	1.0	0.9411764705882353	0.0
EFCAB6-AS1	17	0.9411764705882353	1.0	0.0
EFCAB7	17	1.0	1.0	0.0
EFCAB8	17	0.8235294117647058	0.8235294117647058	0.0
EFEMP1	17	0.9411764705882353	1.0	0.0
EFEMP2	17	1.0	1.0	0.0
EFHB	17	1.0	1.0	0.0
EFHC1	17	0.9411764705882353	0.9411764705882353	0.0
EFHC2	17	0.9411764705882353	1.0	0.058823529411764705
EFHD1	17	1.0	0.9411764705882353	0.0
EFL1	17	0.8235294117647058	1.0	0.0
EFNA1	17	0.9411764705882353	1.0	0.0
EFNA5	17	1.0	1.0	0.0
EFNB1	17	0.8235294117647058	0.8235294117647058	0.0
EFNB2	17	0.9411764705882353	1.0	0.0
EFR3A	17	0.9411764705882353	1.0	0.0
EFR3B	17	1.0	1.0	0.0
EFS	17	0.8235294117647058	0.8235294117647058	0.0
EFTUD2	17	1.0	1.0	0.0
EGF	17	1.0	1.0	0.058823529411764705
EGFL7	17	0.7647058823529411	0.8235294117647058	0.0
EGFL8	17	1.0	0.9411764705882353	0.0
EGFR	17	0.9411764705882353	0.9411764705882353	0.11764705882352941
EGLN1	17	0.9411764705882353	1.0	0.0
EGLN2	17	1.0	1.0	0.0
EGLN3	17	0.9411764705882353	0.8823529411764706	0.0
EGOT	17	0.9411764705882353	0.9411764705882353	0.0
EGR1	17	1.0	1.0	0.058823529411764705
EGR3	17	1.0	1.0	0.0
EHBP1	17	1.0	1.0	0.0
EHBP1L1	17	1.0	1.0	0.0
EHD1	17	1.0	1.0	0.5882352941176471
EHD4	17	0.8235294117647058	0.8823529411764706	0.0
EHD4-AS1	17	0.7647058823529411	0.8235294117647058	0.0
EHF	17	0.7647058823529411	1.0	0.0
EHHADH	17	1.0	1.0	0.0
EHMT1	17	1.0	1.0	0.8823529411764706
EHMT2	17	1.0	1.0	0.0
EI24	17	0.9411764705882353	1.0	0.0
EID1	17	0.7058823529411765	1.0	0.0
EIF1	17	0.8235294117647058	0.7058823529411765	0.0
EIF1AD	17	1.0	1.0	0.0
EIF1AX	17	0.8823529411764706	0.7647058823529411	0.0
EIF1AY	17	1.0	0.8235294117647058	0.0
EIF1B	17	1.0	0.9411764705882353	0.0
EIF1B-AS1	17	1.0	1.0	0.0
EIF2A	17	0.7647058823529411	0.8235294117647058	0.0
EIF2AK1	17	1.0	1.0	0.0
EIF2AK2	17	1.0	0.5882352941176471	0.0
EIF2AK3	17	0.9411764705882353	1.0	0.0
EIF2AK4	17	1.0	1.0	0.0
EIF2B1	17	0.8823529411764706	0.9411764705882353	0.0
EIF2B2	17	0.9411764705882353	0.9411764705882353	0.0
EIF2B3	17	0.9411764705882353	0.9411764705882353	0.0
EIF2B4	17	0.9411764705882353	0.9411764705882353	0.0
EIF2B5	17	1.0	1.0	0.0
EIF2D	17	1.0	1.0	0.0
EIF2S1	17	1.0	0.6470588235294118	0.0
EIF2S2	17	0.9411764705882353	0.9411764705882353	0.0
EIF2S3	17	1.0	1.0	0.0
EIF3A	17	1.0	1.0	0.0
EIF3B	17	1.0	1.0	0.0
EIF3C	17	1.0	1.0	0.0
EIF3D	17	1.0	1.0	0.0
EIF3E	17	1.0	0.9411764705882353	0.0
EIF3F	17	1.0	1.0	0.0
EIF3G	17	1.0	1.0	0.0
EIF3H	17	0.9411764705882353	1.0	0.0
EIF3I	17	1.0	0.9411764705882353	0.0
EIF3J	17	0.9411764705882353	0.8235294117647058	0.0
EIF3J-DT	17	0.9411764705882353	0.9411764705882353	0.0
EIF3K	17	0.9411764705882353	1.0	0.0
EIF3L	17	0.9411764705882353	1.0	0.0
EIF3M	17	1.0	0.7058823529411765	0.0
EIF4A1	17	0.8823529411764706	1.0	0.0
EIF4A2	17	0.9411764705882353	1.0	0.0
EIF4A3	17	0.8823529411764706	0.8235294117647058	0.0
EIF4B	17	0.9411764705882353	1.0	0.0
EIF4E	17	1.0	0.9411764705882353	0.0
EIF4E2	17	1.0	0.9411764705882353	0.0
EIF4E3	17	1.0	1.0	0.0
EIF4EBP2	17	1.0	1.0	0.0
EIF4EBP3	17	0.8235294117647058	0.8235294117647058	0.0
EIF4ENIF1	17	0.9411764705882353	0.9411764705882353	0.0
EIF4G1	17	1.0	1.0	0.0
EIF4G2	17	1.0	1.0	0.7058823529411765
EIF4G3	17	1.0	1.0	0.0
EIF4H	17	0.9411764705882353	1.0	0.0
EIF5	17	1.0	1.0	0.0
EIF5B	17	1.0	1.0	0.0
EIF6	17	0.8823529411764706	0.9411764705882353	0.0
EIPR1	17	1.0	0.8235294117647058	0.0
ELAC1	17	1.0	0.8823529411764706	0.0
ELAC2	17	0.9411764705882353	0.7058823529411765	0.0
ELAVL1	17	1.0	1.0	0.0
ELF1	17	1.0	1.0	0.0
ELF2	17	1.0	0.8235294117647058	0.0
ELF3	17	0.9411764705882353	0.9411764705882353	0.0
ELF3-AS1	17	0.9411764705882353	1.0	0.0
ELF4	17	0.9411764705882353	1.0	0.0
ELF5	17	1.0	1.0	0.058823529411764705
ELFN1	17	0.9411764705882353	1.0	0.0
ELK1	17	1.0	1.0	0.0
ELK3	17	1.0	1.0	0.9411764705882353
ELK4	17	1.0	1.0	0.0
ELL	17	0.9411764705882353	1.0	0.0
ELL2	17	1.0	1.0	0.0
ELMO1	17	1.0	1.0	0.11764705882352941
ELMO2	17	1.0	0.9411764705882353	0.0
ELMO3	17	0.8823529411764706	1.0	0.0
ELMOD2	17	0.9411764705882353	0.8823529411764706	0.0
ELMOD3	17	1.0	0.9411764705882353	0.11764705882352941
ELMSAN1	17	1.0	1.0	0.0
ELN	17	0.7647058823529411	0.7647058823529411	0.0
ELOA	17	0.35294117647058826	1.0	0.0
ELOA-AS1	17	1.0	1.0	0.0
ELOC	17	1.0	1.0	0.0
ELOF1	17	0.8235294117647058	0.8235294117647058	0.0
ELOVL1	17	1.0	1.0	0.0
ELOVL5	17	0.9411764705882353	1.0	0.0
ELOVL6	17	1.0	0.8823529411764706	0.0
ELOVL7	17	0.9411764705882353	0.9411764705882353	0.0
ELP1	17	1.0	1.0	0.0
ELP2	17	1.0	0.9411764705882353	0.0
ELP3	17	1.0	1.0	0.0
ELP4	17	1.0	1.0	0.0
ELP5	17	0.9411764705882353	0.9411764705882353	0.0
ELP6	17	0.9411764705882353	0.9411764705882353	0.0
EMC1	17	1.0	1.0	0.0
EMC1-AS1	17	0.8823529411764706	0.7647058823529411	0.0
EMC10	17	0.9411764705882353	1.0	0.0
EMC2	17	1.0	1.0	0.0
EMC3	17	1.0	0.8823529411764706	0.0
EMC4	17	0.8823529411764706	0.9411764705882353	0.0
EMC7	17	1.0	0.9411764705882353	0.0
EMC8	17	0.7647058823529411	1.0	0.0
EMC9	17	0.8235294117647058	0.7647058823529411	0.0
EMCN	17	0.8235294117647058	1.0	0.0
EMD	17	1.0	1.0	0.0
EME2	17	0.8823529411764706	1.0	0.0
EMG1	17	1.0	0.9411764705882353	0.0
EMID1	17	1.0	1.0	0.0
EMILIN2	17	0.8235294117647058	0.8235294117647058	0.0
EML1	17	0.9411764705882353	0.9411764705882353	0.11764705882352941
EML2	17	0.9411764705882353	1.0	0.0
EML3	17	0.9411764705882353	1.0	0.0
EML4	17	1.0	1.0	0.0
EML5	17	1.0	1.0	0.0
EML6	17	1.0	0.8823529411764706	0.0
EMP1	17	1.0	1.0	0.11764705882352941
EMP2	17	0.9411764705882353	1.0	0.0
EMSY	17	0.8235294117647058	1.0	0.0
EMX1	17	1.0	1.0	0.058823529411764705
EMX2	17	0.9411764705882353	1.0	0.0
EMX2OS	17	1.0	0.9411764705882353	0.0
ENAH	17	1.0	0.7647058823529411	0.0
ENC1	17	0.7647058823529411	0.7647058823529411	0.0
ENDOD1	17	0.9411764705882353	1.0	0.0
ENDOV	17	1.0	0.9411764705882353	0.0
ENG	17	1.0	1.0	0.0
ENGASE	17	0.9411764705882353	1.0	0.0
ENKD1	17	0.9411764705882353	1.0	0.0
ENKUR	17	0.8235294117647058	0.8235294117647058	0.0
ENO1	17	0.9411764705882353	1.0	0.0
ENO2	17	0.8235294117647058	0.7647058823529411	0.0
ENO4	17	1.0	1.0	0.058823529411764705
ENOPH1	17	1.0	0.8235294117647058	0.0
ENOSF1	17	0.8823529411764706	0.8823529411764706	0.0
ENOX1	17	0.9411764705882353	0.9411764705882353	0.0
ENOX2	17	1.0	1.0	0.0
ENPEP	17	1.0	1.0	0.0
ENPP1	17	0.9411764705882353	1.0	0.0
ENPP2	17	1.0	1.0	0.0
ENPP3	17	1.0	1.0	0.0
ENPP4	17	1.0	1.0	0.0
ENPP5	17	1.0	1.0	0.0
ENPP6	17	0.7058823529411765	0.8235294117647058	0.0
ENSA	17	0.9411764705882353	0.9411764705882353	0.11764705882352941
ENTPD1	17	0.8235294117647058	0.8235294117647058	0.0
ENTPD1-AS1	17	0.9411764705882353	0.9411764705882353	0.0
ENTPD3	17	0.8235294117647058	0.5294117647058824	0.0
ENTPD3-AS1	17	1.0	1.0	0.7058823529411765
ENTPD4	17	1.0	1.0	0.0
ENTPD5	17	0.7058823529411765	0.8823529411764706	0.0
ENTPD6	17	1.0	0.9411764705882353	0.17647058823529413
ENTPD7	17	0.9411764705882353	1.0	0.0
ENTR1	17	1.0	1.0	0.0
ENY2	17	1.0	0.8823529411764706	0.0
EOGT	17	0.9411764705882353	0.9411764705882353	0.0
EP300	17	1.0	1.0	0.0
EP400	17	0.8235294117647058	1.0	0.0
EPAS1	17	0.9411764705882353	0.9411764705882353	0.0
EPB41	17	0.9411764705882353	0.7647058823529411	0.0
EPB41L1	17	0.9411764705882353	0.8235294117647058	0.0
EPB41L2	17	0.9411764705882353	1.0	0.0
EPB41L3	17	0.7647058823529411	1.0	0.0
EPB41L4A	17	0.9411764705882353	1.0	0.0
EPB41L4A-AS1	17	0.9411764705882353	1.0	0.0
EPB41L4B	17	1.0	1.0	0.0
EPB41L5	17	1.0	1.0	0.058823529411764705
EPC1	17	1.0	1.0	0.0
EPC2	17	1.0	0.9411764705882353	0.0
EPCAM	17	1.0	0.7647058823529411	0.0
EPCAM-DT	17	1.0	0.9411764705882353	0.0
EPDR1	17	0.8823529411764706	1.0	0.0
EPG5	17	1.0	1.0	0.0
EPHA1	17	1.0	0.9411764705882353	0.0
EPHA1-AS1	17	1.0	1.0	0.0
EPHA2	17	0.9411764705882353	0.9411764705882353	0.9411764705882353
EPHA4	17	1.0	1.0	0.0
EPHA5	17	0.8235294117647058	0.8235294117647058	0.0
EPHA6	17	0.9411764705882353	0.9411764705882353	0.0
EPHA7	17	0.9411764705882353	0.8823529411764706	0.0
EPHB1	17	1.0	0.9411764705882353	0.0
EPHB2	17	0.9411764705882353	1.0	0.0
EPHB4	17	1.0	1.0	0.0
EPHB6	17	1.0	1.0	0.0
EPHX1	17	0.8823529411764706	1.0	0.0
EPHX2	17	1.0	1.0	0.0
EPM2A	17	1.0	1.0	0.0
EPM2AIP1	17	0.9411764705882353	1.0	0.0
EPN1	17	1.0	1.0	0.0
EPN2	17	1.0	1.0	0.7647058823529411
EPN2-AS1	17	1.0	1.0	0.7058823529411765
EPN3	17	0.8823529411764706	0.8823529411764706	0.0
EPOR	17	1.0	1.0	0.0
EPPK1	17	0.9411764705882353	0.9411764705882353	0.0
EPRS	17	0.8235294117647058	0.9411764705882353	0.0
EPS15	17	1.0	1.0	0.47058823529411764
EPS15L1	17	0.6470588235294118	1.0	0.0
EPS8	17	1.0	1.0	0.17647058823529413
EPS8L1	17	0.9411764705882353	0.9411764705882353	0.0
EPS8L2	17	0.9411764705882353	0.7647058823529411	0.0
EPSTI1	17	1.0	0.9411764705882353	0.0
ERAL1	17	0.8823529411764706	1.0	0.0
ERAP1	17	1.0	1.0	0.9411764705882353
ERAP2	17	0.8235294117647058	0.9411764705882353	0.0
ERBB2	17	1.0	1.0	0.058823529411764705
ERBB3	17	1.0	1.0	0.0
ERBB4	17	1.0	1.0	0.35294117647058826
ERBIN	17	0.8823529411764706	0.6470588235294118	0.0
ERC1	17	0.8823529411764706	1.0	0.0
ERC2	17	0.8235294117647058	1.0	0.0
ERCC1	17	0.9411764705882353	0.9411764705882353	0.058823529411764705
ERCC2	17	0.9411764705882353	0.8823529411764706	0.0
ERCC3	17	1.0	0.7058823529411765	0.0
ERCC4	17	0.9411764705882353	0.8823529411764706	0.0
ERCC5	17	0.9411764705882353	1.0	0.0
ERCC6	17	0.8235294117647058	0.8235294117647058	0.0
ERCC6L2	17	1.0	0.9411764705882353	0.058823529411764705
ERCC8	17	1.0	0.8235294117647058	0.0
ERF	17	1.0	1.0	0.0
ERG28	17	1.0	1.0	0.0
ERGIC1	17	0.9411764705882353	1.0	0.0
ERGIC2	17	0.7058823529411765	1.0	0.0
ERGIC3	17	0.9411764705882353	1.0	0.0
ERH	17	0.8823529411764706	0.7647058823529411	0.0
ERI1	17	1.0	1.0	0.0
ERI2	17	0.8823529411764706	0.9411764705882353	0.0
ERI3	17	0.7647058823529411	0.7647058823529411	0.0
ERICH1	17	0.9411764705882353	1.0	0.0
ERICH6	17	0.7647058823529411	0.8823529411764706	0.0
ERICH6-AS1	17	0.8235294117647058	0.9411764705882353	0.0
ERLEC1	17	1.0	1.0	0.0
ERLIN1	17	1.0	1.0	0.0
ERLIN2	17	1.0	1.0	0.0
ERMAP	17	1.0	1.0	0.0
ERMARD	17	1.0	1.0	0.058823529411764705
ERMP1	17	0.9411764705882353	0.9411764705882353	0.0
ERN1	17	1.0	1.0	0.0
ERO1A	17	1.0	0.7058823529411765	0.0
ERO1B	17	1.0	1.0	0.0
ERP27	17	1.0	1.0	0.0
ERP29	17	0.9411764705882353	0.9411764705882353	0.0
ERP44	17	1.0	1.0	0.0
ERRFI1	17	0.8823529411764706	1.0	0.0
ERV3-1	17	1.0	1.0	0.0
ERVE-1	17	1.0	1.0	0.0
ERVK13-1	17	0.8235294117647058	1.0	0.0
ERVK3-1	17	1.0	1.0	0.0
ERVMER34-1	17	1.0	1.0	0.0
ERVMER61-1	17	1.0	1.0	0.0
ESCO1	17	0.8235294117647058	1.0	0.0
ESD	17	0.9411764705882353	0.7058823529411765	0.0
ESF1	17	0.9411764705882353	0.9411764705882353	0.0
ESPN	17	1.0	1.0	0.0
ESR1	17	0.8823529411764706	1.0	0.0
ESR2	17	1.0	1.0	0.17647058823529413
ESRP1	17	1.0	1.0	0.0
ESRP2	17	0.6470588235294118	0.9411764705882353	0.0
ESRRA	17	1.0	1.0	0.0
ESRRB	17	0.9411764705882353	0.6470588235294118	0.0
ESRRG	17	1.0	1.0	0.0
ESS2	17	0.9411764705882353	0.8823529411764706	0.0
ESYT1	17	0.9411764705882353	1.0	0.0
ESYT2	17	0.9411764705882353	0.9411764705882353	0.11764705882352941
ESYT3	17	0.9411764705882353	1.0	0.0
ETAA1	17	0.8235294117647058	0.9411764705882353	0.0
ETF1	17	1.0	1.0	0.0
ETFA	17	1.0	0.8235294117647058	0.0
ETFB	17	1.0	1.0	0.0
ETFBKMT	17	1.0	1.0	0.0
ETFDH	17	1.0	1.0	0.0
ETFRF1	17	1.0	1.0	0.0
ETHE1	17	0.8235294117647058	1.0	0.0
ETNK1	17	0.7647058823529411	0.8235294117647058	0.0
ETNK2	17	0.9411764705882353	1.0	0.0
ETS1	17	1.0	1.0	0.4117647058823529
ETS2	17	0.7647058823529411	1.0	0.0
ETV1	17	0.8235294117647058	0.8235294117647058	0.0
ETV3	17	0.7647058823529411	1.0	0.0
ETV4	17	0.8235294117647058	0.8235294117647058	0.0
ETV5	17	1.0	1.0	0.0
ETV6	17	1.0	1.0	0.058823529411764705
EVA1A	17	0.9411764705882353	0.8235294117647058	0.0
EVA1C	17	1.0	1.0	0.0
EVC	17	1.0	1.0	0.058823529411764705
EVC2	17	0.9411764705882353	1.0	0.0
EVI2B	17	1.0	1.0	0.058823529411764705
EVI5	17	0.9411764705882353	1.0	0.0
EVI5L	17	0.9411764705882353	0.9411764705882353	0.0
EVL	17	1.0	0.8823529411764706	0.0
EVPL	17	1.0	1.0	0.0
EVPLL	17	0.9411764705882353	0.8235294117647058	0.0
EWSR1	17	1.0	1.0	0.058823529411764705
EXD2	17	0.9411764705882353	0.9411764705882353	0.0
EXD3	17	1.0	0.7647058823529411	0.0
EXO5	17	1.0	0.7647058823529411	0.0
EXOC1	17	0.9411764705882353	0.7647058823529411	0.0
EXOC2	17	1.0	1.0	0.058823529411764705
EXOC3	17	0.9411764705882353	0.9411764705882353	0.0
EXOC3L4	17	0.8235294117647058	0.7647058823529411	0.0
EXOC4	17	1.0	1.0	0.0
EXOC5	17	0.9411764705882353	1.0	0.0
EXOC6	17	1.0	1.0	0.058823529411764705
EXOC6B	17	1.0	1.0	0.0
EXOC7	17	0.9411764705882353	0.8823529411764706	0.0
EXOG	17	0.7647058823529411	0.9411764705882353	0.0
EXOSC1	17	0.9411764705882353	1.0	0.0
EXOSC10	17	1.0	0.9411764705882353	0.0
EXOSC2	17	1.0	1.0	0.0
EXOSC3	17	1.0	1.0	0.0
EXOSC6	17	0.8235294117647058	0.8235294117647058	0.0
EXOSC7	17	0.9411764705882353	1.0	0.0
EXOSC8	17	0.7647058823529411	1.0	0.0
EXOSC9	17	1.0	0.7058823529411765	0.0
EXPH5	17	1.0	0.8235294117647058	0.0
EXT1	17	1.0	1.0	0.5882352941176471
EXT2	17	1.0	0.9411764705882353	0.5294117647058824
EXTL2	17	0.8235294117647058	0.9411764705882353	0.0
EXTL3	17	1.0	1.0	0.0
EYA1	17	0.8235294117647058	0.7647058823529411	0.0
EYA2	17	0.9411764705882353	1.0	0.0
EYA3	17	1.0	1.0	0.0
EYA4	17	1.0	0.9411764705882353	0.0
EYS	17	0.8823529411764706	1.0	0.0
EZH1	17	1.0	0.5882352941176471	0.0
EZH2	17	0.8823529411764706	0.9411764705882353	0.0
EZR	17	1.0	1.0	0.11764705882352941
F10	17	0.9411764705882353	0.8235294117647058	0.0
F11	17	1.0	1.0	0.0
F11-AS1	17	1.0	1.0	0.0
F11R	17	0.7647058823529411	1.0	0.0
F13A1	17	1.0	0.9411764705882353	0.0
F2RL1	17	1.0	0.9411764705882353	0.0
F3	17	0.9411764705882353	0.8823529411764706	0.0
F8	17	1.0	1.0	0.058823529411764705
FA2H	17	0.9411764705882353	1.0	0.11764705882352941
FAAH	17	0.8235294117647058	0.9411764705882353	0.0
FAAH2	17	0.8823529411764706	0.9411764705882353	0.0
FAAP100	17	1.0	1.0	0.0
FAAP20	17	0.9411764705882353	1.0	0.058823529411764705
FABP3	17	0.9411764705882353	0.9411764705882353	0.0
FADS1	17	1.0	1.0	0.0
FADS2	17	1.0	0.8235294117647058	0.0
FADS3	17	1.0	0.9411764705882353	0.0
FAF1	17	1.0	1.0	0.0
FAF2	17	0.7058823529411765	0.8235294117647058	0.0
FAH	17	1.0	1.0	0.0
FAHD1	17	0.8235294117647058	0.8235294117647058	0.0
FAHD2A	17	0.9411764705882353	1.0	0.0
FAHD2B	17	1.0	1.0	0.0
FAIM	17	1.0	1.0	0.0
FAM102A	17	0.9411764705882353	0.9411764705882353	0.0
FAM102B	17	1.0	0.9411764705882353	0.0
FAM104A	17	1.0	0.9411764705882353	0.0
FAM104B	17	0.8823529411764706	0.8823529411764706	0.0
FAM106A	17	0.8823529411764706	1.0	0.0
FAM107A	17	1.0	1.0	0.058823529411764705
FAM107B	17	0.9411764705882353	0.9411764705882353	0.0
FAM110A	17	0.9411764705882353	1.0	0.0
FAM110B	17	0.9411764705882353	0.9411764705882353	0.0
FAM110C	17	1.0	1.0	0.058823529411764705
FAM111A	17	0.9411764705882353	1.0	0.0
FAM111A-DT	17	1.0	0.9411764705882353	0.0
FAM114A1	17	1.0	1.0	0.0
FAM114A2	17	1.0	0.8823529411764706	0.058823529411764705
FAM117A	17	1.0	1.0	0.0
FAM117B	17	1.0	1.0	0.0
FAM118A	17	0.9411764705882353	0.9411764705882353	0.0
FAM118B	17	1.0	1.0	0.0
FAM120A	17	1.0	1.0	0.0
FAM120AOS	17	0.9411764705882353	0.7647058823529411	0.0
FAM120B	17	1.0	0.9411764705882353	0.058823529411764705
FAM120C	17	0.9411764705882353	0.8823529411764706	0.0
FAM122B	17	1.0	1.0	0.0
FAM122C	17	1.0	1.0	0.0
FAM124A	17	0.8823529411764706	0.8235294117647058	0.0
FAM126A	17	1.0	0.8823529411764706	0.0
FAM126B	17	0.9411764705882353	1.0	0.0
FAM131A	17	1.0	0.9411764705882353	0.0
FAM131C	17	1.0	1.0	0.0
FAM133B	17	0.8235294117647058	1.0	0.0
FAM135A	17	1.0	1.0	0.9411764705882353
FAM135B	17	1.0	1.0	0.0
FAM136A	17	1.0	1.0	0.0
FAM13A	17	1.0	1.0	0.0
FAM13A-AS1	17	0.9411764705882353	0.7647058823529411	0.0
FAM13B	17	0.8235294117647058	1.0	0.0
FAM13C	17	0.7058823529411765	0.9411764705882353	0.0
FAM149A	17	1.0	0.8823529411764706	0.0
FAM149B1	17	0.5882352941176471	1.0	0.0
FAM151A	17	1.0	0.8235294117647058	0.0
FAM151B	17	1.0	1.0	0.0
FAM153A	17	1.0	1.0	0.0
FAM153B	17	1.0	1.0	0.0
FAM153CP	17	1.0	1.0	0.0
FAM155A	17	1.0	1.0	0.0
FAM156A	17	0.8235294117647058	1.0	0.0
FAM157C	17	0.9411764705882353	1.0	0.0
FAM160A1	17	1.0	0.9411764705882353	0.7647058823529411
FAM160A2	17	0.9411764705882353	0.9411764705882353	0.0
FAM160B1	17	1.0	1.0	0.0
FAM160B2	17	0.9411764705882353	1.0	0.0
FAM161A	17	1.0	0.8823529411764706	0.0
FAM161B	17	0.9411764705882353	1.0	0.0
FAM162A	17	1.0	0.9411764705882353	0.0
FAM167A	17	0.8823529411764706	0.8235294117647058	0.0
FAM167A-AS1	17	0.8235294117647058	0.8235294117647058	0.0
FAM168A	17	1.0	1.0	0.0
FAM168B	17	1.0	0.9411764705882353	0.0
FAM169A	17	0.9411764705882353	0.8823529411764706	0.0
FAM169B	17	1.0	1.0	0.0
FAM171A1	17	0.7058823529411765	1.0	0.0
FAM172A	17	1.0	1.0	0.0
FAM174A	17	0.7647058823529411	1.0	0.0
FAM174B	17	1.0	1.0	0.058823529411764705
FAM174C	17	0.9411764705882353	1.0	0.0
FAM177A1	17	0.9411764705882353	1.0	0.0
FAM182B	17	1.0	1.0	0.0
FAM184A	17	0.9411764705882353	1.0	0.0
FAM184B	17	0.8235294117647058	0.8823529411764706	0.0
FAM185A	17	1.0	1.0	0.0
FAM186A	17	0.9411764705882353	0.9411764705882353	0.0
FAM189A1	17	1.0	1.0	0.0
FAM189A2	17	0.9411764705882353	1.0	0.0
FAM189B	17	1.0	1.0	0.0
FAM192A	17	1.0	0.7058823529411765	0.0
FAM193A	17	1.0	0.9411764705882353	0.11764705882352941
FAM193B	17	1.0	1.0	0.0
FAM199X	17	1.0	0.8823529411764706	0.0
FAM200A	17	1.0	0.8823529411764706	0.0
FAM200B	17	1.0	0.7058823529411765	0.0
FAM204A	17	0.9411764705882353	0.9411764705882353	0.0
FAM207A	17	1.0	0.8235294117647058	0.0
FAM20A	17	1.0	1.0	0.0
FAM20B	17	0.9411764705882353	1.0	0.0
FAM20C	17	1.0	1.0	0.0
FAM210A	17	0.8823529411764706	1.0	0.0
FAM214A	17	1.0	0.9411764705882353	0.0
FAM214B	17	1.0	1.0	0.0
FAM215B	17	1.0	1.0	0.0
FAM216A	17	1.0	1.0	0.058823529411764705
FAM217A	17	1.0	1.0	0.0
FAM217B	17	1.0	1.0	0.0
FAM219A	17	0.7058823529411765	0.9411764705882353	0.0
FAM219B	17	1.0	1.0	0.0
FAM221A	17	0.9411764705882353	0.8235294117647058	0.0
FAM222A	17	1.0	1.0	0.0
FAM222A-AS1	17	1.0	1.0	0.0
FAM222B	17	1.0	1.0	0.058823529411764705
FAM227A	17	1.0	1.0	0.0
FAM227B	17	1.0	0.9411764705882353	0.0
FAM228B	17	1.0	1.0	0.0
FAM229A	17	1.0	1.0	0.0
FAM229B	17	1.0	0.8823529411764706	0.0
FAM234A	17	0.9411764705882353	0.7647058823529411	0.0
FAM234B	17	0.8235294117647058	0.9411764705882353	0.0
FAM241A	17	1.0	1.0	0.0
FAM245A	17	1.0	1.0	0.0
FAM24B	17	1.0	1.0	0.0
FAM27C	17	1.0	1.0	0.0
FAM27E3	17	1.0	1.0	0.0
FAM32A	17	1.0	1.0	0.0
FAM3A	17	1.0	0.9411764705882353	0.0
FAM3B	17	1.0	0.8235294117647058	0.0
FAM3C	17	1.0	1.0	0.0
FAM3D-AS1	17	0.7058823529411765	1.0	0.0
FAM47E	17	0.8823529411764706	1.0	0.0
FAM49B	17	0.9411764705882353	0.7647058823529411	0.0
FAM50A	17	0.9411764705882353	1.0	0.0
FAM53A	17	1.0	1.0	0.0
FAM53B	17	1.0	1.0	0.0
FAM53B-AS1	17	0.7647058823529411	0.7647058823529411	0.0
FAM53C	17	1.0	1.0	0.0
FAM66A	17	1.0	0.8823529411764706	0.0
FAM66B	17	1.0	1.0	0.0
FAM66C	17	0.8235294117647058	1.0	0.0
FAM66D	17	1.0	1.0	0.0
FAM71D	17	0.7647058823529411	0.7647058823529411	0.0
FAM71E1	17	0.8235294117647058	0.8235294117647058	0.0
FAM71F2	17	1.0	1.0	0.0
FAM76A	17	0.8823529411764706	0.9411764705882353	0.0
FAM76B	17	0.9411764705882353	0.9411764705882353	0.0
FAM78B	17	0.9411764705882353	1.0	0.0
FAM81A	17	1.0	0.8823529411764706	0.0
FAM81B	17	1.0	1.0	0.0
FAM83B	17	0.9411764705882353	1.0	0.0
FAM83F	17	0.9411764705882353	1.0	0.0
FAM83G	17	0.9411764705882353	0.9411764705882353	0.0
FAM83H	17	1.0	1.0	0.0
FAM85B	17	1.0	1.0	0.0
FAM86B1	17	0.6470588235294118	0.8235294117647058	0.0
FAM86C1	17	0.8235294117647058	0.8235294117647058	0.0
FAM8A1	17	1.0	0.9411764705882353	0.0
FAM91A1	17	0.9411764705882353	1.0	0.0
FAM92A	17	1.0	1.0	0.0
FAM98A	17	1.0	1.0	0.0
FAM98B	17	1.0	0.9411764705882353	0.0
FAM98C	17	1.0	1.0	0.0
FAN1	17	1.0	1.0	0.0
FANCA	17	1.0	0.9411764705882353	0.0
FANCB	17	0.7058823529411765	0.47058823529411764	0.0
FANCC	17	0.9411764705882353	1.0	0.11764705882352941
FANCD2	17	0.8823529411764706	1.0	0.0
FANCG	17	1.0	1.0	0.0
FANCI	17	1.0	1.0	0.0
FANCL	17	1.0	0.9411764705882353	0.0
FANCM	17	1.0	0.9411764705882353	0.058823529411764705
FANK1	17	1.0	1.0	0.23529411764705882
FAR1	17	1.0	1.0	0.6470588235294118
FAR2	17	1.0	1.0	0.0
FARP1	17	0.9411764705882353	0.9411764705882353	0.0
FARP2	17	0.9411764705882353	0.9411764705882353	0.11764705882352941
FARS2	17	0.9411764705882353	1.0	0.0
FARSA	17	0.9411764705882353	0.7647058823529411	0.0
FARSB	17	1.0	1.0	0.0
FAS	17	1.0	1.0	0.058823529411764705
FASN	17	0.8235294117647058	1.0	0.0
FASTK	17	0.9411764705882353	1.0	0.0
FASTKD1	17	0.8823529411764706	0.8823529411764706	0.0
FASTKD2	17	0.8823529411764706	1.0	0.0
FASTKD3	17	0.9411764705882353	0.8823529411764706	0.0
FASTKD5	17	0.8235294117647058	0.9411764705882353	0.0
FAT1	17	1.0	1.0	0.058823529411764705
FAT3	17	0.8235294117647058	0.7647058823529411	0.0
FAT4	17	1.0	0.9411764705882353	0.0
FAXC	17	1.0	1.0	0.0
FAXDC2	17	1.0	1.0	0.0
FBF1	17	0.7058823529411765	1.0	0.0
FBH1	17	1.0	1.0	0.0
FBL	17	0.9411764705882353	0.9411764705882353	0.0
FBLIM1	17	1.0	1.0	0.0
FBLN5	17	0.7647058823529411	0.8235294117647058	0.0
FBN1	17	0.8823529411764706	0.8235294117647058	0.0
FBP1	17	0.8823529411764706	1.0	0.0
FBRS	17	1.0	1.0	0.0
FBRSL1	17	0.9411764705882353	1.0	0.0
FBXL12	17	0.6470588235294118	0.8823529411764706	0.0
FBXL13	17	1.0	1.0	0.0
FBXL14	17	1.0	0.9411764705882353	0.0
FBXL16	17	0.7647058823529411	0.8235294117647058	0.0
FBXL17	17	0.9411764705882353	1.0	0.0
FBXL18	17	0.9411764705882353	0.9411764705882353	0.0
FBXL19	17	1.0	1.0	0.0
FBXL19-AS1	17	0.8823529411764706	0.9411764705882353	0.0
FBXL2	17	1.0	1.0	0.11764705882352941
FBXL20	17	0.9411764705882353	0.8235294117647058	0.0
FBXL3	17	1.0	0.8823529411764706	0.0
FBXL4	17	1.0	0.8235294117647058	0.0
FBXL5	17	1.0	1.0	0.0
FBXL6	17	1.0	1.0	0.0
FBXL7	17	0.8235294117647058	0.8823529411764706	0.0
FBXL8	17	0.9411764705882353	0.9411764705882353	0.0
FBXO10	17	1.0	1.0	0.0
FBXO11	17	0.9411764705882353	1.0	0.058823529411764705
FBXO15	17	1.0	1.0	0.058823529411764705
FBXO16	17	1.0	1.0	0.058823529411764705
FBXO17	17	1.0	1.0	0.0
FBXO2	17	0.9411764705882353	0.5882352941176471	0.0
FBXO21	17	0.9411764705882353	1.0	0.0
FBXO22	17	1.0	1.0	0.0
FBXO24	17	0.7647058823529411	0.9411764705882353	0.0
FBXO25	17	0.7647058823529411	1.0	0.0
FBXO27	17	0.9411764705882353	0.9411764705882353	0.0
FBXO28	17	0.9411764705882353	0.9411764705882353	0.0
FBXO3	17	1.0	1.0	0.0
FBXO30	17	0.7647058823529411	0.8823529411764706	0.0
FBXO31	17	1.0	1.0	0.0
FBXO32	17	1.0	1.0	0.058823529411764705
FBXO33	17	1.0	0.8823529411764706	0.0
FBXO34	17	0.9411764705882353	0.9411764705882353	0.0
FBXO36	17	0.9411764705882353	0.9411764705882353	0.0
FBXO38	17	0.9411764705882353	0.9411764705882353	0.0
FBXO4	17	1.0	0.8823529411764706	0.0
FBXO42	17	1.0	1.0	0.0
FBXO44	17	1.0	1.0	0.0
FBXO45	17	0.8235294117647058	0.7647058823529411	0.0
FBXO46	17	0.9411764705882353	0.8235294117647058	0.0
FBXO7	17	0.9411764705882353	1.0	0.0
FBXO8	17	1.0	0.9411764705882353	0.0
FBXO9	17	1.0	0.9411764705882353	0.0
FBXW11	17	1.0	1.0	0.0
FBXW2	17	1.0	1.0	0.0
FBXW4	17	1.0	1.0	0.0
FBXW5	17	0.9411764705882353	1.0	0.0
FBXW7	17	1.0	1.0	0.0
FBXW8	17	1.0	1.0	0.058823529411764705
FBXW9	17	1.0	1.0	0.0
FCF1	17	1.0	1.0	0.0
FCGBP	17	0.8235294117647058	0.9411764705882353	0.0
FCGRT	17	1.0	1.0	0.0
FCHO2	17	1.0	1.0	0.17647058823529413
FCHSD1	17	0.8823529411764706	0.9411764705882353	0.0
FCHSD2	17	1.0	1.0	0.0
FCSK	17	0.9411764705882353	1.0	0.0
FDFT1	17	1.0	1.0	0.058823529411764705
FDPS	17	0.9411764705882353	0.9411764705882353	0.0
FDX1	17	0.9411764705882353	1.0	0.0
FDX2	17	1.0	0.8823529411764706	0.0
FECH	17	1.0	1.0	0.0
FEM1A	17	1.0	1.0	0.0
FEM1B	17	1.0	1.0	0.0
FEM1C	17	1.0	1.0	0.0
FER	17	1.0	1.0	0.23529411764705882
FER1L5	17	1.0	1.0	0.0
FERMT2	17	0.9411764705882353	0.9411764705882353	0.0
FES	17	0.8235294117647058	0.8235294117647058	0.0
FEZ1	17	0.8823529411764706	0.9411764705882353	0.0
FEZ2	17	1.0	1.0	0.058823529411764705
FGD1	17	0.8235294117647058	1.0	0.0
FGD3	17	1.0	1.0	0.058823529411764705
FGD4	17	1.0	1.0	0.17647058823529413
FGD5	17	0.6470588235294118	0.8235294117647058	0.0
FGD5-AS1	17	1.0	1.0	0.0
FGD6	17	0.9411764705882353	1.0	0.0
FGF1	17	0.8235294117647058	1.0	0.0
FGF12	17	1.0	1.0	0.058823529411764705
FGF13	17	1.0	0.9411764705882353	0.11764705882352941
FGF14	17	0.9411764705882353	0.9411764705882353	0.058823529411764705
FGF2	17	0.9411764705882353	1.0	0.11764705882352941
FGF7	17	0.8235294117647058	0.8235294117647058	0.0
FGF9	17	0.9411764705882353	0.9411764705882353	0.0
FGFR1	17	0.8235294117647058	0.9411764705882353	0.0
FGFR1OP	17	0.8235294117647058	1.0	0.0
FGFR1OP2	17	0.7647058823529411	0.8235294117647058	0.0
FGFR2	17	1.0	1.0	0.0
FGFR3	17	1.0	1.0	0.0
FGFR4	17	0.9411764705882353	0.8235294117647058	0.0
FGFRL1	17	1.0	1.0	0.0
FGGY	17	1.0	1.0	0.0
FGL2	17	0.9411764705882353	1.0	0.0
FH	17	1.0	1.0	0.0
FHAD1	17	1.0	1.0	0.35294117647058826
FHDC1	17	0.7647058823529411	1.0	0.0
FHIT	17	1.0	1.0	0.0
FHL1	17	1.0	0.7058823529411765	0.0
FHL2	17	0.9411764705882353	1.0	0.11764705882352941
FHOD1	17	0.9411764705882353	1.0	0.0
FHOD3	17	1.0	1.0	0.0
FIBIN	17	0.9411764705882353	0.9411764705882353	0.0
FIG4	17	1.0	0.8235294117647058	0.0
FIGN	17	0.9411764705882353	0.9411764705882353	0.0
FIGNL1	17	0.8235294117647058	0.8235294117647058	0.0
FIGNL2	17	0.9411764705882353	1.0	0.0
FILIP1	17	1.0	1.0	0.0
FILIP1L	17	1.0	1.0	0.0
FIP1L1	17	0.9411764705882353	1.0	0.0
FIRRE	17	0.8235294117647058	0.8235294117647058	0.0
FIS1	17	0.8235294117647058	0.9411764705882353	0.0
FITM2	17	0.9411764705882353	1.0	0.0
FIZ1	17	1.0	1.0	0.0
FKBP11	17	0.9411764705882353	0.9411764705882353	0.0
FKBP14	17	1.0	1.0	0.0
FKBP15	17	1.0	0.8823529411764706	0.0
FKBP1A	17	0.9411764705882353	0.8235294117647058	0.0
FKBP2	17	1.0	0.9411764705882353	0.0
FKBP3	17	1.0	1.0	0.0
FKBP4	17	1.0	1.0	0.0
FKBP5	17	1.0	0.9411764705882353	0.23529411764705882
FKBP8	17	1.0	1.0	0.058823529411764705
FKBP9	17	1.0	1.0	0.0
FKRP	17	0.9411764705882353	0.9411764705882353	0.0
FKTN	17	1.0	1.0	0.0
FLACC1	17	1.0	1.0	0.0
FLAD1	17	1.0	0.7647058823529411	0.0
FLCN	17	1.0	0.9411764705882353	0.0
FLG	17	0.9411764705882353	1.0	0.0
FLG-AS1	17	1.0	0.8823529411764706	0.0
FLI1	17	1.0	1.0	0.0
FLII	17	0.9411764705882353	0.9411764705882353	0.0
FLNA	17	0.8235294117647058	1.0	0.0
FLNB	17	1.0	1.0	0.0
FLOT1	17	0.9411764705882353	0.9411764705882353	0.0
FLOT2	17	1.0	0.8235294117647058	0.0
FLRT1	17	0.8823529411764706	1.0	0.0
FLRT2	17	0.6470588235294118	1.0	0.0
FLRT3	17	0.7647058823529411	0.9411764705882353	0.0
FLT1	17	0.8235294117647058	1.0	0.0
FLVCR1	17	0.5882352941176471	1.0	0.0
FLVCR2	17	0.8235294117647058	0.8235294117647058	0.0
FLYWCH1	17	1.0	1.0	0.058823529411764705
FLYWCH2	17	1.0	1.0	0.0
FMN1	17	0.9411764705882353	0.9411764705882353	0.0
FMN2	17	1.0	0.9411764705882353	0.0
FMNL2	17	0.5882352941176471	1.0	0.0
FMNL3	17	1.0	0.8823529411764706	0.0
FMO4	17	1.0	1.0	0.058823529411764705
FMO5	17	1.0	0.7058823529411765	0.0
FMR1	17	1.0	1.0	0.058823529411764705
FN1	17	0.8235294117647058	0.8235294117647058	0.0
FN3K	17	1.0	1.0	0.0
FN3KRP	17	0.9411764705882353	1.0	0.0
FNBP1	17	1.0	1.0	0.9411764705882353
FNBP1L	17	1.0	1.0	0.058823529411764705
FNBP4	17	1.0	1.0	0.058823529411764705
FNDC3A	17	1.0	1.0	0.0
FNDC3B	17	1.0	1.0	0.058823529411764705
FNIP1	17	1.0	1.0	0.0
FNIP2	17	1.0	1.0	0.0
FNTA	17	1.0	1.0	0.0
FNTB	17	1.0	1.0	0.0
FOCAD	17	0.8235294117647058	1.0	0.0
FOPNL	17	1.0	1.0	0.0
FOS	17	1.0	1.0	0.0
FOSB	17	0.5882352941176471	0.9411764705882353	0.0
FOSL1	17	0.9411764705882353	1.0	0.11764705882352941
FOSL2	17	1.0	1.0	0.0
FOXJ2	17	0.7058823529411765	0.7647058823529411	0.0
FOXJ3	17	1.0	0.9411764705882353	0.058823529411764705
FOXK1	17	0.8235294117647058	1.0	0.0
FOXK2	17	0.9411764705882353	0.9411764705882353	0.0
FOXN2	17	1.0	1.0	0.0
FOXN3	17	1.0	1.0	0.058823529411764705
FOXO1	17	1.0	1.0	0.0
FOXO3	17	1.0	0.9411764705882353	0.0
FOXO4	17	0.7647058823529411	0.8235294117647058	0.0
FOXP1	17	1.0	1.0	0.0
FOXP1-AS1	17	1.0	1.0	0.0
FOXP1-IT1	17	1.0	1.0	0.0
FOXP2	17	0.9411764705882353	0.9411764705882353	0.0
FOXP4	17	0.9411764705882353	0.9411764705882353	0.0
FOXQ1	17	0.9411764705882353	0.7058823529411765	0.0
FOXRED1	17	0.9411764705882353	0.7647058823529411	0.0
FP236383.3	17	1.0	1.0	0.0
FP671120.4	17	1.0	1.0	0.0
FPGS	17	0.8823529411764706	0.8235294117647058	0.0
FPGT	17	0.7647058823529411	1.0	0.0
FRA10AC1	17	0.7647058823529411	0.9411764705882353	0.0
FRAS1	17	0.9411764705882353	0.9411764705882353	0.0
FREM1	17	1.0	1.0	0.058823529411764705
FREM2	17	0.9411764705882353	0.9411764705882353	0.0
FREM2-AS1	17	0.7647058823529411	0.7058823529411765	0.0
FREM3	17	0.8235294117647058	0.7647058823529411	0.0
FRG1	17	1.0	1.0	0.0
FRG1-DT	17	0.8235294117647058	0.9411764705882353	0.0
FRK	17	1.0	1.0	0.0
FRMD3	17	0.9411764705882353	0.9411764705882353	0.0
FRMD4A	17	0.8823529411764706	0.9411764705882353	0.0
FRMD4B	17	1.0	0.9411764705882353	0.0
FRMD5	17	0.7647058823529411	0.9411764705882353	0.0
FRMD6	17	1.0	1.0	0.0
FRMD8	17	1.0	0.9411764705882353	0.0
FRMPD1	17	1.0	1.0	0.0
FRMPD2	17	1.0	1.0	0.0
FRMPD4	17	0.9411764705882353	0.9411764705882353	0.058823529411764705
FRRS1	17	1.0	0.9411764705882353	0.0
FRS2	17	0.8235294117647058	0.9411764705882353	0.0
FRS3	17	1.0	1.0	0.0
FRY	17	1.0	1.0	0.0
FRY-AS1	17	0.7647058823529411	0.8235294117647058	0.0
FRYL	17	1.0	1.0	0.058823529411764705
FSBP	17	1.0	1.0	0.0
FSD1L	17	1.0	1.0	0.8235294117647058
FSIP1	17	1.0	0.9411764705882353	0.0
FSIP2	17	1.0	1.0	0.0
FSIP2-AS1	17	1.0	1.0	0.0
FSTL1	17	1.0	1.0	0.0
FSTL3	17	0.7647058823529411	0.8235294117647058	0.0
FSTL4	17	1.0	1.0	0.058823529411764705
FTCD	17	0.9411764705882353	1.0	0.0
FTCDNL1	17	0.9411764705882353	0.8235294117647058	0.0
FTH1	17	0.6470588235294118	0.8235294117647058	0.0
FTO	17	1.0	1.0	0.0
FTSJ1	17	1.0	1.0	0.0
FTSJ3	17	1.0	1.0	0.0
FTX	17	1.0	1.0	0.0
FUBP1	17	1.0	1.0	0.0
FUBP3	17	0.9411764705882353	1.0	0.058823529411764705
FUCA1	17	1.0	1.0	0.0
FUCA2	17	0.8235294117647058	1.0	0.0
FUNDC1	17	1.0	1.0	0.0
FUNDC2	17	1.0	0.7647058823529411	0.0
FURIN	17	1.0	1.0	0.0
FUS	17	0.8823529411764706	1.0	0.0
FUT10	17	0.9411764705882353	0.7647058823529411	0.0
FUT11	17	0.9411764705882353	1.0	0.0
FUT2	17	0.8823529411764706	1.0	0.0
FUT8	17	0.7647058823529411	0.9411764705882353	0.0
FUZ	17	1.0	1.0	0.0
FXN	17	1.0	1.0	0.0
FXR1	17	1.0	1.0	0.0
FXR2	17	1.0	1.0	0.058823529411764705
FXYD2	17	0.9411764705882353	0.9411764705882353	0.0
FXYD4	17	0.8823529411764706	0.9411764705882353	0.0
FYB1	17	0.9411764705882353	1.0	0.0
FYB2	17	1.0	0.9411764705882353	0.058823529411764705
FYCO1	17	0.9411764705882353	0.9411764705882353	0.0
FYN	17	1.0	1.0	0.11764705882352941
FYTTD1	17	1.0	1.0	0.0
FZD3	17	1.0	1.0	0.0
FZD4	17	0.9411764705882353	1.0	0.0
FZD4-DT	17	1.0	1.0	0.0
FZD6	17	1.0	1.0	0.0
FZD8	17	0.8235294117647058	0.8235294117647058	0.0
FZR1	17	1.0	1.0	0.0
G2E3	17	1.0	1.0	0.0
G2E3-AS1	17	1.0	1.0	0.0
G3BP1	17	1.0	1.0	0.0
G3BP2	17	1.0	1.0	0.0
G6PC	17	0.7647058823529411	0.8235294117647058	0.0
G6PC3	17	0.8235294117647058	0.5882352941176471	0.0
G6PD	17	0.9411764705882353	0.8235294117647058	0.0
GAA	17	1.0	1.0	0.058823529411764705
GAB1	17	0.8823529411764706	0.7647058823529411	0.0
GAB2	17	1.0	1.0	0.17647058823529413
GABARAPL1	17	0.9411764705882353	1.0	0.058823529411764705
GABARAPL2	17	1.0	0.9411764705882353	0.0
GABBR1	17	1.0	0.9411764705882353	0.0
GABPA	17	1.0	1.0	0.0
GABPB1	17	1.0	1.0	0.058823529411764705
GABPB1-AS1	17	1.0	1.0	0.0
GABPB1-IT1	17	1.0	0.8823529411764706	0.0
GABPB2	17	0.9411764705882353	1.0	0.0
GABRA2	17	1.0	1.0	0.8235294117647058
GABRB1	17	1.0	1.0	0.0
GABRB2	17	0.8235294117647058	0.9411764705882353	0.0
GABRB3	17	1.0	1.0	0.0
GABRE	17	1.0	1.0	0.0
GABRG3	17	0.9411764705882353	0.9411764705882353	0.0
GABRP	17	1.0	1.0	0.11764705882352941
GABRR2	17	0.9411764705882353	0.9411764705882353	0.0
GAD1	17	1.0	1.0	0.0
GADD45A	17	0.9411764705882353	0.9411764705882353	0.0
GADD45B	17	0.8235294117647058	1.0	0.0
GAK	17	1.0	1.0	0.0
GAL3ST1	17	0.9411764705882353	0.9411764705882353	0.0
GALC	17	0.9411764705882353	0.8823529411764706	0.0
GALE	17	0.9411764705882353	0.9411764705882353	0.0
GALK2	17	1.0	1.0	0.0
GALM	17	0.8823529411764706	1.0	0.0
GALNS	17	0.9411764705882353	0.9411764705882353	0.0
GALNT1	17	1.0	1.0	0.11764705882352941
GALNT10	17	1.0	0.8235294117647058	0.0
GALNT11	17	0.8823529411764706	1.0	0.0
GALNT12	17	1.0	1.0	0.0
GALNT13	17	1.0	1.0	0.0
GALNT14	17	1.0	1.0	0.0
GALNT15	17	0.9411764705882353	0.9411764705882353	0.0
GALNT16	17	1.0	1.0	0.0
GALNT17	17	0.9411764705882353	0.9411764705882353	0.058823529411764705
GALNT18	17	0.9411764705882353	0.8235294117647058	0.0
GALNT2	17	0.9411764705882353	0.9411764705882353	0.11764705882352941
GALNT3	17	0.9411764705882353	1.0	0.11764705882352941
GALNT4	17	1.0	1.0	0.0
GALNT6	17	0.9411764705882353	1.0	0.0
GALNT7	17	0.7647058823529411	1.0	0.0
GALNT8	17	1.0	1.0	0.0
GALNT9	17	0.9411764705882353	0.9411764705882353	0.17647058823529413
GALNTL6	17	0.8235294117647058	0.9411764705882353	0.058823529411764705
GALT	17	1.0	1.0	0.0
GAN	17	0.9411764705882353	0.9411764705882353	0.0
GANAB	17	1.0	1.0	0.0
GANC	17	0.8235294117647058	0.8235294117647058	0.0
GAPDH	17	1.0	1.0	0.0
GAPVD1	17	0.9411764705882353	1.0	0.0
GAR1	17	0.8235294117647058	1.0	0.0
GAREM1	17	1.0	1.0	0.29411764705882354
GARNL3	17	0.9411764705882353	1.0	0.0
GARS	17	1.0	1.0	0.058823529411764705
GARS-DT	17	1.0	1.0	0.0
GART	17	1.0	1.0	0.0
GAS1RR	17	0.8235294117647058	0.8235294117647058	0.0
GAS2	17	1.0	1.0	0.0
GAS2L1	17	1.0	1.0	0.0
GAS2L3	17	1.0	1.0	0.0
GAS5	17	0.8823529411764706	0.8235294117647058	0.0
GAS6	17	1.0	1.0	0.058823529411764705
GAS7	17	1.0	1.0	0.0
GAS8	17	1.0	0.8823529411764706	0.0
GASK1A	17	0.8823529411764706	0.9411764705882353	0.0
GATA2	17	1.0	1.0	0.058823529411764705
GATA2-AS1	17	1.0	1.0	0.0
GATA3	17	1.0	1.0	0.0
GATA3-AS1	17	1.0	1.0	0.0
GATAD1	17	0.7647058823529411	1.0	0.0
GATAD2A	17	0.9411764705882353	0.9411764705882353	0.11764705882352941
GATAD2B	17	1.0	0.8235294117647058	0.0
GATB	17	0.9411764705882353	0.9411764705882353	0.0
GATC	17	1.0	1.0	0.0
GATD1	17	1.0	0.8235294117647058	0.0
GATD3B	17	0.8235294117647058	1.0	0.0
GATM	17	1.0	1.0	0.0
GBA	17	0.9411764705882353	0.8235294117647058	0.0
GBA2	17	0.9411764705882353	1.0	0.0
GBE1	17	1.0	1.0	0.0
GBF1	17	0.9411764705882353	0.9411764705882353	0.0
GBP1	17	0.9411764705882353	1.0	0.0
GBP2	17	0.8235294117647058	1.0	0.0
GBP3	17	1.0	1.0	0.0
GCA	17	0.7647058823529411	0.9411764705882353	0.0
GCAT	17	1.0	1.0	0.0
GCC2	17	0.9411764705882353	0.9411764705882353	0.0
GCC2-AS1	17	1.0	1.0	0.0
GCDH	17	0.7058823529411765	1.0	0.0
GCFC2	17	0.9411764705882353	0.9411764705882353	0.0
GCGR	17	0.9411764705882353	1.0	0.0
GCH1	17	0.7647058823529411	0.9411764705882353	0.0
GCLC	17	1.0	1.0	0.058823529411764705
GCLM	17	1.0	1.0	0.17647058823529413
GCN1	17	1.0	1.0	0.0
GCNA	17	0.9411764705882353	1.0	0.0
GCNT1	17	0.9411764705882353	0.9411764705882353	0.0
GCNT2	17	1.0	1.0	0.0
GCNT3	17	1.0	0.8823529411764706	0.0
GCNT4	17	1.0	0.9411764705882353	0.058823529411764705
GCNT7	17	1.0	1.0	0.0
GCSH	17	0.7058823529411765	0.8823529411764706	0.0
GDA	17	1.0	1.0	0.11764705882352941
GDAP1	17	1.0	0.8823529411764706	0.0
GDAP1L1	17	1.0	0.8235294117647058	0.0
GDAP2	17	1.0	1.0	0.0
GDE1	17	1.0	0.9411764705882353	0.0
GDF11	17	1.0	1.0	0.0
GDF15	17	1.0	1.0	0.0
GDF7	17	1.0	0.9411764705882353	0.0
GDI1	17	1.0	1.0	0.0
GDI2	17	0.9411764705882353	0.8235294117647058	0.0
GDPD1	17	0.9411764705882353	0.9411764705882353	0.0
GDPGP1	17	0.9411764705882353	0.9411764705882353	0.0
GEM	17	1.0	0.7058823529411765	0.0
GEMIN2	17	0.7058823529411765	0.9411764705882353	0.0
GEMIN5	17	0.9411764705882353	0.9411764705882353	0.0
GEMIN6	17	0.8235294117647058	0.8235294117647058	0.0
GEMIN7-AS1	17	0.9411764705882353	1.0	0.0
GEMIN8	17	0.8823529411764706	0.9411764705882353	0.0
GEN1	17	1.0	1.0	0.0
GET1	17	1.0	1.0	0.058823529411764705
GET3	17	1.0	0.7647058823529411	0.0
GET4	17	0.9411764705882353	0.8235294117647058	0.0
GFM1	17	1.0	1.0	0.0
GFM2	17	0.9411764705882353	0.8235294117647058	0.0
GFOD1	17	0.8235294117647058	0.5882352941176471	0.0
GFOD2	17	1.0	1.0	0.0
GFPT1	17	1.0	1.0	0.0
GFPT2	17	1.0	1.0	0.058823529411764705
GGA1	17	0.8235294117647058	1.0	0.0
GGA2	17	1.0	1.0	0.8235294117647058
GGA3	17	0.8235294117647058	1.0	0.0
GGCT	17	0.9411764705882353	0.9411764705882353	0.0
GGCX	17	0.9411764705882353	0.8823529411764706	0.0
GGNBP2	17	1.0	1.0	0.058823529411764705
GGPS1	17	0.8235294117647058	0.7647058823529411	0.0
GGT6	17	0.8235294117647058	0.8823529411764706	0.0
GGT7	17	1.0	1.0	0.0
GHDC	17	1.0	1.0	0.0
GHITM	17	1.0	1.0	0.0
GHR	17	0.9411764705882353	1.0	0.0
GHRL	17	0.8235294117647058	0.7647058823529411	0.0
GHRLOS	17	1.0	1.0	0.0
GID4	17	1.0	1.0	0.0
GID8	17	1.0	1.0	0.0
GIGYF1	17	1.0	1.0	0.0
GIGYF2	17	0.9411764705882353	1.0	0.0
GIN1	17	0.7058823529411765	0.9411764705882353	0.0
GINM1	17	1.0	1.0	0.0
GINS1	17	0.9411764705882353	1.0	0.0
GIPC1	17	0.9411764705882353	1.0	0.0
GIPC2	17	1.0	1.0	0.0
GIT1	17	0.8823529411764706	1.0	0.0
GIT2	17	0.8823529411764706	0.8823529411764706	0.0
GJB7	17	0.9411764705882353	1.0	0.0
GK	17	0.7647058823529411	0.9411764705882353	0.0
GK5	17	0.8823529411764706	0.9411764705882353	0.0
GKAP1	17	0.9411764705882353	1.0	0.0
GLA	17	1.0	1.0	0.0
GLB1	17	0.8235294117647058	1.0	0.0
GLB1L	17	0.8235294117647058	0.8235294117647058	0.0
GLB1L2	17	0.8235294117647058	0.8235294117647058	0.0
GLCCI1	17	0.9411764705882353	0.7058823529411765	0.0
GLCE	17	1.0	1.0	0.058823529411764705
GLDC	17	0.8235294117647058	1.0	0.0
GLE1	17	1.0	1.0	0.0
GLG1	17	1.0	0.9411764705882353	0.058823529411764705
GLI3	17	1.0	1.0	0.058823529411764705
GLI4	17	0.8823529411764706	1.0	0.0
GLIDR	17	0.9411764705882353	0.9411764705882353	0.0
GLIPR1L1	17	0.8235294117647058	1.0	0.0
GLIPR1L2	17	1.0	1.0	0.0
GLIS1	17	1.0	1.0	0.0
GLIS2	17	1.0	0.8823529411764706	0.0
GLIS2-AS1	17	1.0	1.0	0.0
GLIS3	17	1.0	1.0	0.0
GLMN	17	0.9411764705882353	0.9411764705882353	0.0
GLMP	17	0.8235294117647058	0.8235294117647058	0.0
GLO1	17	1.0	1.0	0.0
GLOD4	17	0.9411764705882353	0.8823529411764706	0.0
GLRX	17	1.0	1.0	0.0
GLRX2	17	1.0	1.0	0.0
GLRX3	17	0.9411764705882353	0.9411764705882353	0.0
GLRX5	17	1.0	0.7647058823529411	0.0
GLS	17	1.0	1.0	0.0
GLT8D1	17	0.7058823529411765	0.8823529411764706	0.0
GLTP	17	1.0	1.0	0.0
GLUD1	17	1.0	1.0	0.11764705882352941
GLUL	17	1.0	1.0	0.0
GLYAT	17	0.7647058823529411	1.0	0.0
GLYATL1	17	1.0	1.0	0.0
GLYCTK	17	1.0	0.9411764705882353	0.0
GLYR1	17	0.9411764705882353	0.9411764705882353	0.0
GMCL1	17	0.9411764705882353	1.0	0.0
GMDS	17	1.0	1.0	0.058823529411764705
GMDS-DT	17	0.9411764705882353	1.0	0.0
GMEB1	17	0.9411764705882353	0.9411764705882353	0.0
GMEB2	17	0.9411764705882353	0.9411764705882353	0.0
GMFB	17	1.0	1.0	0.0
GMNN	17	1.0	1.0	0.0
GMPPA	17	0.8235294117647058	0.8235294117647058	0.0
GMPPB	17	0.8235294117647058	0.47058823529411764	0.0
GMPR	17	1.0	1.0	0.058823529411764705
GMPR2	17	1.0	1.0	0.0
GMPS	17	0.9411764705882353	0.9411764705882353	0.0
GNA11	17	1.0	1.0	0.0
GNA12	17	1.0	1.0	0.35294117647058826
GNA13	17	1.0	1.0	0.0
GNA14	17	1.0	0.8235294117647058	0.0
GNAI1	17	1.0	1.0	0.058823529411764705
GNAI2	17	0.7647058823529411	1.0	0.0
GNAI3	17	0.9411764705882353	0.8823529411764706	0.0
GNAL	17	0.9411764705882353	0.9411764705882353	0.0
GNAO1	17	0.8235294117647058	0.8235294117647058	0.0
GNAQ	17	0.9411764705882353	1.0	0.0
GNAS	17	1.0	0.8235294117647058	0.0
GNAS-AS1	17	0.9411764705882353	0.9411764705882353	0.0
GNAZ	17	1.0	0.8823529411764706	0.0
GNB1	17	1.0	0.9411764705882353	0.17647058823529413
GNB1L	17	0.8823529411764706	0.9411764705882353	0.0
GNB2	17	1.0	0.9411764705882353	0.0
GNB4	17	0.9411764705882353	1.0	0.0
GNB5	17	0.8235294117647058	0.8235294117647058	0.0
GNE	17	0.9411764705882353	1.0	0.0
GNG10	17	0.9411764705882353	1.0	0.0
GNG12	17	0.9411764705882353	1.0	0.0
GNG12-AS1	17	0.8235294117647058	1.0	0.0
GNG2	17	1.0	1.0	0.0
GNG5	17	1.0	0.7058823529411765	0.0
GNG7	17	0.8823529411764706	1.0	0.0
GNGT1	17	0.8823529411764706	0.9411764705882353	0.0
GNL1	17	1.0	1.0	0.0
GNL2	17	1.0	1.0	0.0
GNL3	17	1.0	0.6470588235294118	0.0
GNL3L	17	1.0	0.9411764705882353	0.0
GNPAT	17	0.9411764705882353	0.8823529411764706	0.0
GNPDA1	17	1.0	0.8235294117647058	0.0
GNPDA2	17	0.9411764705882353	0.7647058823529411	0.0
GNPNAT1	17	1.0	1.0	0.0
GNPTAB	17	0.8235294117647058	1.0	0.0
GNPTG	17	0.8823529411764706	0.9411764705882353	0.0
GNRH1	17	0.8235294117647058	0.8235294117647058	0.0
GNRHR	17	1.0	1.0	0.0
GNS	17	1.0	0.8235294117647058	0.058823529411764705
GOLGA1	17	0.9411764705882353	1.0	0.0
GOLGA2	17	1.0	1.0	0.0
GOLGA3	17	1.0	0.9411764705882353	0.11764705882352941
GOLGA4	17	0.9411764705882353	1.0	0.0
GOLGA5	17	1.0	1.0	0.0
GOLGA6L10	17	0.8235294117647058	0.7647058823529411	0.0
GOLGA6L4	17	1.0	1.0	0.0
GOLGA6L9	17	0.9411764705882353	1.0	0.0
GOLGA7	17	1.0	1.0	0.0
GOLGA8A	17	1.0	1.0	0.0
GOLGA8B	17	1.0	0.8823529411764706	0.0
GOLGA8N	17	1.0	0.8823529411764706	0.0
GOLGB1	17	0.7058823529411765	1.0	0.0
GOLIM4	17	1.0	1.0	0.0
GOLM1	17	1.0	0.9411764705882353	0.9411764705882353
GOLPH3	17	1.0	1.0	0.0
GOLPH3L	17	0.8823529411764706	1.0	0.0
GOLT1A	17	1.0	1.0	0.0
GOLT1B	17	0.9411764705882353	0.9411764705882353	0.0
GON4L	17	0.9411764705882353	0.8235294117647058	0.0
GON7	17	1.0	1.0	0.0
GOPC	17	0.9411764705882353	1.0	0.0
GORAB	17	1.0	0.9411764705882353	0.0
GORASP1	17	0.8235294117647058	0.8823529411764706	0.0
GORASP2	17	1.0	0.7058823529411765	0.0
GOSR1	17	0.9411764705882353	0.9411764705882353	0.0
GOSR2	17	0.9411764705882353	1.0	0.0
GOT1	17	1.0	1.0	0.0
GOT2	17	1.0	0.9411764705882353	0.0
GP2	17	1.0	1.0	0.0
GP6	17	0.9411764705882353	0.9411764705882353	0.11764705882352941
GPAA1	17	1.0	1.0	0.0
GPALPP1	17	0.7647058823529411	0.9411764705882353	0.0
GPAM	17	1.0	1.0	0.0
GPANK1	17	1.0	1.0	0.0
GPAT3	17	0.7647058823529411	1.0	0.0
GPAT4	17	1.0	0.9411764705882353	0.0
GPATCH1	17	1.0	0.9411764705882353	0.0
GPATCH11	17	1.0	1.0	0.0
GPATCH2	17	1.0	1.0	0.11764705882352941
GPATCH2L	17	0.9411764705882353	0.9411764705882353	0.11764705882352941
GPATCH3	17	1.0	1.0	0.0
GPATCH4	17	1.0	1.0	0.0
GPATCH8	17	1.0	1.0	0.0
GPBP1	17	1.0	0.9411764705882353	0.0
GPBP1L1	17	1.0	0.8823529411764706	0.0
GPC1	17	1.0	1.0	0.5294117647058824
GPC3	17	0.8235294117647058	0.9411764705882353	0.0
GPC4	17	0.9411764705882353	0.9411764705882353	0.0
GPC5	17	0.9411764705882353	0.9411764705882353	0.0
GPC5-AS1	17	0.9411764705882353	1.0	0.0
GPC5-AS2	17	0.8235294117647058	1.0	0.0
GPC6	17	0.8235294117647058	1.0	0.0
GPCPD1	17	0.9411764705882353	1.0	0.0
GPD1L	17	0.8235294117647058	0.9411764705882353	0.0
GPD2	17	1.0	1.0	0.0
GPER1	17	0.9411764705882353	1.0	0.0
GPHN	17	1.0	1.0	0.0
GPI	17	1.0	1.0	0.0
GPKOW	17	1.0	1.0	0.0
GPLD1	17	1.0	0.9411764705882353	0.0
GPM6A	17	0.8823529411764706	1.0	0.0
GPM6B	17	1.0	1.0	0.0
GPN1	17	0.8823529411764706	1.0	0.0
GPN2	17	0.8823529411764706	0.8823529411764706	0.0
GPN3	17	0.9411764705882353	1.0	0.0
GPNMB	17	1.0	1.0	0.0
GPR107	17	1.0	1.0	0.0
GPR108	17	0.9411764705882353	0.9411764705882353	0.0
GPR132	17	0.9411764705882353	0.9411764705882353	0.11764705882352941
GPR135	17	0.9411764705882353	1.0	0.0
GPR137	17	1.0	1.0	0.0
GPR137B	17	1.0	1.0	0.0
GPR137C	17	1.0	0.8235294117647058	0.0
GPR143	17	0.8823529411764706	0.9411764705882353	0.0
GPR146	17	1.0	1.0	0.0
GPR155	17	1.0	1.0	0.0
GPR156	17	1.0	1.0	0.0
GPR157	17	1.0	1.0	0.0
GPR158	17	1.0	1.0	0.0
GPR160	17	0.7058823529411765	0.9411764705882353	0.0
GPR161	17	0.8823529411764706	0.9411764705882353	0.0
GPR173	17	1.0	1.0	0.0
GPR176	17	0.9411764705882353	0.9411764705882353	0.0
GPR180	17	0.9411764705882353	1.0	0.0
GPR35	17	0.7058823529411765	1.0	0.0
GPR39	17	1.0	1.0	0.0
GPR89A	17	0.7647058823529411	1.0	0.0
GPR89B	17	0.9411764705882353	0.9411764705882353	0.0
GPRASP1	17	0.9411764705882353	1.0	0.0
GPRC5A	17	0.9411764705882353	1.0	0.17647058823529413
GPRC5B	17	1.0	1.0	0.0
GPRC5C	17	1.0	1.0	0.058823529411764705
GPRC5D	17	1.0	1.0	0.058823529411764705
GPRC5D-AS1	17	1.0	1.0	0.058823529411764705
GPRIN3	17	0.8823529411764706	0.9411764705882353	0.0
GPS1	17	0.9411764705882353	1.0	0.0
GPS2	17	1.0	0.9411764705882353	0.0
GPSM1	17	0.9411764705882353	0.8235294117647058	0.0
GPSM2	17	1.0	1.0	0.0
GPT	17	0.7647058823529411	0.8235294117647058	0.0
GPT2	17	0.9411764705882353	1.0	0.0
GPX2	17	0.8235294117647058	0.8235294117647058	0.0
GPX3	17	1.0	1.0	0.0
GPX4	17	1.0	1.0	0.0
GRAMD1A	17	1.0	1.0	0.0
GRAMD1B	17	1.0	1.0	0.0
GRAMD1C	17	0.9411764705882353	0.9411764705882353	0.058823529411764705
GRAMD2A	17	1.0	1.0	0.0
GRAMD2B	17	0.9411764705882353	1.0	0.0
GRAMD4	17	0.9411764705882353	0.8823529411764706	0.0
GRASP	17	1.0	1.0	0.0
GRB10	17	1.0	0.9411764705882353	0.9411764705882353
GRB14	17	1.0	1.0	0.0
GRB2	17	0.8823529411764706	0.7647058823529411	0.0
GRB7	17	1.0	1.0	0.0
GREB1L	17	1.0	1.0	0.0
GRHL1	17	1.0	1.0	0.0
GRHL2	17	1.0	1.0	0.0
GRHPR	17	0.8235294117647058	0.8235294117647058	0.0
GRIA3	17	0.9411764705882353	0.7647058823529411	0.0
GRID2	17	1.0	1.0	0.0
GRID2IP	17	0.9411764705882353	0.9411764705882353	0.0
GRIK1	17	1.0	1.0	0.7058823529411765
GRIK2	17	0.8823529411764706	0.9411764705882353	0.0
GRIK4	17	1.0	1.0	0.0
GRIK5	17	0.9411764705882353	1.0	0.0
GRIN2A	17	1.0	0.9411764705882353	0.0
GRIN2B	17	1.0	0.9411764705882353	0.0
GRINA	17	1.0	1.0	0.0
GRIP1	17	1.0	0.9411764705882353	0.0
GRIP2	17	1.0	1.0	0.0
GRIPAP1	17	0.9411764705882353	0.9411764705882353	0.0
GRK2	17	1.0	1.0	0.0
GRK3	17	0.6470588235294118	0.9411764705882353	0.0
GRK4	17	1.0	1.0	0.0
GRK5	17	1.0	0.7058823529411765	0.0
GRK6	17	1.0	0.8235294117647058	0.0
GRM1	17	1.0	1.0	0.0
GRM5	17	0.8823529411764706	1.0	0.0
GRM7	17	1.0	0.9411764705882353	0.17647058823529413
GRM7-AS3	17	0.8235294117647058	0.7647058823529411	0.0
GRM8	17	1.0	1.0	0.0
GRN	17	1.0	0.8823529411764706	0.0
GRPEL1	17	0.8235294117647058	0.8235294117647058	0.0
GRSF1	17	0.7647058823529411	0.8235294117647058	0.0
GRTP1	17	1.0	1.0	0.0
GRWD1	17	0.7058823529411765	0.9411764705882353	0.0
GSAP	17	0.9411764705882353	0.9411764705882353	0.0
GSDMB	17	1.0	1.0	0.0
GSDMD	17	0.9411764705882353	0.9411764705882353	0.0
GSE1	17	0.8235294117647058	1.0	0.0
GSK3A	17	0.7058823529411765	0.8823529411764706	0.0
GSK3B	17	1.0	1.0	0.058823529411764705
GSKIP	17	0.7647058823529411	0.8235294117647058	0.0
GSN	17	1.0	1.0	0.058823529411764705
GSN-AS1	17	1.0	1.0	0.0
GSPT1	17	0.9411764705882353	0.8823529411764706	0.0
GSR	17	0.9411764705882353	0.9411764705882353	0.0
GSS	17	0.9411764705882353	0.9411764705882353	0.0
GSTA2	17	0.8235294117647058	0.8235294117647058	0.0
GSTA4	17	1.0	1.0	0.0
GSTCD	17	1.0	1.0	0.058823529411764705
GSTK1	17	0.9411764705882353	0.9411764705882353	0.0
GSTM2	17	1.0	1.0	0.0
GSTM3	17	1.0	1.0	0.0
GSTM4	17	1.0	1.0	0.0
GSTO1	17	0.8823529411764706	0.9411764705882353	0.0
GSTO2	17	1.0	1.0	0.0
GSTP1	17	1.0	1.0	0.0
GSTT2B	17	1.0	1.0	0.0
GSTZ1	17	1.0	1.0	0.0
GTDC1	17	1.0	1.0	0.0
GTF2A1	17	1.0	0.8235294117647058	0.0
GTF2A2	17	1.0	1.0	0.0
GTF2B	17	1.0	0.7647058823529411	0.0
GTF2E1	17	1.0	0.8823529411764706	0.0
GTF2E2	17	1.0	1.0	0.058823529411764705
GTF2F1	17	0.9411764705882353	0.8235294117647058	0.0
GTF2F2	17	1.0	1.0	0.17647058823529413
GTF2H1	17	0.9411764705882353	0.8235294117647058	0.0
GTF2H2	17	1.0	0.8823529411764706	0.058823529411764705
GTF2H2C	17	0.8823529411764706	0.8823529411764706	0.0
GTF2H3	17	1.0	1.0	0.0
GTF2H4	17	0.8823529411764706	0.9411764705882353	0.0
GTF2H5	17	1.0	0.9411764705882353	0.0
GTF2I	17	0.9411764705882353	0.7647058823529411	0.0
GTF2IRD1	17	1.0	1.0	0.058823529411764705
GTF2IRD2	17	1.0	1.0	0.0
GTF2IRD2B	17	0.9411764705882353	0.9411764705882353	0.0
GTF3A	17	1.0	0.8823529411764706	0.0
GTF3C1	17	0.9411764705882353	1.0	0.0
GTF3C2	17	0.8823529411764706	0.9411764705882353	0.0
GTF3C3	17	1.0	1.0	0.0
GTF3C4	17	1.0	0.8823529411764706	0.0
GTF3C5	17	1.0	1.0	0.0
GTF3C6	17	1.0	0.9411764705882353	0.0
GTPBP1	17	0.9411764705882353	0.9411764705882353	0.0
GTPBP10	17	0.9411764705882353	1.0	0.0
GTPBP2	17	1.0	1.0	0.058823529411764705
GTPBP3	17	0.8235294117647058	0.7647058823529411	0.0
GTPBP4	17	0.9411764705882353	0.7058823529411765	0.0
GTPBP6	17	1.0	1.0	0.0
GTPBP8	17	0.9411764705882353	0.9411764705882353	0.0
GUCA1B	17	0.7647058823529411	0.7647058823529411	0.0
GUCD1	17	1.0	1.0	0.0
GUCY1A1	17	1.0	0.9411764705882353	0.0
GUCY1B1	17	1.0	0.9411764705882353	0.0
GUCY2C	17	0.8235294117647058	0.8235294117647058	0.0
GUF1	17	1.0	0.9411764705882353	0.0
GUK1	17	1.0	1.0	0.0
GULP1	17	0.9411764705882353	0.9411764705882353	0.0
GUSB	17	0.8235294117647058	1.0	0.0
GVQW2	17	1.0	0.8823529411764706	0.0
GVQW3	17	1.0	1.0	0.0
GXYLT1	17	0.7647058823529411	0.8823529411764706	0.0
GXYLT2	17	1.0	1.0	0.0
GYG1	17	1.0	1.0	0.0
GYG2	17	1.0	1.0	0.0
GYPC	17	0.7058823529411765	0.6470588235294118	0.0
GYS1	17	0.9411764705882353	1.0	0.0
GZF1	17	1.0	1.0	0.0
H1F0	17	1.0	1.0	0.0
H2AFJ	17	0.8235294117647058	0.8235294117647058	0.0
H2AFV	17	0.9411764705882353	0.9411764705882353	0.0
H2AFY	17	1.0	1.0	0.0
H2AFY2	17	0.9411764705882353	1.0	0.0
H3F3A	17	1.0	1.0	0.0
H3F3B	17	1.0	1.0	0.058823529411764705
H6PD	17	0.8823529411764706	0.9411764705882353	0.0
HAAO	17	1.0	1.0	0.0
HABP2	17	0.8235294117647058	0.7647058823529411	0.0
HABP4	17	1.0	0.8235294117647058	0.0
HACD1	17	0.9411764705882353	1.0	0.0
HACD2	17	0.9411764705882353	1.0	0.0
HACD3	17	1.0	0.7058823529411765	0.058823529411764705
HACD4	17	0.8235294117647058	0.8235294117647058	0.0
HACE1	17	1.0	1.0	0.0
HACL1	17	0.9411764705882353	0.8823529411764706	0.0
HADH	17	1.0	1.0	0.0
HADHA	17	1.0	0.9411764705882353	0.0
HADHB	17	0.9411764705882353	0.7647058823529411	0.0
HAGH	17	0.9411764705882353	1.0	0.0
HAGHL	17	0.8235294117647058	0.8235294117647058	0.0
HAGLR	17	0.9411764705882353	1.0	0.0
HAO2	17	1.0	1.0	0.0
HARBI1	17	0.7647058823529411	0.7647058823529411	0.0
HARS	17	1.0	0.9411764705882353	0.058823529411764705
HARS2	17	0.5294117647058824	1.0	0.0
HAS2-AS1	17	0.5882352941176471	0.47058823529411764	0.0
HAT1	17	1.0	1.0	0.0
HAUS1	17	0.9411764705882353	1.0	0.0
HAUS2	17	0.9411764705882353	0.9411764705882353	0.0
HAUS3	17	1.0	1.0	0.0
HAUS4	17	1.0	1.0	0.0
HAUS5	17	1.0	1.0	0.0
HAUS6	17	0.9411764705882353	1.0	0.0
HAUS8	17	1.0	1.0	0.0
HAVCR1	17	0.8235294117647058	0.8235294117647058	0.0
HAVCR2	17	0.9411764705882353	1.0	0.0
HAX1	17	0.9411764705882353	0.9411764705882353	0.0
HBEGF	17	0.9411764705882353	0.9411764705882353	0.0
HBP1	17	0.9411764705882353	0.9411764705882353	0.0
HBS1L	17	0.8235294117647058	0.7058823529411765	0.0
HCCS	17	0.8235294117647058	0.7058823529411765	0.0
HCFC1	17	1.0	1.0	0.0
HCFC1R1	17	0.9411764705882353	0.9411764705882353	0.0
HCFC2	17	0.9411764705882353	1.0	0.0
HCG11	17	0.7647058823529411	0.7647058823529411	0.0
HCG17	17	1.0	1.0	0.0
HCG18	17	0.9411764705882353	1.0	0.0
HCG20	17	0.8235294117647058	0.8235294117647058	0.0
HCG25	17	1.0	1.0	0.0
HCG27	17	0.7058823529411765	1.0	0.0
HCN3	17	0.9411764705882353	1.0	0.0
HCP5	17	1.0	1.0	0.0
HDAC1	17	1.0	1.0	0.058823529411764705
HDAC10	17	1.0	1.0	0.0
HDAC11	17	1.0	1.0	0.0
HDAC2	17	0.9411764705882353	0.9411764705882353	0.0
HDAC2-AS2	17	0.9411764705882353	1.0	0.0
HDAC3	17	1.0	0.7647058823529411	0.0
HDAC4	17	1.0	0.8235294117647058	0.0
HDAC4-AS1	17	0.8235294117647058	0.8235294117647058	0.0
HDAC5	17	0.9411764705882353	1.0	0.0
HDAC6	17	0.8823529411764706	1.0	0.0
HDAC7	17	0.9411764705882353	1.0	0.0
HDAC8	17	0.9411764705882353	1.0	0.0
HDAC9	17	1.0	1.0	0.9411764705882353
HDDC2	17	0.6470588235294118	1.0	0.0
HDGF	17	0.8235294117647058	1.0	0.0
HDGFL2	17	0.9411764705882353	1.0	0.0
HDGFL3	17	1.0	1.0	0.0
HDHD2	17	0.7647058823529411	0.9411764705882353	0.0
HDHD3	17	0.7647058823529411	1.0	0.0
HDHD5	17	0.9411764705882353	1.0	0.0
HDHD5-AS1	17	1.0	1.0	0.0
HDLBP	17	0.8823529411764706	1.0	0.0
HDX	17	0.9411764705882353	1.0	0.0
HEATR1	17	1.0	1.0	0.0
HEATR3	17	0.8823529411764706	0.8823529411764706	0.0
HEATR4	17	0.6470588235294118	1.0	0.0
HEATR5A	17	0.7647058823529411	0.8823529411764706	0.0
HEATR5B	17	0.9411764705882353	0.9411764705882353	0.0
HEATR6	17	0.9411764705882353	0.7647058823529411	0.0
HEBP1	17	0.9411764705882353	0.9411764705882353	0.0
HEBP2	17	1.0	1.0	0.058823529411764705
HECA	17	0.9411764705882353	1.0	0.0
HECTD1	17	1.0	1.0	0.5294117647058824
HECTD2	17	0.9411764705882353	0.9411764705882353	0.0
HECTD3	17	0.7058823529411765	1.0	0.0
HECTD4	17	0.9411764705882353	0.9411764705882353	0.0
HECW1	17	1.0	1.0	0.0
HECW2	17	0.9411764705882353	0.9411764705882353	0.0
HEG1	17	1.0	1.0	0.0
HEIH	17	1.0	1.0	0.0
HELB	17	1.0	0.8235294117647058	0.0
HELLPAR	17	1.0	1.0	0.0
HELLS	17	0.9411764705882353	0.9411764705882353	0.0
HELQ	17	1.0	1.0	0.0
HELZ	17	1.0	0.8235294117647058	0.0
HELZ2	17	0.9411764705882353	0.9411764705882353	0.0
HEMK1	17	1.0	1.0	0.0
HEPACAM2	17	0.7058823529411765	0.8235294117647058	0.0
HERC1	17	1.0	1.0	0.0
HERC2	17	0.8823529411764706	1.0	0.0
HERC3	17	0.9411764705882353	1.0	0.0
HERC4	17	1.0	1.0	0.7647058823529411
HERC5	17	1.0	0.8823529411764706	0.0
HERC6	17	1.0	0.9411764705882353	0.0
HERPUD1	17	1.0	1.0	0.0
HERPUD2	17	0.9411764705882353	0.7058823529411765	0.0
HES1	17	1.0	1.0	0.0
HES4	17	0.9411764705882353	1.0	0.0
HESX1	17	1.0	0.8823529411764706	0.0
HEXA	17	1.0	0.9411764705882353	0.0
HEXB	17	1.0	1.0	0.0
HEXD	17	1.0	1.0	0.0
HEXD-IT1	17	1.0	1.0	0.0
HEXIM1	17	1.0	1.0	0.0
HFE	17	1.0	0.8823529411764706	0.0
HFM1	17	0.9411764705882353	0.9411764705882353	0.0
HGD	17	0.9411764705882353	0.7058823529411765	0.0
HGS	17	1.0	1.0	0.0
HGSNAT	17	1.0	0.8823529411764706	0.0
HHAT	17	0.9411764705882353	0.9411764705882353	0.0
HHIP	17	1.0	1.0	0.0
HHLA3	17	1.0	0.8823529411764706	0.0
HIBADH	17	1.0	0.7647058823529411	0.0
HIBCH	17	0.9411764705882353	0.9411764705882353	0.0
HIC2	17	0.8823529411764706	1.0	0.0
HID1	17	1.0	0.9411764705882353	0.0
HIF1A	17	1.0	0.9411764705882353	0.0
HIF1A-AS1	17	1.0	1.0	0.0
HIF1A-AS3	17	0.9411764705882353	1.0	0.0
HIF1AN	17	1.0	1.0	0.0
HIF3A	17	0.9411764705882353	0.9411764705882353	0.0
HIGD1A	17	0.8823529411764706	0.9411764705882353	0.0
HIGD1C	17	1.0	1.0	0.0
HIKESHI	17	0.8235294117647058	1.0	0.0
HILPDA	17	0.8235294117647058	0.7647058823529411	0.0
HINFP	17	0.8823529411764706	0.8823529411764706	0.0
HINT1	17	1.0	1.0	0.0
HINT2	17	0.8235294117647058	0.7647058823529411	0.0
HINT3	17	1.0	0.9411764705882353	0.0
HIP1	17	0.9411764705882353	0.9411764705882353	0.11764705882352941
HIP1R	17	1.0	1.0	0.0
HIPK1	17	0.9411764705882353	0.8235294117647058	0.0
HIPK2	17	1.0	1.0	0.0
HIPK3	17	0.9411764705882353	1.0	0.0
HIRA	17	1.0	0.9411764705882353	0.0
HIST1H1C	17	0.9411764705882353	0.9411764705882353	0.0
HIST1H1E	17	1.0	1.0	0.0
HIST1H2AC	17	0.8235294117647058	0.9411764705882353	0.0
HIST1H2BD	17	0.8823529411764706	0.9411764705882353	0.0
HIST1H4C	17	1.0	1.0	0.0
HIST2H2BE	17	0.8235294117647058	0.9411764705882353	0.0
HIVEP1	17	0.9411764705882353	1.0	0.11764705882352941
HIVEP2	17	1.0	0.9411764705882353	0.0
HIVEP3	17	1.0	1.0	0.9411764705882353
HK1	17	0.9411764705882353	1.0	0.0
HKDC1	17	0.9411764705882353	0.9411764705882353	0.0
HLA-A	17	0.9411764705882353	1.0	0.0
HLA-B	17	0.9411764705882353	0.9411764705882353	0.0
HLA-C	17	0.9411764705882353	0.9411764705882353	0.0
HLA-DMA	17	0.9411764705882353	0.7647058823529411	0.0
HLA-DPB1	17	0.8235294117647058	0.7647058823529411	0.0
HLA-DQB1	17	1.0	1.0	0.0
HLA-DRA	17	0.9411764705882353	1.0	0.0
HLA-DRB1	17	0.9411764705882353	1.0	0.0
HLA-DRB5	17	0.8235294117647058	0.8235294117647058	0.0
HLA-E	17	1.0	1.0	0.0
HLA-F	17	0.9411764705882353	1.0	0.0
HLA-F-AS1	17	0.9411764705882353	0.9411764705882353	0.0
HLCS	17	0.9411764705882353	1.0	0.058823529411764705
HLF	17	0.9411764705882353	0.9411764705882353	0.0
HLTF	17	1.0	0.8823529411764706	0.0
HM13	17	1.0	1.0	0.0
HMBOX1	17	1.0	1.0	0.0
HMBS	17	1.0	1.0	0.0
HMCES	17	1.0	1.0	0.0
HMCN1	17	1.0	0.9411764705882353	0.0
HMG20A	17	1.0	1.0	0.0
HMG20B	17	1.0	1.0	0.0
HMGA1	17	0.9411764705882353	0.9411764705882353	0.11764705882352941
HMGA1P4	17	1.0	1.0	0.0
HMGA2	17	0.9411764705882353	0.7647058823529411	0.0
HMGA2-AS1	17	1.0	1.0	0.9411764705882353
HMGB1	17	1.0	1.0	0.0
HMGB2	17	1.0	1.0	0.0
HMGCL	17	0.8235294117647058	1.0	0.0
HMGCLL1	17	0.8823529411764706	1.0	0.0
HMGCR	17	1.0	1.0	0.058823529411764705
HMGCS1	17	0.9411764705882353	1.0	0.058823529411764705
HMGCS2	17	0.8235294117647058	1.0	0.0
HMGN1	17	0.9411764705882353	0.9411764705882353	0.0
HMGN2	17	1.0	1.0	0.0
HMGN3	17	0.9411764705882353	0.5882352941176471	0.0
HMGN4	17	0.7647058823529411	0.9411764705882353	0.0
HMGN5	17	1.0	0.9411764705882353	0.0
HMGXB3	17	0.9411764705882353	1.0	0.0
HMGXB4	17	0.9411764705882353	0.9411764705882353	0.0
HMOX2	17	1.0	0.9411764705882353	0.0
HNF1A	17	0.9411764705882353	1.0	0.0
HNF1A-AS1	17	1.0	1.0	0.0
HNF1B	17	1.0	1.0	0.0
HNF4A	17	1.0	1.0	0.0
HNF4A-AS1	17	0.8235294117647058	1.0	0.0
HNF4G	17	1.0	1.0	0.0
HNMT	17	0.9411764705882353	0.9411764705882353	0.0
HNRNPA0	17	1.0	1.0	0.0
HNRNPA1	17	0.7647058823529411	1.0	0.0
HNRNPA1L2	17	0.5882352941176471	0.8235294117647058	0.0
HNRNPA2B1	17	1.0	1.0	0.0
HNRNPA3	17	0.9411764705882353	1.0	0.0
HNRNPAB	17	0.9411764705882353	0.9411764705882353	0.0
HNRNPC	17	1.0	1.0	0.0
HNRNPD	17	1.0	1.0	0.0
HNRNPDL	17	1.0	1.0	0.0
HNRNPF	17	1.0	1.0	0.0
HNRNPH1	17	0.9411764705882353	1.0	0.0
HNRNPH2	17	1.0	1.0	0.0
HNRNPH3	17	1.0	1.0	0.0
HNRNPK	17	1.0	1.0	0.058823529411764705
HNRNPL	17	1.0	1.0	0.0
HNRNPLL	17	0.9411764705882353	0.8823529411764706	0.0
HNRNPM	17	1.0	1.0	0.7058823529411765
HNRNPR	17	0.8823529411764706	1.0	0.0
HNRNPU	17	1.0	1.0	0.0
HNRNPUL1	17	0.9411764705882353	0.9411764705882353	0.0
HNRNPUL2	17	1.0	1.0	0.058823529411764705
HOGA1	17	0.8823529411764706	0.8823529411764706	0.0
HOMER1	17	1.0	1.0	0.0
HOMER2	17	1.0	1.0	0.9411764705882353
HOMER3	17	1.0	1.0	0.0
HOMEZ	17	0.9411764705882353	1.0	0.0
HOOK1	17	1.0	1.0	0.058823529411764705
HOOK2	17	1.0	1.0	0.0
HOOK3	17	0.9411764705882353	1.0	0.0
HOPX	17	0.9411764705882353	1.0	0.0
HORMAD2	17	0.6470588235294118	0.5882352941176471	0.0
HORMAD2-AS1	17	0.8823529411764706	1.0	0.0
HOTAIRM1	17	0.9411764705882353	0.8235294117647058	0.0
HOXA-AS2	17	0.9411764705882353	0.9411764705882353	0.0
HOXA-AS3	17	0.7647058823529411	0.7647058823529411	0.0
HOXA10	17	1.0	1.0	0.0
HOXA10-AS	17	1.0	0.8235294117647058	0.0
HOXA3	17	1.0	1.0	0.0
HOXA5	17	1.0	1.0	0.058823529411764705
HOXA6	17	1.0	1.0	0.0
HOXA9	17	1.0	1.0	0.0
HOXB-AS1	17	1.0	1.0	0.17647058823529413
HOXB-AS3	17	0.8235294117647058	1.0	0.0
HOXB2	17	1.0	0.8823529411764706	0.0
HOXB3	17	0.9411764705882353	0.7647058823529411	0.0
HOXB4	17	1.0	1.0	0.0
HOXB5	17	1.0	0.8823529411764706	0.0
HOXB6	17	1.0	1.0	0.058823529411764705
HOXB7	17	1.0	0.9411764705882353	0.0
HOXB8	17	1.0	1.0	0.0
HOXB9	17	1.0	0.9411764705882353	0.0
HOXC-AS3	17	0.8235294117647058	0.7647058823529411	0.0
HOXC10	17	0.8235294117647058	0.8235294117647058	0.0
HOXC4	17	1.0	1.0	0.0
HOXC6	17	1.0	1.0	0.0
HOXC8	17	0.8823529411764706	1.0	0.0
HOXC9	17	0.8235294117647058	1.0	0.0
HOXD-AS2	17	0.9411764705882353	1.0	0.0
HOXD1	17	1.0	0.8235294117647058	0.0
HOXD10	17	0.9411764705882353	0.9411764705882353	0.0
HOXD11	17	1.0	1.0	0.0
HOXD3	17	0.9411764705882353	1.0	0.0
HOXD4	17	1.0	1.0	0.058823529411764705
HOXD8	17	1.0	1.0	0.0
HOXD9	17	0.9411764705882353	1.0	0.0
HP1BP3	17	0.9411764705882353	1.0	0.0
HPCAL1	17	1.0	1.0	0.0
HPCAL4	17	0.8235294117647058	0.8235294117647058	0.0
HPD	17	1.0	1.0	0.0
HPF1	17	0.7058823529411765	0.7647058823529411	0.0
HPGD	17	0.9411764705882353	0.7647058823529411	0.0
HPN	17	1.0	1.0	0.0
HPN-AS1	17	1.0	0.8823529411764706	0.0
HPRT1	17	0.9411764705882353	0.8823529411764706	0.0
HPS1	17	0.8235294117647058	1.0	0.0
HPS3	17	0.9411764705882353	0.8823529411764706	0.0
HPS4	17	0.9411764705882353	1.0	0.0
HPS5	17	0.9411764705882353	0.9411764705882353	0.0
HPSE	17	1.0	1.0	0.0
HPSE2	17	0.8235294117647058	0.8235294117647058	0.0
HRAS	17	1.0	1.0	0.0
HRH1	17	1.0	1.0	0.11764705882352941
HRH2	17	1.0	0.9411764705882353	0.0
HRNR	17	0.9411764705882353	1.0	0.0
HS1BP3	17	0.9411764705882353	0.9411764705882353	0.0
HS2ST1	17	0.9411764705882353	0.9411764705882353	0.0
HS3ST1	17	0.9411764705882353	1.0	0.23529411764705882
HS3ST3A1	17	0.7647058823529411	0.8235294117647058	0.0
HS3ST3B1	17	1.0	1.0	0.0
HS3ST5	17	0.9411764705882353	0.9411764705882353	0.0
HS6ST1	17	1.0	1.0	0.9411764705882353
HS6ST2	17	0.9411764705882353	1.0	0.0
HS6ST3	17	0.8823529411764706	0.9411764705882353	0.0
HSBP1	17	1.0	1.0	0.0
HSBP1L1	17	1.0	1.0	0.0
HSCB	17	1.0	1.0	0.0
HSD11B1-AS1	17	0.8823529411764706	0.6470588235294118	0.0
HSD11B1L	17	1.0	1.0	0.0
HSD11B2	17	1.0	1.0	0.058823529411764705
HSD17B11	17	0.9411764705882353	0.9411764705882353	0.0
HSD17B12	17	0.9411764705882353	1.0	0.0
HSD17B14	17	0.9411764705882353	0.9411764705882353	0.058823529411764705
HSD17B2	17	0.7647058823529411	0.47058823529411764	0.0
HSD17B4	17	0.9411764705882353	0.9411764705882353	0.0
HSD17B7	17	1.0	1.0	0.0
HSD3B7	17	1.0	1.0	0.0
HSDL1	17	0.9411764705882353	1.0	0.0
HSDL2	17	1.0	1.0	0.058823529411764705
HSF1	17	0.9411764705882353	0.7647058823529411	0.0
HSF2	17	0.8823529411764706	1.0	0.0
HSF2BP	17	1.0	1.0	0.0
HSF4	17	1.0	1.0	0.0
HSH2D	17	0.9411764705882353	1.0	0.0
HSP90AA1	17	0.9411764705882353	1.0	0.0
HSP90AB1	17	1.0	1.0	0.0
HSP90B1	17	1.0	1.0	0.0
HSPA12A	17	1.0	0.9411764705882353	0.0
HSPA13	17	0.7058823529411765	0.9411764705882353	0.0
HSPA14.1	17	1.0	0.9411764705882353	0.0
HSPA1A	17	0.7647058823529411	0.8235294117647058	0.0
HSPA1B	17	0.9411764705882353	1.0	0.0
HSPA4	17	1.0	1.0	0.058823529411764705
HSPA4L	17	1.0	0.9411764705882353	0.0
HSPA5	17	1.0	1.0	0.7647058823529411
HSPA8	17	0.8823529411764706	1.0	0.0
HSPA9	17	1.0	1.0	0.0
HSPB1	17	0.8235294117647058	1.0	0.0
HSPB11	17	0.9411764705882353	1.0	0.0
HSPB8	17	0.8235294117647058	0.8235294117647058	0.0
HSPBAP1	17	1.0	0.8235294117647058	0.0
HSPBP1	17	1.0	1.0	0.0
HSPD1	17	1.0	1.0	0.0
HSPE1	17	0.7647058823529411	0.7058823529411765	0.0
HSPG2	17	0.9411764705882353	0.9411764705882353	0.11764705882352941
HSPH1	17	1.0	0.9411764705882353	0.0
HTATIP2	17	1.0	1.0	0.0
HTATSF1	17	1.0	1.0	0.0
HTR2B	17	1.0	1.0	0.0
HTRA1	17	0.8235294117647058	1.0	0.0
HTT	17	1.0	1.0	0.0
HULC	17	1.0	1.0	0.058823529411764705
HUNK	17	0.9411764705882353	1.0	0.0
HUS1	17	1.0	0.7647058823529411	0.0
HUWE1	17	0.9411764705882353	0.9411764705882353	0.058823529411764705
HVCN1	17	0.8823529411764706	1.0	0.0
HYAL1	17	0.6470588235294118	0.6470588235294118	0.0
HYAL2	17	0.8235294117647058	0.8235294117647058	0.0
HYDIN	17	0.9411764705882353	1.0	0.058823529411764705
HYI	17	0.7647058823529411	1.0	0.0
HYKK	17	0.9411764705882353	1.0	0.0
HYLS1	17	0.7647058823529411	0.8823529411764706	0.0
HYMAI	17	0.9411764705882353	1.0	0.0
HYOU1	17	1.0	0.8235294117647058	0.0
HYPK	17	1.0	1.0	0.0
IAH1	17	0.9411764705882353	0.9411764705882353	0.0
IARS	17	0.9411764705882353	0.7647058823529411	0.0
IARS2	17	0.8235294117647058	1.0	0.0
IBA57	17	0.9411764705882353	0.9411764705882353	0.0
IBTK	17	1.0	1.0	0.11764705882352941
ICA1	17	1.0	1.0	0.0
ICA1L	17	1.0	1.0	0.0
ICE1	17	1.0	0.9411764705882353	0.058823529411764705
ICE2	17	0.9411764705882353	0.9411764705882353	0.0
ICK	17	1.0	0.7647058823529411	0.0
ICMT	17	0.7058823529411765	1.0	0.0
ICOSLG	17	1.0	0.8823529411764706	0.0
ID1	17	1.0	1.0	0.0
ID2	17	0.6470588235294118	1.0	0.0
ID2-AS1	17	0.8235294117647058	0.8235294117647058	0.0
ID3	17	0.8235294117647058	0.9411764705882353	0.0
ID4	17	1.0	1.0	0.0
IDE	17	0.8823529411764706	0.9411764705882353	0.0
IDH1	17	0.9411764705882353	0.9411764705882353	0.0
IDH2	17	1.0	1.0	0.11764705882352941
IDH2-DT	17	0.8235294117647058	0.8235294117647058	0.0
IDH3A	17	0.9411764705882353	0.9411764705882353	0.0
IDH3B	17	1.0	1.0	0.0
IDH3G	17	1.0	0.9411764705882353	0.0
IDI1	17	0.9411764705882353	1.0	0.058823529411764705
IDNK	17	1.0	1.0	0.0
IDS	17	1.0	1.0	0.0
IDUA	17	0.8823529411764706	1.0	0.0
IER2	17	1.0	1.0	0.058823529411764705
IER3	17	0.8823529411764706	1.0	0.0
IER3IP1	17	1.0	0.8823529411764706	0.0
IER5L	17	1.0	0.8235294117647058	0.0
IFFO1	17	0.8235294117647058	0.8235294117647058	0.0
IFFO2	17	0.7058823529411765	0.8235294117647058	0.0
IFI16	17	1.0	1.0	0.0
IFI27L1	17	1.0	1.0	0.0
IFI35	17	0.8235294117647058	0.8235294117647058	0.0
IFI44	17	1.0	0.7647058823529411	0.0
IFI44L	17	1.0	1.0	0.0
IFIH1	17	1.0	1.0	0.0
IFIT1	17	0.7647058823529411	0.7647058823529411	0.0
IFIT2	17	0.6470588235294118	1.0	0.0
IFIT3	17	0.9411764705882353	0.7058823529411765	0.0
IFITM10	17	1.0	1.0	0.0
IFITM2	17	0.8235294117647058	0.8235294117647058	0.0
IFNAR1	17	1.0	1.0	0.0
IFNAR2	17	0.9411764705882353	1.0	0.0
IFNG-AS1	17	0.8235294117647058	0.8235294117647058	0.0
IFNGR1	17	1.0	1.0	0.0
IFNGR2	17	1.0	1.0	0.0
IFNLR1	17	0.9411764705882353	1.0	0.0
IFRD1	17	1.0	1.0	0.0
IFRD2	17	0.7058823529411765	1.0	0.0
IFT122	17	0.9411764705882353	0.8823529411764706	0.0
IFT140	17	0.7647058823529411	1.0	0.0
IFT172	17	0.9411764705882353	0.9411764705882353	0.0
IFT20	17	1.0	1.0	0.0
IFT22	17	0.9411764705882353	1.0	0.0
IFT27	17	1.0	1.0	0.0
IFT43	17	0.9411764705882353	0.9411764705882353	0.0
IFT46	17	0.7647058823529411	0.8235294117647058	0.0
IFT52	17	0.9411764705882353	0.9411764705882353	0.0
IFT57	17	1.0	1.0	0.47058823529411764
IFT74	17	1.0	1.0	0.058823529411764705
IFT80	17	0.9411764705882353	1.0	0.0
IFT81	17	0.9411764705882353	1.0	0.0
IFT88	17	1.0	1.0	0.0
IGBP1	17	0.9411764705882353	1.0	0.0
IGDCC3	17	1.0	1.0	0.0
IGF1R	17	1.0	0.9411764705882353	0.0
IGF2BP2	17	0.9411764705882353	0.9411764705882353	0.11764705882352941
IGF2BP2-AS1	17	0.9411764705882353	0.9411764705882353	0.11764705882352941
IGF2R	17	0.9411764705882353	0.9411764705882353	0.0
IGFBP2	17	0.9411764705882353	0.8823529411764706	0.0
IGFBP3	17	0.9411764705882353	0.9411764705882353	0.11764705882352941
IGFBP4	17	0.8235294117647058	0.8235294117647058	0.0
IGFBP5	17	1.0	1.0	0.0
IGFBP7	17	0.9411764705882353	0.4117647058823529	0.0
IGFBP7-AS1	17	1.0	1.0	0.0
IGHMBP2	17	0.9411764705882353	0.8823529411764706	0.0
IGIP	17	1.0	0.9411764705882353	0.0
IGKC	17	0.9411764705882353	0.9411764705882353	0.0
IGSF11	17	0.8823529411764706	1.0	0.058823529411764705
IGSF3	17	0.9411764705882353	0.9411764705882353	0.0
IGSF6	17	1.0	1.0	0.11764705882352941
IGSF8	17	1.0	0.9411764705882353	0.0
IGSF9B	17	1.0	1.0	0.0
IK	17	0.9411764705882353	0.9411764705882353	0.0
IKBIP	17	0.9411764705882353	1.0	0.0
IKBKB	17	1.0	1.0	0.11764705882352941
IKBKE	17	0.9411764705882353	1.0	0.0
IKBKG	17	0.9411764705882353	0.9411764705882353	0.0
IKZF1	17	1.0	1.0	0.058823529411764705
IKZF2	17	1.0	1.0	0.0
IKZF3	17	0.8235294117647058	0.8235294117647058	0.0
IKZF4	17	0.9411764705882353	0.8235294117647058	0.0
IKZF5	17	0.8823529411764706	0.9411764705882353	0.0
IL10RB	17	0.9411764705882353	0.9411764705882353	0.0
IL11RA	17	0.9411764705882353	1.0	0.0
IL12RB2	17	1.0	1.0	0.0
IL13RA1	17	1.0	1.0	0.0
IL15	17	0.9411764705882353	1.0	0.0
IL15RA	17	1.0	1.0	0.0
IL17RA	17	0.9411764705882353	0.9411764705882353	0.058823529411764705
IL17RB	17	0.8823529411764706	1.0	0.0
IL17RC	17	1.0	1.0	0.0
IL17RD	17	0.9411764705882353	0.9411764705882353	0.0
IL17RE	17	0.8235294117647058	0.9411764705882353	0.0
IL18	17	1.0	1.0	0.7058823529411765
IL18BP	17	1.0	1.0	0.0
IL18R1	17	0.7058823529411765	0.7058823529411765	0.0
IL1R1	17	1.0	1.0	0.6470588235294118
IL1RAP	17	0.8235294117647058	0.8235294117647058	0.0
IL1RAPL1	17	1.0	1.0	0.0
IL1RAPL2	17	1.0	1.0	0.0
IL1RL2	17	0.9411764705882353	0.8235294117647058	0.0
IL20RB	17	0.9411764705882353	0.9411764705882353	0.0
IL27RA	17	0.7058823529411765	1.0	0.0
IL34	17	0.7647058823529411	0.7058823529411765	0.0
IL3RA	17	1.0	1.0	0.0
IL4I1	17	0.8235294117647058	0.8235294117647058	0.0
IL4R	17	1.0	1.0	0.9411764705882353
IL6R	17	1.0	1.0	0.11764705882352941
IL6ST	17	1.0	1.0	0.0
IL7	17	0.9411764705882353	1.0	0.0
ILDR1	17	0.9411764705882353	1.0	0.0
ILDR2	17	1.0	1.0	0.0
ILF2	17	0.9411764705882353	0.8823529411764706	0.0
ILF3	17	0.9411764705882353	1.0	0.0
ILF3-DT	17	1.0	1.0	0.0
ILK	17	1.0	1.0	0.0
ILKAP	17	0.9411764705882353	0.9411764705882353	0.0
ILRUN	17	1.0	1.0	0.7058823529411765
ILVBL	17	0.9411764705882353	1.0	0.0
IMMP1L	17	1.0	1.0	0.0
IMMP2L	17	0.9411764705882353	1.0	0.0
IMMT	17	0.8235294117647058	1.0	0.0
IMP4	17	1.0	1.0	0.0
IMPA1	17	0.9411764705882353	0.9411764705882353	0.0
IMPA2	17	0.8823529411764706	0.6470588235294118	0.0
IMPACT	17	1.0	1.0	0.0
IMPAD1	17	0.8235294117647058	0.9411764705882353	0.0
IMPDH1	17	0.9411764705882353	1.0	0.0
IMPDH2	17	1.0	1.0	0.0
IMPG1	17	0.8235294117647058	0.8235294117647058	0.0
IMPG2	17	0.9411764705882353	1.0	0.0
INAFM1	17	1.0	1.0	0.0
INAVA	17	1.0	1.0	0.0
INCENP	17	0.8235294117647058	0.8235294117647058	0.0
INE1	17	0.9411764705882353	0.8235294117647058	0.0
INF2	17	1.0	0.9411764705882353	0.5882352941176471
ING1	17	0.7647058823529411	0.7647058823529411	0.0
ING3	17	1.0	1.0	0.0
ING4	17	0.8235294117647058	1.0	0.0
ING5	17	1.0	1.0	0.0
INIP	17	1.0	1.0	0.0
INKA2	17	1.0	1.0	0.11764705882352941
INO80	17	0.9411764705882353	0.9411764705882353	0.058823529411764705
INO80-AS1	17	1.0	1.0	0.0
INO80B	17	0.8823529411764706	0.9411764705882353	0.0
INO80C	17	1.0	1.0	0.0
INO80D	17	1.0	1.0	0.11764705882352941
INO80E	17	1.0	1.0	0.0
INPP1	17	0.9411764705882353	1.0	0.058823529411764705
INPP4A	17	1.0	1.0	0.0
INPP4B	17	0.9411764705882353	0.8823529411764706	0.0
INPP5A	17	0.9411764705882353	0.9411764705882353	0.11764705882352941
INPP5B	17	0.6470588235294118	0.9411764705882353	0.0
INPP5D	17	1.0	1.0	0.0
INPP5E	17	1.0	1.0	0.0
INPP5F	17	0.8823529411764706	1.0	0.0
INPP5J	17	1.0	1.0	0.058823529411764705
INPP5K	17	0.9411764705882353	0.9411764705882353	0.0
INPPL1	17	1.0	1.0	0.0
INSIG1	17	0.7647058823529411	1.0	0.0
INSIG2	17	0.7058823529411765	0.8235294117647058	0.0
INSL6	17	0.7647058823529411	1.0	0.0
INSR	17	1.0	1.0	0.0
INSYN2A	17	1.0	1.0	0.0
INTS1	17	1.0	1.0	0.0
INTS10	17	1.0	0.8235294117647058	0.0
INTS11	17	1.0	1.0	0.0
INTS12	17	1.0	1.0	0.9411764705882353
INTS13	17	0.9411764705882353	0.8823529411764706	0.0
INTS14	17	1.0	0.8823529411764706	0.0
INTS2	17	0.9411764705882353	0.7058823529411765	0.0
INTS3	17	0.9411764705882353	0.9411764705882353	0.0
INTS4	17	1.0	1.0	0.0
INTS6	17	0.9411764705882353	1.0	0.0
INTS6-AS1	17	1.0	1.0	0.0
INTS6L	17	0.9411764705882353	0.9411764705882353	0.0
INTS7	17	0.9411764705882353	0.9411764705882353	0.0
INTS8	17	1.0	0.9411764705882353	0.0
INTS9	17	1.0	0.9411764705882353	0.0
INTU	17	1.0	1.0	0.0
INVS	17	1.0	1.0	0.0
IP6K1	17	1.0	1.0	0.0
IP6K2	17	0.9411764705882353	0.9411764705882353	0.0
IPCEF1	17	1.0	1.0	0.0
IPMK	17	0.9411764705882353	1.0	0.0
IPO11	17	0.9411764705882353	0.8823529411764706	0.0
IPO13	17	1.0	1.0	0.0
IPO4	17	0.7647058823529411	0.6470588235294118	0.0
IPO5	17	0.8823529411764706	0.9411764705882353	0.0
IPO7	17	0.9411764705882353	0.9411764705882353	0.058823529411764705
IPO8	17	0.8235294117647058	1.0	0.0
IPO9	17	0.9411764705882353	0.9411764705882353	0.0
IPO9-AS1	17	1.0	0.8823529411764706	0.0
IPP	17	0.8823529411764706	0.8823529411764706	0.0
IPPK	17	1.0	1.0	0.0
IQANK1	17	0.9411764705882353	0.8235294117647058	0.0
IQCA1	17	0.8823529411764706	0.9411764705882353	0.0
IQCB1	17	1.0	1.0	0.0
IQCC	17	0.7647058823529411	0.8235294117647058	0.0
IQCD	17	0.9411764705882353	0.9411764705882353	0.0
IQCE	17	0.9411764705882353	0.7058823529411765	0.0
IQCG	17	1.0	1.0	0.0
IQCH	17	0.9411764705882353	1.0	0.0
IQCH-AS1	17	1.0	0.8823529411764706	0.0
IQCJ-SCHIP1	17	1.0	0.9411764705882353	0.0
IQCK	17	0.9411764705882353	1.0	0.0
IQCN	17	1.0	1.0	0.0
IQGAP1	17	1.0	1.0	0.7647058823529411
IQGAP2	17	1.0	1.0	0.058823529411764705
IQSEC1	17	1.0	1.0	0.0
IQSEC2	17	1.0	1.0	0.0
IQUB	17	1.0	0.9411764705882353	0.0
IRAK1	17	1.0	1.0	0.0
IRAK1BP1	17	1.0	0.8235294117647058	0.0
IRAK2	17	0.9411764705882353	1.0	0.6470588235294118
IRAK4	17	0.9411764705882353	1.0	0.0
IREB2	17	0.9411764705882353	1.0	0.0
IRF1	17	0.8235294117647058	1.0	0.0
IRF2	17	0.7058823529411765	1.0	0.0
IRF2BP2	17	0.7647058823529411	1.0	0.0
IRF2BPL	17	1.0	1.0	0.0
IRF3	17	1.0	1.0	0.0
IRF5	17	1.0	1.0	0.0
IRF6	17	0.9411764705882353	1.0	0.0
IRF7	17	0.8235294117647058	0.8235294117647058	0.0
IRF8	17	0.9411764705882353	0.9411764705882353	0.0
IRF9	17	0.9411764705882353	1.0	0.0
IRGQ	17	1.0	1.0	0.0
IRS1	17	1.0	1.0	0.0
IRS2	17	0.8823529411764706	0.8235294117647058	0.0
ISCA1	17	1.0	0.8823529411764706	0.0
ISCU	17	0.9411764705882353	1.0	0.0
ISG15	17	0.9411764705882353	1.0	0.0
ISG20L2	17	0.9411764705882353	0.8823529411764706	0.0
ISM1	17	0.8823529411764706	0.6470588235294118	0.0
ISOC1	17	1.0	1.0	0.0
IST1	17	1.0	1.0	0.0
ISY1	17	0.8235294117647058	0.17647058823529413	0.0
ISYNA1	17	1.0	1.0	0.0
ITCH	17	1.0	0.9411764705882353	0.8823529411764706
ITFG1	17	1.0	1.0	0.0
ITFG2	17	1.0	1.0	0.0
ITFG2-AS1	17	0.7647058823529411	0.9411764705882353	0.0
ITGA1	17	0.9411764705882353	1.0	0.0
ITGA2	17	1.0	1.0	0.0
ITGA3	17	1.0	1.0	0.11764705882352941
ITGA6	17	1.0	1.0	0.35294117647058826
ITGA7	17	1.0	1.0	0.0
ITGA8	17	0.8235294117647058	0.8235294117647058	0.0
ITGA9	17	1.0	1.0	0.0
ITGA9-AS1	17	1.0	1.0	0.058823529411764705
ITGAE	17	1.0	1.0	0.0
ITGAL	17	0.8235294117647058	0.8235294117647058	0.0
ITGAV	17	0.9411764705882353	0.7647058823529411	0.0
ITGB1	17	1.0	0.9411764705882353	0.058823529411764705
ITGB1-DT	17	0.9411764705882353	1.0	0.0
ITGB1BP1	17	0.9411764705882353	1.0	0.0
ITGB3	17	0.7647058823529411	0.9411764705882353	0.0
ITGB3BP	17	1.0	1.0	0.0
ITGB4	17	0.9411764705882353	1.0	0.17647058823529413
ITGB5	17	0.9411764705882353	0.9411764705882353	0.0
ITGB5-AS1	17	1.0	1.0	0.0
ITGB6	17	0.9411764705882353	1.0	0.058823529411764705
ITGB8	17	1.0	1.0	0.9411764705882353
ITIH4	17	0.9411764705882353	1.0	0.0
ITIH5	17	1.0	1.0	0.0
ITM2B	17	0.9411764705882353	1.0	0.0
ITM2C	17	0.9411764705882353	1.0	0.0
ITPA	17	0.8823529411764706	1.0	0.0
ITPK1	17	0.8235294117647058	1.0	0.0
ITPK1-AS1	17	0.8235294117647058	0.8235294117647058	0.0
ITPKB	17	1.0	1.0	0.0
ITPKC	17	0.9411764705882353	0.9411764705882353	0.11764705882352941
ITPR1	17	1.0	1.0	0.0
ITPR2	17	1.0	1.0	0.058823529411764705
ITPR3	17	1.0	1.0	0.11764705882352941
ITPRID2	17	1.0	1.0	0.0
ITPRIPL2	17	1.0	1.0	0.0
ITSN1	17	1.0	0.8823529411764706	0.0
ITSN2	17	1.0	1.0	0.058823529411764705
IVD	17	1.0	1.0	0.0
IVNS1ABP	17	0.9411764705882353	1.0	0.0
IWS1	17	1.0	1.0	0.0
JADE1	17	0.9411764705882353	0.9411764705882353	0.0
JADE2	17	1.0	0.8823529411764706	0.0
JADE3	17	0.9411764705882353	0.6470588235294118	0.0
JAG1	17	0.9411764705882353	1.0	0.0
JAG2	17	1.0	0.9411764705882353	0.0
JAK1	17	1.0	1.0	0.11764705882352941
JAK2	17	1.0	0.9411764705882353	0.0
JAKMIP3	17	0.9411764705882353	0.8235294117647058	0.0
JAM3	17	1.0	0.9411764705882353	0.0
JARID2	17	0.9411764705882353	1.0	0.0
JAZF1	17	1.0	1.0	0.9411764705882353
JDP2	17	0.7058823529411765	0.8235294117647058	0.0
JHY	17	0.9411764705882353	1.0	0.0
JKAMP	17	1.0	1.0	0.0
JMJD1C	17	1.0	1.0	0.11764705882352941
JMJD4	17	0.8235294117647058	0.5882352941176471	0.0
JMJD6	17	1.0	1.0	0.058823529411764705
JMJD7	17	1.0	1.0	0.0
JMJD8	17	1.0	1.0	0.0
JMY	17	1.0	1.0	0.0
JOSD1	17	0.8823529411764706	1.0	0.0
JPH1	17	0.8235294117647058	0.8235294117647058	0.0
JPT1	17	1.0	0.7647058823529411	0.0
JPT2	17	0.9411764705882353	1.0	0.11764705882352941
JPX	17	1.0	1.0	0.0
JRK	17	0.9411764705882353	0.9411764705882353	0.0
JRKL	17	0.9411764705882353	0.9411764705882353	0.0
JTB	17	0.9411764705882353	0.7647058823529411	0.0
JUN	17	0.7647058823529411	0.7647058823529411	0.0
JUNB	17	0.9411764705882353	1.0	0.0
JUND	17	0.9411764705882353	1.0	0.0
JUP	17	1.0	1.0	0.11764705882352941
KALRN	17	0.7647058823529411	1.0	0.0
KANK1	17	0.8823529411764706	1.0	0.0
KANK2	17	1.0	1.0	0.058823529411764705
KANSL1	17	1.0	0.9411764705882353	0.0
KANSL1L	17	0.8823529411764706	1.0	0.0
KANSL2	17	0.7058823529411765	0.8823529411764706	0.0
KANSL3	17	0.9411764705882353	0.8235294117647058	0.0
KANTR	17	0.7647058823529411	1.0	0.0
KARS	17	1.0	1.0	0.0
KAT14	17	0.9411764705882353	0.8823529411764706	0.0
KAT2A	17	1.0	1.0	0.0
KAT2B	17	0.9411764705882353	1.0	0.0
KAT5	17	0.9411764705882353	1.0	0.0
KAT6A	17	0.9411764705882353	1.0	0.0
KAT6B	17	1.0	1.0	0.0
KAT7	17	1.0	1.0	0.0
KAT8	17	0.6470588235294118	0.9411764705882353	0.0
KATNA1	17	0.6470588235294118	0.9411764705882353	0.0
KATNAL1	17	1.0	1.0	0.0
KATNAL2	17	0.9411764705882353	1.0	0.0
KATNB1	17	0.7647058823529411	0.7647058823529411	0.0
KATNBL1	17	1.0	1.0	0.6470588235294118
KAZN	17	1.0	1.0	0.0
KAZN-AS1	17	0.9411764705882353	0.9411764705882353	0.058823529411764705
KBTBD11	17	1.0	1.0	0.0
KBTBD12	17	1.0	0.9411764705882353	0.0
KBTBD2	17	0.8823529411764706	0.8235294117647058	0.0
KBTBD3	17	0.9411764705882353	0.9411764705882353	0.0
KCMF1	17	0.9411764705882353	0.9411764705882353	0.11764705882352941
KCNAB2	17	0.9411764705882353	1.0	0.0
KCNAB3	17	0.8823529411764706	1.0	0.0
KCNC1	17	0.9411764705882353	0.7647058823529411	0.0
KCNC3	17	0.9411764705882353	0.9411764705882353	0.0
KCNC4	17	1.0	0.9411764705882353	0.058823529411764705
KCND2	17	1.0	1.0	0.058823529411764705
KCND3	17	0.9411764705882353	1.0	0.0
KCNE1	17	1.0	1.0	0.0
KCNE3	17	0.7647058823529411	0.7647058823529411	0.0
KCNG3	17	0.8235294117647058	0.8235294117647058	0.07142857142857142
KCNH1	17	0.9411764705882353	0.8823529411764706	0.0
KCNH3	17	0.9411764705882353	1.0	0.0
KCNH7	17	0.8823529411764706	1.0	0.0
KCNH8	17	1.0	1.0	0.9411764705882353
KCNIP1	17	1.0	1.0	0.058823529411764705
KCNIP2	17	0.9411764705882353	0.9411764705882353	0.0
KCNIP2-AS1	17	0.8235294117647058	0.8235294117647058	0.0
KCNIP3	17	1.0	1.0	0.0
KCNIP4	17	1.0	1.0	0.0
KCNJ1	17	1.0	1.0	0.0
KCNJ10	17	1.0	1.0	0.0
KCNJ13	17	1.0	1.0	0.0
KCNJ14	17	0.8235294117647058	1.0	0.0
KCNJ15	17	1.0	1.0	0.0
KCNJ16	17	1.0	0.9411764705882353	0.0
KCNJ3	17	1.0	1.0	0.058823529411764705
KCNJ5	17	0.8235294117647058	0.7058823529411765	0.0
KCNJ6	17	0.8235294117647058	0.8235294117647058	0.0
KCNK1	17	1.0	1.0	0.0
KCNK12	17	0.7647058823529411	0.7647058823529411	0.0
KCNK13	17	1.0	1.0	0.0
KCNK5	17	0.9411764705882353	0.9411764705882353	0.11764705882352941
KCNK6	17	0.8235294117647058	0.8235294117647058	0.0
KCNMA1	17	1.0	1.0	0.0
KCNMB2	17	0.9411764705882353	1.0	0.0
KCNMB2-AS1	17	0.9411764705882353	1.0	0.0
KCNMB3	17	1.0	1.0	0.0
KCNMB4	17	1.0	0.7647058823529411	0.0
KCNN2	17	0.7647058823529411	0.8235294117647058	0.0
KCNN3	17	1.0	1.0	0.0
KCNQ1	17	1.0	1.0	0.0
KCNQ1OT1	17	0.9411764705882353	1.0	0.058823529411764705
KCNQ3	17	0.9411764705882353	1.0	0.11764705882352941
KCNQ5	17	0.8235294117647058	0.8235294117647058	0.07142857142857142
KCNS3	17	1.0	1.0	0.0
KCNT2	17	0.9411764705882353	0.9411764705882353	0.0
KCP	17	0.7058823529411765	1.0	0.0
KCTD1	17	1.0	1.0	0.0
KCTD10	17	1.0	0.9411764705882353	0.0
KCTD12	17	1.0	0.7647058823529411	0.0
KCTD13	17	1.0	1.0	0.0
KCTD16	17	0.9411764705882353	1.0	0.0
KCTD18	17	0.9411764705882353	1.0	0.0
KCTD2	17	1.0	1.0	0.0
KCTD20	17	0.9411764705882353	1.0	0.0
KCTD21	17	0.9411764705882353	0.9411764705882353	0.0
KCTD21-AS1	17	0.9411764705882353	0.9411764705882353	0.0
KCTD3	17	0.7058823529411765	1.0	0.0
KCTD5	17	1.0	1.0	0.0
KCTD6	17	1.0	1.0	0.0
KCTD7	17	0.8823529411764706	1.0	0.0
KCTD8	17	0.9411764705882353	0.9411764705882353	0.0
KCTD9	17	0.9411764705882353	1.0	0.0
KDELR1	17	0.8235294117647058	0.9411764705882353	0.0
KDELR2	17	1.0	1.0	0.0
KDELR3	17	0.7647058823529411	0.7647058823529411	0.0
KDF1	17	0.8235294117647058	0.7647058823529411	0.0
KDM1A	17	0.9411764705882353	1.0	0.0
KDM1B	17	0.7058823529411765	1.0	0.0
KDM2A	17	1.0	0.9411764705882353	0.17647058823529413
KDM2B	17	1.0	1.0	0.5294117647058824
KDM3A	17	1.0	1.0	0.0
KDM3B	17	0.9411764705882353	1.0	0.0
KDM4A	17	0.9411764705882353	1.0	0.0
KDM4A-AS1	17	1.0	1.0	0.11764705882352941
KDM4B	17	0.9411764705882353	0.9411764705882353	0.11764705882352941
KDM4C	17	1.0	1.0	0.0
KDM4D	17	1.0	0.7647058823529411	0.0
KDM5A	17	1.0	1.0	0.0
KDM5B	17	0.9411764705882353	1.0	0.0
KDM5C	17	0.9411764705882353	1.0	0.0
KDM5D	17	1.0	0.9411764705882353	0.0
KDM6A	17	1.0	0.8235294117647058	0.0
KDM6B	17	0.9411764705882353	0.9411764705882353	0.0
KDM7A	17	0.9411764705882353	1.0	0.0
KDM8	17	1.0	0.9411764705882353	0.0
KDSR	17	0.8823529411764706	1.0	0.0
KEAP1	17	0.8235294117647058	0.8823529411764706	0.0
KEL	17	1.0	0.9411764705882353	0.0
KHDC1	17	1.0	1.0	0.0
KHDC4	17	1.0	1.0	0.0
KHDRBS1	17	0.9411764705882353	0.9411764705882353	0.0
KHDRBS2	17	1.0	1.0	0.0
KHDRBS3	17	1.0	0.9411764705882353	0.11764705882352941
KHNYN	17	1.0	1.0	0.0
KHSRP	17	1.0	1.0	0.0
KIAA0040	17	0.9411764705882353	1.0	0.0
KIAA0100	17	0.9411764705882353	1.0	0.0
KIAA0232	17	1.0	0.9411764705882353	0.0
KIAA0319L	17	0.8823529411764706	0.9411764705882353	0.0
KIAA0355	17	0.9411764705882353	0.9411764705882353	0.0
KIAA0513	17	1.0	1.0	0.0
KIAA0556	17	0.9411764705882353	1.0	0.17647058823529413
KIAA0586	17	1.0	1.0	0.0
KIAA0753	17	1.0	1.0	0.058823529411764705
KIAA0825	17	1.0	1.0	0.0
KIAA0895	17	0.9411764705882353	1.0	0.0
KIAA0895L	17	1.0	1.0	0.0
KIAA0930	17	0.9411764705882353	0.9411764705882353	0.0
KIAA1109	17	1.0	1.0	0.0
KIAA1143	17	1.0	1.0	0.0
KIAA1191	17	1.0	1.0	0.0
KIAA1211	17	0.9411764705882353	0.9411764705882353	0.0
KIAA1211L	17	1.0	1.0	0.11764705882352941
KIAA1217	17	0.9411764705882353	1.0	0.0
KIAA1257	17	0.8235294117647058	1.0	0.0
KIAA1324	17	1.0	1.0	0.0
KIAA1324L	17	1.0	1.0	0.0
KIAA1328	17	1.0	1.0	0.0
KIAA1522	17	0.9411764705882353	0.9411764705882353	0.0
KIAA1549	17	0.9411764705882353	0.8823529411764706	0.0
KIAA1549L	17	0.9411764705882353	1.0	0.0
KIAA1586	17	0.9411764705882353	0.9411764705882353	0.0
KIAA1614	17	1.0	1.0	0.0
KIAA1671	17	1.0	1.0	0.11764705882352941
KIAA1841	17	1.0	1.0	0.058823529411764705
KIAA1958	17	0.9411764705882353	0.9411764705882353	0.0
KIAA2013	17	1.0	0.9411764705882353	0.0
KIAA2026	17	1.0	0.9411764705882353	0.0
KIDINS220	17	1.0	1.0	0.0
KIF11	17	0.8235294117647058	0.8235294117647058	0.0
KIF12	17	1.0	1.0	0.0
KIF13A	17	0.9411764705882353	0.9411764705882353	0.0
KIF13B	17	0.9411764705882353	1.0	0.0
KIF15	17	0.8823529411764706	1.0	0.0
KIF16B	17	0.7058823529411765	1.0	0.0
KIF17	17	0.7647058823529411	0.8235294117647058	0.0
KIF1B	17	1.0	0.9411764705882353	0.11764705882352941
KIF1BP	17	1.0	1.0	0.0
KIF1C	17	0.9411764705882353	0.9411764705882353	0.0
KIF20B	17	0.9411764705882353	0.9411764705882353	0.0
KIF21A	17	1.0	1.0	0.058823529411764705
KIF22	17	1.0	0.9411764705882353	0.0
KIF23	17	1.0	1.0	0.0
KIF24	17	0.7647058823529411	1.0	0.0
KIF26B	17	1.0	0.8823529411764706	0.0
KIF26B-AS1	17	0.9411764705882353	1.0	0.0
KIF27	17	0.8823529411764706	0.7647058823529411	0.0
KIF2A	17	1.0	1.0	0.7058823529411765
KIF3A	17	1.0	1.0	0.0
KIF3B	17	0.9411764705882353	0.9411764705882353	0.0
KIF3C	17	0.7647058823529411	1.0	0.0
KIF5A	17	0.7647058823529411	0.8235294117647058	0.0
KIF5B	17	1.0	1.0	0.0
KIF5C	17	1.0	1.0	0.058823529411764705
KIF6	17	0.9411764705882353	0.9411764705882353	0.0
KIF9	17	0.9411764705882353	1.0	0.0
KIF9-AS1	17	1.0	1.0	0.0
KIFAP3	17	0.9411764705882353	1.0	0.0
KIFC2	17	0.9411764705882353	1.0	0.0
KIFC3	17	1.0	1.0	0.0
KIN	17	0.9411764705882353	0.6470588235294118	0.0
KIRREL1	17	0.9411764705882353	0.9411764705882353	0.0
KIRREL3	17	0.7647058823529411	0.8235294117647058	0.0
KIT	17	1.0	1.0	0.0
KITLG	17	0.8823529411764706	0.8235294117647058	0.0
KIZ	17	1.0	1.0	0.0
KIZ-AS1	17	1.0	1.0	0.0
KL	17	0.8823529411764706	1.0	0.058823529411764705
KLC1	17	1.0	0.9411764705882353	0.17647058823529413
KLC2	17	0.9411764705882353	1.0	0.0
KLC3	17	0.8235294117647058	0.8235294117647058	0.0
KLC4	17	1.0	1.0	0.0
KLF10	17	1.0	1.0	0.0
KLF11	17	1.0	1.0	0.0
KLF12	17	1.0	1.0	0.058823529411764705
KLF13	17	0.9411764705882353	0.9411764705882353	0.0
KLF15	17	0.8235294117647058	0.8235294117647058	0.0
KLF3	17	1.0	1.0	0.11764705882352941
KLF3-AS1	17	0.8823529411764706	1.0	0.0
KLF4	17	0.8235294117647058	0.8235294117647058	0.0
KLF5	17	1.0	1.0	0.9411764705882353
KLF6	17	1.0	1.0	0.0
KLF7	17	1.0	1.0	0.058823529411764705
KLF8	17	1.0	1.0	0.0
KLF9	17	0.9411764705882353	0.9411764705882353	0.0
KLHDC1	17	0.9411764705882353	1.0	0.0
KLHDC10	17	0.9411764705882353	1.0	0.0
KLHDC2	17	0.8235294117647058	0.8823529411764706	0.0
KLHDC3	17	1.0	1.0	0.0
KLHDC4	17	0.8235294117647058	1.0	0.0
KLHDC7B	17	0.7647058823529411	0.9411764705882353	0.0
KLHDC8B	17	0.7647058823529411	0.7647058823529411	0.0
KLHDC9	17	0.9411764705882353	0.9411764705882353	0.0
KLHL12	17	0.9411764705882353	0.8823529411764706	0.0
KLHL13	17	1.0	1.0	0.058823529411764705
KLHL14	17	1.0	0.9411764705882353	0.0
KLHL15	17	1.0	1.0	0.0
KLHL17	17	0.7647058823529411	0.9411764705882353	0.0
KLHL18	17	0.9411764705882353	0.9411764705882353	0.0
KLHL2	17	0.9411764705882353	1.0	0.0
KLHL20	17	1.0	1.0	0.0
KLHL21	17	1.0	1.0	0.7647058823529411
KLHL22	17	1.0	1.0	0.0
KLHL23	17	1.0	0.9411764705882353	0.0
KLHL24	17	0.9411764705882353	0.9411764705882353	0.0
KLHL25	17	0.8823529411764706	0.7647058823529411	0.0
KLHL26	17	0.9411764705882353	1.0	0.0
KLHL28	17	1.0	1.0	0.0
KLHL29	17	1.0	1.0	0.9411764705882353
KLHL3	17	1.0	1.0	0.0
KLHL32	17	1.0	1.0	0.0
KLHL36	17	1.0	1.0	0.0
KLHL42	17	1.0	0.9411764705882353	0.0
KLHL5	17	0.5882352941176471	1.0	0.0
KLHL7	17	0.9411764705882353	1.0	0.0
KLHL8	17	1.0	0.9411764705882353	0.0
KLHL9	17	1.0	1.0	0.0
KLK1	17	0.8235294117647058	0.8235294117647058	0.0
KLKB1	17	0.9411764705882353	0.9411764705882353	0.0
KLRD1	17	1.0	0.8823529411764706	0.0
KLRG1	17	0.9411764705882353	1.0	0.0
KMT2A	17	0.9411764705882353	0.9411764705882353	0.0
KMT2B	17	1.0	0.8823529411764706	0.0
KMT2C	17	1.0	0.9411764705882353	0.0
KMT2D	17	1.0	1.0	0.0
KMT2E	17	1.0	1.0	0.0
KMT2E-AS1	17	0.9411764705882353	1.0	0.0
KMT5A	17	0.8823529411764706	0.9411764705882353	0.0
KMT5B	17	1.0	1.0	0.0
KMT5C	17	1.0	1.0	0.0
KNDC1	17	0.7058823529411765	0.8235294117647058	0.0
KNG1	17	0.9411764705882353	1.0	0.0
KNL1	17	0.9411764705882353	1.0	0.0
KNOP1	17	1.0	1.0	0.0
KNTC1	17	0.9411764705882353	1.0	0.0
KPNA1	17	1.0	1.0	0.0
KPNA2	17	0.8235294117647058	0.9411764705882353	0.0
KPNA3	17	1.0	1.0	0.0
KPNA4	17	0.9411764705882353	1.0	0.0
KPNA5	17	0.9411764705882353	0.9411764705882353	0.0
KPNA6	17	1.0	1.0	0.0
KPNB1	17	0.9411764705882353	1.0	0.058823529411764705
KPTN	17	1.0	1.0	0.0
KRAS	17	1.0	1.0	0.0
KRBA1	17	0.7058823529411765	1.0	0.0
KRBA2	17	1.0	1.0	0.0
KRBOX1	17	0.8235294117647058	0.7058823529411765	0.0
KRBOX4	17	0.8823529411764706	0.9411764705882353	0.0
KRCC1	17	0.7647058823529411	1.0	0.0
KREMEN1	17	0.9411764705882353	0.9411764705882353	0.0
KRI1	17	1.0	1.0	0.0
KRIT1	17	0.9411764705882353	0.8823529411764706	0.0
KRR1	17	0.9411764705882353	1.0	0.0
KRT15	17	0.9411764705882353	0.9411764705882353	0.0
KRT18	17	1.0	1.0	0.058823529411764705
KRT19	17	0.9411764705882353	1.0	0.0
KRT7	17	1.0	1.0	0.9411764705882353
KRT8	17	0.8823529411764706	0.9411764705882353	0.0
KRT80	17	1.0	1.0	0.0
KRT86	17	1.0	1.0	0.058823529411764705
KRTAP5-AS1	17	0.8823529411764706	0.9411764705882353	0.0
KRTCAP2	17	0.7647058823529411	0.6470588235294118	0.0
KRTCAP3	17	1.0	1.0	0.0
KSR1	17	1.0	1.0	0.0
KSR2	17	0.8235294117647058	1.0	0.0
KTN1	17	1.0	0.7058823529411765	0.0
KTN1-AS1	17	0.5882352941176471	0.9411764705882353	0.0
KXD1	17	0.7058823529411765	1.0	0.0
KY	17	0.8235294117647058	0.5882352941176471	0.0
KYAT1	17	1.0	1.0	0.0
KYAT3	17	1.0	1.0	0.0
KYNU	17	0.9411764705882353	0.9411764705882353	0.0
L1CAM	17	0.9411764705882353	1.0	0.0
L2HGDH	17	1.0	1.0	0.058823529411764705
L3HYPDH	17	0.9411764705882353	0.9411764705882353	0.0
L3MBTL1	17	0.9411764705882353	0.9411764705882353	0.0
L3MBTL2	17	1.0	1.0	0.0
L3MBTL3	17	0.9411764705882353	1.0	0.0
L3MBTL4	17	1.0	1.0	0.0
LACC1	17	0.8823529411764706	1.0	0.0
LACTB	17	1.0	0.9411764705882353	0.0
LACTB2	17	0.9411764705882353	0.9411764705882353	0.0
LACTB2-AS1	17	0.8235294117647058	0.7647058823529411	0.0
LAD1	17	1.0	0.9411764705882353	0.17647058823529413
LAMA1	17	1.0	1.0	0.0
LAMA2	17	1.0	1.0	0.058823529411764705
LAMA3	17	0.9411764705882353	0.9411764705882353	0.11764705882352941
LAMA4	17	0.8235294117647058	0.8235294117647058	0.7857142857142857
LAMA5	17	0.8235294117647058	1.0	0.0
LAMB1	17	0.9411764705882353	1.0	0.0
LAMB2	17	0.5294117647058824	1.0	0.0
LAMB3	17	1.0	1.0	0.11764705882352941
LAMB4	17	0.9411764705882353	0.9411764705882353	0.0
LAMC1	17	1.0	1.0	0.5294117647058824
LAMC2	17	0.9411764705882353	1.0	0.11764705882352941
LAMP1	17	1.0	0.8823529411764706	0.0
LAMP2	17	1.0	1.0	0.0
LAMTOR1	17	1.0	1.0	0.0
LAMTOR3	17	1.0	1.0	0.0
LAMTOR4	17	0.9411764705882353	1.0	0.0
LAMTOR5	17	0.7647058823529411	1.0	0.0
LAMTOR5-AS1	17	0.9411764705882353	0.7647058823529411	0.0
LANCL1	17	0.9411764705882353	1.0	0.0
LANCL1-AS1	17	0.8823529411764706	1.0	0.0
LANCL2	17	0.9411764705882353	1.0	0.0
LAP3	17	0.9411764705882353	1.0	0.0
LAPTM4A	17	0.8823529411764706	1.0	0.0
LAPTM4B	17	1.0	1.0	0.0
LARGE-AS1	17	1.0	1.0	0.0
LARGE1	17	1.0	1.0	0.058823529411764705
LARGE2	17	1.0	1.0	0.0
LARP1	17	1.0	1.0	0.0
LARP1B	17	1.0	0.9411764705882353	0.0
LARP4	17	0.9411764705882353	1.0	0.0
LARP4B	17	1.0	1.0	0.11764705882352941
LARP6	17	1.0	1.0	0.0
LARP7	17	1.0	0.9411764705882353	0.0
LARS	17	0.9411764705882353	1.0	0.0
LARS2	17	1.0	1.0	0.11764705882352941
LARS2-AS1	17	0.7647058823529411	0.8235294117647058	0.0
LAS1L	17	0.9411764705882353	0.8823529411764706	0.0
LASP1	17	1.0	1.0	0.0
LAT	17	1.0	1.0	0.0
LAT2	17	0.9411764705882353	0.9411764705882353	0.0
LATS1	17	0.8823529411764706	1.0	0.0
LATS2	17	1.0	1.0	0.0
LATS2-AS1	17	0.9411764705882353	1.0	0.0
LBH	17	0.8235294117647058	0.7647058823529411	0.0
LBR	17	1.0	0.9411764705882353	0.0
LCA5	17	1.0	1.0	0.0
LCA5L	17	0.7058823529411765	0.8823529411764706	0.0
LCAT	17	1.0	1.0	0.0
LCLAT1	17	0.7647058823529411	1.0	0.0
LCMT1	17	0.9411764705882353	0.8235294117647058	0.0
LCMT1-AS1	17	0.8823529411764706	1.0	0.0
LCMT1-AS2	17	0.7647058823529411	0.8235294117647058	0.0
LCN12	17	1.0	0.5882352941176471	0.0
LCOR	17	1.0	1.0	0.0
LCORL	17	1.0	0.9411764705882353	0.0
LCP1	17	0.9411764705882353	1.0	0.0
LDAH	17	1.0	1.0	0.0
LDB1	17	1.0	1.0	0.058823529411764705
LDB2	17	0.8823529411764706	1.0	0.0
LDHA	17	0.9411764705882353	0.9411764705882353	0.0
LDHB	17	0.8823529411764706	0.8823529411764706	0.0
LDHC	17	0.8235294117647058	0.8235294117647058	0.0
LDHD	17	0.7647058823529411	0.8235294117647058	0.0
LDLR	17	1.0	0.9411764705882353	0.0
LDLRAD3	17	1.0	1.0	0.0
LDLRAD4	17	0.9411764705882353	1.0	0.0
LDLRAP1	17	0.9411764705882353	0.9411764705882353	0.0
LEF1	17	0.9411764705882353	0.9411764705882353	0.0
LEKR1	17	1.0	0.8823529411764706	0.0
LEMD2	17	0.9411764705882353	1.0	0.0
LEMD3	17	0.9411764705882353	0.8823529411764706	0.0
LENG1	17	1.0	0.9411764705882353	0.0
LENG8	17	0.9411764705882353	1.0	0.0
LENG8-AS1	17	0.9411764705882353	0.8235294117647058	0.0
LENG9	17	1.0	1.0	0.0
LEO1	17	1.0	1.0	0.0
LEPR	17	0.9411764705882353	1.0	0.0
LEPROT	17	0.9411764705882353	1.0	0.0
LEPROTL1	17	0.9411764705882353	0.9411764705882353	0.0
LETM1	17	1.0	1.0	0.0
LETM2	17	1.0	1.0	0.0
LETMD1	17	0.9411764705882353	0.7647058823529411	0.0
LGALS3	17	0.9411764705882353	1.0	0.6470588235294118
LGALS3BP	17	1.0	0.8823529411764706	0.0
LGALS4	17	0.8235294117647058	0.8235294117647058	0.0
LGALS8	17	1.0	1.0	0.0
LGALS9	17	0.7647058823529411	0.7647058823529411	0.0
LGALSL-DT	17	1.0	1.0	0.0
LGMN	17	0.8235294117647058	0.9411764705882353	0.0
LGR4	17	1.0	1.0	0.9411764705882353
LGR5	17	0.8235294117647058	0.8235294117647058	0.0
LHFPL2	17	0.9411764705882353	0.9411764705882353	0.0
LHFPL3	17	1.0	1.0	0.058823529411764705
LHFPL3-AS1	17	0.9411764705882353	1.0	0.0
LHFPL3-AS2	17	1.0	0.9411764705882353	0.0
LHFPL4	17	0.7647058823529411	0.7647058823529411	0.0
LHFPL5	17	1.0	1.0	0.0
LHFPL6	17	0.7058823529411765	1.0	0.0
LHPP	17	0.6470588235294118	0.9411764705882353	0.0
LHX1	17	1.0	1.0	0.058823529411764705
LHX1-DT	17	1.0	1.0	0.4117647058823529
LIAS	17	0.9411764705882353	1.0	0.0
LIF	17	1.0	0.9411764705882353	0.0
LIFR	17	1.0	1.0	0.0
LIFR-AS1	17	1.0	0.8235294117647058	0.0
LIG1	17	1.0	1.0	0.0
LIG3	17	1.0	1.0	0.0
LIG4	17	0.9411764705882353	1.0	0.0
LIMA1	17	1.0	1.0	0.0
LIMCH1	17	0.9411764705882353	0.9411764705882353	0.0
LIMD1	17	1.0	0.8823529411764706	0.0
LIME1	17	1.0	1.0	0.0
LIMK1	17	1.0	1.0	0.0
LIMK2	17	1.0	0.8823529411764706	0.0
LIMS1	17	1.0	0.9411764705882353	0.23529411764705882
LIMS2	17	0.8235294117647058	0.8235294117647058	0.0
LIN37	17	0.8235294117647058	0.8235294117647058	0.0
LIN52	17	0.9411764705882353	1.0	0.0
LIN54	17	1.0	1.0	0.0
LIN7A	17	0.8823529411764706	1.0	0.0
LIN7B	17	0.7647058823529411	0.8235294117647058	0.0
LIN7C	17	1.0	1.0	0.0
LIN9	17	0.8235294117647058	0.8823529411764706	0.0
LINC-PINT	17	0.9411764705882353	0.9411764705882353	0.0
LINC00106	17	0.8235294117647058	0.6470588235294118	0.0
LINC00113	17	0.8235294117647058	0.8235294117647058	0.0
LINC00115	17	0.8235294117647058	0.8235294117647058	0.0
LINC00159	17	1.0	1.0	0.0
LINC00173	17	1.0	1.0	0.0
LINC00174	17	1.0	0.7647058823529411	0.0
LINC00205	17	1.0	1.0	0.0
LINC00240	17	1.0	0.7647058823529411	0.0
LINC00265	17	1.0	1.0	0.0
LINC00271	17	0.8235294117647058	0.8823529411764706	0.0
LINC00276	17	0.9411764705882353	0.8235294117647058	0.0
LINC00278	17	1.0	1.0	0.0
LINC00299	17	1.0	1.0	0.0
LINC00310	17	1.0	0.9411764705882353	0.0
LINC00339	17	1.0	1.0	0.0
LINC00342	17	1.0	0.9411764705882353	0.058823529411764705
LINC00407	17	0.8235294117647058	0.8235294117647058	0.0
LINC00457	17	0.8235294117647058	1.0	0.0
LINC00461	17	0.8235294117647058	0.5294117647058824	0.0
LINC00467	17	1.0	1.0	0.0
LINC00472	17	0.9411764705882353	0.8823529411764706	0.0
LINC00476	17	1.0	1.0	0.0
LINC00486	17	1.0	1.0	0.0
LINC00501	17	1.0	1.0	0.0
LINC00504	17	0.8823529411764706	0.8235294117647058	0.0
LINC00511	17	1.0	1.0	0.35294117647058826
LINC00513	17	0.9411764705882353	1.0	0.11764705882352941
LINC00534	17	1.0	1.0	0.0
LINC00535	17	0.9411764705882353	1.0	0.0
LINC00539	17	1.0	1.0	0.0
LINC00558	17	0.8235294117647058	0.7647058823529411	0.0
LINC00571	17	1.0	1.0	0.0
LINC00578	17	0.8235294117647058	0.8823529411764706	0.0
LINC00598	17	0.9411764705882353	0.8823529411764706	0.0
LINC00609	17	1.0	0.7647058823529411	0.0
LINC00621	17	0.9411764705882353	0.9411764705882353	0.11764705882352941
LINC00623	17	0.8235294117647058	0.9411764705882353	0.0
LINC00624	17	1.0	1.0	0.0
LINC00630	17	0.8823529411764706	0.9411764705882353	0.0
LINC00641	17	0.8235294117647058	1.0	0.0
LINC00645	17	0.7058823529411765	0.8235294117647058	0.0
LINC00649	17	0.9411764705882353	0.9411764705882353	0.0
LINC00659	17	1.0	1.0	0.0
LINC00662	17	0.7647058823529411	1.0	0.0
LINC00663	17	1.0	1.0	0.0
LINC00665	17	1.0	1.0	0.0
LINC00667	17	0.7647058823529411	1.0	0.0
LINC00671	17	1.0	1.0	0.0
LINC00683	17	0.9411764705882353	0.9411764705882353	0.0
LINC00685	17	1.0	1.0	0.0
LINC00707	17	0.9411764705882353	0.9411764705882353	0.11764705882352941
LINC00839	17	1.0	1.0	0.0
LINC00847	17	0.5882352941176471	0.6470588235294118	0.0
LINC00861	17	0.8235294117647058	0.8235294117647058	0.0
LINC00862	17	1.0	0.8823529411764706	0.0
LINC00863	17	0.8235294117647058	0.9411764705882353	0.0
LINC00871	17	1.0	1.0	0.0
LINC00877	17	0.8235294117647058	0.8235294117647058	0.0
LINC00882	17	1.0	0.7058823529411765	0.058823529411764705
LINC00884	17	1.0	1.0	0.0
LINC00885	17	1.0	1.0	0.0
LINC00886	17	0.9411764705882353	1.0	0.0
LINC00887	17	0.8235294117647058	0.8235294117647058	0.0
LINC00893	17	1.0	0.6470588235294118	0.0
LINC00894	17	1.0	1.0	0.0
LINC00899	17	1.0	1.0	0.0
LINC00907	17	1.0	1.0	0.0
LINC00909	17	0.9411764705882353	0.7647058823529411	0.0
LINC00910	17	1.0	1.0	0.0
LINC00923	17	1.0	1.0	0.0
LINC00926	17	0.8235294117647058	0.8235294117647058	0.0
LINC00937	17	0.9411764705882353	1.0	0.0
LINC00958	17	0.9411764705882353	0.8823529411764706	0.0
LINC00960	17	1.0	1.0	0.0
LINC00963	17	1.0	1.0	0.9411764705882353
LINC00964	17	1.0	1.0	0.0
LINC00970	17	1.0	1.0	0.0
LINC00992	17	0.7647058823529411	0.7647058823529411	0.0
LINC01001	17	1.0	1.0	0.0
LINC01002	17	1.0	1.0	0.0
LINC01004	17	1.0	1.0	0.0
LINC01006	17	1.0	0.9411764705882353	0.0
LINC01020	17	1.0	1.0	0.0
LINC01033	17	1.0	1.0	0.0
LINC01055	17	0.9411764705882353	1.0	0.0
LINC01060	17	1.0	1.0	0.0
LINC01088	17	1.0	1.0	0.0
LINC01089	17	1.0	0.9411764705882353	0.0
LINC01090	17	1.0	1.0	0.0
LINC01091	17	1.0	1.0	0.0
LINC01098	17	1.0	1.0	0.0
LINC01099	17	1.0	1.0	0.0
LINC01106	17	1.0	1.0	0.0
LINC01115	17	1.0	1.0	0.0
LINC01116	17	0.8823529411764706	0.9411764705882353	0.0
LINC01117	17	1.0	1.0	0.0
LINC01118	17	1.0	1.0	0.0
LINC01122	17	0.8235294117647058	1.0	0.0
LINC01123	17	0.8235294117647058	0.7647058823529411	0.0
LINC01128	17	0.9411764705882353	0.9411764705882353	0.0
LINC01135	17	1.0	1.0	0.0
LINC01136	17	0.8235294117647058	0.8235294117647058	0.0
LINC01137	17	0.9411764705882353	0.9411764705882353	0.0
LINC01138	17	0.8823529411764706	0.8823529411764706	0.0
LINC01139	17	1.0	1.0	0.0
LINC01159	17	0.8235294117647058	1.0	0.0
LINC01176	17	1.0	0.7647058823529411	0.0
LINC01182	17	1.0	1.0	0.11764705882352941
LINC01184	17	0.7058823529411765	1.0	0.0
LINC01185	17	0.7647058823529411	0.7647058823529411	0.0
LINC01186	17	1.0	1.0	0.0
LINC01187	17	0.8235294117647058	1.0	0.0
LINC01191	17	0.9411764705882353	1.0	0.0
LINC01205	17	1.0	1.0	0.0
LINC01208	17	1.0	1.0	0.0
LINC01226	17	1.0	1.0	0.058823529411764705
LINC01235	17	0.7647058823529411	0.8235294117647058	0.0
LINC01237	17	0.9411764705882353	1.0	0.0
LINC01239	17	1.0	1.0	0.0
LINC01250	17	1.0	1.0	0.0
LINC01252	17	1.0	1.0	0.0
LINC01266	17	1.0	1.0	0.9411764705882353
LINC01277	17	1.0	1.0	0.0
LINC01278	17	0.9411764705882353	0.8823529411764706	0.0
LINC01284	17	1.0	1.0	0.0
LINC01301	17	1.0	1.0	0.0
LINC01320	17	1.0	0.9411764705882353	0.0
LINC01322	17	0.9411764705882353	0.7058823529411765	0.0
LINC01331	17	0.9411764705882353	0.9411764705882353	0.0
LINC01340	17	1.0	1.0	0.0
LINC01341	17	1.0	1.0	0.0
LINC01342	17	0.9411764705882353	0.9411764705882353	0.0
LINC01344	17	0.9411764705882353	1.0	0.0
LINC01350	17	1.0	1.0	0.0
LINC01355	17	0.9411764705882353	1.0	0.0
LINC01358	17	1.0	0.7058823529411765	0.0
LINC01359	17	1.0	1.0	0.0
LINC01362	17	0.9411764705882353	1.0	0.0
LINC01374	17	1.0	0.9411764705882353	0.0
LINC01376	17	1.0	1.0	0.0
LINC01409	17	1.0	1.0	0.0
LINC01422	17	0.8235294117647058	0.9411764705882353	0.0
LINC01428	17	0.8235294117647058	0.7058823529411765	0.0
LINC01435	17	1.0	1.0	0.058823529411764705
LINC01446	17	0.9411764705882353	0.9411764705882353	0.0
LINC01470	17	0.9411764705882353	0.7647058823529411	0.0
LINC01473	17	1.0	0.7647058823529411	0.0
LINC01482	17	1.0	0.9411764705882353	0.0
LINC01483	17	0.8235294117647058	0.8235294117647058	0.0
LINC01485	17	1.0	1.0	0.0
LINC01500	17	0.8235294117647058	0.8235294117647058	0.0
LINC01503	17	1.0	1.0	0.058823529411764705
LINC01504	17	0.9411764705882353	0.7647058823529411	0.0
LINC01505	17	0.9411764705882353	0.9411764705882353	0.058823529411764705
LINC01508	17	0.9411764705882353	1.0	0.0
LINC01515	17	1.0	0.7058823529411765	0.0
LINC01517	17	0.7647058823529411	0.8235294117647058	0.0
LINC01525	17	1.0	1.0	0.0
LINC01534	17	1.0	1.0	0.0
LINC01535	17	0.7647058823529411	1.0	0.0
LINC01538	17	1.0	0.9411764705882353	0.0
LINC01550	17	0.8823529411764706	1.0	0.0
LINC01554	17	1.0	1.0	0.0
LINC01558	17	0.8235294117647058	0.8235294117647058	0.0
LINC01569	17	1.0	1.0	0.0
LINC01572	17	1.0	0.8235294117647058	0.0
LINC01578	17	0.9411764705882353	0.9411764705882353	0.0
LINC01588	17	0.9411764705882353	0.9411764705882353	0.0
LINC01594	17	0.9411764705882353	0.9411764705882353	0.0
LINC01597	17	0.8235294117647058	0.7647058823529411	0.0
LINC01600	17	0.9411764705882353	0.9411764705882353	0.0
LINC01606	17	0.9411764705882353	1.0	0.0
LINC01612	17	1.0	1.0	0.0
LINC01618	17	1.0	1.0	0.0
LINC01619	17	1.0	1.0	0.0
LINC01622	17	0.8235294117647058	1.0	0.0
LINC01629	17	1.0	1.0	0.0
LINC01637	17	0.7058823529411765	0.8235294117647058	0.0
LINC01648	17	0.8235294117647058	0.7647058823529411	0.0
LINC01671	17	1.0	1.0	0.0
LINC01695	17	0.9411764705882353	1.0	0.0
LINC01697	17	0.7647058823529411	1.0	0.0
LINC01711	17	0.8235294117647058	0.8235294117647058	0.0
LINC01719	17	1.0	1.0	0.0
LINC01725	17	1.0	1.0	0.0
LINC01762	17	1.0	1.0	0.0
LINC01772	17	1.0	1.0	0.0
LINC01781	17	0.9411764705882353	0.9411764705882353	0.0
LINC01788	17	1.0	1.0	0.11764705882352941
LINC01811	17	1.0	1.0	0.11764705882352941
LINC01814	17	1.0	1.0	0.0
LINC01828	17	0.9411764705882353	1.0	0.0
LINC01829	17	0.9411764705882353	0.9411764705882353	0.0
LINC01836	17	1.0	1.0	0.0
LINC01844	17	0.8823529411764706	0.9411764705882353	0.0
LINC01876	17	0.9411764705882353	1.0	0.0
LINC01877	17	1.0	1.0	0.0
LINC01896	17	0.9411764705882353	1.0	0.0
LINC01917	17	0.8235294117647058	0.8235294117647058	0.0
LINC01924	17	1.0	1.0	0.0
LINC01933	17	1.0	0.9411764705882353	0.11764705882352941
LINC01934	17	0.8235294117647058	0.8235294117647058	0.0
LINC01943	17	0.9411764705882353	0.9411764705882353	0.0
LINC01948	17	0.9411764705882353	1.0	0.0
LINC01950	17	1.0	1.0	0.0
LINC01965	17	0.7647058823529411	0.8235294117647058	0.0
LINC01976	17	0.8823529411764706	0.9411764705882353	0.0
LINC01983	17	0.8823529411764706	0.8235294117647058	0.0
LINC01993	17	1.0	1.0	0.0
LINC02006	17	1.0	1.0	0.0
LINC02015	17	0.9411764705882353	1.0	0.0
LINC02018	17	1.0	1.0	0.058823529411764705
LINC02021	17	1.0	1.0	0.0
LINC02027	17	1.0	1.0	0.0
LINC02035	17	1.0	0.8823529411764706	0.0
LINC02055	17	1.0	1.0	0.8823529411764706
LINC02062	17	1.0	1.0	0.0
LINC02068	17	1.0	1.0	0.0
LINC02086	17	1.0	0.5294117647058824	0.0
LINC02112	17	0.7647058823529411	1.0	0.0
LINC02133	17	0.9411764705882353	0.9411764705882353	0.0
LINC02145	17	0.9411764705882353	1.0	0.0
LINC02147	17	0.8823529411764706	1.0	0.0
LINC02175	17	1.0	1.0	0.0
LINC02193	17	0.8235294117647058	0.8235294117647058	0.0
LINC02208	17	1.0	1.0	0.0
LINC02211	17	1.0	1.0	0.0
LINC02220	17	0.8235294117647058	0.8235294117647058	0.0
LINC02234	17	0.7647058823529411	0.8235294117647058	0.0
LINC02235	17	1.0	1.0	0.0
LINC02240	17	0.9411764705882353	0.9411764705882353	0.0
LINC02241	17	1.0	1.0	0.0
LINC02245	17	1.0	1.0	0.0
LINC02246	17	0.9411764705882353	0.9411764705882353	0.0
LINC02250	17	1.0	1.0	0.0
LINC02254	17	0.8235294117647058	0.8235294117647058	0.0
LINC02256	17	0.7058823529411765	0.9411764705882353	0.0
LINC02275	17	1.0	1.0	0.0
LINC02284	17	1.0	1.0	0.8235294117647058
LINC02292	17	0.8235294117647058	0.8235294117647058	0.0
LINC02303	17	1.0	1.0	0.0
LINC02307	17	0.8823529411764706	1.0	0.0
LINC02315	17	0.8823529411764706	0.8235294117647058	0.0
LINC02328	17	0.9411764705882353	1.0	0.0
LINC02331	17	1.0	0.9411764705882353	0.0
LINC02334	17	1.0	1.0	0.0
LINC02336	17	1.0	1.0	0.0
LINC02340	17	1.0	1.0	0.0
LINC02341	17	0.9411764705882353	0.9411764705882353	0.0
LINC02343	17	1.0	1.0	0.058823529411764705
LINC02355	17	0.7058823529411765	0.7647058823529411	0.0
LINC02356	17	0.7058823529411765	0.7058823529411765	0.0
LINC02362	17	0.7058823529411765	0.7647058823529411	0.0
LINC02381	17	1.0	1.0	0.0
LINC02389	17	0.9411764705882353	0.8823529411764706	0.0
LINC02391	17	0.7647058823529411	1.0	0.0
LINC02398	17	1.0	1.0	0.0
LINC02406	17	1.0	0.9411764705882353	0.0
LINC02422	17	0.9411764705882353	1.0	0.0
LINC02427	17	1.0	0.8823529411764706	0.0
LINC02458	17	0.7647058823529411	1.0	0.0
LINC02471	17	0.7647058823529411	0.7647058823529411	0.0
LINC02482	17	1.0	1.0	0.0
LINC02492	17	0.7647058823529411	0.7647058823529411	0.0
LINC02499	17	0.8235294117647058	0.8235294117647058	0.0
LINC02512	17	0.9411764705882353	0.9411764705882353	0.0
LINC02516	17	0.7058823529411765	0.8235294117647058	0.0
LINC02532	17	1.0	0.9411764705882353	0.058823529411764705
LINC02542	17	0.8235294117647058	0.8235294117647058	0.0
LINC02550	17	0.8235294117647058	0.8235294117647058	0.0
LINC02568	17	1.0	1.0	0.4117647058823529
LINC02585	17	0.8235294117647058	0.8235294117647058	0.0
LINC02591	17	0.8823529411764706	1.0	0.0
LINC02593	17	0.9411764705882353	1.0	0.0
LINC02595	17	1.0	1.0	0.0
LINC02603	17	0.9411764705882353	1.0	0.0
LINC02604	17	1.0	1.0	0.0
LINC02605	17	0.9411764705882353	1.0	0.0
LINC02613	17	0.9411764705882353	1.0	0.0
LINC02614	17	0.9411764705882353	0.9411764705882353	0.058823529411764705
LINC02615	17	1.0	0.9411764705882353	0.0
LINC02640	17	0.8235294117647058	0.8235294117647058	0.0
LINC02641	17	1.0	1.0	0.0
LINC02646	17	0.9411764705882353	1.0	0.0
LINC02649	17	1.0	0.8235294117647058	0.0
LINC02652	17	1.0	1.0	0.0
LINC02656	17	1.0	0.8235294117647058	0.0
LINC02666	17	1.0	1.0	0.0
LINC02672	17	0.8235294117647058	0.8235294117647058	0.0
LINC02680	17	1.0	0.9411764705882353	0.0
LINC02693	17	0.7058823529411765	0.9411764705882353	0.0
LINC02694	17	0.9411764705882353	1.0	0.0
LINC02718	17	0.9411764705882353	0.8823529411764706	0.0
LINC02742	17	0.9411764705882353	1.0	0.0
LINC02751	17	1.0	0.9411764705882353	0.0
LINC02755	17	0.8235294117647058	0.8235294117647058	0.0
LINC02762	17	0.7058823529411765	0.8823529411764706	0.0
LINC02763	17	0.9411764705882353	0.8823529411764706	0.0
LINC02778	17	0.9411764705882353	0.6470588235294118	0.0
LINC02794	17	0.7647058823529411	0.7058823529411765	0.0
LINC02795	17	1.0	1.0	0.0
LINC02803	17	0.7058823529411765	0.8235294117647058	0.0
LINC02814	17	0.8235294117647058	0.8235294117647058	0.0
LINC02848	17	0.8235294117647058	0.7647058823529411	0.0
LINC02853	17	1.0	1.0	0.0
LINGO2	17	1.0	1.0	0.058823529411764705
LINS1	17	1.0	1.0	0.0
LIPA	17	0.8823529411764706	0.8235294117647058	0.0
LIPC	17	1.0	0.9411764705882353	0.0
LIPE-AS1	17	1.0	1.0	0.0
LIPG	17	1.0	1.0	0.0
LIPH	17	1.0	1.0	0.058823529411764705
LIPT1	17	0.8823529411764706	0.9411764705882353	0.0
LITAF	17	1.0	0.6470588235294118	0.0
LIX1	17	0.8235294117647058	0.8235294117647058	0.0
LIX1-AS1	17	0.7647058823529411	0.8823529411764706	0.0
LIX1L-AS1	17	0.5882352941176471	0.8235294117647058	0.0
LLGL2	17	0.9411764705882353	0.9411764705882353	0.0
LLPH	17	1.0	1.0	0.0
LMAN1	17	0.9411764705882353	0.7647058823529411	0.0
LMAN2	17	0.8823529411764706	0.9411764705882353	0.0
LMAN2L	17	0.7058823529411765	1.0	0.0
LMBR1	17	1.0	1.0	0.29411764705882354
LMBR1L	17	1.0	1.0	0.0
LMBRD1	17	1.0	1.0	0.0
LMBRD2	17	0.9411764705882353	0.9411764705882353	0.0
LMCD1	17	0.9411764705882353	0.9411764705882353	0.0
LMCD1-AS1	17	0.9411764705882353	1.0	0.0
LMF1	17	0.9411764705882353	1.0	0.0
LMF2	17	0.8823529411764706	1.0	0.0
LMLN	17	1.0	1.0	0.0
LMNA	17	0.9411764705882353	0.9411764705882353	0.5882352941176471
LMNB1	17	1.0	1.0	0.0
LMNB2	17	0.8823529411764706	0.7647058823529411	0.0
LMNTD2	17	1.0	1.0	0.0
LMO3	17	1.0	1.0	0.0
LMO4	17	1.0	1.0	0.0
LMO7	17	0.9411764705882353	0.9411764705882353	0.11764705882352941
LMO7-AS1	17	0.9411764705882353	1.0	0.0
LMTK2	17	0.9411764705882353	0.7647058823529411	0.0
LMTK3	17	0.9411764705882353	1.0	0.0
LNCTAM34A	17	1.0	0.9411764705882353	0.0
LNP1	17	1.0	1.0	0.0
LNPEP	17	1.0	1.0	0.0
LNPK	17	1.0	1.0	0.0
LNX1	17	1.0	1.0	0.0
LNX1-AS1	17	0.6470588235294118	0.9411764705882353	0.0
LNX2	17	0.9411764705882353	1.0	0.0
LONP1	17	0.8823529411764706	0.8235294117647058	0.0
LONP2	17	0.9411764705882353	0.9411764705882353	0.0
LONRF1	17	0.9411764705882353	0.7058823529411765	0.0
LONRF2	17	0.7647058823529411	1.0	0.0
LONRF3	17	1.0	1.0	0.35294117647058826
LOXL1	17	0.9411764705882353	0.9411764705882353	0.058823529411764705
LOXL1-AS1	17	1.0	1.0	0.0
LOXL2	17	0.9411764705882353	0.9411764705882353	0.058823529411764705
LOXL4	17	0.9411764705882353	1.0	0.0
LPAR1	17	1.0	1.0	0.0
LPAR6	17	1.0	1.0	0.4117647058823529
LPCAT1	17	1.0	1.0	0.0
LPCAT2	17	1.0	0.7647058823529411	0.058823529411764705
LPCAT3	17	1.0	0.9411764705882353	0.0
LPCAT4	17	0.9411764705882353	0.9411764705882353	0.0
LPGAT1	17	1.0	1.0	0.0
LPIN1	17	1.0	0.9411764705882353	0.0
LPIN2	17	0.8235294117647058	1.0	0.0
LPIN3	17	1.0	1.0	0.0
LPP	17	1.0	1.0	0.11764705882352941
LPXN	17	0.9411764705882353	0.8823529411764706	0.0
LRAT	17	0.8235294117647058	0.8235294117647058	0.0
LRATD1	17	1.0	0.7647058823529411	0.0
LRATD2	17	0.9411764705882353	0.8823529411764706	0.0
LRBA	17	1.0	0.8823529411764706	0.0
LRCH1	17	1.0	0.8823529411764706	0.0
LRCH3	17	1.0	0.9411764705882353	0.11764705882352941
LRCH4	17	1.0	1.0	0.0
LRFN4	17	1.0	0.7647058823529411	0.0
LRGUK	17	1.0	1.0	0.058823529411764705
LRIF1	17	0.8823529411764706	1.0	0.0
LRIG1	17	0.9411764705882353	1.0	0.0
LRIG2	17	1.0	1.0	0.0
LRIG2-DT	17	1.0	1.0	0.0
LRIG3	17	0.8235294117647058	0.8235294117647058	0.0
LRMDA	17	0.9411764705882353	1.0	0.0
LRMP	17	0.9411764705882353	0.9411764705882353	0.0
LRP1	17	0.8823529411764706	1.0	0.0
LRP10	17	1.0	0.9411764705882353	0.0
LRP11	17	0.9411764705882353	0.7647058823529411	0.0
LRP12	17	1.0	0.9411764705882353	0.0
LRP1B	17	1.0	1.0	0.0
LRP2	17	1.0	1.0	0.17647058823529413
LRP2BP	17	0.9411764705882353	1.0	0.0
LRP3	17	1.0	0.6470588235294118	0.0
LRP4	17	1.0	1.0	0.0
LRP5	17	1.0	1.0	0.0
LRP5L	17	1.0	1.0	0.0
LRP6	17	0.9411764705882353	1.0	0.0
LRP8	17	1.0	1.0	0.0
LRPAP1	17	0.9411764705882353	0.9411764705882353	0.0
LRPPRC	17	1.0	1.0	0.0
LRR1	17	1.0	1.0	0.0
LRRC1	17	0.6470588235294118	0.7647058823529411	0.0
LRRC14	17	0.7647058823529411	0.8235294117647058	0.0
LRRC17	17	0.7647058823529411	1.0	0.0
LRRC19	17	1.0	0.9411764705882353	0.0
LRRC2	17	0.8235294117647058	0.8235294117647058	0.0
LRRC20	17	0.8235294117647058	0.7058823529411765	0.0
LRRC23	17	0.9411764705882353	1.0	0.0
LRRC24	17	0.8235294117647058	1.0	0.0
LRRC27	17	1.0	1.0	0.0
LRRC28	17	1.0	0.9411764705882353	0.0
LRRC29	17	1.0	1.0	0.0
LRRC34	17	1.0	1.0	0.0
LRRC36	17	0.9411764705882353	0.7647058823529411	0.0
LRRC37A	17	0.8235294117647058	0.8235294117647058	0.0
LRRC37A2	17	1.0	1.0	0.0
LRRC37A3	17	0.9411764705882353	1.0	0.0
LRRC37B	17	1.0	1.0	0.0
LRRC39	17	0.9411764705882353	1.0	0.0
LRRC40	17	1.0	1.0	0.0
LRRC41	17	1.0	0.7647058823529411	0.0
LRRC42	17	1.0	0.8235294117647058	0.0
LRRC43	17	1.0	1.0	0.0
LRRC45	17	0.7647058823529411	0.8235294117647058	0.0
LRRC47	17	0.9411764705882353	0.7058823529411765	0.0
LRRC49	17	0.9411764705882353	0.9411764705882353	0.0
LRRC4C	17	1.0	0.7058823529411765	0.0
LRRC57	17	1.0	1.0	0.0
LRRC58	17	1.0	1.0	0.0
LRRC59	17	1.0	1.0	0.0
LRRC6	17	0.9411764705882353	1.0	0.0
LRRC63	17	0.6470588235294118	0.8235294117647058	0.0
LRRC69	17	1.0	1.0	0.0
LRRC7	17	1.0	0.9411764705882353	0.0
LRRC75A	17	0.8235294117647058	0.8235294117647058	0.0
LRRC75B	17	0.8235294117647058	0.9411764705882353	0.0
LRRC8A	17	0.9411764705882353	1.0	0.0
LRRC8B	17	1.0	1.0	0.0
LRRC8C	17	1.0	1.0	0.0
LRRC8C-DT	17	0.9411764705882353	1.0	0.0
LRRC8D	17	0.9411764705882353	0.8823529411764706	0.0
LRRC8E	17	0.7647058823529411	0.8235294117647058	0.0
LRRC9	17	1.0	1.0	0.0
LRRCC1	17	1.0	1.0	0.0
LRRD1	17	1.0	0.9411764705882353	0.0
LRRFIP1	17	1.0	1.0	0.0
LRRFIP2	17	1.0	1.0	0.7647058823529411
LRRIQ1	17	1.0	1.0	0.11764705882352941
LRRIQ3	17	1.0	1.0	0.0
LRRK1	17	1.0	1.0	0.0
LRRK2	17	0.7058823529411765	0.9411764705882353	0.0
LRRN2	17	1.0	1.0	0.29411764705882354
LRRN3	17	1.0	1.0	0.0
LRRTM4	17	0.8823529411764706	0.9411764705882353	0.0
LRSAM1	17	0.9411764705882353	1.0	0.0
LRTOMT	17	0.8235294117647058	1.0	0.0
LSAMP	17	0.9411764705882353	0.9411764705882353	0.058823529411764705
LSG1	17	1.0	1.0	0.0
LSM1	17	1.0	0.9411764705882353	0.0
LSM11	17	0.9411764705882353	0.7058823529411765	0.0
LSM12	17	1.0	1.0	0.0
LSM14A	17	0.9411764705882353	1.0	0.0
LSM14B	17	1.0	1.0	0.0
LSM2	17	0.9411764705882353	1.0	0.0
LSM3	17	0.7058823529411765	0.9411764705882353	0.0
LSM4	17	1.0	1.0	0.0
LSM5	17	0.8823529411764706	0.8235294117647058	0.0
LSM6	17	1.0	1.0	0.0
LSM7	17	0.9411764705882353	0.8823529411764706	0.0
LSM8	17	0.8823529411764706	1.0	0.0
LSMEM1	17	1.0	0.9411764705882353	0.0
LSMEM2	17	0.9411764705882353	0.9411764705882353	0.058823529411764705
LSR	17	0.9411764705882353	1.0	0.0
LSS	17	1.0	1.0	0.0
LTA4H	17	0.9411764705882353	1.0	0.0
LTB4R	17	1.0	1.0	0.0
LTBP1	17	1.0	1.0	0.0
LTBP2	17	1.0	1.0	0.0
LTBP3	17	1.0	1.0	0.0
LTBP4	17	0.8823529411764706	1.0	0.0
LTBR	17	0.9411764705882353	1.0	0.0
LTF	17	0.9411764705882353	0.9411764705882353	0.0
LTN1	17	0.9411764705882353	0.8235294117647058	0.0
LTO1	17	0.7058823529411765	1.0	0.0
LTV1	17	0.7647058823529411	0.9411764705882353	0.0
LUC7L	17	1.0	0.8823529411764706	0.0
LUC7L2	17	1.0	1.0	0.0
LUC7L3	17	1.0	1.0	0.0
LURAP1	17	0.9411764705882353	0.9411764705882353	0.0
LURAP1L	17	0.9411764705882353	0.9411764705882353	0.0
LURAP1L-AS1	17	1.0	1.0	0.4117647058823529
LUZP1	17	0.9411764705882353	1.0	0.0
LUZP2	17	0.9411764705882353	0.9411764705882353	0.0
LXN	17	0.7647058823529411	1.0	0.0
LY6G5B	17	0.9411764705882353	0.9411764705882353	0.0
LY75	17	0.9411764705882353	1.0	0.0
LY86-AS1	17	1.0	1.0	0.0
LYAR	17	0.9411764705882353	0.9411764705882353	0.0
LYG1	17	1.0	1.0	0.0
LYN	17	1.0	1.0	0.0
LYNX1	17	1.0	1.0	0.0
LYPD6	17	0.8235294117647058	1.0	0.0
LYPD6B	17	0.8235294117647058	1.0	0.0
LYPLA1	17	1.0	1.0	0.0
LYPLA2	17	0.8235294117647058	0.8823529411764706	0.0
LYPLAL1	17	0.9411764705882353	1.0	0.0
LYPLAL1-AS1	17	0.8235294117647058	0.8235294117647058	0.0
LYPLAL1-DT	17	1.0	1.0	0.0
LYRM1	17	1.0	0.9411764705882353	0.0
LYRM2	17	1.0	1.0	0.0
LYRM4	17	1.0	1.0	0.17647058823529413
LYRM7	17	1.0	1.0	0.0
LYRM9	17	1.0	1.0	0.058823529411764705
LYSMD1	17	0.9411764705882353	0.9411764705882353	0.0
LYSMD2	17	1.0	1.0	0.0
LYSMD3	17	1.0	1.0	0.0
LYSMD4	17	0.9411764705882353	1.0	0.0
LYST	17	1.0	0.9411764705882353	0.11764705882352941
LZIC	17	0.8235294117647058	1.0	0.0
LZTFL1	17	0.9411764705882353	0.9411764705882353	0.0
LZTR1	17	1.0	1.0	0.0
LZTS2	17	0.9411764705882353	1.0	0.0
LZTS3	17	1.0	1.0	0.0
M1AP	17	1.0	0.9411764705882353	0.0
M6PR	17	1.0	0.9411764705882353	0.0
MAATS1	17	1.0	0.9411764705882353	0.0
MAB21L3	17	0.5882352941176471	0.8235294117647058	0.0
MACC1	17	1.0	1.0	0.7058823529411765
MACC1-AS1	17	1.0	1.0	0.5294117647058824
MACF1	17	0.9411764705882353	0.7647058823529411	0.0
MACO1	17	0.9411764705882353	0.9411764705882353	0.0
MACROD1	17	1.0	1.0	0.9411764705882353
MACROD2	17	1.0	1.0	0.0
MACROD2-AS1	17	1.0	1.0	0.0
MAD1L1	17	1.0	0.9411764705882353	0.11764705882352941
MAD2L2	17	0.9411764705882353	1.0	0.0
MADD	17	0.9411764705882353	1.0	0.0
MAEA	17	0.8235294117647058	1.0	0.0
MAF	17	1.0	1.0	0.0
MAF1	17	1.0	0.9411764705882353	0.0
MAFF	17	1.0	1.0	0.0
MAFG	17	1.0	1.0	0.058823529411764705
MAFIP	17	1.0	1.0	0.0
MAFK	17	1.0	1.0	0.0
MAGED1	17	0.8823529411764706	0.7647058823529411	0.0
MAGED2	17	1.0	1.0	0.0
MAGI1	17	0.8823529411764706	1.0	0.0
MAGI1-AS1	17	1.0	1.0	0.0
MAGI1-IT1	17	0.7058823529411765	0.7647058823529411	0.0
MAGI2	17	1.0	1.0	0.0
MAGI2-AS3	17	0.8235294117647058	1.0	0.0
MAGI3	17	0.8235294117647058	0.9411764705882353	0.0
MAGIX	17	1.0	1.0	0.0
MAGOH	17	0.8235294117647058	1.0	0.0
MAGOHB	17	1.0	1.0	0.0
MAGT1	17	0.7647058823529411	0.8235294117647058	0.0
MAIP1	17	1.0	0.8823529411764706	0.0
MAK	17	1.0	1.0	0.0
MAK16	17	0.9411764705882353	0.9411764705882353	0.0
MAL	17	0.9411764705882353	1.0	0.0
MAL2	17	1.0	1.0	0.9411764705882353
MAL2-AS1	17	1.0	1.0	0.6470588235294118
MALAT1	17	0.8823529411764706	0.9411764705882353	0.0
MALRD1	17	0.8823529411764706	1.0	0.0
MALSU1	17	0.9411764705882353	0.9411764705882353	0.0
MALT1	17	1.0	0.8823529411764706	0.0
MAMDC2	17	1.0	1.0	0.0
MAMDC2-AS1	17	0.9411764705882353	0.9411764705882353	0.058823529411764705
MAMDC4	17	1.0	1.0	0.0
MAML1	17	1.0	1.0	0.0
MAML2	17	0.9411764705882353	1.0	0.0
MAML3	17	1.0	0.8235294117647058	0.0
MAMLD1	17	1.0	0.9411764705882353	0.4117647058823529
MAMSTR	17	0.8823529411764706	1.0	0.0
MAN1A1	17	1.0	0.9411764705882353	0.0
MAN1A2	17	1.0	1.0	0.0
MAN1B1	17	0.8235294117647058	0.9411764705882353	0.0
MAN1C1	17	1.0	1.0	0.058823529411764705
MAN2A1	17	0.8823529411764706	1.0	0.0
MAN2A2	17	1.0	1.0	0.0
MAN2B1	17	1.0	1.0	0.0
MAN2B2	17	0.9411764705882353	0.9411764705882353	0.0
MAN2C1	17	0.7647058823529411	1.0	0.0
MANBA	17	1.0	0.9411764705882353	0.0
MANBAL	17	0.9411764705882353	1.0	0.0
MANEA	17	1.0	0.8823529411764706	0.0
MANF	17	1.0	1.0	0.0
MANSC1	17	1.0	1.0	0.0
MAOA	17	1.0	1.0	0.0
MAOB	17	0.9411764705882353	0.9411764705882353	0.0
MAP11	17	0.9411764705882353	1.0	0.0
MAP1LC3A	17	1.0	1.0	0.0
MAP1LC3B	17	1.0	1.0	0.0
MAP1LC3B2	17	0.8823529411764706	1.0	0.0
MAP1S	17	1.0	1.0	0.0
MAP2	17	1.0	1.0	0.47058823529411764
MAP2K1	17	1.0	0.9411764705882353	0.4117647058823529
MAP2K2	17	1.0	1.0	0.0
MAP2K3	17	0.9411764705882353	0.9411764705882353	0.058823529411764705
MAP2K4	17	1.0	1.0	0.058823529411764705
MAP2K5	17	0.9411764705882353	0.8235294117647058	0.0
MAP2K6	17	0.8235294117647058	1.0	0.0
MAP2K7	17	0.9411764705882353	0.8235294117647058	0.0
MAP3K1	17	1.0	1.0	0.0
MAP3K10	17	0.9411764705882353	0.8235294117647058	0.0
MAP3K11	17	0.9411764705882353	1.0	0.0
MAP3K12	17	0.8823529411764706	1.0	0.0
MAP3K13	17	1.0	1.0	0.058823529411764705
MAP3K14	17	0.9411764705882353	0.9411764705882353	0.0
MAP3K14-AS1	17	0.9411764705882353	0.9411764705882353	0.0
MAP3K15	17	0.9411764705882353	1.0	0.0
MAP3K2	17	1.0	1.0	0.058823529411764705
MAP3K20	17	1.0	1.0	0.0
MAP3K21	17	1.0	0.9411764705882353	0.0
MAP3K3	17	1.0	0.6470588235294118	0.0
MAP3K4	17	0.8823529411764706	1.0	0.0
MAP3K5	17	1.0	1.0	0.058823529411764705
MAP3K6	17	0.9411764705882353	0.7647058823529411	0.0
MAP3K7	17	0.9411764705882353	1.0	0.0
MAP3K7CL	17	1.0	0.9411764705882353	0.0
MAP3K8	17	0.5294117647058824	1.0	0.0
MAP3K9	17	0.8823529411764706	0.9411764705882353	0.0
MAP4	17	1.0	1.0	0.47058823529411764
MAP4K2	17	1.0	1.0	0.0
MAP4K3	17	0.7647058823529411	0.7647058823529411	0.0
MAP4K3-DT	17	1.0	1.0	0.0
MAP4K4	17	1.0	1.0	0.9411764705882353
MAP4K5	17	1.0	1.0	0.0
MAP6	17	1.0	1.0	0.0
MAP7	17	1.0	1.0	0.11764705882352941
MAP7D1	17	0.9411764705882353	0.9411764705882353	0.0
MAP7D2	17	0.7647058823529411	0.8235294117647058	0.0
MAP7D3	17	1.0	1.0	0.0
MAP9	17	0.9411764705882353	1.0	0.0
MAPK1	17	1.0	1.0	0.11764705882352941
MAPK10	17	0.8823529411764706	0.8823529411764706	0.0
MAPK13	17	0.9411764705882353	1.0	0.0
MAPK14	17	1.0	0.7058823529411765	0.0
MAPK15	17	0.8823529411764706	1.0	0.0
MAPK1IP1L	17	0.9411764705882353	0.8235294117647058	0.0
MAPK3	17	1.0	1.0	0.0
MAPK4	17	0.8235294117647058	1.0	0.058823529411764705
MAPK6	17	0.8823529411764706	1.0	0.0
MAPK7	17	1.0	1.0	0.0
MAPK8	17	1.0	0.9411764705882353	0.0
MAPK8IP1	17	1.0	1.0	0.0
MAPK8IP3	17	0.9411764705882353	1.0	0.0
MAPK9	17	0.9411764705882353	0.9411764705882353	0.0
MAPKAP1	17	1.0	1.0	0.11764705882352941
MAPKAPK2	17	1.0	1.0	0.0
MAPKAPK3	17	1.0	1.0	0.058823529411764705
MAPKAPK5	17	1.0	1.0	0.0
MAPKAPK5-AS1	17	0.7058823529411765	0.5294117647058824	0.0
MAPKBP1	17	1.0	0.9411764705882353	0.9411764705882353
MAPRE1	17	1.0	0.9411764705882353	0.0
MAPRE2	17	1.0	1.0	0.9411764705882353
MAPRE3	17	1.0	0.9411764705882353	0.0
MAPT	17	1.0	1.0	0.0
MARC1	17	0.9411764705882353	0.8235294117647058	0.0
MARC2	17	0.8823529411764706	1.0	0.0
MARCH1	17	0.9411764705882353	0.9411764705882353	0.0
MARCH10	17	1.0	1.0	0.0
MARCH11	17	0.9411764705882353	0.8235294117647058	0.0
MARCH2	17	0.9411764705882353	0.9411764705882353	0.0
MARCH3	17	1.0	1.0	0.35294117647058826
MARCH5	17	1.0	0.7647058823529411	0.0
MARCH6	17	1.0	1.0	0.0
MARCH7	17	1.0	1.0	0.0
MARCH8	17	0.9411764705882353	0.7058823529411765	0.0
MARCH9	17	0.8235294117647058	0.8235294117647058	0.0
MARCKS	17	1.0	0.9411764705882353	0.0
MARF1	17	0.9411764705882353	1.0	0.0
MARK1	17	1.0	1.0	0.058823529411764705
MARK2	17	1.0	1.0	0.0
MARK3	17	1.0	0.9411764705882353	0.058823529411764705
MARK4	17	1.0	1.0	0.0
MARS	17	0.9411764705882353	0.9411764705882353	0.0
MARVELD2	17	1.0	1.0	0.0
MARVELD3	17	1.0	1.0	0.0
MAS1	17	0.7647058823529411	0.8235294117647058	0.0
MAST2	17	1.0	1.0	0.9411764705882353
MAST3	17	0.8823529411764706	0.9411764705882353	0.0
MAST4	17	0.9411764705882353	1.0	0.0
MASTL	17	0.9411764705882353	1.0	0.0
MAT2A	17	1.0	1.0	0.8235294117647058
MAT2B	17	1.0	0.8235294117647058	0.0
MATN2	17	0.8235294117647058	1.0	0.0
MATR3.1	17	0.8823529411764706	1.0	0.0
MAU2	17	1.0	1.0	0.0
MAVS	17	1.0	0.7647058823529411	0.0
MAX	17	1.0	1.0	0.0
MAZ	17	0.9411764705882353	0.9411764705882353	0.0
MB21D2	17	1.0	1.0	0.0
MBD1	17	0.8823529411764706	0.8823529411764706	0.0
MBD2	17	1.0	1.0	0.23529411764705882
MBD3	17	0.8235294117647058	1.0	0.0
MBD4	17	1.0	1.0	0.0
MBD5	17	1.0	1.0	0.0
MBD6	17	1.0	1.0	0.0
MBIP	17	1.0	1.0	0.0
MBLAC2	17	0.7647058823529411	0.7647058823529411	0.0
MBNL1	17	1.0	1.0	0.0
MBNL2	17	0.8235294117647058	1.0	0.0
MBNL3	17	0.7647058823529411	1.0	0.0
MBOAT1	17	0.7058823529411765	1.0	0.0
MBOAT2	17	0.7058823529411765	1.0	0.0
MBOAT7	17	0.9411764705882353	0.9411764705882353	0.0
MBP	17	1.0	1.0	0.11764705882352941
MBTD1	17	0.9411764705882353	0.9411764705882353	0.0
MBTPS1	17	1.0	1.0	0.0
MBTPS2	17	1.0	0.7058823529411765	0.0
MC1R	17	0.7647058823529411	1.0	0.0
MCAM	17	1.0	0.9411764705882353	0.0
MCAT	17	1.0	1.0	0.0
MCC	17	1.0	1.0	0.0
MCCC1	17	0.9411764705882353	0.9411764705882353	0.0
MCCC2	17	1.0	1.0	0.058823529411764705
MCEE	17	0.8823529411764706	0.8235294117647058	0.0
MCF2L	17	1.0	1.0	0.0
MCF2L2	17	1.0	1.0	0.0
MCFD2	17	0.7647058823529411	0.8235294117647058	0.0
MCL1	17	0.9411764705882353	1.0	0.0
MCM3	17	0.9411764705882353	1.0	0.0
MCM3AP	17	0.9411764705882353	0.9411764705882353	0.0
MCM3AP-AS1	17	1.0	1.0	0.0
MCM4	17	1.0	1.0	0.0
MCM5	17	0.7647058823529411	0.6470588235294118	0.0
MCM6	17	1.0	1.0	0.0
MCM7	17	1.0	1.0	0.0
MCM8	17	0.8823529411764706	0.8823529411764706	0.0
MCM9	17	1.0	1.0	0.0
MCMBP	17	1.0	0.8823529411764706	0.0
MCMDC2	17	1.0	1.0	0.0
MCOLN1	17	1.0	1.0	0.0
MCOLN3	17	0.9411764705882353	0.9411764705882353	0.0
MCPH1	17	1.0	1.0	0.0
MCPH1-AS1	17	1.0	0.8235294117647058	0.0
MCRIP1	17	1.0	1.0	0.0
MCRIP2	17	0.9411764705882353	1.0	0.0
MCRS1	17	0.7058823529411765	0.9411764705882353	0.0
MCTP1	17	1.0	0.9411764705882353	0.058823529411764705
MCTP2	17	1.0	1.0	0.0
MCTS1	17	0.9411764705882353	0.7058823529411765	0.0
MCU	17	1.0	1.0	0.8823529411764706
MCUB	17	1.0	1.0	0.11764705882352941
MCUR1	17	0.7647058823529411	0.8823529411764706	0.0
MDC1	17	1.0	1.0	0.0
MDFI	17	0.8235294117647058	0.8235294117647058	0.0
MDFIC	17	1.0	1.0	0.0
MDGA1	17	1.0	1.0	0.0
MDGA2	17	0.8235294117647058	0.7058823529411765	0.0
MDH1	17	1.0	0.9411764705882353	0.0
MDH1B	17	0.7647058823529411	1.0	0.0
MDH2	17	0.9411764705882353	0.9411764705882353	0.0
MDM1	17	1.0	1.0	0.0
MDM2	17	0.9411764705882353	0.9411764705882353	0.0
MDM4	17	0.9411764705882353	0.8823529411764706	0.0
MDN1	17	0.8235294117647058	1.0	0.0
ME1	17	1.0	1.0	0.11764705882352941
ME2	17	1.0	1.0	0.0
ME3	17	0.7058823529411765	1.0	0.0
MEAF6	17	1.0	1.0	0.17647058823529413
MEAK7	17	0.9411764705882353	1.0	0.0
MECOM	17	0.9411764705882353	1.0	0.0
MECP2	17	0.9411764705882353	0.9411764705882353	0.0
MECR	17	1.0	1.0	0.0
MED1	17	1.0	1.0	0.0
MED10	17	1.0	1.0	0.0
MED11	17	0.6470588235294118	0.7647058823529411	0.0
MED12	17	0.7647058823529411	1.0	0.0
MED12L	17	0.8823529411764706	0.8235294117647058	0.0
MED13	17	1.0	1.0	0.058823529411764705
MED13L	17	1.0	0.8235294117647058	0.0
MED14	17	1.0	1.0	0.0
MED15	17	1.0	1.0	0.7647058823529411
MED16	17	0.8823529411764706	1.0	0.0
MED17	17	1.0	1.0	0.0
MED19	17	0.9411764705882353	1.0	0.0
MED20	17	0.9411764705882353	0.8823529411764706	0.0
MED21	17	0.8235294117647058	1.0	0.0
MED22	17	0.7058823529411765	1.0	0.0
MED23	17	1.0	1.0	0.0
MED24	17	0.9411764705882353	0.9411764705882353	0.0
MED25	17	1.0	1.0	0.0
MED26	17	1.0	0.8235294117647058	0.0
MED27	17	1.0	1.0	0.11764705882352941
MED28	17	1.0	1.0	0.0
MED29	17	0.7647058823529411	0.9411764705882353	0.0
MED30	17	0.8235294117647058	0.7647058823529411	0.0
MED31	17	1.0	0.8823529411764706	0.0
MED4	17	0.9411764705882353	0.9411764705882353	0.0
MED6	17	1.0	1.0	0.0
MED7	17	1.0	1.0	0.0
MED8	17	0.8235294117647058	0.8235294117647058	0.0
MED9	17	1.0	1.0	0.0
MEF2A	17	1.0	1.0	0.0
MEF2B	17	1.0	0.9411764705882353	0.0
MEF2C	17	1.0	1.0	0.0
MEF2C-AS1	17	0.7647058823529411	0.8823529411764706	0.0
MEF2D	17	1.0	1.0	0.0
MEGF11	17	0.9411764705882353	0.9411764705882353	0.0
MEGF6	17	0.8823529411764706	0.8823529411764706	0.0
MEGF8	17	1.0	1.0	0.0
MEGF9	17	1.0	0.9411764705882353	0.0
MEI4	17	1.0	0.9411764705882353	0.058823529411764705
MEIS1	17	0.9411764705882353	0.8235294117647058	0.0
MEIS2	17	0.8823529411764706	1.0	0.0
MELK	17	0.7647058823529411	0.8235294117647058	0.0
MELTF-AS1	17	1.0	1.0	0.0
MEMO1	17	1.0	1.0	0.0
MEN1	17	0.8823529411764706	1.0	0.0
MEOX2	17	1.0	1.0	0.0
MEP1B	17	0.9411764705882353	0.9411764705882353	0.0
MEPCE	17	1.0	1.0	0.0
MERTK	17	1.0	1.0	0.0
MESD	17	0.9411764705882353	0.47058823529411764	0.0
MEST	17	0.8823529411764706	0.5294117647058824	0.0
MET	17	1.0	1.0	0.9411764705882353
METAP1	17	0.6470588235294118	0.9411764705882353	0.0
METAP1D	17	1.0	1.0	0.0
METAP2	17	1.0	0.9411764705882353	0.058823529411764705
METRN	17	0.9411764705882353	0.7647058823529411	0.0
METRNL	17	1.0	1.0	0.0
METTL14	17	1.0	0.9411764705882353	0.0
METTL15	17	0.9411764705882353	1.0	0.0
METTL16	17	0.8823529411764706	0.7058823529411765	0.0
METTL17	17	0.9411764705882353	0.9411764705882353	0.0
METTL21A	17	1.0	1.0	0.0
METTL22	17	1.0	1.0	0.0
METTL23	17	1.0	0.9411764705882353	0.0
METTL24	17	0.9411764705882353	0.7058823529411765	0.0
METTL25	17	0.9411764705882353	0.9411764705882353	0.0
METTL26	17	0.8235294117647058	0.8235294117647058	0.0
METTL27	17	0.9411764705882353	0.9411764705882353	0.0
METTL2A	17	1.0	1.0	0.0
METTL2B	17	1.0	1.0	0.29411764705882354
METTL3	17	0.4117647058823529	0.8823529411764706	0.0
METTL4	17	1.0	1.0	0.0
METTL5	17	1.0	1.0	0.0
METTL6	17	1.0	1.0	0.0
METTL7A	17	0.9411764705882353	1.0	0.0
METTL8	17	0.8235294117647058	0.8235294117647058	0.0
METTL9	17	0.7058823529411765	1.0	0.0
MEX3C	17	1.0	0.29411764705882354	0.0
MEX3D	17	1.0	0.8823529411764706	0.0
MFAP1	17	1.0	1.0	0.0
MFAP3	17	1.0	0.9411764705882353	0.0
MFAP3L	17	1.0	1.0	0.11764705882352941
MFF	17	0.9411764705882353	0.9411764705882353	0.0
MFHAS1	17	1.0	1.0	0.8235294117647058
MFN1	17	0.9411764705882353	0.8823529411764706	0.0
MFN2	17	0.8235294117647058	1.0	0.0
MFSD1	17	0.8823529411764706	0.9411764705882353	0.0
MFSD10	17	1.0	1.0	0.0
MFSD11	17	0.9411764705882353	1.0	0.0
MFSD12	17	1.0	1.0	0.0
MFSD13A	17	1.0	1.0	0.0
MFSD14A	17	1.0	1.0	0.0
MFSD14B	17	1.0	1.0	0.0
MFSD14C	17	1.0	1.0	0.11764705882352941
MFSD2A	17	0.9411764705882353	1.0	0.0
MFSD2B	17	0.7058823529411765	0.8235294117647058	0.0
MFSD3	17	1.0	1.0	0.0
MFSD4A	17	0.9411764705882353	0.9411764705882353	0.0
MFSD4B	17	0.9411764705882353	0.9411764705882353	0.0
MFSD6	17	1.0	1.0	0.058823529411764705
MFSD8	17	0.8823529411764706	0.9411764705882353	0.0
MFSD9	17	1.0	0.8823529411764706	0.0
MGA	17	1.0	1.0	0.058823529411764705
MGAM	17	1.0	1.0	0.058823529411764705
MGAT1	17	0.8823529411764706	0.8823529411764706	0.0
MGAT4A	17	0.9411764705882353	1.0	0.0
MGAT4B	17	1.0	1.0	0.0
MGAT4C	17	1.0	1.0	0.0
MGAT5	17	1.0	1.0	0.0
MGLL	17	0.9411764705882353	0.9411764705882353	0.9411764705882353
MGME1	17	1.0	1.0	0.0
MGMT	17	1.0	1.0	0.0
MGP	17	0.8823529411764706	0.9411764705882353	0.0
MGRN1	17	0.9411764705882353	0.9411764705882353	0.0
MGST1	17	1.0	0.8823529411764706	0.0
MGST2	17	0.9411764705882353	0.8235294117647058	0.0
MGST3	17	1.0	1.0	0.0
MHENCR	17	1.0	1.0	0.0
MIA2	17	0.9411764705882353	0.9411764705882353	0.0
MIA3	17	1.0	1.0	0.0
MIATNB	17	1.0	1.0	0.058823529411764705
MIB1	17	1.0	1.0	0.17647058823529413
MIB2	17	0.9411764705882353	1.0	0.0
MICA	17	0.9411764705882353	1.0	0.0
MICAL1	17	1.0	0.9411764705882353	0.0
MICAL2	17	0.9411764705882353	1.0	0.11764705882352941
MICAL3	17	0.9411764705882353	0.9411764705882353	0.11764705882352941
MICALL1	17	0.7647058823529411	0.9411764705882353	0.0
MICALL2	17	1.0	1.0	0.0
MICOS10	17	1.0	1.0	0.0
MICOS13	17	0.9411764705882353	1.0	0.0
MICU1	17	1.0	1.0	0.9411764705882353
MICU2	17	1.0	1.0	0.0
MICU3	17	0.9411764705882353	0.9411764705882353	0.0
MID1	17	0.9411764705882353	0.9411764705882353	0.0
MID1IP1	17	0.7058823529411765	0.8235294117647058	0.0
MID2	17	0.9411764705882353	0.7058823529411765	0.0
MIDN	17	0.9411764705882353	0.9411764705882353	0.058823529411764705
MIEF1	17	1.0	0.9411764705882353	0.0
MIEF2	17	0.9411764705882353	1.0	0.0
MIER1	17	1.0	1.0	0.0
MIER2	17	1.0	0.9411764705882353	0.0
MIER3	17	1.0	0.9411764705882353	0.0
MIF	17	1.0	0.9411764705882353	0.0
MIF4GD	17	0.8235294117647058	0.7058823529411765	0.0
MIGA1	17	1.0	1.0	0.0
MIGA2	17	1.0	1.0	0.0
MINDY1	17	1.0	1.0	0.058823529411764705
MINDY2	17	1.0	1.0	0.0
MINDY3	17	0.9411764705882353	1.0	0.0
MINDY4	17	1.0	1.0	0.0
MINK1	17	0.9411764705882353	1.0	0.11764705882352941
MINPP1	17	1.0	0.9411764705882353	0.0
MIOS	17	1.0	1.0	0.0
MIPEP	17	1.0	1.0	0.0
MIPOL1	17	0.9411764705882353	0.8235294117647058	0.0
MIR100HG	17	0.9411764705882353	1.0	0.0
MIR17HG	17	1.0	1.0	0.0
MIR181A2HG	17	1.0	1.0	0.0
MIR200CHG	17	1.0	0.9411764705882353	0.0
MIR2052HG	17	0.9411764705882353	0.9411764705882353	0.0
MIR222HG	17	1.0	0.9411764705882353	0.058823529411764705
MIR22HG	17	0.7647058823529411	1.0	0.0
MIR29B2CHG	17	1.0	1.0	0.0
MIR31HG	17	0.9411764705882353	1.0	0.0
MIR34AHG	17	1.0	0.8235294117647058	0.0
MIR3681HG	17	1.0	1.0	0.0
MIR3936HG	17	1.0	1.0	0.0
MIR4435-2HG	17	1.0	1.0	0.058823529411764705
MIR4453HG	17	1.0	0.8823529411764706	0.0
MIR4458HG	17	1.0	1.0	0.0
MIR503HG	17	1.0	0.9411764705882353	0.8823529411764706
MIR548A1HG	17	0.6470588235294118	0.8235294117647058	0.0
MIR646HG	17	1.0	1.0	0.7647058823529411
MIR663AHG	17	1.0	1.0	0.0
MIR762HG	17	0.9411764705882353	1.0	0.0
MIR9-3HG	17	0.8235294117647058	0.8235294117647058	0.0
MIR924HG	17	0.8235294117647058	0.5882352941176471	0.0
MIR99AHG	17	1.0	0.8235294117647058	0.0
MIRLET7BHG	17	1.0	0.9411764705882353	0.0
MIS12	17	0.9411764705882353	0.9411764705882353	0.0
MIS18A	17	1.0	0.9411764705882353	0.0
MIS18BP1	17	0.9411764705882353	0.9411764705882353	0.0
MITD1	17	0.7647058823529411	1.0	0.0
MITF	17	1.0	1.0	0.0
MKKS	17	0.9411764705882353	0.8823529411764706	0.0
MKLN1	17	1.0	1.0	0.0
MKLN1-AS	17	0.8823529411764706	0.8823529411764706	0.0
MKNK1	17	1.0	1.0	0.0
MKNK2	17	1.0	1.0	0.0
MKRN1	17	1.0	1.0	0.058823529411764705
MKRN2	17	1.0	0.8235294117647058	0.0
MKRN2OS	17	0.9411764705882353	1.0	0.0
MKS1	17	0.9411764705882353	0.8235294117647058	0.0
MLEC	17	1.0	1.0	0.058823529411764705
MLF1	17	0.9411764705882353	1.0	0.0
MLF2	17	1.0	1.0	0.0
MLH1	17	1.0	1.0	0.0
MLH3	17	0.9411764705882353	0.9411764705882353	0.0
MLKL	17	0.9411764705882353	0.8823529411764706	0.0
MLLT1	17	1.0	1.0	0.0
MLLT10	17	0.8235294117647058	0.9411764705882353	0.0
MLLT3	17	0.9411764705882353	0.9411764705882353	0.058823529411764705
MLLT6	17	1.0	1.0	0.0
MLPH	17	0.9411764705882353	1.0	0.0
MLST8	17	0.9411764705882353	1.0	0.0
MLX	17	1.0	1.0	0.0
MLXIP	17	0.9411764705882353	0.9411764705882353	0.0
MLXIPL	17	1.0	1.0	0.0
MLYCD	17	0.8235294117647058	0.9411764705882353	0.0
MMAA	17	1.0	1.0	0.0
MMAB	17	1.0	1.0	0.0
MMADHC	17	0.8823529411764706	0.8823529411764706	0.0
MMD	17	0.8235294117647058	1.0	0.0
MME	17	0.7647058823529411	1.0	0.0
MMGT1	17	1.0	0.8823529411764706	0.0
MMP13	17	1.0	1.0	0.0
MMP14	17	0.9411764705882353	1.0	0.0
MMP15	17	1.0	0.8235294117647058	0.0
MMP21	17	1.0	1.0	0.0
MMP24	17	1.0	1.0	0.058823529411764705
MMP24OS	17	0.9411764705882353	0.9411764705882353	0.0
MMP25-AS1	17	1.0	1.0	0.0
MMP7	17	1.0	1.0	0.0
MMS19	17	1.0	1.0	0.17647058823529413
MMS22L	17	1.0	0.9411764705882353	0.058823529411764705
MMUT	17	1.0	1.0	0.0
MNAT1	17	0.9411764705882353	1.0	0.0
MND1	17	1.0	1.0	0.0
MNS1	17	1.0	1.0	0.0
MNT	17	0.9411764705882353	1.0	0.0
MOAP1	17	0.7058823529411765	0.5294117647058824	0.0
MOB1A	17	0.8235294117647058	1.0	0.0
MOB1B	17	0.8235294117647058	0.8235294117647058	0.0
MOB2	17	0.9411764705882353	0.9411764705882353	0.0
MOB3A	17	0.9411764705882353	1.0	0.058823529411764705
MOB3B	17	0.8235294117647058	0.9411764705882353	0.0
MOB3C	17	0.7058823529411765	1.0	0.0
MOB4	17	0.9411764705882353	0.8823529411764706	0.0
MOCOS	17	1.0	0.7647058823529411	0.0
MOCS1	17	0.9411764705882353	0.9411764705882353	0.0
MOCS2	17	0.7647058823529411	0.9411764705882353	0.0
MOGAT1	17	0.8235294117647058	0.7647058823529411	0.0
MOGS	17	1.0	0.9411764705882353	0.0
MOK	17	1.0	0.9411764705882353	0.11764705882352941
MON1A	17	1.0	1.0	0.0
MON1B	17	1.0	1.0	0.0
MON2	17	1.0	1.0	0.0
MORC2	17	0.47058823529411764	0.9411764705882353	0.0
MORC2-AS1	17	0.8235294117647058	0.8235294117647058	0.0
MORC3	17	0.9411764705882353	1.0	0.0
MORC4	17	1.0	0.8823529411764706	0.0
MORF4L1	17	0.9411764705882353	0.7647058823529411	0.0
MORF4L2	17	1.0	0.9411764705882353	0.0
MORF4L2-AS1	17	1.0	1.0	0.0
MORN1	17	1.0	1.0	0.0
MORN2	17	0.8235294117647058	0.8235294117647058	0.0
MORN3	17	1.0	0.7647058823529411	0.0
MORN4	17	1.0	0.9411764705882353	0.0
MOSMO	17	0.9411764705882353	1.0	0.0
MOSPD1	17	0.9411764705882353	0.9411764705882353	0.0
MOSPD2	17	1.0	0.8823529411764706	0.0
MOV10	17	0.9411764705882353	0.9411764705882353	0.0
MOXD1	17	0.8235294117647058	0.8235294117647058	0.0
MPC1	17	1.0	1.0	0.0
MPC2	17	1.0	0.9411764705882353	0.0
MPDU1	17	0.6470588235294118	1.0	0.0
MPDZ	17	1.0	1.0	0.0
MPG	17	1.0	1.0	0.0
MPHOSPH10	17	0.9411764705882353	0.9411764705882353	0.0
MPHOSPH6	17	0.9411764705882353	0.9411764705882353	0.0
MPHOSPH8	17	1.0	1.0	0.0
MPHOSPH9	17	1.0	1.0	0.0
MPI	17	0.7647058823529411	0.7647058823529411	0.0
MPLKIP	17	1.0	1.0	0.0
MPND	17	0.8235294117647058	0.8235294117647058	0.0
MPP1	17	0.8823529411764706	1.0	0.0
MPP2	17	0.9411764705882353	1.0	0.0
MPP3	17	1.0	1.0	0.17647058823529413
MPP5	17	1.0	1.0	0.0
MPP6	17	0.8235294117647058	0.8823529411764706	0.0
MPP7	17	1.0	0.9411764705882353	0.0
MPPE1	17	0.9411764705882353	0.9411764705882353	0.0
MPPED2	17	1.0	1.0	0.0
MPPED2-AS1	17	1.0	1.0	0.0
MPRIP	17	0.9411764705882353	0.9411764705882353	0.11764705882352941
MPRIP-AS1	17	1.0	1.0	0.23529411764705882
MPST	17	0.9411764705882353	0.9411764705882353	0.0
MPV17	17	1.0	0.8823529411764706	0.0
MPV17L	17	1.0	1.0	0.0
MPZL1	17	0.9411764705882353	1.0	0.0
MPZL2	17	1.0	1.0	0.0
MPZL3	17	1.0	1.0	0.0
MR1	17	1.0	0.9411764705882353	0.058823529411764705
MRAP2	17	1.0	0.9411764705882353	0.0
MRAS	17	0.9411764705882353	0.9411764705882353	0.0
MRC1	17	1.0	1.0	0.0
MRE11	17	0.8235294117647058	1.0	0.0
MREG	17	0.8823529411764706	1.0	0.0
MRFAP1	17	0.7647058823529411	0.5882352941176471	0.0
MRFAP1L1	17	0.9411764705882353	0.9411764705882353	0.0
MRGBP	17	0.9411764705882353	1.0	0.0
MRI1	17	0.9411764705882353	0.5882352941176471	0.0
MRM1	17	1.0	1.0	0.0
MRM2	17	0.8235294117647058	0.8235294117647058	0.0
MRM3	17	0.7058823529411765	0.8235294117647058	0.0
MRNIP	17	0.9411764705882353	0.9411764705882353	0.0
MROH1	17	1.0	0.9411764705882353	0.0
MROH2A	17	0.6470588235294118	0.6470588235294118	0.0
MROH6	17	1.0	0.6470588235294118	0.0
MROH7	17	1.0	1.0	0.058823529411764705
MROH8	17	0.9411764705882353	0.9411764705882353	0.0
MRPL1	17	0.5882352941176471	0.9411764705882353	0.0
MRPL10	17	0.8235294117647058	0.8235294117647058	0.0
MRPL12	17	1.0	1.0	0.0
MRPL13	17	0.8823529411764706	1.0	0.0
MRPL14	17	1.0	1.0	0.0
MRPL15	17	1.0	1.0	0.0
MRPL16	17	0.9411764705882353	1.0	0.0
MRPL18	17	0.9411764705882353	1.0	0.0
MRPL19	17	0.8823529411764706	1.0	0.0
MRPL2	17	1.0	1.0	0.0
MRPL20	17	1.0	1.0	0.0
MRPL21	17	0.8235294117647058	1.0	0.0
MRPL22	17	0.7058823529411765	1.0	0.0
MRPL24	17	0.9411764705882353	1.0	0.0
MRPL27	17	1.0	0.5882352941176471	0.0
MRPL28	17	1.0	1.0	0.0
MRPL3	17	1.0	0.5882352941176471	0.0
MRPL30	17	0.9411764705882353	0.7647058823529411	0.0
MRPL32	17	0.9411764705882353	1.0	0.0
MRPL33	17	0.9411764705882353	0.9411764705882353	0.0
MRPL35	17	1.0	0.8235294117647058	0.0
MRPL37	17	1.0	1.0	0.0
MRPL38	17	1.0	1.0	0.0
MRPL39	17	1.0	1.0	0.0
MRPL4	17	0.7647058823529411	0.9411764705882353	0.0
MRPL41	17	1.0	0.9411764705882353	0.0
MRPL42	17	0.8235294117647058	0.9411764705882353	0.0
MRPL43	17	0.7058823529411765	1.0	0.0
MRPL44	17	0.7647058823529411	0.5882352941176471	0.0
MRPL45	17	1.0	0.6470588235294118	0.0
MRPL46	17	0.7647058823529411	0.8235294117647058	0.0
MRPL47	17	0.8235294117647058	0.8823529411764706	0.0
MRPL48	17	1.0	0.9411764705882353	0.0
MRPL49	17	1.0	1.0	0.0
MRPL52	17	1.0	0.8235294117647058	0.0
MRPL57	17	1.0	1.0	0.0
MRPL58	17	1.0	1.0	0.0
MRPL9	17	0.9411764705882353	0.9411764705882353	0.0
MRPS10	17	0.9411764705882353	0.9411764705882353	0.0
MRPS11	17	0.8823529411764706	0.7647058823529411	0.0
MRPS14	17	1.0	0.8235294117647058	0.0
MRPS15	17	0.9411764705882353	1.0	0.0
MRPS16	17	0.7058823529411765	0.8235294117647058	0.0
MRPS18A	17	0.8235294117647058	0.8235294117647058	0.0
MRPS18B	17	0.9411764705882353	0.9411764705882353	0.0
MRPS18C	17	0.9411764705882353	1.0	0.0
MRPS2	17	1.0	1.0	0.0
MRPS21	17	0.8235294117647058	0.9411764705882353	0.0
MRPS22	17	0.9411764705882353	0.9411764705882353	0.0
MRPS23	17	1.0	0.8823529411764706	0.0
MRPS25	17	1.0	1.0	0.0
MRPS26	17	0.9411764705882353	1.0	0.0
MRPS27	17	1.0	1.0	0.0
MRPS28	17	1.0	1.0	0.0
MRPS30	17	0.7647058823529411	0.8235294117647058	0.0
MRPS30-DT	17	1.0	0.9411764705882353	0.0
MRPS31	17	0.7647058823529411	1.0	0.0
MRPS33	17	0.5294117647058824	0.9411764705882353	0.0
MRPS35	17	1.0	1.0	0.0
MRPS36	17	0.9411764705882353	1.0	0.0
MRPS5	17	1.0	0.9411764705882353	0.0
MRPS6	17	1.0	1.0	0.0
MRPS7	17	1.0	0.9411764705882353	0.0
MRPS9	17	0.9411764705882353	0.7647058823529411	0.0
MRRF	17	1.0	0.9411764705882353	0.0
MRS2	17	0.8823529411764706	0.4117647058823529	0.0
MRTFA	17	1.0	0.9411764705882353	0.058823529411764705
MRTFA-AS1	17	1.0	1.0	0.17647058823529413
MRTFB	17	0.9411764705882353	0.9411764705882353	0.0
MRTO4	17	1.0	1.0	0.0
MSANTD1	17	0.9411764705882353	1.0	0.0
MSANTD2	17	1.0	1.0	0.0
MSANTD3	17	0.9411764705882353	1.0	0.0
MSANTD4	17	1.0	1.0	0.0
MSC-AS1	17	0.9411764705882353	0.9411764705882353	0.0
MSH2	17	1.0	1.0	0.0
MSH3	17	0.8823529411764706	0.9411764705882353	0.0
MSH4	17	0.9411764705882353	0.9411764705882353	0.0
MSH5	17	1.0	1.0	0.0
MSH6	17	1.0	1.0	0.0
MSI1	17	0.9411764705882353	1.0	0.0
MSI2	17	1.0	1.0	0.0
MSL1	17	1.0	1.0	0.058823529411764705
MSL2	17	1.0	0.9411764705882353	0.0
MSL3	17	0.7647058823529411	0.8823529411764706	0.0
MSMO1	17	1.0	1.0	0.0
MSN	17	0.9411764705882353	0.9411764705882353	0.0
MSR1	17	0.8823529411764706	0.8235294117647058	0.0
MSRA	17	1.0	1.0	0.0
MSRB2	17	0.9411764705882353	0.8823529411764706	0.0
MSRB3	17	0.8235294117647058	0.8235294117647058	0.0
MSS51	17	0.9411764705882353	1.0	0.0
MST1	17	1.0	1.0	0.0
MST1R	17	1.0	1.0	0.058823529411764705
MSTO1	17	0.8823529411764706	1.0	0.0
MT-ATP6	17	0.9411764705882353	0.9411764705882353	0.0
MT-ATP8	17	1.0	0.9411764705882353	0.0
MT-CO1	17	0.9411764705882353	0.9411764705882353	0.0
MT-CO2	17	0.9411764705882353	0.9411764705882353	0.0
MT-CO3	17	0.9411764705882353	0.9411764705882353	0.0
MT-CYB	17	0.9411764705882353	0.9411764705882353	0.0
MT-ND1	17	0.9411764705882353	0.8235294117647058	0.0
MT-ND2	17	0.9411764705882353	0.9411764705882353	0.0
MT-ND3	17	0.9411764705882353	0.9411764705882353	0.0
MT-ND4	17	0.9411764705882353	0.9411764705882353	0.0
MT-ND4L	17	1.0	0.9411764705882353	0.0
MT-ND5	17	0.6470588235294118	0.9411764705882353	0.0
MT-ND6	17	1.0	1.0	0.0
MT1G	17	1.0	1.0	0.0
MT2A	17	0.8823529411764706	1.0	0.0
MTA1	17	0.9411764705882353	1.0	0.0
MTA2	17	0.9411764705882353	1.0	0.0
MTA3	17	1.0	1.0	0.0
MTAP	17	1.0	1.0	0.0
MTBP	17	1.0	1.0	0.0
MTCH1	17	0.9411764705882353	1.0	0.0
MTCH2	17	0.9411764705882353	0.9411764705882353	0.0
MTCL1	17	0.9411764705882353	0.8235294117647058	0.0
MTCP1	17	1.0	1.0	0.0
MTDH	17	0.8823529411764706	0.7058823529411765	0.0
MTERF1	17	0.8823529411764706	1.0	0.0
MTERF2	17	0.9411764705882353	0.8823529411764706	0.0
MTERF3	17	0.9411764705882353	0.4117647058823529	0.0
MTERF4	17	0.9411764705882353	1.0	0.0
MTF1	17	0.9411764705882353	0.9411764705882353	0.0
MTF2	17	1.0	0.8823529411764706	0.0
MTFMT	17	1.0	1.0	0.0
MTFR1	17	1.0	1.0	0.0
MTFR1L	17	0.7647058823529411	1.0	0.0
MTG1	17	0.9411764705882353	1.0	0.0
MTG2	17	0.8823529411764706	1.0	0.0
MTHFD1	17	1.0	0.9411764705882353	0.0
MTHFD1L	17	1.0	1.0	0.9411764705882353
MTHFD2L	17	1.0	1.0	0.9411764705882353
MTHFR	17	1.0	0.9411764705882353	0.058823529411764705
MTHFS	17	0.9411764705882353	1.0	0.0
MTHFSD	17	1.0	1.0	0.0
MTIF2	17	0.9411764705882353	1.0	0.0
MTIF3	17	1.0	1.0	0.0
MTLN	17	0.9411764705882353	0.9411764705882353	0.0
MTM1	17	0.9411764705882353	1.0	0.0
MTMR1	17	1.0	0.9411764705882353	0.0
MTMR10	17	1.0	1.0	0.0
MTMR11	17	0.9411764705882353	0.9411764705882353	0.0
MTMR12	17	0.7058823529411765	1.0	0.0
MTMR14	17	0.9411764705882353	0.9411764705882353	0.0
MTMR2	17	0.9411764705882353	1.0	0.0
MTMR3	17	0.9411764705882353	1.0	0.0
MTMR4	17	1.0	1.0	0.0
MTMR6	17	0.9411764705882353	1.0	0.0
MTMR8	17	1.0	1.0	0.0
MTMR9	17	1.0	1.0	0.0
MTO1	17	1.0	1.0	0.0
MTOR	17	1.0	0.9411764705882353	0.0
MTPAP	17	0.9411764705882353	0.8235294117647058	0.0
MTPN	17	1.0	1.0	0.0
MTR	17	1.0	1.0	0.058823529411764705
MTRES1	17	0.7647058823529411	1.0	0.0
MTREX	17	1.0	1.0	0.0
MTRF1	17	0.9411764705882353	0.7058823529411765	0.0
MTRF1L	17	0.8823529411764706	1.0	0.0
MTRNR2L1	17	0.7058823529411765	0.8235294117647058	0.0
MTRNR2L12	17	1.0	1.0	0.058823529411764705
MTRNR2L8	17	1.0	1.0	0.0
MTRR	17	0.8235294117647058	1.0	0.0
MTSS1	17	1.0	1.0	0.0
MTSS2	17	0.8823529411764706	1.0	0.0
MTURN	17	1.0	1.0	0.11764705882352941
MTUS1	17	0.9411764705882353	1.0	0.0
MTUS2	17	0.9411764705882353	0.9411764705882353	0.11764705882352941
MTX1	17	0.9411764705882353	0.8823529411764706	0.0
MTX2	17	0.9411764705882353	0.8823529411764706	0.0
MTX3	17	0.8823529411764706	1.0	0.0
MUC1	17	0.9411764705882353	1.0	0.0
MUC19	17	0.7647058823529411	0.8235294117647058	0.0
MUC20	17	0.8823529411764706	1.0	0.0
MUC4	17	1.0	1.0	0.0
MUC6	17	0.8235294117647058	0.9411764705882353	0.0
MUL1	17	1.0	1.0	0.0
MUS81	17	0.6470588235294118	1.0	0.0
MUTYH	17	0.9411764705882353	1.0	0.0
MVB12A	17	0.9411764705882353	1.0	0.0
MVB12B	17	0.9411764705882353	0.9411764705882353	0.0
MVD	17	0.9411764705882353	1.0	0.0
MVK	17	1.0	1.0	0.0
MVP	17	0.9411764705882353	1.0	0.0
MX1	17	0.9411764705882353	0.7058823529411765	0.0
MX2	17	0.9411764705882353	0.8823529411764706	0.0
MXD1	17	1.0	1.0	0.0
MXD3	17	0.8235294117647058	0.7647058823529411	0.0
MXD4	17	0.8823529411764706	0.8823529411764706	0.0
MXI1	17	1.0	0.9411764705882353	0.0
MXRA5	17	1.0	0.9411764705882353	0.0
MXRA7	17	0.9411764705882353	0.8823529411764706	0.0
MYADM	17	1.0	1.0	0.11764705882352941
MYBBP1A	17	1.0	1.0	0.0
MYCBP	17	1.0	0.9411764705882353	0.0
MYCBP2	17	0.8823529411764706	0.7647058823529411	0.0
MYCBP2-AS1	17	1.0	1.0	0.0
MYCBPAP	17	1.0	1.0	0.0
MYDGF	17	0.9411764705882353	0.9411764705882353	0.0
MYEF2	17	1.0	1.0	0.0
MYH10	17	1.0	0.9411764705882353	0.0
MYH11	17	0.9411764705882353	1.0	0.0
MYH14	17	1.0	1.0	0.9411764705882353
MYH3	17	1.0	1.0	0.0
MYH7B	17	1.0	1.0	0.0
MYH9	17	0.9411764705882353	0.8823529411764706	0.0
MYL12A	17	1.0	1.0	0.0
MYL12B	17	0.9411764705882353	1.0	0.0
MYL3	17	1.0	0.9411764705882353	0.11764705882352941
MYL5	17	0.9411764705882353	0.8235294117647058	0.0
MYL6	17	1.0	1.0	0.058823529411764705
MYL9	17	0.8235294117647058	0.8823529411764706	0.0
MYLIP	17	1.0	1.0	0.0
MYLK	17	0.8235294117647058	0.9411764705882353	0.0
MYLK-AS1	17	0.9411764705882353	0.9411764705882353	0.0
MYLK3	17	1.0	1.0	0.0
MYLK4	17	1.0	0.9411764705882353	0.058823529411764705
MYNN	17	0.9411764705882353	0.9411764705882353	0.0
MYO10	17	1.0	1.0	0.0
MYO15A	17	0.7058823529411765	0.6470588235294118	0.0
MYO15B	17	0.9411764705882353	1.0	0.0
MYO16	17	0.8235294117647058	0.7058823529411765	0.0
MYO18A	17	0.9411764705882353	0.8823529411764706	0.0
MYO19	17	0.9411764705882353	0.9411764705882353	0.0
MYO1B	17	0.9411764705882353	0.8823529411764706	0.0
MYO1C	17	0.9411764705882353	0.9411764705882353	0.17647058823529413
MYO1D	17	1.0	1.0	0.7647058823529411
MYO1E	17	1.0	1.0	0.0
MYO1F	17	0.7058823529411765	0.7647058823529411	0.0
MYO1H	17	0.7647058823529411	0.9411764705882353	0.0
MYO3A	17	1.0	1.0	0.0
MYO3B	17	0.9411764705882353	1.0	0.0
MYO3B-AS1	17	1.0	1.0	0.0
MYO5A	17	1.0	1.0	0.0
MYO5B	17	1.0	1.0	0.11764705882352941
MYO5C	17	1.0	1.0	0.9411764705882353
MYO6	17	0.9411764705882353	0.9411764705882353	0.11764705882352941
MYO7A	17	1.0	1.0	0.0
MYO7B	17	1.0	1.0	0.0
MYO9A	17	0.9411764705882353	0.9411764705882353	0.0
MYO9B	17	0.9411764705882353	0.9411764705882353	0.11764705882352941
MYOCOS	17	0.8235294117647058	0.8235294117647058	0.0
MYOF	17	1.0	1.0	0.11764705882352941
MYOM1	17	0.9411764705882353	1.0	0.0
MYOM2	17	1.0	1.0	0.0
MYOM3	17	1.0	1.0	0.0
MYOT	17	1.0	1.0	0.0
MYPOP	17	1.0	1.0	0.0
MYRF	17	1.0	0.9411764705882353	0.0
MYRFL	17	0.7058823529411765	0.9411764705882353	0.0
MYRIP	17	0.8823529411764706	0.7647058823529411	0.0
MYSM1	17	0.8823529411764706	0.9411764705882353	0.0
MZF1	17	0.8823529411764706	1.0	0.0
MZF1-AS1	17	1.0	1.0	0.0
MZT1	17	1.0	1.0	0.0
MZT2A	17	0.8235294117647058	0.8235294117647058	0.0
MZT2B	17	1.0	1.0	0.0
N4BP1	17	1.0	1.0	0.0
N4BP2	17	0.7647058823529411	0.8823529411764706	0.0
N4BP2L1	17	1.0	1.0	0.0
N4BP2L2	17	1.0	1.0	0.0
N4BP2L2-IT2	17	1.0	1.0	0.0
N4BP3	17	0.9411764705882353	1.0	0.0
N6AMT1	17	0.9411764705882353	0.8823529411764706	0.0
NAA10	17	0.7058823529411765	1.0	0.0
NAA15	17	1.0	1.0	0.058823529411764705
NAA16	17	0.9411764705882353	0.9411764705882353	0.0
NAA20	17	0.9411764705882353	0.9411764705882353	0.0
NAA25	17	1.0	0.9411764705882353	0.0
NAA30	17	1.0	1.0	0.0
NAA35	17	0.9411764705882353	0.9411764705882353	0.0
NAA38	17	1.0	0.8823529411764706	0.0
NAA40	17	0.8235294117647058	1.0	0.0
NAA50	17	0.9411764705882353	0.9411764705882353	0.0
NAA60	17	1.0	1.0	0.0
NAA80	17	0.9411764705882353	0.9411764705882353	0.0
NAAA	17	0.9411764705882353	1.0	0.0
NAALADL2	17	0.9411764705882353	0.9411764705882353	0.0
NAALADL2-AS2	17	1.0	1.0	0.0
NAALADL2-AS3	17	0.9411764705882353	1.0	0.0
NAB1	17	0.9411764705882353	0.8235294117647058	0.0
NAB2	17	0.8235294117647058	1.0	0.0
NABP1	17	1.0	1.0	0.058823529411764705
NABP2	17	1.0	0.9411764705882353	0.0
NACA	17	0.7058823529411765	0.8235294117647058	0.0
NACC1	17	1.0	1.0	0.0
NACC2	17	0.9411764705882353	0.9411764705882353	0.0
NADK	17	0.8823529411764706	0.9411764705882353	0.0
NADK2	17	1.0	0.8235294117647058	0.0
NADSYN1	17	1.0	1.0	0.0
NAE1	17	1.0	1.0	0.0
NAF1	17	0.8235294117647058	0.9411764705882353	0.0
NAGK	17	0.9411764705882353	1.0	0.0
NAGLU	17	0.7647058823529411	0.8823529411764706	0.0
NAGPA	17	1.0	1.0	0.0
NAIP	17	0.7647058823529411	1.0	0.0
NAMPT	17	1.0	1.0	0.0
NANP	17	1.0	0.8235294117647058	0.0
NANS	17	1.0	1.0	0.0
NAP1L1	17	1.0	1.0	0.0
NAP1L2	17	0.7647058823529411	0.7647058823529411	0.0
NAP1L4	17	1.0	1.0	0.0
NAP1L5	17	0.8235294117647058	0.8235294117647058	0.0
NAPA	17	0.8823529411764706	1.0	0.0
NAPA-AS1	17	1.0	1.0	0.0
NAPB	17	1.0	1.0	0.0
NAPEPLD	17	0.9411764705882353	0.9411764705882353	0.0
NAPG	17	1.0	1.0	0.0
NAPRT	17	0.7647058823529411	1.0	0.0
NARF	17	1.0	1.0	0.0
NARS	17	1.0	0.9411764705882353	0.0
NARS2	17	0.9411764705882353	0.9411764705882353	0.0
NASP	17	0.8823529411764706	1.0	0.0
NAT1	17	0.8235294117647058	0.8235294117647058	0.0
NAT10	17	0.9411764705882353	0.8823529411764706	0.0
NAT14	17	0.5294117647058824	0.8823529411764706	0.0
NAT8L	17	1.0	1.0	0.0
NAT9	17	1.0	1.0	0.0
NAV1	17	1.0	1.0	0.0
NAV2	17	1.0	0.9411764705882353	0.11764705882352941
NAV2-AS3	17	0.8235294117647058	0.8235294117647058	0.0
NAV3	17	1.0	1.0	0.0
NAXD	17	0.9411764705882353	1.0	0.0
NAXE	17	1.0	0.9411764705882353	0.0
NBAS	17	1.0	1.0	0.058823529411764705
NBDY	17	1.0	0.8823529411764706	0.0
NBEA	17	1.0	1.0	0.0
NBEAL1	17	1.0	0.9411764705882353	0.0
NBEAL2	17	1.0	1.0	0.0
NBL1	17	0.9411764705882353	1.0	0.0
NBN	17	0.9411764705882353	1.0	0.0
NBPF1	17	0.9411764705882353	0.9411764705882353	0.0
NBPF10	17	0.9411764705882353	1.0	0.0
NBPF11	17	0.8823529411764706	0.8823529411764706	0.0
NBPF12	17	0.9411764705882353	0.7647058823529411	0.0
NBPF14	17	0.9411764705882353	0.9411764705882353	0.058823529411764705
NBPF15	17	0.8235294117647058	1.0	0.0
NBPF19	17	0.8823529411764706	1.0	0.0
NBPF26	17	1.0	0.8823529411764706	0.0
NBPF3	17	1.0	1.0	0.0
NBPF9	17	0.9411764705882353	1.0	0.0
NBR1	17	0.9411764705882353	0.8235294117647058	0.0
NBR2	17	0.9411764705882353	0.8823529411764706	0.0
NCALD	17	1.0	1.0	0.9411764705882353
NCAM2	17	1.0	0.9411764705882353	0.058823529411764705
NCAPD2	17	0.9411764705882353	0.6470588235294118	0.0
NCAPD3	17	0.9411764705882353	0.7058823529411765	0.0
NCAPG2	17	0.8823529411764706	0.8823529411764706	0.0
NCAPH2	17	0.9411764705882353	1.0	0.0
NCBP1	17	0.8235294117647058	1.0	0.0
NCBP2	17	1.0	1.0	0.0
NCBP3	17	0.9411764705882353	0.9411764705882353	0.0
NCEH1	17	1.0	1.0	0.17647058823529413
NCK1	17	0.9411764705882353	0.8823529411764706	0.0
NCK1-DT	17	1.0	0.7058823529411765	0.0
NCK2	17	1.0	1.0	0.0
NCKAP1	17	1.0	1.0	0.11764705882352941
NCKAP5	17	1.0	1.0	0.0
NCKAP5L	17	1.0	1.0	0.0
NCKIPSD	17	0.9411764705882353	1.0	0.0
NCL	17	1.0	1.0	0.0
NCLN	17	0.6470588235294118	0.9411764705882353	0.0
NCMAP	17	0.9411764705882353	1.0	0.058823529411764705
NCOA1	17	1.0	1.0	0.0
NCOA2	17	1.0	1.0	0.0
NCOA3	17	1.0	1.0	0.6470588235294118
NCOA4	17	1.0	0.9411764705882353	0.0
NCOA5	17	1.0	0.9411764705882353	0.058823529411764705
NCOA6	17	0.9411764705882353	1.0	0.058823529411764705
NCOA7	17	0.9411764705882353	1.0	0.0
NCOR1	17	0.9411764705882353	0.9411764705882353	0.0
NCOR2	17	1.0	0.9411764705882353	0.0
NCR3LG1	17	1.0	1.0	0.058823529411764705
NCS1	17	1.0	0.9411764705882353	0.0
NCSTN	17	1.0	1.0	0.0
NDC1	17	1.0	1.0	0.0
NDE1	17	0.9411764705882353	0.8823529411764706	0.0
NDEL1	17	0.9411764705882353	0.8235294117647058	0.0
NDFIP1	17	1.0	1.0	0.0
NDFIP2	17	1.0	1.0	0.0
NDNF	17	1.0	1.0	0.0
NDOR1	17	1.0	1.0	0.0
NDRG1	17	0.9411764705882353	1.0	0.0
NDRG2	17	0.9411764705882353	1.0	0.0
NDRG3	17	1.0	1.0	0.0
NDST1	17	1.0	1.0	0.0
NDST2	17	1.0	1.0	0.0
NDST3	17	0.9411764705882353	0.9411764705882353	0.0
NDUFA1	17	0.8235294117647058	0.8235294117647058	0.0
NDUFA10	17	1.0	1.0	0.0
NDUFA11	17	0.9411764705882353	0.9411764705882353	0.0
NDUFA12	17	1.0	1.0	0.0
NDUFA13	17	1.0	1.0	0.058823529411764705
NDUFA2	17	0.8823529411764706	0.9411764705882353	0.0
NDUFA3	17	0.9411764705882353	0.8823529411764706	0.0
NDUFA4	17	1.0	1.0	0.0
NDUFA5	17	0.9411764705882353	0.8823529411764706	0.0
NDUFA6	17	0.8235294117647058	0.8235294117647058	0.0
NDUFA6-DT	17	0.8823529411764706	1.0	0.0
NDUFA7	17	0.7647058823529411	1.0	0.0
NDUFA8	17	1.0	0.9411764705882353	0.0
NDUFA9	17	1.0	1.0	0.0
NDUFAB1	17	1.0	1.0	0.0
NDUFAF1	17	0.7647058823529411	1.0	0.0
NDUFAF2	17	0.9411764705882353	0.9411764705882353	0.0
NDUFAF4	17	1.0	1.0	0.0
NDUFAF5	17	0.8823529411764706	0.8235294117647058	0.0
NDUFAF6	17	0.9411764705882353	0.9411764705882353	0.0
NDUFAF7	17	0.9411764705882353	1.0	0.0
NDUFAF8	17	0.9411764705882353	0.9411764705882353	0.0
NDUFB1	17	1.0	0.8823529411764706	0.0
NDUFB2	17	0.9411764705882353	0.9411764705882353	0.0
NDUFB3	17	1.0	1.0	0.0
NDUFB4	17	0.8823529411764706	0.7647058823529411	0.0
NDUFB5	17	0.9411764705882353	0.29411764705882354	0.0
NDUFB6	17	0.5294117647058824	0.9411764705882353	0.0
NDUFB7	17	1.0	1.0	0.0
NDUFB8	17	0.9411764705882353	0.7058823529411765	0.0
NDUFB9	17	0.8823529411764706	1.0	0.0
NDUFC1	17	1.0	1.0	0.0
NDUFC2	17	1.0	0.9411764705882353	0.0
NDUFS1	17	0.9411764705882353	1.0	0.0
NDUFS2	17	1.0	1.0	0.0
NDUFS3	17	1.0	1.0	0.0
NDUFS4	17	1.0	0.9411764705882353	0.0
NDUFS5	17	0.9411764705882353	0.9411764705882353	0.0
NDUFS6	17	1.0	1.0	0.058823529411764705
NDUFS7	17	0.8235294117647058	1.0	0.0
NDUFS8	17	0.9411764705882353	0.8235294117647058	0.0
NDUFV1	17	1.0	1.0	0.0
NDUFV2	17	1.0	0.9411764705882353	0.0
NDUFV2-AS1	17	0.7058823529411765	1.0	0.0
NDUFV3	17	0.8823529411764706	1.0	0.0
NEAT1	17	1.0	1.0	0.058823529411764705
NEB	17	1.0	1.0	0.0
NEBL	17	0.7647058823529411	1.0	0.0
NECAB3	17	1.0	1.0	0.0
NECAP1	17	1.0	0.8823529411764706	0.0
NECAP2	17	1.0	1.0	0.0
NECTIN1	17	0.9411764705882353	0.9411764705882353	0.058823529411764705
NECTIN2	17	0.8235294117647058	0.8235294117647058	0.0
NECTIN3	17	0.8235294117647058	0.9411764705882353	0.0
NECTIN3-AS1	17	1.0	1.0	0.0
NECTIN4	17	0.6470588235294118	0.9411764705882353	0.0
NEDD1	17	0.9411764705882353	0.9411764705882353	0.0
NEDD4	17	1.0	0.8823529411764706	0.0
NEDD4L	17	1.0	1.0	0.0
NEDD8	17	1.0	0.8823529411764706	0.0
NEDD9	17	1.0	1.0	0.11764705882352941
NEGR1	17	0.8235294117647058	0.8235294117647058	0.0
NEIL1	17	1.0	1.0	0.0
NEIL2	17	1.0	0.9411764705882353	0.0
NEK1	17	1.0	1.0	0.0
NEK10	17	0.9411764705882353	1.0	0.0
NEK11	17	1.0	1.0	0.11764705882352941
NEK3	17	1.0	1.0	0.0
NEK4	17	1.0	1.0	0.0
NEK5	17	1.0	1.0	0.0
NEK6	17	1.0	1.0	0.058823529411764705
NEK7	17	1.0	1.0	0.0
NEK8	17	1.0	1.0	0.0
NEK9	17	1.0	1.0	0.0
NELFA	17	0.8823529411764706	0.9411764705882353	0.0
NELFB	17	0.9411764705882353	0.8823529411764706	0.0
NELFCD	17	1.0	1.0	0.0
NELFE	17	0.9411764705882353	1.0	0.0
NELL1	17	1.0	1.0	0.058823529411764705
NELL2	17	1.0	0.9411764705882353	0.058823529411764705
NEMF	17	0.8823529411764706	1.0	0.0
NEMP1	17	0.9411764705882353	1.0	0.0
NEMP2	17	0.9411764705882353	1.0	0.0
NENF	17	1.0	0.9411764705882353	0.0
NEO1	17	0.9411764705882353	1.0	0.0
NEPRO	17	0.9411764705882353	1.0	0.0
NET1	17	1.0	1.0	0.0
NEU1	17	0.9411764705882353	1.0	0.0
NEU3	17	1.0	1.0	0.0
NEURL1	17	1.0	1.0	0.0
NEURL3	17	1.0	1.0	0.0
NEURL4	17	1.0	1.0	0.0
NEXMIF	17	1.0	1.0	0.0
NEXN	17	0.9411764705882353	0.9411764705882353	0.0
NEXN-AS1	17	1.0	1.0	0.0
NF1	17	1.0	0.9411764705882353	0.0
NF2	17	0.7058823529411765	0.7058823529411765	0.0
NFAM1	17	1.0	1.0	0.0
NFASC	17	0.8823529411764706	1.0	0.0
NFAT5	17	1.0	1.0	0.0
NFATC1	17	0.9411764705882353	0.9411764705882353	0.11764705882352941
NFATC2	17	1.0	1.0	0.11764705882352941
NFATC2IP	17	1.0	1.0	0.0
NFATC3	17	0.7058823529411765	0.9411764705882353	0.0
NFATC4	17	1.0	1.0	0.0
NFE2L1	17	1.0	1.0	0.0
NFE2L2	17	1.0	1.0	0.058823529411764705
NFE2L3	17	1.0	1.0	0.0
NFIA	17	1.0	1.0	0.0
NFIB	17	0.7647058823529411	0.9411764705882353	0.0
NFIC	17	0.9411764705882353	0.9411764705882353	0.058823529411764705
NFIL3	17	1.0	1.0	0.0
NFIX	17	0.8823529411764706	0.9411764705882353	0.0
NFKB1	17	1.0	1.0	0.0
NFKB2	17	0.9411764705882353	0.8823529411764706	0.0
NFKBIA	17	0.7647058823529411	0.9411764705882353	0.0
NFKBIB	17	0.9411764705882353	0.7647058823529411	0.0
NFKBID	17	1.0	0.9411764705882353	0.29411764705882354
NFKBIL1	17	1.0	0.7647058823529411	0.0
NFKBIZ	17	0.8823529411764706	1.0	0.0
NFRKB	17	0.8823529411764706	1.0	0.0
NFS1	17	0.9411764705882353	1.0	0.0
NFU1	17	0.9411764705882353	0.9411764705882353	0.0
NFX1	17	1.0	0.9411764705882353	0.11764705882352941
NFXL1	17	0.8823529411764706	1.0	0.0
NFYA	17	1.0	0.9411764705882353	0.0
NFYB	17	0.9411764705882353	1.0	0.0
NFYC	17	1.0	1.0	0.0
NGDN	17	0.9411764705882353	0.9411764705882353	0.0
NGLY1	17	0.9411764705882353	0.9411764705882353	0.0
NGRN	17	1.0	1.0	0.0
NHEJ1	17	0.9411764705882353	1.0	0.0
NHLRC2	17	0.8823529411764706	0.7647058823529411	0.0
NHLRC3	17	0.8823529411764706	0.7647058823529411	0.0
NHLRC4	17	0.8823529411764706	0.9411764705882353	0.0
NHP2	17	0.8235294117647058	0.8235294117647058	0.0
NHS	17	1.0	1.0	0.35294117647058826
NHSL1	17	1.0	1.0	0.0
NHSL2	17	0.9411764705882353	0.8823529411764706	0.0
NIBAN1	17	1.0	1.0	0.8235294117647058
NIBAN2	17	1.0	1.0	0.11764705882352941
NICN1	17	0.9411764705882353	1.0	0.0
NID1	17	0.8235294117647058	1.0	0.0
NID2	17	0.9411764705882353	0.9411764705882353	0.0
NIF3L1	17	0.9411764705882353	1.0	0.0
NIFK	17	1.0	1.0	0.058823529411764705
NIFK-AS1	17	1.0	1.0	0.0
NIM1K	17	0.7647058823529411	0.7647058823529411	0.0
NIN	17	1.0	0.9411764705882353	0.0
NINJ1	17	0.9411764705882353	1.0	0.0
NINL	17	1.0	0.8823529411764706	0.0
NIP7	17	0.8235294117647058	0.8235294117647058	0.0
NIPA1	17	0.8235294117647058	1.0	0.0
NIPA2	17	0.9411764705882353	0.7058823529411765	0.0
NIPAL1	17	1.0	1.0	0.0
NIPAL2	17	0.9411764705882353	1.0	0.0
NIPAL3	17	1.0	0.9411764705882353	0.0
NIPBL	17	1.0	0.9411764705882353	0.0
NIPBL-DT	17	0.7647058823529411	0.9411764705882353	0.0
NIPSNAP1	17	0.9411764705882353	0.9411764705882353	0.0
NIPSNAP2	17	0.9411764705882353	1.0	0.0
NIPSNAP3A	17	1.0	1.0	0.0
NIPSNAP3B	17	1.0	1.0	0.0
NISCH	17	1.0	1.0	0.0
NIT1	17	1.0	1.0	0.0
NIT2	17	0.7058823529411765	0.9411764705882353	0.0
NKAIN2	17	0.9411764705882353	0.9411764705882353	0.0
NKAIN3	17	1.0	1.0	0.0
NKAIN4	17	0.8235294117647058	0.8235294117647058	0.0
NKAP	17	1.0	1.0	0.0
NKAPD1	17	1.0	1.0	0.0
NKIRAS1	17	0.7647058823529411	0.9411764705882353	0.0
NKIRAS2	17	1.0	0.9411764705882353	0.0
NKRF	17	0.9411764705882353	1.0	0.0
NKTR	17	0.7647058823529411	1.0	0.0
NLGN1	17	0.9411764705882353	1.0	0.0
NLGN2	17	0.9411764705882353	1.0	0.0
NLGN4X	17	1.0	1.0	0.0
NLGN4Y	17	0.9411764705882353	1.0	0.0
NLK	17	0.9411764705882353	0.8823529411764706	0.0
NLN	17	1.0	1.0	0.0
NLRC3	17	0.7647058823529411	0.8823529411764706	0.0
NLRC5	17	0.8823529411764706	0.8235294117647058	0.0
NLRP1	17	1.0	0.9411764705882353	0.0
NLRP2	17	0.9411764705882353	0.4117647058823529	0.0
NLRX1	17	0.9411764705882353	0.9411764705882353	0.0
NMD3	17	1.0	1.0	0.0
NME2	17	0.8235294117647058	0.7058823529411765	0.0
NME3	17	0.9411764705882353	1.0	0.0
NME5	17	1.0	0.8823529411764706	0.0
NME6	17	0.8235294117647058	0.8235294117647058	0.0
NME7	17	1.0	1.0	0.0
NME9	17	1.0	1.0	0.058823529411764705
NMI	17	0.8823529411764706	1.0	0.0
NMNAT1	17	1.0	1.0	0.0
NMNAT2	17	0.9411764705882353	1.0	0.11764705882352941
NMNAT3	17	1.0	1.0	0.0
NMRAL1	17	1.0	1.0	0.0
NMRK1	17	1.0	1.0	0.0
NMT1	17	0.9411764705882353	0.9411764705882353	0.0
NMT2	17	0.9411764705882353	0.7647058823529411	0.0
NNAT	17	1.0	1.0	0.0
NNMT	17	0.8235294117647058	0.8235294117647058	0.0
NNT	17	1.0	0.9411764705882353	0.0
NNT-AS1	17	1.0	1.0	0.0
NOA1	17	0.9411764705882353	1.0	0.0
NOB1	17	1.0	1.0	0.0
NOC2L	17	1.0	0.7647058823529411	0.0
NOC3L	17	0.8823529411764706	1.0	0.0
NOC4L	17	1.0	0.9411764705882353	0.0
NOCT	17	1.0	1.0	0.0
NOD1	17	1.0	0.9411764705882353	0.0
NOL10	17	0.9411764705882353	1.0	0.0
NOL11	17	1.0	1.0	0.0
NOL12	17	1.0	1.0	0.0
NOL3	17	0.9411764705882353	0.9411764705882353	0.0
NOL4L	17	1.0	1.0	0.0
NOL6	17	0.8235294117647058	1.0	0.0
NOL7	17	0.9411764705882353	1.0	0.0
NOL8	17	1.0	1.0	0.0
NOL9	17	1.0	0.8235294117647058	0.0
NOLC1	17	0.9411764705882353	1.0	0.0
NOM1	17	1.0	1.0	0.0
NOMO1	17	1.0	0.9411764705882353	0.0
NOMO2	17	1.0	0.7647058823529411	0.0
NOMO3	17	1.0	1.0	0.0
NONO	17	0.9411764705882353	0.9411764705882353	0.0
NOP14	17	0.9411764705882353	1.0	0.0
NOP14-AS1	17	0.8823529411764706	1.0	0.0
NOP16	17	0.9411764705882353	1.0	0.0
NOP2	17	1.0	1.0	0.0
NOP53	17	0.9411764705882353	0.9411764705882353	0.0
NOP56	17	0.7058823529411765	1.0	0.0
NOP58	17	1.0	1.0	0.0
NOP9	17	0.7647058823529411	0.8235294117647058	0.0
NORAD	17	0.9411764705882353	0.8823529411764706	0.0
NOS1	17	0.7647058823529411	0.9411764705882353	0.0
NOS1AP	17	0.9411764705882353	0.8235294117647058	0.0
NOSIP	17	1.0	0.9411764705882353	0.0
NOSTRIN	17	0.7647058823529411	1.0	0.0
NOTCH1	17	1.0	1.0	0.0
NOTCH2	17	1.0	1.0	0.17647058823529413
NOTCH2NLA	17	1.0	1.0	0.0
NOTCH2NLC	17	0.9411764705882353	1.0	0.0
NOTCH3	17	1.0	0.7647058823529411	0.0
NOVA1	17	0.9411764705882353	1.0	0.0
NOX4	17	0.9411764705882353	1.0	0.058823529411764705
NOX5	17	1.0	0.9411764705882353	0.0
NOXA1	17	0.9411764705882353	1.0	0.0
NOXRED1	17	1.0	1.0	0.0
NPAP1	17	0.8235294117647058	1.0	0.0
NPAS2	17	1.0	1.0	0.058823529411764705
NPAS3	17	1.0	1.0	0.0
NPAT	17	1.0	1.0	0.0
NPC1	17	0.9411764705882353	0.9411764705882353	0.11764705882352941
NPC2	17	0.9411764705882353	0.9411764705882353	0.0
NPDC1	17	0.6470588235294118	0.7647058823529411	0.0
NPEPL1	17	1.0	1.0	0.0
NPEPPS	17	1.0	1.0	0.8823529411764706
NPHP1	17	0.9411764705882353	1.0	0.0
NPHP3	17	0.9411764705882353	1.0	0.0
NPHP3-AS1	17	0.9411764705882353	1.0	0.0
NPHP4	17	1.0	1.0	0.29411764705882354
NPIPA1	17	1.0	1.0	0.0
NPIPB11	17	0.6470588235294118	0.8235294117647058	0.0
NPIPB13	17	0.9411764705882353	0.8823529411764706	0.0
NPIPB15	17	1.0	1.0	0.0
NPIPB2	17	0.8823529411764706	0.8823529411764706	0.0
NPIPB3	17	1.0	1.0	0.0
NPIPB4	17	0.9411764705882353	1.0	0.0
NPIPB5	17	1.0	0.9411764705882353	0.0
NPL	17	1.0	1.0	0.0
NPLOC4	17	1.0	0.9411764705882353	0.11764705882352941
NPM1	17	1.0	0.9411764705882353	0.0
NPM2	17	1.0	1.0	0.0
NPNT	17	0.9411764705882353	0.9411764705882353	0.0
NPR1	17	0.7647058823529411	0.8235294117647058	0.0
NPR2	17	1.0	1.0	0.0
NPR3	17	1.0	1.0	0.0
NPRL2	17	0.47058823529411764	0.8235294117647058	0.0
NPRL3	17	1.0	1.0	0.0
NPSR1-AS1	17	0.8235294117647058	1.0	0.0
NPTN	17	0.9411764705882353	1.0	0.0
NPTN-IT1	17	0.9411764705882353	1.0	0.0
NPY1R	17	1.0	0.7647058823529411	0.0
NQO1	17	0.7647058823529411	0.8823529411764706	0.0
NQO2	17	0.8823529411764706	0.6470588235294118	0.0
NR0B2	17	0.9411764705882353	1.0	0.0
NR1D1	17	1.0	1.0	0.0
NR1D2	17	0.9411764705882353	1.0	0.0
NR1H2	17	1.0	0.9411764705882353	0.0
NR1H3	17	0.9411764705882353	1.0	0.0
NR1H4	17	0.9411764705882353	1.0	0.0
NR2C1	17	1.0	1.0	0.0
NR2C2	17	0.5294117647058824	0.8235294117647058	0.0
NR2E3	17	0.8235294117647058	0.8235294117647058	0.0
NR2F1-AS1	17	1.0	0.8823529411764706	0.0
NR2F2	17	1.0	1.0	0.058823529411764705
NR2F2-AS1	17	0.7058823529411765	1.0	0.0
NR2F6	17	0.8823529411764706	1.0	0.0
NR3C1	17	1.0	0.8235294117647058	0.0
NR3C2	17	1.0	1.0	0.0
NR4A1	17	0.7647058823529411	1.0	0.0
NR4A2	17	0.9411764705882353	1.0	0.0
NR4A3	17	0.7647058823529411	1.0	0.0
NR6A1	17	1.0	0.9411764705882353	0.0
NRAD1	17	1.0	0.9411764705882353	0.0
NRAS	17	0.9411764705882353	1.0	0.0
NRAV	17	1.0	1.0	0.0
NRBF2	17	0.9411764705882353	0.9411764705882353	0.0
NRBP1	17	1.0	1.0	0.0
NRBP2	17	0.9411764705882353	1.0	0.0
NRCAM	17	1.0	1.0	0.058823529411764705
NRDC	17	1.0	1.0	0.0
NRDE2	17	1.0	1.0	0.0
NREP	17	1.0	1.0	0.0
NRF1	17	1.0	1.0	0.0
NRG1	17	1.0	0.9411764705882353	0.9411764705882353
NRG2	17	1.0	1.0	0.0
NRG3	17	1.0	1.0	0.23529411764705882
NRG4	17	0.9411764705882353	0.9411764705882353	0.0
NRIP1	17	1.0	1.0	0.0
NRK	17	0.9411764705882353	1.0	0.0
NRL	17	1.0	0.8235294117647058	0.0
NRP1	17	0.7647058823529411	0.8823529411764706	0.0
NRSN1	17	1.0	1.0	0.058823529411764705
NRSN2	17	0.9411764705882353	0.7647058823529411	0.0
NRSN2-AS1	17	1.0	1.0	0.0
NRXN1	17	0.9411764705882353	0.7647058823529411	0.0
NRXN3	17	1.0	1.0	0.058823529411764705
NSA2	17	0.9411764705882353	1.0	0.0
NSD1	17	0.9411764705882353	1.0	0.0
NSD2	17	1.0	0.9411764705882353	0.0
NSD3	17	1.0	1.0	0.0
NSDHL	17	0.9411764705882353	0.8823529411764706	0.0
NSF	17	0.8823529411764706	0.8235294117647058	0.0
NSFL1C	17	1.0	1.0	0.0
NSL1	17	0.7058823529411765	1.0	0.0
NSMAF	17	0.9411764705882353	1.0	0.0
NSMCE1	17	1.0	1.0	0.0
NSMCE1-DT	17	1.0	1.0	0.0
NSMCE2	17	1.0	1.0	0.0
NSMCE4A	17	0.9411764705882353	1.0	0.0
NSMF	17	0.6470588235294118	1.0	0.0
NSRP1	17	1.0	0.8823529411764706	0.0
NSUN2	17	0.8823529411764706	0.7647058823529411	0.0
NSUN3	17	1.0	0.9411764705882353	0.0
NSUN4	17	0.8823529411764706	0.9411764705882353	0.0
NSUN5	17	1.0	1.0	0.0
NSUN6	17	0.9411764705882353	1.0	0.0
NSUN7	17	1.0	1.0	0.0
NT5C	17	1.0	1.0	0.0
NT5C2	17	1.0	1.0	0.11764705882352941
NT5C3A	17	0.9411764705882353	0.6470588235294118	0.0
NT5C3B	17	1.0	0.9411764705882353	0.0
NT5DC1	17	0.9411764705882353	0.9411764705882353	0.0
NT5DC2	17	0.8235294117647058	0.8235294117647058	0.0
NT5DC3	17	1.0	1.0	0.0
NT5M	17	0.9411764705882353	1.0	0.0
NTAN1	17	1.0	1.0	0.0
NTF3	17	0.8235294117647058	0.8235294117647058	0.0
NTM	17	0.9411764705882353	0.9411764705882353	0.11764705882352941
NTMT1	17	0.9411764705882353	0.9411764705882353	0.0
NTN1	17	1.0	0.9411764705882353	0.0
NTN4	17	1.0	0.6470588235294118	0.0
NTN5	17	0.9411764705882353	1.0	0.0
NTNG1	17	1.0	1.0	0.058823529411764705
NTPCR	17	0.9411764705882353	1.0	0.0
NTRK2	17	0.7647058823529411	0.9411764705882353	0.0
NTSR1	17	0.7647058823529411	0.9411764705882353	0.0
NUAK1	17	0.8235294117647058	0.8235294117647058	0.0
NUAK2	17	0.8235294117647058	1.0	0.0
NUB1	17	0.7647058823529411	1.0	0.0
NUBP1	17	1.0	1.0	0.0
NUBP2	17	1.0	1.0	0.0
NUBPL	17	1.0	1.0	0.0
NUCB1	17	0.9411764705882353	1.0	0.0
NUCB1-AS1	17	0.9411764705882353	0.8235294117647058	0.0
NUCB2	17	0.9411764705882353	0.8823529411764706	0.0
NUCKS1	17	0.8823529411764706	1.0	0.0
NUDC	17	1.0	1.0	0.11764705882352941
NUDCD1	17	1.0	1.0	0.0
NUDCD2	17	0.9411764705882353	0.8823529411764706	0.0
NUDCD3	17	0.7647058823529411	1.0	0.0
NUDT12	17	0.9411764705882353	1.0	0.0
NUDT13	17	0.9411764705882353	1.0	0.0
NUDT16	17	0.8823529411764706	0.7647058823529411	0.0
NUDT16L1	17	0.8235294117647058	0.8235294117647058	0.0
NUDT19	17	1.0	0.7647058823529411	0.0
NUDT2	17	1.0	1.0	0.0
NUDT21	17	1.0	0.47058823529411764	0.0
NUDT22	17	0.7058823529411765	0.9411764705882353	0.0
NUDT3	17	0.9411764705882353	1.0	0.0
NUDT4	17	1.0	1.0	0.0
NUDT5	17	0.9411764705882353	1.0	0.0
NUDT6	17	0.9411764705882353	1.0	0.0
NUDT7	17	1.0	0.9411764705882353	0.0
NUDT9	17	0.9411764705882353	1.0	0.0
NUF2	17	1.0	1.0	0.0
NUFIP1	17	0.9411764705882353	0.8823529411764706	0.0
NUFIP2	17	1.0	1.0	0.058823529411764705
NUMA1	17	1.0	1.0	0.058823529411764705
NUMB	17	1.0	1.0	0.9411764705882353
NUMBL	17	0.8823529411764706	0.8235294117647058	0.0
NUP107	17	1.0	1.0	0.0
NUP133	17	1.0	1.0	0.0
NUP153	17	0.9411764705882353	0.9411764705882353	0.0
NUP155	17	1.0	1.0	0.0
NUP160	17	0.9411764705882353	0.9411764705882353	0.058823529411764705
NUP188	17	0.9411764705882353	0.9411764705882353	0.0
NUP205	17	1.0	1.0	0.4117647058823529
NUP210	17	0.9411764705882353	1.0	0.0
NUP210L	17	0.7647058823529411	0.9411764705882353	0.0
NUP214	17	1.0	1.0	0.0
NUP35	17	0.9411764705882353	1.0	0.0
NUP37	17	0.9411764705882353	1.0	0.0
NUP42	17	0.9411764705882353	0.7647058823529411	0.0
NUP43	17	1.0	1.0	0.0
NUP50	17	0.9411764705882353	1.0	0.0
NUP50-DT	17	1.0	0.8823529411764706	0.0
NUP54	17	0.8823529411764706	1.0	0.0
NUP58	17	0.9411764705882353	0.7647058823529411	0.0
NUP62	17	0.7058823529411765	1.0	0.0
NUP62CL	17	0.9411764705882353	1.0	0.0
NUP85	17	0.9411764705882353	0.9411764705882353	0.0
NUP88	17	1.0	0.9411764705882353	0.058823529411764705
NUP93	17	0.9411764705882353	1.0	0.0
NUP98	17	0.6470588235294118	1.0	0.0
NUS1	17	1.0	0.9411764705882353	0.0
NUSAP1	17	0.9411764705882353	1.0	0.0
NUTF2	17	0.9411764705882353	1.0	0.0
NUTM2A-AS1	17	1.0	1.0	0.0
NUTM2B-AS1	17	0.9411764705882353	0.9411764705882353	0.0
NVL	17	1.0	1.0	0.0
NWD1	17	0.7647058823529411	0.7058823529411765	0.0
NXF1	17	1.0	1.0	0.0
NXN	17	0.9411764705882353	0.9411764705882353	0.0
NXNL2	17	0.8235294117647058	0.8235294117647058	0.0
NXPE3	17	1.0	1.0	0.0
NXPH2	17	1.0	0.9411764705882353	0.0
OAF	17	0.9411764705882353	0.9411764705882353	0.23529411764705882
OARD1	17	0.9411764705882353	0.7647058823529411	0.0
OAT	17	0.9411764705882353	0.9411764705882353	0.0
OAZ1	17	1.0	1.0	0.0
OAZ2	17	0.7647058823529411	1.0	0.0
OBI1	17	1.0	0.7647058823529411	0.0
OBI1-AS1	17	0.7647058823529411	1.0	0.0
OBSCN	17	0.9411764705882353	1.0	0.0
OBSCN-AS1	17	1.0	1.0	0.0
OBSL1	17	1.0	1.0	0.0
OCIAD1	17	1.0	0.7058823529411765	0.0
OCIAD2	17	1.0	1.0	0.0
OCLN	17	0.9411764705882353	1.0	0.11764705882352941
OCRL	17	0.8235294117647058	1.0	0.0
ODC1	17	0.9411764705882353	1.0	0.0
ODF2	17	0.8823529411764706	1.0	0.0
ODF2L	17	1.0	0.9411764705882353	0.0
ODF3B	17	0.7647058823529411	0.7647058823529411	0.0
ODR4	17	0.7647058823529411	1.0	0.0
OFD1	17	1.0	0.7647058823529411	0.0
OGA	17	0.8823529411764706	0.9411764705882353	0.0
OGDH	17	1.0	0.9411764705882353	0.058823529411764705
OGDHL	17	1.0	1.0	0.0
OGFOD1	17	1.0	1.0	0.0
OGFOD2	17	0.7058823529411765	0.8235294117647058	0.0
OGFOD3	17	0.9411764705882353	0.8823529411764706	0.0
OGFR	17	0.7058823529411765	0.9411764705882353	0.0
OGFRL1	17	1.0	1.0	0.0
OGG1	17	1.0	1.0	0.0
OGN	17	0.7647058823529411	0.7647058823529411	0.0
OGT	17	0.9411764705882353	1.0	0.0
OIP5	17	1.0	1.0	0.0
OIP5-AS1	17	0.9411764705882353	0.9411764705882353	0.0
OLA1	17	1.0	1.0	0.11764705882352941
OLFM2	17	1.0	1.0	0.0
OLFM4	17	1.0	1.0	0.0
OLMALINC	17	1.0	1.0	0.0
OLR1	17	0.9411764705882353	1.0	0.058823529411764705
OMA1	17	0.9411764705882353	1.0	0.0
OMG	17	1.0	1.0	0.058823529411764705
OPA1	17	1.0	1.0	0.0
OPA1-AS1	17	1.0	1.0	0.0
OPA3	17	0.9411764705882353	0.9411764705882353	0.0
OPCML	17	1.0	1.0	0.0
OPHN1	17	1.0	1.0	0.0
OPLAH	17	1.0	1.0	0.0
OPN3	17	1.0	1.0	0.0
OPRM1	17	1.0	1.0	0.0
OPTN	17	1.0	1.0	0.0
OR2A1-AS1	17	1.0	0.9411764705882353	0.0
OR2A7	17	1.0	1.0	0.0
OR3A2	17	0.9411764705882353	0.9411764705882353	0.0
ORAI2	17	1.0	1.0	0.47058823529411764
ORC2	17	1.0	1.0	0.0
ORC3	17	0.8235294117647058	1.0	0.0
ORC4	17	0.9411764705882353	1.0	0.0
ORC5	17	0.9411764705882353	1.0	0.0
ORC6	17	0.7647058823529411	0.8235294117647058	0.0
ORMDL1	17	1.0	0.9411764705882353	0.0
ORMDL2	17	0.7058823529411765	0.7647058823529411	0.0
ORMDL3	17	1.0	0.9411764705882353	0.0
OS9	17	1.0	0.9411764705882353	0.0
OSBP	17	1.0	0.9411764705882353	0.0
OSBP2	17	0.9411764705882353	0.8823529411764706	0.0
OSBPL10	17	1.0	1.0	0.9411764705882353
OSBPL11	17	1.0	1.0	0.0
OSBPL1A	17	1.0	1.0	0.0
OSBPL2	17	1.0	0.9411764705882353	0.11764705882352941
OSBPL3	17	0.9411764705882353	0.7647058823529411	0.0
OSBPL5	17	1.0	1.0	0.0
OSBPL6	17	1.0	1.0	0.0
OSBPL7	17	0.7058823529411765	0.9411764705882353	0.0
OSBPL8	17	1.0	1.0	0.0
OSBPL9	17	1.0	1.0	0.0
OSCP1	17	1.0	1.0	0.0
OSER1	17	1.0	1.0	0.0
OSER1-DT	17	1.0	1.0	0.0
OSGEP	17	1.0	0.9411764705882353	0.0
OSGEPL1	17	1.0	0.8823529411764706	0.0
OSGIN1	17	0.8235294117647058	0.8235294117647058	0.0
OSGIN2	17	0.8235294117647058	1.0	0.0
OSMR	17	1.0	0.7647058823529411	0.0
OSMR-AS1	17	0.9411764705882353	1.0	0.0
OST4	17	0.8235294117647058	0.8235294117647058	0.0
OSTC	17	0.7058823529411765	0.8235294117647058	0.0
OSTF1	17	1.0	1.0	0.0
OSTM1	17	0.7647058823529411	1.0	0.0
OTOGL	17	1.0	1.0	0.0
OTUB1	17	0.9411764705882353	1.0	0.0
OTUD1	17	1.0	1.0	0.0
OTUD3	17	0.9411764705882353	0.9411764705882353	0.0
OTUD4	17	1.0	1.0	0.0
OTUD5	17	0.9411764705882353	0.7058823529411765	0.0
OTUD6B	17	1.0	0.8235294117647058	0.0
OTUD6B-AS1	17	1.0	0.8823529411764706	0.0
OTUD7A	17	1.0	0.8823529411764706	0.0
OTUD7B	17	0.9411764705882353	0.9411764705882353	0.0
OTULIN	17	1.0	1.0	0.0
OTULINL	17	1.0	1.0	0.0
OTX2-AS1	17	0.8235294117647058	0.8235294117647058	0.0
OVCH1-AS1	17	1.0	1.0	0.0
OVCH2	17	1.0	1.0	0.0
OVOL2	17	1.0	1.0	0.0
OXA1L	17	0.9411764705882353	1.0	0.0
OXCT1	17	0.9411764705882353	1.0	0.0
OXLD1	17	0.9411764705882353	0.8823529411764706	0.0
OXNAD1	17	0.9411764705882353	1.0	0.0
OXR1	17	1.0	1.0	0.23529411764705882
OXSM	17	1.0	1.0	0.0
OXSR1	17	0.9411764705882353	0.9411764705882353	0.0
P2RX4	17	1.0	1.0	0.0
P2RY11	17	0.8823529411764706	1.0	0.0
P2RY6	17	0.9411764705882353	1.0	0.0
P3H1	17	1.0	1.0	0.0
P3H2	17	1.0	0.9411764705882353	0.0
P3H2-AS1	17	1.0	1.0	0.0
P3H3	17	0.7647058823529411	0.8235294117647058	0.0
P3H4	17	1.0	1.0	0.0
P4HA1	17	0.9411764705882353	1.0	0.11764705882352941
P4HA2	17	0.9411764705882353	0.9411764705882353	0.23529411764705882
P4HA3	17	1.0	1.0	0.0
P4HB	17	1.0	1.0	0.0
P4HTM	17	0.8823529411764706	0.9411764705882353	0.0
PA2G4	17	0.9411764705882353	0.7647058823529411	0.0
PAAF1	17	0.8823529411764706	0.9411764705882353	0.0
PABPC1	17	0.9411764705882353	0.9411764705882353	0.0
PABPC1L	17	0.9411764705882353	1.0	0.0
PABPC4	17	0.8823529411764706	1.0	0.0
PABPN1	17	1.0	1.0	0.0
PACC1	17	1.0	0.8823529411764706	0.0
PACRG	17	0.9411764705882353	1.0	0.0
PACRG-AS3	17	0.8235294117647058	0.8235294117647058	0.0
PACRGL	17	1.0	1.0	0.0
PACS1	17	0.9411764705882353	0.9411764705882353	0.058823529411764705
PACS2	17	0.9411764705882353	0.9411764705882353	0.0
PACSIN2	17	0.9411764705882353	0.9411764705882353	0.11764705882352941
PAF1	17	0.9411764705882353	1.0	0.0
PAFAH1B1	17	0.9411764705882353	0.9411764705882353	0.0
PAFAH1B2	17	0.7058823529411765	1.0	0.0
PAFAH2	17	1.0	0.9411764705882353	0.0
PAG1	17	0.9411764705882353	1.0	0.0
PAGR1	17	0.8235294117647058	0.6470588235294118	0.0
PAH	17	1.0	1.0	0.0
PAICS	17	1.0	0.7647058823529411	0.0
PAIP1	17	1.0	0.9411764705882353	0.0
PAIP2	17	1.0	0.8823529411764706	0.0
PAIP2B	17	0.7647058823529411	0.8823529411764706	0.0
PAK1	17	0.7647058823529411	1.0	0.0
PAK1IP1	17	0.7647058823529411	0.9411764705882353	0.0
PAK2	17	1.0	1.0	0.29411764705882354
PAK3	17	1.0	1.0	0.0
PAK4	17	1.0	0.9411764705882353	0.0
PAK5	17	0.9411764705882353	1.0	0.0
PAK6	17	0.8235294117647058	0.9411764705882353	0.0
PALB2	17	0.9411764705882353	0.8823529411764706	0.0
PALD1	17	0.9411764705882353	0.9411764705882353	0.0
PALLD	17	0.8823529411764706	0.9411764705882353	0.0
PALM	17	1.0	1.0	0.0
PALM2-AKAP2	17	0.9411764705882353	0.9411764705882353	0.0
PALM3	17	1.0	1.0	0.0
PALMD	17	0.9411764705882353	1.0	0.0
PAM	17	0.9411764705882353	1.0	0.11764705882352941
PAM16	17	1.0	1.0	0.0
PAN2	17	0.9411764705882353	1.0	0.0
PAN3	17	1.0	1.0	0.17647058823529413
PANK1	17	0.9411764705882353	0.9411764705882353	0.0
PANK2	17	1.0	0.9411764705882353	0.0
PANK3	17	0.8235294117647058	0.29411764705882354	0.0
PANK4	17	0.8235294117647058	1.0	0.0
PANTR1	17	0.8823529411764706	1.0	0.0
PANX1	17	1.0	1.0	0.0
PANX2	17	0.9411764705882353	1.0	0.0
PAOX	17	1.0	1.0	0.0
PAPLN	17	0.9411764705882353	0.8235294117647058	0.0
PAPOLA	17	0.8235294117647058	1.0	0.0
PAPOLG	17	0.9411764705882353	1.0	0.0
PAPPA	17	1.0	0.9411764705882353	0.0
PAPPA2	17	0.9411764705882353	1.0	0.058823529411764705
PAPSS1	17	1.0	0.9411764705882353	0.0
PAPSS2	17	0.8235294117647058	1.0	0.0
PAQR3	17	1.0	0.7058823529411765	0.0
PAQR5	17	1.0	0.9411764705882353	0.8823529411764706
PAQR7	17	0.9411764705882353	1.0	0.0
PARD3	17	0.9411764705882353	0.9411764705882353	0.0
PARD3B	17	1.0	0.9411764705882353	0.058823529411764705
PARD6B	17	0.9411764705882353	0.9411764705882353	0.0
PARD6G	17	1.0	1.0	0.0
PARD6G-AS1	17	0.9411764705882353	0.9411764705882353	0.0
PARG	17	1.0	1.0	0.0
PARK7	17	0.8823529411764706	0.9411764705882353	0.0
PARL	17	1.0	1.0	0.0
PARM1	17	1.0	1.0	0.0
PARN	17	1.0	0.9411764705882353	0.0
PARP1	17	1.0	1.0	0.0
PARP10	17	0.8823529411764706	1.0	0.0
PARP11	17	1.0	1.0	0.0
PARP12	17	1.0	1.0	0.0
PARP14	17	1.0	1.0	0.0
PARP16	17	0.9411764705882353	0.9411764705882353	0.0
PARP2	17	0.8235294117647058	0.8235294117647058	0.0
PARP3	17	1.0	1.0	0.0
PARP4	17	1.0	1.0	0.11764705882352941
PARP6	17	1.0	1.0	0.0
PARP8	17	0.9411764705882353	1.0	0.0
PARP9	17	1.0	1.0	0.0
PARPBP	17	0.9411764705882353	0.8823529411764706	0.0
PART1	17	0.9411764705882353	0.9411764705882353	0.0
PARVA	17	1.0	1.0	0.11764705882352941
PARVB	17	1.0	1.0	0.0
PASK	17	0.9411764705882353	1.0	0.0
PATJ	17	0.9411764705882353	1.0	0.0
PATL1	17	1.0	0.8823529411764706	0.0
PATL2	17	0.9411764705882353	0.9411764705882353	0.0
PATZ1	17	0.9411764705882353	0.9411764705882353	0.0
PAWR	17	1.0	1.0	0.0
PAX2	17	1.0	1.0	0.0
PAX8	17	0.9411764705882353	1.0	0.11764705882352941
PAX8-AS1	17	1.0	1.0	0.5882352941176471
PAXBP1	17	0.8235294117647058	0.9411764705882353	0.0
PAXBP1-AS1	17	1.0	1.0	0.0
PAXIP1	17	1.0	1.0	0.0
PAXIP1-AS1	17	0.8823529411764706	0.9411764705882353	0.0
PAXIP1-AS2	17	1.0	1.0	0.0
PAXX	17	0.9411764705882353	0.8235294117647058	0.0
PBDC1	17	1.0	0.9411764705882353	0.0
PBLD	17	1.0	1.0	0.0
PBRM1	17	1.0	1.0	0.8823529411764706
PBX1	17	1.0	1.0	0.0
PBX2	17	0.8823529411764706	1.0	0.0
PBX3	17	1.0	0.8823529411764706	0.0
PBX4	17	0.9411764705882353	1.0	0.11764705882352941
PBXIP1	17	1.0	1.0	0.0
PC	17	1.0	1.0	0.0
PCAT1	17	1.0	1.0	0.0
PCBD1	17	0.9411764705882353	1.0	0.0
PCBD2	17	0.8823529411764706	1.0	0.0
PCBP1	17	1.0	1.0	0.0
PCBP1-AS1	17	1.0	1.0	0.0
PCBP2	17	1.0	1.0	0.0
PCBP3	17	0.7647058823529411	1.0	0.0
PCBP4	17	1.0	1.0	0.0
PCCA	17	1.0	0.8823529411764706	0.0
PCCA-AS1	17	1.0	1.0	0.0
PCCA-DT	17	1.0	1.0	0.058823529411764705
PCCB	17	0.9411764705882353	0.8823529411764706	0.0
PCDH1	17	0.9411764705882353	0.8823529411764706	0.0
PCDH11X	17	1.0	1.0	0.0
PCDH11Y	17	1.0	1.0	0.0
PCDH15	17	1.0	1.0	0.0
PCDH17	17	1.0	0.9411764705882353	0.0
PCDH7	17	1.0	0.8823529411764706	0.0
PCDH9	17	1.0	1.0	0.0
PCDH9-AS2	17	0.9411764705882353	0.9411764705882353	0.0
PCDHA10	17	1.0	1.0	0.0
PCDHB14	17	1.0	1.0	0.0
PCDHGA10	17	1.0	1.0	0.0
PCDHGA6	17	0.7058823529411765	0.8235294117647058	0.0
PCDHGA8	17	0.8235294117647058	0.8235294117647058	0.0
PCDHGB6	17	0.7647058823529411	0.8235294117647058	0.0
PCED1A	17	1.0	1.0	0.0
PCED1B	17	0.8823529411764706	0.9411764705882353	0.0
PCF11	17	1.0	1.0	0.058823529411764705
PCF11-AS1	17	1.0	1.0	0.0
PCGF1	17	1.0	1.0	0.0
PCGF2	17	1.0	1.0	0.0
PCGF3	17	0.9411764705882353	0.9411764705882353	0.0
PCGF5	17	1.0	1.0	0.4117647058823529
PCGF6	17	1.0	0.9411764705882353	0.0
PCID2	17	1.0	1.0	0.0
PCIF1	17	1.0	1.0	0.0
PCK1	17	0.9411764705882353	1.0	0.0
PCK2	17	0.9411764705882353	0.9411764705882353	0.0
PCLO	17	1.0	1.0	0.058823529411764705
PCM1	17	1.0	0.9411764705882353	0.0
PCMT1	17	1.0	1.0	0.058823529411764705
PCMTD1	17	0.9411764705882353	0.9411764705882353	0.0
PCMTD2	17	1.0	1.0	0.0
PCNA	17	0.7647058823529411	0.7647058823529411	0.0
PCNP	17	1.0	1.0	0.0
PCNT	17	0.8823529411764706	1.0	0.0
PCNX1	17	1.0	1.0	0.0
PCNX2	17	1.0	1.0	0.0
PCNX3	17	1.0	1.0	0.0
PCNX4	17	1.0	0.9411764705882353	0.0
PCOLCE	17	1.0	1.0	0.0
PCOLCE-AS1	17	0.7647058823529411	0.8235294117647058	0.0
PCP2	17	1.0	1.0	0.0
PCP4	17	0.8235294117647058	0.7647058823529411	0.0
PCSK1	17	0.8235294117647058	0.8235294117647058	0.0
PCSK4	17	1.0	1.0	0.0
PCSK5	17	1.0	1.0	0.9411764705882353
PCSK6	17	0.9411764705882353	1.0	0.0
PCSK7	17	0.9411764705882353	1.0	0.0
PCTP	17	1.0	0.7647058823529411	0.0
PCYOX1	17	0.8823529411764706	1.0	0.0
PCYOX1L	17	0.8235294117647058	0.9411764705882353	0.0
PCYT1A	17	0.9411764705882353	0.9411764705882353	0.0
PCYT2	17	0.9411764705882353	1.0	0.0
PDAP1	17	0.9411764705882353	0.9411764705882353	0.0
PDCD10	17	1.0	1.0	0.0
PDCD11	17	0.9411764705882353	0.8823529411764706	0.0
PDCD1LG2	17	0.7058823529411765	0.7647058823529411	0.0
PDCD2	17	1.0	1.0	0.0
PDCD2L	17	1.0	0.8823529411764706	0.0
PDCD4	17	0.9411764705882353	0.8235294117647058	0.0
PDCD5	17	0.8823529411764706	0.9411764705882353	0.0
PDCD6	17	1.0	1.0	0.0
PDCD6IP	17	1.0	1.0	0.11764705882352941
PDCD7	17	0.9411764705882353	1.0	0.0
PDCL	17	1.0	1.0	0.0
PDE10A	17	0.9411764705882353	0.9411764705882353	0.0
PDE11A	17	1.0	0.9411764705882353	0.0
PDE12	17	0.9411764705882353	0.9411764705882353	0.0
PDE1A	17	1.0	0.8823529411764706	0.0
PDE1C	17	0.8235294117647058	0.6470588235294118	0.0
PDE3A	17	1.0	0.8823529411764706	0.0
PDE3B	17	0.9411764705882353	0.8823529411764706	0.0
PDE4A	17	1.0	1.0	0.0
PDE4B	17	0.9411764705882353	1.0	0.0
PDE4C	17	1.0	1.0	0.0
PDE4D	17	0.9411764705882353	0.9411764705882353	0.0
PDE4DIP	17	0.8823529411764706	1.0	0.0
PDE5A	17	0.9411764705882353	1.0	0.0
PDE6B	17	0.8235294117647058	0.9411764705882353	0.0
PDE6D	17	0.8823529411764706	0.9411764705882353	0.0
PDE7A	17	1.0	0.7647058823529411	0.058823529411764705
PDE7B	17	0.9411764705882353	1.0	0.0
PDE8A	17	1.0	1.0	0.0
PDE8B	17	1.0	1.0	0.23529411764705882
PDE9A	17	1.0	1.0	0.058823529411764705
PDGFA	17	1.0	1.0	0.9411764705882353
PDGFB	17	0.9411764705882353	0.9411764705882353	0.11764705882352941
PDGFC	17	1.0	1.0	0.0
PDGFD	17	0.7058823529411765	0.9411764705882353	0.0
PDHA1	17	0.8823529411764706	0.9411764705882353	0.0
PDHB	17	1.0	1.0	0.0
PDHX	17	1.0	1.0	0.0
PDIA3	17	1.0	1.0	0.0
PDIA4	17	0.8235294117647058	1.0	0.0
PDIA5	17	1.0	0.8235294117647058	0.0
PDIA6	17	0.8235294117647058	1.0	0.0
PDIK1L	17	1.0	1.0	0.0
PDK1	17	1.0	1.0	0.0
PDK2	17	1.0	1.0	0.0
PDK3	17	1.0	1.0	0.0
PDK4	17	0.9411764705882353	1.0	0.0
PDLIM1	17	0.9411764705882353	1.0	0.0
PDLIM3	17	0.8235294117647058	0.8235294117647058	0.0
PDLIM4	17	0.8235294117647058	0.8235294117647058	0.14285714285714285
PDLIM5	17	1.0	1.0	0.17647058823529413
PDLIM7	17	0.9411764705882353	0.9411764705882353	0.0
PDP1	17	1.0	0.8823529411764706	0.0
PDP2	17	1.0	1.0	0.0
PDPK1	17	0.9411764705882353	1.0	0.0
PDPR	17	0.9411764705882353	0.8823529411764706	0.0
PDRG1	17	0.9411764705882353	1.0	0.0
PDS5A	17	1.0	1.0	0.058823529411764705
PDS5B	17	1.0	1.0	0.0
PDSS1	17	1.0	0.9411764705882353	0.0
PDSS2	17	1.0	1.0	0.0
PDXDC1	17	0.9411764705882353	0.9411764705882353	0.0
PDXK	17	0.9411764705882353	0.9411764705882353	0.0
PDZD2	17	0.9411764705882353	1.0	0.0
PDZD8	17	1.0	1.0	0.0
PDZK1	17	1.0	1.0	0.058823529411764705
PDZK1IP1	17	0.8235294117647058	0.8235294117647058	0.0
PDZRN3	17	1.0	1.0	0.0
PEA15	17	1.0	0.8235294117647058	0.0
PEAK1	17	1.0	1.0	0.0
PEBP1	17	0.9411764705882353	0.9411764705882353	0.0
PEBP4	17	1.0	1.0	0.0
PECAM1	17	0.7647058823529411	0.6470588235294118	0.0
PECR	17	0.9411764705882353	0.9411764705882353	0.0
PEF1	17	0.8823529411764706	1.0	0.0
PEG3	17	1.0	1.0	0.0
PELI1	17	1.0	1.0	0.0
PELI2	17	1.0	1.0	0.9411764705882353
PELO	17	1.0	1.0	0.0
PELP1	17	1.0	0.9411764705882353	0.0
PEMT	17	0.8235294117647058	1.0	0.0
PEPD	17	1.0	1.0	0.0
PER1	17	0.9411764705882353	1.0	0.0
PER2	17	0.9411764705882353	0.9411764705882353	0.058823529411764705
PER3	17	1.0	0.8823529411764706	0.0
PERP	17	0.9411764705882353	1.0	0.0
PES1	17	0.9411764705882353	1.0	0.0
PET100	17	0.7058823529411765	0.9411764705882353	0.0
PET117	17	1.0	1.0	0.0
PEX1	17	0.9411764705882353	0.9411764705882353	0.0
PEX10	17	1.0	1.0	0.0
PEX11A	17	1.0	1.0	0.0
PEX11B	17	1.0	1.0	0.0
PEX11G	17	0.7647058823529411	0.7647058823529411	0.0
PEX13	17	0.9411764705882353	1.0	0.0
PEX14	17	1.0	1.0	0.058823529411764705
PEX16	17	1.0	1.0	0.0
PEX19	17	0.9411764705882353	0.9411764705882353	0.0
PEX2	17	0.9411764705882353	0.7647058823529411	0.0
PEX26	17	1.0	1.0	0.0
PEX3	17	0.7647058823529411	1.0	0.0
PEX5	17	1.0	1.0	0.0
PEX6	17	0.7058823529411765	0.8235294117647058	0.0
PEX7	17	0.9411764705882353	1.0	0.0
PFAS	17	1.0	1.0	0.0
PFDN1	17	1.0	1.0	0.0
PFDN2	17	1.0	1.0	0.11764705882352941
PFDN4	17	1.0	0.9411764705882353	0.0
PFDN5	17	0.9411764705882353	0.9411764705882353	0.0
PFKFB1	17	1.0	1.0	0.5882352941176471
PFKFB2	17	1.0	1.0	0.0
PFKFB3	17	1.0	1.0	0.0
PFKFB4	17	1.0	1.0	0.0
PFKL	17	0.9411764705882353	1.0	0.0
PFKM	17	0.9411764705882353	1.0	0.0
PFKP	17	0.9411764705882353	0.9411764705882353	0.0
PFN1	17	0.8235294117647058	0.7058823529411765	0.0
PFN2	17	1.0	1.0	0.0
PFN4	17	0.7647058823529411	0.8235294117647058	0.0
PGAM1	17	1.0	0.8235294117647058	0.0
PGAM5	17	0.9411764705882353	0.8823529411764706	0.0
PGAP1	17	0.7647058823529411	1.0	0.0
PGAP2	17	1.0	1.0	0.0
PGAP3	17	1.0	1.0	0.0
PGBD1	17	1.0	1.0	0.0
PGBD2	17	1.0	1.0	0.0
PGBD4	17	1.0	1.0	0.0
PGBD5	17	1.0	1.0	0.058823529411764705
PGD	17	0.9411764705882353	1.0	0.0
PGGHG	17	1.0	0.8823529411764706	0.0
PGGT1B	17	1.0	1.0	0.0
PGK1	17	0.9411764705882353	1.0	0.0
PGLS	17	0.9411764705882353	1.0	0.0
PGM1	17	0.8823529411764706	0.8235294117647058	0.0
PGM2	17	0.9411764705882353	0.9411764705882353	0.0
PGM2L1	17	0.9411764705882353	1.0	0.0
PGM3	17	0.9411764705882353	1.0	0.0
PGM5	17	1.0	1.0	0.0
PGP	17	0.9411764705882353	1.0	0.0
PGPEP1	17	0.9411764705882353	1.0	0.0
PGRMC1	17	1.0	0.9411764705882353	0.0
PGRMC2	17	1.0	0.8235294117647058	0.0
PGS1	17	0.9411764705882353	0.8235294117647058	0.0
PHACTR1	17	0.9411764705882353	1.0	0.0
PHACTR2	17	1.0	1.0	0.0
PHACTR3	17	1.0	1.0	0.35294117647058826
PHACTR4	17	1.0	1.0	0.11764705882352941
PHAX	17	1.0	1.0	0.0
PHB	17	1.0	1.0	0.0
PHB2	17	0.8823529411764706	1.0	0.0
PHC1	17	1.0	1.0	0.0
PHC2	17	1.0	1.0	0.058823529411764705
PHC3	17	0.8235294117647058	1.0	0.0
PHEX	17	0.9411764705882353	1.0	0.0
PHF1	17	0.9411764705882353	1.0	0.0
PHF10	17	0.9411764705882353	1.0	0.0
PHF11	17	1.0	1.0	0.0
PHF12	17	0.9411764705882353	1.0	0.0
PHF13	17	1.0	1.0	0.0
PHF14	17	0.8823529411764706	0.9411764705882353	0.0
PHF2	17	0.9411764705882353	0.8823529411764706	0.0
PHF20	17	1.0	0.9411764705882353	0.058823529411764705
PHF20L1	17	1.0	1.0	0.0
PHF21A	17	1.0	0.8235294117647058	0.0
PHF21B	17	0.7058823529411765	1.0	0.0
PHF23	17	1.0	1.0	0.0
PHF3	17	0.9411764705882353	0.9411764705882353	0.0
PHF5A	17	1.0	1.0	0.0
PHF6	17	0.7647058823529411	0.8823529411764706	0.0
PHF7	17	1.0	1.0	0.0
PHF8	17	1.0	1.0	0.0
PHGDH	17	0.8823529411764706	1.0	0.0
PHIP	17	0.9411764705882353	0.9411764705882353	0.0
PHKA1	17	1.0	1.0	0.0
PHKA2	17	1.0	1.0	0.0
PHKB	17	0.8823529411764706	1.0	0.0
PHKG1	17	0.9411764705882353	0.9411764705882353	0.0
PHKG2	17	1.0	0.9411764705882353	0.0
PHLDA1	17	0.8235294117647058	0.8235294117647058	0.0
PHLDA2	17	0.8823529411764706	1.0	0.0
PHLDB1	17	1.0	1.0	0.058823529411764705
PHLDB2	17	0.9411764705882353	1.0	0.0
PHLDB3	17	1.0	1.0	0.0
PHLPP1	17	1.0	1.0	0.0
PHLPP2	17	0.9411764705882353	0.9411764705882353	0.0
PHOSPHO2	17	0.9411764705882353	0.9411764705882353	0.0
PHPT1	17	1.0	1.0	0.0
PHRF1	17	0.9411764705882353	1.0	0.0
PHTF1	17	1.0	0.9411764705882353	0.0
PHTF2	17	1.0	1.0	0.0
PHYH	17	1.0	0.8823529411764706	0.0
PHYHD1	17	1.0	0.9411764705882353	0.0
PHYHIPL	17	1.0	1.0	0.0
PHYKPL	17	0.9411764705882353	1.0	0.11764705882352941
PI4K2A	17	1.0	1.0	0.0
PI4K2B	17	1.0	1.0	0.0
PI4KA	17	0.9411764705882353	0.9411764705882353	0.0
PI4KB	17	0.9411764705882353	0.9411764705882353	0.0
PIAS1	17	1.0	0.8235294117647058	0.0
PIAS2	17	0.9411764705882353	1.0	0.0
PIAS3	17	1.0	1.0	0.0
PIAS4	17	0.9411764705882353	0.9411764705882353	0.0
PIBF1	17	1.0	1.0	0.0
PICALM	17	1.0	1.0	0.0
PICK1	17	1.0	1.0	0.0
PID1	17	1.0	1.0	0.0
PIDD1	17	1.0	1.0	0.0
PIEZO1	17	1.0	1.0	0.0
PIGA	17	1.0	0.9411764705882353	0.0
PIGB	17	0.7647058823529411	1.0	0.0
PIGBOS1	17	1.0	1.0	0.0
PIGC	17	0.9411764705882353	1.0	0.0
PIGF	17	1.0	1.0	0.0
PIGG	17	0.9411764705882353	0.7058823529411765	0.0
PIGH	17	1.0	1.0	0.0
PIGK	17	0.9411764705882353	1.0	0.0
PIGL	17	1.0	1.0	0.058823529411764705
PIGM	17	0.7058823529411765	0.9411764705882353	0.0
PIGN	17	0.9411764705882353	0.9411764705882353	0.0
PIGO	17	1.0	0.9411764705882353	0.0
PIGP	17	0.9411764705882353	1.0	0.0
PIGQ	17	1.0	1.0	0.0
PIGR	17	0.9411764705882353	1.0	0.0
PIGS	17	1.0	0.9411764705882353	0.0
PIGT	17	0.7647058823529411	0.8823529411764706	0.0
PIGU	17	0.9411764705882353	0.9411764705882353	0.0
PIGX	17	1.0	1.0	0.0
PIGZ	17	1.0	1.0	0.0
PIH1D1	17	1.0	1.0	0.0
PIH1D2	17	0.9411764705882353	0.9411764705882353	0.0
PIK3AP1	17	0.8235294117647058	0.8235294117647058	0.0
PIK3C2A	17	1.0	0.7647058823529411	0.0
PIK3C2B	17	1.0	0.9411764705882353	0.0
PIK3C2G	17	0.9411764705882353	1.0	0.0
PIK3C3	17	1.0	1.0	0.0
PIK3CA	17	0.7058823529411765	0.9411764705882353	0.0
PIK3CB	17	1.0	1.0	0.0
PIK3CD	17	1.0	1.0	0.17647058823529413
PIK3IP1	17	1.0	1.0	0.0
PIK3IP1-AS1	17	1.0	0.8235294117647058	0.0
PIK3R1	17	1.0	1.0	0.0
PIK3R2	17	0.9411764705882353	0.9411764705882353	0.0
PIK3R3	17	1.0	1.0	0.23529411764705882
PIK3R4	17	1.0	1.0	0.0
PIKFYVE	17	0.7647058823529411	0.8235294117647058	0.0
PILRA	17	0.9411764705882353	1.0	0.0
PILRB	17	0.8235294117647058	0.7647058823529411	0.0
PIM1	17	0.9411764705882353	0.9411764705882353	0.0
PIM3	17	1.0	1.0	0.0
PIN1	17	1.0	1.0	0.0
PIN4	17	0.9411764705882353	0.8235294117647058	0.0
PINK1	17	1.0	1.0	0.0
PINK1-AS	17	1.0	0.9411764705882353	0.0
PINLYP	17	0.9411764705882353	1.0	0.0
PINX1	17	0.9411764705882353	0.9411764705882353	0.0
PIP4K2A	17	1.0	1.0	0.0
PIP4K2B	17	0.7647058823529411	1.0	0.0
PIP4K2C	17	0.9411764705882353	1.0	0.0
PIP4P1	17	1.0	1.0	0.0
PIP4P2	17	0.9411764705882353	0.8823529411764706	0.0
PIP5K1A	17	0.9411764705882353	0.9411764705882353	0.058823529411764705
PIP5K1B	17	0.7647058823529411	1.0	0.0
PIP5K1C	17	1.0	1.0	0.0
PIP5KL1	17	1.0	0.8235294117647058	0.0
PIPOX	17	1.0	1.0	0.0
PIR	17	0.8823529411764706	1.0	0.0
PISD	17	1.0	0.9411764705882353	0.11764705882352941
PITHD1	17	0.9411764705882353	0.9411764705882353	0.0
PITPNA	17	0.9411764705882353	0.9411764705882353	0.0
PITPNB	17	1.0	1.0	0.17647058823529413
PITPNC1	17	1.0	1.0	0.9411764705882353
PITPNM1	17	0.8823529411764706	1.0	0.0
PITPNM2	17	0.9411764705882353	0.9411764705882353	0.058823529411764705
PITPNM3	17	1.0	1.0	0.7058823529411765
PITRM1	17	0.9411764705882353	0.9411764705882353	0.0
PITRM1-AS1	17	1.0	1.0	0.11764705882352941
PIWIL4	17	1.0	1.0	0.0
PJA2	17	0.8823529411764706	0.8235294117647058	0.0
PJVK	17	1.0	1.0	0.0
PKD1	17	1.0	1.0	0.0
PKD1L3	17	1.0	1.0	0.0
PKD2	17	1.0	1.0	0.11764705882352941
PKD2L2	17	0.9411764705882353	1.0	0.0
PKHD1	17	0.8823529411764706	0.8235294117647058	0.0
PKIA	17	0.9411764705882353	1.0	0.0
PKIA-AS1	17	1.0	1.0	0.0
PKIB	17	0.8235294117647058	0.8235294117647058	0.0
PKIG	17	0.8823529411764706	0.7647058823529411	0.0
PKM	17	1.0	0.9411764705882353	0.0
PKN1	17	0.9411764705882353	0.9411764705882353	0.0
PKN2	17	1.0	1.0	0.058823529411764705
PKN2-AS1	17	0.9411764705882353	0.8823529411764706	0.0
PKN3	17	0.7058823529411765	0.8235294117647058	0.0
PKNOX1	17	0.8235294117647058	0.9411764705882353	0.0
PKNOX2	17	0.8235294117647058	0.8235294117647058	0.0
PKP2	17	0.9411764705882353	0.9411764705882353	0.0
PKP4	17	0.9411764705882353	1.0	0.0
PKP4-AS1	17	1.0	1.0	0.0
PLA2G12A	17	1.0	1.0	0.0
PLA2G15	17	0.9411764705882353	1.0	0.0
PLA2G4A	17	0.8235294117647058	0.8235294117647058	0.0
PLA2G4B	17	1.0	1.0	0.0
PLA2G4C	17	0.7647058823529411	0.9411764705882353	0.0
PLA2G4F	17	0.9411764705882353	1.0	0.0
PLA2G6	17	1.0	1.0	0.0
PLA2R1	17	0.8823529411764706	0.9411764705882353	0.0
PLAA	17	1.0	1.0	0.0
PLAAT3	17	1.0	1.0	0.5294117647058824
PLAC4	17	1.0	1.0	0.0
PLAG1	17	1.0	0.8235294117647058	0.0
PLAGL1	17	1.0	1.0	0.0
PLAGL2	17	1.0	0.9411764705882353	0.0
PLAU	17	1.0	1.0	0.11764705882352941
PLAUR	17	1.0	1.0	0.11764705882352941
PLB1	17	0.9411764705882353	0.9411764705882353	0.0
PLBD1	17	0.7647058823529411	1.0	0.0
PLBD1-AS1	17	1.0	1.0	0.0
PLBD2	17	1.0	1.0	0.0
PLCB1	17	0.9411764705882353	1.0	0.11764705882352941
PLCB3	17	0.9411764705882353	0.8235294117647058	0.0
PLCB4	17	1.0	0.9411764705882353	0.0
PLCD1	17	1.0	1.0	0.0
PLCD3	17	1.0	1.0	0.11764705882352941
PLCD4	17	0.8235294117647058	0.9411764705882353	0.0
PLCE1	17	0.8235294117647058	0.9411764705882353	0.0
PLCG1	17	1.0	1.0	0.0
PLCG1-AS1	17	1.0	1.0	0.058823529411764705
PLCG2	17	0.9411764705882353	0.9411764705882353	0.0
PLCH1	17	1.0	0.8823529411764706	0.0
PLCL1	17	1.0	1.0	0.058823529411764705
PLCL2	17	1.0	0.9411764705882353	0.0
PLCXD1	17	1.0	1.0	0.0
PLCXD2	17	1.0	0.5882352941176471	0.0
PLCZ1	17	1.0	0.8823529411764706	0.0
PLD1	17	0.7058823529411765	0.9411764705882353	0.0
PLD2	17	1.0	0.9411764705882353	0.0
PLD3	17	1.0	1.0	0.058823529411764705
PLEC	17	0.9411764705882353	0.9411764705882353	0.11764705882352941
PLEK2	17	0.9411764705882353	1.0	0.0
PLEKHA1	17	1.0	1.0	0.058823529411764705
PLEKHA2	17	1.0	1.0	0.058823529411764705
PLEKHA3	17	1.0	0.9411764705882353	0.0
PLEKHA4	17	0.9411764705882353	1.0	0.11764705882352941
PLEKHA5	17	0.8235294117647058	0.8235294117647058	0.0
PLEKHA6	17	0.8235294117647058	1.0	0.0
PLEKHA7	17	1.0	1.0	0.29411764705882354
PLEKHA8	17	1.0	1.0	0.0
PLEKHB2	17	0.9411764705882353	1.0	0.0
PLEKHD1	17	1.0	1.0	0.0
PLEKHF2	17	1.0	1.0	0.058823529411764705
PLEKHG1	17	1.0	1.0	0.058823529411764705
PLEKHG2	17	0.9411764705882353	0.9411764705882353	0.0
PLEKHG3	17	1.0	1.0	0.0
PLEKHG4B	17	1.0	1.0	0.0
PLEKHG5	17	0.9411764705882353	0.8235294117647058	0.0
PLEKHG6	17	0.9411764705882353	1.0	0.058823529411764705
PLEKHH1	17	0.8823529411764706	0.9411764705882353	0.0
PLEKHH2	17	0.7058823529411765	1.0	0.0
PLEKHH3	17	0.9411764705882353	1.0	0.0
PLEKHJ1	17	0.9411764705882353	1.0	0.0
PLEKHM1	17	1.0	1.0	0.11764705882352941
PLEKHM2	17	0.9411764705882353	0.8235294117647058	0.0
PLEKHM3	17	0.9411764705882353	0.9411764705882353	0.0
PLEKHN1	17	1.0	1.0	0.47058823529411764
PLEKHO2	17	1.0	0.8823529411764706	0.0
PLET1	17	0.9411764705882353	1.0	0.0
PLG	17	0.8235294117647058	1.0	0.0
PLGLB1	17	0.9411764705882353	0.9411764705882353	0.0
PLGRKT	17	1.0	0.8235294117647058	0.0
PLIN2	17	0.8235294117647058	0.7647058823529411	0.0
PLIN3	17	0.9411764705882353	1.0	0.11764705882352941
PLIN4	17	0.9411764705882353	1.0	0.0
PLIN5	17	0.9411764705882353	1.0	0.0
PLK1	17	0.7058823529411765	0.6470588235294118	0.0
PLK3	17	1.0	1.0	0.11764705882352941
PLLP	17	1.0	0.7058823529411765	0.0
PLOD1	17	1.0	1.0	0.0
PLOD2	17	1.0	1.0	0.0
PLOD3	17	0.9411764705882353	0.9411764705882353	0.0
PLP2	17	0.9411764705882353	1.0	0.0
PLPBP	17	0.8235294117647058	0.9411764705882353	0.0
PLPP1	17	1.0	0.8823529411764706	0.0
PLPP3	17	1.0	1.0	0.058823529411764705
PLPP4	17	1.0	1.0	0.0
PLPP5	17	1.0	1.0	0.0
PLPP7	17	1.0	1.0	0.0
PLPPR1	17	1.0	1.0	0.0
PLPPR2	17	1.0	1.0	0.0
PLRG1	17	1.0	1.0	0.0
PLS1	17	1.0	1.0	0.058823529411764705
PLS3	17	1.0	0.9411764705882353	0.0
PLS3-AS1	17	1.0	1.0	0.0
PLSCR1	17	0.7647058823529411	1.0	0.0
PLSCR2	17	1.0	1.0	0.0
PLSCR4	17	1.0	1.0	0.0
PLXDC1	17	0.8235294117647058	0.8235294117647058	0.0
PLXDC2	17	0.8823529411764706	0.9411764705882353	0.0
PLXNA1	17	0.9411764705882353	0.7058823529411765	0.0
PLXNA2	17	1.0	1.0	0.9411764705882353
PLXNA3	17	1.0	0.9411764705882353	0.0
PLXNA4	17	0.7058823529411765	0.9411764705882353	0.0
PLXNB1	17	0.9411764705882353	1.0	0.0
PLXNB2	17	1.0	1.0	0.0
PLXNC1	17	1.0	1.0	0.058823529411764705
PLXND1	17	0.9411764705882353	0.8235294117647058	0.0
PM20D2	17	1.0	1.0	0.0
PMEPA1	17	0.9411764705882353	0.9411764705882353	0.11764705882352941
PMF1	17	1.0	1.0	0.0
PMFBP1	17	1.0	1.0	0.0
PML	17	0.9411764705882353	0.9411764705882353	0.0
PMM1	17	0.8823529411764706	1.0	0.0
PMM2	17	1.0	1.0	0.058823529411764705
PMPCA	17	0.9411764705882353	0.9411764705882353	0.0
PMPCB	17	0.8823529411764706	1.0	0.0
PMS1	17	0.9411764705882353	0.9411764705882353	0.0
PMS2	17	1.0	0.9411764705882353	0.0
PMVK	17	0.8235294117647058	0.9411764705882353	0.0
PNISR	17	1.0	1.0	0.0
PNKD	17	1.0	1.0	0.0
PNKP	17	1.0	1.0	0.0
PNMA1	17	0.8235294117647058	0.7058823529411765	0.0
PNN	17	1.0	1.0	0.0
PNO1	17	0.9411764705882353	0.9411764705882353	0.0
PNP	17	0.9411764705882353	1.0	0.0
PNPLA2	17	1.0	0.9411764705882353	0.0
PNPLA4	17	0.7647058823529411	0.4117647058823529	0.0
PNPLA6	17	1.0	1.0	0.0
PNPLA7	17	1.0	1.0	0.0
PNPLA8	17	1.0	1.0	0.0
PNPT1	17	1.0	1.0	0.0
PNRC1	17	0.9411764705882353	0.9411764705882353	0.0
PNRC2	17	1.0	1.0	0.0
POC1A	17	1.0	0.8823529411764706	0.0
POC1B	17	1.0	1.0	0.0
POC1B-AS1	17	0.9411764705882353	0.9411764705882353	0.0
POC5	17	0.8823529411764706	1.0	0.0
PODXL	17	0.7647058823529411	1.0	0.0
PODXL2	17	1.0	1.0	0.0
POF1B	17	1.0	1.0	0.058823529411764705
POFUT1	17	0.9411764705882353	1.0	0.0
POFUT2	17	0.8823529411764706	1.0	0.0
POGK	17	1.0	0.7647058823529411	0.0
POGLUT1	17	0.9411764705882353	1.0	0.0
POGLUT2	17	0.8235294117647058	0.8235294117647058	0.0
POGLUT3	17	1.0	0.8235294117647058	0.0
POGZ	17	0.8823529411764706	0.9411764705882353	0.0
POLA1	17	1.0	1.0	0.0
POLA2	17	0.8823529411764706	0.8235294117647058	0.0
POLB	17	0.9411764705882353	0.9411764705882353	0.0
POLD1	17	1.0	1.0	0.0
POLD2	17	1.0	1.0	0.0
POLD3	17	0.9411764705882353	0.8235294117647058	0.0
POLD4	17	0.7647058823529411	0.9411764705882353	0.0
POLDIP2	17	1.0	0.9411764705882353	0.0
POLDIP3	17	1.0	1.0	0.0
POLE	17	0.8235294117647058	0.9411764705882353	0.0
POLE2	17	0.7058823529411765	1.0	0.0
POLE3	17	1.0	1.0	0.0
POLE4	17	0.8823529411764706	1.0	0.0
POLG	17	1.0	0.8823529411764706	0.0
POLG2	17	0.9411764705882353	0.9411764705882353	0.0
POLH	17	0.9411764705882353	0.8823529411764706	0.0
POLI	17	1.0	1.0	0.0
POLK	17	1.0	1.0	0.0
POLL	17	1.0	0.8823529411764706	0.0
POLM	17	1.0	0.9411764705882353	0.0
POLR1A	17	1.0	0.8235294117647058	0.0
POLR1B	17	0.9411764705882353	1.0	0.0
POLR1C	17	1.0	1.0	0.0
POLR1D	17	0.8823529411764706	1.0	0.0
POLR2A	17	1.0	1.0	0.11764705882352941
POLR2B	17	0.7647058823529411	0.9411764705882353	0.0
POLR2C	17	0.9411764705882353	0.9411764705882353	0.0
POLR2D	17	0.7058823529411765	1.0	0.0
POLR2E	17	1.0	1.0	0.0
POLR2F	17	1.0	1.0	0.0
POLR2G	17	0.7058823529411765	1.0	0.0
POLR2H	17	1.0	1.0	0.058823529411764705
POLR2J	17	0.7647058823529411	0.8235294117647058	0.0
POLR2J2	17	1.0	1.0	0.0
POLR2J3	17	1.0	1.0	0.058823529411764705
POLR2M	17	1.0	1.0	0.0
POLR3A	17	1.0	0.7058823529411765	0.0
POLR3B	17	1.0	1.0	0.0
POLR3C	17	0.9411764705882353	0.9411764705882353	0.0
POLR3D	17	1.0	1.0	0.0
POLR3E	17	1.0	0.9411764705882353	0.0
POLR3F	17	1.0	1.0	0.0
POLR3GL	17	0.47058823529411764	0.7647058823529411	0.0
POLR3H	17	0.8823529411764706	1.0	0.0
POLRMT	17	1.0	1.0	0.0
POM121	17	0.9411764705882353	1.0	0.0
POM121C	17	1.0	0.7058823529411765	0.0
POMGNT1	17	0.9411764705882353	1.0	0.11764705882352941
POMGNT2	17	0.8235294117647058	0.9411764705882353	0.0
POMK	17	0.9411764705882353	0.9411764705882353	0.0
POMP	17	1.0	1.0	0.0
POMT1	17	0.8823529411764706	0.8823529411764706	0.0
POMT2	17	1.0	1.0	0.0
POMZP3	17	1.0	1.0	0.0
PON2	17	1.0	1.0	0.058823529411764705
PON3	17	0.8235294117647058	0.8235294117647058	0.0
POP1	17	0.8235294117647058	0.6470588235294118	0.0
POP5	17	0.9411764705882353	0.8235294117647058	0.0
POR	17	1.0	1.0	0.0
POT1	17	0.8823529411764706	1.0	0.0
POT1-AS1	17	1.0	0.8823529411764706	0.0
POU2F1	17	1.0	1.0	0.0
POU2F2	17	1.0	0.8235294117647058	0.0
POU2F3	17	0.7647058823529411	0.8235294117647058	0.0
POU3F3	17	1.0	1.0	0.0
POU5F1	17	1.0	1.0	0.17647058823529413
POU5F2	17	1.0	1.0	0.0
POU6F1	17	0.8823529411764706	0.9411764705882353	0.0
PP2D1	17	1.0	1.0	0.0
PPA1	17	1.0	1.0	0.0
PPA2	17	0.9411764705882353	0.9411764705882353	0.0
PPAN	17	0.9411764705882353	1.0	0.0
PPARA	17	1.0	1.0	0.0
PPARD	17	1.0	1.0	0.0
PPARG	17	0.9411764705882353	1.0	0.0
PPARGC1A	17	1.0	1.0	0.0
PPARGC1B	17	1.0	1.0	0.0
PPAT	17	0.7647058823529411	0.7647058823529411	0.0
PPCDC	17	0.9411764705882353	0.9411764705882353	0.0
PPCS	17	1.0	1.0	0.0
PPDPF	17	1.0	1.0	0.0
PPFIA1	17	1.0	0.9411764705882353	0.0
PPFIA2	17	0.9411764705882353	0.9411764705882353	0.0
PPFIA3	17	1.0	1.0	0.0
PPFIBP1	17	1.0	1.0	0.0
PPFIBP2	17	0.9411764705882353	0.9411764705882353	0.0
PPHLN1	17	1.0	1.0	0.0
PPIA	17	0.7647058823529411	1.0	0.0
PPIB	17	0.7647058823529411	0.9411764705882353	0.0
PPIC	17	1.0	1.0	0.0
PPID	17	1.0	1.0	0.0
PPIE	17	0.9411764705882353	0.8823529411764706	0.0
PPIF	17	1.0	1.0	0.0
PPIG	17	1.0	1.0	0.0
PPIH	17	1.0	1.0	0.0
PPIL1	17	1.0	1.0	0.0
PPIL2	17	0.9411764705882353	0.8823529411764706	0.0
PPIL3	17	0.9411764705882353	1.0	0.0
PPIL4	17	1.0	1.0	0.0
PPIL6	17	0.9411764705882353	1.0	0.0
PPIP5K1	17	0.9411764705882353	0.9411764705882353	0.0
PPIP5K2	17	1.0	0.8823529411764706	0.0
PPL	17	0.9411764705882353	1.0	0.11764705882352941
PPM1A	17	1.0	1.0	0.0
PPM1B	17	1.0	0.9411764705882353	0.0
PPM1D	17	1.0	1.0	0.0
PPM1E	17	0.8823529411764706	1.0	0.0
PPM1F	17	0.8823529411764706	0.8823529411764706	0.0
PPM1G	17	1.0	1.0	0.0
PPM1H	17	1.0	1.0	0.0
PPM1K	17	1.0	0.9411764705882353	0.058823529411764705
PPM1L	17	0.7647058823529411	1.0	0.0
PPME1	17	1.0	1.0	0.0
PPOX	17	0.8823529411764706	1.0	0.0
PPP1CA	17	1.0	1.0	0.0
PPP1CB	17	1.0	0.9411764705882353	0.0
PPP1CC	17	1.0	1.0	0.0
PPP1R10	17	1.0	1.0	0.0
PPP1R11	17	0.6470588235294118	1.0	0.0
PPP1R12A	17	1.0	1.0	0.0
PPP1R12B	17	1.0	1.0	0.0
PPP1R12C	17	1.0	0.9411764705882353	0.058823529411764705
PPP1R13B	17	0.9411764705882353	0.9411764705882353	0.11764705882352941
PPP1R13L	17	0.9411764705882353	0.9411764705882353	0.058823529411764705
PPP1R14B	17	0.8235294117647058	0.5882352941176471	0.0
PPP1R14C	17	0.9411764705882353	1.0	0.11764705882352941
PPP1R15A	17	0.8235294117647058	0.8235294117647058	0.0
PPP1R15B	17	1.0	1.0	0.058823529411764705
PPP1R16A	17	1.0	1.0	0.0
PPP1R16B	17	1.0	1.0	0.0
PPP1R1C	17	1.0	1.0	0.0
PPP1R2	17	0.9411764705882353	0.9411764705882353	0.0
PPP1R21	17	1.0	1.0	0.0
PPP1R26	17	1.0	1.0	0.0
PPP1R26-AS1	17	0.9411764705882353	0.7058823529411765	0.0
PPP1R32	17	0.7058823529411765	0.8235294117647058	0.0
PPP1R35	17	1.0	0.8823529411764706	0.0
PPP1R36	17	1.0	0.8823529411764706	0.0
PPP1R37	17	0.7647058823529411	1.0	0.0
PPP1R3B	17	0.9411764705882353	0.6470588235294118	0.0
PPP1R3E	17	0.9411764705882353	0.8823529411764706	0.0
PPP1R3F	17	1.0	0.9411764705882353	0.0
PPP1R42	17	1.0	0.9411764705882353	0.0
PPP1R7	17	1.0	0.7647058823529411	0.0
PPP1R8	17	1.0	0.8823529411764706	0.0
PPP1R9A	17	0.8823529411764706	1.0	0.0
PPP1R9B	17	0.8235294117647058	1.0	0.0
PPP2CA	17	1.0	1.0	0.0
PPP2CB	17	0.9411764705882353	1.0	0.0
PPP2R1A	17	1.0	1.0	0.0
PPP2R1B	17	0.8823529411764706	0.8823529411764706	0.0
PPP2R2A	17	0.9411764705882353	0.9411764705882353	0.0
PPP2R2B	17	0.9411764705882353	0.8235294117647058	0.0
PPP2R2D	17	0.7058823529411765	1.0	0.0
PPP2R3A	17	0.9411764705882353	0.9411764705882353	0.0
PPP2R3B	17	0.7058823529411765	1.0	0.0
PPP2R3C	17	0.9411764705882353	0.9411764705882353	0.0
PPP2R5A	17	1.0	1.0	0.0
PPP2R5B	17	0.8235294117647058	0.8823529411764706	0.0
PPP2R5C	17	1.0	1.0	0.058823529411764705
PPP2R5D	17	0.7647058823529411	1.0	0.0
PPP2R5E	17	1.0	1.0	0.058823529411764705
PPP3CA	17	1.0	1.0	0.058823529411764705
PPP3CB	17	1.0	1.0	0.0
PPP3CB-AS1	17	1.0	1.0	0.0
PPP3CC	17	1.0	1.0	0.11764705882352941
PPP3R1	17	0.8235294117647058	0.8823529411764706	0.0
PPP4C	17	0.8235294117647058	0.9411764705882353	0.0
PPP4R1	17	1.0	1.0	0.6470588235294118
PPP4R2	17	1.0	1.0	0.0
PPP4R3A	17	0.9411764705882353	1.0	0.0
PPP4R3B	17	0.7058823529411765	1.0	0.0
PPP5C	17	1.0	1.0	0.0
PPP5D1	17	0.9411764705882353	0.9411764705882353	0.0
PPP6C	17	0.7058823529411765	1.0	0.0
PPP6R1	17	0.9411764705882353	0.9411764705882353	0.11764705882352941
PPP6R2	17	1.0	0.9411764705882353	0.058823529411764705
PPP6R3	17	1.0	0.9411764705882353	0.0
PPRC1	17	0.9411764705882353	0.9411764705882353	0.11764705882352941
PPT1	17	0.4117647058823529	0.7647058823529411	0.0
PPT2	17	0.9411764705882353	0.9411764705882353	0.0
PPTC7	17	1.0	1.0	0.9411764705882353
PPWD1	17	1.0	1.0	0.0
PQBP1	17	0.9411764705882353	1.0	0.0
PRAG1	17	1.0	1.0	0.17647058823529413
PRAM1	17	0.8235294117647058	0.8235294117647058	0.0
PRC1	17	0.8823529411764706	1.0	0.0
PRC1-AS1	17	0.8235294117647058	0.8235294117647058	0.0
PRCC	17	0.9411764705882353	0.8823529411764706	0.0
PRCP	17	1.0	0.9411764705882353	0.0
PRDM10	17	1.0	1.0	0.0
PRDM11	17	0.9411764705882353	0.9411764705882353	0.0
PRDM15	17	1.0	0.9411764705882353	0.058823529411764705
PRDM16	17	1.0	1.0	0.0
PRDM16-DT	17	1.0	1.0	0.0
PRDM2	17	0.9411764705882353	1.0	0.0
PRDM4	17	0.9411764705882353	1.0	0.0
PRDM5	17	1.0	1.0	0.0
PRDM6	17	1.0	1.0	0.0
PRDX1	17	1.0	0.9411764705882353	0.0
PRDX2	17	0.8823529411764706	1.0	0.0
PRDX3	17	1.0	0.8235294117647058	0.0
PRDX4	17	1.0	0.8823529411764706	0.0
PRDX5	17	0.8235294117647058	0.7647058823529411	0.0
PRDX6	17	1.0	1.0	0.0
PREB	17	1.0	1.0	0.0
PRELID2	17	0.9411764705882353	0.8235294117647058	0.0
PRELID3A	17	1.0	0.7058823529411765	0.0
PRELID3B	17	0.9411764705882353	0.7647058823529411	0.0
PREP	17	0.9411764705882353	0.9411764705882353	0.0
PREPL	17	1.0	1.0	0.0
PREX1	17	1.0	1.0	0.0
PRH1	17	1.0	1.0	0.0
PRICKLE1	17	0.7058823529411765	0.9411764705882353	0.0
PRICKLE2	17	0.9411764705882353	0.6470588235294118	0.0
PRICKLE3	17	1.0	0.6470588235294118	0.0
PRICKLE4	17	1.0	1.0	0.0
PRIM1	17	1.0	1.0	0.0
PRIM2	17	1.0	1.0	0.0
PRIMPOL	17	0.9411764705882353	1.0	0.0
PRKAA1	17	1.0	0.9411764705882353	0.0
PRKAA2	17	1.0	0.8823529411764706	0.0
PRKAB1	17	1.0	1.0	0.0
PRKAB2	17	0.9411764705882353	0.8235294117647058	0.0
PRKACA	17	1.0	1.0	0.0
PRKACB	17	0.9411764705882353	0.7058823529411765	0.0
PRKAG1	17	0.9411764705882353	0.9411764705882353	0.0
PRKAG2	17	1.0	1.0	0.0
PRKAG2-AS1	17	0.8235294117647058	0.8235294117647058	0.0
PRKAR1A	17	0.9411764705882353	0.7058823529411765	0.0
PRKAR1B	17	1.0	1.0	0.0
PRKAR2A	17	1.0	0.8823529411764706	0.0
PRKAR2B	17	1.0	1.0	0.0
PRKCA	17	1.0	1.0	0.0
PRKCA-AS1	17	1.0	1.0	0.0
PRKCB	17	1.0	1.0	0.058823529411764705
PRKCD	17	0.9411764705882353	0.7647058823529411	0.0
PRKCE	17	0.9411764705882353	0.9411764705882353	0.0
PRKCH	17	0.8823529411764706	1.0	0.0
PRKCI	17	1.0	1.0	0.9411764705882353
PRKCQ	17	0.8823529411764706	0.9411764705882353	0.0
PRKCQ-AS1	17	0.9411764705882353	0.9411764705882353	0.0
PRKCSH	17	1.0	1.0	0.0
PRKCZ	17	0.9411764705882353	0.9411764705882353	0.11764705882352941
PRKD1	17	0.9411764705882353	1.0	0.0
PRKD2	17	0.9411764705882353	1.0	0.0
PRKD3	17	0.8235294117647058	1.0	0.0
PRKDC	17	1.0	1.0	0.0
PRKG1	17	1.0	1.0	0.0
PRKG1-AS1	17	0.7647058823529411	0.5882352941176471	0.0
PRKG2	17	0.8235294117647058	0.8235294117647058	0.0
PRKN	17	1.0	1.0	0.0
PRKRA	17	0.8823529411764706	0.8235294117647058	0.0
PRKRIP1	17	0.9411764705882353	0.9411764705882353	0.0
PRKX	17	1.0	1.0	0.9411764705882353
PRKX-AS1	17	0.8235294117647058	0.8235294117647058	0.07142857142857142
PRKY	17	0.9411764705882353	1.0	0.0
PRLR	17	1.0	1.0	0.0
PRMT1	17	0.9411764705882353	1.0	0.0
PRMT2	17	1.0	1.0	0.058823529411764705
PRMT3	17	0.9411764705882353	0.9411764705882353	0.0
PRMT5	17	1.0	0.9411764705882353	0.0
PRMT7	17	1.0	0.9411764705882353	0.0
PRMT9	17	1.0	1.0	0.0
PRNCR1	17	1.0	1.0	0.0
PROCA1	17	1.0	1.0	0.0
PROCR	17	0.9411764705882353	1.0	0.0
PROM1	17	0.9411764705882353	1.0	0.0
PROM2	17	1.0	1.0	0.0
PRORP	17	1.0	1.0	0.058823529411764705
PROS1	17	1.0	1.0	0.0
PROSER1	17	0.9411764705882353	0.8823529411764706	0.0
PROSER2	17	0.9411764705882353	1.0	0.11764705882352941
PROSER2-AS1	17	0.9411764705882353	0.9411764705882353	0.058823529411764705
PROSER3	17	1.0	1.0	0.0
PRPF18	17	0.9411764705882353	0.9411764705882353	0.0
PRPF19	17	0.9411764705882353	1.0	0.0
PRPF3	17	0.8823529411764706	0.8823529411764706	0.0
PRPF31	17	0.9411764705882353	1.0	0.0
PRPF38A	17	0.9411764705882353	0.9411764705882353	0.0
PRPF38B	17	1.0	1.0	0.0
PRPF39	17	1.0	1.0	0.058823529411764705
PRPF4	17	0.7647058823529411	1.0	0.0
PRPF40A	17	0.9411764705882353	0.9411764705882353	0.0
PRPF40B	17	1.0	0.9411764705882353	0.0
PRPF4B	17	1.0	1.0	0.0
PRPF6	17	1.0	1.0	0.0
PRPF8	17	0.9411764705882353	0.9411764705882353	0.0
PRPS1	17	0.7647058823529411	0.7647058823529411	0.0
PRPS2	17	0.9411764705882353	1.0	0.0
PRPSAP1	17	0.9411764705882353	1.0	0.0
PRPSAP2	17	0.9411764705882353	1.0	0.0
PRR12	17	0.7647058823529411	0.8823529411764706	0.0
PRR13	17	1.0	1.0	0.0
PRR14	17	0.8235294117647058	1.0	0.0
PRR14L	17	1.0	0.8823529411764706	0.0
PRR15	17	1.0	1.0	0.0
PRR15L	17	0.8235294117647058	0.8235294117647058	0.0
PRR26	17	1.0	1.0	0.0
PRR3	17	0.9411764705882353	0.8235294117647058	0.0
PRR35	17	1.0	1.0	0.0
PRR5	17	0.8235294117647058	1.0	0.0
PRR5L	17	1.0	1.0	0.0
PRRC1	17	0.8823529411764706	0.9411764705882353	0.0
PRRC2A	17	1.0	1.0	0.058823529411764705
PRRC2B	17	0.9411764705882353	0.9411764705882353	0.0
PRRC2C	17	1.0	1.0	0.0
PRRG1	17	1.0	0.8235294117647058	0.0
PRRG2	17	1.0	0.8235294117647058	0.0
PRRG4	17	0.9411764705882353	1.0	0.0
PRRT1	17	0.7058823529411765	0.8235294117647058	0.0
PRRT3-AS1	17	0.8235294117647058	0.8235294117647058	0.0
PRSS22	17	0.9411764705882353	0.9411764705882353	0.058823529411764705
PRSS23	17	0.9411764705882353	0.9411764705882353	0.0
PRSS3	17	0.9411764705882353	1.0	0.0
PRSS48	17	1.0	1.0	0.6470588235294118
PRSS8	17	1.0	1.0	0.0
PRTFDC1	17	0.9411764705882353	1.0	0.0
PRTG	17	1.0	0.8823529411764706	0.0
PRUNE1	17	1.0	1.0	0.0
PRUNE2	17	1.0	0.9411764705882353	0.5294117647058824
PRXL2A	17	1.0	0.8823529411764706	0.0
PRXL2B	17	0.8235294117647058	0.8235294117647058	0.0
PRXL2C	17	0.6470588235294118	0.9411764705882353	0.0
PSAP	17	1.0	0.9411764705882353	0.0
PSD3	17	1.0	1.0	0.11764705882352941
PSD4	17	1.0	1.0	0.0
PSEN1	17	0.9411764705882353	0.9411764705882353	0.0
PSEN2	17	1.0	0.9411764705882353	0.0
PSG4	17	1.0	1.0	0.0
PSG5	17	0.8823529411764706	1.0	0.0
PSG9	17	1.0	1.0	0.0
PSIP1	17	0.9411764705882353	0.8823529411764706	0.0
PSKH1	17	0.8823529411764706	1.0	0.0
PSMA1	17	0.9411764705882353	0.9411764705882353	0.0
PSMA2	17	1.0	0.8823529411764706	0.0
PSMA3	17	1.0	1.0	0.0
PSMA3-AS1	17	1.0	1.0	0.0
PSMA4	17	0.8823529411764706	1.0	0.0
PSMA5	17	0.9411764705882353	0.9411764705882353	0.0
PSMA6	17	1.0	0.8823529411764706	0.0
PSMA7	17	1.0	1.0	0.0
PSMB1	17	1.0	1.0	0.058823529411764705
PSMB2	17	0.8235294117647058	1.0	0.0
PSMB3	17	1.0	1.0	0.0
PSMB4	17	1.0	1.0	0.0
PSMB5	17	1.0	1.0	0.0
PSMB7	17	1.0	1.0	0.0
PSMB9	17	0.8235294117647058	0.8235294117647058	0.0
PSMC1	17	1.0	1.0	0.0
PSMC2	17	1.0	1.0	0.0
PSMC3	17	1.0	1.0	0.0
PSMC4	17	1.0	1.0	0.0
PSMC5	17	1.0	1.0	0.0
PSMC6	17	0.9411764705882353	1.0	0.0
PSMD1	17	1.0	1.0	0.5882352941176471
PSMD11	17	1.0	1.0	0.0
PSMD12	17	1.0	1.0	0.0
PSMD13	17	0.9411764705882353	0.8235294117647058	0.0
PSMD14	17	1.0	1.0	0.058823529411764705
PSMD2	17	0.9411764705882353	1.0	0.0
PSMD3	17	1.0	1.0	0.0
PSMD4	17	1.0	0.9411764705882353	0.0
PSMD5	17	1.0	1.0	0.0
PSMD6	17	0.9411764705882353	1.0	0.0
PSMD6-AS2	17	0.8823529411764706	1.0	0.0
PSMD7	17	1.0	1.0	0.0
PSMD8	17	1.0	0.9411764705882353	0.0
PSMD9	17	0.7647058823529411	1.0	0.0
PSME1	17	1.0	0.47058823529411764	0.0
PSME2	17	0.7647058823529411	0.8235294117647058	0.0
PSME3	17	1.0	1.0	0.058823529411764705
PSME4	17	1.0	0.9411764705882353	0.0
PSMF1	17	1.0	1.0	0.0
PSMG1	17	0.9411764705882353	1.0	0.0
PSMG2	17	1.0	1.0	0.0
PSMG3	17	1.0	0.9411764705882353	0.0
PSMG3-AS1	17	1.0	1.0	0.0
PSMG4	17	1.0	1.0	0.058823529411764705
PSORS1C1	17	1.0	1.0	0.7058823529411765
PSPC1	17	1.0	0.7647058823529411	0.0
PSPH	17	1.0	1.0	0.058823529411764705
PSTK	17	0.9411764705882353	0.9411764705882353	0.0
PSTPIP2	17	1.0	1.0	0.0
PTAFR	17	1.0	1.0	0.0
PTAR1	17	0.8823529411764706	0.9411764705882353	0.0
PTBP1	17	0.9411764705882353	1.0	0.0
PTBP2	17	1.0	1.0	0.0
PTBP3	17	1.0	0.7058823529411765	0.0
PTCD1	17	1.0	0.7647058823529411	0.0
PTCD2	17	1.0	0.8823529411764706	0.0
PTCD3	17	1.0	0.8823529411764706	0.0
PTCH1	17	1.0	1.0	0.0
PTCH2	17	1.0	1.0	0.0
PTCHD1-AS	17	1.0	0.9411764705882353	0.0
PTCHD4	17	0.9411764705882353	0.9411764705882353	0.0
PTCSC3	17	1.0	1.0	0.058823529411764705
PTDSS1	17	1.0	1.0	0.058823529411764705
PTDSS2	17	1.0	0.8823529411764706	0.0
PTEN	17	0.6470588235294118	1.0	0.0
PTER	17	1.0	0.9411764705882353	0.0
PTGDS	17	1.0	1.0	0.0
PTGER1	17	1.0	0.9411764705882353	0.0
PTGER3	17	1.0	1.0	0.058823529411764705
PTGES2	17	1.0	1.0	0.0
PTGES3	17	0.7647058823529411	0.9411764705882353	0.0
PTGFR	17	0.9411764705882353	1.0	0.0
PTGFRN	17	0.9411764705882353	0.7058823529411765	0.0
PTGR1	17	1.0	1.0	0.0
PTGR2	17	0.9411764705882353	0.9411764705882353	0.0
PTGS1	17	0.8235294117647058	0.8235294117647058	0.0
PTH1R	17	1.0	0.9411764705882353	0.8235294117647058
PTH2R	17	1.0	0.9411764705882353	0.0
PTK2	17	1.0	1.0	0.0
PTK2B	17	1.0	0.9411764705882353	0.0
PTK6	17	0.8235294117647058	0.8235294117647058	0.0
PTK7	17	1.0	0.9411764705882353	0.058823529411764705
PTMA	17	0.7647058823529411	1.0	0.0
PTMS	17	1.0	1.0	0.0
PTOV1	17	0.8823529411764706	1.0	0.0
PTOV1-AS1	17	0.9411764705882353	1.0	0.0
PTP4A2	17	1.0	1.0	0.0
PTP4A3	17	1.0	1.0	0.0
PTPA	17	0.9411764705882353	0.8235294117647058	0.0
PTPDC1	17	0.9411764705882353	0.9411764705882353	0.0
PTPN1	17	1.0	1.0	0.7058823529411765
PTPN11	17	0.9411764705882353	0.9411764705882353	0.0
PTPN12	17	0.9411764705882353	1.0	0.0
PTPN13	17	0.9411764705882353	0.8235294117647058	0.0
PTPN14	17	1.0	1.0	0.0
PTPN18	17	1.0	1.0	0.0
PTPN2	17	1.0	1.0	0.11764705882352941
PTPN20	17	1.0	0.8235294117647058	0.0
PTPN21	17	0.9411764705882353	1.0	0.0
PTPN23	17	0.9411764705882353	1.0	0.0
PTPN3	17	1.0	1.0	0.058823529411764705
PTPN4	17	0.9411764705882353	1.0	0.0
PTPN6	17	0.9411764705882353	0.9411764705882353	0.0
PTPN9	17	1.0	1.0	0.9411764705882353
PTPRA	17	1.0	1.0	0.23529411764705882
PTPRB	17	0.7647058823529411	1.0	0.0
PTPRC	17	0.8235294117647058	0.8235294117647058	0.0
PTPRD	17	1.0	1.0	0.4117647058823529
PTPRE	17	1.0	1.0	0.058823529411764705
PTPRF	17	0.9411764705882353	0.8235294117647058	0.0
PTPRG	17	0.9411764705882353	0.9411764705882353	0.0
PTPRG-AS1	17	1.0	1.0	0.0
PTPRJ	17	0.9411764705882353	0.9411764705882353	0.11764705882352941
PTPRK	17	1.0	1.0	0.23529411764705882
PTPRM	17	1.0	1.0	0.7647058823529411
PTPRN2	17	1.0	1.0	0.0
PTPRO	17	0.8823529411764706	1.0	0.0
PTPRQ	17	1.0	1.0	0.0
PTPRS	17	1.0	1.0	0.0
PTPRT	17	1.0	1.0	0.0
PTPRU	17	0.9411764705882353	0.9411764705882353	0.0
PTRH1	17	0.9411764705882353	1.0	0.058823529411764705
PTRH2	17	1.0	1.0	0.0
PTS	17	1.0	1.0	0.11764705882352941
PTTG1IP	17	1.0	1.0	0.11764705882352941
PUDP	17	0.7647058823529411	1.0	0.0
PUF60	17	1.0	1.0	0.0
PUM1	17	0.9411764705882353	0.9411764705882353	0.0
PUM2	17	0.9411764705882353	0.8823529411764706	0.0
PUM3	17	1.0	1.0	0.0
PURA	17	1.0	1.0	0.23529411764705882
PURB	17	1.0	1.0	0.8823529411764706
PUS1	17	1.0	1.0	0.0
PUS10	17	1.0	1.0	0.0
PUS7	17	1.0	1.0	0.0
PUS7L	17	0.9411764705882353	0.8235294117647058	0.0
PVR	17	1.0	1.0	0.11764705882352941
PVT1	17	0.8823529411764706	1.0	0.0
PWP1	17	1.0	1.0	0.0
PWRN1	17	0.9411764705882353	0.9411764705882353	0.0
PWRN4	17	1.0	0.9411764705882353	0.0
PWWP2A	17	0.9411764705882353	1.0	0.0
PWWP2B	17	0.9411764705882353	0.9411764705882353	0.0
PWWP3A	17	0.9411764705882353	1.0	0.0
PXDC1	17	0.9411764705882353	0.8235294117647058	0.0
PXDN	17	1.0	1.0	0.11764705882352941
PXDNL	17	1.0	1.0	0.0
PXK	17	1.0	1.0	0.058823529411764705
PXMP2	17	1.0	0.8823529411764706	0.0
PXMP4	17	0.8235294117647058	1.0	0.0
PXN	17	0.9411764705882353	0.9411764705882353	0.058823529411764705
PXN-AS1	17	0.9411764705882353	0.9411764705882353	0.0
PXYLP1	17	0.9411764705882353	1.0	0.0
PYCR2	17	1.0	1.0	0.0
PYCR3	17	0.8235294117647058	0.8235294117647058	0.0
PYGB	17	1.0	1.0	0.9411764705882353
PYGL	17	0.9411764705882353	1.0	0.0
PYGO1	17	0.7647058823529411	0.9411764705882353	0.0
PYGO2	17	0.7647058823529411	0.8235294117647058	0.0
PYM1	17	1.0	0.9411764705882353	0.0
PYROXD1	17	0.7647058823529411	1.0	0.0
PYROXD2	17	1.0	1.0	0.0
PYURF	17	0.7058823529411765	0.7647058823529411	0.0
PYY	17	1.0	1.0	0.0
QARS	17	0.8823529411764706	1.0	0.0
QDPR	17	0.8235294117647058	0.9411764705882353	0.0
QKI	17	1.0	1.0	0.0
QPCT	17	0.7647058823529411	0.8235294117647058	0.0
QPCTL	17	0.7058823529411765	0.9411764705882353	0.0
QPRT	17	1.0	0.8235294117647058	0.0
QRICH1	17	0.9411764705882353	0.9411764705882353	0.0
QRICH2	17	0.8235294117647058	1.0	0.0
QRSL1	17	1.0	0.8235294117647058	0.0
QSER1	17	0.8823529411764706	1.0	0.0
QSOX1	17	1.0	1.0	0.0
QSOX2	17	1.0	1.0	0.0
QTRT1	17	0.9411764705882353	1.0	0.0
QTRT2	17	1.0	1.0	0.0
R3HCC1	17	0.9411764705882353	1.0	0.0
R3HCC1L	17	0.9411764705882353	1.0	0.0
R3HDM1	17	0.9411764705882353	0.9411764705882353	0.0
R3HDM2	17	1.0	1.0	0.0
R3HDM4	17	1.0	1.0	0.0
RAB10	17	1.0	0.9411764705882353	0.0
RAB11A	17	0.9411764705882353	1.0	0.0
RAB11B	17	1.0	1.0	0.0
RAB11B-AS1	17	1.0	1.0	0.0
RAB11FIP1	17	1.0	0.9411764705882353	0.9411764705882353
RAB11FIP2	17	0.9411764705882353	0.6470588235294118	0.0
RAB11FIP3	17	1.0	1.0	0.0
RAB11FIP4	17	0.8823529411764706	1.0	0.0
RAB11FIP5	17	1.0	1.0	0.058823529411764705
RAB12	17	1.0	1.0	0.0
RAB13	17	1.0	1.0	0.0
RAB14	17	1.0	0.8823529411764706	0.0
RAB15	17	1.0	1.0	0.0
RAB17	17	1.0	1.0	0.058823529411764705
RAB18	17	0.9411764705882353	1.0	0.0
RAB19	17	0.8823529411764706	0.9411764705882353	0.0
RAB1A	17	1.0	1.0	0.0
RAB1B	17	0.8235294117647058	0.8823529411764706	0.0
RAB20	17	1.0	1.0	0.0
RAB21	17	1.0	0.7058823529411765	0.0
RAB22A	17	1.0	0.9411764705882353	0.11764705882352941
RAB23	17	0.9411764705882353	1.0	0.0
RAB25	17	1.0	0.9411764705882353	0.0
RAB27A	17	0.9411764705882353	1.0	0.0
RAB27B	17	0.8235294117647058	0.8235294117647058	0.07142857142857142
RAB28	17	1.0	1.0	0.0
RAB29	17	0.8823529411764706	1.0	0.0
RAB2A	17	1.0	1.0	0.0
RAB2B	17	1.0	0.9411764705882353	0.0
RAB30	17	1.0	0.8235294117647058	0.0
RAB30-DT	17	1.0	0.8235294117647058	0.0
RAB31	17	1.0	1.0	0.9411764705882353
RAB33B	17	0.8823529411764706	0.9411764705882353	0.0
RAB34	17	1.0	1.0	0.0
RAB35	17	0.9411764705882353	0.7647058823529411	0.0
RAB36	17	0.9411764705882353	0.9411764705882353	0.11764705882352941
RAB38	17	0.9411764705882353	0.9411764705882353	0.0
RAB3B	17	0.8235294117647058	0.8235294117647058	0.0
RAB3D	17	1.0	1.0	0.0
RAB3GAP1	17	1.0	1.0	0.11764705882352941
RAB3GAP2	17	1.0	1.0	0.11764705882352941
RAB3IP	17	1.0	1.0	0.11764705882352941
RAB40A	17	1.0	1.0	0.0
RAB40B	17	1.0	1.0	0.058823529411764705
RAB40C	17	0.8823529411764706	1.0	0.0
RAB43	17	0.8823529411764706	0.7058823529411765	0.0
RAB4A	17	0.9411764705882353	1.0	0.0
RAB4B	17	1.0	0.9411764705882353	0.0
RAB5A	17	0.9411764705882353	1.0	0.0
RAB5B	17	1.0	1.0	0.0
RAB5C	17	1.0	1.0	0.11764705882352941
RAB5IF	17	0.9411764705882353	0.8235294117647058	0.0
RAB6A	17	1.0	1.0	0.058823529411764705
RAB6B	17	1.0	0.9411764705882353	0.0
RAB7A	17	1.0	1.0	0.0
RAB8A	17	1.0	1.0	0.0
RAB8B	17	0.9411764705882353	0.9411764705882353	0.0
RAB9A	17	1.0	0.9411764705882353	0.0
RABAC1	17	0.6470588235294118	0.8235294117647058	0.0
RABEP1	17	0.8823529411764706	1.0	0.0
RABEP2	17	1.0	1.0	0.0
RABEPK	17	1.0	1.0	0.0
RABGAP1	17	0.9411764705882353	1.0	0.0
RABGAP1L	17	1.0	1.0	0.0
RABGEF1	17	1.0	1.0	0.058823529411764705
RABGGTB	17	1.0	0.8235294117647058	0.0
RABIF	17	0.8235294117647058	0.8235294117647058	0.0
RABL2A	17	0.9411764705882353	0.9411764705882353	0.0
RABL2B	17	1.0	1.0	0.11764705882352941
RABL3	17	0.9411764705882353	1.0	0.0
RABL6	17	0.9411764705882353	1.0	0.0
RAC1	17	1.0	1.0	0.0
RACGAP1	17	0.9411764705882353	0.5882352941176471	0.0
RACK1	17	1.0	0.9411764705882353	0.0
RAD1	17	1.0	1.0	0.0
RAD17	17	0.9411764705882353	0.8235294117647058	0.0
RAD18	17	0.9411764705882353	0.9411764705882353	0.0
RAD21	17	0.9411764705882353	0.8235294117647058	0.0
RAD23A	17	1.0	1.0	0.0
RAD23B	17	0.9411764705882353	0.9411764705882353	0.0
RAD50	17	1.0	0.9411764705882353	0.058823529411764705
RAD51-AS1	17	1.0	1.0	0.0
RAD51B	17	1.0	1.0	0.0
RAD51C	17	0.9411764705882353	0.9411764705882353	0.0
RAD51D	17	0.9411764705882353	0.9411764705882353	0.0
RAD52	17	1.0	1.0	0.058823529411764705
RAD54B	17	1.0	1.0	0.0
RAD54L	17	1.0	1.0	0.0
RAD54L2	17	1.0	0.9411764705882353	0.0
RAD9A	17	0.8823529411764706	1.0	0.0
RADX	17	0.9411764705882353	1.0	0.0
RAE1	17	1.0	1.0	0.0
RAF1	17	0.9411764705882353	0.9411764705882353	0.11764705882352941
RAG1	17	0.9411764705882353	0.9411764705882353	0.0
RAI1	17	0.9411764705882353	0.9411764705882353	0.058823529411764705
RAI1-AS1	17	0.9411764705882353	0.9411764705882353	0.058823529411764705
RAI14	17	1.0	0.9411764705882353	0.0
RAI2	17	1.0	1.0	0.0
RALA	17	1.0	1.0	0.0
RALB	17	1.0	1.0	0.0
RALBP1	17	1.0	1.0	0.0
RALGAPA1	17	1.0	0.8823529411764706	0.0
RALGAPA2	17	0.8823529411764706	0.9411764705882353	0.0
RALGAPB	17	1.0	1.0	0.11764705882352941
RALGDS	17	0.9411764705882353	1.0	0.11764705882352941
RALGPS1	17	1.0	0.9411764705882353	0.0
RALGPS2	17	1.0	1.0	0.0
RALY	17	0.9411764705882353	0.9411764705882353	0.11764705882352941
RALYL	17	1.0	1.0	0.0
RAN	17	0.8235294117647058	0.8235294117647058	0.0
RANBP1	17	0.9411764705882353	1.0	0.0
RANBP10	17	0.9411764705882353	0.8235294117647058	0.0
RANBP17	17	1.0	1.0	0.0
RANBP2	17	1.0	1.0	0.0
RANBP3	17	0.9411764705882353	1.0	0.0
RANBP3L	17	1.0	1.0	0.0
RANBP6	17	1.0	0.9411764705882353	0.0
RANBP9	17	0.9411764705882353	0.8823529411764706	0.0
RANGAP1	17	1.0	0.9411764705882353	0.0
RANGRF	17	1.0	0.9411764705882353	0.0
RAP1A	17	1.0	1.0	0.0
RAP1B	17	0.8235294117647058	1.0	0.0
RAP1GAP	17	1.0	1.0	0.058823529411764705
RAP1GAP2	17	0.9411764705882353	0.9411764705882353	0.0
RAP1GDS1	17	0.9411764705882353	1.0	0.0
RAP2A	17	0.8235294117647058	0.9411764705882353	0.0
RAP2B	17	1.0	1.0	0.11764705882352941
RAP2C	17	0.8823529411764706	0.9411764705882353	0.0
RAP2C-AS1	17	0.7647058823529411	0.7058823529411765	0.0
RAPGEF1	17	1.0	1.0	0.7647058823529411
RAPGEF2	17	1.0	1.0	0.0
RAPGEF3	17	1.0	1.0	0.0
RAPGEF4	17	1.0	1.0	0.0
RAPGEF5	17	0.9411764705882353	1.0	0.0
RAPGEF6	17	1.0	0.8823529411764706	0.0
RAPGEFL1	17	1.0	0.8235294117647058	0.0
RAPH1	17	0.9411764705882353	1.0	0.058823529411764705
RARA	17	0.8823529411764706	1.0	0.0
RARB	17	0.9411764705882353	1.0	0.0
RARG	17	1.0	1.0	0.7058823529411765
RARRES1	17	1.0	1.0	0.0
RARRES2	17	0.8235294117647058	0.8235294117647058	0.0
RARS	17	1.0	0.8823529411764706	0.0
RARS2	17	0.9411764705882353	1.0	0.0
RASA1	17	1.0	1.0	0.0
RASA2	17	1.0	1.0	0.8823529411764706
RASA3	17	0.8235294117647058	0.9411764705882353	0.0
RASA4	17	0.8235294117647058	1.0	0.0
RASAL1	17	0.9411764705882353	0.9411764705882353	0.0
RASAL2	17	1.0	1.0	0.11764705882352941
RASD1	17	0.9411764705882353	1.0	0.0
RASEF	17	0.9411764705882353	1.0	0.0
RASGEF1A	17	1.0	0.9411764705882353	0.0
RASGEF1B	17	1.0	1.0	0.058823529411764705
RASGRF2	17	1.0	0.9411764705882353	0.0
RASGRP1	17	1.0	1.0	0.0
RASGRP3	17	1.0	1.0	0.0
RASL11A	17	1.0	0.8823529411764706	0.0
RASSF1	17	1.0	0.9411764705882353	0.0
RASSF10-DT	17	0.9411764705882353	1.0	0.0
RASSF3	17	1.0	1.0	0.058823529411764705
RASSF4	17	1.0	1.0	0.0
RASSF6	17	0.8235294117647058	1.0	0.0
RASSF7	17	1.0	0.7058823529411765	0.0
RASSF8	17	0.8235294117647058	1.0	0.0
RASSF8-AS1	17	1.0	1.0	0.0
RASSF9	17	0.9411764705882353	1.0	0.0
RAVER1	17	0.6470588235294118	0.9411764705882353	0.0
RAVER2	17	0.8235294117647058	0.9411764705882353	0.0
RB1	17	1.0	1.0	0.058823529411764705
RB1CC1	17	0.7647058823529411	1.0	0.0
RBAK	17	1.0	1.0	0.5294117647058824
RBBP4	17	1.0	0.8823529411764706	0.0
RBBP5	17	1.0	1.0	0.0
RBBP6	17	1.0	1.0	0.0
RBBP7	17	1.0	1.0	0.0
RBBP8	17	1.0	1.0	0.0
RBBP9	17	1.0	0.7647058823529411	0.0
RBCK1	17	1.0	1.0	0.0
RBFA	17	0.9411764705882353	0.7647058823529411	0.0
RBFADN	17	0.7058823529411765	0.47058823529411764	0.0
RBFOX1	17	0.9411764705882353	0.9411764705882353	0.0
RBFOX2	17	1.0	1.0	0.0
RBFOX3	17	1.0	1.0	0.0
RBIS	17	1.0	1.0	0.0
RBKS	17	0.7058823529411765	0.7647058823529411	0.0
RBL1	17	0.8823529411764706	0.8823529411764706	0.0
RBL2	17	0.9411764705882353	0.8823529411764706	0.0
RBM10	17	1.0	1.0	0.0
RBM11	17	0.9411764705882353	0.7647058823529411	0.0
RBM12	17	0.9411764705882353	1.0	0.0
RBM12B	17	0.8235294117647058	0.9411764705882353	0.0
RBM14	17	1.0	1.0	0.058823529411764705
RBM15	17	1.0	1.0	0.0
RBM15-AS1	17	1.0	1.0	0.0
RBM15B	17	0.8235294117647058	0.7647058823529411	0.0
RBM17	17	1.0	1.0	0.0
RBM18	17	0.9411764705882353	0.9411764705882353	0.0
RBM19	17	0.9411764705882353	0.9411764705882353	0.0
RBM20	17	1.0	1.0	0.0
RBM22	17	0.8823529411764706	0.9411764705882353	0.0
RBM23	17	1.0	0.6470588235294118	0.0
RBM25	17	1.0	1.0	0.0
RBM26	17	0.9411764705882353	0.9411764705882353	0.0
RBM26-AS1	17	1.0	1.0	0.0
RBM27	17	1.0	1.0	0.0
RBM28	17	0.9411764705882353	1.0	0.0
RBM3	17	1.0	0.8235294117647058	0.0
RBM33	17	1.0	1.0	0.058823529411764705
RBM34	17	0.7647058823529411	0.7647058823529411	0.0
RBM39	17	1.0	1.0	0.0
RBM4	17	0.9411764705882353	0.7647058823529411	0.0
RBM41	17	1.0	1.0	0.0
RBM43	17	1.0	1.0	0.0
RBM44	17	1.0	0.8235294117647058	0.0
RBM45	17	1.0	1.0	0.0
RBM47	17	1.0	1.0	0.0
RBM48	17	1.0	1.0	0.0
RBM4B	17	0.9411764705882353	1.0	0.0
RBM5	17	1.0	1.0	0.0
RBM5-AS1	17	1.0	1.0	0.0
RBM6	17	1.0	0.9411764705882353	0.11764705882352941
RBM7	17	1.0	1.0	0.0
RBM8A	17	1.0	1.0	0.0
RBMS1	17	1.0	1.0	0.0
RBMS2	17	0.8823529411764706	1.0	0.0
RBMS3	17	1.0	0.7647058823529411	0.0
RBMX	17	0.8235294117647058	0.9411764705882353	0.0
RBMX2	17	1.0	1.0	0.0
RBMXL1	17	1.0	1.0	0.0
RBP2	17	1.0	1.0	0.0
RBP5	17	1.0	1.0	0.0
RBPJ	17	1.0	1.0	0.058823529411764705
RBPMS	17	1.0	0.9411764705882353	0.0
RBPMS-AS1	17	1.0	0.9411764705882353	0.0
RBPMS2	17	0.8823529411764706	1.0	0.0
RBSN	17	1.0	1.0	0.0
RBX1	17	0.9411764705882353	0.9411764705882353	0.0
RC3H1	17	1.0	1.0	0.0
RC3H2	17	1.0	1.0	0.0
RCAN1	17	0.9411764705882353	0.7058823529411765	0.0
RCAN2	17	1.0	0.9411764705882353	0.0
RCAN3	17	1.0	1.0	0.0
RCAN3AS	17	0.9411764705882353	1.0	0.0
RCBTB1	17	1.0	1.0	0.0
RCBTB2	17	0.8823529411764706	1.0	0.0
RCC1	17	1.0	1.0	0.0
RCC1L	17	0.9411764705882353	0.9411764705882353	0.058823529411764705
RCC2	17	0.8823529411764706	0.9411764705882353	0.0
RCCD1	17	1.0	1.0	0.0
RCE1	17	1.0	1.0	0.0
RCHY1	17	1.0	1.0	0.0
RCL1	17	1.0	1.0	0.0
RCN1	17	1.0	1.0	0.0
RCN2	17	0.9411764705882353	1.0	0.0
RCN3	17	1.0	1.0	0.0
RCOR1	17	1.0	0.8235294117647058	0.0
RCOR3	17	0.8823529411764706	1.0	0.0
RDH10	17	1.0	1.0	0.0
RDH10-AS1	17	0.8823529411764706	0.9411764705882353	0.0
RDH11	17	1.0	0.9411764705882353	0.058823529411764705
RDH13	17	0.9411764705882353	0.9411764705882353	0.058823529411764705
RDH14	17	0.7647058823529411	0.9411764705882353	0.0
RDH5	17	0.8235294117647058	0.8235294117647058	0.0
RDX	17	1.0	0.7647058823529411	0.0
REC114	17	0.6470588235294118	0.7647058823529411	0.0
REC8	17	0.9411764705882353	0.9411764705882353	0.0
RECK	17	1.0	0.8235294117647058	0.0
RECQL	17	0.9411764705882353	1.0	0.0
RECQL5	17	1.0	1.0	0.0
REEP3	17	1.0	1.0	0.0
REEP5	17	1.0	1.0	0.0
REL	17	0.9411764705882353	1.0	0.0
RELA	17	0.7647058823529411	1.0	0.0
RELA-DT	17	1.0	0.9411764705882353	0.0
RELB	17	0.9411764705882353	1.0	0.11764705882352941
RELCH	17	0.9411764705882353	1.0	0.0
RELL1	17	0.9411764705882353	1.0	0.11764705882352941
REPIN1	17	1.0	1.0	0.0
REPS1	17	0.9411764705882353	1.0	0.0
REPS2	17	1.0	1.0	0.0
RER1	17	1.0	1.0	0.0
RERE	17	1.0	1.0	0.0
RERE-AS1	17	1.0	0.8823529411764706	0.0
RERG	17	0.7647058823529411	0.9411764705882353	0.0
RERGL	17	0.9411764705882353	0.9411764705882353	0.0
RESF1	17	0.9411764705882353	0.9411764705882353	0.0
REST	17	1.0	1.0	0.0
RETREG1	17	1.0	1.0	0.17647058823529413
RETREG2	17	1.0	1.0	0.0
RETREG3	17	0.9411764705882353	0.9411764705882353	0.0
RETSAT	17	0.9411764705882353	0.9411764705882353	0.0
REV1	17	0.8235294117647058	0.9411764705882353	0.0
REV3L	17	1.0	1.0	0.0
REX1BD	17	1.0	1.0	0.0
REXO1	17	0.6470588235294118	1.0	0.0
REXO2	17	0.8823529411764706	0.8235294117647058	0.0
REXO4	17	0.8823529411764706	0.9411764705882353	0.0
REXO5	17	0.8235294117647058	0.8235294117647058	0.0
RFC1	17	0.8823529411764706	0.9411764705882353	0.0
RFC2	17	1.0	1.0	0.0
RFC3	17	1.0	1.0	0.0
RFC4	17	0.9411764705882353	0.9411764705882353	0.0
RFC5	17	0.9411764705882353	0.9411764705882353	0.0
RFFL	17	0.9411764705882353	0.8235294117647058	0.0
RFK	17	1.0	1.0	0.0
RFLNA	17	1.0	1.0	0.0
RFNG	17	0.9411764705882353	0.9411764705882353	0.0
RFT1	17	1.0	0.6470588235294118	0.0
RFTN1	17	1.0	1.0	0.0
RFWD3	17	0.9411764705882353	1.0	0.0
RFX1	17	0.9411764705882353	0.9411764705882353	0.11764705882352941
RFX2	17	1.0	1.0	0.11764705882352941
RFX3	17	1.0	1.0	0.8235294117647058
RFX3-AS1	17	1.0	0.5882352941176471	0.0
RFX5	17	0.9411764705882353	0.9411764705882353	0.0
RFX7	17	1.0	0.9411764705882353	0.0
RFXANK	17	0.8823529411764706	1.0	0.0
RFXAP	17	0.7647058823529411	0.9411764705882353	0.0
RGCC	17	0.7647058823529411	0.7647058823529411	0.0
RGL1	17	1.0	1.0	0.0
RGL2	17	1.0	1.0	0.0
RGL3	17	0.9411764705882353	0.7647058823529411	0.0
RGMB	17	1.0	0.8235294117647058	0.0
RGN	17	0.7647058823529411	0.8235294117647058	0.0
RGP1	17	0.9411764705882353	1.0	0.0
RGPD2	17	0.8235294117647058	1.0	0.0
RGPD5	17	0.8823529411764706	0.9411764705882353	0.0
RGPD8	17	1.0	1.0	0.0
RGS12	17	1.0	0.9411764705882353	0.11764705882352941
RGS14	17	1.0	1.0	0.0
RGS20	17	0.8235294117647058	0.7647058823529411	0.0
RGS22	17	1.0	0.9411764705882353	0.0
RGS3	17	1.0	0.8823529411764706	0.0
RGS5	17	0.9411764705882353	0.9411764705882353	0.0
RGS6	17	1.0	1.0	0.0
RGS7	17	1.0	1.0	0.0
RGS7BP	17	0.8235294117647058	0.8235294117647058	0.0
RHBDD1	17	1.0	1.0	0.0
RHBDD2	17	1.0	1.0	0.058823529411764705
RHBDD3	17	1.0	0.7647058823529411	0.0
RHBDF1	17	1.0	1.0	0.0
RHBDF2	17	1.0	1.0	0.0
RHBDL2	17	1.0	1.0	0.058823529411764705
RHBG	17	1.0	1.0	0.0
RHCG	17	1.0	1.0	0.058823529411764705
RHD	17	1.0	1.0	0.0
RHEB	17	0.9411764705882353	0.7058823529411765	0.0
RHEX	17	1.0	1.0	0.0
RHOA	17	0.9411764705882353	1.0	0.0
RHOB	17	0.9411764705882353	1.0	0.0
RHOBTB1	17	1.0	0.7647058823529411	0.0
RHOBTB2	17	1.0	1.0	0.0
RHOBTB3	17	1.0	1.0	0.0
RHOC	17	1.0	1.0	0.0
RHOD	17	0.9411764705882353	1.0	0.11764705882352941
RHOF	17	0.9411764705882353	0.9411764705882353	0.11764705882352941
RHOQ	17	1.0	1.0	0.0
RHOT1	17	0.9411764705882353	0.9411764705882353	0.0
RHOT2	17	0.9411764705882353	1.0	0.0
RHOXF1-AS1	17	1.0	1.0	0.0
RHPN1	17	1.0	1.0	0.0
RHPN2	17	0.9411764705882353	0.9411764705882353	0.058823529411764705
RIC1	17	1.0	1.0	0.0
RIC3	17	1.0	1.0	0.0
RIC8A	17	0.9411764705882353	1.0	0.0
RIC8B	17	0.7647058823529411	1.0	0.0
RICTOR	17	0.9411764705882353	0.7058823529411765	0.0
RIDA	17	0.9411764705882353	0.9411764705882353	0.0
RIF1	17	1.0	0.9411764705882353	0.0
RILP	17	0.9411764705882353	1.0	0.0
RILPL1	17	0.9411764705882353	0.9411764705882353	0.058823529411764705
RILPL2	17	0.7647058823529411	1.0	0.0
RIMBP2	17	0.8823529411764706	1.0	0.0
RIMKLA	17	1.0	1.0	0.0
RIMKLB	17	1.0	1.0	0.0
RIMS1	17	0.9411764705882353	0.9411764705882353	0.0
RIMS2	17	0.9411764705882353	0.9411764705882353	0.0
RIN2	17	1.0	0.7647058823529411	0.0
RIN3	17	1.0	1.0	0.0
RING1	17	0.9411764705882353	1.0	0.0
RINT1	17	0.9411764705882353	0.9411764705882353	0.0
RIOK1	17	0.9411764705882353	0.9411764705882353	0.0
RIOK2	17	1.0	0.8235294117647058	0.0
RIOK3	17	1.0	1.0	0.9411764705882353
RIOX2	17	0.8823529411764706	1.0	0.0
RIPK1	17	0.9411764705882353	1.0	0.0
RIPK2	17	0.9411764705882353	1.0	0.0
RIPK4	17	0.9411764705882353	0.9411764705882353	0.058823529411764705
RIPOR1	17	0.9411764705882353	0.8235294117647058	0.0
RIPOR2	17	1.0	1.0	0.11764705882352941
RIPOR3	17	1.0	1.0	0.0
RIT1	17	0.8235294117647058	0.9411764705882353	0.0
RITA1	17	0.7058823529411765	0.8235294117647058	0.0
RLF	17	0.9411764705882353	0.9411764705882353	0.0
RLIM	17	1.0	0.9411764705882353	0.0
RMC1	17	0.9411764705882353	0.9411764705882353	0.11764705882352941
RMDN1	17	0.7058823529411765	0.8235294117647058	0.0
RMDN2	17	1.0	0.9411764705882353	0.0
RMDN2-AS1	17	0.9411764705882353	1.0	0.0
RMDN3	17	1.0	1.0	0.0
RMI1	17	0.9411764705882353	1.0	0.0
RMI2	17	1.0	1.0	0.0
RMND1	17	1.0	1.0	0.0
RMND5A	17	1.0	1.0	0.0
RMND5B	17	1.0	1.0	0.0
RMRP	17	1.0	1.0	0.0
RMST	17	0.6470588235294118	1.0	0.0
RNASEH1	17	0.9411764705882353	0.7647058823529411	0.0
RNASEH1-AS1	17	0.8235294117647058	1.0	0.0
RNASEH2B	17	0.8235294117647058	0.9411764705882353	0.0
RNASEH2C	17	0.8823529411764706	0.8823529411764706	0.0
RNASEK	17	1.0	0.6470588235294118	0.0
RNASEL	17	0.6470588235294118	0.9411764705882353	0.0
RNASET2	17	1.0	1.0	0.0
RND3	17	0.8235294117647058	0.9411764705882353	0.0
RNF10	17	0.8823529411764706	0.9411764705882353	0.058823529411764705
RNF103	17	0.8235294117647058	1.0	0.0
RNF11	17	1.0	1.0	0.17647058823529413
RNF111	17	0.9411764705882353	1.0	0.0
RNF114	17	1.0	1.0	0.0
RNF115	17	1.0	1.0	0.0
RNF121	17	0.9411764705882353	1.0	0.0
RNF122	17	0.8235294117647058	0.9411764705882353	0.0
RNF123	17	1.0	1.0	0.0
RNF125	17	0.7647058823529411	0.9411764705882353	0.0
RNF126	17	1.0	0.9411764705882353	0.0
RNF128	17	1.0	1.0	0.0
RNF13	17	1.0	1.0	0.0
RNF130	17	1.0	1.0	0.0
RNF133	17	1.0	1.0	0.0
RNF135	17	0.8823529411764706	0.8823529411764706	0.0
RNF138	17	1.0	1.0	0.0
RNF139	17	1.0	1.0	0.0
RNF139-AS1	17	0.8235294117647058	0.7058823529411765	0.0
RNF14	17	0.5294117647058824	0.9411764705882353	0.0
RNF141	17	1.0	1.0	0.0
RNF144A	17	0.9411764705882353	1.0	0.0
RNF144B	17	1.0	0.9411764705882353	0.0
RNF145	17	1.0	1.0	0.0
RNF146	17	1.0	0.6470588235294118	0.0
RNF148	17	0.8235294117647058	0.8235294117647058	0.0
RNF149	17	1.0	1.0	0.0
RNF150	17	1.0	1.0	0.058823529411764705
RNF152	17	1.0	1.0	0.058823529411764705
RNF157	17	1.0	1.0	0.0
RNF157-AS1	17	0.8235294117647058	0.8235294117647058	0.0
RNF166	17	0.9411764705882353	1.0	0.0
RNF167	17	1.0	1.0	0.0
RNF168	17	1.0	1.0	0.0
RNF169	17	1.0	1.0	0.0
RNF170	17	0.9411764705882353	0.8823529411764706	0.0
RNF180	17	1.0	1.0	0.0
RNF182	17	1.0	1.0	0.0
RNF185	17	1.0	1.0	0.058823529411764705
RNF187	17	1.0	0.8823529411764706	0.0
RNF19A	17	0.9411764705882353	0.9411764705882353	0.0
RNF19B	17	1.0	1.0	0.0
RNF2	17	1.0	0.9411764705882353	0.0
RNF20	17	0.7058823529411765	0.8235294117647058	0.0
RNF207	17	1.0	1.0	0.058823529411764705
RNF212	17	1.0	1.0	0.0
RNF212B	17	1.0	1.0	0.0
RNF213	17	0.8823529411764706	1.0	0.0
RNF213-AS1	17	1.0	0.9411764705882353	0.058823529411764705
RNF214	17	0.7647058823529411	0.9411764705882353	0.0
RNF215	17	1.0	0.9411764705882353	0.0
RNF216	17	0.9411764705882353	0.8823529411764706	0.0
RNF217	17	0.8235294117647058	1.0	0.0
RNF217-AS1	17	0.9411764705882353	0.9411764705882353	0.0
RNF220	17	0.8235294117647058	1.0	0.0
RNF24	17	0.9411764705882353	1.0	0.0
RNF25	17	1.0	0.8235294117647058	0.0
RNF31	17	1.0	1.0	0.0
RNF32	17	0.9411764705882353	1.0	0.0
RNF34	17	1.0	1.0	0.0
RNF38	17	0.9411764705882353	0.9411764705882353	0.0
RNF4	17	0.9411764705882353	0.9411764705882353	0.0
RNF40	17	1.0	1.0	0.0
RNF41	17	1.0	0.9411764705882353	0.0
RNF43	17	0.9411764705882353	0.8235294117647058	0.0
RNF44	17	1.0	1.0	0.058823529411764705
RNF6	17	1.0	1.0	0.0
RNF7	17	0.8235294117647058	1.0	0.0
RNF8	17	1.0	1.0	0.0
RNFT1	17	1.0	0.9411764705882353	0.0
RNFT2	17	0.9411764705882353	1.0	0.0
RNGTT	17	1.0	0.9411764705882353	0.0
RNH1	17	0.9411764705882353	0.8235294117647058	0.0
RNLS	17	1.0	1.0	0.0
RNMT	17	0.9411764705882353	1.0	0.0
RNPC3	17	1.0	1.0	0.0
RNPEP	17	0.8235294117647058	1.0	0.0
RNPEPL1	17	0.9411764705882353	0.8823529411764706	0.0
RNPS1	17	0.8235294117647058	0.9411764705882353	0.0
RO60	17	0.9411764705882353	1.0	0.0
ROBO1	17	1.0	1.0	0.0
ROBO2	17	0.9411764705882353	1.0	0.0
ROBO3	17	1.0	0.9411764705882353	0.0
ROCK1	17	1.0	1.0	0.11764705882352941
ROCK2	17	1.0	0.9411764705882353	0.0
ROGDI	17	1.0	0.8823529411764706	0.0
ROR1	17	1.0	1.0	0.0
ROR1-AS1	17	1.0	0.8823529411764706	0.0
ROR2	17	1.0	0.9411764705882353	0.058823529411764705
RORA	17	1.0	0.9411764705882353	0.0
RORA-AS1	17	1.0	1.0	0.0
RORC	17	1.0	0.9411764705882353	0.0
ROS1	17	1.0	0.9411764705882353	0.058823529411764705
RP1	17	0.9411764705882353	0.9411764705882353	0.11764705882352941
RP2	17	1.0	1.0	0.0
RP9	17	1.0	1.0	0.0
RPA1	17	0.8823529411764706	1.0	0.0
RPA2	17	1.0	0.8823529411764706	0.0
RPA3	17	1.0	1.0	0.0
RPAIN	17	1.0	1.0	0.0
RPAP1	17	1.0	1.0	0.0
RPAP2	17	0.8235294117647058	1.0	0.0
RPAP3	17	1.0	1.0	0.0
RPARP-AS1	17	1.0	0.7647058823529411	0.0
RPE	17	0.6470588235294118	1.0	0.0
RPF1	17	1.0	0.9411764705882353	0.0
RPF2	17	1.0	1.0	0.0
RPGR	17	0.9411764705882353	1.0	0.0
RPGRIP1L	17	1.0	0.9411764705882353	0.0
RPH3AL	17	1.0	1.0	0.0
RPIA	17	0.9411764705882353	1.0	0.0
RPL10	17	0.9411764705882353	0.9411764705882353	0.0
RPL10A	17	0.8235294117647058	0.8235294117647058	0.0
RPL11	17	0.5294117647058824	0.9411764705882353	0.0
RPL12	17	0.8235294117647058	0.8235294117647058	0.0
RPL13	17	0.9411764705882353	0.8235294117647058	0.0
RPL13A	17	0.9411764705882353	0.9411764705882353	0.0
RPL14	17	0.8235294117647058	0.8235294117647058	0.0
RPL17	17	0.9411764705882353	0.8235294117647058	0.0
RPL21	17	0.9411764705882353	0.8235294117647058	0.0
RPL22	17	1.0	1.0	0.0
RPL23	17	1.0	0.9411764705882353	0.0
RPL23A	17	0.8235294117647058	0.8235294117647058	0.0
RPL24	17	0.8235294117647058	0.8235294117647058	0.0
RPL26	17	0.9411764705882353	0.9411764705882353	0.0
RPL26L1	17	0.8235294117647058	0.8235294117647058	0.0
RPL27	17	0.8235294117647058	0.7647058823529411	0.0
RPL27A	17	0.8235294117647058	0.7647058823529411	0.0
RPL28	17	0.8235294117647058	0.7647058823529411	0.0
RPL3	17	0.6470588235294118	0.7647058823529411	0.0
RPL30	17	0.5882352941176471	0.9411764705882353	0.0
RPL31	17	1.0	1.0	0.0
RPL34-AS1	17	0.9411764705882353	0.9411764705882353	0.0
RPL35	17	0.8235294117647058	0.8235294117647058	0.0
RPL35A	17	0.8235294117647058	0.8235294117647058	0.0
RPL36	17	0.9411764705882353	0.9411764705882353	0.0
RPL36A	17	0.9411764705882353	0.9411764705882353	0.0
RPL37	17	0.9411764705882353	0.9411764705882353	0.0
RPL37A	17	0.8823529411764706	0.9411764705882353	0.0
RPL38	17	0.8235294117647058	0.5882352941176471	0.0
RPL39	17	0.9411764705882353	0.9411764705882353	0.0
RPL39L	17	0.8235294117647058	0.8235294117647058	0.0
RPL4	17	0.9411764705882353	0.5294117647058824	0.0
RPL41	17	0.9411764705882353	0.9411764705882353	0.0
RPL5	17	1.0	0.9411764705882353	0.0
RPL6	17	0.6470588235294118	1.0	0.0
RPL7	17	0.8235294117647058	0.7647058823529411	0.0
RPL7A	17	0.7647058823529411	0.9411764705882353	0.0
RPL7L1	17	0.9411764705882353	1.0	0.0
RPL8	17	0.8235294117647058	0.8235294117647058	0.0
RPL9	17	1.0	0.9411764705882353	0.0
RPLP0	17	1.0	0.9411764705882353	0.0
RPLP1	17	0.8235294117647058	0.5882352941176471	0.0
RPLP2	17	0.8823529411764706	1.0	0.0
RPN1	17	0.9411764705882353	0.9411764705882353	0.0
RPN2	17	0.9411764705882353	0.8235294117647058	0.0
RPP14	17	0.9411764705882353	0.8823529411764706	0.0
RPP21	17	1.0	1.0	0.0
RPP30	17	0.7647058823529411	0.9411764705882353	0.0
RPP38	17	0.9411764705882353	1.0	0.0
RPRD1A	17	1.0	1.0	0.0
RPRD1B	17	1.0	1.0	0.0
RPRD2	17	0.9411764705882353	0.9411764705882353	0.0
RPS10	17	0.7058823529411765	0.7647058823529411	0.0
RPS10-NUDT3	17	0.7058823529411765	1.0	0.0
RPS12	17	0.7647058823529411	0.8235294117647058	0.0
RPS15A	17	0.8235294117647058	0.8235294117647058	0.0
RPS16	17	0.8235294117647058	0.8235294117647058	0.0
RPS17	17	1.0	0.9411764705882353	0.0
RPS18	17	0.47058823529411764	0.7058823529411765	0.0
RPS19	17	0.6470588235294118	0.9411764705882353	0.0
RPS2	17	0.9411764705882353	1.0	0.0
RPS21	17	1.0	0.9411764705882353	0.0
RPS24	17	0.9411764705882353	0.9411764705882353	0.0
RPS25	17	0.7647058823529411	0.8235294117647058	0.0
RPS26	17	0.8235294117647058	0.8235294117647058	0.0
RPS27	17	0.47058823529411764	0.47058823529411764	0.0
RPS27A	17	0.9411764705882353	0.9411764705882353	0.0
RPS27L	17	0.8235294117647058	0.9411764705882353	0.0
RPS28	17	0.9411764705882353	0.5882352941176471	0.0
RPS29	17	1.0	1.0	0.0
RPS3	17	0.9411764705882353	0.9411764705882353	0.0
RPS3A	17	0.9411764705882353	0.9411764705882353	0.0
RPS4Y1	17	0.9411764705882353	1.0	0.0
RPS6	17	0.9411764705882353	0.9411764705882353	0.0
RPS6KA1	17	0.9411764705882353	0.9411764705882353	0.0
RPS6KA2	17	1.0	0.9411764705882353	0.0
RPS6KA3	17	1.0	1.0	0.11764705882352941
RPS6KA4	17	0.8235294117647058	0.9411764705882353	0.0
RPS6KA5	17	1.0	1.0	0.0
RPS6KA6	17	1.0	1.0	0.0
RPS6KB1	17	1.0	1.0	0.0
RPS6KB2	17	1.0	1.0	0.0
RPS6KC1	17	1.0	1.0	0.11764705882352941
RPS6KL1	17	0.8235294117647058	0.8235294117647058	0.0
RPS7	17	0.8235294117647058	0.9411764705882353	0.0
RPS8	17	0.9411764705882353	0.5882352941176471	0.0
RPS9	17	1.0	0.8823529411764706	0.0
RPSA	17	0.9411764705882353	0.9411764705882353	0.0
RPTOR	17	1.0	0.8823529411764706	0.0
RPUSD3	17	1.0	0.9411764705882353	0.0
RPUSD4	17	1.0	1.0	0.0
RRAD	17	0.9411764705882353	0.9411764705882353	0.0
RRAGB	17	1.0	1.0	0.0
RRAGC	17	1.0	1.0	0.058823529411764705
RRAGD	17	1.0	1.0	0.0
RRAS2	17	0.9411764705882353	1.0	0.0
RRBP1	17	0.9411764705882353	0.9411764705882353	0.11764705882352941
RREB1	17	0.9411764705882353	0.9411764705882353	0.0
RRH	17	0.7647058823529411	1.0	0.0
RRM1	17	1.0	1.0	0.0
RRM2	17	1.0	0.7647058823529411	0.0
RRM2B	17	1.0	0.9411764705882353	0.0
RRN3	17	0.8235294117647058	1.0	0.0
RRNAD1	17	1.0	1.0	0.0
RRP1	17	0.7647058823529411	1.0	0.0
RRP12	17	1.0	1.0	0.0
RRP15	17	1.0	1.0	0.0
RRP1B	17	0.8823529411764706	1.0	0.0
RRP36	17	1.0	0.9411764705882353	0.0
RRP7A	17	1.0	1.0	0.0
RRP8	17	1.0	0.9411764705882353	0.058823529411764705
RRP9	17	0.8235294117647058	0.8235294117647058	0.0
RRS1-AS1	17	1.0	1.0	0.0
RSAD1	17	0.9411764705882353	0.8823529411764706	0.0
RSAD2	17	0.7647058823529411	0.7647058823529411	0.0
RSBN1	17	1.0	0.8823529411764706	0.0
RSBN1L	17	0.9411764705882353	0.8823529411764706	0.0
RSF1	17	1.0	1.0	0.0
RSKR	17	0.8823529411764706	1.0	0.0
RSL1D1	17	0.9411764705882353	0.9411764705882353	0.0
RSL24D1	17	1.0	0.7647058823529411	0.0
RSPH1	17	1.0	0.9411764705882353	0.0
RSPH14	17	1.0	1.0	0.0
RSPH3	17	0.9411764705882353	1.0	0.0
RSPH9	17	0.7647058823529411	0.7058823529411765	0.0
RSPO4	17	0.9411764705882353	0.8235294117647058	0.0
RSPRY1	17	0.6470588235294118	0.8235294117647058	0.0
RSRC1	17	0.8823529411764706	1.0	0.0
RSRC2	17	1.0	1.0	0.0
RSRP1	17	1.0	1.0	0.0
RSU1	17	1.0	1.0	0.6470588235294118
RTCA	17	1.0	1.0	0.0
RTCA-AS1	17	1.0	1.0	0.0
RTCB	17	1.0	1.0	0.17647058823529413
RTEL1	17	1.0	1.0	0.0
RTF1	17	0.9411764705882353	0.8823529411764706	0.0
RTF2	17	0.9411764705882353	1.0	0.0
RTKN	17	1.0	1.0	0.9411764705882353
RTKN2	17	0.9411764705882353	0.9411764705882353	0.0
RTL10	17	1.0	1.0	0.0
RTL5	17	0.8235294117647058	0.8823529411764706	0.0
RTL8C	17	0.8235294117647058	0.9411764705882353	0.0
RTN1	17	1.0	0.9411764705882353	0.0
RTN3	17	1.0	1.0	0.0
RTN4	17	0.9411764705882353	1.0	0.0
RTN4IP1	17	0.9411764705882353	1.0	0.0
RTN4RL1	17	1.0	0.8235294117647058	0.0
RTRAF	17	1.0	0.9411764705882353	0.0
RTTN	17	1.0	1.0	0.0
RUBCN	17	1.0	0.9411764705882353	0.058823529411764705
RUFY1	17	0.9411764705882353	0.9411764705882353	0.0
RUFY2	17	0.9411764705882353	0.8235294117647058	0.0
RUFY3	17	0.9411764705882353	0.7647058823529411	0.0
RUNDC1	17	1.0	1.0	0.0
RUNDC3B	17	1.0	1.0	0.17647058823529413
RUNX1	17	1.0	0.8235294117647058	0.11764705882352941
RUNX1T1	17	0.6470588235294118	1.0	0.0
RUNX2	17	1.0	1.0	0.058823529411764705
RUSC1	17	0.9411764705882353	1.0	0.0
RUSC1-AS1	17	0.7647058823529411	0.7647058823529411	0.0
RUSC2	17	1.0	1.0	0.0
RUVBL1	17	1.0	1.0	0.0
RUVBL2	17	1.0	1.0	0.0
RWDD1	17	0.8235294117647058	0.9411764705882353	0.0
RWDD2A	17	0.5882352941176471	0.8235294117647058	0.0
RWDD2B	17	1.0	1.0	0.0
RWDD3	17	0.9411764705882353	1.0	0.0
RWDD4	17	0.9411764705882353	0.9411764705882353	0.0
RXRA	17	1.0	1.0	0.0
RXRB	17	1.0	1.0	0.0
RXYLT1	17	0.9411764705882353	0.9411764705882353	0.0
RYBP	17	1.0	0.8235294117647058	0.0
RYK	17	0.7647058823529411	1.0	0.0
RYR1	17	0.8235294117647058	0.8235294117647058	0.0
RYR2	17	1.0	1.0	0.0
RYR3	17	0.9411764705882353	0.9411764705882353	0.11764705882352941
S100A10	17	0.9411764705882353	1.0	0.0
S100A11	17	1.0	1.0	0.0
S100A13	17	0.8823529411764706	0.9411764705882353	0.0
S100A14	17	1.0	1.0	0.0
S100A16	17	1.0	1.0	0.29411764705882354
S100A2	17	1.0	0.8823529411764706	0.0
S100A6	17	1.0	0.8235294117647058	0.0
S100PBP	17	0.7647058823529411	1.0	0.0
SAA2	17	1.0	1.0	0.058823529411764705
SAA4	17	0.8235294117647058	0.8235294117647058	0.0
SAAL1	17	0.8235294117647058	1.0	0.0
SACM1L	17	0.8823529411764706	0.9411764705882353	0.0
SACS	17	1.0	1.0	0.058823529411764705
SAE1	17	1.0	1.0	0.0
SAFB	17	0.8823529411764706	0.9411764705882353	0.0
SAFB2	17	0.8823529411764706	1.0	0.0
SALL1	17	1.0	1.0	0.0
SALL3	17	0.9411764705882353	1.0	0.0
SAMD1	17	1.0	1.0	0.0
SAMD10	17	0.7647058823529411	0.9411764705882353	0.0
SAMD11	17	1.0	1.0	0.0
SAMD12	17	0.9411764705882353	1.0	0.0
SAMD12-AS1	17	0.9411764705882353	1.0	0.058823529411764705
SAMD13	17	1.0	1.0	0.0
SAMD15	17	0.8823529411764706	0.8823529411764706	0.0
SAMD4A	17	0.9411764705882353	0.9411764705882353	0.11764705882352941
SAMD4B	17	0.9411764705882353	0.9411764705882353	0.11764705882352941
SAMD5	17	0.9411764705882353	0.9411764705882353	0.0
SAMD8	17	0.9411764705882353	0.9411764705882353	0.0
SAMD9	17	1.0	1.0	0.0
SAMD9L	17	0.5882352941176471	0.9411764705882353	0.0
SAMHD1	17	0.9411764705882353	1.0	0.0
SAMM50	17	0.8235294117647058	0.8235294117647058	0.0
SAMSN1	17	1.0	1.0	0.0
SAP130	17	0.9411764705882353	0.9411764705882353	0.0
SAP25	17	1.0	1.0	0.0
SAP30BP	17	0.9411764705882353	0.9411764705882353	0.0
SAP30L	17	1.0	1.0	0.0
SAP30L-AS1	17	1.0	1.0	0.0
SAPCD1	17	1.0	1.0	0.0
SAPCD1-AS1	17	0.5294117647058824	0.8235294117647058	0.0
SAR1A	17	1.0	1.0	0.0
SAR1B	17	0.8823529411764706	0.9411764705882353	0.0
SARAF	17	0.8235294117647058	1.0	0.0
SARDH	17	1.0	0.9411764705882353	0.0
SARM1	17	1.0	0.8235294117647058	0.0
SARNP	17	0.9411764705882353	0.9411764705882353	0.0
SARS	17	0.9411764705882353	0.9411764705882353	0.0
SARS2	17	0.9411764705882353	1.0	0.0
SART1	17	1.0	1.0	0.0
SART3	17	1.0	1.0	0.0
SASH1	17	1.0	0.7647058823529411	0.0
SASS6	17	0.9411764705882353	0.9411764705882353	0.0
SAT1	17	0.9411764705882353	1.0	0.0
SAT2	17	0.9411764705882353	1.0	0.0
SATB1	17	1.0	1.0	0.0
SATB2	17	0.9411764705882353	0.8823529411764706	0.0
SATL1	17	0.6470588235294118	0.6470588235294118	0.0
SAV1	17	1.0	0.9411764705882353	0.0
SAXO1	17	0.9411764705882353	1.0	0.0
SAXO2	17	1.0	0.8823529411764706	0.0
SAYSD1	17	0.9411764705882353	0.8823529411764706	0.0
SBDS	17	1.0	1.0	0.0
SBF1	17	1.0	1.0	0.0
SBF2	17	1.0	1.0	0.0
SBF2-AS1	17	0.9411764705882353	0.9411764705882353	0.058823529411764705
SBK1	17	1.0	1.0	0.0
SBNO1	17	1.0	0.9411764705882353	0.0
SBNO2	17	0.9411764705882353	0.9411764705882353	0.11764705882352941
SBSPON	17	0.8235294117647058	1.0	0.0
SC5D	17	1.0	1.0	0.0
SCAF1	17	1.0	1.0	0.0
SCAF11	17	1.0	1.0	0.0
SCAF4	17	1.0	1.0	0.0
SCAF8	17	1.0	0.9411764705882353	0.0
SCAI	17	1.0	0.8823529411764706	0.0
SCAMP1	17	1.0	0.9411764705882353	0.0
SCAMP1-AS1	17	0.8235294117647058	0.8235294117647058	0.0
SCAMP2	17	0.9411764705882353	1.0	0.0
SCAMP3	17	0.9411764705882353	0.23529411764705882	0.0
SCAMP4	17	1.0	1.0	0.0
SCAMP5	17	1.0	1.0	0.058823529411764705
SCAP	17	1.0	1.0	0.0
SCAPER	17	1.0	0.9411764705882353	0.0
SCARA3	17	0.8235294117647058	0.8235294117647058	0.0
SCARB1	17	0.9411764705882353	0.9411764705882353	0.0
SCARB2	17	1.0	1.0	0.0
SCARF1	17	1.0	1.0	0.0
SCARF2	17	1.0	1.0	0.0
SCARNA9	17	1.0	0.8823529411764706	0.0
SCART1	17	1.0	0.8235294117647058	0.0
SCAT2	17	0.9411764705882353	1.0	0.0
SCCPDH	17	1.0	1.0	0.0
SCD5	17	0.9411764705882353	0.9411764705882353	0.0
SCFD1	17	1.0	1.0	0.11764705882352941
SCFD2	17	1.0	1.0	0.058823529411764705
SCGB2B2	17	1.0	0.9411764705882353	0.058823529411764705
SCHIP1	17	1.0	1.0	0.0
SCHLAP1	17	1.0	1.0	0.058823529411764705
SCIMP	17	1.0	1.0	0.0
SCIN	17	0.9411764705882353	1.0	0.0
SCLT1	17	0.8823529411764706	1.0	0.0
SCLY	17	1.0	1.0	0.0
SCMH1	17	1.0	1.0	0.0
SCML1	17	1.0	0.9411764705882353	0.0
SCML2	17	0.9411764705882353	1.0	0.0
SCML4	17	0.9411764705882353	1.0	0.0
SCN11A	17	1.0	1.0	0.0
SCN1A-AS1	17	0.9411764705882353	0.9411764705882353	0.0
SCN2A	17	0.8823529411764706	0.9411764705882353	0.0
SCN3A	17	0.9411764705882353	0.9411764705882353	0.0
SCN7A	17	0.7647058823529411	1.0	0.0
SCN8A	17	0.8235294117647058	0.8235294117647058	0.0
SCN9A	17	1.0	0.9411764705882353	0.0
SCNM1	17	1.0	1.0	0.0
SCNN1A	17	0.9411764705882353	0.8235294117647058	0.0
SCNN1B	17	1.0	1.0	0.11764705882352941
SCNN1G	17	1.0	1.0	0.0
SCO1	17	0.8235294117647058	0.8823529411764706	0.0
SCO2	17	0.9411764705882353	0.8235294117647058	0.0
SCOC	17	0.7647058823529411	0.9411764705882353	0.0
SCOC-AS1	17	1.0	1.0	0.0
SCP2	17	0.9411764705882353	1.0	0.0
SCPEP1	17	1.0	1.0	0.0
SCRIB	17	1.0	1.0	0.0
SCRN1	17	1.0	1.0	0.0
SCRN2	17	0.8823529411764706	1.0	0.0
SCRN3	17	0.7647058823529411	0.8823529411764706	0.0
SCTR	17	1.0	1.0	0.0
SCUBE2	17	1.0	1.0	0.0
SCUBE3	17	1.0	0.8823529411764706	0.0
SCX	17	0.8823529411764706	0.9411764705882353	0.0
SCYL1	17	1.0	1.0	0.35294117647058826
SCYL2	17	1.0	1.0	0.0
SCYL3	17	0.8823529411764706	1.0	0.0
SDAD1	17	0.9411764705882353	0.8823529411764706	0.0
SDC1	17	1.0	0.9411764705882353	0.11764705882352941
SDC2	17	1.0	0.8823529411764706	0.0
SDC3	17	1.0	1.0	0.0
SDC4	17	0.9411764705882353	0.9411764705882353	0.0
SDCBP	17	0.5882352941176471	1.0	0.0
SDCBP2	17	1.0	1.0	0.23529411764705882
SDCBP2-AS1	17	0.8235294117647058	0.9411764705882353	0.0
SDCCAG8	17	0.9411764705882353	1.0	0.0
SDE2	17	1.0	0.8235294117647058	0.0
SDF2	17	1.0	1.0	0.0
SDF4	17	1.0	1.0	0.0
SDHA	17	1.0	0.8823529411764706	0.0
SDHAF2	17	1.0	0.8235294117647058	0.0
SDHAF3	17	0.9411764705882353	0.7647058823529411	0.0
SDHAF4	17	1.0	0.8235294117647058	0.0
SDHB	17	1.0	1.0	0.0
SDHC	17	0.9411764705882353	0.9411764705882353	0.0
SDHD	17	1.0	1.0	0.0
SDK1	17	0.9411764705882353	1.0	0.11764705882352941
SDK2	17	0.8823529411764706	1.0	0.0
SDR39U1	17	0.6470588235294118	0.9411764705882353	0.0
SDR42E1	17	0.9411764705882353	0.9411764705882353	0.0
SDSL	17	1.0	1.0	0.0
SEC11A	17	1.0	0.9411764705882353	0.0
SEC11C	17	0.8235294117647058	1.0	0.0
SEC13	17	1.0	1.0	0.0
SEC14L1	17	0.8823529411764706	1.0	0.0
SEC14L2	17	0.9411764705882353	0.9411764705882353	0.0
SEC14L4	17	0.8235294117647058	0.7058823529411765	0.0
SEC14L6	17	1.0	0.7058823529411765	0.0
SEC16A	17	1.0	1.0	0.0
SEC16B	17	1.0	1.0	0.0
SEC22A	17	0.9411764705882353	1.0	0.0
SEC22B	17	0.9411764705882353	0.9411764705882353	0.0
SEC22C	17	0.9411764705882353	0.8235294117647058	0.0
SEC23A	17	1.0	1.0	0.0
SEC23B	17	1.0	0.9411764705882353	0.0
SEC23IP	17	1.0	1.0	0.0
SEC24A	17	1.0	1.0	0.11764705882352941
SEC24B	17	1.0	1.0	0.058823529411764705
SEC24B-AS1	17	1.0	0.7058823529411765	0.0
SEC24C	17	1.0	1.0	0.0
SEC24D	17	1.0	1.0	0.0
SEC31A	17	0.9411764705882353	0.9411764705882353	0.058823529411764705
SEC31B	17	0.8235294117647058	1.0	0.0
SEC61A1	17	1.0	1.0	0.0
SEC61A2	17	1.0	1.0	0.0
SEC61B	17	1.0	0.9411764705882353	0.0
SEC62	17	1.0	1.0	0.058823529411764705
SEC63	17	1.0	1.0	0.0
SECISBP2	17	0.9411764705882353	1.0	0.0
SECISBP2L	17	0.7647058823529411	1.0	0.0
SEH1L	17	1.0	0.8823529411764706	0.0
SEL1L	17	1.0	0.8823529411764706	0.0
SEL1L3	17	1.0	1.0	0.058823529411764705
SELENBP1	17	1.0	1.0	0.0
SELENOF	17	1.0	1.0	0.0
SELENOH	17	0.8823529411764706	0.6470588235294118	0.0
SELENOI	17	1.0	1.0	0.0
SELENOK	17	0.9411764705882353	0.8823529411764706	0.0
SELENOM	17	1.0	0.9411764705882353	0.0
SELENON	17	1.0	1.0	0.0
SELENOO	17	1.0	1.0	0.0
SELENOP	17	1.0	0.7647058823529411	0.0
SELENOS	17	0.9411764705882353	1.0	0.0
SELENOT	17	0.9411764705882353	0.7647058823529411	0.0
SELENOW	17	1.0	1.0	0.0
SEM1	17	0.5294117647058824	0.8235294117647058	0.0
SEMA3A	17	0.8235294117647058	0.8235294117647058	0.0
SEMA3B	17	0.9411764705882353	0.9411764705882353	0.7058823529411765
SEMA3C	17	0.9411764705882353	1.0	0.0
SEMA3E	17	1.0	0.8823529411764706	0.0
SEMA3F	17	1.0	1.0	0.7647058823529411
SEMA3F-AS1	17	1.0	1.0	0.23529411764705882
SEMA4A	17	0.9411764705882353	0.9411764705882353	0.11764705882352941
SEMA4B	17	0.9411764705882353	0.9411764705882353	0.11764705882352941
SEMA4C	17	0.8235294117647058	0.9411764705882353	0.0
SEMA4D	17	1.0	0.9411764705882353	0.0
SEMA4F	17	1.0	0.8823529411764706	0.0
SEMA4G	17	1.0	1.0	0.0
SEMA5A	17	1.0	0.9411764705882353	0.29411764705882354
SEMA5B	17	1.0	1.0	0.0
SEMA6A	17	1.0	1.0	0.0
SEMA6A-AS1	17	0.9411764705882353	0.9411764705882353	0.0
SEMA6A-AS2	17	0.8235294117647058	0.8235294117647058	0.0
SEMA6C	17	1.0	1.0	0.0
SEMA6D	17	0.8823529411764706	0.9411764705882353	0.0
SENP1	17	1.0	1.0	0.0
SENP2	17	1.0	1.0	0.0
SENP3	17	1.0	0.9411764705882353	0.0
SENP5	17	1.0	0.9411764705882353	0.11764705882352941
SENP6	17	1.0	1.0	0.0
SENP7	17	1.0	1.0	0.0
SENP8	17	1.0	0.9411764705882353	0.058823529411764705
SEPHS1	17	0.9411764705882353	0.9411764705882353	0.0
SEPSECS	17	0.9411764705882353	1.0	0.0
SEPTIN1	17	0.9411764705882353	0.8235294117647058	0.0
SEPTIN10	17	1.0	1.0	0.0
SEPTIN11	17	1.0	1.0	0.0
SEPTIN2	17	1.0	0.9411764705882353	0.0
SEPTIN4-AS1	17	1.0	1.0	0.0
SEPTIN6	17	1.0	1.0	0.0
SEPTIN7	17	1.0	1.0	0.0
SEPTIN7-AS1	17	1.0	1.0	0.0
SEPTIN8	17	1.0	1.0	0.0
SEPTIN9	17	0.9411764705882353	0.9411764705882353	0.29411764705882354
SEPTIN9-DT	17	0.9411764705882353	0.9411764705882353	0.0
SERAC1	17	1.0	1.0	0.0
SERBP1	17	1.0	1.0	0.058823529411764705
SERF2	17	1.0	1.0	0.0
SERGEF	17	0.8235294117647058	1.0	0.0
SERHL2	17	0.8823529411764706	0.9411764705882353	0.0
SERINC1	17	1.0	1.0	0.0
SERINC2	17	0.9411764705882353	0.9411764705882353	0.0
SERINC3	17	0.6470588235294118	0.7647058823529411	0.0
SERINC5	17	0.9411764705882353	1.0	0.0
SERP1	17	0.9411764705882353	0.9411764705882353	0.0
SERP2	17	1.0	1.0	0.0
SERPINA1	17	0.8235294117647058	0.8235294117647058	0.0
SERPINA5	17	1.0	1.0	0.0
SERPINB1	17	0.9411764705882353	1.0	0.47058823529411764
SERPINB6	17	1.0	1.0	0.0
SERPINE1	17	1.0	1.0	0.0
SERPINF2	17	1.0	1.0	0.0
SERPING1	17	1.0	0.9411764705882353	0.0
SERPINH1	17	1.0	1.0	0.0
SERPINI1	17	0.9411764705882353	0.9411764705882353	0.0
SERTAD2	17	0.9411764705882353	0.9411764705882353	0.11764705882352941
SERTAD3	17	1.0	1.0	0.0
SESN1	17	0.9411764705882353	1.0	0.0
SESN2	17	0.9411764705882353	0.9411764705882353	0.0
SESN3	17	0.9411764705882353	0.9411764705882353	0.0
SESTD1	17	1.0	1.0	0.11764705882352941
SET	17	0.9411764705882353	1.0	0.0
SETBP1	17	1.0	1.0	0.0
SETD1A	17	1.0	1.0	0.0
SETD1B	17	0.9411764705882353	0.7647058823529411	0.0
SETD2	17	1.0	0.9411764705882353	0.0
SETD3	17	0.9411764705882353	0.7647058823529411	0.0
SETD4	17	0.8823529411764706	0.8823529411764706	0.0
SETD5	17	0.9411764705882353	1.0	0.0
SETD6	17	0.9411764705882353	1.0	0.0
SETD7	17	1.0	1.0	0.0
SETDB1	17	0.9411764705882353	1.0	0.0
SETDB2	17	0.9411764705882353	0.7058823529411765	0.0
SETMAR	17	1.0	1.0	0.0
SETX	17	0.9411764705882353	0.9411764705882353	0.0
SEZ6L2	17	0.9411764705882353	0.9411764705882353	0.0
SF1	17	0.9411764705882353	1.0	0.0
SF3A1	17	1.0	1.0	0.0
SF3A2	17	1.0	1.0	0.0
SF3A3	17	1.0	1.0	0.0
SF3B1	17	1.0	1.0	0.058823529411764705
SF3B2	17	1.0	1.0	0.0
SF3B3	17	1.0	1.0	0.0
SF3B4	17	1.0	1.0	0.0
SF3B6	17	1.0	0.8823529411764706	0.0
SFI1	17	1.0	1.0	0.11764705882352941
SFMBT1	17	1.0	1.0	0.058823529411764705
SFMBT2	17	1.0	0.8823529411764706	0.0
SFPQ	17	1.0	1.0	0.0
SFRP1	17	0.9411764705882353	0.9411764705882353	0.0
SFRP4	17	0.8823529411764706	1.0	0.0
SFSWAP	17	1.0	0.9411764705882353	0.11764705882352941
SFT2D1	17	1.0	1.0	0.0
SFT2D2	17	0.9411764705882353	1.0	0.0
SFTPD	17	1.0	1.0	0.0
SFTPD-AS1	17	0.9411764705882353	1.0	0.0
SFXN1	17	1.0	1.0	0.0
SFXN2	17	0.9411764705882353	1.0	0.0
SFXN3	17	1.0	1.0	0.0
SFXN4	17	1.0	1.0	0.0
SFXN5	17	1.0	0.9411764705882353	0.0
SGCB	17	0.9411764705882353	0.8823529411764706	0.0
SGCD	17	1.0	0.9411764705882353	0.0
SGCE	17	0.9411764705882353	1.0	0.0
SGCZ	17	1.0	1.0	0.0
SGF29	17	0.9411764705882353	1.0	0.0
SGIP1	17	1.0	1.0	0.0
SGK1	17	0.9411764705882353	1.0	0.0
SGK2	17	0.9411764705882353	1.0	0.058823529411764705
SGK3	17	0.9411764705882353	0.9411764705882353	0.0
SGMS1	17	0.9411764705882353	1.0	0.0
SGMS1-AS1	17	1.0	1.0	0.0
SGMS2	17	0.9411764705882353	0.9411764705882353	0.7647058823529411
SGO1-AS1	17	0.8235294117647058	1.0	0.0
SGO2	17	1.0	0.8823529411764706	0.0
SGPL1	17	1.0	1.0	0.0
SGPP1	17	1.0	1.0	0.0
SGPP2	17	1.0	1.0	0.0
SGSH	17	0.8823529411764706	0.9411764705882353	0.0
SGSM1	17	0.9411764705882353	1.0	0.0
SGSM2	17	1.0	0.8823529411764706	0.0
SGSM3	17	0.9411764705882353	1.0	0.0
SGTA	17	1.0	1.0	0.0
SGTB	17	1.0	1.0	0.0
SH2B1	17	1.0	1.0	0.0
SH2B2	17	1.0	0.9411764705882353	0.11764705882352941
SH2B3	17	0.9411764705882353	1.0	0.0
SH2D3A	17	0.9411764705882353	1.0	0.11764705882352941
SH2D4A	17	0.9411764705882353	1.0	0.0
SH3BGR	17	0.9411764705882353	1.0	0.0
SH3BGRL	17	1.0	0.9411764705882353	0.0
SH3BGRL2	17	1.0	1.0	0.058823529411764705
SH3BP2	17	1.0	1.0	0.0
SH3BP4	17	1.0	0.9411764705882353	0.0
SH3BP5	17	0.7058823529411765	0.5882352941176471	0.0
SH3BP5-AS1	17	0.8235294117647058	1.0	0.0
SH3BP5L	17	0.7647058823529411	1.0	0.0
SH3D19	17	1.0	1.0	0.9411764705882353
SH3D21	17	1.0	0.9411764705882353	0.9411764705882353
SH3GL1	17	0.9411764705882353	0.9411764705882353	0.11764705882352941
SH3GL2	17	0.9411764705882353	0.9411764705882353	0.11764705882352941
SH3GLB1	17	1.0	1.0	0.0
SH3GLB2	17	1.0	1.0	0.0
SH3KBP1	17	1.0	1.0	0.0
SH3PXD2A	17	1.0	1.0	0.058823529411764705
SH3PXD2B	17	0.8823529411764706	0.9411764705882353	0.0
SH3RF1	17	1.0	1.0	0.0
SH3RF2	17	1.0	1.0	0.0
SH3RF3	17	1.0	1.0	0.0
SH3TC1	17	1.0	1.0	0.23529411764705882
SH3YL1	17	0.7647058823529411	0.9411764705882353	0.0
SHANK2	17	1.0	0.9411764705882353	0.29411764705882354
SHANK2-AS1	17	1.0	1.0	0.0
SHANK3	17	1.0	1.0	0.0
SHARPIN	17	1.0	1.0	0.0
SHB	17	0.8823529411764706	1.0	0.0
SHC1	17	1.0	1.0	0.058823529411764705
SHC2	17	0.9411764705882353	0.9411764705882353	0.0
SHC3	17	0.9411764705882353	1.0	0.0
SHCBP1	17	1.0	1.0	0.0
SHF	17	0.9411764705882353	0.9411764705882353	0.0
SHFL	17	0.8823529411764706	0.8823529411764706	0.0
SHISA5	17	0.9411764705882353	1.0	0.0
SHISA6	17	0.9411764705882353	1.0	0.0
SHISA9	17	0.8823529411764706	1.0	0.0
SHKBP1	17	0.8823529411764706	0.6470588235294118	0.0
SHLD1	17	1.0	1.0	0.0
SHLD2	17	1.0	1.0	0.058823529411764705
SHMT1	17	0.7647058823529411	0.7647058823529411	0.0
SHOC1	17	0.7058823529411765	1.0	0.0
SHOC2	17	1.0	0.9411764705882353	0.0
SHPK	17	1.0	1.0	0.0
SHPRH	17	1.0	1.0	0.0
SHQ1	17	0.9411764705882353	0.9411764705882353	0.0
SHROOM1	17	1.0	1.0	0.0
SHROOM2	17	1.0	1.0	0.0
SHROOM3	17	0.9411764705882353	1.0	0.0
SHROOM4	17	0.9411764705882353	0.7647058823529411	0.0
SHTN1	17	1.0	1.0	0.11764705882352941
SIAE	17	1.0	0.7647058823529411	0.0
SIAH1	17	0.7647058823529411	1.0	0.0
SIAH2	17	1.0	1.0	0.0
SIAH2-AS1	17	1.0	1.0	0.0
SIDT1	17	0.9411764705882353	1.0	0.0
SIDT2	17	0.9411764705882353	1.0	0.0
SIGIRR	17	0.9411764705882353	0.9411764705882353	0.0
SIK2	17	0.8235294117647058	0.9411764705882353	0.0
SIK3	17	0.9411764705882353	0.7058823529411765	0.0
SIKE1	17	0.9411764705882353	0.9411764705882353	0.0
SIL1	17	0.8235294117647058	0.9411764705882353	0.0
SIM1	17	1.0	1.0	0.0
SIM2	17	0.9411764705882353	0.9411764705882353	0.11764705882352941
SIMC1	17	1.0	1.0	0.0
SIN3A	17	1.0	0.7647058823529411	0.0
SIN3B	17	0.9411764705882353	0.7647058823529411	0.0
SINHCAF	17	0.9411764705882353	1.0	0.0
SIPA1	17	0.8235294117647058	0.8235294117647058	0.0
SIPA1L1	17	1.0	1.0	0.0
SIPA1L2	17	0.9411764705882353	1.0	0.0
SIPA1L3	17	1.0	1.0	0.0
SIRLNT	17	1.0	1.0	0.0
SIRPA	17	0.7647058823529411	0.8823529411764706	0.0
SIRT1	17	1.0	1.0	0.058823529411764705
SIRT2	17	1.0	1.0	0.0
SIRT3	17	0.7058823529411765	0.8823529411764706	0.0
SIRT4	17	0.8235294117647058	0.7647058823529411	0.0
SIRT5	17	0.9411764705882353	1.0	0.0
SIRT6	17	1.0	0.9411764705882353	0.0
SIRT7	17	0.9411764705882353	0.8823529411764706	0.0
SIVA1	17	0.9411764705882353	0.7647058823529411	0.0
SIX5	17	0.8235294117647058	0.8235294117647058	0.0
SKA2	17	0.5882352941176471	0.9411764705882353	0.0
SKAP1	17	1.0	1.0	0.058823529411764705
SKAP1-AS1	17	1.0	1.0	0.0
SKAP2	17	0.8235294117647058	0.9411764705882353	0.0
SKI	17	0.9411764705882353	0.9411764705882353	0.0
SKIL	17	1.0	1.0	0.0
SKIV2L	17	1.0	0.8235294117647058	0.0
SKP1	17	1.0	0.7058823529411765	0.0
SKP2	17	0.9411764705882353	0.7058823529411765	0.0
SLAIN1	17	0.9411764705882353	0.9411764705882353	0.0
SLAIN2	17	0.8823529411764706	1.0	0.0
SLBP	17	1.0	1.0	0.0
SLC10A7	17	0.8823529411764706	0.9411764705882353	0.0
SLC11A2	17	1.0	1.0	0.058823529411764705
SLC12A1	17	0.9411764705882353	1.0	0.0
SLC12A2	17	1.0	1.0	0.0
SLC12A3	17	0.9411764705882353	1.0	0.058823529411764705
SLC12A4	17	0.8823529411764706	0.9411764705882353	0.0
SLC12A6	17	1.0	1.0	0.0
SLC12A7	17	0.8235294117647058	0.8823529411764706	0.0
SLC12A8	17	0.8235294117647058	1.0	0.0
SLC12A9	17	1.0	1.0	0.0
SLC13A1	17	0.8235294117647058	1.0	0.0
SLC13A3	17	1.0	1.0	0.0
SLC13A4	17	1.0	1.0	0.0
SLC14A2	17	0.9411764705882353	0.9411764705882353	0.0
SLC14A2-AS1	17	0.9411764705882353	0.9411764705882353	0.0
SLC15A1	17	0.9411764705882353	1.0	0.0
SLC15A2	17	1.0	1.0	0.058823529411764705
SLC15A4	17	0.6470588235294118	1.0	0.0
SLC16A1-AS1	17	0.9411764705882353	0.9411764705882353	0.0
SLC16A10	17	1.0	1.0	0.058823529411764705
SLC16A12	17	0.8235294117647058	1.0	0.0
SLC16A13	17	0.8235294117647058	0.8235294117647058	0.0
SLC16A14	17	1.0	0.9411764705882353	0.0
SLC16A2	17	1.0	0.8235294117647058	0.0
SLC16A3	17	0.9411764705882353	1.0	0.0
SLC16A4	17	0.9411764705882353	1.0	0.0
SLC16A5	17	0.9411764705882353	0.9411764705882353	0.11764705882352941
SLC16A6	17	1.0	1.0	0.0
SLC16A7	17	1.0	1.0	0.058823529411764705
SLC16A9	17	0.7058823529411765	1.0	0.0
SLC17A1	17	0.9411764705882353	1.0	0.0
SLC17A3	17	1.0	1.0	0.0
SLC17A5	17	0.9411764705882353	0.9411764705882353	0.0
SLC18B1	17	1.0	1.0	0.0
SLC19A1	17	0.8235294117647058	0.7647058823529411	0.0
SLC19A2	17	1.0	1.0	0.35294117647058826
SLC19A3	17	1.0	1.0	0.0
SLC1A1	17	0.9411764705882353	0.9411764705882353	0.0
SLC1A5	17	0.6470588235294118	0.5882352941176471	0.0
SLC20A1	17	1.0	1.0	0.0
SLC20A2	17	1.0	1.0	0.0
SLC22A1	17	1.0	0.9411764705882353	0.0
SLC22A15	17	1.0	1.0	0.0
SLC22A17	17	0.9411764705882353	1.0	0.0
SLC22A18	17	1.0	1.0	0.0
SLC22A2	17	1.0	1.0	0.0
SLC22A23	17	1.0	1.0	0.0
SLC22A3	17	0.9411764705882353	0.8823529411764706	0.0
SLC22A4	17	1.0	1.0	0.0
SLC22A5	17	1.0	1.0	0.058823529411764705
SLC22A6	17	1.0	1.0	0.0
SLC23A2	17	0.9411764705882353	1.0	0.0
SLC23A3	17	0.9411764705882353	0.7647058823529411	0.0
SLC24A1	17	0.9411764705882353	0.9411764705882353	0.0
SLC24A2	17	0.8235294117647058	0.8235294117647058	0.0
SLC24A3	17	1.0	0.7647058823529411	0.0
SLC25A1	17	1.0	1.0	0.0
SLC25A10	17	0.9411764705882353	1.0	0.0
SLC25A11	17	0.9411764705882353	1.0	0.0
SLC25A12	17	0.9411764705882353	1.0	0.0
SLC25A13	17	1.0	1.0	0.0
SLC25A14	17	1.0	1.0	0.0
SLC25A15	17	0.5882352941176471	1.0	0.0
SLC25A16	17	1.0	1.0	0.7058823529411765
SLC25A17	17	1.0	1.0	0.0
SLC25A19	17	0.7647058823529411	0.9411764705882353	0.0
SLC25A20	17	0.9411764705882353	1.0	0.0
SLC25A21	17	0.9411764705882353	0.8235294117647058	0.0
SLC25A23	17	0.8823529411764706	0.6470588235294118	0.0
SLC25A24	17	1.0	1.0	0.11764705882352941
SLC25A25	17	0.9411764705882353	0.8235294117647058	0.0
SLC25A25-AS1	17	0.9411764705882353	1.0	0.0
SLC25A26	17	1.0	1.0	0.0
SLC25A27	17	1.0	1.0	0.058823529411764705
SLC25A28	17	1.0	1.0	0.0
SLC25A29	17	0.9411764705882353	0.8235294117647058	0.0
SLC25A3	17	0.9411764705882353	1.0	0.058823529411764705
SLC25A30	17	1.0	1.0	0.058823529411764705
SLC25A32	17	1.0	1.0	0.0
SLC25A33	17	1.0	1.0	0.0
SLC25A34	17	0.7647058823529411	0.8235294117647058	0.0
SLC25A35	17	1.0	1.0	0.0
SLC25A36	17	0.9411764705882353	0.9411764705882353	0.0
SLC25A37	17	0.8823529411764706	1.0	0.0
SLC25A38	17	1.0	0.8823529411764706	0.0
SLC25A39	17	1.0	1.0	0.0
SLC25A4	17	1.0	1.0	0.0
SLC25A40	17	0.7647058823529411	0.8235294117647058	0.0
SLC25A42	17	1.0	1.0	0.0
SLC25A43	17	1.0	1.0	0.0
SLC25A44	17	1.0	0.5882352941176471	0.0
SLC25A45	17	1.0	1.0	0.0
SLC25A46	17	0.9411764705882353	1.0	0.0
SLC25A48	17	1.0	1.0	0.0
SLC25A51	17	0.9411764705882353	1.0	0.0
SLC25A53	17	0.7058823529411765	0.7647058823529411	0.0
SLC25A6	17	0.7647058823529411	0.7058823529411765	0.0
SLC26A11	17	0.9411764705882353	0.9411764705882353	0.0
SLC26A2	17	1.0	1.0	0.0
SLC26A3	17	0.7647058823529411	0.8235294117647058	0.0
SLC26A4	17	1.0	1.0	0.0
SLC26A5	17	0.9411764705882353	1.0	0.11764705882352941
SLC26A6	17	1.0	1.0	0.0
SLC26A7	17	1.0	1.0	0.0
SLC26A8	17	0.8235294117647058	0.9411764705882353	0.0
SLC27A1	17	0.9411764705882353	1.0	0.0
SLC27A2	17	1.0	1.0	0.0
SLC27A3	17	1.0	1.0	0.0
SLC27A4	17	0.8235294117647058	0.8235294117647058	0.0
SLC27A5	17	0.9411764705882353	1.0	0.0
SLC28A1	17	0.9411764705882353	1.0	0.0
SLC29A1	17	0.9411764705882353	0.9411764705882353	0.0
SLC29A2	17	1.0	1.0	0.0
SLC29A3	17	0.8823529411764706	0.8235294117647058	0.0
SLC29A4	17	1.0	1.0	0.0
SLC2A1	17	0.9411764705882353	0.9411764705882353	0.0
SLC2A1-AS1	17	1.0	0.8235294117647058	0.0
SLC2A10	17	1.0	0.9411764705882353	0.0
SLC2A11	17	0.9411764705882353	1.0	0.0
SLC2A12	17	1.0	1.0	0.0
SLC2A13	17	0.7647058823529411	1.0	0.0
SLC2A2	17	0.8235294117647058	0.8235294117647058	0.0
SLC2A4RG	17	0.8235294117647058	1.0	0.0
SLC2A6	17	0.8823529411764706	0.9411764705882353	0.0
SLC2A8	17	1.0	1.0	0.0
SLC2A9	17	0.9411764705882353	1.0	0.0
SLC30A1	17	1.0	1.0	0.0
SLC30A4	17	1.0	1.0	0.7058823529411765
SLC30A5	17	0.7058823529411765	0.7058823529411765	0.0
SLC30A6	17	1.0	1.0	0.0
SLC30A7	17	1.0	1.0	0.0
SLC30A8	17	0.8235294117647058	0.8235294117647058	0.0
SLC30A9	17	1.0	1.0	0.0
SLC31A1	17	0.9411764705882353	0.9411764705882353	0.0
SLC33A1	17	0.9411764705882353	0.8823529411764706	0.0
SLC34A1	17	0.8235294117647058	0.8235294117647058	0.0
SLC35A1	17	0.8823529411764706	1.0	0.0
SLC35A3	17	0.9411764705882353	1.0	0.0
SLC35A5	17	0.8823529411764706	0.9411764705882353	0.0
SLC35B1	17	1.0	1.0	0.0
SLC35B2	17	1.0	0.8823529411764706	0.0
SLC35B3	17	0.9411764705882353	1.0	0.0
SLC35B4	17	0.9411764705882353	0.9411764705882353	0.0
SLC35C2	17	0.8823529411764706	1.0	0.0
SLC35D1	17	0.9411764705882353	0.9411764705882353	0.0
SLC35D2	17	1.0	1.0	0.0
SLC35E1	17	0.8823529411764706	0.9411764705882353	0.0
SLC35E2A	17	1.0	1.0	0.0
SLC35E2B	17	0.9411764705882353	1.0	0.0
SLC35E3	17	0.9411764705882353	0.8235294117647058	0.0
SLC35E4	17	1.0	1.0	0.5882352941176471
SLC35F1	17	1.0	0.9411764705882353	0.0
SLC35F2	17	1.0	1.0	0.17647058823529413
SLC35F3	17	0.9411764705882353	0.9411764705882353	0.5882352941176471
SLC35F4	17	0.7647058823529411	1.0	0.0
SLC35F5	17	0.8823529411764706	1.0	0.0
SLC35F6	17	0.8235294117647058	0.8235294117647058	0.0
SLC35G1	17	0.9411764705882353	1.0	0.0
SLC35G2	17	1.0	0.8823529411764706	0.0
SLC36A1	17	0.9411764705882353	0.8823529411764706	0.0
SLC36A2	17	1.0	1.0	0.0
SLC36A4	17	1.0	0.9411764705882353	0.0
SLC37A1	17	0.9411764705882353	1.0	0.058823529411764705
SLC37A3	17	0.9411764705882353	0.9411764705882353	0.0
SLC37A4	17	0.8235294117647058	0.8235294117647058	0.0
SLC38A1	17	0.8235294117647058	0.7647058823529411	0.0
SLC38A10	17	0.9411764705882353	1.0	0.0
SLC38A11	17	1.0	0.9411764705882353	0.0
SLC38A2	17	0.9411764705882353	1.0	0.0
SLC38A4	17	1.0	0.8823529411764706	0.0
SLC38A6	17	0.8235294117647058	0.7058823529411765	0.0
SLC38A7	17	1.0	0.7647058823529411	0.0
SLC38A9	17	0.7647058823529411	1.0	0.0
SLC39A1	17	0.8235294117647058	0.8235294117647058	0.0
SLC39A10	17	0.9411764705882353	0.8235294117647058	0.0
SLC39A11	17	0.8235294117647058	0.8823529411764706	0.0
SLC39A13	17	1.0	1.0	0.0
SLC39A14	17	1.0	1.0	0.0
SLC39A6	17	1.0	1.0	0.0
SLC39A7	17	1.0	1.0	0.0
SLC39A8	17	1.0	0.8823529411764706	0.0
SLC39A9	17	0.9411764705882353	0.9411764705882353	0.0
SLC3A1	17	0.9411764705882353	1.0	0.0
SLC3A2	17	1.0	1.0	0.0
SLC40A1	17	1.0	1.0	0.0
SLC41A1	17	0.8823529411764706	0.9411764705882353	0.0
SLC41A2	17	0.9411764705882353	1.0	0.11764705882352941
SLC41A3	17	1.0	1.0	0.0
SLC43A2	17	1.0	1.0	0.0
SLC44A1	17	0.8823529411764706	0.9411764705882353	0.0
SLC44A2	17	1.0	0.8823529411764706	0.0
SLC44A3	17	0.9411764705882353	0.6470588235294118	0.0
SLC44A4	17	1.0	1.0	0.058823529411764705
SLC44A5	17	0.9411764705882353	1.0	0.0
SLC45A4	17	1.0	1.0	0.11764705882352941
SLC46A3	17	0.9411764705882353	1.0	0.0
SLC47A1	17	0.8823529411764706	1.0	0.0
SLC47A2	17	0.9411764705882353	1.0	0.0
SLC48A1	17	0.7647058823529411	0.8823529411764706	0.0
SLC49A3	17	0.9411764705882353	1.0	0.0
SLC49A4	17	0.8823529411764706	1.0	0.0
SLC4A1	17	1.0	1.0	0.0
SLC4A1AP	17	0.7058823529411765	0.7058823529411765	0.0
SLC4A2	17	0.9411764705882353	1.0	0.0
SLC4A3	17	1.0	1.0	0.0
SLC4A4	17	1.0	1.0	0.058823529411764705
SLC4A5	17	0.9411764705882353	0.9411764705882353	0.0
SLC4A7	17	0.9411764705882353	1.0	0.0
SLC4A8	17	1.0	1.0	0.0
SLC4A9	17	0.8235294117647058	1.0	0.0
SLC50A1	17	0.9411764705882353	1.0	0.0
SLC51A	17	0.9411764705882353	0.9411764705882353	0.0
SLC52A2	17	0.7647058823529411	0.8235294117647058	0.0
SLC52A3	17	1.0	0.9411764705882353	0.0
SLC5A10	17	0.9411764705882353	0.7647058823529411	0.0
SLC5A11	17	1.0	1.0	0.0
SLC5A12	17	0.8235294117647058	1.0	0.0
SLC5A2	17	0.9411764705882353	1.0	0.0
SLC5A3	17	1.0	1.0	0.058823529411764705
SLC5A4-AS1	17	1.0	1.0	0.0
SLC5A6	17	1.0	1.0	0.0
SLC5A7	17	0.9411764705882353	0.9411764705882353	0.0
SLC5A8	17	0.9411764705882353	1.0	0.0
SLC5A9	17	1.0	1.0	0.058823529411764705
SLC66A1	17	0.9411764705882353	0.7058823529411765	0.0
SLC66A1L	17	1.0	0.8235294117647058	0.0
SLC66A2	17	0.9411764705882353	1.0	0.0
SLC66A3	17	1.0	1.0	0.0
SLC6A12	17	0.9411764705882353	0.8823529411764706	0.0
SLC6A13	17	1.0	1.0	0.0
SLC6A16	17	1.0	1.0	0.058823529411764705
SLC6A17	17	1.0	1.0	0.0
SLC6A19	17	0.8235294117647058	0.8235294117647058	0.0
SLC6A20	17	1.0	1.0	0.17647058823529413
SLC6A4	17	1.0	1.0	0.0
SLC6A6	17	0.9411764705882353	1.0	0.0
SLC6A8	17	0.8823529411764706	1.0	0.0
SLC6A9	17	0.8235294117647058	0.8235294117647058	0.0
SLC7A1	17	1.0	0.9411764705882353	0.0
SLC7A14-AS1	17	0.5882352941176471	0.7058823529411765	0.0
SLC7A2	17	0.8823529411764706	1.0	0.0
SLC7A5	17	1.0	0.9411764705882353	0.0
SLC7A6	17	1.0	1.0	0.0
SLC7A6OS	17	0.9411764705882353	1.0	0.0
SLC7A7	17	0.8235294117647058	1.0	0.0
SLC7A8	17	0.9411764705882353	0.9411764705882353	0.0
SLC7A9	17	0.9411764705882353	1.0	0.0
SLC8A1	17	0.9411764705882353	1.0	0.0
SLC8A1-AS1	17	0.8823529411764706	0.8823529411764706	0.0
SLC8B1	17	0.9411764705882353	0.9411764705882353	0.0
SLC9A1	17	0.7647058823529411	1.0	0.0
SLC9A2	17	1.0	0.9411764705882353	0.0
SLC9A3-AS1	17	1.0	0.5882352941176471	0.0
SLC9A3R1	17	1.0	1.0	0.0
SLC9A4	17	0.8235294117647058	0.8823529411764706	0.0
SLC9A5	17	0.8235294117647058	0.8235294117647058	0.0
SLC9A6	17	1.0	0.9411764705882353	0.0
SLC9A7	17	1.0	1.0	0.11764705882352941
SLC9A8	17	1.0	1.0	0.11764705882352941
SLC9A9	17	1.0	1.0	0.0
SLC9B1	17	1.0	0.8823529411764706	0.0
SLC9C1	17	1.0	1.0	0.23529411764705882
SLC9C2	17	0.7058823529411765	0.9411764705882353	0.0
SLCO2A1	17	1.0	1.0	0.0
SLCO2B1	17	0.8235294117647058	0.8235294117647058	0.0
SLCO3A1	17	0.9411764705882353	1.0	0.17647058823529413
SLCO4A1	17	0.9411764705882353	0.9411764705882353	0.058823529411764705
SLCO4C1	17	0.9411764705882353	0.8823529411764706	0.0
SLF1	17	0.9411764705882353	0.8235294117647058	0.0
SLF2	17	1.0	1.0	0.0
SLFN12	17	0.8823529411764706	0.8823529411764706	0.0
SLFN13	17	0.6470588235294118	0.9411764705882353	0.0
SLFN5	17	0.9411764705882353	1.0	0.0
SLFNL1	17	0.7058823529411765	0.5294117647058824	0.0
SLFNL1-AS1	17	1.0	1.0	0.058823529411764705
SLIRP	17	1.0	1.0	0.0
SLIT2	17	0.7647058823529411	0.8823529411764706	0.0
SLIT3	17	0.8823529411764706	0.9411764705882353	0.0
SLK	17	1.0	0.9411764705882353	0.11764705882352941
SLMAP	17	1.0	1.0	0.11764705882352941
SLTM	17	1.0	1.0	0.0
SLU7	17	0.9411764705882353	0.7058823529411765	0.0
SLX4	17	1.0	1.0	0.0
SLX4IP	17	0.9411764705882353	0.8823529411764706	0.0
SMAD1	17	1.0	0.7647058823529411	0.0
SMAD2	17	1.0	1.0	0.058823529411764705
SMAD3	17	1.0	1.0	0.35294117647058826
SMAD4	17	1.0	1.0	0.0
SMAD5	17	0.9411764705882353	1.0	0.0
SMAD6	17	1.0	1.0	0.0
SMAD7	17	1.0	1.0	0.058823529411764705
SMAD9	17	0.8235294117647058	0.8235294117647058	0.0
SMAGP	17	1.0	1.0	0.058823529411764705
SMAP1	17	0.9411764705882353	0.8235294117647058	0.0
SMAP2	17	1.0	0.9411764705882353	0.0
SMARCA1	17	0.9411764705882353	0.9411764705882353	0.0
SMARCA2	17	0.9411764705882353	0.8823529411764706	0.0
SMARCA4	17	0.9411764705882353	0.9411764705882353	0.0
SMARCA5	17	1.0	1.0	0.0
SMARCAD1	17	0.8823529411764706	0.7647058823529411	0.0
SMARCAL1	17	1.0	1.0	0.0
SMARCB1	17	0.8235294117647058	1.0	0.0
SMARCC1	17	1.0	1.0	0.0
SMARCC2	17	1.0	1.0	0.0
SMARCD1	17	0.9411764705882353	0.9411764705882353	0.0
SMARCD2	17	1.0	0.8823529411764706	0.0
SMARCD3	17	1.0	1.0	0.058823529411764705
SMARCE1	17	1.0	1.0	0.0
SMC1A	17	1.0	1.0	0.058823529411764705
SMC2	17	0.9411764705882353	0.9411764705882353	0.0
SMC3	17	0.9411764705882353	1.0	0.0
SMC4	17	0.9411764705882353	0.9411764705882353	0.0
SMC5	17	1.0	1.0	0.11764705882352941
SMC5-AS1	17	1.0	1.0	0.0
SMC6	17	0.9411764705882353	1.0	0.0
SMCHD1	17	1.0	0.9411764705882353	0.0
SMCO4	17	1.0	1.0	0.058823529411764705
SMCR5	17	0.9411764705882353	1.0	0.0
SMCR8	17	1.0	1.0	0.0
SMDT1	17	0.8235294117647058	0.7647058823529411	0.0
SMG1	17	0.9411764705882353	0.9411764705882353	0.11764705882352941
SMG5	17	0.8235294117647058	0.9411764705882353	0.0
SMG6	17	1.0	0.9411764705882353	0.11764705882352941
SMG7	17	1.0	1.0	0.0
SMG9	17	1.0	1.0	0.0
SMIM10L1	17	1.0	1.0	0.0
SMIM12	17	0.9411764705882353	0.7647058823529411	0.0
SMIM13	17	0.7647058823529411	1.0	0.0
SMIM14	17	0.7647058823529411	1.0	0.0
SMIM15	17	1.0	0.8235294117647058	0.0
SMIM15-AS1	17	0.9411764705882353	0.9411764705882353	0.0
SMIM18	17	0.8235294117647058	0.8235294117647058	0.0
SMIM19	17	0.8823529411764706	1.0	0.0
SMIM2-AS1	17	0.9411764705882353	1.0	0.0
SMIM20	17	0.8823529411764706	0.9411764705882353	0.0
SMIM22	17	0.9411764705882353	0.9411764705882353	0.0
SMIM27	17	1.0	1.0	0.0
SMIM3	17	0.8235294117647058	0.7647058823529411	0.0
SMIM4	17	1.0	1.0	0.0
SMIM41	17	0.9411764705882353	1.0	0.0
SMIM5	17	1.0	1.0	0.0
SMIM7	17	0.9411764705882353	0.5294117647058824	0.0
SMIM8	17	0.8823529411764706	0.7058823529411765	0.0
SMN1	17	0.9411764705882353	1.0	0.0
SMN2	17	0.7058823529411765	0.6470588235294118	0.0
SMNDC1	17	0.8823529411764706	0.9411764705882353	0.0
SMO	17	1.0	1.0	0.23529411764705882
SMOX	17	0.7058823529411765	0.9411764705882353	0.0
SMPD1	17	0.8235294117647058	0.8235294117647058	0.0
SMPD2	17	1.0	1.0	0.0
SMPD4	17	0.8823529411764706	1.0	0.0
SMS	17	1.0	0.9411764705882353	0.9411764705882353
SMTN	17	1.0	1.0	0.0
SMTNL2	17	1.0	1.0	0.0
SMU1	17	1.0	1.0	0.0
SMUG1	17	1.0	1.0	0.0
SMURF1	17	0.9411764705882353	0.9411764705882353	0.11764705882352941
SMURF2	17	1.0	0.9411764705882353	0.0
SMYD2	17	1.0	1.0	0.9411764705882353
SMYD3	17	0.9411764705882353	0.4117647058823529	0.0
SMYD4	17	1.0	1.0	0.0
SMYD5	17	0.9411764705882353	0.8823529411764706	0.0
SNAI3-AS1	17	1.0	1.0	0.0
SNAP23	17	0.9411764705882353	0.8235294117647058	0.0
SNAP25	17	1.0	1.0	0.0
SNAP25-AS1	17	1.0	1.0	0.0
SNAP29	17	0.9411764705882353	0.9411764705882353	0.0
SNAP47	17	1.0	1.0	0.0
SNAPC1	17	1.0	1.0	0.058823529411764705
SNAPC3	17	1.0	1.0	0.0
SNAPC4	17	0.7647058823529411	0.9411764705882353	0.0
SNAPC5	17	1.0	1.0	0.0
SNAPIN	17	1.0	0.9411764705882353	0.0
SNCA	17	1.0	0.9411764705882353	0.0
SND1	17	1.0	1.0	0.058823529411764705
SND1-IT1	17	0.8235294117647058	0.9411764705882353	0.0
SNED1	17	0.9411764705882353	1.0	0.11764705882352941
SNF8	17	1.0	1.0	0.0
SNHG1	17	0.9411764705882353	1.0	0.0
SNHG10	17	1.0	0.8823529411764706	0.0
SNHG12	17	0.8823529411764706	1.0	0.0
SNHG14	17	0.8235294117647058	0.8823529411764706	0.0
SNHG15	17	0.9411764705882353	0.9411764705882353	0.0
SNHG16	17	0.9411764705882353	1.0	0.0
SNHG17	17	1.0	1.0	0.0
SNHG19	17	0.8235294117647058	0.8235294117647058	0.0
SNHG20	17	0.9411764705882353	0.9411764705882353	0.0
SNHG21	17	0.9411764705882353	1.0	0.0
SNHG22	17	1.0	1.0	0.0
SNHG25	17	0.9411764705882353	1.0	0.0
SNHG29	17	1.0	1.0	0.0
SNHG3	17	1.0	1.0	0.0
SNHG30	17	1.0	0.8235294117647058	0.0
SNHG31	17	0.7058823529411765	1.0	0.0
SNHG32	17	1.0	1.0	0.0
SNHG5	17	0.8823529411764706	1.0	0.0
SNHG6	17	0.9411764705882353	0.9411764705882353	0.0
SNHG7	17	1.0	1.0	0.0
SNHG8	17	0.7058823529411765	1.0	0.0
SNHG9	17	0.9411764705882353	0.8823529411764706	0.0
SNIP1	17	0.9411764705882353	0.8823529411764706	0.0
SNORC	17	0.9411764705882353	0.8823529411764706	0.0
SNRK	17	0.9411764705882353	0.9411764705882353	0.0
SNRK-AS1	17	1.0	1.0	0.0
SNRNP200	17	0.9411764705882353	1.0	0.0
SNRNP27	17	1.0	1.0	0.0
SNRNP35	17	0.9411764705882353	0.8235294117647058	0.0
SNRNP40	17	1.0	1.0	0.0
SNRNP48	17	1.0	1.0	0.0
SNRNP70	17	0.9411764705882353	1.0	0.0
SNRPA	17	0.9411764705882353	1.0	0.0
SNRPA1	17	0.7058823529411765	1.0	0.0
SNRPB	17	0.7647058823529411	0.9411764705882353	0.0
SNRPB2	17	0.8823529411764706	1.0	0.0
SNRPC	17	0.9411764705882353	1.0	0.0
SNRPD1	17	0.9411764705882353	0.9411764705882353	0.0
SNRPD3	17	0.9411764705882353	0.9411764705882353	0.0
SNRPE	17	1.0	0.8235294117647058	0.0
SNRPF	17	1.0	0.8823529411764706	0.0
SNRPG	17	1.0	0.8235294117647058	0.0
SNRPN	17	1.0	1.0	0.0
SNTA1	17	1.0	1.0	0.0
SNTB1	17	0.7647058823529411	0.7058823529411765	0.0
SNTB2	17	0.9411764705882353	1.0	0.0
SNTG1	17	1.0	1.0	0.058823529411764705
SNTG2	17	1.0	1.0	0.0
SNU13	17	1.0	1.0	0.0
SNUPN	17	1.0	1.0	0.0
SNURF	17	0.8235294117647058	0.7647058823529411	0.0
SNW1	17	0.6470588235294118	0.9411764705882353	0.0
SNX1	17	1.0	0.9411764705882353	0.0
SNX10	17	0.9411764705882353	1.0	0.0
SNX11	17	1.0	1.0	0.0
SNX12	17	1.0	0.8823529411764706	0.0
SNX13	17	1.0	1.0	0.0
SNX14	17	0.9411764705882353	1.0	0.0
SNX15	17	1.0	1.0	0.0
SNX16	17	1.0	0.8823529411764706	0.0
SNX17	17	0.9411764705882353	1.0	0.0
SNX18	17	1.0	1.0	0.0
SNX19	17	0.9411764705882353	1.0	0.0
SNX2	17	0.9411764705882353	0.8823529411764706	0.0
SNX21	17	1.0	0.9411764705882353	0.0
SNX24	17	1.0	0.8235294117647058	0.0
SNX25	17	0.9411764705882353	0.9411764705882353	0.0
SNX27	17	0.9411764705882353	0.9411764705882353	0.0
SNX29	17	1.0	1.0	0.0
SNX3	17	0.9411764705882353	0.8235294117647058	0.0
SNX30	17	1.0	0.9411764705882353	0.0
SNX32	17	0.8235294117647058	0.8235294117647058	0.0
SNX33	17	0.8823529411764706	0.7058823529411765	0.0
SNX4	17	1.0	1.0	0.0
SNX5	17	1.0	0.9411764705882353	0.0
SNX6	17	0.9411764705882353	0.9411764705882353	0.0
SNX7	17	1.0	1.0	0.0
SNX8	17	1.0	1.0	0.4117647058823529
SNX9	17	1.0	1.0	0.23529411764705882
SOAT1	17	1.0	1.0	0.058823529411764705
SOBP	17	0.9411764705882353	0.8823529411764706	0.058823529411764705
SOCS1	17	1.0	1.0	0.0
SOCS2	17	1.0	1.0	0.058823529411764705
SOCS2-AS1	17	1.0	0.9411764705882353	0.058823529411764705
SOCS3	17	1.0	1.0	0.0
SOCS4	17	0.8823529411764706	1.0	0.0
SOCS5	17	1.0	1.0	0.0
SOCS6	17	1.0	1.0	0.0
SOCS7	17	0.9411764705882353	0.8823529411764706	0.0
SOD1	17	0.8235294117647058	0.6470588235294118	0.0
SOD2	17	1.0	1.0	0.0
SOGA1	17	1.0	1.0	0.0
SON	17	1.0	1.0	0.058823529411764705
SORBS1	17	1.0	1.0	0.0
SORBS2	17	1.0	1.0	0.0
SORBS3	17	0.7647058823529411	1.0	0.0
SORCS1	17	1.0	1.0	0.0
SORCS2	17	1.0	1.0	0.0
SORCS3	17	0.9411764705882353	0.9411764705882353	0.0
SORD	17	1.0	1.0	0.0
SORL1	17	0.9411764705882353	1.0	0.0
SORT1	17	0.9411764705882353	1.0	0.0
SOS1	17	1.0	1.0	0.0
SOS2	17	0.8235294117647058	0.9411764705882353	0.0
SOWAHC	17	0.8823529411764706	0.7647058823529411	0.0
SOX12	17	1.0	1.0	0.0
SOX13	17	1.0	1.0	0.0
SOX2-OT	17	0.9411764705882353	0.9411764705882353	0.0
SOX30	17	0.8235294117647058	0.7647058823529411	0.0
SOX4	17	1.0	0.7647058823529411	0.0
SOX5	17	1.0	0.9411764705882353	0.0
SOX5-AS1	17	0.9411764705882353	1.0	0.0
SOX6	17	1.0	0.9411764705882353	0.0
SOX9	17	0.9411764705882353	0.9411764705882353	0.0
SOX9-AS1	17	0.9411764705882353	1.0	0.0
SP1	17	1.0	1.0	0.0
SP100	17	0.9411764705882353	1.0	0.0
SP110	17	1.0	0.9411764705882353	0.0
SP140	17	0.8235294117647058	0.8235294117647058	0.0
SP140L	17	0.9411764705882353	1.0	0.0
SP2	17	0.8823529411764706	1.0	0.0
SP2-AS1	17	1.0	1.0	0.0
SP3	17	1.0	0.8235294117647058	0.0
SP4	17	1.0	0.9411764705882353	0.058823529411764705
SPA17	17	0.8823529411764706	1.0	0.0
SPACA6	17	1.0	1.0	0.0
SPAG1	17	0.9411764705882353	1.0	0.11764705882352941
SPAG16	17	0.9411764705882353	1.0	0.0
SPAG17	17	0.9411764705882353	0.9411764705882353	0.0
SPAG5	17	1.0	1.0	0.0
SPAG5-AS1	17	0.9411764705882353	0.7058823529411765	0.0
SPAG7	17	0.9411764705882353	0.8823529411764706	0.0
SPAG9	17	0.9411764705882353	0.9411764705882353	0.11764705882352941
SPANXA2-OT1	17	1.0	0.9411764705882353	0.5294117647058824
SPARC	17	0.8235294117647058	0.8235294117647058	0.0
SPARCL1	17	0.9411764705882353	0.8823529411764706	0.0
SPART	17	0.9411764705882353	0.8235294117647058	0.0
SPART-AS1	17	0.7647058823529411	1.0	0.0
SPAST	17	1.0	0.9411764705882353	0.0
SPATA1	17	0.9411764705882353	1.0	0.0
SPATA12	17	1.0	1.0	0.0
SPATA13	17	0.9411764705882353	0.9411764705882353	0.0
SPATA17	17	0.9411764705882353	0.9411764705882353	0.058823529411764705
SPATA18	17	0.8235294117647058	0.9411764705882353	0.0
SPATA2	17	0.8823529411764706	0.9411764705882353	0.0
SPATA20	17	0.8823529411764706	1.0	0.0
SPATA21	17	1.0	0.8235294117647058	0.0
SPATA22	17	1.0	0.7647058823529411	0.0
SPATA24	17	1.0	1.0	0.0
SPATA2L	17	1.0	1.0	0.0
SPATA33	17	1.0	1.0	0.058823529411764705
SPATA5	17	0.7647058823529411	1.0	0.0
SPATA5L1	17	1.0	1.0	0.11764705882352941
SPATA6	17	1.0	1.0	0.0
SPATA6L	17	0.9411764705882353	1.0	0.0
SPATA7	17	0.9411764705882353	0.9411764705882353	0.0
SPATA9	17	1.0	0.8235294117647058	0.0
SPATS2	17	1.0	1.0	0.0
SPATS2L	17	1.0	1.0	0.11764705882352941
SPCS1	17	0.7647058823529411	1.0	0.0
SPCS2	17	1.0	1.0	0.0
SPCS3	17	1.0	1.0	0.0
SPDL1	17	0.9411764705882353	1.0	0.0
SPDYA	17	1.0	1.0	0.058823529411764705
SPDYE1	17	0.9411764705882353	1.0	0.0
SPDYE16	17	0.8235294117647058	0.8235294117647058	0.0
SPDYE2	17	1.0	1.0	0.0
SPDYE21P	17	1.0	1.0	0.0
SPDYE3	17	1.0	1.0	0.0
SPDYE5	17	1.0	1.0	0.0
SPECC1	17	1.0	0.9411764705882353	0.0
SPECC1L	17	0.7647058823529411	0.8823529411764706	0.0
SPEF2	17	0.8235294117647058	1.0	0.0
SPEN	17	1.0	0.9411764705882353	0.058823529411764705
SPESP1	17	1.0	0.9411764705882353	0.0
SPG11	17	1.0	1.0	0.0
SPG21	17	1.0	0.7647058823529411	0.0
SPG7	17	1.0	0.9411764705882353	0.0
SPHK2	17	1.0	1.0	0.0
SPI1	17	0.7058823529411765	0.7647058823529411	0.0
SPICE1	17	0.9411764705882353	1.0	0.0
SPIDR	17	1.0	0.7647058823529411	0.0
SPIN1	17	1.0	1.0	0.0
SPIN2B	17	0.9411764705882353	0.9411764705882353	0.0
SPIN3	17	0.8823529411764706	1.0	0.0
SPIN4	17	0.8235294117647058	0.8235294117647058	0.0
SPINDOC	17	0.8823529411764706	0.8823529411764706	0.0
SPINK5	17	1.0	1.0	0.0
SPINT1	17	0.9411764705882353	0.9411764705882353	0.0
SPINT1-AS1	17	1.0	0.9411764705882353	0.0
SPINT2	17	0.9411764705882353	1.0	0.058823529411764705
SPIRE1	17	1.0	1.0	0.0
SPIRE2	17	1.0	1.0	0.0
SPNS1	17	0.7647058823529411	0.8823529411764706	0.0
SPNS2	17	0.9411764705882353	0.9411764705882353	0.11764705882352941
SPOCK1	17	0.8823529411764706	1.0	0.0
SPOCK2	17	1.0	0.7647058823529411	0.0
SPON1	17	1.0	1.0	0.058823529411764705
SPON1-AS1	17	0.7647058823529411	0.7647058823529411	0.0
SPON2	17	1.0	0.8235294117647058	0.0
SPOP	17	1.0	1.0	0.11764705882352941
SPOPL	17	0.9411764705882353	1.0	0.0
SPOUT1	17	1.0	1.0	0.0
SPP1	17	1.0	1.0	0.0
SPPL2A	17	1.0	1.0	0.0
SPPL2B	17	1.0	1.0	0.0
SPPL3	17	1.0	1.0	0.0
SPRED1	17	1.0	1.0	0.0
SPRED2	17	0.9411764705882353	0.9411764705882353	0.0
SPRED3	17	0.9411764705882353	1.0	0.0
SPRTN	17	0.5882352941176471	0.8823529411764706	0.0
SPRY1	17	1.0	1.0	0.0
SPRY4	17	0.9411764705882353	1.0	0.0
SPRY4-AS1	17	1.0	1.0	0.0
SPRYD4	17	0.7647058823529411	1.0	0.0
SPRYD7	17	0.9411764705882353	1.0	0.0
SPSB1	17	0.9411764705882353	1.0	0.17647058823529413
SPSB3	17	0.8823529411764706	1.0	0.0
SPTAN1	17	1.0	1.0	0.0
SPTB	17	1.0	1.0	0.0
SPTBN1	17	1.0	0.9411764705882353	0.0
SPTBN2	17	1.0	1.0	0.058823529411764705
SPTBN4	17	1.0	1.0	0.0
SPTBN5	17	0.7647058823529411	0.7058823529411765	0.0
SPTLC1	17	0.9411764705882353	0.8235294117647058	0.0
SPTLC2	17	1.0	1.0	0.0
SPTLC3	17	0.8235294117647058	0.5294117647058824	0.0
SPTSSA	17	0.9411764705882353	0.9411764705882353	0.0
SPTY2D1	17	1.0	1.0	0.0
SPTY2D1OS	17	1.0	1.0	0.0
SQLE	17	0.9411764705882353	0.8823529411764706	0.0
SQOR	17	1.0	1.0	0.11764705882352941
SQSTM1	17	0.9411764705882353	1.0	0.0
SRA1	17	1.0	1.0	0.0
SRBD1	17	0.9411764705882353	1.0	0.0
SRC	17	0.8823529411764706	1.0	0.0
SRCAP	17	0.6470588235294118	1.0	0.0
SRD5A1	17	1.0	1.0	0.0
SRD5A3	17	0.7647058823529411	0.8235294117647058	0.0
SREBF1	17	0.9411764705882353	0.8823529411764706	0.0
SREBF2	17	1.0	1.0	0.0
SREK1	17	0.9411764705882353	1.0	0.0
SREK1IP1	17	1.0	1.0	0.0
SRF	17	0.9411764705882353	1.0	0.0
SRFBP1	17	1.0	1.0	0.0
SRGAP1	17	1.0	1.0	0.0
SRGAP2	17	0.8823529411764706	0.9411764705882353	0.0
SRGAP2B	17	1.0	1.0	0.0
SRGAP2C	17	0.8823529411764706	0.9411764705882353	0.0
SRGAP3	17	1.0	1.0	0.0
SRI	17	0.9411764705882353	1.0	0.0
SRL	17	1.0	1.0	0.0
SRM	17	1.0	1.0	0.0
SRP14	17	0.9411764705882353	0.9411764705882353	0.0
SRP14-AS1	17	1.0	1.0	0.058823529411764705
SRP19	17	1.0	1.0	0.0
SRP54	17	0.7647058823529411	0.9411764705882353	0.0
SRP68	17	0.8235294117647058	0.8235294117647058	0.0
SRP72	17	0.9411764705882353	0.9411764705882353	0.0
SRP9	17	0.8235294117647058	1.0	0.0
SRPK1	17	1.0	1.0	0.0
SRPK2	17	1.0	1.0	0.11764705882352941
SRPRA	17	1.0	1.0	0.0
SRPRB	17	0.9411764705882353	1.0	0.0
SRPX2	17	0.8235294117647058	0.8235294117647058	0.07142857142857142
SRR	17	1.0	0.7058823529411765	0.0
SRRM1	17	1.0	1.0	0.0
SRRM2	17	0.9411764705882353	1.0	0.0
SRRM2-AS1	17	0.9411764705882353	0.6470588235294118	0.0
SRRM3	17	0.8235294117647058	0.8235294117647058	0.0
SRRT	17	1.0	1.0	0.0
SRSF1	17	0.9411764705882353	1.0	0.0
SRSF10	17	1.0	1.0	0.0
SRSF11	17	0.9411764705882353	1.0	0.0
SRSF12	17	0.7647058823529411	1.0	0.0
SRSF2	17	1.0	1.0	0.058823529411764705
SRSF3	17	1.0	1.0	0.058823529411764705
SRSF4	17	1.0	0.8823529411764706	0.0
SRSF5	17	1.0	1.0	0.0
SRSF6	17	1.0	1.0	0.0
SRSF7	17	1.0	0.9411764705882353	0.0
SRSF8	17	0.8823529411764706	0.9411764705882353	0.0
SRSF9	17	0.8823529411764706	0.8235294117647058	0.0
SS18	17	0.7647058823529411	1.0	0.0
SS18L1	17	1.0	0.9411764705882353	0.058823529411764705
SS18L2	17	1.0	0.7647058823529411	0.0
SSB	17	0.9411764705882353	0.9411764705882353	0.0
SSBP1	17	1.0	0.9411764705882353	0.0
SSBP2	17	0.8823529411764706	1.0	0.0
SSBP3	17	1.0	1.0	0.058823529411764705
SSBP4	17	1.0	0.8235294117647058	0.0
SSC4D	17	0.9411764705882353	1.0	0.0
SSC5D	17	0.7058823529411765	0.7647058823529411	0.0
SSH1	17	0.9411764705882353	1.0	0.0
SSH2	17	1.0	1.0	0.0
SSH3	17	1.0	0.9411764705882353	0.0
SSPN	17	0.8823529411764706	0.9411764705882353	0.0
SSPO	17	1.0	1.0	0.0
SSR1	17	0.8235294117647058	0.8823529411764706	0.0
SSR2	17	1.0	0.9411764705882353	0.0
SSR3	17	1.0	1.0	0.0
SSR4	17	0.8235294117647058	1.0	0.0
SSRP1	17	1.0	0.9411764705882353	0.0
SSTR2	17	0.8235294117647058	0.7647058823529411	0.0
SSU72	17	1.0	1.0	0.0
SSX2IP	17	1.0	1.0	0.0
ST13	17	0.8823529411764706	0.7647058823529411	0.0
ST14	17	0.9411764705882353	0.9411764705882353	0.11764705882352941
ST18	17	1.0	1.0	0.0
ST3GAL1	17	1.0	1.0	0.058823529411764705
ST3GAL2	17	1.0	1.0	0.0
ST3GAL3	17	1.0	1.0	0.0
ST3GAL4	17	1.0	1.0	0.0
ST3GAL5	17	0.9411764705882353	0.6470588235294118	0.0
ST3GAL6	17	1.0	1.0	0.0
ST5	17	1.0	1.0	0.0
ST6GAL1	17	1.0	0.9411764705882353	0.11764705882352941
ST6GALNAC2	17	0.9411764705882353	1.0	0.058823529411764705
ST6GALNAC3	17	0.9411764705882353	1.0	0.0
ST6GALNAC6	17	0.9411764705882353	0.9411764705882353	0.0
ST7	17	1.0	1.0	0.058823529411764705
ST7-AS2	17	1.0	1.0	0.0
ST7-OT4	17	0.8823529411764706	1.0	0.0
ST7L	17	0.9411764705882353	0.8823529411764706	0.0
ST8SIA5	17	0.9411764705882353	1.0	0.0
ST8SIA6	17	1.0	0.9411764705882353	0.0
STAB1	17	0.8235294117647058	0.8235294117647058	0.0
STAB2	17	0.8235294117647058	0.8235294117647058	0.0
STAC	17	0.9411764705882353	1.0	0.11764705882352941
STAC2	17	1.0	0.9411764705882353	0.0
STAC3	17	1.0	1.0	0.0
STAG1	17	1.0	0.9411764705882353	0.11764705882352941
STAG2	17	0.9411764705882353	0.8823529411764706	0.0
STAG3	17	0.9411764705882353	1.0	0.23529411764705882
STAM	17	0.9411764705882353	1.0	0.0
STAM2	17	1.0	1.0	0.0
STAMBP	17	1.0	0.8823529411764706	0.0
STAMBPL1	17	0.9411764705882353	0.9411764705882353	0.0
STAP1	17	1.0	1.0	0.0
STAP2	17	0.9411764705882353	0.8823529411764706	0.0
STARD10	17	1.0	1.0	0.0
STARD13	17	1.0	1.0	0.0
STARD13-AS	17	0.8235294117647058	1.0	0.0
STARD3	17	1.0	1.0	0.0
STARD3NL	17	0.9411764705882353	1.0	0.0
STARD4	17	0.9411764705882353	0.8823529411764706	0.0
STARD4-AS1	17	1.0	0.9411764705882353	0.0
STARD7	17	0.9411764705882353	1.0	0.0
STARD7-AS1	17	1.0	1.0	0.0
STARD8	17	0.8823529411764706	1.0	0.0
STARD9	17	1.0	1.0	0.0
STAT1	17	1.0	1.0	0.0
STAT2	17	0.9411764705882353	1.0	0.0
STAT3	17	1.0	0.8823529411764706	0.0
STAT4	17	1.0	1.0	0.0
STAT5A	17	1.0	1.0	0.0
STAT5B	17	1.0	0.9411764705882353	0.0
STAT6	17	1.0	0.9411764705882353	0.058823529411764705
STAU1	17	0.9411764705882353	0.9411764705882353	0.0
STAU2	17	0.9411764705882353	0.8823529411764706	0.0
STC1	17	1.0	1.0	0.0
STEAP1B	17	0.9411764705882353	0.9411764705882353	0.0
STEAP2	17	1.0	1.0	0.0
STEAP2-AS1	17	1.0	1.0	0.058823529411764705
STIL	17	0.7647058823529411	1.0	0.0
STIM1	17	0.8823529411764706	0.6470588235294118	0.0
STIM2	17	0.8823529411764706	0.9411764705882353	0.0
STIMATE	17	0.9411764705882353	1.0	0.0
STIP1	17	1.0	1.0	0.0
STK10	17	1.0	1.0	0.9411764705882353
STK11	17	0.7647058823529411	1.0	0.0
STK11IP	17	1.0	0.9411764705882353	0.0
STK16	17	1.0	1.0	0.0
STK17A	17	1.0	1.0	0.058823529411764705
STK17B	17	0.9411764705882353	0.9411764705882353	0.0
STK19	17	0.7058823529411765	1.0	0.0
STK24	17	0.9411764705882353	0.9411764705882353	0.0
STK25	17	1.0	1.0	0.0
STK3	17	0.9411764705882353	1.0	0.0
STK31	17	1.0	1.0	0.0
STK32A	17	0.8823529411764706	0.8823529411764706	0.0
STK32B	17	1.0	0.9411764705882353	0.17647058823529413
STK32C	17	1.0	1.0	0.0
STK33	17	1.0	0.9411764705882353	0.058823529411764705
STK35	17	1.0	0.9411764705882353	0.0
STK36	17	1.0	0.8823529411764706	0.0
STK38	17	0.8235294117647058	1.0	0.0
STK38L	17	1.0	0.7058823529411765	0.0
STK39	17	1.0	1.0	0.058823529411764705
STK4	17	0.9411764705882353	1.0	0.0
STK40	17	1.0	0.9411764705882353	0.0
STMN1	17	0.8235294117647058	0.6470588235294118	0.0
STMN3	17	1.0	1.0	0.058823529411764705
STMP1	17	0.9411764705882353	0.8823529411764706	0.0
STN1	17	1.0	1.0	0.0
STOM	17	1.0	0.8235294117647058	0.0
STOML1	17	0.7647058823529411	0.23529411764705882	0.0
STOML2	17	0.9411764705882353	0.6470588235294118	0.0
STON1	17	0.8823529411764706	1.0	0.0
STON2	17	0.9411764705882353	1.0	0.0
STOX1	17	1.0	1.0	0.0
STOX2	17	1.0	1.0	0.0
STPG1	17	1.0	0.7058823529411765	0.0
STPG2	17	1.0	1.0	0.0
STPG2-AS1	17	0.9411764705882353	1.0	0.0
STPG3-AS1	17	0.7058823529411765	0.8235294117647058	0.0
STPG4	17	0.9411764705882353	1.0	0.058823529411764705
STRADA	17	1.0	0.7647058823529411	0.0
STRADB	17	0.9411764705882353	1.0	0.0
STRAP	17	0.9411764705882353	0.9411764705882353	0.0
STRBP	17	1.0	0.8235294117647058	0.0
STRIP1	17	0.9411764705882353	0.9411764705882353	0.0
STRIP2	17	1.0	1.0	0.0
STRN	17	1.0	1.0	0.4117647058823529
STRN3	17	1.0	1.0	0.0
STRN4	17	1.0	1.0	0.0
STS	17	1.0	1.0	0.0
STT3A	17	1.0	0.9411764705882353	0.0
STT3B	17	0.9411764705882353	0.8235294117647058	0.0
STUB1	17	1.0	1.0	0.0
STUM	17	1.0	1.0	0.0
STX10	17	1.0	1.0	0.0
STX12	17	1.0	1.0	0.0
STX16	17	1.0	1.0	0.0
STX17	17	0.8823529411764706	1.0	0.0
STX17-AS1	17	1.0	1.0	0.0
STX18	17	1.0	1.0	0.0
STX18-AS1	17	1.0	1.0	0.0
STX19	17	1.0	1.0	0.0
STX1A	17	0.9411764705882353	0.9411764705882353	0.058823529411764705
STX2	17	1.0	0.9411764705882353	0.058823529411764705
STX3	17	1.0	0.9411764705882353	0.0
STX4	17	1.0	1.0	0.0
STX5	17	0.6470588235294118	1.0	0.0
STX6	17	1.0	0.9411764705882353	0.058823529411764705
STX7	17	1.0	1.0	0.0
STX8	17	1.0	0.9411764705882353	0.0
STXBP1	17	0.9411764705882353	1.0	0.0
STXBP2	17	0.8235294117647058	0.9411764705882353	0.0
STXBP3	17	0.9411764705882353	0.9411764705882353	0.0
STXBP4	17	1.0	0.9411764705882353	0.0
STXBP5	17	1.0	1.0	0.0
STXBP5-AS1	17	1.0	1.0	0.0
STXBP6	17	1.0	0.9411764705882353	0.0
STYK1	17	1.0	1.0	0.0
STYX	17	1.0	0.9411764705882353	0.0
STYXL1	17	1.0	1.0	0.0
SUB1	17	0.9411764705882353	0.9411764705882353	0.0
SUCLA2	17	0.9411764705882353	0.7647058823529411	0.0
SUCLG1	17	0.9411764705882353	1.0	0.0
SUCLG2	17	0.9411764705882353	0.9411764705882353	0.0
SUCLG2-AS1	17	1.0	1.0	0.058823529411764705
SUCNR1	17	1.0	1.0	0.0
SUCO	17	0.6470588235294118	1.0	0.0
SUDS3	17	1.0	1.0	0.0
SUFU	17	1.0	1.0	0.0
SUGCT	17	1.0	1.0	0.0
SUGP1	17	0.9411764705882353	0.7647058823529411	0.0
SUGP2	17	1.0	0.8823529411764706	0.0
SUGT1	17	1.0	1.0	0.0
SULF2	17	1.0	1.0	0.11764705882352941
SULT1A1	17	1.0	1.0	0.0
SULT1A2	17	0.7058823529411765	0.8235294117647058	0.0
SULT1A3	17	1.0	0.8235294117647058	0.0
SULT1C2	17	0.9411764705882353	0.9411764705882353	0.0
SULT1C3	17	1.0	1.0	0.0
SULT1C4	17	0.7647058823529411	1.0	0.0
SULT2B1	17	1.0	0.8235294117647058	0.0
SUMF1	17	0.8235294117647058	0.8823529411764706	0.0
SUMF2	17	0.9411764705882353	0.8235294117647058	0.0
SUMO1	17	0.9411764705882353	0.9411764705882353	0.0
SUMO2	17	1.0	0.8823529411764706	0.0
SUMO3	17	1.0	1.0	0.0
SUMO4	17	1.0	0.7647058823529411	0.0
SUN1	17	0.9411764705882353	0.9411764705882353	0.11764705882352941
SUN2	17	1.0	1.0	0.0
SUOX	17	0.9411764705882353	0.8823529411764706	0.0
SUPT16H	17	0.9411764705882353	0.8823529411764706	0.0
SUPT20H	17	0.8235294117647058	1.0	0.0
SUPT3H	17	1.0	1.0	0.0
SUPT5H	17	0.9411764705882353	1.0	0.0
SUPT6H	17	1.0	1.0	0.0
SUPT7L	17	0.8823529411764706	1.0	0.0
SUPV3L1	17	1.0	1.0	0.0
SURF1	17	0.9411764705882353	0.9411764705882353	0.0
SURF4	17	1.0	1.0	0.0
SURF6	17	0.8823529411764706	1.0	0.0
SUSD1	17	1.0	0.8235294117647058	0.0
SUSD4	17	1.0	1.0	0.0
SUSD6	17	1.0	1.0	0.0
SUV39H2	17	0.9411764705882353	1.0	0.0
SUZ12	17	1.0	0.9411764705882353	0.0
SV2B	17	0.9411764705882353	0.9411764705882353	0.0
SVBP	17	0.8235294117647058	0.8235294117647058	0.0
SVIL	17	1.0	1.0	0.9411764705882353
SVIP	17	1.0	0.8823529411764706	0.0
SVOPL	17	0.7647058823529411	0.8823529411764706	0.0
SWAP70	17	1.0	1.0	0.0
SWI5	17	1.0	1.0	0.058823529411764705
SWT1	17	0.8235294117647058	0.8823529411764706	0.0
SYAP1	17	0.7647058823529411	1.0	0.0
SYBU	17	1.0	1.0	0.8235294117647058
SYCE2	17	1.0	1.0	0.0
SYCP2	17	0.9411764705882353	0.9411764705882353	0.0
SYCP2L	17	0.7647058823529411	0.9411764705882353	0.0
SYCP3	17	0.8235294117647058	1.0	0.0
SYDE2	17	0.7647058823529411	0.9411764705882353	0.0
SYF2	17	0.7647058823529411	0.8823529411764706	0.0
SYK	17	1.0	0.7058823529411765	0.0
SYMPK	17	1.0	0.7647058823529411	0.0
SYN3	17	1.0	1.0	0.0
SYNC	17	0.9411764705882353	1.0	0.0
SYNCRIP	17	1.0	1.0	0.0
SYNDIG1	17	0.9411764705882353	0.7647058823529411	0.0
SYNE1	17	1.0	1.0	0.17647058823529413
SYNE2	17	0.9411764705882353	0.9411764705882353	0.0
SYNE4	17	0.9411764705882353	1.0	0.0
SYNGAP1	17	1.0	0.8823529411764706	0.0
SYNGAP1-AS1	17	0.9411764705882353	0.8235294117647058	0.0
SYNGR1	17	1.0	1.0	0.058823529411764705
SYNGR2	17	0.9411764705882353	1.0	0.0
SYNJ1	17	1.0	0.9411764705882353	0.0
SYNJ2	17	1.0	1.0	0.6470588235294118
SYNJ2BP	17	1.0	1.0	0.0
SYNPO	17	0.7647058823529411	0.8235294117647058	0.0
SYNPO2	17	0.9411764705882353	0.9411764705882353	0.0
SYNPR	17	0.9411764705882353	1.0	0.0
SYNRG	17	0.9411764705882353	0.9411764705882353	0.0
SYP	17	0.8235294117647058	1.0	0.0
SYPL1	17	0.8823529411764706	0.9411764705882353	0.0
SYPL2	17	0.8823529411764706	1.0	0.0
SYS1	17	1.0	1.0	0.0
SYT1	17	0.8235294117647058	0.9411764705882353	0.0
SYT11	17	0.7647058823529411	0.8235294117647058	0.0
SYT12	17	0.9411764705882353	0.9411764705882353	0.0
SYT13	17	0.9411764705882353	1.0	0.0
SYT14	17	0.9411764705882353	1.0	0.11764705882352941
SYT16	17	1.0	1.0	0.0
SYT17	17	0.8235294117647058	1.0	0.0
SYT2	17	0.8235294117647058	0.8235294117647058	0.0
SYT7	17	1.0	1.0	0.0
SYT9	17	1.0	0.9411764705882353	0.0
SYTL2	17	1.0	1.0	0.0
SYTL3	17	1.0	1.0	0.11764705882352941
SYTL4	17	0.9411764705882353	0.9411764705882353	0.0
SYTL5	17	1.0	0.7647058823529411	0.058823529411764705
SYVN1	17	0.9411764705882353	0.9411764705882353	0.0
SZRD1	17	1.0	0.9411764705882353	0.0
SZT2	17	1.0	0.8823529411764706	0.0
TAB1	17	0.8235294117647058	0.5882352941176471	0.0
TAB2	17	1.0	1.0	0.0
TAB3	17	1.0	0.8823529411764706	0.0
TAC4	17	0.8823529411764706	0.7647058823529411	0.0
TACC1	17	1.0	0.7647058823529411	0.0
TACC2	17	1.0	0.9411764705882353	0.11764705882352941
TACC3	17	0.7647058823529411	0.7647058823529411	0.0
TACO1	17	0.9411764705882353	0.9411764705882353	0.0
TACR1	17	1.0	1.0	0.0
TACSTD2	17	1.0	0.9411764705882353	0.0
TADA1	17	1.0	1.0	0.0
TADA2A	17	1.0	1.0	0.0
TADA2B	17	0.8823529411764706	1.0	0.0
TADA3	17	0.9411764705882353	1.0	0.0
TAF1	17	0.8235294117647058	1.0	0.0
TAF10	17	1.0	1.0	0.0
TAF11	17	0.9411764705882353	1.0	0.0
TAF12	17	1.0	1.0	0.0
TAF13	17	0.9411764705882353	0.9411764705882353	0.0
TAF15	17	1.0	1.0	0.0
TAF1A	17	1.0	1.0	0.0
TAF1B	17	0.9411764705882353	1.0	0.0
TAF1C	17	1.0	1.0	0.0
TAF1D	17	0.9411764705882353	1.0	0.0
TAF2	17	0.9411764705882353	0.9411764705882353	0.0
TAF3	17	1.0	0.7058823529411765	0.0
TAF4	17	0.9411764705882353	0.9411764705882353	0.0
TAF4B	17	1.0	1.0	0.0
TAF5	17	0.9411764705882353	0.9411764705882353	0.0
TAF5L	17	1.0	1.0	0.0
TAF6	17	0.8823529411764706	0.8235294117647058	0.0
TAF6L	17	1.0	1.0	0.0
TAF7	17	1.0	1.0	0.058823529411764705
TAF8	17	1.0	1.0	0.23529411764705882
TAF9	17	1.0	1.0	0.0
TAFA1	17	0.9411764705882353	0.9411764705882353	0.11764705882352941
TAFA2	17	0.9411764705882353	0.8823529411764706	0.0
TAFA5	17	0.9411764705882353	0.9411764705882353	0.058823529411764705
TAGLN	17	0.7647058823529411	1.0	0.0
TAGLN2	17	1.0	1.0	0.0
TALDO1	17	0.7058823529411765	1.0	0.0
TAMM41	17	0.9411764705882353	0.7647058823529411	0.0
TANC1	17	0.9411764705882353	0.9411764705882353	0.0
TANC2	17	0.9411764705882353	1.0	0.058823529411764705
TANGO2	17	0.47058823529411764	0.7647058823529411	0.0
TANGO6	17	0.9411764705882353	1.0	0.0
TANK	17	1.0	1.0	0.0
TAOK1	17	1.0	1.0	0.0
TAOK2	17	1.0	1.0	0.0
TAOK3	17	1.0	1.0	0.0
TAP1	17	0.7058823529411765	0.7647058823529411	0.0
TAP2	17	0.9411764705882353	0.9411764705882353	0.0
TAPBP	17	0.9411764705882353	1.0	0.0
TAPBPL	17	1.0	1.0	0.0
TAPT1	17	1.0	0.9411764705882353	0.0
TAPT1-AS1	17	1.0	1.0	0.058823529411764705
TARBP1	17	0.9411764705882353	0.8235294117647058	0.0
TARBP2	17	1.0	1.0	0.0
TARDBP	17	1.0	1.0	0.0
TARID	17	1.0	0.8823529411764706	0.0
TARS	17	1.0	0.9411764705882353	0.0
TARS2	17	1.0	0.9411764705882353	0.0
TARSL2	17	0.9411764705882353	1.0	0.0
TAS2R14	17	1.0	1.0	0.0
TAS2R30	17	0.7647058823529411	0.5294117647058824	0.0
TAS2R4	17	0.8823529411764706	0.8235294117647058	0.0
TASOR	17	1.0	0.7647058823529411	0.0
TASOR2	17	1.0	1.0	0.0
TASP1	17	1.0	1.0	0.058823529411764705
TATDN1	17	0.9411764705882353	0.9411764705882353	0.0
TATDN2	17	1.0	1.0	0.0
TATDN3	17	1.0	1.0	0.058823529411764705
TAX1BP1	17	1.0	0.9411764705882353	0.0
TAX1BP3	17	1.0	1.0	0.0
TAZ	17	0.8823529411764706	0.7647058823529411	0.0
TBC1D1	17	0.9411764705882353	0.7058823529411765	0.0
TBC1D10A	17	0.9411764705882353	0.9411764705882353	0.0
TBC1D10B	17	1.0	0.7647058823529411	0.0
TBC1D12	17	1.0	0.8823529411764706	0.0
TBC1D13	17	0.9411764705882353	1.0	0.0
TBC1D14	17	0.8235294117647058	1.0	0.0
TBC1D15	17	1.0	1.0	0.0
TBC1D16	17	1.0	0.9411764705882353	0.0
TBC1D17	17	1.0	1.0	0.0
TBC1D19	17	0.9411764705882353	0.9411764705882353	0.0
TBC1D2	17	1.0	0.9411764705882353	0.11764705882352941
TBC1D20	17	0.8823529411764706	0.8823529411764706	0.0
TBC1D22A	17	1.0	1.0	0.0
TBC1D22B	17	1.0	0.9411764705882353	0.058823529411764705
TBC1D23	17	0.8235294117647058	1.0	0.0
TBC1D24	17	0.9411764705882353	1.0	0.0
TBC1D25	17	0.7647058823529411	0.8235294117647058	0.0
TBC1D2B	17	1.0	1.0	0.0
TBC1D30	17	1.0	0.9411764705882353	0.0
TBC1D31	17	0.9411764705882353	1.0	0.0
TBC1D32	17	0.8235294117647058	1.0	0.0
TBC1D3D	17	1.0	0.9411764705882353	0.0
TBC1D4	17	0.9411764705882353	1.0	0.0
TBC1D5	17	0.9411764705882353	0.9411764705882353	0.0
TBC1D7	17	1.0	0.8235294117647058	0.0
TBC1D8	17	0.9411764705882353	0.9411764705882353	0.11764705882352941
TBC1D8B	17	1.0	1.0	0.0
TBC1D9	17	0.9411764705882353	0.9411764705882353	0.0
TBC1D9B	17	1.0	0.8235294117647058	0.0
TBCA	17	1.0	1.0	0.0
TBCB	17	1.0	1.0	0.0
TBCCD1	17	1.0	1.0	0.0
TBCD	17	0.9411764705882353	1.0	0.0
TBCE	17	0.8823529411764706	1.0	0.0
TBCE.1	17	1.0	1.0	0.0
TBCEL	17	1.0	1.0	0.0
TBCK	17	0.9411764705882353	0.8823529411764706	0.0
TBILA	17	1.0	1.0	0.11764705882352941
TBK1	17	1.0	1.0	0.0
TBKBP1	17	0.9411764705882353	1.0	0.0
TBL1X	17	0.8823529411764706	0.9411764705882353	0.0
TBL1XR1	17	0.9411764705882353	0.9411764705882353	0.0
TBL1Y	17	1.0	1.0	0.0
TBL2	17	1.0	0.7647058823529411	0.0
TBL3	17	0.7058823529411765	0.7647058823529411	0.0
TBP	17	1.0	1.0	0.0
TBPL1	17	1.0	0.8823529411764706	0.0
TBRG1	17	0.9411764705882353	1.0	0.0
TBRG4	17	1.0	1.0	0.0
TBX19	17	1.0	1.0	0.0
TBX2	17	0.9411764705882353	1.0	0.0
TBX2-AS1	17	0.8823529411764706	0.9411764705882353	0.0
TBX3	17	0.7647058823529411	0.9411764705882353	0.0
TBXAS1	17	0.8235294117647058	0.9411764705882353	0.0
TC2N	17	0.9411764705882353	1.0	0.0
TCAF1	17	0.9411764705882353	1.0	0.0
TCAIM	17	0.9411764705882353	0.9411764705882353	0.0
TCEA1	17	0.9411764705882353	1.0	0.0
TCEA2	17	0.8823529411764706	1.0	0.0
TCEA3	17	1.0	1.0	0.058823529411764705
TCEAL1	17	1.0	0.9411764705882353	0.0
TCEAL2	17	1.0	0.6470588235294118	0.0
TCEAL3	17	1.0	0.8823529411764706	0.0
TCEAL4	17	0.8823529411764706	0.9411764705882353	0.0
TCEAL9	17	1.0	1.0	0.0
TCEANC	17	0.9411764705882353	1.0	0.0
TCEANC2	17	1.0	1.0	0.5294117647058824
TCERG1	17	1.0	1.0	0.0
TCF12	17	1.0	1.0	0.058823529411764705
TCF19	17	1.0	1.0	0.0
TCF20	17	0.8823529411764706	1.0	0.0
TCF25	17	0.9411764705882353	0.7058823529411765	0.0
TCF3	17	1.0	1.0	0.11764705882352941
TCF4	17	0.9411764705882353	0.7647058823529411	0.0
TCF7	17	1.0	1.0	0.23529411764705882
TCF7L1	17	0.8235294117647058	0.9411764705882353	0.0
TCF7L2	17	1.0	0.9411764705882353	0.0
TCFL5	17	1.0	1.0	0.0
TCHP	17	1.0	1.0	0.0
TCIM	17	1.0	1.0	0.0
TCIRG1	17	1.0	1.0	0.0
TCN2	17	1.0	1.0	0.0
TCOF1	17	0.7647058823529411	1.0	0.0
TCP1	17	0.9411764705882353	0.8235294117647058	0.0
TCP11L1	17	1.0	1.0	0.0
TCP11L2	17	1.0	1.0	0.0
TCTA	17	1.0	1.0	0.0
TCTE3	17	0.9411764705882353	0.8823529411764706	0.0
TCTEX1D2	17	1.0	1.0	0.0
TCTN1	17	1.0	1.0	0.0
TCTN2	17	0.8823529411764706	0.8823529411764706	0.0
TCTN3	17	1.0	0.9411764705882353	0.0
TDG	17	0.8235294117647058	1.0	0.0
TDP1	17	1.0	1.0	0.0
TDP2	17	1.0	1.0	0.0
TDRD10	17	0.8235294117647058	0.8235294117647058	0.0
TDRD12	17	0.8235294117647058	0.8235294117647058	0.0
TDRD3	17	0.9411764705882353	0.9411764705882353	0.0
TDRD5	17	0.7647058823529411	1.0	0.0
TDRD6	17	0.9411764705882353	1.0	0.0
TDRD7	17	1.0	1.0	0.11764705882352941
TDRD9	17	1.0	1.0	0.0
TDRKH	17	1.0	1.0	0.0
TDRP	17	1.0	1.0	0.0
TEAD1	17	1.0	0.9411764705882353	0.058823529411764705
TEAD2	17	1.0	1.0	0.0
TEAD3	17	0.9411764705882353	0.8823529411764706	0.0
TEAD4	17	0.9411764705882353	0.9411764705882353	0.0
TEC	17	0.9411764705882353	1.0	0.0
TECPR1	17	1.0	1.0	0.0
TECPR2	17	0.9411764705882353	0.9411764705882353	0.0
TECR	17	1.0	1.0	0.058823529411764705
TECTA	17	1.0	1.0	0.0
TEDC1	17	0.8235294117647058	0.8235294117647058	0.0
TEF	17	1.0	1.0	0.0
TEFM	17	0.7058823529411765	1.0	0.0
TEK	17	0.8235294117647058	0.7058823529411765	0.0
TELO2	17	0.8823529411764706	0.9411764705882353	0.0
TEN1	17	0.9411764705882353	0.8823529411764706	0.0
TENM1	17	1.0	0.9411764705882353	0.8823529411764706
TENM2	17	1.0	1.0	0.0
TENM3	17	0.8823529411764706	1.0	0.0
TENM3-AS1	17	0.8235294117647058	0.8235294117647058	0.0
TENM4	17	0.9411764705882353	0.9411764705882353	0.0
TENT2	17	0.9411764705882353	0.8823529411764706	0.0
TENT4A	17	0.7647058823529411	0.8235294117647058	0.0
TENT4B	17	0.9411764705882353	1.0	0.0
TENT5A	17	0.9411764705882353	1.0	0.0
TENT5B	17	0.7647058823529411	0.8235294117647058	0.0
TEP1	17	0.9411764705882353	0.9411764705882353	0.058823529411764705
TEPSIN	17	1.0	1.0	0.0
TERB1	17	1.0	0.9411764705882353	0.0
TERF1	17	0.9411764705882353	0.8823529411764706	0.0
TERF2	17	1.0	1.0	0.0
TERF2IP	17	1.0	0.8823529411764706	0.0
TES	17	0.9411764705882353	1.0	0.058823529411764705
TESC	17	1.0	1.0	0.0
TESC-AS1	17	0.9411764705882353	0.9411764705882353	0.0
TESK1	17	1.0	1.0	0.0
TESK2	17	0.9411764705882353	0.9411764705882353	0.0
TESMIN	17	1.0	0.9411764705882353	0.0
TET1	17	1.0	1.0	0.0
TET2	17	0.9411764705882353	0.9411764705882353	0.0
TET3	17	0.9411764705882353	0.9411764705882353	0.11764705882352941
TEX10	17	1.0	1.0	0.0
TEX14	17	0.9411764705882353	1.0	0.0
TEX2	17	1.0	0.8823529411764706	0.0
TEX22	17	1.0	1.0	0.0
TEX261	17	1.0	1.0	0.0
TEX264	17	0.9411764705882353	0.7647058823529411	0.0
TEX30	17	1.0	1.0	0.0
TEX41	17	0.9411764705882353	1.0	0.0
TEX9	17	0.9411764705882353	1.0	0.0
TFAM	17	0.9411764705882353	1.0	0.0
TFAP2A	17	0.9411764705882353	1.0	0.0
TFAP2A-AS1	17	1.0	0.9411764705882353	0.0
TFAP2B	17	1.0	1.0	0.0
TFAP2E	17	0.5882352941176471	0.7647058823529411	0.0
TFAP4	17	0.7647058823529411	0.6470588235294118	0.0
TFB1M	17	0.9411764705882353	0.9411764705882353	0.0
TFB2M	17	0.8823529411764706	1.0	0.0
TFCP2	17	1.0	0.8235294117647058	0.0
TFCP2L1	17	1.0	0.9411764705882353	0.11764705882352941
TFDP1	17	1.0	1.0	0.0
TFDP2	17	1.0	1.0	0.0
TFE3	17	1.0	1.0	0.0
TFEB	17	1.0	0.9411764705882353	0.0
TFEC	17	0.6470588235294118	0.8235294117647058	0.0
TFG	17	0.8823529411764706	1.0	0.0
TFIP11	17	0.9411764705882353	1.0	0.0
TFPI	17	0.9411764705882353	1.0	0.0
TFPI2	17	0.9411764705882353	1.0	0.0
TFPT	17	0.8235294117647058	0.9411764705882353	0.0
TFRC	17	1.0	1.0	0.0
TG	17	1.0	1.0	0.0
TGDS	17	1.0	1.0	0.0
TGFA	17	1.0	1.0	0.058823529411764705
TGFB1	17	0.9411764705882353	1.0	0.0
TGFB2	17	0.8823529411764706	0.9411764705882353	0.0
TGFB3	17	1.0	1.0	0.0
TGFBR1	17	1.0	0.8823529411764706	0.0
TGFBR2	17	1.0	1.0	0.7647058823529411
TGFBR3	17	0.8235294117647058	0.8235294117647058	0.0
TGFBRAP1	17	0.9411764705882353	0.8823529411764706	0.0
TGIF1	17	0.9411764705882353	0.8823529411764706	0.0
TGIF2	17	1.0	1.0	0.0
TGM2	17	1.0	1.0	0.0
TGOLN2	17	1.0	1.0	0.0
TGS1	17	1.0	0.8823529411764706	0.0
TH2LCRR	17	0.9411764705882353	1.0	0.0
THADA	17	1.0	1.0	0.058823529411764705
THAP1	17	0.8235294117647058	0.7647058823529411	0.0
THAP12	17	1.0	1.0	0.0
THAP2	17	0.9411764705882353	0.9411764705882353	0.0
THAP3	17	1.0	0.9411764705882353	0.0
THAP4	17	0.9411764705882353	0.7647058823529411	0.0
THAP5	17	0.9411764705882353	0.9411764705882353	0.0
THAP6	17	1.0	1.0	0.0
THAP8	17	0.7647058823529411	0.47058823529411764	0.0
THAP9	17	1.0	1.0	0.0
THAP9-AS1	17	0.9411764705882353	0.8823529411764706	0.0
THBS1	17	0.9411764705882353	1.0	0.0
THBS3	17	1.0	0.9411764705882353	0.0
THBS4	17	1.0	0.9411764705882353	0.0
THEM4	17	0.8235294117647058	1.0	0.0
THG1L	17	0.8823529411764706	1.0	0.0
THNSL1	17	1.0	1.0	0.0
THNSL2	17	1.0	1.0	0.0
THOC1	17	1.0	1.0	0.0
THOC2	17	1.0	1.0	0.0
THOC3	17	0.8823529411764706	0.7647058823529411	0.0
THOC5	17	0.9411764705882353	0.9411764705882353	0.0
THOC6	17	0.8823529411764706	0.8235294117647058	0.0
THOC7	17	0.9411764705882353	1.0	0.0
THOP1	17	1.0	1.0	0.0
THRA	17	1.0	1.0	0.0
THRA1/BTR	17	1.0	1.0	0.0
THRAP3	17	0.9411764705882353	0.8823529411764706	0.0
THRB	17	0.9411764705882353	1.0	0.0
THRB-AS1	17	1.0	1.0	0.0
THRB-IT1	17	0.7647058823529411	0.7647058823529411	0.0
THSD1	17	1.0	1.0	0.0
THSD4	17	1.0	1.0	0.0
THSD4-AS1	17	0.7647058823529411	1.0	0.058823529411764705
THSD7A	17	1.0	1.0	0.11764705882352941
THSD7B	17	1.0	1.0	0.0
THUMPD1	17	1.0	1.0	0.058823529411764705
THUMPD2	17	0.9411764705882353	0.9411764705882353	0.0
THUMPD3	17	1.0	1.0	0.0
THUMPD3-AS1	17	1.0	1.0	0.0
THYN1	17	0.7647058823529411	0.8235294117647058	0.0
TIA1	17	1.0	1.0	0.0
TIAF1	17	1.0	0.9411764705882353	0.0
TIAL1	17	1.0	1.0	0.0
TIAM1	17	1.0	1.0	0.0
TIAM2	17	1.0	0.9411764705882353	0.11764705882352941
TICAM1	17	0.9411764705882353	1.0	0.0
TICAM2	17	1.0	1.0	0.0
TIGAR	17	0.9411764705882353	1.0	0.0
TIGD1	17	1.0	1.0	0.0
TIGD4	17	0.8235294117647058	0.9411764705882353	0.0
TIGD7	17	1.0	1.0	0.0
TIMELESS	17	1.0	1.0	0.0
TIMM10B	17	0.5882352941176471	0.9411764705882353	0.0
TIMM13	17	0.6470588235294118	0.8235294117647058	0.0
TIMM17A	17	0.8823529411764706	0.8235294117647058	0.0
TIMM17B	17	0.7647058823529411	0.8235294117647058	0.0
TIMM21	17	0.9411764705882353	1.0	0.0
TIMM22	17	1.0	0.9411764705882353	0.0
TIMM23	17	0.8823529411764706	0.7058823529411765	0.0
TIMM23B	17	0.8235294117647058	1.0	0.0
TIMM23B-AGAP6	17	1.0	1.0	0.0
TIMM29	17	1.0	1.0	0.0
TIMM44	17	0.9411764705882353	0.7647058823529411	0.0
TIMM50	17	0.9411764705882353	1.0	0.0
TIMM9	17	0.8823529411764706	0.8235294117647058	0.0
TIMMDC1	17	0.9411764705882353	0.9411764705882353	0.0
TIMP2	17	0.9411764705882353	1.0	0.0
TIMP3	17	1.0	1.0	0.058823529411764705
TINAG	17	0.8823529411764706	1.0	0.0
TINAGL1	17	0.9411764705882353	0.9411764705882353	0.0
TINF2	17	0.8235294117647058	0.8235294117647058	0.0
TIPARP	17	1.0	1.0	0.0
TIPIN	17	1.0	0.9411764705882353	0.0
TIPRL	17	0.9411764705882353	1.0	0.0
TIRAP	17	0.9411764705882353	0.6470588235294118	0.0
TJAP1	17	0.8235294117647058	0.8823529411764706	0.0
TJP1	17	1.0	1.0	0.11764705882352941
TJP2	17	1.0	1.0	0.11764705882352941
TJP3	17	1.0	1.0	0.0
TK2	17	0.8823529411764706	0.9411764705882353	0.0
TKFC	17	0.9411764705882353	1.0	0.0
TKT	17	1.0	1.0	0.058823529411764705
TLCD1	17	0.7647058823529411	0.7647058823529411	0.0
TLCD2	17	0.7647058823529411	0.9411764705882353	0.0
TLCD3A	17	0.9411764705882353	1.0	0.0
TLCD4	17	0.9411764705882353	0.9411764705882353	0.0
TLCD5	17	0.9411764705882353	0.8235294117647058	0.0
TLE1	17	0.9411764705882353	0.9411764705882353	0.9411764705882353
TLE2	17	1.0	1.0	0.0
TLE3	17	0.9411764705882353	0.9411764705882353	0.0
TLE4	17	1.0	1.0	0.0
TLE5	17	0.9411764705882353	0.8823529411764706	0.0
TLE6	17	1.0	1.0	0.0
TLK1	17	0.9411764705882353	1.0	0.0
TLK2	17	0.9411764705882353	0.9411764705882353	0.0
TLL1	17	0.9411764705882353	0.9411764705882353	0.0
TLN1	17	0.9411764705882353	0.8235294117647058	0.0
TLN2	17	1.0	1.0	0.058823529411764705
TLR2	17	1.0	1.0	0.8823529411764706
TLR3	17	0.8235294117647058	0.7058823529411765	0.0
TLR4	17	0.8235294117647058	0.8235294117647058	0.0
TLR5	17	1.0	1.0	0.0
TM2D1	17	0.8823529411764706	1.0	0.0
TM2D2	17	0.8235294117647058	0.8823529411764706	0.0
TM2D3	17	0.9411764705882353	1.0	0.0
TM4SF1	17	0.8235294117647058	0.8235294117647058	0.0
TM7SF2	17	1.0	1.0	0.0
TM7SF3	17	1.0	0.7647058823529411	0.0
TM9SF1	17	1.0	1.0	0.0
TM9SF2	17	1.0	1.0	0.0
TM9SF3	17	1.0	0.9411764705882353	0.0
TM9SF4	17	0.9411764705882353	0.9411764705882353	0.0
TMA16	17	1.0	1.0	0.058823529411764705
TMA7	17	0.7058823529411765	0.7647058823529411	0.0
TMBIM1	17	1.0	1.0	0.29411764705882354
TMBIM4	17	0.9411764705882353	1.0	0.0
TMBIM6	17	0.9411764705882353	0.8823529411764706	0.0
TMC1	17	0.8235294117647058	0.8235294117647058	0.0
TMC4	17	0.9411764705882353	0.9411764705882353	0.0
TMC6	17	1.0	1.0	0.0
TMC7	17	0.8235294117647058	0.8235294117647058	0.07142857142857142
TMCC1	17	0.9411764705882353	1.0	0.0
TMCC1-AS1	17	0.8235294117647058	0.6470588235294118	0.0
TMCC3	17	0.9411764705882353	0.9411764705882353	0.0
TMCO1	17	0.8823529411764706	0.8823529411764706	0.0
TMCO3	17	1.0	1.0	0.4117647058823529
TMCO4	17	1.0	0.9411764705882353	0.0
TMED1	17	1.0	0.8823529411764706	0.0
TMED10	17	0.9411764705882353	0.8235294117647058	0.0
TMED2	17	1.0	0.9411764705882353	0.0
TMED2-DT	17	0.8823529411764706	1.0	0.0
TMED3	17	1.0	1.0	0.0
TMED4	17	1.0	1.0	0.0
TMED5	17	1.0	1.0	0.0
TMED6	17	1.0	0.8823529411764706	0.0
TMED7	17	1.0	0.7647058823529411	0.0
TMED8	17	1.0	0.8823529411764706	0.0
TMED9	17	0.9411764705882353	0.7647058823529411	0.0
TMEFF1	17	0.5882352941176471	0.29411764705882354	0.0
TMEFF2	17	0.8235294117647058	0.8235294117647058	0.0
TMEM101	17	1.0	1.0	0.0
TMEM104	17	0.9411764705882353	1.0	0.0
TMEM106A	17	0.9411764705882353	1.0	0.0
TMEM106B	17	0.9411764705882353	0.9411764705882353	0.0
TMEM106C	17	0.9411764705882353	0.8823529411764706	0.0
TMEM107	17	1.0	0.9411764705882353	0.0
TMEM108	17	0.9411764705882353	0.9411764705882353	0.0
TMEM109	17	0.8235294117647058	0.7058823529411765	0.0
TMEM11	17	0.9411764705882353	1.0	0.0
TMEM116	17	1.0	1.0	0.058823529411764705
TMEM117	17	0.9411764705882353	0.9411764705882353	0.0
TMEM120A	17	1.0	1.0	0.0
TMEM120B	17	1.0	1.0	0.0
TMEM123	17	1.0	1.0	0.058823529411764705
TMEM125	17	1.0	1.0	0.0
TMEM126A	17	1.0	1.0	0.0
TMEM126B	17	0.7647058823529411	1.0	0.0
TMEM127	17	1.0	0.8823529411764706	0.0
TMEM128	17	0.9411764705882353	1.0	0.0
TMEM129	17	1.0	1.0	0.0
TMEM131	17	0.8823529411764706	0.9411764705882353	0.0
TMEM131L	17	1.0	1.0	0.058823529411764705
TMEM132C	17	0.8235294117647058	0.8235294117647058	0.0
TMEM132D	17	1.0	1.0	0.0
TMEM134	17	0.9411764705882353	0.8823529411764706	0.0
TMEM135	17	0.9411764705882353	0.8235294117647058	0.0
TMEM138	17	1.0	1.0	0.0
TMEM140	17	0.7647058823529411	0.9411764705882353	0.0
TMEM141	17	0.5294117647058824	0.5294117647058824	0.0
TMEM143	17	1.0	1.0	0.0
TMEM144	17	1.0	1.0	0.0
TMEM147-AS1	17	1.0	0.8823529411764706	0.0
TMEM14A	17	1.0	1.0	0.0
TMEM14B	17	1.0	1.0	0.0
TMEM14C	17	1.0	1.0	0.0
TMEM150A	17	1.0	1.0	0.0
TMEM150C	17	1.0	1.0	0.0
TMEM154	17	0.9411764705882353	1.0	0.0
TMEM156	17	0.8235294117647058	0.8235294117647058	0.0
TMEM159	17	1.0	1.0	0.058823529411764705
TMEM160	17	0.8235294117647058	0.7647058823529411	0.0
TMEM161A	17	0.9411764705882353	1.0	0.0
TMEM161B	17	1.0	1.0	0.0
TMEM161B-AS1	17	0.9411764705882353	0.9411764705882353	0.0
TMEM163	17	1.0	1.0	0.0
TMEM164	17	0.7058823529411765	0.8235294117647058	0.0
TMEM165	17	1.0	1.0	0.0
TMEM167A	17	1.0	1.0	0.0
TMEM167B	17	1.0	1.0	0.0
TMEM168	17	1.0	1.0	0.0
TMEM169	17	1.0	0.9411764705882353	0.0
TMEM170A	17	0.7058823529411765	0.8235294117647058	0.0
TMEM170B	17	0.9411764705882353	0.8823529411764706	0.0
TMEM171	17	0.9411764705882353	0.9411764705882353	0.0
TMEM173	17	0.7058823529411765	0.35294117647058826	0.0
TMEM175	17	1.0	1.0	0.0
TMEM176A	17	1.0	1.0	0.0
TMEM176B	17	1.0	0.7058823529411765	0.0
TMEM178A	17	1.0	1.0	0.058823529411764705
TMEM178B	17	1.0	1.0	0.9411764705882353
TMEM179B	17	1.0	1.0	0.0
TMEM18	17	1.0	1.0	0.0
TMEM181	17	0.9411764705882353	1.0	0.0
TMEM182	17	1.0	1.0	0.0
TMEM183A	17	1.0	1.0	0.0
TMEM184A	17	0.9411764705882353	0.7647058823529411	0.0
TMEM184B	17	0.9411764705882353	0.9411764705882353	0.0
TMEM184C	17	1.0	1.0	0.0
TMEM185A	17	1.0	1.0	0.0
TMEM185B	17	0.6470588235294118	0.7647058823529411	0.0
TMEM187	17	0.8235294117647058	0.8235294117647058	0.0
TMEM189	17	1.0	1.0	0.0
TMEM19	17	0.7058823529411765	0.9411764705882353	0.0
TMEM192	17	1.0	0.9411764705882353	0.0
TMEM199	17	1.0	1.0	0.0
TMEM201	17	1.0	1.0	0.0
TMEM202-AS1	17	0.8823529411764706	0.8235294117647058	0.0
TMEM205	17	0.9411764705882353	1.0	0.0
TMEM208	17	1.0	0.9411764705882353	0.0
TMEM209	17	0.9411764705882353	1.0	0.0
TMEM213	17	0.9411764705882353	1.0	0.0
TMEM214	17	0.9411764705882353	1.0	0.0
TMEM216	17	1.0	1.0	0.0
TMEM218	17	0.9411764705882353	0.9411764705882353	0.0
TMEM219	17	1.0	0.9411764705882353	0.0
TMEM220	17	0.7647058823529411	0.9411764705882353	0.0
TMEM220-AS1	17	1.0	1.0	0.0
TMEM222	17	1.0	0.7647058823529411	0.0
TMEM223	17	1.0	1.0	0.0
TMEM225B	17	0.8235294117647058	0.8235294117647058	0.0
TMEM229B	17	1.0	0.8235294117647058	0.0
TMEM230	17	1.0	1.0	0.0
TMEM231	17	1.0	0.9411764705882353	0.0
TMEM232	17	0.8235294117647058	0.8823529411764706	0.0
TMEM233	17	0.9411764705882353	1.0	0.0
TMEM234	17	0.9411764705882353	1.0	0.0
TMEM237	17	0.9411764705882353	0.8823529411764706	0.0
TMEM238	17	1.0	1.0	0.0
TMEM238L	17	1.0	1.0	0.0
TMEM241	17	1.0	1.0	0.9411764705882353
TMEM242	17	0.9411764705882353	0.9411764705882353	0.0
TMEM243	17	1.0	1.0	0.0
TMEM245	17	0.8235294117647058	0.9411764705882353	0.0
TMEM248	17	1.0	1.0	0.0
TMEM25	17	0.7647058823529411	0.9411764705882353	0.0
TMEM252-DT	17	1.0	0.9411764705882353	0.7647058823529411
TMEM254	17	1.0	0.9411764705882353	0.0
TMEM254-AS1	17	1.0	1.0	0.0
TMEM258	17	0.9411764705882353	1.0	0.0
TMEM259	17	0.9411764705882353	1.0	0.0
TMEM260	17	1.0	0.9411764705882353	0.0
TMEM263	17	1.0	0.9411764705882353	0.0
TMEM265	17	1.0	1.0	0.0
TMEM266	17	1.0	0.9411764705882353	0.0
TMEM267	17	1.0	1.0	0.0
TMEM268	17	1.0	1.0	0.0
TMEM30A	17	1.0	1.0	0.058823529411764705
TMEM30B	17	0.8823529411764706	0.9411764705882353	0.0
TMEM33	17	0.9411764705882353	0.9411764705882353	0.0
TMEM35B	17	0.7647058823529411	0.8235294117647058	0.0
TMEM37	17	0.8235294117647058	0.8235294117647058	0.0
TMEM38A	17	0.8235294117647058	0.8235294117647058	0.0
TMEM38B	17	1.0	1.0	0.0
TMEM39A	17	1.0	1.0	0.0
TMEM39B	17	1.0	1.0	0.058823529411764705
TMEM41A	17	1.0	1.0	0.0
TMEM41B	17	0.9411764705882353	0.9411764705882353	0.0
TMEM42	17	0.8235294117647058	0.7058823529411765	0.0
TMEM43	17	1.0	1.0	0.9411764705882353
TMEM44	17	1.0	1.0	0.0
TMEM44-AS1	17	1.0	1.0	0.0
TMEM45B	17	1.0	0.9411764705882353	0.0
TMEM50A	17	1.0	1.0	0.0
TMEM50B	17	1.0	1.0	0.0
TMEM51	17	0.9411764705882353	0.9411764705882353	0.0
TMEM51-AS1	17	0.9411764705882353	0.9411764705882353	0.058823529411764705
TMEM52B	17	0.9411764705882353	1.0	0.0
TMEM53	17	1.0	0.9411764705882353	0.0
TMEM59	17	0.9411764705882353	0.6470588235294118	0.0
TMEM60	17	0.8235294117647058	0.8235294117647058	0.0
TMEM62	17	0.9411764705882353	1.0	0.0
TMEM63A	17	1.0	1.0	0.0
TMEM63B	17	0.9411764705882353	0.9411764705882353	0.0
TMEM63C	17	1.0	1.0	0.0
TMEM64	17	0.7647058823529411	0.8823529411764706	0.0
TMEM65	17	0.7647058823529411	1.0	0.0
TMEM67	17	0.9411764705882353	1.0	0.0
TMEM68	17	0.9411764705882353	0.6470588235294118	0.0
TMEM69	17	1.0	1.0	0.0
TMEM72	17	1.0	1.0	0.0
TMEM72-AS1	17	1.0	1.0	0.0
TMEM80	17	0.7647058823529411	0.7058823529411765	0.0
TMEM86B	17	1.0	1.0	0.0
TMEM87A	17	0.9411764705882353	1.0	0.0
TMEM87B	17	1.0	1.0	0.058823529411764705
TMEM88	17	0.8235294117647058	0.8235294117647058	0.0
TMEM8A	17	0.9411764705882353	1.0	0.0
TMEM8B	17	0.9411764705882353	1.0	0.0
TMEM9	17	0.7647058823529411	0.9411764705882353	0.0
TMEM91	17	1.0	1.0	0.0
TMEM94	17	1.0	1.0	0.0
TMEM98	17	0.8235294117647058	0.8235294117647058	0.0
TMEM99	17	1.0	0.7647058823529411	0.0
TMEM9B	17	1.0	1.0	0.0
TMEM9B-AS1	17	0.9411764705882353	1.0	0.0
TMF1	17	1.0	1.0	0.0
TMLHE	17	0.9411764705882353	1.0	0.0
TMLHE-AS1	17	1.0	1.0	0.0
TMOD2	17	0.8235294117647058	1.0	0.0
TMOD3	17	1.0	1.0	0.9411764705882353
TMPO	17	1.0	0.9411764705882353	0.0
TMPRSS11D	17	1.0	1.0	0.0
TMPRSS12	17	0.8235294117647058	0.8235294117647058	0.0
TMPRSS2	17	0.8823529411764706	1.0	0.058823529411764705
TMPRSS4	17	1.0	1.0	1.0
TMPRSS5	17	0.8235294117647058	0.8235294117647058	0.0
TMPRSS9	17	0.9411764705882353	0.9411764705882353	0.0
TMSB4X	17	0.9411764705882353	1.0	0.0
TMTC1	17	1.0	1.0	0.0
TMTC2	17	0.9411764705882353	0.7647058823529411	0.0
TMTC3	17	1.0	1.0	0.0
TMTC4	17	0.9411764705882353	0.9411764705882353	0.0
TMUB1	17	1.0	1.0	0.0
TMUB2	17	1.0	1.0	0.0
TMX1	17	1.0	1.0	0.0
TMX2	17	1.0	1.0	0.0
TMX3	17	1.0	0.9411764705882353	0.0
TMX4	17	0.9411764705882353	1.0	0.0
TNC	17	1.0	1.0	0.0
TNFAIP1	17	1.0	1.0	0.0
TNFAIP2	17	0.9411764705882353	1.0	0.0
TNFAIP8	17	1.0	1.0	0.9411764705882353
TNFAIP8L1	17	0.8235294117647058	0.8235294117647058	0.0
TNFRSF10A	17	0.9411764705882353	1.0	0.058823529411764705
TNFRSF10B	17	1.0	1.0	0.35294117647058826
TNFRSF10C	17	0.7647058823529411	0.8235294117647058	0.0
TNFRSF10D	17	0.8823529411764706	1.0	0.0
TNFRSF11A	17	0.9411764705882353	1.0	0.0
TNFRSF11B	17	0.9411764705882353	1.0	0.0
TNFRSF12A	17	0.8823529411764706	0.8823529411764706	0.0
TNFRSF14	17	1.0	1.0	0.0
TNFRSF14-AS1	17	1.0	1.0	0.0
TNFRSF19	17	0.6470588235294118	1.0	0.0
TNFRSF1A	17	0.9411764705882353	0.9411764705882353	0.0
TNFRSF21	17	1.0	1.0	0.0
TNFRSF25	17	0.7647058823529411	1.0	0.0
TNFRSF6B	17	0.8823529411764706	0.9411764705882353	0.0
TNFSF10	17	0.9411764705882353	0.9411764705882353	0.0
TNFSF12	17	0.8235294117647058	0.6470588235294118	0.0
TNFSF13	17	0.9411764705882353	0.9411764705882353	0.0
TNFSF13B	17	1.0	0.9411764705882353	0.0
TNFSF15	17	0.9411764705882353	0.9411764705882353	0.0
TNIK	17	1.0	1.0	0.058823529411764705
TNIP1	17	1.0	0.9411764705882353	0.11764705882352941
TNIP2	17	0.9411764705882353	1.0	0.0
TNK1	17	1.0	0.9411764705882353	0.0
TNK2	17	1.0	1.0	0.0
TNKS	17	1.0	1.0	0.058823529411764705
TNKS1BP1	17	0.9411764705882353	1.0	0.0
TNKS2	17	1.0	1.0	0.0
TNNI3K	17	1.0	0.9411764705882353	0.0
TNPO1	17	1.0	1.0	0.0
TNPO2	17	1.0	1.0	0.0
TNPO3	17	0.9411764705882353	0.9411764705882353	0.058823529411764705
TNRC18	17	1.0	1.0	0.058823529411764705
TNRC6A	17	1.0	1.0	0.0
TNRC6B	17	0.8823529411764706	0.8235294117647058	0.0
TNRC6C	17	0.8235294117647058	1.0	0.0
TNRC6C-AS1	17	1.0	1.0	0.0
TNS1	17	1.0	1.0	0.0
TNS2	17	1.0	0.9411764705882353	0.0
TNS3	17	0.9411764705882353	0.9411764705882353	0.0
TNS4	17	1.0	1.0	0.0
TNXB	17	1.0	1.0	0.0
TOB1	17	1.0	1.0	0.058823529411764705
TOB1-AS1	17	1.0	1.0	0.11764705882352941
TOB2	17	0.7058823529411765	1.0	0.0
TOE1	17	1.0	1.0	0.0
TOGARAM1	17	1.0	1.0	0.0
TOLLIP	17	0.9411764705882353	1.0	0.0
TOM1	17	1.0	1.0	0.058823529411764705
TOM1L1	17	0.8823529411764706	1.0	0.0
TOM1L2	17	0.9411764705882353	0.9411764705882353	0.058823529411764705
TOMM20	17	0.9411764705882353	0.7647058823529411	0.0
TOMM34	17	1.0	1.0	0.0
TOMM40	17	0.8235294117647058	0.8823529411764706	0.0
TOMM6	17	1.0	1.0	0.0
TOMM7	17	1.0	1.0	0.0
TOMM70	17	1.0	0.8823529411764706	0.0
TONSL	17	0.7647058823529411	0.7647058823529411	0.0
TOP1	17	0.9411764705882353	0.9411764705882353	0.0
TOP1MT	17	1.0	0.8823529411764706	0.0
TOP2B	17	0.7058823529411765	0.9411764705882353	0.0
TOP3A	17	0.9411764705882353	0.7058823529411765	0.0
TOP3B	17	0.9411764705882353	1.0	0.0
TOPBP1	17	1.0	0.8235294117647058	0.0
TOPORS	17	1.0	1.0	0.0
TOR1A	17	0.8823529411764706	0.8823529411764706	0.0
TOR1AIP1	17	1.0	1.0	0.0
TOR1AIP2	17	0.9411764705882353	0.9411764705882353	0.0
TOR1B	17	1.0	1.0	0.0
TOR3A	17	1.0	1.0	0.0
TOX	17	1.0	1.0	0.0
TOX2	17	1.0	0.8823529411764706	0.0
TOX3	17	0.8235294117647058	1.0	0.0
TOX4	17	1.0	1.0	0.0
TP53	17	0.8235294117647058	1.0	0.0
TP53BP1	17	1.0	1.0	0.0
TP53BP2	17	0.9411764705882353	0.9411764705882353	0.11764705882352941
TP53I11	17	1.0	1.0	0.0
TP53I13	17	1.0	1.0	0.0
TP53I3	17	0.9411764705882353	0.8823529411764706	0.0
TP53INP1	17	0.9411764705882353	0.8823529411764706	0.0
TP53INP2	17	1.0	1.0	0.0
TP53TG1	17	1.0	0.7647058823529411	0.0
TP53TG5	17	0.9411764705882353	1.0	0.0
TP63	17	0.8235294117647058	0.8235294117647058	0.0
TPBG	17	0.9411764705882353	1.0	0.0
TPCN1	17	1.0	1.0	0.0
TPCN2	17	1.0	1.0	0.0
TPD52	17	0.9411764705882353	0.9411764705882353	0.0
TPD52L1	17	1.0	1.0	0.0
TPD52L2	17	1.0	1.0	0.11764705882352941
TPGS1	17	1.0	1.0	0.0
TPGS2	17	1.0	1.0	0.0
TPI1	17	1.0	1.0	0.0
TPK1	17	0.5294117647058824	0.7647058823529411	0.0
TPM1	17	1.0	1.0	0.0
TPM2	17	1.0	1.0	0.0
TPM3	17	1.0	1.0	0.0
TPM4	17	1.0	1.0	0.0
TPMT	17	0.9411764705882353	0.8823529411764706	0.0
TPP1	17	0.9411764705882353	0.8823529411764706	0.0
TPP2	17	0.9411764705882353	0.9411764705882353	0.0
TPPP	17	0.9411764705882353	0.9411764705882353	0.0
TPR	17	1.0	1.0	0.0
TPRA1	17	1.0	0.7647058823529411	0.0
TPRG1	17	1.0	1.0	0.0
TPRG1L	17	0.8235294117647058	0.7647058823529411	0.0
TPRKB	17	1.0	1.0	0.0
TPRN	17	1.0	0.9411764705882353	0.0
TPST1	17	1.0	1.0	0.0
TPST2	17	1.0	1.0	0.0
TPT1	17	0.9411764705882353	1.0	0.0
TPT1-AS1	17	1.0	1.0	0.11764705882352941
TPTE2	17	1.0	0.7058823529411765	0.0
TRA2A	17	1.0	1.0	0.0
TRA2B	17	1.0	1.0	0.058823529411764705
TRABD	17	0.9411764705882353	1.0	0.0
TRABD2B	17	1.0	1.0	0.0
TRADD	17	0.9411764705882353	0.9411764705882353	0.0
TRAF1	17	0.9411764705882353	0.9411764705882353	0.35294117647058826
TRAF2	17	1.0	1.0	0.0
TRAF3	17	1.0	1.0	0.11764705882352941
TRAF3IP1	17	1.0	1.0	0.0
TRAF3IP2	17	0.8235294117647058	0.9411764705882353	0.0
TRAF3IP2-AS1	17	1.0	1.0	0.0
TRAF4	17	1.0	1.0	0.0
TRAF5	17	1.0	1.0	0.0
TRAF6	17	0.8823529411764706	1.0	0.0
TRAF7	17	1.0	0.9411764705882353	0.0
TRAFD1	17	1.0	1.0	0.0
TRAK1	17	1.0	1.0	0.0
TRAK2	17	0.9411764705882353	0.9411764705882353	0.0
TRAM1	17	0.7647058823529411	1.0	0.0
TRAM2	17	0.8235294117647058	0.9411764705882353	0.0
TRAM2-AS1	17	1.0	1.0	0.0
TRANK1	17	0.5294117647058824	0.5882352941176471	0.0
TRAP1	17	1.0	1.0	0.0
TRAPPC10	17	0.9411764705882353	0.9411764705882353	0.0
TRAPPC11	17	1.0	1.0	0.0
TRAPPC12	17	0.7647058823529411	1.0	0.0
TRAPPC13	17	0.8823529411764706	1.0	0.0
TRAPPC2	17	0.7647058823529411	1.0	0.0
TRAPPC2L	17	0.7647058823529411	0.7647058823529411	0.0
TRAPPC3	17	1.0	1.0	0.0
TRAPPC4	17	1.0	1.0	0.0
TRAPPC6A	17	1.0	0.9411764705882353	0.0
TRAPPC6B	17	1.0	1.0	0.0
TRAPPC8	17	1.0	1.0	0.058823529411764705
TRAPPC9	17	1.0	0.9411764705882353	0.058823529411764705
TRDMT1	17	0.9411764705882353	1.0	0.0
TREH	17	0.8235294117647058	0.8235294117647058	0.0
TRERF1	17	0.7647058823529411	1.0	0.0
TRHDE	17	0.9411764705882353	0.7647058823529411	0.0
TRHDE-AS1	17	0.9411764705882353	1.0	0.0
TRIB1	17	1.0	1.0	0.0
TRIB2	17	0.9411764705882353	0.9411764705882353	0.0
TRIM11	17	0.8823529411764706	1.0	0.0
TRIM13	17	1.0	1.0	0.058823529411764705
TRIM14	17	1.0	1.0	0.11764705882352941
TRIM16	17	1.0	1.0	0.0
TRIM16L	17	0.9411764705882353	1.0	0.0
TRIM17	17	0.8235294117647058	0.8235294117647058	0.0
TRIM2	17	1.0	1.0	0.0
TRIM21	17	0.7647058823529411	0.8235294117647058	0.0
TRIM22	17	0.7058823529411765	1.0	0.0
TRIM23	17	1.0	1.0	0.0
TRIM24	17	0.8823529411764706	1.0	0.0
TRIM25	17	1.0	0.9411764705882353	0.0
TRIM26	17	1.0	1.0	0.0
TRIM27	17	1.0	0.9411764705882353	0.0
TRIM28	17	1.0	1.0	0.0
TRIM3	17	1.0	1.0	0.0
TRIM32	17	0.9411764705882353	1.0	0.0
TRIM33	17	0.7058823529411765	0.7647058823529411	0.0
TRIM34	17	0.9411764705882353	0.9411764705882353	0.0
TRIM35	17	0.8235294117647058	0.9411764705882353	0.0
TRIM37	17	1.0	0.9411764705882353	0.0
TRIM38	17	0.9411764705882353	0.8823529411764706	0.0
TRIM39	17	1.0	1.0	0.0
TRIM4	17	0.8235294117647058	0.8235294117647058	0.0
TRIM41	17	0.9411764705882353	1.0	0.0
TRIM44	17	1.0	1.0	0.0
TRIM45	17	1.0	0.8823529411764706	0.0
TRIM46	17	0.8235294117647058	0.8235294117647058	0.07142857142857142
TRIM5	17	1.0	0.7647058823529411	0.0
TRIM52	17	0.9411764705882353	1.0	0.0
TRIM55	17	0.9411764705882353	0.9411764705882353	0.11764705882352941
TRIM56	17	0.9411764705882353	1.0	0.0
TRIM59	17	1.0	0.9411764705882353	0.0
TRIM6	17	1.0	1.0	0.0
TRIM62	17	1.0	1.0	0.0
TRIM65	17	0.9411764705882353	0.9411764705882353	0.0
TRIM66	17	1.0	1.0	0.058823529411764705
TRIM68	17	1.0	0.7058823529411765	0.0
TRIM69	17	1.0	1.0	0.0
TRIM71	17	1.0	1.0	0.0
TRIM73	17	1.0	1.0	0.0
TRIM8	17	1.0	1.0	0.11764705882352941
TRIM9	17	1.0	1.0	0.0
TRIO	17	0.9411764705882353	1.0	0.17647058823529413
TRIOBP	17	0.9411764705882353	0.9411764705882353	0.0
TRIP10	17	0.6470588235294118	0.9411764705882353	0.0
TRIP11	17	1.0	1.0	0.0
TRIP12	17	1.0	1.0	0.11764705882352941
TRIP4	17	1.0	1.0	0.0
TRIP6	17	1.0	1.0	0.0
TRIQK	17	0.8823529411764706	1.0	0.0
TRIR	17	0.7058823529411765	0.7058823529411765	0.0
TRIT1	17	1.0	1.0	0.0
TRMO	17	0.8823529411764706	0.9411764705882353	0.0
TRMT1	17	1.0	1.0	0.0
TRMT10A	17	1.0	1.0	0.0
TRMT10B	17	1.0	1.0	0.0
TRMT10C	17	0.47058823529411764	0.8235294117647058	0.0
TRMT11	17	1.0	1.0	0.0
TRMT12	17	0.9411764705882353	1.0	0.0
TRMT13	17	1.0	1.0	0.0
TRMT1L	17	0.9411764705882353	0.7058823529411765	0.0
TRMT2A	17	1.0	0.9411764705882353	0.0
TRMT2B	17	1.0	0.7647058823529411	0.0
TRMT44	17	0.7647058823529411	1.0	0.0
TRMT5	17	1.0	1.0	0.0
TRMT6	17	1.0	1.0	0.0
TRMT61A	17	0.8235294117647058	0.8235294117647058	0.0
TRMT61B	17	0.9411764705882353	0.9411764705882353	0.0
TRMT9B	17	1.0	1.0	0.0
TRMU	17	1.0	1.0	0.0
TRNAU1AP	17	1.0	1.0	0.29411764705882354
TRNP1	17	0.9411764705882353	1.0	0.058823529411764705
TRNT1	17	1.0	1.0	0.0
TRO	17	0.9411764705882353	1.0	0.0
TRPA1	17	0.9411764705882353	0.9411764705882353	0.0
TRPC1	17	0.8823529411764706	1.0	0.0
TRPC4AP	17	0.9411764705882353	1.0	0.0
TRPM1	17	1.0	1.0	0.0
TRPM3	17	0.9411764705882353	1.0	0.0
TRPM4	17	1.0	1.0	0.0
TRPM5	17	1.0	1.0	0.0
TRPM6	17	1.0	1.0	0.058823529411764705
TRPM7	17	0.8823529411764706	1.0	0.0
TRPS1	17	0.8823529411764706	0.9411764705882353	0.0
TRPT1	17	1.0	1.0	0.0
TRPV1	17	1.0	1.0	0.0
TRPV3	17	0.8235294117647058	0.7647058823529411	0.0
TRPV4	17	1.0	1.0	0.058823529411764705
TRPV5	17	1.0	1.0	0.0
TRPV6	17	1.0	1.0	0.058823529411764705
TRRAP	17	1.0	0.9411764705882353	0.29411764705882354
TRUB1	17	0.9411764705882353	0.9411764705882353	0.0
TRUB2	17	1.0	0.8823529411764706	0.0
TSBP1	17	0.7647058823529411	0.9411764705882353	0.0
TSBP1-AS1	17	1.0	1.0	0.058823529411764705
TSC1	17	0.9411764705882353	1.0	0.0
TSC2	17	1.0	1.0	0.0
TSC22D1	17	0.9411764705882353	0.9411764705882353	0.0
TSC22D1-AS1	17	1.0	1.0	0.0
TSC22D2	17	1.0	1.0	0.0
TSC22D3	17	1.0	1.0	0.0
TSC22D4	17	0.8235294117647058	0.7647058823529411	0.0
TSEN15	17	0.7647058823529411	0.8235294117647058	0.0
TSEN2	17	0.9411764705882353	0.7647058823529411	0.0
TSEN34	17	1.0	1.0	0.0
TSEN54	17	1.0	1.0	0.0
TSFM	17	0.9411764705882353	0.29411764705882354	0.0
TSG101	17	0.8823529411764706	1.0	0.0
TSGA10	17	0.9411764705882353	0.9411764705882353	0.0
TSHR	17	0.7647058823529411	1.0	0.0
TSHZ1	17	1.0	1.0	0.0
TSHZ2	17	0.9411764705882353	1.0	0.0
TSHZ3	17	0.9411764705882353	1.0	0.0
TSIX	17	0.9411764705882353	0.9411764705882353	0.0
TSN	17	1.0	0.9411764705882353	0.0
TSNARE1	17	0.8823529411764706	0.8823529411764706	0.0
TSNAX	17	0.9411764705882353	0.7647058823529411	0.0
TSNAXIP1	17	0.9411764705882353	0.9411764705882353	0.0
TSPAN1	17	1.0	1.0	0.0
TSPAN10	17	0.9411764705882353	1.0	0.0
TSPAN12	17	1.0	1.0	0.0
TSPAN13	17	0.8235294117647058	0.8235294117647058	0.0
TSPAN14	17	1.0	1.0	0.9411764705882353
TSPAN15	17	0.9411764705882353	1.0	0.0
TSPAN17	17	0.7647058823529411	0.8823529411764706	0.0
TSPAN18	17	0.9411764705882353	0.9411764705882353	0.0
TSPAN3	17	0.9411764705882353	1.0	0.0
TSPAN31	17	1.0	1.0	0.0
TSPAN33	17	0.9411764705882353	0.9411764705882353	0.0
TSPAN4	17	0.7058823529411765	0.7647058823529411	0.0
TSPAN5	17	1.0	1.0	0.0
TSPAN6	17	1.0	1.0	0.0
TSPAN7	17	1.0	1.0	0.0
TSPAN8	17	0.8235294117647058	0.8235294117647058	0.0
TSPAN9	17	0.9411764705882353	1.0	0.0
TSPO	17	1.0	1.0	0.0
TSPOAP1	17	0.9411764705882353	1.0	0.0
TSPOAP1-AS1	17	0.9411764705882353	1.0	0.0
TSPYL1	17	1.0	1.0	0.0
TSPYL2	17	0.7647058823529411	1.0	0.0
TSPYL4	17	0.8823529411764706	1.0	0.0
TSPYL5	17	0.8235294117647058	0.7058823529411765	0.0
TSR1	17	0.9411764705882353	0.8823529411764706	0.0
TSR2	17	0.9411764705882353	1.0	0.0
TSR3	17	0.7647058823529411	0.8235294117647058	0.0
TSSC4	17	0.8823529411764706	1.0	0.0
TSSK3	17	1.0	1.0	0.0
TSTA3	17	0.8235294117647058	0.8235294117647058	0.0
TSTD1	17	0.7058823529411765	0.8823529411764706	0.0
TSTD2	17	1.0	1.0	0.0
TSTD3	17	0.8823529411764706	1.0	0.0
TTBK2	17	1.0	1.0	0.0
TTC1	17	0.8823529411764706	0.8235294117647058	0.0
TTC12	17	0.7058823529411765	1.0	0.0
TTC13	17	0.9411764705882353	0.8823529411764706	0.0
TTC14	17	0.9411764705882353	0.9411764705882353	0.0
TTC17	17	0.9411764705882353	0.9411764705882353	0.0
TTC19	17	1.0	0.7058823529411765	0.0
TTC21A	17	1.0	1.0	0.0
TTC21B	17	1.0	1.0	0.0
TTC21B-AS1	17	1.0	1.0	0.0
TTC22	17	1.0	1.0	0.0
TTC23	17	1.0	1.0	0.0
TTC23L	17	0.8235294117647058	0.9411764705882353	0.0
TTC25	17	0.8823529411764706	0.8823529411764706	0.0
TTC26	17	0.9411764705882353	0.9411764705882353	0.0
TTC27	17	1.0	1.0	0.0
TTC28	17	1.0	0.7058823529411765	0.0
TTC28-AS1	17	0.8823529411764706	1.0	0.0
TTC3	17	0.8235294117647058	1.0	0.0
TTC31	17	1.0	1.0	0.0
TTC32	17	0.9411764705882353	1.0	0.0
TTC33	17	1.0	0.8235294117647058	0.0
TTC34	17	0.9411764705882353	1.0	0.0
TTC37	17	0.9411764705882353	0.9411764705882353	0.0
TTC38	17	1.0	1.0	0.0
TTC39A	17	0.9411764705882353	1.0	0.0
TTC39A-AS1	17	0.9411764705882353	0.9411764705882353	0.0
TTC39B	17	1.0	1.0	0.11764705882352941
TTC39C	17	1.0	1.0	0.0
TTC4	17	1.0	1.0	0.0
TTC5	17	1.0	0.9411764705882353	0.0
TTC7A	17	0.9411764705882353	0.9411764705882353	0.11764705882352941
TTC7B	17	1.0	1.0	0.0
TTC8	17	1.0	0.9411764705882353	0.0
TTC9C	17	0.9411764705882353	1.0	0.0
TTF1	17	0.8235294117647058	1.0	0.0
TTF2	17	1.0	1.0	0.0
TTI1	17	1.0	1.0	0.0
TTI2	17	0.8235294117647058	0.8235294117647058	0.0
TTL	17	1.0	1.0	0.058823529411764705
TTLL1	17	0.9411764705882353	0.9411764705882353	0.0
TTLL10	17	0.9411764705882353	0.9411764705882353	0.0
TTLL11	17	1.0	1.0	0.0
TTLL12	17	1.0	1.0	0.0
TTLL3	17	1.0	1.0	0.0
TTLL4	17	0.9411764705882353	0.9411764705882353	0.0
TTLL5	17	1.0	1.0	0.0
TTLL6	17	1.0	1.0	0.0
TTLL7	17	1.0	0.9411764705882353	0.058823529411764705
TTLL9	17	0.9411764705882353	1.0	0.0
TTN	17	1.0	1.0	0.0
TTN-AS1	17	1.0	1.0	0.0
TTPAL	17	1.0	0.8823529411764706	0.0
TTTY10	17	1.0	1.0	0.0
TTTY14	17	1.0	0.9411764705882353	0.0
TTYH3	17	0.7058823529411765	0.9411764705882353	0.0
TUB	17	0.9411764705882353	0.7647058823529411	0.0
TUBA1A	17	1.0	0.9411764705882353	0.0
TUBA1B	17	1.0	0.9411764705882353	0.0
TUBA1C	17	1.0	1.0	0.7058823529411765
TUBA4A	17	1.0	1.0	0.0
TUBB	17	1.0	0.8823529411764706	0.0
TUBB4B	17	1.0	0.9411764705882353	0.0
TUBB6	17	0.9411764705882353	1.0	0.11764705882352941
TUBD1	17	1.0	0.8823529411764706	0.0
TUBE1	17	1.0	1.0	0.0
TUBG1	17	0.7647058823529411	0.8235294117647058	0.0
TUBG2	17	1.0	1.0	0.0
TUBGCP2	17	0.9411764705882353	1.0	0.0
TUBGCP3	17	1.0	0.9411764705882353	0.0
TUBGCP4	17	1.0	1.0	0.0
TUBGCP5	17	1.0	1.0	0.0
TUBGCP6	17	1.0	1.0	0.0
TUFM	17	1.0	1.0	0.35294117647058826
TUFT1	17	0.8235294117647058	0.9411764705882353	0.0
TUG1	17	1.0	1.0	0.0
TULP3	17	0.9411764705882353	0.9411764705882353	0.058823529411764705
TULP4	17	1.0	0.9411764705882353	0.11764705882352941
TUSC2	17	0.7647058823529411	0.5294117647058824	0.0
TUSC3	17	1.0	1.0	0.0
TUT1	17	1.0	1.0	0.0
TUT4	17	1.0	1.0	0.0
TUT7	17	1.0	1.0	0.0
TVP23B	17	1.0	0.8235294117647058	0.0
TVP23C	17	0.9411764705882353	0.9411764705882353	0.0
TWF1	17	1.0	1.0	0.0
TWISTNB	17	0.9411764705882353	1.0	0.0
TWSG1	17	1.0	1.0	0.29411764705882354
TXK	17	1.0	1.0	0.17647058823529413
TXLNA	17	1.0	0.6470588235294118	0.0
TXLNG	17	0.8823529411764706	1.0	0.0
TXN	17	0.9411764705882353	1.0	0.0
TXN2	17	0.8235294117647058	0.6470588235294118	0.0
TXNDC11	17	0.9411764705882353	1.0	0.0
TXNDC12	17	0.9411764705882353	0.8823529411764706	0.0
TXNDC15	17	0.9411764705882353	0.8823529411764706	0.0
TXNDC16	17	1.0	1.0	0.0
TXNDC5	17	0.9411764705882353	1.0	0.0
TXNDC9	17	0.9411764705882353	1.0	0.0
TXNIP	17	0.8823529411764706	1.0	0.0
TXNL1	17	1.0	1.0	0.0
TXNL4A	17	0.9411764705882353	1.0	0.0
TXNL4B	17	0.7058823529411765	1.0	0.0
TXNRD1	17	0.9411764705882353	1.0	0.0
TXNRD2	17	1.0	1.0	0.11764705882352941
TXNRD3	17	1.0	0.8823529411764706	0.0
TYK2	17	1.0	1.0	0.0
TYMP	17	0.8235294117647058	1.0	0.0
TYSND1	17	0.9411764705882353	0.8823529411764706	0.0
TYW1	17	0.9411764705882353	0.7647058823529411	0.0
TYW1B	17	0.9411764705882353	1.0	0.0
TYW3	17	0.7058823529411765	0.9411764705882353	0.0
TYW5	17	1.0	1.0	0.0
U2AF1	17	0.8823529411764706	0.8823529411764706	0.0
U2AF1L4	17	0.8823529411764706	0.9411764705882353	0.0
U2AF2	17	0.9411764705882353	1.0	0.0
U2SURP	17	1.0	1.0	0.0
U73166.1	17	0.8235294117647058	0.8235294117647058	0.0
U91319.1	17	0.7647058823529411	1.0	0.0
UACA	17	0.8823529411764706	0.9411764705882353	0.0
UAP1	17	1.0	1.0	0.0
UAP1L1	17	1.0	1.0	0.0
UBA1	17	0.7647058823529411	1.0	0.0
UBA2	17	1.0	0.8235294117647058	0.0
UBA3	17	1.0	0.8823529411764706	0.0
UBA5	17	1.0	1.0	0.0
UBA6	17	1.0	1.0	0.0
UBA6-AS1	17	1.0	1.0	0.058823529411764705
UBA7	17	1.0	1.0	0.0
UBAC1	17	0.6470588235294118	1.0	0.0
UBAC2	17	0.8235294117647058	0.8823529411764706	0.0
UBALD1	17	1.0	1.0	0.0
UBALD2	17	1.0	1.0	0.0
UBAP1	17	0.9411764705882353	0.9411764705882353	0.0
UBAP1L	17	1.0	1.0	0.058823529411764705
UBAP2	17	0.9411764705882353	0.9411764705882353	0.0
UBAP2L	17	1.0	1.0	0.0
UBASH3B	17	0.9411764705882353	1.0	0.0
UBC	17	0.8235294117647058	1.0	0.0
UBE2A	17	1.0	0.7647058823529411	0.0
UBE2B	17	1.0	1.0	0.0
UBE2D1	17	1.0	1.0	0.0
UBE2D2	17	1.0	1.0	0.058823529411764705
UBE2D3	17	1.0	1.0	0.0
UBE2D3-AS1	17	0.8823529411764706	0.8823529411764706	0.0
UBE2D4	17	1.0	1.0	0.0
UBE2E1	17	1.0	1.0	0.0
UBE2E2	17	1.0	1.0	0.9411764705882353
UBE2E3	17	0.9411764705882353	1.0	0.0
UBE2F	17	0.9411764705882353	0.9411764705882353	0.0
UBE2G1	17	0.8235294117647058	0.7647058823529411	0.0
UBE2G2	17	1.0	1.0	0.0
UBE2H	17	1.0	1.0	0.058823529411764705
UBE2I	17	1.0	1.0	0.0
UBE2J1	17	0.9411764705882353	1.0	0.0
UBE2J2	17	1.0	0.9411764705882353	0.0
UBE2K	17	1.0	1.0	0.0
UBE2L3	17	0.9411764705882353	0.9411764705882353	0.0
UBE2L6	17	0.7058823529411765	0.7647058823529411	0.0
UBE2M	17	1.0	1.0	0.0
UBE2N	17	1.0	1.0	0.0
UBE2O	17	1.0	1.0	0.058823529411764705
UBE2Q1	17	1.0	1.0	0.0
UBE2Q2	17	1.0	1.0	0.0
UBE2R2	17	1.0	1.0	0.058823529411764705
UBE2R2-AS1	17	0.7647058823529411	0.7647058823529411	0.0
UBE2V1	17	1.0	1.0	0.058823529411764705
UBE2V2	17	1.0	1.0	0.0
UBE2W	17	1.0	0.9411764705882353	0.0
UBE2Z	17	0.9411764705882353	0.9411764705882353	0.0
UBE3A	17	1.0	1.0	0.0
UBE3B	17	1.0	0.7647058823529411	0.0
UBE3C	17	1.0	1.0	0.11764705882352941
UBE3D	17	1.0	0.9411764705882353	0.058823529411764705
UBE4A	17	1.0	1.0	0.0
UBE4B	17	1.0	0.9411764705882353	0.0
UBFD1	17	1.0	0.9411764705882353	0.0
UBIAD1	17	1.0	1.0	0.0
UBL3	17	0.9411764705882353	1.0	0.0
UBL5	17	0.8235294117647058	0.8235294117647058	0.0
UBL7	17	0.7647058823529411	0.7058823529411765	0.0
UBL7-AS1	17	0.9411764705882353	0.6470588235294118	0.0
UBLCP1	17	1.0	0.8823529411764706	0.0
UBN1	17	1.0	1.0	0.0
UBN2	17	1.0	1.0	0.0
UBOX5	17	1.0	1.0	0.0
UBOX5-AS1	17	1.0	1.0	0.0
UBP1	17	0.8823529411764706	1.0	0.0
UBQLN1	17	0.7647058823529411	1.0	0.0
UBQLN2	17	1.0	1.0	0.0
UBQLN4	17	0.9411764705882353	0.8235294117647058	0.0
UBR1	17	0.9411764705882353	1.0	0.0
UBR2	17	1.0	1.0	0.058823529411764705
UBR3	17	0.8235294117647058	1.0	0.0
UBR4	17	0.9411764705882353	0.9411764705882353	0.058823529411764705
UBR5	17	0.9411764705882353	1.0	0.0
UBR5-AS1	17	0.9411764705882353	1.0	0.0
UBR7	17	1.0	1.0	0.0
UBTD1	17	1.0	0.8235294117647058	0.0
UBTD2	17	0.9411764705882353	0.8823529411764706	0.0
UBTF	17	1.0	1.0	0.0
UBXN1	17	1.0	1.0	0.0
UBXN10	17	0.9411764705882353	0.9411764705882353	0.0
UBXN11	17	0.6470588235294118	0.9411764705882353	0.0
UBXN2A	17	1.0	1.0	0.0
UBXN2B	17	0.9411764705882353	1.0	0.0
UBXN4	17	0.8235294117647058	0.9411764705882353	0.0
UBXN6	17	0.9411764705882353	0.8823529411764706	0.0
UBXN7	17	0.7058823529411765	1.0	0.0
UBXN8	17	0.8235294117647058	1.0	0.0
UCHL1	17	0.8235294117647058	1.0	0.0
UCHL3	17	0.9411764705882353	1.0	0.0
UCHL5	17	0.9411764705882353	0.9411764705882353	0.0
UCK1	17	0.9411764705882353	0.8823529411764706	0.0
UCK2	17	0.9411764705882353	0.8823529411764706	0.058823529411764705
UCKL1	17	0.8823529411764706	1.0	0.0
UCKL1-AS1	17	0.8235294117647058	0.8235294117647058	0.0
UCP2	17	1.0	1.0	0.0
UEVLD	17	0.9411764705882353	1.0	0.0
UFC1	17	0.7647058823529411	0.9411764705882353	0.0
UFD1	17	0.9411764705882353	0.9411764705882353	0.0
UFL1	17	1.0	0.9411764705882353	0.0
UFL1-AS1	17	0.9411764705882353	0.9411764705882353	0.0
UFM1	17	0.7647058823529411	0.9411764705882353	0.0
UFSP2	17	0.9411764705882353	1.0	0.0
UGCG	17	1.0	1.0	0.9411764705882353
UGDH	17	1.0	1.0	0.0
UGDH-AS1	17	1.0	1.0	0.0
UGGT1	17	1.0	1.0	0.058823529411764705
UGGT2	17	0.9411764705882353	1.0	0.0
UGP2	17	1.0	0.7058823529411765	0.0
UGT1A1	17	0.8823529411764706	0.9411764705882353	0.0
UGT1A6	17	1.0	1.0	0.0
UGT2A3	17	1.0	0.9411764705882353	0.11764705882352941
UGT2B7	17	1.0	1.0	0.4117647058823529
UGT3A1	17	0.9411764705882353	0.9411764705882353	0.0
UGT8	17	1.0	1.0	0.0
UHMK1	17	0.7647058823529411	0.7647058823529411	0.0
UHRF1BP1	17	1.0	1.0	0.0
UHRF1BP1L	17	0.9411764705882353	0.9411764705882353	0.0
UHRF2	17	1.0	1.0	0.0
UIMC1	17	0.9411764705882353	1.0	0.11764705882352941
ULK1	17	1.0	1.0	0.058823529411764705
ULK2	17	1.0	1.0	0.0
ULK3	17	1.0	1.0	0.0
ULK4	17	1.0	1.0	0.0
UMAD1	17	1.0	1.0	0.0
UMOD	17	1.0	1.0	0.0
UMPS	17	0.9411764705882353	0.9411764705882353	0.0
UNC119	17	1.0	1.0	0.0
UNC119B	17	0.7058823529411765	1.0	0.0
UNC13B	17	1.0	0.9411764705882353	0.11764705882352941
UNC13C	17	0.9411764705882353	0.9411764705882353	0.0
UNC13D	17	0.8823529411764706	1.0	0.0
UNC45A	17	0.8823529411764706	0.9411764705882353	0.0
UNC50	17	0.9411764705882353	0.8823529411764706	0.0
UNC5B	17	0.9411764705882353	1.0	0.0
UNC5C	17	0.8823529411764706	1.0	0.0
UNC5CL	17	1.0	1.0	0.0
UNC5D	17	0.9411764705882353	0.8235294117647058	0.0
UNC79	17	0.9411764705882353	0.8235294117647058	0.0
UNC80	17	0.8235294117647058	0.8235294117647058	0.0
UNC93B1	17	1.0	0.9411764705882353	0.0
UNG	17	1.0	1.0	0.058823529411764705
UNK	17	0.9411764705882353	0.9411764705882353	0.0
UNKL	17	1.0	0.9411764705882353	0.0
UPF1	17	0.9411764705882353	0.9411764705882353	0.0
UPF2	17	0.9411764705882353	1.0	0.0
UPF3A	17	1.0	1.0	0.0
UPF3B	17	1.0	1.0	0.0
UPK3BL1	17	0.8823529411764706	0.9411764705882353	0.0
UPP1	17	0.7647058823529411	0.9411764705882353	0.0
UPP2	17	0.9411764705882353	0.9411764705882353	0.0
UPRT	17	1.0	1.0	0.0
UQCC1	17	0.9411764705882353	1.0	0.0
UQCC2	17	1.0	1.0	0.0
UQCR11	17	0.8823529411764706	0.9411764705882353	0.0
UQCRB	17	1.0	1.0	0.0
UQCRC1	17	1.0	1.0	0.0
UQCRC2	17	1.0	0.8823529411764706	0.0
UQCRFS1	17	1.0	0.9411764705882353	0.0
UQCRH	17	0.9411764705882353	1.0	0.0
UQCRQ	17	0.8235294117647058	0.7647058823529411	0.0
URB1	17	0.9411764705882353	0.7647058823529411	0.0
URB2	17	1.0	1.0	0.0
URGCP	17	0.9411764705882353	0.9411764705882353	0.0
URI1	17	0.8823529411764706	0.9411764705882353	0.0
URM1	17	1.0	1.0	0.058823529411764705
UROD	17	0.7647058823529411	0.8235294117647058	0.0
UROS	17	0.9411764705882353	1.0	0.0
USB1	17	1.0	1.0	0.0
USE1	17	1.0	1.0	0.0
USF1	17	1.0	1.0	0.0
USF2	17	1.0	1.0	0.0
USF3	17	1.0	0.9411764705882353	0.0
USH1C	17	1.0	1.0	0.0
USH2A	17	1.0	1.0	0.0
USHBP1	17	0.9411764705882353	0.9411764705882353	0.0
USO1	17	1.0	1.0	0.0
USP1	17	0.8823529411764706	1.0	0.0
USP10	17	0.9411764705882353	0.9411764705882353	0.0
USP11	17	1.0	1.0	0.0
USP12	17	1.0	1.0	0.0
USP12-AS1	17	0.7647058823529411	0.8235294117647058	0.0
USP13	17	0.8823529411764706	1.0	0.0
USP14	17	1.0	1.0	0.11764705882352941
USP15	17	1.0	1.0	0.4117647058823529
USP16	17	1.0	0.7647058823529411	0.0
USP18	17	0.7647058823529411	0.6470588235294118	0.0
USP19	17	1.0	1.0	0.0
USP2	17	0.9411764705882353	1.0	0.0
USP2-AS1	17	0.9411764705882353	1.0	0.0
USP20	17	1.0	1.0	0.0
USP21	17	0.9411764705882353	1.0	0.0
USP22	17	1.0	1.0	0.0
USP24	17	1.0	0.8823529411764706	0.0
USP25	17	1.0	1.0	0.0
USP28	17	1.0	0.9411764705882353	0.0
USP3	17	1.0	1.0	0.0
USP3-AS1	17	1.0	1.0	0.058823529411764705
USP30	17	1.0	1.0	0.0
USP31	17	1.0	1.0	0.23529411764705882
USP32	17	0.9411764705882353	0.9411764705882353	0.0
USP33	17	0.9411764705882353	0.9411764705882353	0.0
USP34	17	1.0	1.0	0.11764705882352941
USP36	17	0.9411764705882353	1.0	0.0
USP37	17	1.0	1.0	0.0
USP38	17	1.0	1.0	0.0
USP39	17	0.9411764705882353	0.9411764705882353	0.0
USP4	17	0.9411764705882353	0.9411764705882353	0.0
USP40	17	0.8823529411764706	1.0	0.0
USP42	17	0.9411764705882353	1.0	0.0
USP43	17	0.9411764705882353	0.9411764705882353	0.0
USP44	17	1.0	0.6470588235294118	0.0
USP45	17	0.9411764705882353	1.0	0.0
USP46	17	1.0	1.0	0.058823529411764705
USP46-AS1	17	0.9411764705882353	1.0	0.0
USP47	17	0.9411764705882353	0.9411764705882353	0.0
USP48	17	1.0	1.0	0.0
USP49	17	0.9411764705882353	0.8823529411764706	0.0
USP5	17	1.0	1.0	0.0
USP50	17	0.9411764705882353	0.9411764705882353	0.0
USP51	17	1.0	1.0	0.0
USP53	17	0.9411764705882353	1.0	0.0
USP54	17	1.0	1.0	0.0
USP6NL	17	1.0	1.0	0.058823529411764705
USP7	17	1.0	1.0	0.0
USP8	17	0.9411764705882353	1.0	0.0
USP9X	17	0.8823529411764706	1.0	0.0
USP9Y	17	0.8235294117647058	0.7647058823529411	0.0
USPL1	17	1.0	1.0	0.0
UST	17	1.0	0.9411764705882353	0.0
UTP11	17	0.7647058823529411	1.0	0.0
UTP14A	17	1.0	1.0	0.058823529411764705
UTP15	17	0.9411764705882353	0.9411764705882353	0.0
UTP18	17	0.9411764705882353	0.8235294117647058	0.0
UTP20	17	1.0	0.9411764705882353	0.11764705882352941
UTP23	17	1.0	1.0	0.0
UTP25	17	0.9411764705882353	1.0	0.0
UTP3	17	1.0	0.8823529411764706	0.0
UTP4	17	0.9411764705882353	1.0	0.0
UTP6	17	0.7647058823529411	1.0	0.0
UTRN	17	0.9411764705882353	0.9411764705882353	0.0
UTY	17	0.8823529411764706	0.7647058823529411	0.0
UVRAG	17	0.9411764705882353	0.9411764705882353	0.0
UVSSA	17	1.0	1.0	0.0
UXS1	17	0.9411764705882353	1.0	0.0
UXT	17	0.9411764705882353	0.8823529411764706	0.0
VAC14	17	1.0	1.0	0.058823529411764705
VAMP2	17	1.0	1.0	0.11764705882352941
VAMP3	17	1.0	0.9411764705882353	0.0
VAMP4	17	0.9411764705882353	0.9411764705882353	0.0
VAMP7	17	1.0	1.0	0.0
VAMP8	17	1.0	0.8235294117647058	0.0
VANGL1	17	1.0	1.0	0.0
VANGL2	17	1.0	1.0	0.0
VAPA	17	0.8823529411764706	1.0	0.0
VAPB	17	1.0	0.9411764705882353	0.0
VARS	17	1.0	1.0	0.0
VARS2	17	1.0	1.0	0.0
VASH1	17	0.9411764705882353	0.9411764705882353	0.0
VASH1-AS1	17	1.0	1.0	0.0
VASN	17	1.0	1.0	0.0
VASP	17	1.0	1.0	0.11764705882352941
VAT1L	17	1.0	1.0	0.058823529411764705
VAV2	17	0.9411764705882353	0.9411764705882353	0.0
VAV3	17	1.0	0.7058823529411765	0.0
VBP1	17	0.9411764705882353	0.9411764705882353	0.0
VCAM1	17	0.8823529411764706	1.0	0.0
VCAN	17	1.0	1.0	0.11764705882352941
VCL	17	0.9411764705882353	0.9411764705882353	0.0
VCP	17	1.0	1.0	0.17647058823529413
VCPIP1	17	1.0	1.0	0.0
VCPKMT	17	1.0	0.9411764705882353	0.0
VDAC1	17	0.9411764705882353	1.0	0.0
VDAC2	17	1.0	1.0	0.0
VDAC3	17	0.9411764705882353	0.7647058823529411	0.0
VDR	17	1.0	1.0	0.0
VEGFA	17	1.0	1.0	0.058823529411764705
VEGFB	17	1.0	0.8235294117647058	0.0
VEGFC	17	1.0	1.0	0.0
VEPH1	17	0.8823529411764706	1.0	0.0
VEZF1	17	1.0	1.0	0.058823529411764705
VEZT	17	0.9411764705882353	1.0	0.0
VGLL3	17	1.0	1.0	0.0
VGLL4	17	1.0	1.0	0.0
VHL	17	0.9411764705882353	0.9411764705882353	0.0
VILL	17	0.8235294117647058	0.8235294117647058	0.0
VIM	17	1.0	1.0	0.0
VIM-AS1	17	1.0	1.0	0.11764705882352941
VIPAS39	17	1.0	0.8823529411764706	0.0
VIRMA	17	0.7058823529411765	1.0	0.0
VKORC1	17	1.0	1.0	0.0
VKORC1L1	17	1.0	1.0	0.058823529411764705
VLDLR	17	1.0	1.0	0.0
VLDLR-AS1	17	0.9411764705882353	1.0	0.0
VMA21	17	1.0	1.0	0.0
VMAC	17	0.9411764705882353	0.9411764705882353	0.0
VMP1	17	1.0	1.0	0.7647058823529411
VOPP1	17	1.0	1.0	0.058823529411764705
VPS11	17	1.0	1.0	0.0
VPS13A	17	1.0	1.0	0.0
VPS13B	17	1.0	1.0	0.0
VPS13B-DT	17	0.8823529411764706	1.0	0.0
VPS13C	17	0.8823529411764706	0.9411764705882353	0.0
VPS13D	17	1.0	0.9411764705882353	0.0
VPS16	17	1.0	1.0	0.0
VPS18	17	0.7058823529411765	1.0	0.0
VPS25	17	0.8823529411764706	0.9411764705882353	0.0
VPS26A	17	0.7058823529411765	0.8823529411764706	0.0
VPS26B	17	0.9411764705882353	1.0	0.0
VPS26C	17	1.0	1.0	0.0
VPS28	17	0.7058823529411765	1.0	0.0
VPS29	17	1.0	1.0	0.0
VPS33A	17	0.9411764705882353	1.0	0.0
VPS33B	17	1.0	1.0	0.0
VPS35	17	0.8235294117647058	0.9411764705882353	0.0
VPS35L	17	0.9411764705882353	0.9411764705882353	0.0
VPS36	17	1.0	1.0	0.0
VPS37A	17	1.0	0.6470588235294118	0.058823529411764705
VPS37B	17	0.9411764705882353	0.7647058823529411	0.0
VPS37C	17	0.9411764705882353	0.7058823529411765	0.0
VPS37D	17	1.0	0.7058823529411765	0.0
VPS39	17	1.0	0.9411764705882353	0.0
VPS41	17	1.0	1.0	0.0
VPS45	17	0.9411764705882353	0.9411764705882353	0.0
VPS4A	17	1.0	1.0	0.0
VPS4B	17	1.0	1.0	0.058823529411764705
VPS50	17	1.0	0.9411764705882353	0.0
VPS51	17	0.9411764705882353	0.8823529411764706	0.0
VPS52	17	1.0	1.0	0.0
VPS53	17	1.0	0.9411764705882353	0.0
VPS54	17	1.0	1.0	0.0
VPS72	17	1.0	1.0	0.0
VPS8	17	1.0	1.0	0.0
VPS9D1	17	0.8823529411764706	0.9411764705882353	0.0
VRK1	17	1.0	1.0	0.0
VRK2	17	1.0	1.0	0.0
VRK3	17	0.9411764705882353	0.9411764705882353	0.0
VSIG10	17	1.0	1.0	0.0
VSIG10L	17	0.8235294117647058	0.8235294117647058	0.0
VSTM4	17	0.9411764705882353	0.8823529411764706	0.0
VTA1	17	0.9411764705882353	1.0	0.0
VTCN1	17	1.0	1.0	0.0
VTI1A	17	1.0	1.0	0.058823529411764705
VTI1B	17	0.9411764705882353	0.8235294117647058	0.0
VWA1	17	1.0	0.8235294117647058	0.0
VWA2	17	0.8823529411764706	1.0	0.0
VWA5A	17	0.7058823529411765	0.9411764705882353	0.0
VWA5B1	17	1.0	1.0	0.0
VWA7	17	1.0	1.0	0.0
VWA8	17	1.0	1.0	0.0
VWC2L	17	1.0	1.0	0.0
VWDE	17	1.0	1.0	0.0
VWF	17	1.0	1.0	0.0
VXN	17	0.8235294117647058	0.8235294117647058	0.0
WAC	17	0.9411764705882353	1.0	0.0
WAC-AS1	17	1.0	0.9411764705882353	0.058823529411764705
WAPL	17	0.9411764705882353	0.9411764705882353	0.0
WARS	17	1.0	1.0	0.11764705882352941
WARS2	17	0.9411764705882353	1.0	0.0
WARS2-AS1	17	1.0	0.8235294117647058	0.0
WASF1	17	0.9411764705882353	1.0	0.0
WASF2	17	0.9411764705882353	0.9411764705882353	0.058823529411764705
WASF3	17	1.0	1.0	0.0
WASF3-AS1	17	1.0	0.9411764705882353	0.0
WASHC1	17	0.9411764705882353	1.0	0.0
WASHC2A	17	1.0	0.8235294117647058	0.0
WASHC2C	17	1.0	1.0	0.0
WASHC3	17	1.0	1.0	0.0
WASHC4	17	0.8823529411764706	1.0	0.0
WASHC5	17	1.0	0.9411764705882353	0.0
WASL	17	1.0	1.0	0.0
WBP1	17	1.0	1.0	0.0
WBP11	17	1.0	1.0	0.0
WBP1L	17	0.9411764705882353	0.8823529411764706	0.0
WBP2	17	0.8235294117647058	0.8823529411764706	0.0
WBP2NL	17	0.9411764705882353	0.9411764705882353	0.0
WBP4	17	1.0	1.0	0.0
WDFY1	17	0.9411764705882353	1.0	0.0
WDFY2	17	1.0	1.0	0.0
WDFY3	17	0.7647058823529411	0.9411764705882353	0.0
WDFY3-AS1	17	1.0	1.0	0.0
WDFY3-AS2	17	0.9411764705882353	0.7647058823529411	0.0
WDHD1	17	1.0	0.9411764705882353	0.0
WDPCP	17	0.9411764705882353	1.0	0.0
WDR1	17	0.9411764705882353	0.8823529411764706	0.0
WDR11	17	1.0	1.0	0.0
WDR11-AS1	17	1.0	1.0	0.0
WDR12	17	0.9411764705882353	1.0	0.0
WDR13	17	0.9411764705882353	1.0	0.0
WDR17	17	0.8823529411764706	0.7647058823529411	0.0
WDR18	17	0.8235294117647058	1.0	0.0
WDR19	17	0.8235294117647058	0.9411764705882353	0.0
WDR20	17	1.0	0.9411764705882353	0.058823529411764705
WDR24	17	1.0	1.0	0.0
WDR25	17	1.0	1.0	0.058823529411764705
WDR26	17	1.0	0.8235294117647058	0.0
WDR27	17	1.0	1.0	0.0
WDR3	17	0.9411764705882353	1.0	0.0
WDR31	17	1.0	1.0	0.0
WDR33	17	1.0	1.0	0.0
WDR34	17	1.0	1.0	0.0
WDR35	17	1.0	0.8235294117647058	0.0
WDR36	17	1.0	1.0	0.0
WDR37	17	1.0	0.9411764705882353	0.058823529411764705
WDR4	17	0.9411764705882353	0.9411764705882353	0.0
WDR41	17	0.6470588235294118	1.0	0.0
WDR43	17	1.0	1.0	0.0
WDR44	17	1.0	1.0	0.0
WDR45	17	1.0	1.0	0.0
WDR45B	17	0.9411764705882353	1.0	0.0
WDR46	17	1.0	1.0	0.0
WDR47	17	1.0	1.0	0.0
WDR48	17	0.9411764705882353	1.0	0.0
WDR5	17	0.9411764705882353	0.9411764705882353	0.0
WDR53	17	1.0	0.9411764705882353	0.0
WDR54	17	0.9411764705882353	0.9411764705882353	0.0
WDR55	17	0.9411764705882353	0.9411764705882353	0.0
WDR59	17	1.0	0.8235294117647058	0.0
WDR6	17	0.9411764705882353	1.0	0.0
WDR60	17	0.9411764705882353	0.9411764705882353	0.0
WDR61	17	1.0	1.0	0.0
WDR63	17	0.9411764705882353	1.0	0.0
WDR66	17	1.0	0.9411764705882353	0.0
WDR7	17	0.8823529411764706	0.7647058823529411	0.0
WDR70	17	0.9411764705882353	0.9411764705882353	0.0
WDR72	17	0.9411764705882353	0.9411764705882353	0.0
WDR73	17	0.7647058823529411	0.8235294117647058	0.0
WDR74	17	1.0	1.0	0.0
WDR75	17	1.0	1.0	0.0
WDR76	17	1.0	1.0	0.0
WDR77	17	1.0	1.0	0.0
WDR78	17	0.9411764705882353	1.0	0.0
WDR81	17	0.9411764705882353	0.47058823529411764	0.0
WDR82	17	1.0	1.0	0.0
WDR83	17	0.7647058823529411	1.0	0.0
WDR83OS	17	0.9411764705882353	0.8823529411764706	0.0
WDR88	17	0.8235294117647058	0.9411764705882353	0.0
WDR89	17	1.0	1.0	0.0
WDR90	17	1.0	1.0	0.0
WDR91	17	1.0	1.0	0.0
WDR92	17	1.0	1.0	0.0
WDR93	17	0.9411764705882353	1.0	0.0
WDR97	17	1.0	1.0	0.0
WDSUB1	17	1.0	0.8823529411764706	0.0
WDTC1	17	0.9411764705882353	1.0	0.0
WDYHV1	17	0.9411764705882353	1.0	0.0
WEE1	17	0.9411764705882353	0.9411764705882353	0.9411764705882353
WEE2-AS1	17	1.0	1.0	0.0
WFDC2	17	1.0	0.9411764705882353	0.0
WFIKKN1	17	1.0	1.0	0.0
WFS1	17	1.0	1.0	0.0
WHAMM	17	0.9411764705882353	1.0	0.0
WHRN	17	0.9411764705882353	1.0	0.11764705882352941
WIPF1	17	1.0	1.0	0.0
WIPF2	17	0.9411764705882353	0.9411764705882353	0.0
WIPF3	17	1.0	1.0	0.0
WIPI1	17	0.8823529411764706	1.0	0.0
WIPI2	17	0.9411764705882353	0.8823529411764706	0.0
WIZ	17	1.0	1.0	0.0
WLS	17	1.0	1.0	0.0
WNK1	17	0.9411764705882353	1.0	0.058823529411764705
WNK3	17	1.0	1.0	0.058823529411764705
WNK4	17	0.9411764705882353	1.0	0.0
WNT2B	17	0.9411764705882353	1.0	0.058823529411764705
WNT5B	17	0.8235294117647058	0.9411764705882353	0.0
WNT9A	17	1.0	1.0	0.17647058823529413
WNT9B	17	1.0	1.0	0.0
WRAP53	17	0.8235294117647058	0.8823529411764706	0.0
WRAP73	17	0.8823529411764706	0.8823529411764706	0.0
WRN	17	0.9411764705882353	0.9411764705882353	0.0
WRNIP1	17	1.0	1.0	0.17647058823529413
WSB1	17	0.9411764705882353	1.0	0.0
WSB2	17	0.7647058823529411	1.0	0.0
WTAP	17	0.8823529411764706	0.9411764705882353	0.0
WTIP	17	1.0	0.9411764705882353	0.0
WWC1	17	0.8823529411764706	1.0	0.0
WWC2	17	0.9411764705882353	0.9411764705882353	0.0
WWC3	17	0.9411764705882353	0.9411764705882353	0.0
WWC3-AS1	17	0.9411764705882353	1.0	0.0
WWOX	17	0.9411764705882353	0.9411764705882353	0.0
WWP1	17	1.0	1.0	0.0
WWP2	17	1.0	1.0	0.058823529411764705
WWTR1	17	1.0	1.0	0.0
XAB2	17	0.9411764705882353	1.0	0.0
XACT	17	0.8823529411764706	0.9411764705882353	0.0
XAF1	17	1.0	1.0	0.0
XBP1	17	0.8235294117647058	1.0	0.0
XDH	17	1.0	1.0	0.11764705882352941
XG	17	0.8235294117647058	0.7647058823529411	0.0
XIAP	17	1.0	1.0	0.0
XIST	17	0.9411764705882353	0.7647058823529411	0.0
XKR4	17	1.0	1.0	0.5294117647058824
XKR6	17	1.0	1.0	0.058823529411764705
XKR9	17	1.0	1.0	0.0
XPA	17	0.9411764705882353	1.0	0.0
XPC	17	0.9411764705882353	0.7647058823529411	0.0
XPNPEP1	17	0.9411764705882353	0.8235294117647058	0.0
XPNPEP3	17	1.0	0.8823529411764706	0.0
XPO1	17	1.0	0.9411764705882353	0.0
XPO4	17	1.0	0.8823529411764706	0.0
XPO5	17	0.7058823529411765	0.9411764705882353	0.0
XPO6	17	1.0	0.9411764705882353	0.058823529411764705
XPO7	17	1.0	0.9411764705882353	0.0
XPOT	17	0.8235294117647058	0.7058823529411765	0.0
XPR1	17	0.9411764705882353	1.0	0.0
XRCC1	17	1.0	1.0	0.0
XRCC2	17	0.8823529411764706	1.0	0.0
XRCC3	17	0.7647058823529411	1.0	0.0
XRCC4	17	1.0	1.0	0.0
XRCC5	17	1.0	1.0	0.058823529411764705
XRCC6	17	1.0	1.0	0.0
XRN1	17	1.0	0.9411764705882353	0.0
XRN2	17	0.9411764705882353	0.7647058823529411	0.0
XRRA1	17	1.0	0.7647058823529411	0.0
XXYLT1	17	1.0	0.8235294117647058	0.0
XYLB	17	0.6470588235294118	1.0	0.0
XYLT1	17	1.0	1.0	0.0
XYLT2	17	0.9411764705882353	1.0	0.0
YAE1	17	0.9411764705882353	0.9411764705882353	0.0
YAF2	17	0.8235294117647058	1.0	0.0
YAP1	17	1.0	1.0	0.0
YARS	17	0.9411764705882353	1.0	0.0
YARS2	17	1.0	1.0	0.0
YBEY	17	1.0	1.0	0.0
YBX1	17	1.0	1.0	0.058823529411764705
YBX3	17	1.0	1.0	0.0
YEATS2	17	0.8235294117647058	0.8823529411764706	0.0
YEATS4	17	1.0	1.0	0.0
YES1	17	1.0	1.0	0.0
YIF1A	17	1.0	1.0	0.0
YIF1B	17	0.9411764705882353	0.9411764705882353	0.058823529411764705
YIPF1	17	0.8823529411764706	0.8235294117647058	0.0
YIPF2	17	1.0	0.9411764705882353	0.0
YIPF3	17	0.47058823529411764	0.35294117647058826	0.0
YIPF4	17	0.9411764705882353	0.9411764705882353	0.0
YIPF5	17	0.7647058823529411	1.0	0.0
YIPF6	17	1.0	0.7647058823529411	0.0
YIPF7	17	0.8235294117647058	0.7647058823529411	0.0
YJEFN3	17	1.0	1.0	0.0
YJU2	17	0.9411764705882353	1.0	0.0
YKT6	17	0.8235294117647058	1.0	0.0
YLPM1	17	1.0	1.0	0.058823529411764705
YME1L1	17	0.8823529411764706	0.9411764705882353	0.0
YOD1	17	0.9411764705882353	0.9411764705882353	0.0
YPEL1	17	1.0	1.0	0.0
YPEL2	17	1.0	0.8823529411764706	0.0
YPEL3	17	0.8235294117647058	1.0	0.0
YPEL5	17	1.0	1.0	0.0
YTHDC1	17	1.0	1.0	0.11764705882352941
YTHDC2	17	0.9411764705882353	1.0	0.0
YTHDF1	17	1.0	0.9411764705882353	0.0
YTHDF2	17	1.0	1.0	0.0
YTHDF3	17	1.0	1.0	0.0
YWHAB	17	1.0	0.8823529411764706	0.0
YWHAE	17	0.9411764705882353	0.7647058823529411	0.0
YWHAG	17	1.0	1.0	0.0
YWHAH	17	0.6470588235294118	1.0	0.0
YWHAQ	17	0.9411764705882353	0.8823529411764706	0.0
YWHAZ	17	1.0	1.0	0.0
YY1	17	1.0	1.0	0.0
YY1AP1	17	0.9411764705882353	1.0	0.0
Z68871.1	17	1.0	1.0	0.0
Z69733.1	17	0.9411764705882353	0.8235294117647058	0.0
Z82215.1	17	0.9411764705882353	1.0	0.0
Z82217.1	17	0.9411764705882353	1.0	0.0
Z83745.1	17	0.7647058823529411	0.7647058823529411	0.0
Z83843.1	17	0.9411764705882353	1.0	0.0
Z84485.1	17	1.0	1.0	0.0
Z86062.2	17	0.8235294117647058	0.8235294117647058	0.0
Z93020.1	17	1.0	1.0	0.0
Z93403.1	17	1.0	1.0	0.0
Z93930.2	17	1.0	1.0	0.0
Z93943.1	17	0.9411764705882353	1.0	0.0
Z94721.1	17	1.0	1.0	0.0
Z94721.3	17	0.9411764705882353	0.9411764705882353	0.0
Z95118.2	17	1.0	0.9411764705882353	0.0
Z95331.1	17	0.9411764705882353	1.0	0.0
Z97832.2	17	1.0	1.0	0.0
Z98885.3	17	0.8235294117647058	0.8235294117647058	0.0
Z99127.1	17	0.9411764705882353	1.0	0.0
Z99572.1	17	0.9411764705882353	1.0	0.0
ZADH2	17	0.9411764705882353	0.9411764705882353	0.0
ZBBX	17	1.0	0.9411764705882353	0.0
ZBED1	17	1.0	1.0	0.0
ZBED3	17	1.0	0.9411764705882353	0.0
ZBED3-AS1	17	1.0	1.0	0.0
ZBED4	17	0.9411764705882353	1.0	0.0
ZBED5	17	1.0	1.0	0.0
ZBED5-AS1	17	1.0	0.9411764705882353	0.0
ZBED8	17	1.0	0.8235294117647058	0.0
ZBED9	17	1.0	0.9411764705882353	0.0
ZBTB1	17	0.9411764705882353	0.9411764705882353	0.0
ZBTB10	17	1.0	0.9411764705882353	0.0
ZBTB11	17	0.8823529411764706	1.0	0.0
ZBTB16	17	0.8235294117647058	0.8823529411764706	0.0
ZBTB17	17	0.8823529411764706	1.0	0.0
ZBTB18	17	1.0	1.0	0.0
ZBTB2	17	1.0	1.0	0.0
ZBTB20	17	0.9411764705882353	1.0	0.0
ZBTB20-AS1	17	1.0	1.0	0.11764705882352941
ZBTB20-AS2	17	1.0	1.0	0.0
ZBTB20-AS3	17	0.8235294117647058	0.8235294117647058	0.0
ZBTB20-AS5	17	1.0	1.0	0.0
ZBTB21	17	1.0	1.0	0.0
ZBTB24	17	1.0	1.0	0.0
ZBTB25	17	1.0	1.0	0.0
ZBTB26	17	1.0	0.7058823529411765	0.0
ZBTB34	17	1.0	0.9411764705882353	0.0
ZBTB37	17	1.0	1.0	0.0
ZBTB38	17	0.8823529411764706	0.8235294117647058	0.0
ZBTB4	17	1.0	1.0	0.0
ZBTB40	17	0.9411764705882353	1.0	0.0
ZBTB41	17	0.9411764705882353	0.9411764705882353	0.0
ZBTB43	17	0.9411764705882353	0.9411764705882353	0.0
ZBTB44	17	0.9411764705882353	0.9411764705882353	0.0
ZBTB44-DT	17	1.0	1.0	0.0
ZBTB45	17	0.8235294117647058	0.8823529411764706	0.0
ZBTB46	17	1.0	1.0	0.5294117647058824
ZBTB47	17	1.0	1.0	0.0
ZBTB48	17	1.0	0.9411764705882353	0.0
ZBTB49	17	1.0	0.9411764705882353	0.0
ZBTB5	17	1.0	1.0	0.0
ZBTB7A	17	0.9411764705882353	1.0	0.11764705882352941
ZBTB7B	17	1.0	1.0	0.0
ZBTB7C	17	1.0	0.8823529411764706	0.0
ZBTB8A	17	0.9411764705882353	1.0	0.0
ZBTB8OS	17	1.0	1.0	0.0
ZC2HC1A	17	0.8235294117647058	1.0	0.0
ZC2HC1C	17	0.9411764705882353	0.8823529411764706	0.0
ZC3H11A	17	1.0	0.9411764705882353	0.0
ZC3H12A	17	0.8235294117647058	1.0	0.0
ZC3H12B	17	1.0	1.0	0.0
ZC3H12C	17	0.8823529411764706	0.8823529411764706	0.0
ZC3H13	17	1.0	1.0	0.0
ZC3H14	17	0.9411764705882353	0.8235294117647058	0.0
ZC3H15	17	1.0	1.0	0.0
ZC3H18	17	1.0	0.9411764705882353	0.11764705882352941
ZC3H3	17	1.0	1.0	0.11764705882352941
ZC3H4	17	0.9411764705882353	1.0	0.0
ZC3H6	17	1.0	1.0	0.058823529411764705
ZC3H7A	17	1.0	0.8823529411764706	0.0
ZC3H7B	17	0.5882352941176471	1.0	0.0
ZC3H8	17	0.8823529411764706	0.9411764705882353	0.0
ZC3HAV1	17	0.9411764705882353	0.9411764705882353	0.0
ZC3HAV1L	17	0.6470588235294118	1.0	0.0
ZC3HC1	17	1.0	1.0	0.0
ZC4H2	17	1.0	1.0	0.0
ZCCHC10	17	1.0	0.8235294117647058	0.0
ZCCHC14	17	0.9411764705882353	0.9411764705882353	0.0
ZCCHC17	17	1.0	0.9411764705882353	0.0
ZCCHC2	17	0.9411764705882353	1.0	0.0
ZCCHC24	17	1.0	1.0	0.0
ZCCHC4	17	0.9411764705882353	0.9411764705882353	0.0
ZCCHC7	17	1.0	1.0	0.0
ZCCHC8	17	0.7647058823529411	0.9411764705882353	0.0
ZCCHC9	17	0.9411764705882353	0.9411764705882353	0.0
ZCRB1	17	1.0	1.0	0.0
ZCWPW1	17	0.8235294117647058	0.8235294117647058	0.0
ZCWPW2	17	0.9411764705882353	1.0	0.0
ZDBF2	17	1.0	1.0	0.0
ZDHHC1	17	1.0	0.9411764705882353	0.0
ZDHHC11	17	0.9411764705882353	0.9411764705882353	0.0
ZDHHC11B	17	0.9411764705882353	0.8235294117647058	0.0
ZDHHC13	17	1.0	1.0	0.9411764705882353
ZDHHC14	17	1.0	1.0	0.7058823529411765
ZDHHC15	17	1.0	0.8235294117647058	0.0
ZDHHC16	17	1.0	1.0	0.0
ZDHHC17	17	1.0	0.8823529411764706	0.0
ZDHHC18	17	0.9411764705882353	0.9411764705882353	0.058823529411764705
ZDHHC2	17	0.8235294117647058	1.0	0.0
ZDHHC20	17	1.0	1.0	0.0
ZDHHC21	17	1.0	1.0	0.0
ZDHHC23	17	1.0	1.0	0.0
ZDHHC24	17	0.6470588235294118	0.9411764705882353	0.0
ZDHHC3	17	1.0	0.9411764705882353	0.0
ZDHHC4	17	0.8823529411764706	0.9411764705882353	0.0
ZDHHC5	17	1.0	1.0	0.0
ZDHHC6	17	1.0	1.0	0.0
ZDHHC7	17	0.9411764705882353	0.9411764705882353	0.0
ZDHHC8	17	1.0	1.0	0.0
ZDHHC9	17	1.0	0.7058823529411765	0.0
ZEB1	17	1.0	1.0	0.9411764705882353
ZEB1-AS1	17	0.8235294117647058	0.8235294117647058	0.0
ZEB2	17	1.0	0.8823529411764706	0.0
ZER1	17	1.0	1.0	0.0
ZFAND1	17	1.0	1.0	0.0
ZFAND2B	17	0.8235294117647058	1.0	0.0
ZFAND3	17	1.0	0.9411764705882353	0.0
ZFAND4	17	1.0	1.0	0.0
ZFAND5	17	0.9411764705882353	1.0	0.0
ZFAND6	17	1.0	1.0	0.058823529411764705
ZFAS1	17	1.0	1.0	0.0
ZFAT	17	1.0	1.0	0.058823529411764705
ZFC3H1	17	1.0	0.9411764705882353	0.058823529411764705
ZFHX2	17	0.9411764705882353	1.0	0.0
ZFHX2-AS1	17	0.9411764705882353	1.0	0.0
ZFHX3	17	0.9411764705882353	1.0	0.0
ZFHX4	17	0.8235294117647058	0.7647058823529411	0.0
ZFP1	17	0.9411764705882353	0.8823529411764706	0.0
ZFP14	17	0.8235294117647058	0.6470588235294118	0.0
ZFP2	17	0.9411764705882353	0.9411764705882353	0.0
ZFP28	17	1.0	1.0	0.0
ZFP3	17	0.9411764705882353	0.8823529411764706	0.0
ZFP30	17	0.9411764705882353	0.8235294117647058	0.0
ZFP36	17	0.7647058823529411	1.0	0.0
ZFP36L1	17	1.0	1.0	0.0
ZFP36L2	17	0.8823529411764706	0.8235294117647058	0.0
ZFP37	17	1.0	0.7647058823529411	0.0
ZFP41	17	1.0	1.0	0.0
ZFP62	17	0.9411764705882353	1.0	0.0
ZFP64	17	1.0	1.0	0.0
ZFP69	17	0.8235294117647058	0.8235294117647058	0.0
ZFP82	17	0.9411764705882353	0.9411764705882353	0.0
ZFP90	17	1.0	1.0	0.0
ZFP91	17	0.9411764705882353	1.0	0.0
ZFPL1	17	1.0	1.0	0.0
ZFPM1	17	1.0	1.0	0.058823529411764705
ZFPM2	17	0.9411764705882353	0.9411764705882353	0.0
ZFPM2-AS1	17	1.0	1.0	0.17647058823529413
ZFR	17	0.9411764705882353	1.0	0.0
ZFX	17	0.7647058823529411	0.9411764705882353	0.0
ZFY	17	0.8823529411764706	0.8823529411764706	0.0
ZFY-AS1	17	1.0	1.0	0.0
ZFYVE1	17	0.8823529411764706	1.0	0.0
ZFYVE16	17	1.0	1.0	0.0
ZFYVE19	17	1.0	1.0	0.0
ZFYVE21	17	1.0	1.0	0.11764705882352941
ZFYVE26	17	0.9411764705882353	0.9411764705882353	0.0
ZFYVE27	17	1.0	0.9411764705882353	0.0
ZFYVE28	17	0.9411764705882353	0.9411764705882353	0.058823529411764705
ZFYVE9	17	1.0	1.0	0.0
ZGLP1	17	0.7647058823529411	0.8235294117647058	0.0
ZGPAT	17	1.0	0.9411764705882353	0.0
ZGRF1	17	1.0	1.0	0.0
ZHX1	17	1.0	1.0	0.058823529411764705
ZHX2	17	1.0	0.9411764705882353	0.11764705882352941
ZHX3	17	1.0	1.0	0.0
ZIK1	17	0.8235294117647058	0.7647058823529411	0.0
ZIM2	17	0.8823529411764706	0.9411764705882353	0.0
ZKSCAN1	17	0.8235294117647058	1.0	0.0
ZKSCAN2	17	0.9411764705882353	0.9411764705882353	0.0
ZKSCAN2-DT	17	1.0	1.0	0.0
ZKSCAN3	17	0.8823529411764706	0.9411764705882353	0.0
ZKSCAN4	17	0.7058823529411765	0.7647058823529411	0.0
ZKSCAN5	17	0.9411764705882353	1.0	0.0
ZKSCAN7	17	1.0	0.8235294117647058	0.0
ZKSCAN7-AS1	17	0.7058823529411765	0.9411764705882353	0.0
ZKSCAN8	17	0.8235294117647058	0.9411764705882353	0.0
ZMAT1	17	1.0	1.0	0.0
ZMAT2	17	1.0	1.0	0.0
ZMAT3	17	0.9411764705882353	0.9411764705882353	0.0
ZMAT4	17	0.8235294117647058	0.8235294117647058	0.0
ZMAT5	17	0.8235294117647058	0.47058823529411764	0.0
ZMIZ1	17	0.8235294117647058	0.8823529411764706	0.0
ZMIZ1-AS1	17	1.0	0.9411764705882353	0.0
ZMIZ2	17	0.9411764705882353	0.9411764705882353	0.0
ZMPSTE24	17	0.9411764705882353	1.0	0.0
ZMYM1	17	1.0	1.0	0.0
ZMYM2	17	0.7058823529411765	0.9411764705882353	0.0
ZMYM3	17	1.0	1.0	0.0
ZMYM4	17	1.0	0.9411764705882353	0.0
ZMYM4-AS1	17	1.0	1.0	0.0
ZMYM5	17	1.0	1.0	0.0
ZMYM6	17	0.9411764705882353	0.9411764705882353	0.0
ZMYND11	17	1.0	0.7058823529411765	0.0
ZMYND15	17	0.8235294117647058	0.8235294117647058	0.0
ZMYND19	17	1.0	1.0	0.0
ZMYND8	17	1.0	1.0	0.0
ZNF10	17	0.9411764705882353	1.0	0.058823529411764705
ZNF100	17	0.8823529411764706	1.0	0.0
ZNF101	17	1.0	1.0	0.0
ZNF106	17	1.0	1.0	0.0
ZNF107	17	1.0	0.9411764705882353	0.0
ZNF112	17	1.0	1.0	0.0
ZNF117	17	0.9411764705882353	1.0	0.0
ZNF12	17	1.0	1.0	0.0
ZNF121	17	1.0	1.0	0.0
ZNF124	17	0.7647058823529411	1.0	0.0
ZNF131	17	1.0	1.0	0.0
ZNF132	17	1.0	1.0	0.0
ZNF133	17	0.8823529411764706	0.9411764705882353	0.0
ZNF134	17	1.0	1.0	0.0
ZNF135	17	0.7058823529411765	1.0	0.0
ZNF136	17	0.7647058823529411	0.7647058823529411	0.0
ZNF138	17	0.9411764705882353	1.0	0.0
ZNF14	17	1.0	1.0	0.058823529411764705
ZNF140	17	1.0	1.0	0.0
ZNF141	17	0.8823529411764706	1.0	0.0
ZNF142	17	1.0	0.8823529411764706	0.0
ZNF143	17	1.0	1.0	0.0
ZNF146	17	1.0	1.0	0.0
ZNF148	17	0.7058823529411765	1.0	0.0
ZNF154	17	1.0	0.8823529411764706	0.0
ZNF155	17	1.0	1.0	0.0
ZNF157	17	1.0	1.0	0.0
ZNF16	17	1.0	1.0	0.0
ZNF160	17	0.9411764705882353	1.0	0.0
ZNF165	17	0.9411764705882353	0.9411764705882353	0.0
ZNF169	17	0.8235294117647058	1.0	0.0
ZNF17	17	1.0	0.8235294117647058	0.0
ZNF175	17	0.9411764705882353	0.9411764705882353	0.0
ZNF177	17	1.0	1.0	0.0
ZNF18	17	0.9411764705882353	0.9411764705882353	0.0
ZNF180	17	0.8235294117647058	0.9411764705882353	0.0
ZNF181	17	0.9411764705882353	0.8823529411764706	0.0
ZNF182	17	1.0	1.0	0.0
ZNF184	17	0.8235294117647058	0.4117647058823529	0.0
ZNF185	17	0.9411764705882353	0.9411764705882353	0.0
ZNF189	17	1.0	0.5882352941176471	0.0
ZNF19	17	0.8823529411764706	1.0	0.0
ZNF195	17	1.0	0.8823529411764706	0.0
ZNF197	17	1.0	0.9411764705882353	0.0
ZNF2	17	0.8235294117647058	0.9411764705882353	0.0
ZNF20	17	0.9411764705882353	0.7058823529411765	0.0
ZNF200	17	1.0	1.0	0.0
ZNF202	17	0.9411764705882353	1.0	0.0
ZNF205	17	0.8235294117647058	0.8235294117647058	0.0
ZNF207	17	1.0	1.0	0.0
ZNF208	17	1.0	1.0	0.0
ZNF211	17	1.0	1.0	0.0
ZNF212	17	0.9411764705882353	0.9411764705882353	0.0
ZNF213	17	0.8823529411764706	1.0	0.0
ZNF213-AS1	17	0.9411764705882353	0.9411764705882353	0.0
ZNF214	17	1.0	1.0	0.0
ZNF215	17	0.7058823529411765	0.8823529411764706	0.0
ZNF217	17	1.0	1.0	0.0
ZNF219	17	1.0	1.0	0.0
ZNF22	17	0.9411764705882353	1.0	0.0
ZNF221	17	1.0	1.0	0.0
ZNF223	17	1.0	0.9411764705882353	0.0
ZNF224	17	0.8235294117647058	1.0	0.0
ZNF225	17	1.0	1.0	0.0
ZNF226	17	1.0	1.0	0.0
ZNF227	17	0.9411764705882353	0.7058823529411765	0.0
ZNF229	17	0.9411764705882353	1.0	0.0
ZNF23	17	0.9411764705882353	0.8823529411764706	0.0
ZNF232	17	0.9411764705882353	0.9411764705882353	0.0
ZNF233	17	0.7647058823529411	0.7647058823529411	0.0
ZNF234	17	1.0	1.0	0.0
ZNF235	17	0.9411764705882353	0.9411764705882353	0.0
ZNF236	17	0.8823529411764706	1.0	0.0
ZNF236-DT	17	1.0	0.8823529411764706	0.0
ZNF239	17	0.8823529411764706	1.0	0.0
ZNF24	17	1.0	1.0	0.0
ZNF248	17	0.8823529411764706	0.8823529411764706	0.0
ZNF25	17	1.0	1.0	0.0
ZNF250	17	0.9411764705882353	0.9411764705882353	0.0
ZNF251	17	0.7647058823529411	0.9411764705882353	0.0
ZNF253	17	1.0	0.8823529411764706	0.0
ZNF254	17	1.0	1.0	0.058823529411764705
ZNF257	17	1.0	0.9411764705882353	0.0
ZNF26	17	1.0	0.9411764705882353	0.0
ZNF260	17	0.9411764705882353	0.8235294117647058	0.0
ZNF263	17	1.0	1.0	0.0
ZNF264	17	1.0	0.9411764705882353	0.0
ZNF266	17	1.0	1.0	0.0
ZNF267	17	1.0	1.0	0.0
ZNF268	17	0.9411764705882353	0.9411764705882353	0.0
ZNF273	17	0.8823529411764706	0.9411764705882353	0.0
ZNF274	17	0.9411764705882353	0.9411764705882353	0.0
ZNF275	17	0.9411764705882353	1.0	0.0
ZNF276	17	0.8823529411764706	0.8823529411764706	0.0
ZNF277	17	1.0	1.0	0.0
ZNF28	17	1.0	1.0	0.0
ZNF280C	17	1.0	0.7058823529411765	0.0
ZNF280D	17	0.7647058823529411	0.9411764705882353	0.0
ZNF281	17	1.0	1.0	0.0
ZNF282	17	1.0	1.0	0.0
ZNF283	17	1.0	0.8823529411764706	0.0
ZNF284	17	0.9411764705882353	0.9411764705882353	0.0
ZNF285	17	0.5882352941176471	0.8235294117647058	0.0
ZNF286A	17	0.7647058823529411	0.9411764705882353	0.0
ZNF287	17	1.0	0.9411764705882353	0.0
ZNF292	17	0.8823529411764706	1.0	0.0
ZNF3	17	1.0	1.0	0.0
ZNF30	17	1.0	1.0	0.0
ZNF300	17	0.7647058823529411	0.9411764705882353	0.0
ZNF302	17	0.9411764705882353	0.9411764705882353	0.0
ZNF304	17	1.0	1.0	0.0
ZNF311	17	0.8235294117647058	0.6470588235294118	0.0
ZNF316	17	1.0	1.0	0.0
ZNF317	17	0.9411764705882353	1.0	0.0
ZNF318	17	1.0	1.0	0.0
ZNF32	17	0.9411764705882353	0.9411764705882353	0.0
ZNF320	17	0.9411764705882353	0.9411764705882353	0.0
ZNF322	17	1.0	1.0	0.0
ZNF324	17	0.9411764705882353	0.9411764705882353	0.0
ZNF324B	17	1.0	1.0	0.0
ZNF326	17	0.9411764705882353	1.0	0.0
ZNF329	17	1.0	1.0	0.0
ZNF330	17	0.7647058823529411	0.8823529411764706	0.0
ZNF331	17	1.0	1.0	0.0
ZNF333	17	0.9411764705882353	0.7647058823529411	0.0
ZNF334	17	1.0	1.0	0.058823529411764705
ZNF335	17	1.0	0.8823529411764706	0.0
ZNF337	17	1.0	1.0	0.0
ZNF337-AS1	17	1.0	1.0	0.0
ZNF33A	17	1.0	1.0	0.0
ZNF33B	17	1.0	1.0	0.0
ZNF34	17	0.7647058823529411	0.8823529411764706	0.0
ZNF341	17	0.7647058823529411	0.9411764705882353	0.0
ZNF343	17	0.9411764705882353	0.29411764705882354	0.0
ZNF345	17	1.0	1.0	0.0
ZNF346	17	1.0	0.7647058823529411	0.0
ZNF347	17	0.8235294117647058	0.9411764705882353	0.0
ZNF35	17	0.9411764705882353	0.9411764705882353	0.0
ZNF350	17	1.0	0.9411764705882353	0.0
ZNF350-AS1	17	0.8823529411764706	1.0	0.0
ZNF354A	17	0.9411764705882353	1.0	0.0
ZNF354B	17	1.0	1.0	0.0
ZNF354C	17	0.8235294117647058	1.0	0.0
ZNF358	17	1.0	1.0	0.0
ZNF362	17	0.8823529411764706	0.8823529411764706	0.0
ZNF365	17	0.9411764705882353	0.9411764705882353	0.0
ZNF367	17	1.0	1.0	0.0
ZNF37A	17	0.8823529411764706	1.0	0.0
ZNF382	17	1.0	0.9411764705882353	0.0
ZNF383	17	1.0	0.9411764705882353	0.0
ZNF384	17	1.0	1.0	0.0
ZNF385B	17	1.0	1.0	0.0
ZNF385C	17	0.8235294117647058	0.8235294117647058	0.0
ZNF385D	17	0.9411764705882353	0.6470588235294118	0.0
ZNF391	17	1.0	0.6470588235294118	0.0
ZNF394	17	1.0	1.0	0.0
ZNF395	17	0.9411764705882353	0.9411764705882353	0.0
ZNF396	17	1.0	1.0	0.0
ZNF397	17	1.0	0.7058823529411765	0.0
ZNF398	17	1.0	1.0	0.0
ZNF404	17	0.9411764705882353	0.9411764705882353	0.0
ZNF407	17	1.0	1.0	0.11764705882352941
ZNF41	17	0.8235294117647058	1.0	0.0
ZNF410	17	1.0	1.0	0.0
ZNF414	17	0.9411764705882353	0.9411764705882353	0.0
ZNF415	17	1.0	1.0	0.0
ZNF417	17	1.0	1.0	0.0
ZNF418	17	0.9411764705882353	0.9411764705882353	0.0
ZNF419	17	0.9411764705882353	0.8235294117647058	0.0
ZNF420	17	0.9411764705882353	1.0	0.0
ZNF423	17	0.9411764705882353	0.9411764705882353	0.0
ZNF425	17	1.0	0.8823529411764706	0.0
ZNF426	17	0.8823529411764706	1.0	0.0
ZNF428	17	1.0	1.0	0.0
ZNF429	17	1.0	1.0	0.0
ZNF43	17	1.0	1.0	0.0
ZNF430	17	1.0	0.9411764705882353	0.11764705882352941
ZNF431	17	1.0	1.0	0.11764705882352941
ZNF432	17	0.8235294117647058	1.0	0.0
ZNF433	17	1.0	1.0	0.058823529411764705
ZNF433-AS1	17	1.0	1.0	0.0
ZNF436-AS1	17	0.8235294117647058	0.7647058823529411	0.0
ZNF438	17	1.0	1.0	0.058823529411764705
ZNF439	17	0.9411764705882353	0.9411764705882353	0.0
ZNF44	17	1.0	1.0	0.0
ZNF440	17	0.9411764705882353	1.0	0.058823529411764705
ZNF441	17	0.9411764705882353	0.6470588235294118	0.0
ZNF442	17	1.0	1.0	0.0
ZNF443	17	1.0	1.0	0.0
ZNF444	17	0.9411764705882353	1.0	0.0
ZNF445	17	1.0	1.0	0.0
ZNF446	17	0.8823529411764706	0.7058823529411765	0.0
ZNF449	17	1.0	1.0	0.0
ZNF45	17	0.9411764705882353	1.0	0.0
ZNF451	17	0.47058823529411764	0.8823529411764706	0.0
ZNF451-AS1	17	1.0	1.0	0.0
ZNF454	17	0.7647058823529411	0.9411764705882353	0.0
ZNF460	17	1.0	1.0	0.0
ZNF460-AS1	17	0.9411764705882353	0.9411764705882353	0.0
ZNF461	17	0.9411764705882353	0.8823529411764706	0.0
ZNF462	17	0.9411764705882353	0.9411764705882353	0.0
ZNF467	17	1.0	1.0	0.0
ZNF470	17	1.0	1.0	0.0
ZNF471	17	1.0	1.0	0.058823529411764705
ZNF473	17	0.9411764705882353	0.8823529411764706	0.0
ZNF48	17	0.8235294117647058	0.7647058823529411	0.0
ZNF480	17	1.0	1.0	0.0
ZNF483	17	1.0	1.0	0.0
ZNF484	17	0.8823529411764706	0.9411764705882353	0.0
ZNF485	17	1.0	1.0	0.0
ZNF486	17	1.0	0.7058823529411765	0.0
ZNF487	17	1.0	0.8823529411764706	0.0
ZNF490	17	0.9411764705882353	1.0	0.0
ZNF491	17	0.8823529411764706	1.0	0.0
ZNF492	17	1.0	0.8235294117647058	0.0
ZNF493	17	0.9411764705882353	1.0	0.0
ZNF496	17	1.0	0.9411764705882353	0.0
ZNF497	17	1.0	0.8823529411764706	0.0
ZNF500	17	1.0	1.0	0.0
ZNF502	17	0.9411764705882353	0.7647058823529411	0.0
ZNF503	17	1.0	1.0	0.0
ZNF503-AS1	17	1.0	0.9411764705882353	0.0
ZNF503-AS2	17	1.0	1.0	0.0
ZNF506	17	0.8823529411764706	1.0	0.0
ZNF507	17	0.7647058823529411	1.0	0.0
ZNF510	17	0.7647058823529411	1.0	0.0
ZNF511	17	0.8235294117647058	0.7647058823529411	0.0
ZNF512	17	1.0	1.0	0.0
ZNF512B	17	1.0	1.0	0.0
ZNF513	17	1.0	1.0	0.0
ZNF514	17	0.8235294117647058	1.0	0.0
ZNF516	17	1.0	0.9411764705882353	0.0
ZNF517	17	0.9411764705882353	0.9411764705882353	0.0
ZNF518A	17	1.0	1.0	0.0
ZNF518B	17	0.8235294117647058	1.0	0.0
ZNF519	17	1.0	0.9411764705882353	0.0
ZNF521	17	0.9411764705882353	1.0	0.0
ZNF525	17	1.0	1.0	0.0
ZNF526	17	0.8235294117647058	0.8235294117647058	0.0
ZNF527	17	1.0	1.0	0.0
ZNF528	17	0.8235294117647058	0.9411764705882353	0.0
ZNF528-AS1	17	1.0	1.0	0.0
ZNF529	17	1.0	1.0	0.0
ZNF529-AS1	17	1.0	1.0	0.0
ZNF532	17	1.0	1.0	0.058823529411764705
ZNF540	17	1.0	1.0	0.0
ZNF543	17	0.7647058823529411	0.6470588235294118	0.0
ZNF544	17	0.9411764705882353	0.9411764705882353	0.0
ZNF546	17	1.0	1.0	0.0
ZNF547	17	1.0	0.8823529411764706	0.0
ZNF548	17	0.9411764705882353	1.0	0.0
ZNF549	17	1.0	1.0	0.058823529411764705
ZNF550	17	1.0	1.0	0.0
ZNF551	17	1.0	1.0	0.0
ZNF552	17	0.9411764705882353	0.9411764705882353	0.0
ZNF554	17	1.0	1.0	0.0
ZNF555	17	1.0	1.0	0.0
ZNF556	17	1.0	1.0	0.0
ZNF557	17	1.0	1.0	0.0
ZNF558	17	1.0	1.0	0.0
ZNF559	17	1.0	1.0	0.0
ZNF561	17	0.9411764705882353	0.9411764705882353	0.0
ZNF561-AS1	17	1.0	1.0	0.0
ZNF562	17	0.9411764705882353	1.0	0.0
ZNF563	17	1.0	0.7058823529411765	0.0
ZNF564	17	1.0	1.0	0.0
ZNF565	17	0.9411764705882353	1.0	0.0
ZNF566	17	0.9411764705882353	0.9411764705882353	0.0
ZNF567	17	0.7647058823529411	1.0	0.0
ZNF568	17	0.9411764705882353	0.9411764705882353	0.0
ZNF569	17	1.0	0.9411764705882353	0.058823529411764705
ZNF57	17	1.0	0.8823529411764706	0.0
ZNF570	17	1.0	1.0	0.0
ZNF571	17	1.0	1.0	0.0
ZNF573	17	1.0	0.9411764705882353	0.0
ZNF576	17	1.0	1.0	0.0
ZNF577	17	1.0	1.0	0.0
ZNF578	17	1.0	0.8235294117647058	0.0
ZNF579	17	0.8235294117647058	0.8235294117647058	0.0
ZNF580	17	0.8823529411764706	1.0	0.0
ZNF582	17	1.0	1.0	0.0
ZNF582-AS1	17	0.8235294117647058	0.8235294117647058	0.0
ZNF583	17	1.0	1.0	0.0
ZNF584	17	0.9411764705882353	0.8235294117647058	0.0
ZNF585A	17	1.0	1.0	0.0
ZNF585B	17	0.8823529411764706	0.9411764705882353	0.0
ZNF586	17	0.9411764705882353	0.9411764705882353	0.0
ZNF587	17	1.0	0.9411764705882353	0.0
ZNF587B	17	1.0	0.8823529411764706	0.0
ZNF589	17	1.0	1.0	0.0
ZNF592	17	1.0	1.0	0.0
ZNF594	17	1.0	1.0	0.8235294117647058
ZNF595	17	1.0	1.0	0.0
ZNF596	17	0.9411764705882353	0.9411764705882353	0.0
ZNF598	17	1.0	1.0	0.0
ZNF600	17	1.0	1.0	0.0
ZNF605	17	1.0	1.0	0.0
ZNF606	17	0.9411764705882353	0.9411764705882353	0.0
ZNF607	17	0.9411764705882353	0.8235294117647058	0.0
ZNF608	17	0.7647058823529411	0.9411764705882353	0.0
ZNF609	17	0.9411764705882353	0.9411764705882353	0.0
ZNF610	17	1.0	0.8823529411764706	0.0
ZNF611	17	1.0	1.0	0.0
ZNF613	17	0.8823529411764706	0.9411764705882353	0.0
ZNF614	17	1.0	1.0	0.0
ZNF615	17	1.0	1.0	0.0
ZNF616	17	1.0	1.0	0.0
ZNF618	17	1.0	1.0	0.058823529411764705
ZNF620	17	0.7647058823529411	1.0	0.0
ZNF621	17	1.0	1.0	0.0
ZNF622	17	0.9411764705882353	1.0	0.0
ZNF623	17	0.8235294117647058	0.8823529411764706	0.0
ZNF624	17	0.9411764705882353	1.0	0.0
ZNF625	17	1.0	0.9411764705882353	0.0
ZNF626	17	1.0	0.8823529411764706	0.0
ZNF627	17	1.0	1.0	0.058823529411764705
ZNF629	17	1.0	1.0	0.0
ZNF630	17	1.0	1.0	0.0
ZNF638	17	1.0	1.0	0.0
ZNF639	17	1.0	1.0	0.0
ZNF641	17	1.0	1.0	0.0
ZNF644	17	1.0	1.0	0.0
ZNF649	17	1.0	1.0	0.0
ZNF652	17	1.0	0.9411764705882353	0.0
ZNF653	17	0.9411764705882353	0.9411764705882353	0.0
ZNF654	17	0.8823529411764706	1.0	0.0
ZNF655	17	1.0	1.0	0.0
ZNF658	17	0.9411764705882353	1.0	0.0
ZNF66	17	1.0	1.0	0.0
ZNF660	17	1.0	0.8235294117647058	0.0
ZNF662	17	0.8823529411764706	0.9411764705882353	0.0
ZNF664	17	1.0	1.0	0.0
ZNF665	17	0.9411764705882353	1.0	0.0
ZNF667	17	0.9411764705882353	0.7647058823529411	0.0
ZNF667-AS1	17	0.8235294117647058	1.0	0.0
ZNF669	17	0.7647058823529411	0.7647058823529411	0.0
ZNF670	17	1.0	0.9411764705882353	0.0
ZNF671	17	0.9411764705882353	0.8823529411764706	0.0
ZNF672	17	1.0	1.0	0.0
ZNF674	17	1.0	1.0	0.0
ZNF675	17	0.8823529411764706	0.9411764705882353	0.0
ZNF676	17	1.0	0.8823529411764706	0.0
ZNF677	17	0.7058823529411765	0.7647058823529411	0.0
ZNF678	17	1.0	1.0	0.0
ZNF680	17	1.0	0.9411764705882353	0.0
ZNF681	17	1.0	0.8235294117647058	0.0
ZNF682	17	1.0	0.9411764705882353	0.058823529411764705
ZNF684	17	1.0	0.7647058823529411	0.0
ZNF687	17	0.9411764705882353	0.8823529411764706	0.0
ZNF688	17	0.8235294117647058	0.8235294117647058	0.0
ZNF689	17	0.8235294117647058	0.8235294117647058	0.0
ZNF69	17	1.0	1.0	0.0
ZNF691	17	0.7058823529411765	0.7647058823529411	0.0
ZNF692	17	0.9411764705882353	0.9411764705882353	0.0
ZNF695	17	0.9411764705882353	1.0	0.0
ZNF696	17	1.0	0.9411764705882353	0.0
ZNF697	17	0.8235294117647058	0.9411764705882353	0.0
ZNF699	17	0.9411764705882353	1.0	0.0
ZNF7	17	1.0	1.0	0.0
ZNF70	17	1.0	0.7058823529411765	0.0
ZNF700	17	0.9411764705882353	0.9411764705882353	0.0
ZNF701	17	0.7647058823529411	0.9411764705882353	0.0
ZNF704	17	1.0	1.0	0.058823529411764705
ZNF706	17	1.0	1.0	0.0
ZNF707	17	1.0	1.0	0.0
ZNF708	17	0.9411764705882353	1.0	0.0
ZNF709	17	1.0	1.0	0.0
ZNF71	17	1.0	1.0	0.0
ZNF710	17	1.0	1.0	0.0
ZNF710-AS1	17	1.0	1.0	0.0
ZNF711	17	0.9411764705882353	1.0	0.0
ZNF713	17	0.7647058823529411	1.0	0.0
ZNF714	17	0.9411764705882353	1.0	0.0
ZNF717	17	0.9411764705882353	1.0	0.0
ZNF718	17	0.8235294117647058	1.0	0.0
ZNF720	17	0.8823529411764706	0.8823529411764706	0.0
ZNF721	17	1.0	1.0	0.0
ZNF724	17	0.9411764705882353	0.9411764705882353	0.0
ZNF726	17	0.9411764705882353	1.0	0.0
ZNF727	17	0.9411764705882353	0.9411764705882353	0.0
ZNF728	17	1.0	1.0	0.058823529411764705
ZNF730	17	1.0	0.9411764705882353	0.0
ZNF736	17	0.9411764705882353	1.0	0.0
ZNF737	17	1.0	1.0	0.058823529411764705
ZNF738	17	1.0	0.7058823529411765	0.058823529411764705
ZNF74	17	0.8235294117647058	1.0	0.0
ZNF740	17	1.0	1.0	0.0
ZNF746	17	0.9411764705882353	0.8235294117647058	0.0
ZNF749	17	0.9411764705882353	1.0	0.0
ZNF75A	17	1.0	1.0	0.0
ZNF75D	17	0.9411764705882353	0.7647058823529411	0.0
ZNF76	17	1.0	1.0	0.0
ZNF761	17	1.0	1.0	0.0
ZNF763	17	1.0	0.8823529411764706	0.0
ZNF764	17	0.9411764705882353	0.7058823529411765	0.0
ZNF765	17	0.9411764705882353	1.0	0.0
ZNF766	17	0.9411764705882353	0.9411764705882353	0.0
ZNF768	17	1.0	0.9411764705882353	0.0
ZNF77	17	1.0	1.0	0.0
ZNF770	17	0.8235294117647058	0.9411764705882353	0.0
ZNF771	17	0.9411764705882353	0.7647058823529411	0.0
ZNF772	17	0.9411764705882353	0.8823529411764706	0.0
ZNF773	17	0.9411764705882353	0.9411764705882353	0.0
ZNF774	17	1.0	0.8235294117647058	0.0
ZNF775	17	0.9411764705882353	0.9411764705882353	0.0
ZNF776	17	1.0	1.0	0.0
ZNF777	17	0.8235294117647058	1.0	0.0
ZNF778	17	1.0	1.0	0.0
ZNF780A	17	0.9411764705882353	0.9411764705882353	0.0
ZNF780B	17	1.0	1.0	0.0
ZNF782	17	1.0	1.0	0.0
ZNF783	17	1.0	1.0	0.0
ZNF785	17	1.0	1.0	0.0
ZNF786	17	1.0	0.9411764705882353	0.0
ZNF787	17	1.0	1.0	0.058823529411764705
ZNF789	17	1.0	1.0	0.0
ZNF79	17	0.9411764705882353	1.0	0.0
ZNF790	17	0.9411764705882353	1.0	0.0
ZNF790-AS1	17	1.0	1.0	0.0
ZNF791	17	1.0	1.0	0.0
ZNF793	17	1.0	1.0	0.0
ZNF799	17	0.7647058823529411	0.5294117647058824	0.0
ZNF8	17	0.8823529411764706	0.9411764705882353	0.0
ZNF800	17	0.8235294117647058	1.0	0.0
ZNF804B	17	1.0	1.0	0.0
ZNF805	17	1.0	1.0	0.0
ZNF808	17	0.8823529411764706	0.9411764705882353	0.0
ZNF81	17	1.0	0.8823529411764706	0.0
ZNF813	17	1.0	1.0	0.0
ZNF814	17	0.9411764705882353	0.7647058823529411	0.0
ZNF816	17	0.8235294117647058	1.0	0.0
ZNF821	17	1.0	0.7647058823529411	0.0
ZNF823	17	1.0	0.8823529411764706	0.0
ZNF827	17	1.0	1.0	0.0
ZNF829	17	0.8235294117647058	0.9411764705882353	0.0
ZNF83	17	1.0	0.9411764705882353	0.11764705882352941
ZNF830	17	1.0	1.0	0.0
ZNF836	17	1.0	1.0	0.0
ZNF837	17	1.0	0.8823529411764706	0.0
ZNF839	17	1.0	1.0	0.0
ZNF84	17	0.9411764705882353	1.0	0.0
ZNF841	17	1.0	1.0	0.0
ZNF844	17	1.0	1.0	0.0
ZNF845	17	0.8823529411764706	1.0	0.0
ZNF846	17	0.7058823529411765	0.9411764705882353	0.0
ZNF85	17	0.9411764705882353	0.9411764705882353	0.0
ZNF850	17	1.0	1.0	0.0
ZNF852	17	0.8823529411764706	0.8823529411764706	0.0
ZNF862	17	1.0	1.0	0.0
ZNF865	17	1.0	1.0	0.0
ZNF875	17	0.9411764705882353	1.0	0.0
ZNF879	17	1.0	1.0	0.0
ZNF880	17	1.0	1.0	0.0
ZNF883	17	1.0	1.0	0.0
ZNF888	17	0.9411764705882353	0.9411764705882353	0.0
ZNF891	17	0.5882352941176471	1.0	0.0
ZNF90	17	1.0	1.0	0.058823529411764705
ZNF91	17	1.0	1.0	0.0
ZNF92	17	0.9411764705882353	0.9411764705882353	0.0
ZNF93	17	1.0	1.0	0.0
ZNF98	17	1.0	1.0	0.0
ZNF99	17	1.0	1.0	0.0
ZNFX1	17	0.9411764705882353	1.0	0.11764705882352941
ZNHIT1	17	0.9411764705882353	1.0	0.0
ZNHIT3	17	0.9411764705882353	0.9411764705882353	0.0
ZNHIT6	17	0.8235294117647058	1.0	0.0
ZNRD1	17	1.0	0.8823529411764706	0.0
ZNRF1	17	1.0	1.0	0.9411764705882353
ZNRF2	17	0.7647058823529411	1.0	0.0
ZNRF3	17	0.9411764705882353	0.7058823529411765	0.0
ZNRF3-AS1	17	0.9411764705882353	0.9411764705882353	0.0
ZP3	17	0.6470588235294118	0.9411764705882353	0.0
ZPBP	17	1.0	1.0	0.0
ZPLD1	17	0.9411764705882353	1.0	0.0
ZPR1	17	1.0	0.8823529411764706	0.0
ZRANB1	17	1.0	1.0	0.0
ZRANB2	17	0.7058823529411765	1.0	0.0
ZRANB2-AS1	17	0.6470588235294118	1.0	0.0
ZRANB2-AS2	17	0.7647058823529411	0.8823529411764706	0.0
ZRANB3	17	0.5294117647058824	1.0	0.0
ZRSR2	17	0.9411764705882353	0.8235294117647058	0.0
ZSCAN1	17	0.7058823529411765	0.7647058823529411	0.0
ZSCAN12	17	0.9411764705882353	0.9411764705882353	0.0
ZSCAN16	17	1.0	1.0	0.0
ZSCAN16-AS1	17	1.0	1.0	0.0
ZSCAN18	17	0.9411764705882353	0.9411764705882353	0.0
ZSCAN2	17	0.8823529411764706	0.9411764705882353	0.0
ZSCAN20	17	1.0	1.0	0.0
ZSCAN21	17	0.9411764705882353	1.0	0.0
ZSCAN23	17	0.8235294117647058	0.9411764705882353	0.0
ZSCAN25	17	1.0	1.0	0.0
ZSCAN26	17	0.8823529411764706	1.0	0.0
ZSCAN29	17	1.0	1.0	0.0
ZSCAN30	17	0.8235294117647058	1.0	0.0
ZSCAN31	17	0.7058823529411765	1.0	0.0
ZSCAN32	17	1.0	1.0	0.0
ZSCAN5A	17	1.0	0.9411764705882353	0.0
ZSCAN9	17	0.9411764705882353	0.8823529411764706	0.0
ZSWIM3	17	1.0	0.8823529411764706	0.0
ZSWIM4	17	0.9411764705882353	1.0	0.11764705882352941
ZSWIM5	17	1.0	0.9411764705882353	0.0
ZSWIM6	17	1.0	0.9411764705882353	0.0
ZSWIM7	17	0.8823529411764706	1.0	0.0
ZSWIM8	17	1.0	1.0	0.0
ZSWIM9	17	0.9411764705882353	0.8235294117647058	0.0
ZUP1	17	1.0	0.7647058823529411	0.0
ZW10	17	0.8823529411764706	1.0	0.0
ZWILCH	17	0.8823529411764706	1.0	0.0
ZXDC	17	1.0	1.0	0.0
ZYG11A	17	1.0	1.0	0.0
ZYG11B	17	1.0	1.0	0.0
ZYX	17	0.9411764705882353	0.8235294117647058	0.0
ZZEF1	17	1.0	0.9411764705882353	0.0
