gene	baseMean	dD_lfc	dD_se	dD_p	dD_padj	dN_lfc	dN_se	dN_p	dN_padj	dE_lfc	dE_se	dE_p	dE_padj
AAK1	9.617580308166255	1.1196110646614355	0.8384758556628934	0.18178042042008746	0.9997507862781244	1.8995006392238531	0.7621161818118248	0.012688199102377451	0.9996654566602691	-0.7798895745624177	0.7738396302142566	0.3135418019604448	0.9981563348880957
AAMDC	9.087363947686041	0.5684072759366952	0.7995653252562251	0.4771490844943084	0.9997507862781244	-0.06472003133533748	0.7632493001749378	0.9324240489436068	0.9996654566602691	0.6331273072720327	0.8002033612609903	0.4288226193558565	0.9981563348880957
AAMP	4.165259359437683	0.4676838774943026	0.9774896813393531	0.632327085685573	0.9997507862781244	0.17100205222259685	0.9133436159810111	0.8514831136969794	0.9996654566602691	0.2966818252717058	0.9671116745331141	0.7590176755764358	0.9981563348880957
ABHD11	3.7142858192133374	-1.395496649987466	1.1169556339737532	0.21152788085393714	0.9997507862781244	-0.6081020523613092	0.9595241172855555	0.5262415103828306	0.9996654566602691	-0.7873945976261566	1.1364909512652743	0.4884164794475069	0.9981563348880957
ABHD14A	3.6959345606802896	0.08253402080589904	1.1261128228123014	0.9415744926937584	0.9997507862781244	0.7712966363394443	1.005363071665965	0.44297320442555854	0.9996654566602691	-0.6887626155335452	1.0948062256498854	0.5292716202473058	0.9981563348880957
ABLIM1	10.03508200685392	0.6979868357505762	0.7581111472091973	0.35721127655742424	0.9997507862781244	-0.27826788466544233	0.7361030147149981	0.7054094564198471	0.9996654566602691	0.9762547204160185	0.7652706368675948	0.2020620650357834	0.9981563348880957
AC019080.1	3.723865390403733	-1.6856112964785135	2.5959905301141095	0.5161358613012176	0.9997507862781244	0.6947252510644404	2.3508578026178757	0.7675967565912029	0.9996654566602691	-2.380336547542954	2.5853094195570194	0.3571985588843205	0.9981563348880957
AC019197.1	24.055454810971707	4.203305500764757	0.9958242651475896	2.4329541704854012e-05	0.015151222096697836	1.4738969187391295	1.0125776222120009	0.14550625151354593	0.9996654566602691	2.729408582025627	0.9359093206174774	0.0035419004573544704	0.3636413470659382
AC020916.1	13.232432702317382	-0.05066738469151675	1.0384478869588303	0.9610854909554049	0.9997507862781244	0.542680560830584	0.9775222378802969	0.578785705108752	0.9996654566602691	-0.5933479455221008	1.030588394590285	0.5647929130423079	0.9981563348880957
AC068631.1	6.126921747613145	0.9392629893449825	1.1248993123218212	0.40373169142062604	0.9997507862781244	-0.10966321191880257	1.098539884317329	0.9204821991473554	0.9996654566602691	1.0489262012637852	1.1279659654464387	0.3524087928574401	0.9981563348880957
AC083862.3	5.6977415506596145	-0.2894609636011944	1.0002130379197596	0.7722758225189844	0.9997507862781244	-0.9957704909693917	0.9523512528207538	0.29574961909820163	0.9996654566602691	0.7063095273681974	1.0374714556027371	0.4959986842086632	0.9981563348880957
AC124017.1	3.9357330019748797	1.2799171022773794	3.0627715269214053	0.6760238418169475	0.9997507862781244	-0.9449644664866483	3.0813841147172405	0.7590954560432182	0.9996654566602691	2.2248815687640278	3.092702154104534	0.47189616208364293	0.9981563348880957
ACAA1	5.593369950423639	-0.5864433521817042	0.9185331860410421	0.5231766547410083	0.9997507862781244	-0.2310769899666171	0.8220344905204443	0.7786308137656053	0.9996654566602691	-0.3553663622150871	0.9243244205561509	0.7006370599955354	0.9981563348880957
ACAA2	10.439488734260488	0.006638487331180221	0.7795528228469168	0.9932054860483421	0.9997507862781244	0.07121178693119329	0.7221749023772122	0.9214499970996453	0.9996654566602691	-0.06457329960001307	0.7774234369298864	0.9338033107509343	0.9981563348880957
ACADM	9.267083104637985	0.554746853663526	0.7886960402549638	0.4818238387432321	0.9997507862781244	-0.08412589922715698	0.7527807325637421	0.9110188395336631	0.9996654566602691	0.638872752890683	0.7899015161869941	0.41862990009464907	0.9981563348880957
ACADVL	18.31342179347321	0.2619500388235216	0.6208490736028527	0.673081768006019	0.9997507862781244	-0.4532252759011599	0.5961781373268681	0.44712436278803425	0.9996654566602691	0.7151753147246815	0.6291721365740003	0.2556668119488177	0.9981563348880957
ACAT1	11.845521071600233	0.9458379114986019	0.7362946903733381	0.1989350654254698	0.9997507862781244	0.3707614500995305	0.7049900366458143	0.5989506026609059	0.9996654566602691	0.5750764613990714	0.7253846090656477	0.42790114994630124	0.9981563348880957
ACBD3	4.766421466392047	-0.18837927199655333	1.056650884934662	0.8585034176666935	0.9997507862781244	0.3589888392446468	0.9415373296061031	0.7029958973925527	0.9996654566602691	-0.5473681112412001	1.0414766557763049	0.5991875222865517	0.9981563348880957
ACBD6	4.663563208228832	0.3079530477710433	0.9011017022344194	0.7325377534126591	0.9997507862781244	-0.38716961634227015	0.8596146450421845	0.6524227324904401	0.9996654566602691	0.6951226641133135	0.9163185835471409	0.44808966113620585	0.9981563348880957
ACO2	5.208909297963887	0.4663974045287151	0.8734102029039704	0.5933444204826885	0.9997507862781244	-0.4655865812702252	0.8447612619953653	0.5815337638733916	0.9996654566602691	0.9319839857989403	0.8908564872396982	0.29548428461937815	0.9981563348880957
ACP1	7.844389040245705	-0.24829317621711056	0.7918476602923392	0.7538538778278082	0.9997507862781244	-0.33389906482872483	0.7294278747833565	0.6471286580164508	0.9996654566602691	0.08560588861161425	0.7999738794602116	0.9147803683676601	0.9981563348880957
ACPP	14.011973516350375	0.9627520617085549	0.7187242819660865	0.18039850064974516	0.9997507862781244	-0.9657137724823762	0.7306374750135585	0.1862542898091597	0.9996654566602691	1.928465834190931	0.7473092192367964	0.0098644206570682	0.4914454371351378
ACSL4	16.413348043006234	0.8953394277066874	0.7285184062396136	0.2190767948454364	0.9997507862781244	1.3132628334842011	0.6802204597094719	0.05352722281681036	0.9996654566602691	-0.4179234057775138	0.7024787189965926	0.5518924121632971	0.9981563348880957
ACTB	139.86393310166227	-0.21806057418845648	0.5654664899002713	0.6997710632726065	0.9997507862781244	0.47668991587190845	0.5530659881423641	0.388740219880532	0.9996654566602691	-0.6947504900603649	0.5643858130500758	0.21832846124672833	0.9981563348880957
ACTG1	91.63503648802431	-0.7968493062336163	0.5577308846763992	0.1530805838290847	0.9997507862781244	-0.35895616752905535	0.5389184454306226	0.5053678311599628	0.9996654566602691	-0.43789313870456087	0.5591145041848459	0.43351528361439784	0.9981563348880957
ACTN4	12.992799524357592	0.1410185683222634	0.739853231204375	0.8488362976715309	0.9997507862781244	0.14256691784098954	0.6884015440430419	0.835932944113374	0.9996654566602691	-0.0015483495187261383	0.7362355613405084	0.9983220000093491	0.9991241872331413
ACTR10	5.828716251463366	-0.08842411545428251	0.8437409977397643	0.9165344546649629	0.9997507862781244	-0.37574605759051	0.7829907404260139	0.6313086717891183	0.9996654566602691	0.28732194213622747	0.855821817115484	0.7370772271855925	0.9981563348880957
ACTR2	8.404670495440856	-0.37317740230816404	0.889159415389949	0.6747069294090592	0.9997507862781244	0.806234222384587	0.7770718457091685	0.29948959902348804	0.9996654566602691	-1.179411624692751	0.8692063884669239	0.17481829688315464	0.9981563348880957
ACTR3	8.3500786831996	0.1333924949953504	0.898430076746062	0.8819695925984067	0.9997507862781244	0.011293496260280561	0.8376824832957259	0.9892433785825504	0.9996654566602691	0.12209899873506985	0.8972335996669871	0.8917549979838642	0.9981563348880957
ADAM10	8.115168604834928	1.0853239363573237	0.8374082392823384	0.19495785300110136	0.9997507862781244	0.14564783892015928	0.8120869216023264	0.8576628410553726	0.9996654566602691	0.9396760974371645	0.8291751083466288	0.2571024948311754	0.9981563348880957
ADAR	7.685930349882676	-0.022660145166169064	0.9198870199478212	0.9803472043918402	0.9997507862781244	0.7425913651725534	0.8213836331167328	0.365956306931142	0.9996654566602691	-0.7652515103387225	0.8981021209660799	0.39417175861887577	0.9981563348880957
ADD3	6.7127863961787195	-0.259455142617195	0.8237246430699611	0.7527783559260207	0.9997507862781244	0.15563536013799031	0.7344728401997178	0.8321844501233352	0.9996654566602691	-0.4150905027551853	0.8167761725206814	0.6113089254023096	0.9981563348880957
ADGRG1	8.046541992048216	-0.8120030713888476	0.8233917246429135	0.324050380787385	0.9997507862781244	-0.1505115138478806	0.7237312311302158	0.8352554884118792	0.9996654566602691	-0.6614915575409671	0.8262282939870788	0.42335400914713006	0.9981563348880957
ADH5	8.321616075601467	-1.20822198196831	0.8374465356304377	0.14909225717033622	0.9997507862781244	-0.83329617516543	0.74717141300598	0.26473570415795344	0.9996654566602691	-0.37492580680288	0.8556427678846376	0.6612555862863043	0.9981563348880957
ADI1	22.073156477824586	0.3083302606839734	0.6938648926819628	0.6567776848708637	0.9997507862781244	0.18263159135295315	0.6617940619650726	0.7825754209917475	0.9996654566602691	0.12569866933102025	0.6913626467748799	0.8557295360337809	0.9981563348880957
ADIRF	129.6244703887198	-0.041701248797868816	0.9100994015836158	0.9634532850304055	0.9997507862781244	-0.4895035813200849	0.9055919934146367	0.5888285772456681	0.9996654566602691	0.4478023325222161	0.9111028735401123	0.6230765229087176	0.9981563348880957
ADNP	4.559555594786629	0.035708055083099675	0.9350980674645183	0.969539041842757	0.9997507862781244	0.32170950483054395	0.841405768683235	0.702203526957206	0.9996654566602691	-0.2860014497474443	0.9187570304208585	0.7555788666897895	0.9981563348880957
ADRM1	5.878570746352234	0.6188141433985651	0.876126276903402	0.4799972262157386	0.9997507862781244	0.960785493522467	0.795931085697785	0.22738537179382257	0.9996654566602691	-0.34197135012390184	0.836239647480043	0.6825841246935795	0.9981563348880957
AFF4	9.577939374266913	0.8073315317042651	0.8587618291106686	0.3471605734015234	0.9997507862781244	0.4690124766529363	0.8136362946104863	0.5643178382252675	0.9996654566602691	0.33831905505132875	0.8435390268253412	0.6883678389944277	0.9981563348880957
AFG3L2	6.614419176571001	0.18035166498829464	0.8711080461131107	0.8359809012792172	0.9997507862781244	0.34985369066828553	0.7967736645666303	0.6605978321464601	0.9996654566602691	-0.16950202567999087	0.8586224971306691	0.8435054666719276	0.9981563348880957
AFTPH	4.480794300491335	-0.11945397359496163	0.9289180570058838	0.8976783306895482	0.9997507862781244	-0.40143723923801133	0.861276229435868	0.6411469244300332	0.9996654566602691	0.2819832656430497	0.9441255829503621	0.7651908165756398	0.9981563348880957
AGPAT2	8.537997313430424	-0.9107448021970656	0.7911319216048972	0.249653222864625	0.9997507862781244	-1.5332724404452294	0.7475103596875595	0.04025018387609366	0.9996654566602691	0.6225276382481639	0.8338936033423852	0.4553465583397621	0.9981563348880957
AGR2	7.395053277340754	-0.8674365342877777	0.8333062468782927	0.2978951916168123	0.9997507862781244	-0.22216848408189288	0.7307554535555315	0.7611082638320934	0.9996654566602691	-0.6452680502058848	0.8380719204761338	0.4413333926934341	0.9981563348880957
AGTRAP	3.2541862855620156	-0.24893053392598313	1.0534172602485354	0.8131939683521675	0.9997507862781244	-0.11888405430698643	0.9516368341974456	0.9005822417741387	0.9996654566602691	-0.13004647961899674	1.055783492133674	0.901968260918671	0.9981563348880957
AHCYL1	10.461361377065593	1.4358968258613412	0.7892469656302359	0.06886184406075278	0.9997507862781244	0.3476554039597406	0.7724813739624339	0.6526742374395977	0.9996654566602691	1.0882414219016006	0.7759624945428195	0.160783672251111	0.9981563348880957
AHNAK	16.33141450786991	0.4478315288226825	0.8474177660623513	0.5971758971096508	0.9997507862781244	1.4373480455513945	0.7836414558165268	0.06662565828082287	0.9996654566602691	-0.989516516728712	0.8239538378959055	0.22977570319131746	0.9981563348880957
AHSA1	5.582229378704012	0.25935748119877094	0.9937206549099873	0.7940953085497472	0.9997507862781244	0.6122196529707059	0.9029031696868756	0.497735666723665	0.9996654566602691	-0.352862171771935	0.9702720023413022	0.7161018675037665	0.9981563348880957
AIF1L	19.203170238293424	0.061318618019999646	0.6881290632827909	0.9289951401530299	0.9997507862781244	-0.5507410047251322	0.6608628978707924	0.4046380581523481	0.9996654566602691	0.6120596227451319	0.6972581590438423	0.3800472740960479	0.9981563348880957
AIG1	8.350821505587586	1.064594664534102	0.770843852361095	0.1672553067500333	0.9997507862781244	-0.2221957226024197	0.7608019274101822	0.770244857902836	0.9996654566602691	1.2867903871365218	0.777135279324263	0.09775977540812959	0.9981563348880957
AIMP1	8.910636068624077	-0.3373849498421242	0.7725446002166289	0.6623151064044936	0.9997507862781244	-0.5943072886482377	0.7177706077720841	0.40767584512287414	0.9996654566602691	0.2569223388061135	0.7874931642284025	0.744232626442837	0.9981563348880957
AIP	5.659240662960188	0.21819470787490375	0.8863014451537359	0.8055385142466454	0.9997507862781244	-0.07466683903093656	0.8257199762128342	0.9279484225617711	0.9996654566602691	0.2928615469058403	0.8868062453316123	0.7412163651447026	0.9981563348880957
AK1	5.830886712414806	0.9058856977992232	0.9011205730162734	0.3147581920939069	0.9997507862781244	-0.10122270362674515	0.8762212342501506	0.9080314975213085	0.9996654566602691	1.0071084014259684	0.9029724519265495	0.2647108669449457	0.9981563348880957
AK2	8.9479960061484	-0.10819439708739209	0.7558008074548047	0.8861701378446696	0.9997507862781244	-0.27884145624540646	0.6994115934367021	0.6901289619457264	0.9996654566602691	0.1706470591580144	0.7623940413548531	0.8228891763491875	0.9981563348880957
AK3	8.694276891118019	0.8233645520424113	0.7449561146335425	0.26905022642453424	0.9997507862781244	-0.09762003681716744	0.720788658014854	0.8922679257220402	0.9996654566602691	0.9209845888595789	0.7461443649733351	0.21708185095668187	0.9981563348880957
AK6	4.866575128317791	0.2840549197014792	0.9169238348760326	0.7567197568034373	0.9997507862781244	-0.32233826224279627	0.8696079713001239	0.7108827589053428	0.9996654566602691	0.6063931819442755	0.9281040615365416	0.5135192805558504	0.9981563348880957
AKAP13	9.853903324503655	0.8119181974322037	0.8684001793139278	0.3498096463940189	0.9997507862781244	0.7745528587943239	0.8160020733092409	0.3425166015912886	0.9996654566602691	0.03736533863787986	0.8461770839623763	0.9647786009123155	0.9981563348880957
AKAP9	23.36661544803523	0.2166333978467094	0.6523399291073223	0.7398238117510665	0.9997507862781244	-0.24923531984331523	0.626534733766465	0.6907778493539987	0.9996654566602691	0.4658687176900246	0.6557856189967097	0.4774574334717909	0.9981563348880957
AKIRIN1	6.614224379607208	0.08244371924365636	0.8225413426487395	0.9201613428566163	0.9997507862781244	0.11092604917693137	0.7517790342602174	0.8826968121346108	0.9996654566602691	-0.02848232993327501	0.816298756586826	0.972165826867979	0.9981563348880957
AKR1A1	5.979041587843913	-0.35087394415112344	0.8538598281138604	0.6811261610674157	0.9997507862781244	-0.11385492059550774	0.767600897155239	0.8820857543705778	0.9996654566602691	-0.2370190235556157	0.8557862665284555	0.7818104084680624	0.9981563348880957
AKR7A2	7.705312777536063	0.19274738544200176	0.7750819061507654	0.8036083036294728	0.9997507862781244	-0.8630338345519373	0.7548182014515192	0.25288646112722846	0.9996654566602691	1.055781219993939	0.8048201714672949	0.18958002694036702	0.9981563348880957
AL121944.1	6.7433271261186265	-0.8255318323892638	1.1437513293165078	0.4704324369006526	0.9997507862781244	0.6556604175011407	0.9910814240012206	0.5082528678215432	0.9996654566602691	-1.4811922498904042	1.1279635405652308	0.18913033956328917	0.9981563348880957
ALDH1A1	10.854724663196258	-0.4976757453628342	0.7814184034759349	0.5241980154927002	0.9997507862781244	-1.034656143097343	0.7401525782928013	0.16214437529806258	0.9996654566602691	0.5369803977345089	0.8042249095748706	0.5043255660080321	0.9981563348880957
ALDH2	9.457501901518281	0.7697499963424573	0.861800573921966	0.3717564626536125	0.9997507862781244	0.20958785161300725	0.8252504406876644	0.7995196736859725	0.9996654566602691	0.5601621447294501	0.8550189368428486	0.5123738268234814	0.9981563348880957
ALDH6A1	6.1263342871738375	-0.49442251010624527	0.8731841363292034	0.5712378616807423	0.9997507862781244	-0.915229400005633	0.8162444055828054	0.2621734542105988	0.9996654566602691	0.4208068898993877	0.9019116518577912	0.6408059913889885	0.9981563348880957
ALDH9A1	6.639187575703721	0.05311399359414539	0.83065135943833	0.949015945208855	0.9997507862781244	-0.7907150008217139	0.7983337194062502	0.3219509313446315	0.9996654566602691	0.8438289944158592	0.8593461525447617	0.3261278983984902	0.9981563348880957
ALG5	5.595504058003824	0.8194141218598004	0.8757774959931568	0.34945759293232403	0.9997507862781244	-0.11247662947209205	0.847846820027199	0.8944610935661478	0.9996654566602691	0.9318907513318924	0.8778294457726405	0.28842403361269375	0.9981563348880957
ALKBH7	11.79408396845272	-0.3085134982506263	0.7634708418250415	0.6861440670566599	0.9997507862781244	-0.7990036738167483	0.7239036555014153	0.26970458823932764	0.9996654566602691	0.49049017556612196	0.779847155277272	0.5293773350800423	0.9981563348880957
AMD1	12.718030503018928	0.2940478058518475	0.9838092340532506	0.7650262545983266	0.9997507862781244	1.6097989056934585	0.8998227106655868	0.07361193830029421	0.9996654566602691	-1.315751099841611	0.9547893962281471	0.16818669622608962	0.9981563348880957
ANAPC11	20.156886303868166	-0.08942727362164347	0.6350305630935648	0.888009319130249	0.9997507862781244	-0.4104932108781016	0.6015007362363975	0.49495546451507866	0.9996654566602691	0.3210659372564581	0.6412264645790751	0.616578049989243	0.9981563348880957
ANAPC13	8.920917470680646	-0.4165450851198196	0.815080300455458	0.6093175084101903	0.9997507862781244	-0.8115970431244756	0.7634925139947194	0.28777927802943615	0.9996654566602691	0.395051958004656	0.8362404175633169	0.6366310766798979	0.9981563348880957
ANAPC16	23.542517122626645	-0.5122757698046972	0.6518177927121671	0.43191513857346775	0.9997507862781244	0.05959862017281645	0.6007953676709031	0.9209798452844957	0.9996654566602691	-0.5718743899775137	0.6511513531956808	0.3798074683662924	0.9981563348880957
ANAPC5	7.99489205549926	-0.23003895528665536	0.8250420781528816	0.7803822925048711	0.9997507862781244	0.1395578014914582	0.741745778677623	0.8507608280681455	0.9996654566602691	-0.36959675677811354	0.8197184714407533	0.6520741990256942	0.9981563348880957
ANK3	15.605273382234344	2.049950303103582	0.7946847220380333	0.00989214486106338	0.9466962061229397	-0.15056547564539777	0.8100691051133574	0.8525487116527368	0.9996654566602691	2.2005157787489797	0.7983842016445898	0.005847515879243568	0.4142065723889666
ANKHD1	7.205608040119624	1.9034813960731942	0.9179839743496653	0.03812155572258631	0.9997507862781244	0.3713276066691877	0.9163961198662024	0.6853273778749882	0.9996654566602691	1.5321537894040067	0.8946589424954982	0.08679420254987552	0.9981563348880957
ANKRD11	9.09442932120386	0.3426856339582558	0.8065461404615122	0.6709238749985148	0.9997507862781244	-0.19335724854728942	0.7651311928952833	0.8004913655050423	0.9996654566602691	0.5360428825055452	0.811130987361703	0.5087030030899922	0.9981563348880957
ANKRD12	17.966893256204898	0.09443006064601761	0.7196419185314278	0.8956027610817442	0.9997507862781244	0.11786699330888108	0.6769715353616051	0.8617796188567977	0.9996654566602691	-0.02343693266286346	0.7176319709082638	0.9739467529169282	0.9981563348880957
ANP32A	6.0156376132445555	-0.35192007396975655	0.8876525536057985	0.6917645952161038	0.9997507862781244	0.601242911195576	0.7728909142862488	0.43661952474624466	0.9996654566602691	-0.9531629851653326	0.8681522158093682	0.2722387677170717	0.9981563348880957
ANP32B	11.604970515866931	-0.9597715380898406	0.7493352330991512	0.2002531537869623	0.9997507862781244	-0.2134470762653847	0.6604684536416816	0.7465625023183311	0.9996654566602691	-0.7463244618244559	0.7529477905093633	0.32158623708974887	0.9981563348880957
ANP32E	6.895916359423366	-0.07215969296752005	0.8449585139449558	0.9319431712392607	0.9997507862781244	0.5245530838666503	0.7510607703319966	0.4849168859124179	0.9996654566602691	-0.5967127768341705	0.8266788955237828	0.4704055855108099	0.9981563348880957
ANTKMT	4.7286839719753395	-0.6416589681757742	0.9915777336737249	0.517561340496038	0.9997507862781244	-0.4816988142907486	0.8969286964961847	0.5912305680807962	0.9996654566602691	-0.15996015388502555	1.0060632034549208	0.8736719244256047	0.9981563348880957
ANXA1	21.523799132042793	-1.365514641022939	1.739302810678193	0.4323989831074613	0.9997507862781244	1.0302141998663437	1.6690727671546166	0.5370781248209755	0.9996654566602691	-2.3957288408892827	1.7347357560421708	0.1672685457161731	0.9981563348880957
ANXA11	17.60941289773791	-0.49123999056604295	0.666942734199255	0.46139302278680483	0.9997507862781244	-0.496903810693584	0.6206589615107068	0.42335928892784525	0.9996654566602691	0.0056638201275410905	0.674430134228336	0.9932994964371276	0.9981563348880957
ANXA2	28.06807307187826	-0.09106932753672616	0.6556780489717463	0.8895344177768989	0.9997507862781244	0.9711962763212375	0.603712453736448	0.10768048750396163	0.9996654566602691	-1.0622656038579636	0.6455889431942418	0.09988302203888591	0.9981563348880957
ANXA3	5.130612365356658	0.4174931310846265	1.0137079445087573	0.6804511682260577	0.9997507862781244	0.8939187117616936	0.9170743334372828	0.3296840110880854	0.9996654566602691	-0.4764255806770671	0.9775590062423649	0.62600147832201	0.9981563348880957
ANXA4	13.990993839658444	-0.9128418729703685	0.7241535993936091	0.2074660181184006	0.9997507862781244	-0.11876732280043138	0.6444768813369752	0.8537900015061276	0.9996654566602691	-0.794074550169937	0.7258222479840811	0.2739398655528329	0.9981563348880957
ANXA5	13.081025151855023	0.43478251366413173	0.7052679440666079	0.537578767488984	0.9997507862781244	0.21158234946642665	0.663299110797531	0.7497380215644867	0.9996654566602691	0.22320016419770505	0.6997635060511459	0.7497529478983975	0.9981563348880957
ANXA7	9.548413422718731	0.6344686652847517	0.7406379879763804	0.39163749834027684	0.9997507862781244	-0.1370776606907248	0.7110131045471062	0.8471218445334399	0.9996654566602691	0.7715463259754765	0.7433423984175326	0.29929703944078334	0.9981563348880957
AP1M2	6.519573888528385	-0.5777933306528008	0.9071908892223777	0.5241875031162793	0.9997507862781244	-0.49160826072596686	0.827398886665289	0.5524043451904451	0.9996654566602691	-0.08618506992683402	0.9200476905975802	0.9253676732455707	0.9981563348880957
AP1S1	7.4369262011463695	-0.1273411286133954	0.8305505660228695	0.8781448700014113	0.9997507862781244	-0.6770393798153669	0.7855602864725186	0.38876709101980034	0.9996654566602691	0.5496982512019715	0.8496787880763296	0.5176654015852657	0.9981563348880957
AP2A2	3.3183551386684673	-0.2786943110065234	1.0609096965139446	0.7927866602833651	0.9997507862781244	-0.24488587681534868	0.9645241963309606	0.7995782748682603	0.9996654566602691	-0.033808434191174755	1.0691990272887282	0.974774824448955	0.9981563348880957
AP2B1	8.0720404334166	0.4026624662589239	0.8644350641532048	0.6413515322018268	0.9997507862781244	1.6280334897514137	0.7571476418702194	0.03153787042131809	0.9996654566602691	-1.22537102349249	0.809367285031108	0.1300293009689124	0.9981563348880957
AP2M1	9.863410143219795	-0.36959385136352635	0.8077839961498872	0.6472826365627734	0.9997507862781244	0.2642555267344429	0.7273313978561387	0.7163643315914014	0.9996654566602691	-0.6338493780979693	0.8019411509928629	0.42929777505097355	0.9981563348880957
AP2S1	12.009240694009144	-0.07278798267942994	0.6929711233160301	0.9163460201706359	0.9997507862781244	-0.266144586965716	0.6451332247705057	0.6799421619001602	0.9996654566602691	0.1933566042862861	0.6982709028866345	0.7818509639168818	0.9981563348880957
AP3D1	4.353253130978097	-0.42595909370952045	0.9510080017955574	0.6542233878528635	0.9997507862781244	-0.3380878645494658	0.8595726186602402	0.6940824934684738	0.9996654566602691	-0.08787122916005462	0.9623605667480369	0.9272478527689713	0.9981563348880957
APEX1	5.801152267693042	-2.3779312825451	1.0910970657532972	0.02930235134385077	0.9997507862781244	-0.4499144572885939	0.8723171469939349	0.6060155043206736	0.9996654566602691	-1.9280168252565062	1.1003113608308182	0.07973141631347647	0.9981563348880957
APH1A	6.6895804974718995	0.32582819703201643	0.815302292319501	0.6894209775490492	0.9997507862781244	-0.11270426077849016	0.7659946284299068	0.8830258342899924	0.9996654566602691	0.4385324578105066	0.8170847861555134	0.5914722746054653	0.9981563348880957
APIP	4.6410541377331676	-0.7323962114980881	0.9451248226666633	0.43838688080169064	0.9997507862781244	-0.49613204597604904	0.8436583509302802	0.5564838133201044	0.9996654566602691	-0.23626416552203902	0.9619367366558114	0.8059818266644606	0.9981563348880957
APLP2	31.37166019936924	-0.5996225402722327	0.6317026391208105	0.342510533754408	0.9997507862781244	-0.4737440365647401	0.5964313351746918	0.42702214384031467	0.9996654566602691	-0.12587850370749254	0.6362461175971499	0.8431658567790516	0.9981563348880957
APMAP	4.959148839001063	-0.14581110177634835	0.8909970573671573	0.8700071816593343	0.9997507862781244	0.5530418783682742	0.781037878733259	0.47889193974663613	0.9996654566602691	-0.6988529801446226	0.8661588885813644	0.4197577773857123	0.9981563348880957
APOE	12.764653849762082	-3.6066711194980345	1.2260897979235084			-1.1882942944809176	1.0051882634829767			-2.418376825017117	1.2379242086714781		
APOO	4.0795860742707735	0.5444290107296915	1.1168371007804225	0.625922487882673	0.9997507862781244	-0.17230173228027032	1.0696316192133555	0.8720263637292163	0.9996654566602691	0.7167307430099619	1.1224954331847612	0.5231381615663449	0.9981563348880957
APP	40.34724777575887	0.4184734108341181	0.5548641367903673	0.45073467881098384	0.9997507862781244	-0.022587556945409426	0.5362437678768929	0.9664015954554661	0.9996654566602691	0.44106096777952747	0.5551256836540763	0.4268901397366157	0.9981563348880957
APPL1	5.568454610046287	0.0909549285832167	0.894888277680964	0.9190437731026353	0.9997507862781244	0.018043771724625474	0.8249773821815249	0.9825501893544056	0.9996654566602691	0.07291115685859123	0.8924522843680252	0.9348872340308619	0.9981563348880957
APRT	17.53516666398886	0.1800513681119319	0.6576308389098402	0.7842476208101166	0.9997507862781244	0.4875273767938204	0.607153427887471	0.42199075239374706	0.9996654566602691	-0.3074760086818885	0.6487683749203732	0.635544095411682	0.9981563348880957
AREG	9.22880878604764	-0.570708083497802	1.1805861624090035	0.6288040919494206	0.9997507862781244	0.2761682694102372	1.0877642420731373	0.799583519342118	0.9996654566602691	-0.8468763529080393	1.1759414556724082	0.4714210681968576	0.9981563348880957
ARF1	13.539031262432667	0.45641292937222855	0.6455965302305682	0.47958940439935827	0.9997507862781244	0.14994887419246145	0.6066414013811046	0.8047698762789117	0.9996654566602691	0.3064640551797671	0.6409767788688479	0.6325645340058232	0.9981563348880957
ARF4	7.073047971399259	-0.3722710531653417	0.8162173128372628	0.6483230593204823	0.9997507862781244	0.40673659792256206	0.7147593614488962	0.5693195661334733	0.9996654566602691	-0.7790076510879038	0.8028909511679533	0.33192021404175	0.9981563348880957
ARF5	6.740822463576667	0.16542234513156157	0.8084920238670666	0.8378799420361519	0.9997507862781244	-0.37648986591694883	0.7634117451744672	0.6218942359486042	0.9996654566602691	0.5419122110485104	0.820183401243953	0.5087913993115756	0.9981563348880957
ARF6	8.115010069314495	0.008470577594719622	0.8601629037393315	0.9921428443147841	0.9997507862781244	0.954268940366699	0.7601044242551155	0.20931743336241926	0.9996654566602691	-0.9457983627719793	0.8327787258709249	0.2560763272293495	0.9981563348880957
ARFGAP3	5.656819649323868	0.7980069187825848	0.8608828066864073	0.3539454981389092	0.9997507862781244	0.5205338656846201	0.8055329495318285	0.5181510664807982	0.9996654566602691	0.27747305309796466	0.8353031862851883	0.7397515002022643	0.9981563348880957
ARFGEF1	5.77991532348919	1.1618075291031955	0.8899975116099379	0.19175485150333915	0.9997507862781244	0.6750721778671299	0.843856252721343	0.42371960226086625	0.9996654566602691	0.48673535123606554	0.8530252778925201	0.5682715118820236	0.9981563348880957
ARGLU1	18.552528670267023	-0.6706583332568946	0.6959323348062472	0.3352047552202537	0.9997507862781244	-0.15737007278919438	0.6352317036841808	0.8043382965803025	0.9996654566602691	-0.5132882604677002	0.6980449162958926	0.4621429971713994	0.9981563348880957
ARHGAP18	6.010216100506126	0.44748041001803884	0.9133082652120668	0.6241653867109994	0.9997507862781244	0.022406170224289455	0.8614083165210877	0.9792484919995896	0.9996654566602691	0.42507423979374936	0.9107430272777277	0.6406905909860788	0.9981563348880957
ARHGAP24	16.637333935467648	0.8223168565816126	0.6324625290046121	0.19353834878701415	0.9997507862781244	-0.5599179337136779	0.6262858186764682	0.37130616196139266	0.9996654566602691	1.3822347902952905	0.6455616394802806	0.03226313177371639	0.8777482070625908
ARHGAP29	13.779866325810405	0.17600791712109454	0.7053545903473559	0.8029499759396809	0.9997507862781244	-0.5469115214382445	0.6765696689481349	0.41888365757159973	0.9996654566602691	0.7229194385593392	0.7172120493761464	0.3134747489702059	0.9981563348880957
ARHGAP5	6.797723532017622	-0.44256688365415936	0.8299736858500348	0.5938743643501455	0.9997507862781244	-0.18609386701774344	0.7471507467458965	0.8033055679514203	0.9996654566602691	-0.256473016636416	0.8340889500750711	0.758471340954616	0.9981563348880957
ARHGDIA	8.09294723766139	-0.3243220622912443	0.8334733349589304	0.6971865643478112	0.9997507862781244	0.6308085767351791	0.7282346971211046	0.386371697882127	0.9996654566602691	-0.9551306390264235	0.8153064486614787	0.24139828431729993	0.9981563348880957
ARHGDIB	8.774257752059874	-1.9241301991627242	1.3333795523476453	0.14900705515472842	0.9997507862781244	1.6786566071788298	1.0575777255672254	0.11245253194305509	0.9996654566602691	-3.6027868063415545	1.307152482165406	0.00584754318986276	0.4142065723889666
ARID1B	12.190565181880507	1.2011202224448505	0.7842265421778997	0.12562153447595928	0.9997507862781244	0.2916564210175667	0.7624197135688864	0.7020604917983846	0.9996654566602691	0.9094638014272838	0.7746610726001077	0.24038897496291967	0.9981563348880957
ARID4B	9.106377212452868	0.8995210507989011	0.7820939693840366	0.2500843746284477	0.9997507862781244	0.28065062603755914	0.7468232794059761	0.7070711253253845	0.9996654566602691	0.6188704247613419	0.770708669728593	0.42198121191991433	0.9981563348880957
ARID5B	19.682324147267195	1.7529902825367103	0.7609940296252695	0.021247733805998897	0.9997507862781244	0.0410169107262179	0.7620289099214974	0.9570738545300501	0.9996654566602691	1.7119733718104924	0.7596513453002643	0.02421942866659864	0.7734691898525283
ARL1	8.0181539701095	0.7976564669494373	0.7897847279821885	0.3125111282301172	0.9997507862781244	0.6637420954298957	0.736370898806495	0.36739201757383366	0.9996654566602691	0.1339143715195415	0.7650081934824259	0.8610406669860978	0.9981563348880957
ARL16	3.1837356933263865	-0.8907197371690819	1.1695695093931378	0.44631123074553425	0.9997507862781244	0.34178030045252616	0.9887336356435678	0.7295871257575559	0.9996654566602691	-1.232500037621608	1.1547129255573045	0.2858070953323262	0.9981563348880957
ARL2	8.09833997201636	0.4887933584347444	0.7611946318013196	0.5207824247996389	0.9997507862781244	0.2625747071915938	0.7098077533856267	0.7114393454650287	0.9996654566602691	0.2262186512431506	0.7507633595460796	0.7631718769481665	0.9981563348880957
ARL3	8.031441235797814	-0.34326358776356924	0.7745753374982011	0.6576474120893593	0.9997507862781244	-0.5547495353072436	0.7167189448089741	0.43892330601923724	0.9996654566602691	0.2114859475436743	0.7890462215519383	0.7886782861907096	0.9981563348880957
ARL4D	7.527636265390582	0.11574879069660957	0.9389878770580439	0.901893502682218	0.9997507862781244	-0.3853663831477465	0.8899412323782169	0.6649969498110313	0.9996654566602691	0.5011151738443561	0.9499914588078961	0.5978503047828523	0.9981563348880957
ARL5A	8.091513086389579	0.01565234642750327	0.8029182152181908	0.9844467663722677	0.9997507862781244	-0.11570103335181693	0.7442755188190626	0.8764629635931416	0.9996654566602691	0.1313533797793202	0.8050422420611199	0.8703898310405729	0.9981563348880957
ARL6IP1	24.23481188848382	-0.18219018950942972	0.5974845671726092	0.7604204602217787	0.9997507862781244	0.34545749856785996	0.5495490912778811	0.5295979245586226	0.9996654566602691	-0.5276476880772897	0.5930435080091436	0.37361170750916395	0.9981563348880957
ARL6IP4	17.831973677467282	-0.27257396386007404	0.634005990868381	0.6672514173660427	0.9997507862781244	-0.03767919059556162	0.5832195338632618	0.9484881041283849	0.9996654566602691	-0.23489477326451244	0.6343273166859773	0.7111550182451841	0.9981563348880957
ARL6IP5	12.90306131149149	-0.02648827394091328	0.7468937975937766	0.9717092906189869	0.9997507862781244	0.6349855578260072	0.6785080568067162	0.349347545222668	0.9996654566602691	-0.6614738317669204	0.734713853043326	0.3679526920421634	0.9981563348880957
ARL8B	3.490848083822132	-0.14523063402095446	1.134392017866123	0.8981291217732308	0.9997507862781244	0.3192295798992548	1.0110698023765052	0.752204066960989	0.9996654566602691	-0.4644602139202093	1.1173937494389061	0.6776559803651976	0.9981563348880957
ARMCX3	5.771846117639222	-0.1830792296864841	0.8396553384265412	0.8273972221095159	0.9997507862781244	-0.1824099643944812	0.7651601454269528	0.8115751388176726	0.9996654566602691	-0.0006692652920029069	0.8440143906233863	0.9993673136459023	0.9993673136459023
ARPC1A	7.8005306781470205	0.8999004998750137	0.764035960520259	0.238866460891334	0.9997507862781244	0.18681149096176286	0.7313647948991565	0.7983920780063227	0.9996654566602691	0.7130890089132509	0.753598981187612	0.3440238140950559	0.9981563348880957
ARPC1B	9.376249683853953	-0.6357648342068901	0.9051364659389964	0.48243182511786964	0.9997507862781244	1.0575504647548977	0.775546304649287	0.17268718896155189	0.9996654566602691	-1.6933152989617875	0.8829094556548487	0.05512609773248097	0.9981563348880957
ARPC2	22.607335413565714	-0.3819449125664892	0.6235166173916811	0.5401635231744617	0.9997507862781244	0.03968696017703013	0.5743887197414721	0.9449145946318105	0.9996654566602691	-0.4216318727435193	0.6229341340084594	0.4985022468737289	0.9981563348880957
ARPC3	26.502441889515822	-0.9270906286423619	0.6476779110970943	0.15231363302706794	0.9997507862781244	0.13303247480448588	0.586013664431415	0.8204139588703538	0.9996654566602691	-1.060123103446848	0.6464628497278201	0.10102960360878374	0.9981563348880957
ARPC4	7.6108553976706865	0.2887702672536961	0.9496927249341416	0.7610768077306382	0.9997507862781244	0.42766123965866065	0.8774996602289696	0.6260008082155306	0.9996654566602691	-0.13889097240496454	0.9359555326564046	0.882031171322303	0.9981563348880957
ARPC5	9.91849830989024	-1.0252504593449654	0.8125133061600568	0.20701138469509373	0.9997507862781244	0.18359881696261687	0.7023317276740877	0.7937738429699486	0.9996654566602691	-1.2088492763075822	0.8087201089015295	0.1349748918158539	0.9981563348880957
ARPC5L	5.738875572112974	-0.7002640234154086	0.9948245398025616	0.4814906505122406	0.9997507862781244	0.6804057751150073	0.8522561252649827	0.4246625786833881	0.9996654566602691	-1.380669798530416	0.9761080702397342	0.15722568831677677	0.9981563348880957
ARPP19	9.142980078384936	-0.2523211801584568	0.8071541374840275	0.754580062544105	0.9997507862781244	0.15821185315823288	0.7273808827966045	0.827811731694822	0.9996654566602691	-0.41053303331668967	0.8021917703824782	0.6088160452028928	0.9981563348880957
ARRDC3	8.111196398549403	-0.554206129448026	0.8695880309369942	0.5239162122473873	0.9997507862781244	0.9000851298573838	0.743753121279651	0.22620468425761253	0.9996654566602691	-1.4542912593054098	0.8471377772987848	0.08603187740950816	0.9981563348880957
ARSD	5.210602098672893	-0.5702612608125182	0.9007821525549788	0.5266856822690831	0.9997507862781244	-0.8355957154149869	0.8324462486846516	0.3154830334004478	0.9996654566602691	0.26533445460246874	0.9291466177906451	0.775209087036366	0.9981563348880957
ASAH1	12.502414195282556	-0.7269481185295654	0.7372456813832119	0.32411722061280646	0.9997507862781244	0.22263328162496374	0.6496228209862106	0.731815429046539	0.9996654566602691	-0.9495814001545293	0.7329452476416879	0.19512389341761271	0.9981563348880957
ASH1L	8.411242788004506	1.0872745396541643	0.8034737782203477	0.17598625068538054	0.9997507862781244	0.22261709090042134	0.7767980143839367	0.7744316469634195	0.9996654566602691	0.8646574487537428	0.7933493276277886	0.2757649617371929	0.9981563348880957
ASPH	6.931878126419112	0.16048631277317316	0.7800936366116342	0.8370041775349566	0.9997507862781244	-0.1475043883659772	0.7268991436976582	0.8391953959758152	0.9996654566602691	0.3079907011391504	0.7830827145361794	0.6940938917985453	0.9981563348880957
ASRGL1	3.784729561920772	-0.2781414204972019	1.10137013899123	0.8006227139155686	0.9997507862781244	0.008516565451043795	0.9955819621378199	0.9931746923227925	0.9996654566602691	-0.2866579859482457	1.0995666131885946	0.7943231857847157	0.9981563348880957
ATF3	14.448723830772167	-1.2272042476113176	1.7304237073911328	0.478204764404208	0.9997507862781244	-0.16484696093040363	1.6717361772890418	0.9214493279340084	0.9996654566602691	-1.062357286680914	1.731799008737849	0.5395844889372905	0.9981563348880957
ATF4	10.69657804662396	-0.2727805169176293	0.8864094282419046	0.7582828591703556	0.9997507862781244	0.022172296029249472	0.816311944662818	0.9783308846710344	0.9996654566602691	-0.2949528129468788	0.8856683506042838	0.7391127609492263	0.9981563348880957
ATF7IP2	4.865753649939688	-0.1768118919904933	1.1676462500311515	0.8796397545837485	0.9997507862781244	0.9768300404558765	1.022127196063733	0.33923218867197635	0.9996654566602691	-1.1536419324463698	1.1330811345206182	0.30860861616641555	0.9981563348880957
ATG12	5.3577599582276205	0.7169964565292098	0.9761903508445292	0.4626536440610717	0.9997507862781244	0.5053893350391498	0.9104753144445596	0.5788379156087314	0.9996654566602691	0.21160712149006	0.9498227648858667	0.82370214078781	0.9981563348880957
ATG3	4.764337612637979	-0.3347880840596054	1.0084831620960004	0.7399104680027864	0.9997507862781244	0.22885216934470146	0.8972232207608877	0.7986712360874817	0.9996654566602691	-0.5636402534043068	0.9993372590030802	0.5727445712402831	0.9981563348880957
ATOX1	13.986761611589321	-0.10607282015708042	0.6414951534617817	0.8686665472972372	0.9997507862781244	-0.5503375396740265	0.6038138358669554	0.36206580391398824	0.9996654566602691	0.44426471951694607	0.6530184301521744	0.4962987408896786	0.9981563348880957
ATP1A1	127.9119175699654	0.6277658803362091	0.5633182313898549	0.26510454550285867	0.9997507862781244	-0.2888290588033266	0.5592578603554601	0.60553973136797	0.9996654566602691	0.9165949391395356	0.5644541749706153	0.1044055464758159	0.9981563348880957
ATP1B1	211.511088886734	1.371136109966041	0.6861503017236643	0.04568383569338984	0.9997507862781244	-0.4924428651491398	0.6865948331395941	0.4732353783389682	0.9996654566602691	1.8635789751151808	0.687448775975555	0.006710848767266871	0.41594044484286763
ATP1B3	13.265218828701517	0.35522935222682783	0.738328445704766	0.6304266225690056	0.9997507862781244	0.27904247707565694	0.6939322220784849	0.6875973561510724	0.9996654566602691	0.07618687515117091	0.7323224931550818	0.9171418934134596	0.9981563348880957
ATP2A2	4.443448305215417	0.10998897774935133	0.9825878510627369	0.9108725187762831	0.9997507862781244	0.35645184072484204	0.88673524549732	0.6876970798149724	0.9996654566602691	-0.24646286297549072	0.9633445994801351	0.7980737602100011	0.9981563348880957
ATP2B1	5.843644400901795	0.8044358893176111	0.8579309426201115	0.34842613999722516	0.9997507862781244	-0.23734663682900953	0.8355275879323634	0.7763582823639581	0.9996654566602691	1.0417825261466207	0.8654286067459283	0.22867601657920222	0.9981563348880957
ATP5F1A	36.4188019727237	0.2799343673934491	0.6554076998527785	0.6692956706172943	0.9997507862781244	-0.26615238529410784	0.638833256694389	0.6769544612557623	0.9996654566602691	0.546086752687557	0.6579779056578285	0.4065687810200562	0.9981563348880957
ATP5F1B	35.8491822639519	-0.406480208532701	0.6704836128469958	0.5443492322593342	0.9997507862781244	-0.9829665127501489	0.6517483739158393	0.13150349836289543	0.9996654566602691	0.5764863042174478	0.6792058460629227	0.3960119428337574	0.9981563348880957
ATP5F1C	27.272929836551594	-0.2947669781820142	0.7697407622623741	0.7017618914183805	0.9997507862781244	-0.245126673040578	0.7392552621724664	0.7402019152290316	0.9996654566602691	-0.04964030514143617	0.7720864650178118	0.9487363598643199	0.9981563348880957
ATP5F1D	44.90800579294654	0.09295175412870495	0.6075695650818268	0.878406568381562	0.9997507862781244	-0.2756410493586106	0.5901062882196016	0.6404254219421288	0.9996654566602691	0.3685928034873155	0.6098403829269095	0.5455719852444215	0.9981563348880957
ATP5F1E	97.36389834679623	0.30912649557622796	0.5914205069873097	0.6011936338493937	0.9997507862781244	0.0958261359232632	0.5818718691565904	0.8691911568095528	0.9996654566602691	0.2133003596529648	0.5911613643968922	0.7182371518926156	0.9981563348880957
ATP5IF1	45.37036620767169	-0.4601187052896088	0.5877610287308299	0.43372521024590704	0.9997507862781244	-0.5540017847813052	0.5638206711146103	0.32581168566059016	0.9996654566602691	0.0938830794916964	0.5919893505093777	0.8739925888522433	0.9981563348880957
ATP5MC1	33.62289755916613	0.2712278932234138	0.7092945523261048	0.7021713231551137	0.9997507862781244	-0.33867832515456203	0.6933647398274001	0.6252267232387048	0.9996654566602691	0.6099062183779759	0.7125852327534125	0.3920495879244762	0.9981563348880957
ATP5MC2	57.7589087140382	-0.03765038325490056	0.5378128609406755	0.9441885050164285	0.9997507862781244	-0.4156249860904816	0.5220348994737841	0.4259371727922263	0.9996654566602691	0.377974602835581	0.5407566409210494	0.484568544781255	0.9981563348880957
ATP5MC3	50.391446707949534	-0.2442010092901807	0.66276633003484	0.7125323722398128	0.9997507862781244	-0.6623798152099156	0.6474467424114766	0.3062773230828967	0.9996654566602691	0.418178805919735	0.6670581170408431	0.530724716188907	0.9981563348880957
ATP5MD	43.761939853932276	-0.3935883164288628	0.5934362203611836	0.5071793629937151	0.9997507862781244	0.23230568784602587	0.5595550673556738	0.6780237241997571	0.9996654566602691	-0.6258940042748887	0.5919033845708089	0.29031722921589675	0.9981563348880957
ATP5ME	51.87266485272322	0.5111779830136536	0.577607112870421	0.37616065760584017	0.9997507862781244	0.3766926289074202	0.5601910724540129	0.5013061880889152	0.9996654566602691	0.13448535410623336	0.5749002840392624	0.8150407666987213	0.9981563348880957
ATP5MF	31.670478531808286	-0.30132219880579547	0.5812560175334215	0.60418031961162	0.9997507862781244	0.05270304687914873	0.5425030640757982	0.9226089223235701	0.9996654566602691	-0.3540252456849442	0.5807374062361551	0.5421180003082379	0.9981563348880957
ATP5MG	82.11304756776242	0.31033538656672166	0.5424526022646585	0.5672564110988425	0.9997507862781244	0.076548048879836	0.53067203909876	0.8853051318761164	0.9996654566602691	0.23378733768688564	0.5421905588595228	0.6663299688591326	0.9981563348880957
ATP5MPL	41.57974331100374	0.3745647851021861	0.6384313468558355	0.5574082444082922	0.9997507862781244	0.41610532365049663	0.616032367236	0.49938345250591176	0.9996654566602691	-0.04154053854831053	0.6351314973850677	0.9478518403250612	0.9981563348880957
ATP5PB	20.42029061570393	0.039341026079805094	0.6781824675822756	0.9537410610996244	0.9997507862781244	-0.6308428461862252	0.654519553714493	0.3351332588718664	0.9996654566602691	0.6701838722660303	0.6875971765363965	0.32972142967711504	0.9981563348880957
ATP5PD	31.787615518138086	-0.01571434625781506	0.6493761542722518	0.9806937619149179	0.9997507862781244	-0.26622559412381575	0.6252059224931285	0.6702385364897321	0.9996654566602691	0.2505112478660007	0.6520705154726485	0.7008464077511791	0.9981563348880957
ATP5PF	64.68350111214707	0.2457471585438393	0.5988398732111797	0.681533031246573	0.9997507862781244	0.10954565026090057	0.5844850392735398	0.8513293787113632	0.9996654566602691	0.13620150828293873	0.5983647561248316	0.8199394321997249	0.9981563348880957
ATP5PO	44.660517524640845	0.44313195907047215	0.6701005481828491	0.5084252360916899	0.9997507862781244	-0.2517594823840038	0.6583168830970827	0.7021431662457696	0.9996654566602691	0.6948914414544759	0.6722093877016422	0.30125653907583394	0.9981563348880957
ATP6AP1	8.697688466570007	0.46565019156736615	0.7254292990571072	0.5209406881112715	0.9997507862781244	0.08658720208045016	0.6810152525711715	0.8988261960132404	0.9996654566602691	0.3790629894869159	0.7206997190196074	0.5989123692814471	0.9981563348880957
ATP6AP2	13.572816489974239	-0.542436776926814	0.6961750666085207	0.4358812291839034	0.9997507862781244	-0.14648011289317797	0.6306407066466642	0.8163268389897418	0.9996654566602691	-0.39595666403363605	0.698436079625122	0.5707692340479947	0.9981563348880957
ATP6V0A4	5.751584586723675	0.6781122614527497	0.9186729640599898	0.46042739482877615	0.9997507862781244	-0.568240152687194	0.9046211313751158	0.5299039513238176	0.9996654566602691	1.2463524141399436	0.9417362660517873	0.18568169633445386	0.9981563348880957
ATP6V0B	34.45386460088189	0.5042646254159934	0.6669167602552156	0.4495812747726222	0.9997507862781244	-0.46744629844305635	0.6561911973719544	0.4762400508846659	0.9996654566602691	0.9717109238590498	0.6719107937069501	0.1481238121212205	0.9981563348880957
ATP6V0C	33.08446729165004	-0.2739118187436063	0.5960643034583554	0.6458507359279495	0.9997507862781244	0.12976696536522478	0.5590888901236419	0.8164569636381025	0.9996654566602691	-0.4036787841088311	0.5949133552974258	0.49742268455610605	0.9981563348880957
ATP6V0D1	5.09643421200987	-0.024191742405630375	0.9748148702329212	0.9802011261253492	0.9997507862781244	0.063846179360908	0.8948220072489437	0.9431186427887511	0.9996654566602691	-0.08803792176653837	0.9714933835411103	0.927793565172997	0.9981563348880957
ATP6V0E1	50.20942152767377	0.4838907314834579	0.6554079099135486	0.4603293192359339	0.9997507862781244	0.38995396008432215	0.6389924907748183	0.5416870992008178	0.9996654566602691	0.09393677139913574	0.6529493799462237	0.8856068214895774	0.9981563348880957
ATP6V1A	10.304592456542629	0.8320400821782588	0.7465727710507449	0.26507351495018217	0.9997507862781244	0.04733567988866257	0.7183807684223464	0.9474636609826933	0.9996654566602691	0.7847044022895963	0.7434633303089104	0.29120970912835165	0.9981563348880957
ATP6V1D	6.867567894977363	-0.280644509030654	0.9028536172642891	0.7559210041129558	0.9997507862781244	-0.14657954100441875	0.8278826570158452	0.8594663483932834	0.9996654566602691	-0.13406496802623527	0.9059919442273447	0.8823617924754523	0.9981563348880957
ATP6V1F	25.217778588664153	-0.328637088832013	0.6291653793432834	0.6014349018861969	0.9997507862781244	-0.030559194004977284	0.5863363392250478	0.9584339683928186	0.9996654566602691	-0.29807789482703567	0.6295175598342785	0.6358549937572769	0.9981563348880957
ATP6V1G1	34.23939144206131	0.026318568989497457	0.6294360550983212	0.9666478232268568	0.9997507862781244	-0.07617981283604193	0.6036777802264911	0.8995792798223993	0.9996654566602691	0.10249838182553939	0.630251220923916	0.8708089830576469	0.9981563348880957
ATP6V1H	8.624194333265402	0.027076970651114696	0.8143922299831694	0.97347676421059	0.9997507862781244	0.10017804582116567	0.7480410424224281	0.8934654233714759	0.9996654566602691	-0.07310107517005097	0.8104775284398527	0.92813220412811	0.9981563348880957
ATPAF1	4.169260118653231	0.9021449250220003	0.9963559770413816	0.3652300106173	0.9997507862781244	-0.2959996680206929	0.9794962602055337	0.7625027963846925	0.9996654566602691	1.198144593042693	1.0086317566397431	0.23487635320335054	0.9981563348880957
ATRAID	15.328919567092022	0.20385429355289442	0.7225738512948872	0.777849631918432	0.9997507862781244	-0.0188042019013105	0.68462284458166	0.9780876489387368	0.9996654566602691	0.2226584954542049	0.72269038442857	0.7580087807417046	0.9981563348880957
ATRX	11.672519895725316	0.19183573356077616	0.7546266021465143	0.7993311705052972	0.9997507862781244	0.7359626325848053	0.6866474674454439	0.2838007939233863	0.9996654566602691	-0.5441268990240291	0.7379772836167149	0.4609265464090928	0.9981563348880957
ATXN7L3B	5.866449014504903	-0.4225095858148194	0.9376592472401546	0.6522776137099723	0.9997507862781244	0.21311325479230667	0.827325317071541	0.7967209912218634	0.9996654566602691	-0.635622840607126	0.9291186771065125	0.49390335472308633	0.9981563348880957
AUH	5.6109607315018	0.9216300849853098	0.8950030055751225	0.3031269893428865	0.9997507862781244	-0.03501847585726859	0.8678955065713082	0.9678151096134	0.9996654566602691	0.9566485608425784	0.893540717196811	0.28433730739035723	0.9981563348880957
AUP1	7.640245629296893	0.5699502359340782	0.8256449441084922	0.4899998129904296	0.9997507862781244	0.8531250168687361	0.7543335433307975	0.25806972203245204	0.9996654566602691	-0.2831747809346578	0.7957857635907308	0.7219581564454842	0.9981563348880957
AURKAIP1	19.269555174226504	0.5714226650447869	0.6658160806377125	0.39076602897490675	0.9997507862781244	-0.2716802807257828	0.6465335916288053	0.6743315980041216	0.9996654566602691	0.8431029457705698	0.6704350767165353	0.2085559947998058	0.9981563348880957
B2M	311.33381669927644	-1.0115634417446002	0.7909426867196385	0.20092032176239116	0.9997507862781244	0.6003080318130937	0.7835896186095087	0.44361678402558846	0.9996654566602691	-1.6118714735576938	0.7905490751436821	0.041457361804821305	0.9835265548172369
B4GALT1	7.1690154769363135	0.21622874238404854	0.8432199723834938	0.797617136208142	0.9997507862781244	0.8004529600952538	0.7535215984732114	0.2881073645715493	0.9996654566602691	-0.5842242177112054	0.8145468917366414	0.4732270784272131	0.9981563348880957
BACE2	6.666778190545027	0.7988635420613843	0.8234014355158793	0.33194713192466496	0.9997507862781244	-0.8955536212728504	0.8350408891542398	0.28351042306107	0.9996654566602691	1.6944171633342349	0.862785122811506	0.04954256901027606	0.9981563348880957
BAD	5.538595856576992	0.31368904971238276	0.8936106929228891	0.725561738237652	0.9997507862781244	-1.052528838760264	0.889957463878488	0.23693869079536567	0.9996654566602691	1.366217888472647	0.9422231876608126	0.1470602161581693	0.9981563348880957
BAG1	13.43985727147048	-0.13324046656449462	0.6782073573722888	0.8442503120133833	0.9997507862781244	0.02259672345622303	0.6222891159757116	0.971033375241622	0.9996654566602691	-0.15583719002071764	0.6771436525880353	0.8179837295617283	0.9981563348880957
BAG3	6.838350405156587	0.2325321638310572	1.1091979044072724	0.8339487175101579	0.9997507862781244	2.7066556163015854	0.9365974706192188	0.0038538718399527944	0.9996654566602691	-2.474123452470528	1.0167343403959779	0.014957680825000251	0.6209930489179271
BAG5	3.9563104640628683	-1.0996094219570323	1.0956585458323047	0.3155685915802581	0.9997507862781244	-0.07793465882624269	0.9383942791350769	0.9338109234950155	0.9996654566602691	-1.0216747631307894	1.0969403833489038	0.35165400215091225	0.9981563348880957
BANF1	12.695791178126013	-0.35558116139876755	0.7014307034943499	0.6121990385788838	0.9997507862781244	-0.2358908546919948	0.6436050764383731	0.7139808912095345	0.9996654566602691	-0.11969030670677273	0.7056300065881809	0.8653074936342338	0.9981563348880957
BAX	7.601580800541488	-0.15817829973685635	0.8403546231144734	0.8506978962032753	0.9997507862781244	0.13505348462379596	0.7587877523588874	0.8587340867679226	0.9996654566602691	-0.2932317843606523	0.834858474660049	0.7254118136911987	0.9981563348880957
BAZ1B	4.254343718954659	-1.1123060548398898	1.05707068314114	0.29268337732047645	0.9997507862781244	-0.0371141759451964	0.8963898843997472	0.9669737802640754	0.9996654566602691	-1.0751918788946933	1.056703283949266	0.30891730275718154	0.9981563348880957
BAZ2B	5.584726124507797	0.8686579250546529	0.8682445376536677	0.3170801491746097	0.9997507862781244	0.4800280608208891	0.8174391211636665	0.5570465474193399	0.9996654566602691	0.3886298642337638	0.8438042555160662	0.6451080421454142	0.9981563348880957
BBOX1	9.19308907761799	2.0851407214409337	0.9705029917363956	0.03167282632818964	0.9997507862781244	1.3128277901723981	0.9448962153426984	0.16471469202787092	0.9996654566602691	0.7723129312685354	0.9194733894215548	0.4009356544478333	0.9981563348880957
BBX	8.36838378177216	0.9357450552614079	0.8027804564368818	0.24376403685851866	0.9997507862781244	0.06739379624775828	0.775659108129482	0.9307622518343632	0.9996654566602691	0.8683512590136497	0.7984329697498582	0.27678524937953963	0.9981563348880957
BCAM	28.552221219086512	-0.14670611554913318	0.6165608872583652	0.8119255953291292	0.9997507862781244	-0.3099577077482498	0.5862598988357257	0.5970110928445715	0.9996654566602691	0.16325159219911664	0.6201415493566674	0.7923587284986124	0.9981563348880957
BCAP31	12.46241201765986	-0.09434298686095474	0.738731839473098	0.8983789649419089	0.9997507862781244	-0.24555918124972426	0.6919252624347387	0.7226700244590174	0.9996654566602691	0.15121619438876951	0.7432133153730492	0.8387733900790479	0.9981563348880957
BCAS2	5.458147349441034	-1.2372139154423551	1.01724480044791	0.22389347310305996	0.9997507862781244	-0.08942978427778317	0.869433894292632	0.9180742545035278	0.9996654566602691	-1.147784131164572	1.0188371891234052	0.25992735203134776	0.9981563348880957
BCCIP	4.26553620437927	-0.1431037942339401	0.991447969867097	0.885233431709654	0.9997507862781244	0.29948628407242134	0.884681538084574	0.7349680451826255	0.9996654566602691	-0.44259007830636143	0.9773396846264703	0.6506554290308328	0.9981563348880957
BCL7C	7.670004360994123	-0.38708730985628387	0.8741594875978108	0.6579025513256095	0.9997507862781244	0.17340879606141035	0.7838929347701086	0.8249251092243873	0.9996654566602691	-0.5604961059176943	0.8691207505425594	0.5189918918944103	0.9981563348880957
BCLAF1	9.499934557101751	0.2610117368742812	0.7392529750342267	0.7240322219385231	0.9997507862781244	-0.04498523699049361	0.6912550000266303	0.9481121915011442	0.9996654566602691	0.30599697386477476	0.7390904085853646	0.6788606856004735	0.9981563348880957
BDH2	10.078483149441505	-0.8089912667954415	0.8303847536031204	0.3299390473271896	0.9997507862781244	-0.3447901365981721	0.7498911154867647	0.6456691628475711	0.9996654566602691	-0.46420113019726944	0.8367764781755531	0.579066178940992	0.9981563348880957
BDP1	6.093367410209101	-0.22058408056235865	0.8683057831499935	0.799464941206941	0.9997507862781244	0.10967738083039226	0.7810161549385826	0.888320982243421	0.9996654566602691	-0.3302614613927509	0.8632982002276104	0.7020476638532984	0.9981563348880957
BEX2	14.13991620125504	0.39530368768318097	0.6565212673827244	0.5470951726972502	0.9997507862781244	-0.2923741657334619	0.6281991018666737	0.6416332905705102	0.9996654566602691	0.6876778534166429	0.6626256690481706	0.29935970945224666	0.9981563348880957
BEX3	48.26514939844113	-0.024769368014199555	0.665771752227529	0.9703223543798446	0.9997507862781244	-0.917859700677611	0.6556241050975579	0.16151973425435584	0.9996654566602691	0.8930903326634114	0.6726593336937889	0.1842769705535976	0.9981563348880957
BEX4	14.357361319970895	0.007495349981728482	0.7438458927521266	0.9919602663887404	0.9997507862781244	-0.5976559228913644	0.7121056856787734	0.401312311598243	0.9996654566602691	0.6051512728730929	0.7553829492908863	0.42306303364882514	0.9981563348880957
BHLHE40	9.90680484931848	2.16459211787039	0.8473560648158955	0.010633284166163643	0.9466962061229397	1.519219091829928	0.8185481175303324	0.0634546401794594	0.9996654566602691	0.6453730260404621	0.7808430638018984	0.40851599122930404	0.9981563348880957
BICC1	19.97121068625538	2.192206683271386	0.7189322215356851	0.002294107155263878	0.43066123687406194	0.2375406861456285	0.7257692948258545	0.7434447479626598	0.9996654566602691	1.9546659971257574	0.7111650810873668	0.005986124691289762	0.4142065723889666
BIRC3	9.80333139518564	-1.2856951252917626	1.0830381520413317	0.2351807004379779	0.9997507862781244	-0.09150124308016151	0.9685460214006664	0.9247335976697709	0.9996654566602691	-1.194193882211601	1.0845409951286324	0.2708508127928311	0.9981563348880957
BIRC6	8.401373954438105	1.9985078815290838	0.873274356893353	0.022107120201649098	0.9997507862781244	0.6163913246485355	0.865718754587474	0.4764650826068928	0.9996654566602691	1.3821165568805482	0.8406448068465251	0.10015249425694722	0.9981563348880957
BLOC1S1	15.215505327231499	-0.4869939870719053	0.6630535881116009	0.4626614020873051	0.9997507862781244	-0.0026020334950842897	0.599495786443882	0.9965368967042447	0.9996654566602691	-0.48439195357682097	0.662754679339394	0.4648544684323189	0.9981563348880957
BLVRB	10.355686027529291	0.2390327756153391	0.7460409163393521	0.748663839292961	0.9997507862781244	-0.3859312695056678	0.7106503675133838	0.5870831820783167	0.9996654566602691	0.6249640451210069	0.7555038003920125	0.4081152345210629	0.9981563348880957
BNIP3	10.613585288199747	-0.26602539521117696	0.7783297944088747	0.7325088827519184	0.9997507862781244	-0.40931123802616215	0.7231261339939334	0.5713732436830834	0.9996654566602691	0.1432858428149852	0.7872852076187336	0.8555827906657231	0.9981563348880957
BNIP3L	4.450918461779809	0.5487401743316395	1.09412499770361	0.615995813610799	0.9997507862781244	0.12378908483904655	1.0314020425132604	0.9044671421778128	0.9996654566602691	0.42495108949259286	1.0857470937271767	0.6955086190308895	0.9981563348880957
BOD1L1	8.231321520868224	-0.7789776856762138	0.827416285369746	0.34647020012262164	0.9997507862781244	0.019052032327634794	0.7231116001725026	0.9789803345931145	0.9996654566602691	-0.7980297180038486	0.8260436562628443	0.3340008426897577	0.9981563348880957
BOLA3	5.728068679026429	0.37605283595687855	0.9172144058665211	0.6818100027570086	0.9997507862781244	0.4123303429177635	0.845821172104772	0.6259103070928974	0.9996654566602691	-0.03627750696088493	0.9010613079322882	0.9678851543035119	0.9981563348880957
BORCS7	5.898803208981397	-1.150479623277731	0.8724541830303046	0.18727928185985177	0.9997507862781244	-0.825160041919561	0.772269721830629	0.2853009593025687	0.9996654566602691	-0.32531958135817	0.8963859291635294	0.7166619792700009	0.9981563348880957
BPTF	8.753139142429426	-0.38566478013338545	0.8264753516886788	0.6407589165259489	0.9997507862781244	0.1323722194394379	0.7435332145550336	0.8586983579315588	0.9996654566602691	-0.5180369995728233	0.8227834030176205	0.5289463263929381	0.9981563348880957
BRD2	10.53254065921067	-0.5588765639110154	0.9922514088905452	0.5732708644477134	0.9997507862781244	1.3570241136344723	0.8615329879212819	0.11522706787233955	0.9996654566602691	-1.9159006775454877	0.9673736760629328	0.047645387672889075	0.9981563348880957
BRD7	5.210897516955348	-0.6671731370197642	0.960799320618054	0.4874352509891944	0.9997507862781244	0.3215029892172921	0.8294180862220194	0.6982937406776384	0.9996654566602691	-0.9886761262370563	0.9494103751847532	0.297709409549788	0.9981563348880957
BRI3	11.789832135073814	-0.19523990182142575	0.7928395053847542	0.8054856140816942	0.9997507862781244	-0.21771837591649668	0.7406177275166919	0.7687818773160244	0.9996654566602691	0.022478474095070925	0.7967503880065946	0.9774925137039205	0.9981563348880957
BRK1	17.58829012688186	-0.4636477396025836	0.6665534948493592	0.4866858239779055	0.9997507862781244	-0.052466320892062206	0.6098273551432001	0.9314388233014237	0.9996654566602691	-0.41118141871052144	0.6671669241604771	0.5376901659535622	0.9981563348880957
BROX	4.112168972723875	0.03834609116791993	0.97714471611031	0.9686966501049082	0.9997507862781244	-0.31652497752195285	0.9111618806462771	0.7283012701108948	0.9996654566602691	0.3548710686898728	0.9890362849363764	0.7197410442088316	0.9981563348880957
BSCL2	5.437252213935047	0.17184551524293096	0.9133851410737951	0.8507658457424148	0.9997507862781244	-0.2855364001057086	0.8604682863437239	0.7400113035761118	0.9996654566602691	0.4573819153486395	0.9219488256371174	0.6198214847695122	0.9981563348880957
BSG	36.18653631081471	1.0892284745370429	0.6292322955867898	0.08344400646436363	0.9997507862781244	0.0629383504091321	0.6200252900982531	0.9191461533044162	0.9996654566602691	1.0262901241279108	0.6285279645157499	0.10250113818364506	0.9981563348880957
BST2	12.77179476052841	-1.5111013443869208	0.7856559715902991	0.05443452271671117	0.9997507862781244	-0.2953571351818695	0.6757915337617538	0.6620724631160646	0.9996654566602691	-1.2157442092050512	0.7901274779543332	0.12388526230115528	0.9981563348880957
BTBD7	6.415407462433317	1.6979148789974017	0.9471994578442381	0.07304279716548528	0.9997507862781244	1.239419046873246	0.9027478259592372	0.16977084628495076	0.9996654566602691	0.4584958321241556	0.8806931758304765	0.6026399390990791	0.9981563348880957
BTF3	43.3946198367203	-0.5784171418949292	0.5390060279753884	0.2832181165671034	0.9997507862781244	-0.3229872471821467	0.5074912142762492	0.5244902686341752	0.9996654566602691	-0.2554298947127825	0.5416029678439471	0.6371992308752621	0.9981563348880957
BTF3L4	4.786082138306451	-0.5848471861230028	0.9331505959888909	0.5308266008503391	0.9997507862781244	0.5349695687197088	0.7959238061587116	0.5014966998862234	0.9996654566602691	-1.1198167548427116	0.9127169506108592	0.21985839604888102	0.9981563348880957
BTG1	64.72252370340613	-1.0331024671127615	0.6818209415063045	0.12971902413208833	0.9997507862781244	-0.04279377292702202	0.652075247118029	0.9476747550896212	0.9996654566602691	-0.9903086941857394	0.6821080077037979	0.1465473203528656	0.9981563348880957
BTG2	25.58381934209202	-1.8695101277955257	0.9993932518355311	0.061394283706306	0.9997507862781244	0.818110090684307	0.8880246770497142	0.35690971695825024	0.9996654566602691	-2.687620218479833	0.9943844769446035	0.006875855118846188	0.41594044484286763
BTG3	3.90107866970252	0.09962710036967201	1.0521793858825896	0.9245639039338108	0.9997507862781244	0.8778165107044957	0.928262069135789	0.34432411794884366	0.9996654566602691	-0.7781894103348237	1.0126507645867269	0.44220936930931054	0.9981563348880957
BUB3	4.755686120302737	-0.09329811860868908	1.0254133252945274	0.9275038223888472	0.9997507862781244	0.38396345466621373	0.9191508027367513	0.6761392930985256	0.9996654566602691	-0.4772615732749028	1.0098351422820444	0.636489053635294	0.9981563348880957
BUD23	6.543853417180177	0.47705321860683236	0.857589991418472	0.5780249899998318	0.9997507862781244	0.5106173455580097	0.7898772321945707	0.5179869774326354	0.9996654566602691	-0.03356412695117735	0.8372452825177905	0.9680223611448249	0.9981563348880957
BUD31	8.385225513223835	-0.33643291425262156	0.8477888928480968	0.6914886093948602	0.9997507862781244	0.18609158782797103	0.7648311755803954	0.8077647371712807	0.9996654566602691	-0.5225245020805925	0.8429318677286495	0.5353306265212747	0.9981563348880957
BZW1	8.253425910488584	0.31080147311055123	0.8527897695891844	0.7155200417907093	0.9997507862781244	0.7042075706984644	0.7754996052762936	0.3638414817592115	0.9996654566602691	-0.39340609758791323	0.8306386464515725	0.6357717506679434	0.9981563348880957
C11orf1	6.419949791202573	0.7671804148180282	0.8381544761616734	0.36002312427873784	0.9997507862781244	-0.5017105376239145	0.8272934599582069	0.544217243716031	0.9996654566602691	1.268890952441943	0.8577438133105578	0.13905064464115424	0.9981563348880957
C11orf54	8.151951083612557	-0.003996954354868986	0.760314792865784	0.9958055617080437	0.9997507862781244	-0.15681784946479943	0.702367860494623	0.8233251780851522	0.9996654566602691	0.15282089510993047	0.7634911159609253	0.8413549236380466	0.9981563348880957
C11orf58	16.161227822878168	-0.40826401738635926	0.6460186081519733	0.5274068472115647	0.9997507862781244	-0.21533486321017004	0.5927185663951925	0.7163805311771323	0.9996654566602691	-0.1929291541761892	0.6493084873419979	0.766367116373239	0.9981563348880957
C12orf57	17.90622424007312	-0.25771002459181847	0.6978824617869521	0.7119233147888759	0.9997507862781244	0.00677948952988307	0.6470947835996093	0.9916408674458274	0.9996654566602691	-0.2644895141217015	0.6976664752437727	0.7046091856778448	0.9981563348880957
C12orf75	11.884351060381956	-1.9790547512255259	0.8642456292261014	0.022025860700719477	0.9997507862781244	0.16593842010500695	0.7071084013755042	0.8144634563105133	0.9996654566602691	-2.144993171330533	0.8618085316032299	0.01281231460634189	0.5599206260420639
C15orf48	8.370450763184184	-1.108316147546472	1.1758467250927376	0.3459016305781991	0.9997507862781244	1.1655201442568024	0.9964140015703563	0.2421157845609594	0.9996654566602691	-2.2738362918032746	1.153985824628896	0.04879030061280715	0.9981563348880957
C16orf89	11.118346969712311	0.12561777540094873	0.9394615763421449	0.8936299040519837	0.9997507862781244	-1.183688010262546	0.9278023046907925	0.2020270545988474	0.9996654566602691	1.3093057856634946	0.9665581708580723	0.17554302581997194	0.9981563348880957
C17orf49	7.596802056908648	-0.2784641169050193	0.8266929096928473	0.7362367177255998	0.9997507862781244	-0.43632592346825755	0.762982228832858	0.5674106922866902	0.9996654566602691	0.1578618065632382	0.8386436836932403	0.8506927053013545	0.9981563348880957
C18orf32	15.684963040074434	-0.3989793221489942	0.7457587488799996	0.5926513487410088	0.9997507862781244	-0.5653325333817486	0.7022159450265446	0.4207796624408817	0.9996654566602691	0.16635321123275448	0.7547761479156961	0.8255590797739538	0.9981563348880957
C19orf33	7.019430961654414	-1.156578648489126	1.1353099685307622	0.30832935728356203	0.9997507862781244	0.3079028860307076	0.9777535202100439	0.7528311341671284	0.9996654566602691	-1.4644815345198336	1.1282553859770004	0.1942854943232829	0.9981563348880957
C19orf53	22.603714273435795	0.3871620308213325	0.6497132598207639	0.5512441933445191	0.9997507862781244	0.17039218517980154	0.6194499167814738	0.7832623396064158	0.9996654566602691	0.21676984564153096	0.6471764957216485	0.737665043691948	0.9981563348880957
C1D	7.48665601196886	0.01508793821130626	0.8288476504612606	0.9854765008729679	0.9997507862781244	0.2689928070886522	0.7526683772410575	0.7208031877871108	0.9996654566602691	-0.2539048688773459	0.8194726122481851	0.7566831192991663	0.9981563348880957
C1QBP	8.617474789486579	0.4322083337099453	0.877000146548488	0.6221356511203384	0.9997507862781244	0.4773282647213683	0.8199834472619197	0.5604862648571922	0.9996654566602691	-0.04511993101142294	0.8645996751519046	0.9583805504468756	0.9981563348880957
C1orf122	7.573120189424576	0.5466639205014456	0.790467998471703	0.48920743332235883	0.9997507862781244	-0.19875361294335442	0.7574282988440549	0.7930085667093262	0.9996654566602691	0.7454175334448	0.7954448305896377	0.34870312368206713	0.9981563348880957
C1orf43	9.20074820161596	-0.5279377263863217	0.7638074542998042	0.489444788273251	0.9997507862781244	-0.2907208316619418	0.6908772277952093	0.6739014548887674	0.9996654566602691	-0.23721689472437993	0.7699348083948166	0.7580062607395603	0.9981563348880957
C21orf62	3.229392419840053	0.6171227973256997	1.1487322303923002	0.5911151356191842	0.9997507862781244	0.10637129516638874	1.0878040177004025	0.9221027416818229	0.9996654566602691	0.5107515021593111	1.1404742832418135	0.6542677242766731	0.9981563348880957
C4orf3	14.998967149256256	-0.9540769603087109	0.7256476619622537	0.18857925185071744	0.9997507862781244	0.2659576025326659	0.6333064564885021	0.6745213388320243	0.9996654566602691	-1.220034562841377	0.7214224322693429	0.09080788867368825	0.9981563348880957
C4orf48	8.456027743805336	1.155343150386345	0.8239693976885248	0.16086521973894308	0.9997507862781244	1.2940978422217524	0.763495723416561	0.09008223113969711	0.9996654566602691	-0.13875469183540734	0.7737983716438612	0.8576893173957574	0.9981563348880957
C5orf24	4.982493226923157	-0.3480017900290079	1.0063199008787795	0.7294808003897681	0.9997507862781244	0.08885152667900102	0.8978923053239529	0.9211734745556601	0.9996654566602691	-0.43685331670800887	1.0013270234416234	0.6626376748410501	0.9981563348880957
C7orf50	8.891365955431603	-0.6309815315812055	0.8061206860683509	0.4337808091109563	0.9997507862781244	-0.9460879208103831	0.7512694895966797	0.20791514353697682	0.9996654566602691	0.31510638922917755	0.8292184759459476	0.7039423998244498	0.9981563348880957
C9orf16	12.09490337582808	-0.710604937750975	0.6903561185425691	0.3033241717526989	0.9997507862781244	-0.17309938145162942	0.6145150438346738	0.7781854174386409	0.9996654566602691	-0.5375055562993455	0.6931796045314349	0.4380913270872293	0.9981563348880957
C9orf78	7.394971333228804	-0.09097206679236422	0.7784714641267299	0.9069711067368299	0.9997507862781244	-0.681730396739753	0.7361122148219713	0.3543821019612442	0.9996654566602691	0.5907583299473889	0.8004046291808142	0.4604691151433957	0.9981563348880957
CA12	37.97636102276859	1.019009670547207	0.5993477237454493	0.08909372934528445	0.9997507862781244	0.07975221573401814	0.5887632796432084	0.8922504146294415	0.9996654566602691	0.9392574548131888	0.5984185772374533	0.11651611277384147	0.9981563348880957
CA2	10.681088053432724	0.4931267701547925	0.9512522539185876	0.6041809733856585	0.9997507862781244	0.9718243115700023	0.8889239171518349	0.27427998099319395	0.9996654566602691	-0.47869754141520976	0.9312246101562635	0.6072158844981739	0.9981563348880957
CACYBP	13.680305779569224	-0.35594647657031914	0.8111787168893827	0.6608053386529684	0.9997507862781244	0.708157816115177	0.7299571719878877	0.3319786485658053	0.9996654566602691	-1.0641042926854962	0.7997501900602152	0.18333849176685457	0.9981563348880957
CALM1	41.93730179529574	0.2910402455682114	0.637349910288033	0.6479289408241434	0.9997507862781244	0.5114500477376802	0.6127464426855038	0.40389528868253477	0.9996654566602691	-0.22040980216946884	0.6334379717813009	0.7278717349519709	0.9981563348880957
CALM2	69.66989229270946	-0.005203085645384601	0.5481553088467129	0.9924266000909558	0.9997507862781244	0.20751551512461303	0.5298352523245652	0.6953091138225971	0.9996654566602691	-0.21271860076999763	0.5471870028047469	0.6974615598118485	0.9981563348880957
CALM3	6.849740842617811	-1.5726978713424051	0.8819472542615561	0.07455199460535034	0.9997507862781244	-0.023310078258806856	0.7232387193547448	0.9742885280448493	0.9996654566602691	-1.5493877930835982	0.8815526452225609	0.07882122110558865	0.9981563348880957
CALR	30.679732526728156	0.4336934697131904	0.5910868059413691	0.46311810871246284	0.9997507862781244	0.31258868535837814	0.564073034969588	0.5794669578727676	0.9996654566602691	0.12110478435481226	0.5873268881525275	0.8366373742743919	0.9981563348880957
CAMK2N1	13.002671014325506	-0.004674239251934071	0.7737070397456223	0.9951797250708568	0.9997507862781244	0.9622783967408577	0.6945016033095868	0.16587920742302653	0.9996654566602691	-0.9669526359927917	0.7547843081073401	0.20015926094788583	0.9981563348880957
CAMLG	3.4338520572506974	-0.6322699274514155	1.1405085977046605	0.5793219476653304	0.9997507862781244	0.1281445109845034	0.9978106211947759	0.8978121069900121	0.9996654566602691	-0.7604144384359189	1.13416268938661	0.5025625060175563	0.9981563348880957
CAMTA1	15.270170837141896	0.47108118380393793	0.7018134079343571	0.5020713245325117	0.9997507862781244	0.4449606605197654	0.6589700759755802	0.4995255080075125	0.9996654566602691	0.026120523284172532	0.692703201131221	0.9699204157621873	0.9981563348880957
CAND1	6.502915497175087	1.6749125375822644	0.9658625169038793	0.08289844110330369	0.9997507862781244	1.0150524361440942	0.9281806989569786	0.2741332743654271	0.9996654566602691	0.6598601014381701	0.9112671733273315	0.4689965697928238	0.9981563348880957
CANX	22.666818052318636	0.4069362629545858	0.7039751378410664	0.5632270689057824	0.9997507862781244	0.06748576237989123	0.676572846294068	0.9205455958829485	0.9996654566602691	0.3394505005746946	0.7030211354010656	0.6292055332622564	0.9981563348880957
CAP1	9.611143144291747	0.32667902218526723	0.7317543826107902	0.655284778219007	0.9997507862781244	0.7488745678949035	0.6625196547008939	0.2583316498235113	0.9996654566602691	-0.42219554570963624	0.709934447984272	0.5520463483786512	0.9981563348880957
CAPG	10.657311579360087	-0.05436539730374037	0.7093203062303914	0.9389064725824532	0.9997507862781244	0.11132766702863571	0.6476331629259545	0.8635167215990021	0.9996654566602691	-0.16569306433237607	0.7056513229060075	0.8143572208851537	0.9981563348880957
CAPN2	11.952952181423363	0.3679072849009055	0.7181935923749484	0.6084637600981406	0.9997507862781244	0.23320144364707188	0.6702539856807503	0.7278927831391311	0.9996654566602691	0.13470584125383364	0.7114873690600518	0.8498342525690004	0.9981563348880957
CAPNS1	8.920713807426367	-0.1985732257668398	0.8559538586757575	0.8165453360791308	0.9997507862781244	0.4547498916834537	0.7663733498409913	0.552927504957361	0.9996654566602691	-0.6533231174502936	0.8437366974500929	0.4387409361446867	0.9981563348880957
CAPRIN1	4.346766645327474	-1.2567006552044533	1.0880245974249871	0.24807829037508966	0.9997507862781244	0.04799522142482339	0.9093414865092684	0.9579070412125863	0.9996654566602691	-1.3046958766292767	1.0849817114567104	0.22916795018021086	0.9981563348880957
CAPZA1	4.941292059695935	0.06735965450398618	0.9854659697599903	0.9455045548170465	0.9997507862781244	1.0559303138975402	0.8641899597119811	0.2217556855878946	0.9996654566602691	-0.988570659393554	0.945741887097857	0.2958908525078362	0.9981563348880957
CAPZA2	13.526649806651768	-0.06719694625952383	0.7624527549061856	0.9297712834271665	0.9997507862781244	-0.03135475747101013	0.7108344900586347	0.9648168920170914	0.9996654566602691	-0.0358421887885137	0.762756460646922	0.962520923071826	0.9981563348880957
CAPZB	13.625222517298134	-0.020118013807977158	0.6599699873231583	0.9756816714442412	0.9997507862781244	0.004348416857373665	0.609290605793619	0.9943056643440611	0.9996654566602691	-0.02446643066535082	0.6591967242676038	0.9703928956160234	0.9981563348880957
CARMIL1	6.3195488597162885	0.9274087114626027	0.8750256384563151	0.28920619567631034	0.9997507862781244	0.08342450714991476	0.8435222645396419	0.921217522832675	0.9996654566602691	0.8439842043126881	0.8679882254173011	0.33087883315747313	0.9981563348880957
CASK	5.009051077125188	0.7643548876509727	1.0427295721390086	0.46353847721875674	0.9997507862781244	-0.008859672039529691	1.002033204816883	0.9929454399341038	0.9996654566602691	0.7732145596905023	1.0407536675816105	0.45751973491392994	0.9981563348880957
CASR	15.2313892508438	1.7655526923783433	0.685905974366621	0.010051726290233225	0.9466962061229397	-0.6705746025218065	0.7139583332595953	0.34761014067106333	0.9996654566602691	2.43612729490015	0.7087259785932193	0.0005874725551265183	0.1463394134820157
CAST	12.710338293970777	0.40614636528650905	0.7519520619008293	0.5891124285054858	0.9997507862781244	1.000716602339248	0.6878449103282748	0.14570860475896602	0.9996654566602691	-0.5945702370527389	0.7303601818756668	0.4156002047447155	0.9981563348880957
CAT	6.998367970711807	-0.37147101225849116	0.8661884168173063	0.6680272556828062	0.9997507862781244	0.32160737731773553	0.7681682904307567	0.6754588848385183	0.9996654566602691	-0.6930783895762267	0.8566239725016463	0.4184684158198475	0.9981563348880957
CBR1	12.83733684921963	1.1914206949845028	0.7499480565189768	0.11213469967938157	0.9997507862781244	0.06322323169014672	0.7358023396109045	0.9315266691859494	0.9996654566602691	1.128197463294356	0.7474784434761637	0.1312124816266897	0.9981563348880957
CBX1	6.506182100247782	-0.7780678370896481	0.8932586066639558	0.38372995335101534	0.9997507862781244	0.1697235700138839	0.7689405971328132	0.8253074183028567	0.9996654566602691	-0.9477914071035322	0.886747876975458	0.28514187027541427	0.9981563348880957
CBX3	9.781747949524801	-0.44725720261561247	0.8333422170153314	0.5914728375827681	0.9997507862781244	0.4940109491285584	0.7351602660008818	0.5015982009348636	0.9996654566602691	-0.9412681517441709	0.8217422149315661	0.2520210169027317	0.9981563348880957
CBX5	9.904280962951937	-0.03832858183299276	0.7971530850738882	0.9616510243029729	0.9997507862781244	-0.8269181287185295	0.7645765311862723	0.2794581247517349	0.9996654566602691	0.7885895468855368	0.8196828297469478	0.3360161051236543	0.9981563348880957
CCDC115	4.091410887485478	-1.7800728591693855	1.1558860139961409	0.12355858253110438	0.9997507862781244	-0.2129604971491222	0.9441319476870784	0.8215419284131457	0.9996654566602691	-1.5671123620202632	1.1611641255291836	0.17714287084517344	0.9981563348880957
CCDC12	9.23441838419509	-0.3143047281420979	0.724003451704749	0.664200952050132	0.9997507862781244	-0.47508338326277116	0.6676464448860329	0.47672533520092164	0.9996654566602691	0.16077865512067324	0.7356734472380826	0.8270035458634606	0.9981563348880957
CCDC14	3.375700045582727	-0.16944109907601293	1.0564407765521957	0.8725749379784256	0.9997507862781244	-0.3365684914341445	0.9721030059815341	0.7291719827915926	0.9996654566602691	0.16712739235813157	1.0699103665155785	0.8758699301861287	0.9981563348880957
CCDC186	6.335354750017414	0.18229072195088175	0.8576574743336709	0.8316819528815285	0.9997507862781244	0.5570780904176118	0.7742505812984175	0.4718290860347609	0.9996654566602691	-0.3747873684667301	0.8372584098164859	0.6544156045583688	0.9981563348880957
CCDC198	7.749796848902907	0.9398133537545821	0.8355016232273177	0.2606529309015889	0.9997507862781244	-0.1516156984300082	0.8159248824251832	0.8525854040251075	0.9996654566602691	1.0914290521845902	0.8391876628931471	0.19340292519244429	0.9981563348880957
CCDC47	6.26514629941078	0.1155538773816156	0.8949086191595458	0.8972597997712108	0.9997507862781244	-0.1185290899372765	0.8336214798433172	0.8869332923888726	0.9996654566602691	0.23408296731889208	0.897373190749147	0.794205459679352	0.9981563348880957
CCDC59	4.843410465419442	-0.8409947166068367	1.0271248051543005	0.4129089054892545	0.9997507862781244	-0.2844224064624337	0.9077602586451131	0.7540350778026058	0.9996654566602691	-0.5565723101444029	1.034863819269251	0.5907000881075382	0.9981563348880957
CCDC66	4.048348902307972	0.7593771876112563	0.9761174477634043	0.43659449240276726	0.9997507862781244	0.8302893943353395	0.8977772708482672	0.3550554781742068	0.9996654566602691	-0.07091220672408327	0.9325602333793835	0.9393869962955589	0.9981563348880957
CCL5	11.05344515031027	-0.3369686976393224	2.257325645436075	0.8813344000686525	0.9997507862781244	1.6130812087225794	2.1844173766245114	0.46024154173629517	0.9996654566602691	-1.9500499063619017	2.244253808713764	0.38489749786600136	0.9981563348880957
CCN1	6.832502022207469	0.2604950194642004	0.9464615024962166	0.7831391989806413	0.9997507862781244	-0.7827459296984395	0.9208860310555699	0.395329431148168	0.9996654566602691	1.0432409491626398	0.9731782905479395	0.28372288365902354	0.9981563348880957
CCND1	8.09588526030094	-0.18781942128212062	0.828292489041283	0.8206142965180077	0.9997507862781244	-0.6802201445536279	0.782002518856521	0.38438570031757346	0.9996654566602691	0.49240072327150736	0.8461667930176779	0.5606210912242084	0.9981563348880957
CCNDBP1	6.812674700425171	0.3968368201438499	0.8486621584555183	0.6400686465375507	0.9997507862781244	0.3928356763218377	0.7822910638317991	0.615554621637799	0.9996654566602691	0.004001143822012223	0.8329337483220086	0.996167235857817	0.9985003295921588
CCNI	31.717258574355284	-0.38987870046484274	0.5501424608048938	0.47851885761012913	0.9997507862781244	-0.240871144358249	0.5141078365047779	0.6394109073973089	0.9996654566602691	-0.14900755610659375	0.552682404508634	0.7874619030066479	0.9981563348880957
CCNL1	21.492565064169376	-0.7130337425656833	0.8552772952371679	0.4044572669338604	0.9997507862781244	0.18285198140575137	0.7958526614918957	0.8182813210224398	0.9996654566602691	-0.8958857239714347	0.853615033485243	0.2939390308806047	0.9981563348880957
CCPG1	7.873256072067979	0.1134436987228582	0.803955378606985	0.8877854460998925	0.9997507862781244	-0.03850068505833525	0.7466872590334109	0.9588777022672413	0.9996654566602691	0.15194438378119346	0.8038529576143234	0.850077046320898	0.9981563348880957
CCT2	6.184329527155955	-0.35832588433952184	0.8596524724293972	0.6768053576409749	0.9997507862781244	-0.5554129741866587	0.7932582020396786	0.48382320772237386	0.9996654566602691	0.19708708984713685	0.8766292642972422	0.8221163791656123	0.9981563348880957
CCT3	11.090678293600938	-0.22874861514390957	0.7655587007347079	0.7650929745104817	0.9997507862781244	0.03640668541181083	0.7006858932861226	0.9585616501322738	0.9996654566602691	-0.2651553005557204	0.7643022179684955	0.7286479066506878	0.9981563348880957
CCT4	9.355909378396863	-0.17294269949112212	0.7644531527020495	0.8210220679698651	0.9997507862781244	-0.38033910564367285	0.7090641760282348	0.5916849753331714	0.9996654566602691	0.20739640615255076	0.7737741093155419	0.7886745040574115	0.9981563348880957
CCT5	7.111881692765018	0.5040475537962893	0.9137811431200592	0.5812180303377843	0.9997507862781244	0.5774389837496144	0.8473086830168116	0.49555657301776435	0.9996654566602691	-0.07339142995332516	0.8946413954365859	0.934619305179664	0.9981563348880957
CCT6A	8.683348802477738	0.6161004712631607	0.7687734539578922	0.42289603101603734	0.9997507862781244	0.7040961631046683	0.7097053474617788	0.32115047306706934	0.9996654566602691	-0.08799569184150761	0.7459823988839419	0.9060997682106181	0.9981563348880957
CCT7	6.156867700613601	-0.8455546294116855	1.0288378581169777	0.41115992936232615	0.9997507862781244	0.43104399684355205	0.8926295274418983	0.6291721526647106	0.9996654566602691	-1.2765986262552376	1.0183661960669474	0.20999644348039292	0.9981563348880957
CCT8	6.240753745928845	-0.2956714303188773	0.9649269635241942	0.7592860578992515	0.9997507862781244	-0.1670138536440639	0.8861025636957922	0.8504992931854697	0.9996654566602691	-0.12865757667481342	0.9688066616409475	0.8943515119026038	0.9981563348880957
CD151	10.03821522499186	-0.6755982348302673	0.7447481583025799	0.36432752076394226	0.9997507862781244	-0.4270553026201227	0.6722278158012388	0.5252434717999387	0.9996654566602691	-0.24854293221014453	0.7536851572429116	0.7415735786518074	0.9981563348880957
CD164	11.238498707304146	-0.2660519997516774	0.8700303046372481	0.7597597880531171	0.9997507862781244	0.08968046373705287	0.8007738424268938	0.9108295521286867	0.9996654566602691	-0.3557324634887303	0.8680282412719377	0.681940419703431	0.9981563348880957
CD24	76.78816639796113	-0.8093293310245382	0.5776385979461458	0.1611842278087422	0.9997507862781244	-0.36862201946717355	0.5558359455347779	0.5072121255733728	0.9996654566602691	-0.4407073115573647	0.5792819366696188	0.44678724485381605	0.9981563348880957
CD2AP	9.96708424721299	1.375769017355038	0.8571958672916129	0.10850159667766508	0.9997507862781244	0.4467660863347509	0.833895284051765	0.5921257988683896	0.9996654566602691	0.9290029310202873	0.8401940341208108	0.26885619034655117	0.9981563348880957
CD320	2.909565978075568	0.27023057216807883	1.1505365293301562	0.8143068975324519	0.9997507862781244	0.000989305536377542	1.0727008921398495	0.999264145758358	0.9996654566602691	0.2692412666317013	1.1478342516837554	0.8145466985795862	0.9981563348880957
CD37	7.477276074806923	-1.398016228115231	2.142025607900349	0.5139749549032726	0.9997507862781244	1.0164385780397676	1.9839121234352524	0.6084127080464001	0.9996654566602691	-2.4144548061549984	2.1313413593518815	0.25728419732904495	0.9981563348880957
CD44	5.810458539813544	-0.669495418652698	1.3007243687227419	0.6067559107709978	0.9997507862781244	1.5531711172491947	1.1066875402939602	0.1604852531657771	0.9996654566602691	-2.222666535901893	1.262108038439791	0.07822576042172823	0.9981563348880957
CD46	10.423555334179623	-0.46470840111792394	0.8074978987285827	0.5649587499851081	0.9997507862781244	-0.14062095995286636	0.7370463624873885	0.8486902464456345	0.9996654566602691	-0.3240874411650576	0.809971098135644	0.689066492440685	0.9981563348880957
CD47	9.211298504562173	0.032140152810362206	0.8139933072630177	0.9685040777189786	0.9997507862781244	0.7799395505853134	0.7293619671436768	0.2849142542370233	0.9996654566602691	-0.7477993977749511	0.7942001876501735	0.3464100445322015	0.9981563348880957
CD52	12.590066991469511	-2.075870734299886	1.942301593903208	0.28517400278008054	0.9997507862781244	1.1405591558224861	1.7745287197575306	0.5203933456389209	0.9996654566602691	-3.216429890122372	1.9346891940068138	0.09641162051806089	0.9981563348880957
CD55	7.907916003838762	-0.6346669778676285	1.0887555146008594	0.5599412120144274	0.9997507862781244	0.5086777647885078	0.9686099341266258	0.5994701233654793	0.9996654566602691	-1.1433447426561363	1.0777549287670636	0.2887545214115361	0.9981563348880957
CD59	35.96565567973047	0.5593199131716223	0.6507586230670518	0.3900707565907564	0.9997507862781244	-0.28363587509971444	0.6382824300431578	0.6567724814313687	0.9996654566602691	0.8429557882713367	0.6538196449831566	0.1973011885909267	0.9981563348880957
CD63	66.57885671954301	-0.5804924158207843	0.567992032912313	0.3067771021809028	0.9997507862781244	-0.47202329083606476	0.5480609405803452	0.3890945341987566	0.9996654566602691	-0.10846912498471951	0.5704815933585016	0.8492025102051981	0.9981563348880957
CD69	20.64440249943936	-3.0803907400147104	2.847119633703015	0.2792826039898858	0.9997507862781244	0.710872665074875	2.7243322721130028	0.7941429098351871	0.9996654566602691	-3.7912634050895857	2.845379714427528	0.18271960903809914	0.9981563348880957
CD74	58.90244529580658	-1.4976543991358207	0.9773236080656332	0.1254228232764336	0.9997507862781244	0.20666927159274814	0.9421432493927333	0.8263690243628015	0.9996654566602691	-1.7043236707285687	0.9768390126376819	0.08103128315903696	0.9981563348880957
CD81	25.854457351477777	0.15440237544900956	0.6488027218270785	0.8118962432501895	0.9997507862781244	0.008008284517155632	0.6185800260010665	0.9896706847618681	0.9996654566602691	0.14639409093185393	0.6487078808686277	0.8214578727599837	0.9981563348880957
CD9	35.80161902980527	-0.1926588356456562	0.607098116503011	0.750982730467666	0.9997507862781244	-0.18145946004110458	0.5792272136066989	0.7540690471762406	0.9996654566602691	-0.011199375604551623	0.6088064460554556	0.9853232419091974	0.9981563348880957
CD99	5.777977476526064	0.14263610768113044	1.1336895213441405	0.8998776971433702	0.9997507862781244	1.3638192434692844	1.0026867245777435	0.17377776140748424	0.9996654566602691	-1.221183135788154	1.0889086985755505	0.26208601906066087	0.9981563348880957
CDC123	3.018554658318866	-0.6564033383443936	1.0805479379635476	0.5435372761485471	0.9997507862781244	-0.3831941305378643	0.9621336636489418	0.6904272217818175	0.9996654566602691	-0.2732092078065293	1.0953724953469444	0.8030349275856218	0.9981563348880957
CDC26	3.952787432802282	0.6482340571489142	0.9878599309949457	0.5116952076509129	0.9997507862781244	0.8202534305260405	0.9030474176213088	0.3637106994087498	0.9996654566602691	-0.17201937337712628	0.9456820501983968	0.8556613634623282	0.9981563348880957
CDC37	6.702632414129729	-1.5684038397271503	0.9066124703460183	0.08363731752664855	0.9997507862781244	-0.0831978584623095	0.7481011186928318	0.9114481969797359	0.9996654566602691	-1.4852059812648408	0.9077353682704948	0.10180479604558226	0.9981563348880957
CDC42	21.832556176488733	-0.18528084412043797	0.628964277691	0.7683140775543094	0.9997507862781244	0.6818638234485509	0.5694253595972371	0.23112749254964537	0.9996654566602691	-0.8671446675689889	0.6195161729950265	0.16159936318974355	0.9981563348880957
CDC42SE2	8.082073029397302	-0.9530218878303051	0.9078500095689205	0.29382985715388954	0.9997507862781244	0.04441088097599145	0.7920240131534765	0.9552839361174003	0.9996654566602691	-0.9974327688062965	0.9063896247552541	0.2711378781837017	0.9981563348880957
CDC5L	4.239633583031968	0.43121991244052177	1.0459625309359297	0.680140876379858	0.9997507862781244	-0.08287024309881504	0.9884427792674568	0.9331842876727697	0.9996654566602691	0.5140901555393368	1.0470469917535687	0.6234331467548422	0.9981563348880957
CDH1	6.746941180285371	0.8044768661912086	0.9002327312724285	0.3715187655799539	0.9997507862781244	0.6316802963879773	0.839928076358433	0.4520121226699789	0.9996654566602691	0.17279656980323133	0.8718571893909332	0.8428935454975586	0.9981563348880957
CDH16	25.035751568893645	0.3612854952057225	0.6343787031996995	0.5690095730422231	0.9997507862781244	-0.27698051999158774	0.6132961915248275	0.6515384195601347	0.9996654566602691	0.6382660151973103	0.6382127136463427	0.31727009225835545	0.9981563348880957
CDK12	4.984851078299316	-0.38923349248310657	1.0332188948518262	0.7063822230251728	0.9997507862781244	0.6891194191632728	0.8947795990454478	0.44120766408586864	0.9996654566602691	-1.0783529116463795	1.0084014917719197	0.28490360140381676	0.9981563348880957
CDK2AP2	9.298368724466687	0.20127262465450632	0.775042934300755	0.7951011899170073	0.9997507862781244	0.3736163254528996	0.7106587458150497	0.5990741513980656	0.9996654566602691	-0.17234370079839323	0.7639597141602334	0.8215182534850994	0.9981563348880957
CDK5RAP3	3.2321751106278414	-0.18557759622949496	1.0842836014581136	0.8641040391778223	0.9997507862781244	0.6164261757757669	0.9447089725106381	0.514076235017189	0.9996654566602691	-0.8020037720052619	1.051480445881875	0.44561984497213647	0.9981563348880957
CDKN1A	6.177204879224347	-0.0779332311180448	1.0391099397970496	0.9402147228947797	0.9997507862781244	0.7407928513606009	0.9303931159905406	0.42590714511578975	0.9996654566602691	-0.8187260824786456	1.0172296000853303	0.4209012296925836	0.9981563348880957
CEBPB	6.288593172260962	-0.7614363530182771	1.266040201281913	0.5475526782314485	0.9997507862781244	2.0724234871872467	1.0382332478101637	0.04592239952318825	0.9996654566602691	-2.8338598402055237	1.2118554940047463	0.019364072196630982	0.7013985160791952
CEBPD	20.736455990288043	0.2506533574364358	0.7714229220165445	0.7452390475332862	0.9997507862781244	0.47829007123232115	0.7338715272207805	0.5145718659751943	0.9996654566602691	-0.22763671379588532	0.7656635856447108	0.7662325664957321	0.9981563348880957
CEBPZ	7.539357963768623	0.6296770053007201	0.8184847652440117	0.4417031454697845	0.9997507862781244	0.9657072017415202	0.74622256108867	0.19562135429157568	0.9996654566602691	-0.3360301964408001	0.784232843149511	0.668299735123463	0.9981563348880957
CEBPZOS	3.3307450924066377	0.012490997615156518	1.0644056181714954	0.9906368913990767	0.9997507862781244	0.5965197090588299	0.9425277933382792	0.5268031961761177	0.9996654566602691	-0.5840287114436734	1.0330446352280371	0.5718377491365683	0.9981563348880957
CELF1	9.543735549454418	1.030015536713397	0.8339701102412941	0.2168026360327192	0.9997507862781244	0.4292734914098273	0.7981708855241311	0.590700262654319	0.9996654566602691	0.6007420453035697	0.818102002342882	0.462758659746484	0.9981563348880957
CENPX	6.735610628730324	-0.3362111113389433	0.8247582099798136	0.6835320508931674	0.9997507862781244	-0.11266771189968465	0.743779180080554	0.8795970422424987	0.9996654566602691	-0.22354339943925866	0.8266703041421932	0.7868416071291998	0.9981563348880957
CEP57	4.513094768905132	0.3980994491094588	0.9971532296598501	0.6897193325592468	0.9997507862781244	-0.1429630536785838	0.9433315730689215	0.8795409072303976	0.9996654566602691	0.5410625027880426	1.000896838103921	0.5887986973063373	0.9981563348880957
CERS2	3.4847910512124582	-1.2910986797622312	1.1799013854349876	0.2738484735061897	0.9997507862781244	0.43109491529558	0.9656320686152338	0.6552808395106248	0.9996654566602691	-1.722193595057811	1.1642087832199837	0.13906484735939065	0.9981563348880957
CETN2	7.87621742935753	-0.6142266822179864	0.8430989681834183	0.46628645974794847	0.9997507862781244	0.058165260207368695	0.7473710033827263	0.9379660762038872	0.9996654566602691	-0.6723919424253552	0.8409691378924179	0.42397496545446567	0.9981563348880957
CFAP298	4.934043635823127	-0.4372550526590826	0.9842555973466708	0.6568622109865759	0.9997507862781244	-0.44406807830134015	0.902211182897555	0.6225781728019084	0.9996654566602691	0.006813025642257576	0.9974229296796597	0.9945499892381588	0.9981563348880957
CFAP36	6.010172435942548	0.2623286994834641	0.8735602539315613	0.7639495946667876	0.9997507862781244	-0.22121868269190864	0.823445233369728	0.7881989189275502	0.9996654566602691	0.48354738217537274	0.8797867978617162	0.5825808472789471	0.9981563348880957
CFDP1	11.72854556610005	-0.04166317400243993	0.7658905247619062	0.9566178005192866	0.9997507862781244	-0.6729643493519106	0.730193809586404	0.3567245854492488	0.9996654566602691	0.6313011753494706	0.7816573325033521	0.419295313339588	0.9981563348880957
CFI	4.9423190454965455	0.9063726667498029	1.1131076858379438	0.4154890203069017	0.9997507862781244	2.0646371891688946	0.9940222047651984	0.03779663190765083	0.9996654566602691	-1.1582645224190917	1.0234327294123406	0.25774180135618596	0.9981563348880957
CFL1	45.75782338269569	-0.060115815859295284	0.5544591615376371	0.9136606005341251	0.9997507862781244	0.2278627991508256	0.5271849602990328	0.6655775054696912	0.9996654566602691	-0.2879786150101209	0.5528088756971773	0.6024106369523006	0.9981563348880957
CFLAR	10.592167093667772	1.3571816235183838	0.7658093215780696	0.07635825560996903	0.9997507862781244	1.2209590683759686	0.721207606213408	0.09046745243433511	0.9996654566602691	0.13622255514241524	0.7241079479603862	0.8507789372258792	0.9981563348880957
CGGBP1	8.88091524943686	1.1000729730453076	0.8137202290184109	0.17640550069779948	0.9997507862781244	-0.19971321997456803	0.8031260917452469	0.8036161964528923	0.9996654566602691	1.2997861930198757	0.8192788750210261	0.11262586081777405	0.9981563348880957
CGNL1	11.200645022083219	1.08839897710284	0.779306543143445	0.16252637754107002	0.9997507862781244	-0.6554223767686569	0.7845613616072418	0.4034926623442917	0.9996654566602691	1.743821353871497	0.7994480098101265	0.02916258342433697	0.8254999467048113
CHCHD1	6.280846246829063	-1.1223426632070925	0.8780931546068158	0.20119337134017912	0.9997507862781244	0.10819818296459778	0.7395547246122257	0.8836831496982636	0.9996654566602691	-1.2305408461716902	0.8739674058042933	0.15913285255619591	0.9981563348880957
CHCHD10	50.96384521889094	0.6586879524428373	0.6281423453123596	0.29434914297741877	0.9997507862781244	-0.03668770642140707	0.6175014928884038	0.9526230424736436	0.9996654566602691	0.6953756588642445	0.6285530632751058	0.2685915943655536	0.9981563348880957
CHCHD2	53.98813916416253	-0.08658501232726802	0.5111943521403063	0.8654994264050909	0.9997507862781244	-0.28489300993444017	0.49170468011982366	0.5623202394128299	0.9996654566602691	0.19830799760717213	0.5133784877994914	0.699289086852856	0.9981563348880957
CHCHD3	6.692249508601468	0.8080358621242404	0.8715677871401712	0.35387141946248213	0.9997507862781244	-0.9412144897019029	0.8834250918398097	0.2866880973106375	0.9996654566602691	1.7492503518261435	0.9116640925080437	0.05501669227485288	0.9981563348880957
CHCHD5	6.8946352401981414	-1.346863286511532	0.8809924993261726	0.12631348251388655	0.9997507862781244	-0.24490476359491994	0.7476889177855705	0.7432526820151272	0.9996654566602691	-1.101958522916612	0.8861100784434613	0.21365012842282127	0.9981563348880957
CHCHD7	6.991609077178146	-0.214227976577277	0.8333121739029206	0.7971169396889151	0.9997507862781244	0.38001558166176524	0.7390363012291947	0.6071092206529338	0.9996654566602691	-0.5942435582390423	0.8201784822419664	0.468740683726659	0.9981563348880957
CHD1	6.205912867572328	0.719751643995922	0.9136962266898941	0.43085099412549144	0.9997507862781244	1.0233511078665307	0.8336658689960339	0.2196228929841264	0.9996654566602691	-0.3035994638706088	0.8701009114402078	0.7271460445666713	0.9981563348880957
CHD2	12.49975605217557	1.4721926331651174	0.8730990525846514	0.09176323602468445	0.9997507862781244	0.5836219051879769	0.8521732675618011	0.49343040214999034	0.9996654566602691	0.8885707279771404	0.8562801816256903	0.29940496790257076	0.9981563348880957
CHD3	3.9663560912704106	0.025346674114956957	1.0807216044763024	0.9812885520637858	0.9997507862781244	1.3929379066698193	0.9264523114487994	0.13270546867436878	0.9996654566602691	-1.3675912325548625	1.0186145415922492	0.17940173742330134	0.9981563348880957
CHD4	11.40419989674424	0.540308677226027	0.9248040833108292	0.5590580243894978	0.9997507862781244	0.14510552866001036	0.8861147111802534	0.8699241832938572	0.9996654566602691	0.3952031485660166	0.9213279482890617	0.6679599871500297	0.9981563348880957
CHD9	14.85502592819197	0.36052787345458415	0.6604399051271741	0.5851412054084731	0.9997507862781244	-0.4432048551268859	0.6355814162698666	0.48560135152411354	0.9996654566602691	0.80373272858147	0.6701213298184304	0.23037870811834016	0.9981563348880957
CHID1	7.525597337154478	-0.08070840204188377	0.8462483854026063	0.924019354478343	0.9997507862781244	0.13966118487042384	0.7720989493145457	0.8564577753719345	0.9996654566602691	-0.22036958691230762	0.841454278042543	0.7934052177364638	0.9981563348880957
CHMP1B	10.53063076560104	0.39975736407932366	0.9728052539060112	0.6811219785207685	0.9997507862781244	1.255605616523998	0.8924178528155452	0.15943612855868228	0.9996654566602691	-0.8558482524446744	0.9446215500440045	0.3649240139565403	0.9981563348880957
CHMP2A	10.938151154916046	-0.38438227658928054	0.7448872069281384	0.6058352086847705	0.9997507862781244	-0.7436266833885561	0.6988521628583948	0.28729759766103624	0.9996654566602691	0.35924440679927555	0.7609708491825077	0.6368647272733102	0.9981563348880957
CHMP2B	5.675309097078484	0.5763893815691894	0.8549599992885353	0.5002024974789507	0.9997507862781244	0.14702995291822035	0.8041810925269395	0.8549299219637968	0.9996654566602691	0.429359428650969	0.8452683465514602	0.6114839513916928	0.9981563348880957
CHMP3	7.8590535442716805	-0.6856474406443253	0.847408611840828	0.4184514296488504	0.9997507862781244	-0.2646193873149422	0.7610969078347689	0.7280793199507614	0.9996654566602691	-0.421028053329383	0.8530038271991348	0.6216008207387778	0.9981563348880957
CHMP4A	10.63654070984415	0.5820212806246462	0.8535213817299306	0.4952984436084189	0.9997507862781244	1.196614012677968	0.7814357886558084	0.1256948263052346	0.9996654566602691	-0.6145927320533218	0.8227540769853928	0.45506690890507295	0.9981563348880957
CHMP4B	10.369446528414663	0.9989079866185198	0.8776452024702263	0.2550501944321464	0.9997507862781244	0.6438176827816897	0.836421904277116	0.4414610278336373	0.9996654566602691	0.35509030383683	0.8584325403834894	0.6791307198412558	0.9981563348880957
CHMP5	10.554551434454437	-0.3103456054932667	0.7503094889742976	0.6791498908005926	0.9997507862781244	-0.25197111134514044	0.6899372203176273	0.7149555855345784	0.9996654566602691	-0.05837449414812622	0.7552801839049883	0.9383940164048903	0.9981563348880957
CHP1	14.160767203327019	-0.11246658204718388	0.7625491826038087	0.8827471320781712	0.9997507862781244	-0.06026637874683192	0.7122144082846981	0.9325648429389961	0.9996654566602691	-0.05220020330035196	0.7634196476278816	0.945485678319685	0.9981563348880957
CHURC1	11.114142559695173	-0.3783628078014968	0.7441438131468961	0.6111350762895067	0.9997507862781244	0.2932537251956384	0.6661677253361382	0.6597849841874796	0.9996654566602691	-0.6716165329971352	0.7377707606340281	0.36264730378866394	0.9981563348880957
CIAO1	4.2653039828444	-0.23394658111714245	1.000769232408636	0.8151660561881209	0.9997507862781244	-0.2996617056722403	0.9161072495483144	0.7435897549704004	0.9996654566602691	0.06571512455509786	1.0109169491345371	0.9481696504371117	0.9981563348880957
CIAO2B	10.648134220366435	0.0665386418192175	0.7481259063658419	0.9291292502213464	0.9997507862781244	0.3571482375365258	0.6852525518296457	0.6022329355504863	0.9996654566602691	-0.2906095957173083	0.7395299697724957	0.6943451312305067	0.9981563348880957
CIB1	15.244560541776922	-0.1422503610388164	0.7323898583749205	0.8459976335722423	0.9997507862781244	0.23479298145910668	0.6765860595554262	0.7285717553533548	0.9996654566602691	-0.37704334249792304	0.7284539150012063	0.6047416007031969	0.9981563348880957
CIR1	5.805657286699522	-0.31407584245901815	0.9150672172278389	0.7314276391549672	0.9997507862781244	0.47881112448328417	0.8036720621807668	0.551322719023115	0.9996654566602691	-0.7928869669423023	0.8985627252649805	0.3775634125240619	0.9981563348880957
CIRBP	51.91333189308355	-0.4929646217761596	0.5918874881756288	0.40491872777047844	0.9997507862781244	-0.6799533482142858	0.5713216756814761	0.23399097943008107	0.9996654566602691	0.1869887264381262	0.5965310933052521	0.7539310912976322	0.9981563348880957
CISD1	13.199315248651043	-0.17859625686935057	0.8265468509526951	0.8289291487863413	0.9997507862781244	-0.2071198311890848	0.7789851353922529	0.7903284020739273	0.9996654566602691	0.028523574319734225	0.8299504673047603	0.9725838576276625	0.9981563348880957
CISD2	3.5663433342178052	-0.5358259445858073	1.189997342832408	0.6525122290303392	0.9997507862781244	-0.042629967701587855	1.0640640418244518	0.968042622611551	0.9996654566602691	-0.49319597688421946	1.190338716746589	0.6786306397055837	0.9981563348880957
CITED2	15.26931606241893	-0.33640484967634077	0.7931665572125318	0.6714718189224629	0.9997507862781244	0.18412960206584794	0.7298172414209992	0.8008126701297736	0.9996654566602691	-0.5205344517421887	0.7901976005039081	0.5100629987397853	0.9981563348880957
CKB	56.794202579074216	1.0217985487919485	0.7033633886046702	0.14629816017447064	0.9997507862781244	-0.3044570259708884	0.7000239140738667	0.6636177746850461	0.9996654566602691	1.326255574762837	0.7057343404229978	0.060209530799193035	0.9981563348880957
CKLF	4.882899536726887	-1.4863625112093475	1.1122495212611931	0.18143259114868449	0.9997507862781244	0.2706117663058412	0.9108098891923376	0.7663816581905528	0.9996654566602691	-1.7569742775151889	1.1038767373402694	0.11146563584436389	0.9981563348880957
CLCN3	4.76782093030813	1.049760123032769	0.9529159834643929	0.2706228853110564	0.9997507862781244	0.8157198907212584	0.8913140454442828	0.36009295966894694	0.9996654566602691	0.23404023231151067	0.9045305722589483	0.7958341553141756	0.9981563348880957
CLCN5	17.59118046642482	1.6988239527207183	0.6944960030666878	0.014440097450822876	0.9997507862781244	-1.1909952648824909	0.7380854199721445	0.10660815003780448	0.9996654566602691	2.8898192176032094	0.7361197059134508	8.646124486399973e-05	0.026921870119527916
CLCNKA	10.064649078861676	1.2757974535566492	0.9115268666331985	0.16162509698263516	0.9997507862781244	-0.08501166120702747	0.9023208771367651	0.9249388098745952	0.9996654566602691	1.3608091147636767	0.9132839737804228	0.1362196313275313	0.9981563348880957
CLCNKB	14.159468544318853	0.7849044972704562	0.8090147080003869	0.33194777936564246	0.9997507862781244	-0.6864891870810376	0.8040352999895197	0.393213162345196	0.9996654566602691	1.4713936843514939	0.8248033703969273	0.07443460538283786	0.9981563348880957
CLDN10	40.7478878981401	0.4892695341154782	0.6778813086157953	0.4704403035741611	0.9997507862781244	-0.5905733166439298	0.6698307989780528	0.3779523846617061	0.9996654566602691	1.079842850759408	0.6833756976765315	0.11407026028666442	0.9981563348880957
CLDN16	25.381767782947755	0.5808453635305567	0.7973574306249894	0.46633022738381624	0.9997507862781244	-1.3885906266442671	0.8036879269876244	0.08402885711558447	0.9996654566602691	1.9694359901748237	0.818974515482526	0.01618315289526706	0.639876727970004
CLDN19	3.2130533754395345	-0.22015888016997248	1.1212328104673477	0.8443328656532022	0.9997507862781244	-0.9455496864459115	1.0693412619459053	0.37656900707488383	0.9996654566602691	0.725390806275939	1.1692784478781695	0.535011102643355	0.9981563348880957
CLDN3	26.22628912381662	-1.5445389228450248	0.6749318036968182	0.02211208407637447	0.9997507862781244	-1.3685049885858838	0.6239526278376107	0.028286961403309024	0.9996654566602691	-0.17603393425914116	0.6896157222783464	0.7985193523988825	0.9981563348880957
CLDN4	31.148272977319817	-0.39038849306974316	0.7720298302090719	0.6130918161861643	0.9997507862781244	0.7771050736076314	0.7231550399458964	0.2825521995639704	0.9996654566602691	-1.1674935666773745	0.7660246079745545	0.12748521246399264	0.9981563348880957
CLDN7	17.35193293870595	0.6363677055497127	0.7205718479425266	0.37715922227610266	0.9997507862781244	0.9309717205006529	0.6758686310598113	0.16837477496901687	0.9996654566602691	-0.2946040149509402	0.7043821058487061	0.6757682871170461	0.9981563348880957
CLIC1	38.18984245379324	-0.0608222707816013	0.5655096656100878	0.9143502675718135	0.9997507862781244	-0.11828168230807914	0.5393319493189679	0.8264074280716913	0.9996654566602691	0.057459411526477835	0.5666637490617824	0.9192333463944442	0.9981563348880957
CLINT1	12.798866468557812	-0.004209751102658862	0.6750018211355143	0.9950239043361223	0.9997507862781244	-0.117966095276949	0.6260053844960103	0.8505296915668198	0.9996654566602691	0.11375634417429013	0.676846582775986	0.866529675774882	0.9981563348880957
CLIP1	4.966116265828461	0.0022686616864194147	0.9534156696908782	0.9981014278633703	0.9997507862781244	0.2796301184474593	0.8614983588298545	0.7454945894384699	0.9996654566602691	-0.2773614567610399	0.9409658537241438	0.7681753073955973	0.9981563348880957
CLK1	10.891338957595307	0.08701797343669715	0.9867209936498709	0.9297264312029481	0.9997507862781244	1.1628101848903387	0.898471124375332	0.19559294313687758	0.9996654566602691	-1.0757922114536416	0.9636862807455975	0.26428076897211283	0.9981563348880957
CLMN	7.037591227679343	0.09206596131706929	0.7956556864907727	0.9078817413013173	0.9997507862781244	-1.4364312888633277	0.8014277820302479	0.07307847601192005	0.9996654566602691	1.528497250180397	0.8540049284718326	0.07348621434604267	0.9981563348880957
CLN5	5.6562181455894756	0.41715848452569226	0.8747917103871449	0.6334574948193528	0.9997507862781244	0.7114954588863536	0.7928766224623391	0.3695270561336964	0.9996654566602691	-0.29433697436066125	0.8443941989301327	0.7274063836161553	0.9981563348880957
CLNS1A	4.892317446922513	-1.6714576938404002	1.0124681147486692	0.09876422365899515	0.9997507862781244	-0.6749952318505189	0.8563357173391816	0.4305582714169607	0.9996654566602691	-0.9964624619898812	1.0306719266413105	0.33363973439197325	0.9981563348880957
CLPP	5.2267399876144935	-0.1311520668962833	0.9053212602062847	0.8848151038743552	0.9997507862781244	-0.017636661588474222	0.8234464525840127	0.9829121321404592	0.9996654566602691	-0.1135154053078091	0.9040936539995167	0.9000824988659992	0.9981563348880957
CLSTN1	7.139780588818482	-0.42819898698956316	0.8093578305040529	0.5967637142361435	0.9997507862781244	-0.5506220355042306	0.7420596541907288	0.45807609097171975	0.9996654566602691	0.12242304851466745	0.8257962184079423	0.8821466592633623	0.9981563348880957
CLTA	18.72935896817323	-0.186987057185014	0.630015409279357	0.766621043034786	0.9997507862781244	-0.6801019642497417	0.5985902244298357	0.255884228775045	0.9996654566602691	0.4931149070647277	0.6412905888348408	0.44192807687473024	0.9981563348880957
CLTB	6.402138055787113	0.36964906350321464	0.8757055366460781	0.6729405622746338	0.9997507862781244	0.5131714549951605	0.8027976083979045	0.5226740155608101	0.9996654566602691	-0.1435223914919458	0.8565338730420641	0.8669279942046666	0.9981563348880957
CLTC	5.353777735842064	-0.6641312635707558	0.9433987992992547	0.48144696045796065	0.9997507862781244	-0.11635566963042698	0.8329077802850425	0.8888984942273671	0.9996654566602691	-0.5477755939403287	0.9456614462034184	0.5624196407081545	0.9981563348880957
CLU	54.36466427062575	-0.3140648605488638	0.8473830667315089	0.7109137720073592	0.9997507862781244	0.6960009245078661	0.8226941408939329	0.39755160419590585	0.9996654566602691	-1.0100657850567298	0.8446694345424053	0.2317699600948856	0.9981563348880957
CMC1	5.893666835887793	0.5122488625663649	0.8624905969084555	0.5525668256799556	0.9997507862781244	0.33687600930338335	0.8024588530122428	0.6746281209026594	0.9996654566602691	0.1753728532629816	0.8478878223569053	0.8361387436388527	0.9981563348880957
CMC2	4.276905004501278	-0.3254138261626304	1.03942134231435	0.754225882607843	0.9997507862781244	0.22887991466311736	0.9261129475592744	0.8047995766341185	0.9996654566602691	-0.5542937408257478	1.0301761747361127	0.5905375375326454	0.9981563348880957
CMTM6	4.678172372025249	-0.054825377224271214	1.1127411828617986	0.9607036835873011	0.9997507862781244	1.3708834579846452	0.9627974191239685	0.15448858927197012	0.9996654566602691	-1.4257088352089162	1.0640821614406186	0.18029462020715936	0.9981563348880957
CNBP	15.95460857296942	-0.3056489222022843	0.641813948048164	0.6339128977444768	0.9997507862781244	-0.5572527128105569	0.6005467476028603	0.35345479208998465	0.9996654566602691	0.25160379060827254	0.6516095031371543	0.6994028780998567	0.9981563348880957
CNDP2	9.753580321387437	-0.2950021518876552	0.7342628167865096	0.6878559288324064	0.9997507862781244	-0.7964665746366816	0.6907567730751761	0.24889611475140716	0.9996654566602691	0.5014644227490264	0.755400734807322	0.5067934001917157	0.9981563348880957
CNIH1	3.2873380817008293	-0.6984579629315868	1.1533344771262999	0.5447812065366251	0.9997507862781244	-0.2599798042445137	1.0260012545224197	0.799965840475771	0.9996654566602691	-0.43847815868707307	1.1615516404200186	0.7058069166601725	0.9981563348880957
CNIH4	7.670342471770264	-0.30147250885022125	0.8143894491001635	0.7112467100756232	0.9997507862781244	-0.04860867679756233	0.737462945814986	0.9474467865233817	0.9996654566602691	-0.25286383205265894	0.814638230467387	0.7562566771729979	0.9981563348880957
CNN3	9.090183303821227	0.46227505069107966	0.775372232138347	0.5510432401345027	0.9997507862781244	1.1098457537045752	0.6982376380967423	0.1119485142702639	0.9996654566602691	-0.6475707030134955	0.7426477755841223	0.3832217157651895	0.9981563348880957
CNOT4	5.850643260772064	1.0133511384327751	0.913602988766676	0.2673520782301435	0.9997507862781244	1.1607227996659333	0.8417220544896069	0.1678991178304643	0.9996654566602691	-0.1473716612331582	0.8588525161363612	0.8637588096264666	0.9981563348880957
CNOT6L	5.148793271985178	1.2748399021823833	1.0703597375485554	0.23363838096423706	0.9997507862781244	1.4582118763623544	0.9934731801785407	0.1421607612073396	0.9996654566602691	-0.18337197417997103	0.9993189303924624	0.8544081129690906	0.9981563348880957
CNOT7	3.5944378812527464	-0.6741870100565956	1.1410374224951758	0.5546179649287425	0.9997507862781244	-0.34077272026186795	1.0242193661595382	0.7393497397936291	0.9996654566602691	-0.3334142897947277	1.1518226417304764	0.772224265347648	0.9981563348880957
CNPY2	12.649021700377352	-0.2883387255945428	0.6965897886131307	0.6789260932832617	0.9997507862781244	-0.8110775078445324	0.6589583177000875	0.21837973028722024	0.9996654566602691	0.5227387822499896	0.713848301268719	0.4639960185555009	0.9981563348880957
COA3	29.437080392676982	0.16729082304915696	0.6619798133711623	0.8004900965256767	0.9997507862781244	-0.5310752414041293	0.644193283963046	0.40971028852133384	0.9996654566602691	0.6983660644532863	0.6681216638253574	0.295899213490049	0.9981563348880957
COA4	6.237821923590624	-0.17317319804808173	0.8579863376570387	0.8400443284390154	0.9997507862781244	-0.7327252655377624	0.8094147279573063	0.36533126828797335	0.9996654566602691	0.5595520674896807	0.8837451808984496	0.5266291869451221	0.9981563348880957
COA5	5.667077815211027	0.41647247718781655	0.8827124246060665	0.6370624705983262	0.9997507862781244	0.27695354901385666	0.8172204813978614	0.7346873433821461	0.9996654566602691	0.13951892817395986	0.8687914858363628	0.8724166003590629	0.9981563348880957
COA6	7.104380177674363	0.24156792991096357	0.8520318231071753	0.7767783718373491	0.9997507862781244	-0.5560493260706835	0.8170806772450376	0.4961678384826965	0.9996654566602691	0.7976172559816471	0.8709918698400113	0.35979414801967247	0.9981563348880957
COBLL1	26.27329513018799	0.9271486649748898	0.5968353115159148	0.12031772553940316	0.9997507862781244	-0.6324250004225218	0.5950936203260667	0.2879035297977601	0.9996654566602691	1.5595736653974117	0.6080247041441511	0.010318054931120457	0.49968459808483473
COL18A1	13.470281226138766	-0.32916141392858467	0.7110047150316668	0.6433984112622937	0.9997507862781244	-0.043279963163518	0.649337489207017	0.9468583543814191	0.9996654566602691	-0.28588145076506666	0.7113992618294093	0.6877885690939842	0.9981563348880957
COL4A2	5.769405524851712	-0.9629872691846104	1.0299347761429636	0.34978917333497617	0.9997507862781244	-1.330297452566368	0.9590124673383223	0.1653949764661201	0.9996654566602691	0.3673101833817577	1.072464910633827	0.7319809923594409	0.9981563348880957
COL4A4	7.57528176362026	0.19898958444804385	0.8130048042018267	0.8066436687892479	0.9997507862781244	-0.5691550821816789	0.7782436318471148	0.46457591016596356	0.9996654566602691	0.7681446666297227	0.8313195106859711	0.35548290955829087	0.9981563348880957
COMMD1	8.478123248337717	0.49607990773404287	0.7522638047835952	0.5096072347035008	0.9997507862781244	0.0100040032494348	0.7105050276261818	0.9887660527421268	0.9996654566602691	0.4860759044846081	0.7499987092458956	0.5169187726820944	0.9981563348880957
COMMD3	5.197546451992882	0.48538637755196373	0.9053169729709007	0.5918543653860436	0.9997507862781244	0.047309167869608926	0.8523334744427147	0.9557357743211313	0.9996654566602691	0.4380772096823548	0.9007937027546287	0.6267377702113285	0.9981563348880957
COMMD6	39.44479354747555	-0.5261184568893273	0.5552003422254732	0.3433233915052003	0.9997507862781244	-0.057604129847948	0.5180186728516664	0.9114570575422644	0.9996654566602691	-0.46851432704137935	0.5557498327254623	0.3992111167836415	0.9981563348880957
COMMD7	6.7808868004645655	-0.38362045987560855	0.8458919788754484	0.6501815539725908	0.9997507862781244	-0.09821363442650999	0.7612601403537682	0.8973461358279569	0.9996654566602691	-0.28540682544909857	0.8474577254865047	0.736282739668686	0.9981563348880957
COMT	14.001526536357932	-0.46107118596152796	0.7327773562318899	0.5292112741587476	0.9997507862781244	-0.6380246909285405	0.6864612155879023	0.35266097133929	0.9996654566602691	0.1769535049670126	0.7438125905267322	0.8119581448910127	0.9981563348880957
COMTD1	5.279801972158998	-0.07032293850831808	0.9507935677854287	0.9410403335857962	0.9997507862781244	-0.10869666351409728	0.8735368669304667	0.9009725816132795	0.9996654566602691	0.03837372500577918	0.9529572787896934	0.9678794308236447	0.9981563348880957
COPA	6.377120208734301	1.5876799947771694	0.9549068060797854	0.09638163665289634	0.9997507862781244	1.2635288919382552	0.906312571069653	0.16327457130365386	0.9996654566602691	0.3241511028389142	0.8948860568838094	0.7171830632293519	0.9981563348880957
COPB1	5.3069286195690095	0.27068868936268003	0.8940614822149878	0.7620705226822543	0.9997507862781244	0.36196339150739076	0.8175440317551227	0.6579503140673042	0.9996654566602691	-0.09127470214471076	0.8779777656530244	0.9172009711043652	0.9981563348880957
COPE	12.475872470335835	-0.20321075177813722	0.7804039923343963	0.7945616154552617	0.9997507862781244	0.05659096215670948	0.7222947533478985	0.9375505614192688	0.9996654566602691	-0.2598017139348467	0.7792103773542539	0.7388197963480296	0.9981563348880957
COPRS	4.384609753829056	0.25190173365035223	0.928985720957866	0.7862696604337229	0.9997507862781244	-0.405859423948213	0.8838121368035703	0.6460800776642617	0.9996654566602691	0.6577611575985652	0.9453369540667922	0.48655693497172403	0.9981563348880957
COPS2	6.049767749129462	0.4266712088697772	0.9424311799359069	0.6507398574111511	0.9997507862781244	0.10604062161375204	0.8829211371917939	0.9044023236913277	0.9996654566602691	0.3206305872560251	0.9361537690747608	0.7319763147074687	0.9981563348880957
COPS6	7.613797638654429	-0.11288244326336122	0.9356744031457959	0.9039739132577571	0.9997507862781244	0.42330075801615963	0.8535102741787057	0.619927755798636	0.9996654566602691	-0.5361832012795209	0.9255483525855684	0.5623772602260596	0.9981563348880957
COPS9	23.193295391619117	-0.25047678275785124	0.6830063806711627	0.7138227718448669	0.9997507862781244	0.5068914797664207	0.6294914875977303	0.4206814232480407	0.9996654566602691	-0.757368262524272	0.6770406166045739	0.26329151556622743	0.9981563348880957
COPZ1	6.177660502995838	-0.9905344009541134	0.8537529516612202	0.24596251131428626	0.9997507862781244	-1.2801522618558947	0.788238198202135	0.10436134321521151	0.9996654566602691	0.2896178609017813	0.893230742534943	0.7457591164874613	0.9981563348880957
COQ9	5.840249899718845	-0.5197944917447337	0.9776649226515262	0.5949550110587186	0.9997507862781244	-0.22880758078474173	0.8867346273549164	0.7963807560999764	0.9996654566602691	-0.2909869109599919	0.9832339877074024	0.7672691884599331	0.9981563348880957
CORO1B	3.5881275894282507	0.2856993557657171	1.1297860588427997	0.8003615898349833	0.9997507862781244	0.7123181345509986	1.0210206148726284	0.48539420352326446	0.9996654566602691	-0.4266187787852814	1.097115118177024	0.6973833585980997	0.9981563348880957
COX11	4.402816136335968	-1.0970974903066448	0.9489863977532087	0.2476513253416378	0.9997507862781244	-0.6887751929521528	0.8338470976559859	0.40879219329985805	0.9996654566602691	-0.4083222973544921	0.9720692794902608	0.6744454735432768	0.9981563348880957
COX14	15.419678477983414	0.26669093219047146	0.6923370150989321	0.700086339270906	0.9997507862781244	-0.18886786623981305	0.6585702607053544	0.7742771884923593	0.9996654566602691	0.45555879843028446	0.6956925774167307	0.5125786681159742	0.9981563348880957
COX16	13.306352573880789	-0.5367982704812796	0.670615149451504	0.42344634403325243	0.9997507862781244	-0.5455052577427374	0.6154758282473372	0.3754479841786229	0.9996654566602691	0.008706987261457858	0.6812005196343891	0.9898018551870759	0.9981563348880957
COX17	17.573871262800587	0.10937431914934218	0.6951285789848245	0.8749737360233475	0.9997507862781244	0.27705091965601975	0.6485410677161721	0.6692402021295969	0.9996654566602691	-0.16767660050667754	0.690392822004263	0.8081051011576053	0.9981563348880957
COX20	15.6999122982721	0.19035747185428942	0.6461745264297514	0.7683060166630153	0.9997507862781244	-0.18049739476195775	0.6105968050948604	0.7675293453510985	0.9996654566602691	0.3708548666162471	0.6492247702505268	0.567845622866131	0.9981563348880957
COX4I1	94.25564909913123	0.10168217098164563	0.5267288890473206	0.8469240343318954	0.9997507862781244	-0.1632158671682528	0.5159226893332524	0.751731385032816	0.9996654566602691	0.26489803814989843	0.5275404115172065	0.6155705169708428	0.9981563348880957
COX5A	35.58747909691958	0.18248552926293343	0.6745037377060148	0.7867388176614948	0.9997507862781244	-0.3720135690631407	0.6577814556771374	0.5716942811684704	0.9996654566602691	0.5544990983260741	0.6779992709184224	0.41344503814054145	0.9981563348880957
COX5B	89.1739975140769	0.5193677241642575	0.6839809556221196	0.4476547691559124	0.9997507862781244	-0.048563300603156334	0.6772030562101331	0.9428314410168092	0.9996654566602691	0.5679310247674138	0.6842908270034824	0.4065638701466925	0.9981563348880957
COX6A1	67.5426787750638	0.20890078811879342	0.5450090547299463	0.7014989478877511	0.9997507862781244	-0.2863112457093111	0.5331227805033079	0.5912361133684811	0.9996654566602691	0.49521203382810447	0.5468521984791292	0.3651643762481236	0.9981563348880957
COX6B1	66.39592884769091	0.4445655293779501	0.5756820367803727	0.439971437389137	0.9997507862781244	-0.20954178053426764	0.5658701296737599	0.7111588796593424	0.9996654566602691	0.6541073099122177	0.5771063358352717	0.2570354122444174	0.9981563348880957
COX6C	61.29479509242255	0.3487319445911004	0.5836281197074282	0.5501574328486607	0.9997507862781244	0.012636043821961535	0.5701283872062871	0.9823175285801021	0.9996654566602691	0.33609590076913887	0.5836744592062982	0.5647316724138981	0.9981563348880957
COX7A1	11.782412889450821	0.49128771044885905	0.7909279777382497	0.5344986072239877	0.9997507862781244	0.04407663753061719	0.7535994116917646	0.9533597990476196	0.9996654566602691	0.44721107291824186	0.7893245588317228	0.5710033851128151	0.9981563348880957
COX7A2	55.32699587035049	0.13410054340632313	0.6016999278389402	0.8236370989870186	0.9997507862781244	0.2857284717644583	0.5821071962825657	0.6235311403010386	0.9996654566602691	-0.1516279283581352	0.6000883935914996	0.80051860389284	0.9981563348880957
COX7A2L	16.711813141251806	-0.43987264880997723	0.6882703593840552	0.5227587663300484	0.9997507862781244	-0.22375647129426898	0.6353612205924981	0.7247092276454976	0.9996654566602691	-0.21611617751570827	0.6915799943681301	0.7546633875989415	0.9981563348880957
COX7B	65.46803520267576	0.42305256703122124	0.6210639402132179	0.49576143972471287	0.9997507862781244	0.007163228888946193	0.6097941691626194	0.9906274959956793	0.9996654566602691	0.415889338142275	0.6211568814527787	0.5031511148764228	0.9981563348880957
COX7C	124.58864871819186	0.06562311015626596	0.5058870313512017	0.8967888274282627	0.9997507862781244	-0.22116488499444065	0.4972004985240117	0.6564496082989066	0.9996654566602691	0.28678799515070663	0.5067452435607136	0.5714337744915494	0.9981563348880957
COX8A	61.73754649315598	-0.0024638085344151606	0.5959130369415104	0.9967011475369502	0.9997507862781244	-0.1524081887136633	0.5801344396551272	0.7927726867724388	0.9996654566602691	0.14994438017924816	0.5969018055930575	0.8016560566857561	0.9981563348880957
CPEB4	6.723908195734907	1.1784042289677958	0.9064544965338237	0.1935959088288337	0.9997507862781244	0.001792938970129342	0.8894176848619246	0.998391579818809	0.9996654566602691	1.1766112899976664	0.9035611163479053	0.19285029298848466	0.9981563348880957
CPM	13.368961254861752	0.9067883052408764	0.7693831292790537	0.2385609354870989	0.9997507862781244	-0.518990719496617	0.7632728575690707	0.49653334989914744	0.9996654566602691	1.4257790247374933	0.7819638427653743	0.06825325269908991	0.9981563348880957
CPNE1	3.5542244412057986	0.3381777830260409	1.040532757556193	0.7451776990682704	0.9997507862781244	0.2826136011658411	0.9568157328517536	0.7677120957040777	0.9996654566602691	0.05556418186019978	1.0223135620361263	0.9566551921185207	0.9981563348880957
CPNE3	9.687368220192338	-0.07892049032338484	0.7834241833273963	0.919758541479514	0.9997507862781244	-0.5290603427087454	0.7386352960772907	0.4738262860783703	0.9996654566602691	0.45013985238536053	0.7964915713087262	0.5719694871112652	0.9981563348880957
CPQ	4.452052080098378	0.7803434468155535	0.9596489640681812	0.41612914020201364	0.9997507862781244	0.11274636957304969	0.9162629082034008	0.902067315477829	0.9996654566602691	0.6675970772425037	0.9514972471444068	0.4829112069989602	0.9981563348880957
CPVL	12.214491004165534	0.449101194841199	0.7727714271637603	0.561134932620886	0.9997507862781244	-0.09512948840203377	0.7399076015309494	0.8976983677141126	0.9996654566602691	0.5442306832432328	0.7744203810957552	0.4822061206874053	0.9981563348880957
CREBRF	6.480268076765582	0.39525586399764273	0.925577508708987	0.6693523616301724	0.9997507862781244	0.9617519145313624	0.8321701027501001	0.24779753218261735	0.9996654566602691	-0.5664960505337197	0.888840743995014	0.5239017230566478	0.9981563348880957
CREM	9.980648928381802	0.8840698270073503	0.8666801416838321	0.3076977723501537	0.9997507862781244	1.260721227227254	0.8028822376477677	0.11635829568129512	0.9996654566602691	-0.3766514002199039	0.8308523434653319	0.6503101739982864	0.9981563348880957
CRIM1	6.872699387518022	1.1207801040572551	0.9437745199009642	0.23501046556017613	0.9997507862781244	0.31014801645153983	0.9107528899356966	0.7334497172183956	0.9996654566602691	0.8106320876057154	0.9286948336756399	0.38273263192648044	0.9981563348880957
CRIP1	47.008838966422815	-0.44557984955800145	0.9159674255346426	0.626642346958963	0.9997507862781244	0.17264516008214784	0.8926844776232222	0.8466457311284545	0.9996654566602691	-0.6182250096401493	0.9153468151521613	0.49942182462917406	0.9981563348880957
CRIP2	10.284063190956438	0.7018499919764177	0.8021449538534478	0.38159211384237857	0.9997507862781244	0.8039920506555522	0.7473507840016778	0.2820214544978641	0.9996654566602691	-0.10214205867913456	0.7803080430068361	0.8958546824793154	0.9981563348880957
CRYAB	44.42524901770017	-1.651090283849752	0.9735152100004317	0.08988422894597914	0.9997507862781244	-0.5872438932141343	0.935321672570474	0.5301006802904745	0.9996654566602691	-1.0638463906356177	0.9759693284836419	0.2756951706291778	0.9981563348880957
CRYL1	14.088414213747818	0.010912914532749986	0.6986777921975202	0.9875380438805004	0.9997507862781244	-1.1943886246990016	0.6855081741113697	0.08144888831672803	0.9996654566602691	1.2053015392317517	0.7255747488901759	0.09667971468729666	0.9981563348880957
CRYZ	6.60351329664816	-0.9728305084213311	0.9884897416006104	0.325037623363128	0.9997507862781244	0.7305917900263373	0.8246552617921135	0.37565201164116213	0.9996654566602691	-1.7034222984476683	0.9685650465694252	0.07862725780542391	0.9981563348880957
CSDE1	13.215654933569947	0.16043136103377345	0.7575787752124112	0.8322876031359411	0.9997507862781244	0.5315160174130508	0.6969658461480265	0.4456935423520977	0.9996654566602691	-0.3710846563792773	0.7463781191956504	0.6190617618981255	0.9981563348880957
CSNK1A1	11.560170190745161	0.67000035695173	0.7672894958107127	0.3825518239259581	0.9997507862781244	1.001329958128397	0.7082991466727382	0.15744691394039323	0.9996654566602691	-0.33132960117666704	0.7417479524188357	0.6551006473639883	0.9981563348880957
CSNK2A1	4.761126492487282	-0.027444652701009903	0.9103950669510855	0.9759507171734648	0.9997507862781244	-0.06332326225171504	0.8324806971409332	0.9393667947648312	0.9996654566602691	0.03587860955070515	0.9100098626721574	0.9685502597818034	0.9981563348880957
CSNK2B	9.59635451867612	-0.9897352156732273	0.8310429098442927	0.23367101165221738	0.9997507862781244	-0.43750439335183466	0.7425229233058166	0.5557181860378657	0.9996654566602691	-0.5522308223213928	0.8394092847418841	0.5106150577490567	0.9981563348880957
CSRP2	5.99976751635261	0.22623156509252987	1.900003633974542	0.9052206768956002	0.9997507862781244	-1.3698500713282618	1.896694880254716	0.4701530402693952	0.9996654566602691	1.5960816364207917	1.9335567652937158	0.4091081734161579	0.9981563348880957
CST3	68.37508207709264	-0.19131932693763715	0.5856677055962058	0.7439184518988783	0.9997507862781244	-0.2516281000995038	0.5696002741256526	0.6586610024020498	0.9996654566602691	0.060308773161866655	0.5870659556404901	0.9181779558693914	0.9981563348880957
CSTB	24.667875783943106	-0.08712879933449227	0.6491297881750466	0.8932254451512363	0.9997507862781244	0.5268108791273373	0.6021945398709645	0.381672710132651	0.9996654566602691	-0.6139396784618295	0.6429882026447195	0.33966740775444004	0.9981563348880957
CTBP2	5.242112355379264	0.5648569674966709	0.9633589951097239	0.5576463205750553	0.9997507862781244	0.004220510438366334	0.9145567241551049	0.9963179231249684	0.9996654566602691	0.5606364570583047	0.960961269463525	0.5596158968408493	0.9981563348880957
CTBS	3.291042673718268	-0.13698384801396102	1.0944840131328684	0.9003981645931832	0.9997507862781244	-0.17118079919986243	1.0019359007760251	0.864341673026666	0.9996654566602691	0.0341969511859014	1.0996297659045486	0.9751909025806158	0.9981563348880957
CTCF	5.211295810829714	1.208092075674875	0.9744212592003515	0.2150476322836926	0.9997507862781244	0.5279664961778723	0.9329386560039069	0.5714497303021095	0.9996654566602691	0.6801255794970028	0.9417086081657663	0.4701561031149861	0.9981563348880957
CTNNA1	10.20795136217391	0.3862164359673129	0.7661343973889937	0.6141836904193388	0.9997507862781244	0.538253419428444	0.7053772321353975	0.44542062319965026	0.9996654566602691	-0.15203698346113098	0.7505981065974549	0.8394832988389456	0.9981563348880957
CTNNAL1	8.36293273517799	0.9754770606139983	0.8561209633364237	0.2545301058365347	0.9997507862781244	-0.8625421113366358	0.8689369357536314	0.3208851148956994	0.9996654566602691	1.8380191719506345	0.8897322898916625	0.03884628440403064	0.9705772403354409
CTNNB1	10.70502490335697	0.4107886289482541	0.8609701221600417	0.6332745529870343	0.9997507862781244	0.5935156481279922	0.8009739253982759	0.45869800542773853	0.9996654566602691	-0.18272701917973816	0.8462637470368825	0.8290484942725024	0.9981563348880957
CTSA	7.131382838208621	0.2787371165041433	0.8450848732259446	0.7415259386456574	0.9997507862781244	-0.17499389760971795	0.7964663663103204	0.8260947940563489	0.9996654566602691	0.45373101411386124	0.8493603586585144	0.5932009614765186	0.9981563348880957
CTSB	7.667555077781652	-0.6869954086517887	0.8123519075431931	0.3977274039782245	0.9997507862781244	0.5463575732734779	0.6915613193792607	0.4295073905665915	0.9996654566602691	-1.2333529819252667	0.7967452751666952	0.12162492674276264	0.9981563348880957
CTSC	6.888632478184845	0.4159427668186237	0.8596851760419085	0.628505458862991	0.9997507862781244	0.21466158793683174	0.8017570240340848	0.7889002622119667	0.9996654566602691	0.20128117888179195	0.8507616138305645	0.8129753451453505	0.9981563348880957
CTSD	58.284475108350335	0.6119893234409556	0.6564724907329608	0.3512129732066531	0.9997507862781244	0.5767138318943853	0.641633282251497	0.36874771075444823	0.9996654566602691	0.03527549154657028	0.6531414878541032	0.9569280267680805	0.9981563348880957
CTSF	7.1319330862617	0.27116057757727474	0.8271219787879216	0.7430354681890725	0.9997507862781244	-0.6015160423181554	0.7967350794053764	0.4502632478515427	0.9996654566602691	0.8726766198954301	0.8470389635754899	0.30288450392894584	0.9981563348880957
CTSH	7.425213011773993	-0.12139677985455408	0.8490478181905508	0.8863060483798844	0.9997507862781244	0.11943235223000047	0.7743748552427109	0.8774278608731039	0.9996654566602691	-0.24082913208455453	0.8449827682364071	0.7756359426985568	0.9981563348880957
CTSL	9.089964519159194	-1.1753517775699152	1.0320275087438033	0.2547547087224411	0.9997507862781244	-0.8473551151818985	0.9506214190779176	0.37273087527969273	0.9996654566602691	-0.3279966623880167	1.0466948157685083	0.7540039951307511	0.9981563348880957
CTTN	5.96476236742763	0.6461691014281693	0.8649187580867137	0.45501136700951106	0.9997507862781244	0.7956584264840038	0.7910342496637685	0.3144897829880643	0.9996654566602691	-0.14948932505583437	0.8280629428673945	0.8567373370385173	0.9981563348880957
CUEDC2	4.9246762330929394	-0.8073532084172058	0.9918230799281356	0.4156396247572176	0.9997507862781244	-0.849122645210043	0.9063913592598266	0.3488528063057216	0.9996654566602691	0.0417694367928372	1.0178840060146168	0.9672675496164677	0.9981563348880957
CUTA	26.260065295949374	0.30161904520556354	0.5678667009381912	0.5953189294886481	0.9997507862781244	-0.424035653956302	0.5482849585210016	0.43929425020849266	0.9996654566602691	0.7256546991618655	0.5739126518406383	0.20608677906891482	0.9981563348880957
CUX1	8.24518818468198	1.0378806608480555	0.8819360664337687	0.23926705977210483	0.9997507862781244	-0.5478783353091596	0.8828587009466934	0.5348805624114297	0.9996654566602691	1.5857589961572152	0.9025115680835459	0.07890908966848006	0.9981563348880957
CWC15	7.537245365325926	-0.8430402587554833	0.7873930024575961	0.28431658385648073	0.9997507862781244	-0.9105926686133246	0.7177838853665324	0.20457778295426043	0.9996654566602691	0.06755240985784133	0.8121543539338739	0.9337109503324387	0.9981563348880957
CXCL12	6.3253299043203075	-0.44567483856141393	0.9712563798715395	0.646331646509123	0.9997507862781244	-2.1924083278345705	0.9884132097853451	0.026547395009043774	0.9996654566602691	1.7467334892731565	1.060138170634052	0.0994251273113093	0.9981563348880957
CXCL14	45.08679068212565	0.23546937832145332	1.8197916862806292	0.8970462199260079	0.9997507862781244	0.007265141028869257	1.8128281495468088	0.9968023839747416	0.9996654566602691	0.22820423729258404	1.819880191235277	0.9002106893874802	0.9981563348880957
CXCR4	25.426765758258572	-2.8480237749935147	1.6649845571057262	0.08716594225554035	0.9997507862781244	-0.29327376112103387	1.5682077355805881	0.8516511762591967	0.9996654566602691	-2.554750013872481	1.6661807447526462	0.12520268215564564	0.9981563348880957
CXXC5	12.57324440473267	-1.1079747045924664	0.7705775312251271	0.1504766922078748	0.9997507862781244	-0.7879198349265355	0.697874017288979	0.2588857024220296	0.9996654566602691	-0.320054869665931	0.7841374581267979	0.6831549723091139	0.9981563348880957
CYB5A	44.03811387500515	0.5263716930807812	0.7554829120624563	0.48596839705308126	0.9997507862781244	0.03581506355462819	0.7428743101953604	0.9615477079702861	0.9996654566602691	0.49055662952615303	0.755397080155845	0.5160783535800274	0.9981563348880957
CYB5D2	2.696656883359432	-0.18436231355980476	1.2447074612005204	0.8822504469796408	0.9997507862781244	0.1804107304634188	1.1183379290855116	0.8718410508918046	0.9996654566602691	-0.3647730440232235	1.2343081677084766	0.7675903062781508	0.9981563348880957
CYB5R3	8.586932097664057	-0.17300842818303055	0.7592696871191371	0.8197538132167326	0.9997507862781244	0.20006468233584224	0.6825808789489971	0.7694454628994308	0.9996654566602691	-0.37307311051887276	0.7525468344531603	0.6200726645843088	0.9981563348880957
CYBA	32.31030787014069	-0.05708371043312905	0.6488621657339637	0.929896470980343	0.9997507862781244	0.4421491725607377	0.6123235888260424	0.47024272792954236	0.9996654566602691	-0.49923288299386676	0.6448709316224654	0.43883654383292026	0.9981563348880957
CYC1	23.92751215046253	0.7734758264092	0.7619361276091452	0.3100366033898807	0.9997507862781244	0.10676792312137014	0.7446198137576305	0.8859854806869751	0.9996654566602691	0.6667079032878298	0.7606603142410122	0.3807660360683365	0.9981563348880957
CYCS	28.960913617252963	-0.6945009027323616	0.6489177294384255	0.28450908028182664	0.9997507862781244	-0.2646263472736303	0.6060320821015129	0.6623622768719813	0.9996654566602691	-0.4298745554587313	0.6514833095543526	0.5093566998505981	0.9981563348880957
CYFIP2	18.54990283671284	1.081572311105704	0.6618017243062414	0.10219912325708859	0.9997507862781244	-0.7772381435404613	0.668637136605774	0.24506431833226572	0.9996654566602691	1.8588104546461652	0.6806114180950223	0.006312539460586319	0.41594044484286763
CYP1B1	8.624313195965698	-1.1460000610672971	1.0281005501351983	0.26498885048383647	0.9997507862781244	-2.288213377943124	1.0040435681710371	0.022667178614795842	0.9996654566602691	1.1422133168758268	1.0935914103587474	0.29627226439691356	0.9981563348880957
CYS1	11.766458833877419	-1.4114364674033948	0.7730169651110216	0.06786829046320433	0.9997507862781244	-0.8012392860974803	0.6819609909681845	0.24003277899718733	0.9996654566602691	-0.6101971813059145	0.7874025343885261	0.4383695150307312	0.9981563348880957
CYSTM1	46.196497903663406	0.24038435889634402	0.6663656202529302	0.7182942402986092	0.9997507862781244	-0.10411977530554568	0.6506760946082902	0.8728670305700057	0.9996654566602691	0.3445041342018897	0.6672446996272822	0.605638935175971	0.9981563348880957
CYTH2	4.915126846253356	-1.4644043734654144	0.9363751593160042	0.11783923299123539	0.9997507862781244	-0.30931041978796886	0.7789013211847229	0.6912854787244544	0.9996654566602691	-1.1550939536774456	0.9444525831689425	0.22131832116989802	0.9981563348880957
CYTOR	5.732662351211346	-0.24520092067850288	1.0507086104027106	0.815476284922691	0.9997507862781244	0.6141382064224122	0.9336141598687377	0.5106619652939838	0.9996654566602691	-0.8593391271009151	1.0319261519791099	0.40498430463150104	0.9981563348880957
DAD1	25.65768013399341	0.18922280969705815	0.6389423599421825	0.767115495512827	0.9997507862781244	0.08444178921324154	0.6082690021336618	0.8895899386575095	0.9996654566602691	0.10478102048381661	0.6378901289668403	0.8695250033680058	0.9981563348880957
DAG1	6.708486015187256	0.6073251334880612	0.9160867264577024	0.507358775310293	0.9997507862781244	-0.8160378069303703	0.9114841188724044	0.37063490468200344	0.9996654566602691	1.4233629404184316	0.9506611733565811	0.1343321873378511	0.9981563348880957
DANCR	18.519400829748815	0.7660109190126624	0.6381706089226535	0.2300138845493177	0.9997507862781244	-0.3245447437654954	0.6245038214768256	0.6032837290478195	0.9996654566602691	1.0905556627781579	0.6443779616027059	0.09056665702392838	0.9981563348880957
DAP3	3.749640763242261	-0.7155990920824676	1.1398799561788144	0.5301450502163777	0.9997507862781244	0.43206360896520984	0.9785312389377614	0.6588199460941144	0.9996654566602691	-1.1476627010476774	1.123672638548395	0.3070887921008417	0.9981563348880957
DARS	7.7043403774451535	0.2429472133054992	0.8014057549620521	0.761774544594208	0.9997507862781244	0.2776977133980498	0.7360208696930661	0.7059536612689643	0.9996654566602691	-0.03475050009255055	0.7907512537104835	0.9649473013316454	0.9981563348880957
DAZAP2	13.122427683954637	-0.30990255539642586	0.7599048874525084	0.6834076222794296	0.9997507862781244	-0.26480288326146145	0.7037881794927476	0.706728321176044	0.9996654566602691	-0.04509967213496441	0.7647532305991767	0.9529737386708066	0.9981563348880957
DBI	34.33672416740906	0.12186203272041862	0.6380872693461946	0.8485411077079857	0.9997507862781244	0.07315239029397824	0.6123580367615058	0.9049108000619802	0.9996654566602691	0.048709642426440374	0.6375003527518223	0.9390951097921367	0.9981563348880957
DCDC2	13.505722150486445	1.5152935053420922	0.9052932758565799	0.09416695456357992	0.9997507862781244	-0.5283803211217989	0.9169733111583337	0.5644650440352356	0.9996654566602691	2.043673826463891	0.9203249663506732	0.02637805062692235	0.8103373161702241
DCTN2	5.7037566236464174	-0.19982993727907322	0.8386146663608189	0.811659461331796	0.9997507862781244	-0.7679156187024606	0.7914743581793907	0.3319296865775475	0.9996654566602691	0.5680856814233874	0.8665830143678984	0.5121157951254489	0.9981563348880957
DCTN3	7.806833051637152	0.3729417610091931	0.7804189489728527	0.6327400372153703	0.9997507862781244	0.03787058323391437	0.7312848477754625	0.9586989210116448	0.9996654566602691	0.33507117777527873	0.7774729893640896	0.6664867764623135	0.9981563348880957
DCTPP1	3.6943938421537075	-0.7796657029406425	1.090832747454135	0.47476750373846344	0.9997507862781244	-0.4895140860263771	0.9766363761944055	0.616213128753792	0.9996654566602691	-0.2901516169142654	1.1069849349983654	0.7932367797001312	0.9981563348880957
DCXR	13.841334748979694	0.6415052652625614	0.7471708357108717	0.39057277175059923	0.9997507862781244	-0.42305652541727656	0.7307723698892947	0.5626451997431254	0.9996654566602691	1.064561790679838	0.7561687118302036	0.159179537377783	0.9981563348880957
DDAH2	7.714862925606345	-0.8496807410135923	0.8445471886847187	0.31437782589245256	0.9997507862781244	-0.986612227845268	0.7773335715762162	0.2043603566008796	0.9996654566602691	0.1369314868316758	0.8692314959316054	0.8748258525515861	0.9981563348880957
DDB1	6.537601488310893	0.7469069104651995	0.8197285706266522	0.3622091316680126	0.9997507862781244	-0.5556375948837838	0.8124880299172016	0.4940561666283292	0.9996654566602691	1.3025445053489833	0.8428865771308452	0.12226457207072218	0.9981563348880957
DDIT3	8.61568397820173	0.5924478972076227	0.8398835967280187	0.480565782533697	0.9997507862781244	0.8636074053294179	0.7722867119303788	0.263461457024708	0.9996654566602691	-0.2711595081217952	0.8130126732387988	0.7387385261494264	0.9981563348880957
DDIT4	12.099470116900354	-1.5744536672686436	1.0796311719771148	0.14475084507892497	0.9997507862781244	0.7064634836466847	0.929346509124059	0.4471515935579633	0.9996654566602691	-2.2809171509153283	1.0711345773607976	0.03321784805612092	0.8897382742773894
DDOST	4.547646654662299	0.37574075545673197	0.9645767836422702	0.6968770986516243	0.9997507862781244	0.43731690783302885	0.8859680861634742	0.6215862606874294	0.9996654566602691	-0.061576152376296836	0.9449496012971195	0.9480438819121608	0.9981563348880957
DDR1	8.926854226867395	0.13161337732501058	0.7881011552910862	0.8673695653111971	0.9997507862781244	0.05138601141519048	0.7282577591700917	0.9437477891052655	0.9996654566602691	0.08022736590982009	0.7851723721402699	0.9186153662811596	0.9981563348880957
DDRGK1	6.745959134923952	0.7096049716275065	0.8128706004262146	0.38268390673413777	0.9997507862781244	0.3929734942538458	0.7626590345570732	0.6063660328983905	0.9996654566602691	0.3166314773736607	0.7960925133961608	0.690827737550536	0.9981563348880957
DDT	17.910821606081527	-0.7810205575357554	0.6460709969947955	0.22670999126286662	0.9997507862781244	-0.23548508544290778	0.5828153598225579	0.6861777946713956	0.9996654566602691	-0.5455354720928476	0.6493028345145441	0.40080382981868623	0.9981563348880957
DDX1	5.516841360286909	-0.9361252256642179	0.9843097095839132	0.34158029615041186	0.9997507862781244	-0.5697293571878026	0.8815773475365924	0.5181101209269392	0.9996654566602691	-0.36639586847641525	0.99925704955276	0.7138664662966481	0.9981563348880957
DDX17	27.926392404651576	-0.1600560599722539	0.6466145159797547	0.8044985930496426	0.9997507862781244	0.057731069864236186	0.6091232784042913	0.9244917044065589	0.9996654566602691	-0.21778712983649007	0.6460251544770133	0.7360274566306275	0.9981563348880957
DDX18	8.301311194999196	0.34616676802091045	0.7860555883424123	0.6596585839566222	0.9997507862781244	1.0765275825781067	0.7005853299961398	0.12438843702467865	0.9996654566602691	-0.7303608145571961	0.751250687172088	0.3309544395491013	0.9981563348880957
DDX21	7.09798759088395	0.8038748082134252	0.9407838988855937	0.39284274678821496	0.9997507862781244	0.7593125164911618	0.8778632643264006	0.38706330265633737	0.9996654566602691	0.0445622917222634	0.9120709960789007	0.9610321742910581	0.9981563348880957
DDX24	15.730424855677512	-0.6063777309804774	0.7219138730124568	0.4009316266662094	0.9997507862781244	-0.07308553873175544	0.6575976266619172	0.9115051627760504	0.9996654566602691	-0.533292192248722	0.7228932559576294	0.4606851377438391	0.9981563348880957
DDX39B	6.782924370056253	-0.896870079064212	0.8633350129424001	0.29887746612837895	0.9997507862781244	-0.280238870216937	0.7590498511108058	0.711980948447019	0.9996654566602691	-0.6166312088472751	0.869736424838756	0.47833297925927454	0.9981563348880957
DDX3X	15.702566898890488	0.5934402718874019	0.9892644905646614	0.5485860173821405	0.9997507862781244	0.9714170389942874	0.9450466690615091	0.303995093493318	0.9996654566602691	-0.37797676710688544	0.9750631638826419	0.6982799718846785	0.9981563348880957
DDX46	11.59112151780215	-0.17276233516154507	0.7293348976580901	0.8127525618390387	0.9997507862781244	-0.5277318110184664	0.6838328769099108	0.4402765546754329	0.9996654566602691	0.3549694758569214	0.7412441039258884	0.63202160094317	0.9981563348880957
DDX5	61.32514434124087	0.5180720775535014	0.6674678618063259	0.43764547939831866	0.9997507862781244	1.1759006259104912	0.6471431173754465	0.06920727534722591	0.9996654566602691	-0.6578285483569899	0.661169073870262	0.3197617760015089	0.9981563348880957
DDX6	6.827204132783571	-0.08528641646481089	0.9049383409018031	0.9249140978817463	0.9997507862781244	0.6238357448948495	0.8016806540000861	0.4364747481765262	0.9996654566602691	-0.7091221613596604	0.8833260401077871	0.4220981848002634	0.9981563348880957
DECR1	12.14896598580415	0.2589482823986996	0.7960854078328841	0.7449714278046109	0.9997507862781244	0.02999266741520601	0.7538494586597406	0.9682637241830561	0.9996654566602691	0.2289556149834936	0.7951847989556035	0.7734021937799223	0.9981563348880957
DEFB1	302.23877622513254	0.28512089081279685	0.7864719667875778	0.7169548610251111	0.9997507862781244	-0.32723295219796944	0.7846311171856812	0.6766394637200757	0.9996654566602691	0.6123538430107663	0.7868386789587425	0.4364241617055299	0.9981563348880957
DEK	11.007714149741112	-0.9490118113313436	0.8857289045123503	0.28396837082466486	0.9997507862781244	0.33850124929239217	0.777941445992176	0.6634721853176675	0.9996654566602691	-1.2875130606237357	0.8800254613606356	0.1434562444950024	0.9981563348880957
DENR	4.181202046682397	-0.7862330719643597	0.9873171033054664	0.4258385796083247	0.9997507862781244	-0.08921600555899896	0.8583996029089016	0.9172225560221064	0.9996654566602691	-0.6970170664053607	0.9885307877003537	0.48074548353655566	0.9981563348880957
DEPTOR	11.29315025292148	1.0243850149850187	0.7442587392425434	0.1687031138190791	0.9997507862781244	0.57503264155735	0.7076029659773223	0.4164194923451011	0.9996654566602691	0.4493523734276686	0.7256350591620786	0.5357490788146713	0.9981563348880957
DERL1	4.507537533714248	-0.21200847996019975	0.9593300807327154	0.8250952476694706	0.9997507862781244	0.653535575082248	0.8329559676266117	0.43268931094430774	0.9996654566602691	-0.8655440550424478	0.9293523214249205	0.3516771249192827	0.9981563348880957
DGCR6L	6.774464680350379	-0.1147006944144079	0.840779635659753	0.8914878191445945	0.9997507862781244	-0.6503026370117871	0.793181220556195	0.4122922693445201	0.9996654566602691	0.5356019425973793	0.86102296320094	0.5339069990990158	0.9981563348880957
DGUOK	6.640166655012111	0.16734298156423352	0.8125442846462023	0.8368304621750347	0.9997507862781244	-0.06511419286088525	0.7536184150829158	0.9311467995574421	0.9996654566602691	0.23245717442511876	0.8125108201156135	0.7748035781803344	0.9981563348880957
DHRS4L2	3.1055748649635526	-0.5097702215394905	1.0511502428918262	0.6277017507040381	0.9997507862781244	-0.9401622023854049	0.9823273864863454	0.3385287747361888	0.9996654566602691	0.4303919808459145	1.0962109159571896	0.6946017484379914	0.9981563348880957
DHRS7	9.500553868401575	-0.22467688948994552	0.7836583636048537	0.7743400474667698	0.9997507862781244	0.29554232599361924	0.7061616980902301	0.6755674512467422	0.9996654566602691	-0.5202192154835648	0.7762547192368592	0.5027522255334795	0.9981563348880957
DHX15	4.053166145916785	-0.28254438551415595	1.0037523688005305	0.7783360247821844	0.9997507862781244	-0.012249107250880836	0.8993614560833376	0.9891333219321806	0.9996654566602691	-0.2702952782632751	1.0013520550249988	0.7872138625269343	0.9981563348880957
DHX29	4.762431496446922	-0.191549570485342	0.9436714479460072	0.8391480637434306	0.9997507862781244	0.2881185684086068	0.8409163462679832	0.7318809451719532	0.9996654566602691	-0.47966813889394877	0.9313601413942281	0.6065397653773645	0.9981563348880957
DHX36	8.291386716913808	-0.1898164378014274	0.8119128965843521	0.8151486619123743	0.9997507862781244	-0.15493827433781035	0.7445608675109118	0.8351559649918308	0.9996654566602691	-0.034878163463617044	0.8151032950770235	0.9658690397205059	0.9981563348880957
DHX9	4.032799416917996	0.18366134637252673	1.1195035309966563	0.8696870065299105	0.9997507862781244	0.75303067167623	1.006740934426872	0.4544670759950096	0.9996654566602691	-0.5693693253037032	1.0885002591074984	0.6009207501153676	0.9981563348880957
DIAPH1	4.503230403690693	2.3746217401952894	1.139895283144693	0.037233645659624205	0.9997507862781244	2.7604245487042984	1.065418514663113	0.009571702243809559	0.9996654566602691	-0.38580280850900933	0.9190068585079472	0.67462860020072	0.9981563348880957
DICER1	7.088393356284572	0.9476092253311552	0.8707306689036222	0.276466218975723	0.9997507862781244	0.6647690058389699	0.8183281536686793	0.41659073654540746	0.9996654566602691	0.28284021949218535	0.8420888071965023	0.7369618691007184	0.9981563348880957
DLD	5.637651718973613	-0.26040402804045787	0.9008033820259166	0.7725203396953634	0.9997507862781244	0.106841538468016	0.8083193217781156	0.8948439841385128	0.9996654566602691	-0.3672455665084739	0.8957749920564474	0.6818241113574588	0.9981563348880957
DMAC1	9.889495588962511	-0.06338891167795302	0.8146059976510732	0.9379748765108322	0.9997507862781244	-0.607421504843512	0.7749282788661713	0.43313269506707763	0.9996654566602691	0.544032593165559	0.8285745107251412	0.5114454692290605	0.9981563348880957
DMKN	12.764286518553261	-0.28107592892512506	0.7210690345712372	0.6966811421780448	0.9997507862781244	-0.01106823309063493	0.6575994001927759	0.9865712235332283	0.9996654566602691	-0.2700076958344902	0.7207434658487413	0.7079402290486023	0.9981563348880957
DNAJA1	41.597432200307864	-1.0218851882489592	0.8396014678529563	0.22356334256473998	0.9997507862781244	1.2785985236614144	0.7773937624200965	0.10002664956509467	0.9996654566602691	-2.3004837119103736	0.8331575460782941	0.0057595939337961545	0.4142065723889666
DNAJA2	5.49300903774797	-0.6027152785733555	0.9383551835762736	0.5206716731608932	0.9997507862781244	0.2015649059755156	0.8170544890610163	0.8051427145623651	0.9996654566602691	-0.8042801845488712	0.93027457939347	0.38727915805787083	0.9981563348880957
DNAJB1	73.99505703810036	-0.9397839865567048	1.0002163782884617	0.3474326892815508	0.9997507862781244	1.5055529966597236	0.9660395360809098	0.11911957887610237	0.9996654566602691	-2.4453369832164285	0.9964337757123348	0.014124209233868167	0.5963289017214508
DNAJB11	5.853188546890004	0.5109640614023613	0.8159856439357953	0.5311887092232285	0.9997507862781244	-0.21245078200145404	0.7799551284093832	0.785323339327525	0.9996654566602691	0.7234148434038153	0.8219317312786943	0.3787835715363006	0.9981563348880957
DNAJB6	18.874568956489163	-0.037537920645514644	0.7681086136478275	0.9610224271323493	0.9997507862781244	0.7764219293835647	0.7090917322160701	0.27353734524395845	0.9996654566602691	-0.8139598500290793	0.7575451382579481	0.2826118912096919	0.9981563348880957
DNAJB9	4.956889250191586	0.1311450228193128	0.9259603777923612	0.8873711990131612	0.9997507862781244	0.49206743547690485	0.8318542745180197	0.5541648156465021	0.9996654566602691	-0.36092241265759206	0.9031967342133129	0.6894470803025623	0.9981563348880957
DNAJC1	6.612549823413173	1.0118623315698427	0.8487419267319221	0.23318643307056375	0.9997507862781244	0.42844740039169915	0.8085056963172625	0.5961639154550795	0.9996654566602691	0.5834149311781435	0.8284191520922147	0.48127653944969795	0.9981563348880957
DNAJC10	3.478626669977002	-0.7587488388954713	1.0998318982020117	0.4902714787980902	0.9997507862781244	-0.20704969124560713	0.9657926015459471	0.8302482554733266	0.9996654566602691	-0.5516991476498642	1.1059807566966546	0.6178973886233143	0.9981563348880957
DNAJC15	11.896275163815744	1.1887080763675482	0.7986832664111124	0.13666262947498664	0.9997507862781244	-0.2960650408806121	0.7943519495083066	0.7093623010116379	0.9996654566602691	1.4847731172481604	0.8066705088025714	0.0656774019691261	0.9981563348880957
DNAJC19	14.987220902097711	0.7004033593557291	0.809683731824419	0.38702053297436523	0.9997507862781244	0.21374917627798107	0.7811386861438264	0.7843628790685999	0.9996654566602691	0.4866541830777481	0.8056425690763223	0.5458056230254213	0.9981563348880957
DNAJC21	4.934437488103234	-0.5605522505244562	0.9457669485222673	0.5533846449197555	0.9997507862781244	0.2683208899503958	0.8225088392093283	0.7442560190751332	0.9996654566602691	-0.828873140474852	0.9351953301676779	0.3754504054271901	0.9981563348880957
DNAJC3	9.885638888307607	0.5433190376174347	0.7621897373625561	0.47594500985414523	0.9997507862781244	-0.011335874856025219	0.7251783085499937	0.9875281002139998	0.9996654566602691	0.5546549124734599	0.7613058785478755	0.4662725406220035	0.9981563348880957
DNAJC7	7.748746336171923	-0.5230620818788998	0.7565175439385499	0.4893093442739225	0.9997507862781244	-0.39619772660211483	0.6831055449494347	0.5619180625958535	0.9996654566602691	-0.12686435527678497	0.7665597311427627	0.8685517642504685	0.9981563348880957
DNAJC8	11.47757089475621	-0.5906833856683724	0.7321496330608467	0.41979347618416674	0.9997507862781244	-0.2649806779868666	0.6611284590065947	0.688566942737644	0.9996654566602691	-0.32570270768150583	0.7371217890608798	0.6585924083363773	0.9981563348880957
DNASE1	6.20937753885078	-0.2207609494828165	0.9918539828386753	0.8238670415968264	0.9997507862781244	-1.346590113944884	0.9685798287185746	0.1644460781662257	0.9996654566602691	1.1258291644620675	1.0364526658506155	0.2773758884002494	0.9981563348880957
DNM1L	6.375000004110389	-0.2502702525962757	0.8862488765462337	0.7776423777224755	0.9997507862781244	-0.18032073669567455	0.8064303140965124	0.8230657474210112	0.9996654566602691	-0.06994951590060117	0.8906467076284599	0.9374001889735332	0.9981563348880957
DNPH1	14.065982946918986	0.5039417020956275	0.7025211133418976	0.473168540687834	0.9997507862781244	-0.052349667995590675	0.6721978711885295	0.9379248131118548	0.9996654566602691	0.5562913700912181	0.7031172825215639	0.4288397585411684	0.9981563348880957
DPM3	7.444749181085446	-0.37356833415568574	0.80953811489597	0.6444696092838497	0.9997507862781244	0.1913295836562249	0.7189406552420428	0.7901413331160279	0.9996654566602691	-0.5648979178119107	0.8030720873152699	0.48179330911848384	0.9981563348880957
DPP7	7.981293462683071	0.3477578926563346	0.8126338747542382	0.6686953843506769	0.9997507862781244	0.8622547714879356	0.7338980723099997	0.2400358561921414	0.9996654566602691	-0.514496878831601	0.7856935974413147	0.5125762784556319	0.9981563348880957
DPY30	11.277636653292163	-0.5509570607763961	0.720198616150557	0.444267311827379	0.9997507862781244	-0.13477123858055093	0.6463990147329095	0.8348421529220538	0.9996654566602691	-0.4161858221958451	0.7223973319669055	0.5645356912669419	0.9981563348880957
DRAM2	3.279102373207461	-0.29708505849153166	1.1849011657638577	0.8020262649998746	0.9997507862781244	1.0681337215384838	1.0110785787712038	0.2907718156265	0.9996654566602691	-1.3652187800300155	1.138635848681944	0.23052985884899546	0.9981563348880957
DRAP1	12.696294385198392	-0.03405732456945526	0.6675860756482662	0.9593130654198652	0.9997507862781244	-0.18001157692421588	0.6193537757274161	0.7713234589831324	0.9996654566602691	0.14595425235476062	0.6708409200593665	0.8277648656925589	0.9981563348880957
DSG2	3.7739607971895666	-0.14236430553606375	1.1583920864272024	0.9021877088130259	0.9997507862781244	1.369494127410778	0.9892247566011938	0.1662324901674015	0.9996654566602691	-1.5118584329468416	1.1026389640665148	0.17033526267018484	0.9981563348880957
DSP	4.734757804183197	-0.7655321737335196	0.9895742602740644	0.43916885100547876	0.9997507862781244	0.07850895588058672	0.8577756220449493	0.9270744772103023	0.9996654566602691	-0.8440411296141064	0.9854923908665327	0.39173984510971593	0.9981563348880957
DST	7.709690493608542	0.5224472446718113	1.023957151274664	0.6098947239430512	0.9997507862781244	0.9829540663540748	0.9461906142431267	0.29887256305685805	0.9996654566602691	-0.4605068216822635	0.9962128649849434	0.6438967069188971	0.9981563348880957
DSTN	53.349555820989636	0.10728845925955537	0.5871663519903604	0.8550158199847429	0.9997507862781244	0.2141230539054862	0.5667524539335466	0.7055739607301434	0.9996654566602691	-0.10683459464593083	0.5858944859646855	0.8553124349328132	0.9981563348880957
DUSP1	60.82273126261772	-1.5536709055312123	0.9047145167950797	0.08592343024096316	0.9997507862781244	0.3186076158933901	0.8650519119290934	0.7126417985053284	0.9996654566602691	-1.8722785214246023	0.9038721076139867	0.038321654279257114	0.9705772403354409
DUSP9	15.259017654339475	-0.5272111585410741	0.8075965419392068	0.5138755345833402	0.9997507862781244	-1.618461828663456	0.789320523889976	0.040320592536000954	0.9996654566602691	1.091250670122382	0.8377997668451691	0.19273880063567395	0.9981563348880957
DUT	12.13641588924181	-0.5299038254366485	0.7185348138666326	0.4608315411648919	0.9997507862781244	-0.2655023645413199	0.6522459609556689	0.6839649077252291	0.9996654566602691	-0.26440146089532857	0.7233969027446329	0.7147383172627704	0.9981563348880957
DYNC1H1	8.585392847536925	-0.29715593187945544	0.8562203723670886	0.7285496744304047	0.9997507862781244	0.15250751830671438	0.7715528991933038	0.8433086818102138	0.9996654566602691	-0.44966345018616977	0.8514904923615868	0.5974370047980342	0.9981563348880957
DYNC1I2	11.908221184367314	0.33090665434269956	0.6981553794132374	0.6355193095472713	0.9997507862781244	0.5172776506588808	0.6405231512802411	0.4193288399559988	0.9996654566602691	-0.18637099631618115	0.6842097182531982	0.7853231597203243	0.9981563348880957
DYNC1LI2	7.175660253310913	-0.07583564219742651	0.819895684454301	0.9263053538678978	0.9997507862781244	0.18451532076077948	0.7400224553794973	0.8030997557636417	0.9996654566602691	-0.260350962958206	0.8120964093534732	0.7485202067455579	0.9981563348880957
DYNC2LI1	4.20647715053647	-0.151426065294817	0.8986056980167767	0.8661803097676914	0.9997507862781244	-0.7329848269192462	0.8502437120908489	0.38863914243433717	0.9996654566602691	0.5815587616244291	0.9303349468419714	0.5319009228752237	0.9981563348880957
DYNLL1	47.11211818697917	-0.5673468104854867	0.5450847969920019	0.29794917313684965	0.9997507862781244	-0.07803367563392548	0.5122453927023957	0.8789215297527557	0.9996654566602691	-0.48931313485156125	0.5457288183930227	0.3699199990472244	0.9981563348880957
DYNLL2	5.319599888894373	-1.1817072263341666	1.016692717150065	0.2451115173774644	0.9997507862781244	-0.16062258141990782	0.8678852822474856	0.8531713732394829	0.9996654566602691	-1.0210846449142588	1.0203231525741934	0.3169494651985011	0.9981563348880957
DYNLRB1	13.816631165003411	-0.9132502034979736	0.7427356235889294	0.2188557673362035	0.9997507862781244	-0.2271861167444399	0.6646960056779442	0.732509310544444	0.9996654566602691	-0.6860640867535337	0.7462052480320613	0.35788430006286587	0.9981563348880957
DYNLT1	14.450942562770535	-0.3594095224420407	0.752855452193745	0.6330807852216016	0.9997507862781244	-0.24543024723275286	0.6996336274503668	0.7257397154511642	0.9996654566602691	-0.11397927520928783	0.7568252384371742	0.8802898080232238	0.9981563348880957
EAPP	6.960243149525566	-0.6075663057730475	0.8429692937612133	0.4710661266585693	0.9997507862781244	0.12781363916604263	0.7406245326742859	0.8629851215689793	0.9996654566602691	-0.7353799449390901	0.8385666089601154	0.38051447201270994	0.9981563348880957
EBP	4.05772092862571	-0.14666280850296398	1.0401928117109034	0.8878732672526183	0.9997507862781244	-0.018716737050353673	0.9484862514076401	0.9842561488401342	0.9996654566602691	-0.1279460714526103	1.0392790814916315	0.9020196698118703	0.9981563348880957
ECH1	15.011823808933656	-0.5237121884825225	0.7539966893074669	0.48731757852639024	0.9997507862781244	-0.3121999585974991	0.6990520633862007	0.6551604792340916	0.9996654566602691	-0.21151222988502344	0.7587098122880463	0.7804145657799355	0.9981563348880957
ECHDC1	3.8646451180557557	-1.506546612929969	1.1837618799653327	0.20313265402535607	0.9997507862781244	-0.6591549824994406	1.0205692715572383	0.5183636086693066	0.9996654566602691	-0.8473916304305285	1.2032279186117563	0.48126759271368236	0.9981563348880957
ECHDC2	9.339902460779575	0.00606455404858419	0.7427904155071846	0.9934856990830341	0.9997507862781244	-0.1269218337676174	0.6865894059797918	0.8533400837341905	0.9996654566602691	0.1329863878162016	0.7450243384504175	0.8583308024601974	0.9981563348880957
ECHS1	15.032047723422117	0.6362428834408306	0.73812846214416	0.38870529937667697	0.9997507862781244	-0.052299143705222	0.7129775583296009	0.9415251047754132	0.9996654566602691	0.6885420271460526	0.7388519028074763	0.351384053219029	0.9981563348880957
ECI1	8.75552818060338	-0.3207329935227373	0.8861048306272101	0.7173831961873873	0.9997507862781244	-0.5915149937648887	0.8317461397612119	0.4769773384597047	0.9996654566602691	0.27078200024215143	0.8997407942486619	0.76344837752201	0.9981563348880957
ECI2	8.647495321249547	0.6014051509012057	0.8372612304823638	0.472572029007144	0.9997507862781244	-0.5170781737227318	0.8185572355510371	0.5275864666927002	0.9996654566602691	1.1184833246239374	0.8526497674105392	0.1895965865781708	0.9981563348880957
EDF1	36.191110382525565	0.04134111515060865	0.5375164968340618	0.9386940746170469	0.9997507862781244	-0.30351063780986115	0.5145730353490857	0.5553045959558901	0.9996654566602691	0.3448517529604698	0.5407276540371942	0.5236331912491888	0.9981563348880957
EEA1	4.085051604921969	0.7074340587558973	0.946708024029215	0.454908531837221	0.9997507862781244	0.12432283637212553	0.8987449134226493	0.8899800982783767	0.9996654566602691	0.5831112223837718	0.9362128190509471	0.5333893677562505	0.9981563348880957
EEF1A1	419.6275616458348	-1.105314145998199	0.5115142891748117	0.030705645134423438	0.9997507862781244	-0.42427509693831944	0.5056377686098266	0.40141936024483504	0.9996654566602691	-0.6810390490598797	0.5119027686927917	0.18338419513666315	0.9981563348880957
EEF1B2	41.433749340900846	-0.8132977839522864	0.6466557826704994	0.20850094023446564	0.9997507862781244	0.11074195894155298	0.6057186712057561	0.854933462913536	0.9996654566602691	-0.9240397428938393	0.6460752951266736	0.15264947527937975	0.9981563348880957
EEF1D	59.57433207220029	-0.3084193058039677	0.5382529607934202	0.5666442420410707	0.9997507862781244	-0.3207364304815409	0.5178906130370802	0.5357101295432443	0.9996654566602691	0.012317124677573201	0.5403430783515325	0.9818137902019283	0.9981563348880957
EEF1E1	6.503996200023186	-0.3594702090442959	0.8607455960063873	0.6762201858812354	0.9997507862781244	-0.34767412814978627	0.7879238266956092	0.6590295023670623	0.9996654566602691	-0.011796080894509595	0.869798046807523	0.9891795315552262	0.9981563348880957
EEF1G	103.46862224594753	-0.39023076307778837	0.4965129751255904	0.43190103968042004	0.9997507862781244	-0.3692865971011074	0.48274193756093803	0.44428509508775393	0.9996654566602691	-0.02094416597668101	0.4980317264790856	0.9664557468235374	0.9981563348880957
EEF2	47.60399782406258	-0.0306872883732235	0.5605843010516651	0.9563443173616532	0.9997507862781244	-0.1157281064506112	0.5385832229671083	0.8298647240186884	0.9996654566602691	0.0850408180773877	0.5615820236040547	0.8796358905366458	0.9981563348880957
EFHD1	19.982527109177077	1.8374217478814123	0.7474274798610162	0.013958570235222793	0.9997507862781244	0.05497775920071094	0.7500420490359422	0.9415677343760898	0.9996654566602691	1.7824439886807013	0.7456130397405552	0.016822007049223913	0.6547440556190119
EGF	14.816428034029586	2.4852829510914085	0.9460902492210267	0.008616706047283554	0.9466962061229397	-1.5872130337102814	1.045871974548098	0.12911581553248758	0.9996654566602691	4.07249598480169	1.0271616215591104	7.345583522259338e-05	0.026921870119527916
EGR1	41.950793014985834	-1.2029137023253855	0.9663098820842247	0.21318581028967987	0.9997507862781244	1.3860775637406562	0.9009936160042731	0.12395382967027417	0.9996654566602691	-2.5889912660660417	0.9602285105912979	0.007013046440546142	0.41594044484286763
EI24	6.6209593990022535	-0.17879441229621099	0.8727406939759227	0.8376772519972502	0.9997507862781244	0.5856798903783442	0.7697336080738383	0.44672487862412225	0.9996654566602691	-0.7644743026745552	0.853427370709796	0.37037582410633196	0.9981563348880957
EID1	28.802529962806645	-0.18356249336081115	0.6357690484650318	0.7727917397521603	0.9997507862781244	-0.005482104362498834	0.600791158953159	0.9927195570909646	0.9996654566602691	-0.17808038899831233	0.6358886299731981	0.7794394121611986	0.9981563348880957
EIF1	152.52841540643243	0.028786353041721804	0.5130563539243824	0.9552561014189335	0.9997507862781244	0.1904174585241521	0.5039008101206998	0.7055146977683744	0.9996654566602691	-0.1616311054824303	0.5126408383565815	0.7525406245786026	0.9981563348880957
EIF1AX	15.770534397300107	0.32374448684869733	0.7048498738187227	0.6460116783945983	0.9997507862781244	-0.027076159139656667	0.6688897595819393	0.9677110456022464	0.9996654566602691	0.35082064598835405	0.7049839043849573	0.618745349022308	0.9981563348880957
EIF1B	13.79706153921627	-0.2654702985912858	0.7159862215454683	0.7108045955738933	0.9997507862781244	0.016556069215459556	0.6570598424900944	0.9798976691688389	0.9996654566602691	-0.2820263678067454	0.7153542360014329	0.6933985790724352	0.9981563348880957
EIF2AK1	5.23866685211971	-0.27008115991210585	0.9180439150100939	0.768611206308253	0.9997507862781244	-0.16738162134952925	0.8320673679834324	0.8405706957262092	0.9996654566602691	-0.10269953856257658	0.9221409805234306	0.9113223487372761	0.9981563348880957
EIF2AK2	4.684311013970864	-0.31247335980096647	1.00641789631098	0.7561954136939377	0.9997507862781244	0.5471745316363216	0.8781528885298925	0.5332207052723495	0.9996654566602691	-0.859647891437288	0.9844385157383956	0.38253404688010884	0.9981563348880957
EIF2S2	9.488664332203683	-0.14118228585062392	0.8171359280402783	0.8628267245447049	0.9997507862781244	0.505834513187582	0.7378819730053771	0.493014422753389	0.9996654566602691	-0.647016799038206	0.805736782977461	0.421967444715853	0.9981563348880957
EIF2S3	9.365689753770967	-0.18228953948744353	0.8450090189448003	0.8292021415483602	0.9997507862781244	0.1380420586271886	0.7690943461552382	0.8575557102481779	0.9996654566602691	-0.32033159811463213	0.8408453570886214	0.7032301491650591	0.9981563348880957
EIF3A	12.455758883314829	0.7975026392924476	0.7208917338876053	0.26860862771318905	0.9997507862781244	0.09460479435928107	0.692666594846298	0.8913623400003932	0.9996654566602691	0.7028978449331664	0.7173477118441008	0.3271569395690307	0.9981563348880957
EIF3D	6.127637894337358	-0.4647340761756834	0.8806059650121789	0.5976773751560741	0.9997507862781244	-0.7963134395107284	0.8200197256961737	0.33150316913185907	0.9996654566602691	0.331579363335045	0.9043043276105471	0.7138667578739168	0.9981563348880957
EIF3E	18.841740336920402	-0.8493756448871501	0.6955554746900842	0.22203027801057162	0.9997507862781244	-0.2741633701650231	0.6336870084411781	0.6652705659407482	0.9996654566602691	-0.575212274722127	0.699059831293015	0.410600708782881	0.9981563348880957
EIF3F	15.40693893904047	-0.07672230480087766	0.7038471897789751	0.9131991534839804	0.9997507862781244	-0.2363266090324995	0.6610167002150478	0.720702648832672	0.9996654566602691	0.15960430423162184	0.7078123073721493	0.821598425866054	0.9981563348880957
EIF3G	12.400343976761906	-0.7521142506678027	0.7172946882294855	0.2943885489947188	0.9997507862781244	-0.785941843147034	0.6596862801381398	0.23350158401219345	0.9996654566602691	0.03382759247923127	0.7325279587467053	0.9631673801237896	0.9981563348880957
EIF3H	18.030234132565877	0.15545532910791016	0.6610235038243244	0.8140739344834323	0.9997507862781244	-0.05682461641135732	0.6240432809530754	0.9274458896684549	0.9996654566602691	0.2122799455192675	0.6617204528628428	0.7483619316320147	0.9981563348880957
EIF3I	8.572883119035277	-0.26122291314852264	0.817278580067084	0.7492523913727984	0.9997507862781244	-0.21736531804087764	0.7522763710495695	0.7726246650040037	0.9996654566602691	-0.04385759510764499	0.821896903085478	0.95744393479288	0.9981563348880957
EIF3J	6.272431200506656	-0.2850392607711661	0.8536269907527131	0.7384433431795139	0.9997507862781244	0.3010272618942876	0.7565994781508418	0.690726962401763	0.9996654566602691	-0.5860665226654537	0.8428376422034402	0.4868364565546006	0.9981563348880957
EIF3K	37.16255851681193	-0.28198811397602885	0.7107416918639595	0.691550426631067	0.9997507862781244	-0.32013739543453534	0.6868259943763382	0.6411357953290564	0.9996654566602691	0.03814928145850653	0.7132443105550916	0.9573439072881154	0.9981563348880957
EIF3L	13.100652392035697	-0.0305855965625351	0.666717440641993	0.9634099592365153	0.9997507862781244	-0.8707292562161675	0.6409496441929822	0.1743054958899125	0.9996654566602691	0.8401436596536324	0.6873963469876649	0.2216276894995053	0.9981563348880957
EIF3M	8.003399624017836	-0.5904459875387411	0.84968960711876	0.4871204218755849	0.9997507862781244	-0.3514515321267129	0.7710238923850329	0.6485162296177429	0.9996654566602691	-0.23899445541202827	0.8575686191832387	0.780483939433191	0.9981563348880957
EIF4A1	23.57437567942702	-0.4143057071611421	0.6559441969896119	0.5276369747611176	0.9997507862781244	0.41164896848613153	0.6009392760375363	0.49333807797713813	0.9996654566602691	-0.8259546756472735	0.6513397662588977	0.20476732999335123	0.9981563348880957
EIF4A2	36.30651307377283	-0.5333990964333313	0.637141650861816	0.4024941770155749	0.9997507862781244	0.07984815670409583	0.5978049143000791	0.8937434622576061	0.9996654566602691	-0.6132472531374271	0.6366156123682765	0.3354005918210351	0.9981563348880957
EIF4A3	5.730658235188818	-0.9041092040122515	1.0185803127078474	0.3747468046449288	0.9997507862781244	0.6502329683917354	0.8594358853831803	0.4493008534320867	0.9996654566602691	-1.554342172403987	1.0004678469074222	0.12027620318317431	0.9981563348880957
EIF4B	10.504873836108711	-1.1582738482006014	0.8125689185596259	0.1540280583212401	0.9997507862781244	0.11705996843887344	0.696719844811522	0.8665708194354285	0.9996654566602691	-1.2753338166394748	0.8099935481024384	0.11537219381099062	0.9981563348880957
EIF4E	5.608794160197063	-0.2545729671713156	0.9016865854760009	0.7776906597672454	0.9997507862781244	0.0756272442335414	0.8074464643501303	0.9253774667776085	0.9996654566602691	-0.330200211404857	0.8968209023598543	0.7127317962535652	0.9981563348880957
EIF4E2	3.0131743753105504	-0.5536162702926809	1.0682032234695396	0.6042708247702862	0.9997507862781244	-0.03679241582026564	0.9376838360634443	0.9687009965995338	0.9996654566602691	-0.5168238544724152	1.0663858394577077	0.6279246680259936	0.9981563348880957
EIF4G1	6.020906922232887	0.5388880849574218	0.8768718768213505	0.5388470668102301	0.9997507862781244	1.0308765113474694	0.7892195224945714	0.19148542685591463	0.9996654566602691	-0.49198842639004753	0.8332837998014352	0.554908296680422	0.9981563348880957
EIF4G2	16.63526877975176	-0.2555717204561845	0.7801210213593528	0.7432101730106278	0.9997507862781244	0.9783963124649381	0.70187501504598	0.16332511614419332	0.9996654566602691	-1.2339680329211224	0.7656638314601714	0.10704212801408512	0.9981563348880957
EIF4G3	5.3966335542358195	2.3798696524852585	1.0267392615489914	0.020455247885497026	0.9997507862781244	1.366236953077141	1.0040535442330067	0.17360180937164582	0.9996654566602691	1.0136326994081173	0.9270468394394392	0.27421836259555366	0.9981563348880957
EIF4H	6.9297726364191385	0.1275290858953938	0.9122052662246166	0.888815596959296	0.9997507862781244	0.2816398708538596	0.8346733002480273	0.7357963313154481	0.9996654566602691	-0.15411078495846584	0.9015994190471293	0.8642784616097433	0.9981563348880957
EIF5	21.68027584224754	-0.0051655090713369775	0.6429008182244488	0.9935893135056663	0.9997507862781244	0.3409438925068112	0.5966048175122325	0.5676786626515812	0.9996654566602691	-0.3461094015781481	0.637983119261278	0.5874702651079675	0.9981563348880957
EIF5A	10.96841595026229	0.57405579443996	0.8455212220966011	0.4971776663587668	0.9997507862781244	0.9181825625531177	0.7859332341707539	0.2426976963963411	0.9996654566602691	-0.3441267681131576	0.8242883837307629	0.6763248184418339	0.9981563348880957
EIF5B	14.180007300988152	0.10327742234697393	0.7032516811280906	0.8832449038545533	0.9997507862781244	0.15566547407865852	0.6533631784611046	0.8116851848490099	0.9996654566602691	-0.0523880517316846	0.6996972979851676	0.9403161958494095	0.9981563348880957
EIF6	10.075105439768588	-0.03301367085672233	0.7490998786777247	0.9648477130857113	0.9997507862781244	-0.518114855858111	0.7080576712633427	0.46432664281927416	0.9996654566602691	0.4851011850013887	0.7612587315830469	0.5239713746238548	0.9981563348880957
ELF1	9.646738890756493	0.6249112721049525	0.8050163783461785	0.43758869661489774	0.9997507862781244	0.9096234574365658	0.7404058561946644	0.21924166484512686	0.9996654566602691	-0.2847121853316133	0.7780103303744612	0.7144030522814251	0.9981563348880957
ELF2	7.72128146146549	1.4566198819537113	0.8631879846112358	0.09150944053288154	0.9997507862781244	-0.32994003400951183	0.8745625394133291	0.7059782111423867	0.9996654566602691	1.7865599159632233	0.8760655304010875	0.04142015487753007	0.9835265548172369
ELF3	30.204893114580955	-0.0713146434421125	0.9177211238180897	0.938060009251428	0.9997507862781244	0.8449618219904417	0.8802522042599554	0.3371011255039661	0.9996654566602691	-0.9162764654325543	0.9117560736581499	0.31491712429039775	0.9981563348880957
ELOB	51.11326247480973	0.4487138527557202	0.5571696882907021	0.42062058949643866	0.9997507862781244	0.2156248801511277	0.5399575509036243	0.6896451101264774	0.9996654566602691	0.23308897260459244	0.5555809020195022	0.674820790051745	0.9981563348880957
ELOC	13.805250223438296	0.4728680654057045	0.6719644474550219	0.4816134247784152	0.9997507862781244	0.48225990990476625	0.6251385326586325	0.4404432917896758	0.9996654566602691	-0.00939184449906178	0.6604147868430176	0.9886535624353031	0.9981563348880957
EMC10	10.061495939117915	-0.06685255916545164	0.7685384321880014	0.9306821489227016	0.9997507862781244	0.005481612653233416	0.7057445516554673	0.9938027858406467	0.9996654566602691	-0.07233417181868507	0.7674504193749541	0.9249085284212475	0.9981563348880957
EMC2	3.838557720805428	0.061405891108003326	0.9936220486899918	0.9507220646186255	0.9997507862781244	0.6369376512571667	0.8811330599970678	0.4697646401198736	0.9996654566602691	-0.5755317601491634	0.9624325728305111	0.5498419563928787	0.9981563348880957
EMC3	7.105743661012513	-0.009914211805311133	0.8015984587234535	0.990131973462952	0.9997507862781244	-0.5358862544819909	0.7557332302776115	0.4782658543554773	0.9996654566602691	0.5259720426766797	0.8180938336513865	0.5202735085413217	0.9981563348880957
EMC4	7.123595733017633	0.038635419883211106	0.8683733036072024	0.9645124537583323	0.9997507862781244	0.08673522398118723	0.8004090745130417	0.9137072589981335	0.9996654566602691	-0.04809980409797612	0.8648951744214136	0.9556497499431382	0.9981563348880957
EMC6	6.192002933066551	-0.0707428678194393	0.8939749457324974	0.9369268814765443	0.9997507862781244	-0.6089410019283394	0.8446764456939378	0.47096102513153426	0.9996654566602691	0.5381981341089002	0.913061909890486	0.5555640041225249	0.9981563348880957
EMC7	7.8486818724986875	-0.14131387008132057	0.8790174983083004	0.8722797273436077	0.9997507862781244	-0.2588907487969411	0.8191985542196359	0.7519802658621362	0.9996654566602691	0.11757687871562052	0.88490962676159	0.8942971434187907	0.9981563348880957
EMX2	18.12597256380731	-0.13955764997250208	0.8285455097487087	0.8662395686197237	0.9997507862781244	0.8304583275080231	0.7641213793236075	0.2771187214996724	0.9996654566602691	-0.9700159774805251	0.8176327758694454	0.2354757400144275	0.9981563348880957
EMX2OS	6.702568328550482	-0.24737846296587476	0.8764887175746625	0.7777609871732072	0.9997507862781244	-0.6025976954194064	0.817512410095426	0.4610546232345851	0.9996654566602691	0.35521923245353165	0.8954457591226427	0.6915920771918234	0.9981563348880957
ENO1	45.857953660408526	0.30283645240948714	0.5809756650436925	0.602189165901947	0.9997507862781244	0.009245725911727757	0.5631428548776064	0.9869008538580342	0.9996654566602691	0.2935907264977594	0.5810051040014864	0.613337449005054	0.9981563348880957
ENSA	12.802703547861345	0.0016532278116706545	0.6961127595465828	0.9981050717885636	0.9997507862781244	-0.14769156331931108	0.6482491789683096	0.8197772605372816	0.9996654566602691	0.14934479113098173	0.6986819754171906	0.8307403225706566	0.9981563348880957
ENY2	14.734699259718537	-0.63798231636778	0.7674690623875535	0.40581500356790456	0.9997507862781244	-0.14560589337719693	0.7010325928183798	0.8354616316968839	0.9996654566602691	-0.4923764229905831	0.7696404932818048	0.5223360581396879	0.9981563348880957
EPB41L4A-AS1	3.8497360224879973	-1.579562479290471	1.0844457313762776	0.14523731440824877	0.9997507862781244	-0.9566223659589957	0.9347507795326442	0.30611955919313805	0.9996654566602691	-0.6229401133314751	1.1176451263550558	0.5772757281932067	0.9981563348880957
EPC1	5.588218918265788	0.13751255443620558	0.9093956574613625	0.8798076012488203	0.9997507862781244	0.23640242362409752	0.8318784727686666	0.7762731792406352	0.9996654566602691	-0.09888986918789196	0.8992578470848945	0.9124345043310295	0.9981563348880957
EPCAM	27.33415047477331	-0.8007393647450978	0.7262646871275612	0.2702248867942616	0.9997507862781244	-0.11994001003572184	0.6787858424077484	0.8597457169416716	0.9996654566602691	-0.6807993547093759	0.7274239419767045	0.3493223501546877	0.9981563348880957
EPHX2	7.616700367882345	0.1181979481553453	0.8921535186929145	0.8945998097315765	0.9997507862781244	-1.005680924842179	0.8715478382311103	0.2485402874106406	0.9996654566602691	1.1238788729975242	0.9236942153809705	0.22371008815383753	0.9981563348880957
EPN1	6.62953537812411	-0.009472741228676713	0.8520491022450797	0.9911296212172038	0.9997507862781244	0.2099790233643697	0.7712257814821853	0.7854170337822495	0.9996654566602691	-0.2194517645930464	0.8428701103263794	0.7945841704607277	0.9981563348880957
EPN2	3.9721428773984857	1.2041976343228493	1.205022435459733	0.3176418644007386	0.9997507862781244	0.6218871039854533	1.151193260853229	0.589051622557776	0.9996654566602691	0.582310530337396	1.1674405815412754	0.6179256175512897	0.9981563348880957
EPRS	3.2259660980818037	0.029162354169032643	1.110634497285179	0.9790520474810533	0.9997507862781244	0.09280685709788715	1.0137237514840562	0.9270552278897648	0.9996654566602691	-0.0636445029288545	1.103711277164324	0.9540162006261406	0.9981563348880957
ERBB2	12.507609498932702	0.4433078330481032	0.9308151707719047	0.6338908423949208	0.9997507862781244	1.4417484523103472	0.8565328606209347	0.09232907404516824	0.9996654566602691	-0.9984406192622441	0.9029911565869883	0.2688548089575893	0.9981563348880957
ERBB4	73.50772836598208	3.6669081295606833	0.8433723502986645	1.3744019507746754e-05	0.015151222096697836	-1.41340522291366	0.8934414913260758	0.11365448061722332	0.9996654566602691	5.080313352474343	0.8776891979776097	7.110958888199104e-09	1.7713398590503968e-05
ERBIN	5.443147326120195	0.11291751672882606	0.9241387258792451	0.9027511118544144	0.9997507862781244	0.0700867126838669	0.8495871383273973	0.9342530738888735	0.9996654566602691	0.04283080404495916	0.9193080683893374	0.9628397931590872	0.9981563348880957
ERG28	5.06997000559417	0.6639152772946133	0.9758716048420897	0.496295177307684	0.9997507862781244	0.009882425208360012	0.9317353364750198	0.9915374180305637	0.9996654566602691	0.6540328520862533	0.9732814340894929	0.5015917231710608	0.9981563348880957
ERGIC3	11.089436729552277	-0.03210052604793095	0.7171974752054944	0.9642999787727298	0.9997507862781244	-0.6329728920440546	0.6812764217896482	0.3528380490187695	0.9996654566602691	0.6008723659961237	0.732194496974265	0.4118480304766826	0.9981563348880957
ERH	23.586551281653293	-0.09499491161061123	0.7083155339457832	0.8933125608873376	0.9997507862781244	-0.36372197168514364	0.6785144927302114	0.5919196376086886	0.9996654566602691	0.26872706007453245	0.7128083101429155	0.7061753489733043	0.9981563348880957
ERI3	2.9790353211530753	0.5904864029525659	1.1635663454380871	0.6118182142956533	0.9997507862781244	0.2845762809263598	1.0895992986377654	0.7939574260247276	0.9996654566602691	0.30591012202620615	1.1454267899016233	0.7894146004753086	0.9981563348880957
ERICH1	8.782913146997466	0.031163947160503448	0.8056026029297975	0.969142314108446	0.9997507862781244	-0.6653661222386085	0.768313752017504	0.386485584485303	0.9996654566602691	0.696530069399112	0.8248717626896526	0.3984402656516359	0.9981563348880957
ERLEC1	5.641037264601924	-0.2163912925079417	0.8852896646888733	0.8068978623239828	0.9997507862781244	0.07886828185426613	0.7978925632601426	0.9212607500325614	0.9996654566602691	-0.29525957436220784	0.8811920141462305	0.7375735099962337	0.9981563348880957
ERP29	16.312193463812733	0.1929793071971405	0.6948099489118235	0.7812088677070038	0.9997507862781244	0.21036040211696808	0.6523409327778232	0.7470966364462422	0.9996654566602691	-0.017381094919827592	0.6910713304565824	0.97993456721063	0.9981563348880957
ESD	12.700331879778075	-0.26770512420840553	0.6970560864720157	0.7009406084824021	0.9997507862781244	-1.0915743939553333	0.669301109503324	0.10290788573894397	0.9996654566602691	0.8238692697469278	0.722488877824031	0.254152574643736	0.9981563348880957
ESF1	5.025815711280195	-0.27879856144784204	0.8954667874295876	0.7555388240158993	0.9997507862781244	0.34439185372128334	0.7874064740073481	0.6618394603052746	0.9996654566602691	-0.6231904151691254	0.880176146365132	0.4789271227592329	0.9981563348880957
ESRRG	25.119158597429482	3.1635662737464108	0.6896491784119283	4.4920669729181666e-06	0.011189738829539152	-0.5897625978237926	0.7488113439461624	0.43093166538950345	0.9996654566602691	3.7533288715702033	0.7131720652967036	1.4182710464087606e-07	0.00017664565883021113
ETFA	7.209144997108963	0.8452500940247762	0.832830980265167	0.3101478128564832	0.9997507862781244	0.1104165637321871	0.7984503101078678	0.8900123465296957	0.9996654566602691	0.7348335302925892	0.8260893930055853	0.37371685587070225	0.9981563348880957
ETFB	22.34240474885165	0.6350981544527882	0.7408124626258357	0.3912793842993455	0.9997507862781244	-0.5444406403759301	0.7305788597391308	0.45613984070558367	0.9996654566602691	1.1795387948287182	0.7492614083471257	0.11542533912552251	0.9981563348880957
ETFRF1	5.902697736580595	-0.1714867069856426	0.9215594278308266	0.8523795335776945	0.9997507862781244	-0.36992129746806485	0.8546058746470973	0.6651193726476738	0.9996654566602691	0.19843459048242224	0.9323807303449219	0.8314629098059888	0.9981563348880957
ETNK1	6.418061902232974	0.6725324894717801	0.8321316884516546	0.41897292696237287	0.9997507862781244	0.8349478816439274	0.7623367411710038	0.27340794995089535	0.9996654566602691	-0.16241539217214718	0.7977800735951204	0.8386784664970341	0.9981563348880957
EXOSC8	4.359588252599867	0.29756353344392744	0.91359062081932	0.7446454900750227	0.9997507862781244	-0.120193888280233	0.8570117847957289	0.8884643251708959	0.9996654566602691	0.41775742172416047	0.9153810680548198	0.6481200361915078	0.9981563348880957
EZR	26.42075649135099	0.12354656429571956	0.7710749891857704	0.8727027393216558	0.9997507862781244	0.2965818477319127	0.7386822605589635	0.6880511212515763	0.9996654566602691	-0.17303528343619315	0.7681935737635973	0.821785117424876	0.9981563348880957
F11R	3.4578791603863457	-1.5040579530122535	1.215486898150208	0.21593420284731135	0.9997507862781244	0.16793023308541152	0.9931008598116106	0.8657204578685712	0.9996654566602691	-1.6719881860976649	1.2087424235722772	0.16658943328789433	0.9981563348880957
FAAP20	6.661533750879958	-0.2749595326621804	0.8984785279731079	0.759583372955678	0.9997507862781244	0.11159502328024055	0.8109242144774418	0.8905450046125936	0.9996654566602691	-0.38655455594242094	0.8943838460734999	0.6655945499002456	0.9981563348880957
FABP3	8.357863430756794	1.0545338804219206	0.9547288759642903	0.26936003011295195	0.9997507862781244	0.3481603460757655	0.9234663667092392	0.7061627201581039	0.9996654566602691	0.7063735343461551	0.9437339394913333	0.4541658570508693	0.9981563348880957
FAM107B	9.0078844154657	-0.0736420751054858	0.8143283987708474	0.9279432168354773	0.9997507862781244	0.5538536660877138	0.7283671236063278	0.44701281158629036	0.9996654566602691	-0.6274957411931996	0.7987613192914677	0.4321100459672491	0.9981563348880957
FAM120A	6.949398284360698	0.5180121254027832	0.9048039486852841	0.5669744046347344	0.9997507862781244	0.6998522119351293	0.829766134179281	0.39898627380402274	0.9996654566602691	-0.18184008653234607	0.877810610418287	0.8358912745229505	0.9981563348880957
FAM133B	10.621130752958518	0.5943765694710358	0.7666503008878085	0.438168118474767	0.9997507862781244	0.1041374321696429	0.7281457722251573	0.8862765292628194	0.9996654566602691	0.4902391373013929	0.7625859750073605	0.520312293613787	0.9981563348880957
FAM136A	3.1826093346756195	-0.7507080220003176	1.1579723580823496	0.5167939818591898	0.9997507862781244	-0.11086530335430625	1.012735443447408	0.9128288112419303	0.9996654566602691	-0.6398427186460113	1.1604182135828196	0.5813665197610545	0.9981563348880957
FAM162A	11.928774660294032	0.3062145672961656	0.7793965475686967	0.6944031370250436	0.9997507862781244	-0.06978343670529402	0.740435519958831	0.9249133684211589	0.9996654566602691	0.3759980040014596	0.7804823531644202	0.6299829784882114	0.9981563348880957
FAM177A1	10.249110130722508	0.6305896657856382	0.8113560011712633	0.43703803277213815	0.9997507862781244	0.6870503823218259	0.7542428653558246	0.36234069069984864	0.9996654566602691	-0.056460716536187575	0.7910082865351882	0.9430967905605432	0.9981563348880957
FAM192A	3.9798591263747594	-1.2764582998599858	1.113085384866346	0.2514746955387227	0.9997507862781244	-1.4584636908636255	1.0198464102472233	0.15269357102347397	0.9996654566602691	0.18200539100363966	1.1655933793621949	0.8759161501356766	0.9981563348880957
FAM200B	8.8765728137797	-0.47226117780360477	0.7736089875761119	0.5415538496823411	0.9997507862781244	-0.6333368133980125	0.7139000768307051	0.37499787602370505	0.9996654566602691	0.1610756355944077	0.789379791711414	0.8383117643568803	0.9981563348880957
FAM32A	4.011750659317371	-0.6094920278346999	1.032991469652337	0.5551730868312632	0.9997507862781244	0.05129411596551178	0.9039930518489941	0.9547509438883209	0.9996654566602691	-0.6607861438002116	1.0290196652553651	0.5207750584503918	0.9981563348880957
FAM3C	6.179353044659931	-0.14597487298308734	0.8542598906483764	0.8643190960941483	0.9997507862781244	0.36780686676324537	0.7615213230130882	0.6291031322319864	0.9996654566602691	-0.5137817397463327	0.8409486653771207	0.5412294128769156	0.9981563348880957
FAM49B	6.347367716922578	0.14440299875421733	0.8712413917759247	0.8683584490742193	0.9997507862781244	-0.19996143682409157	0.8138220447577019	0.8059093730113991	0.9996654566602691	0.34436443557830887	0.8765996402906819	0.6944367887602914	0.9981563348880957
FARP1	13.682433454324865	1.1869455585056266	0.6989938203554217	0.08949316809753156	0.9997507862781244	-0.3482715865346327	0.6972450921154549	0.6174295474232452	0.9996654566602691	1.5352171450402594	0.7083020613605145	0.030199714888256738	0.8452526942319948
FASTK	3.147260548342457	-1.1505148429498493	1.139899253490377	0.31282467037727246	0.9997507862781244	-0.15826545405210568	0.9687945600601353	0.8702324151416347	0.9996654566602691	-0.9922493888977437	1.1439716760284964	0.3857380324081474	0.9981563348880957
FAT1	4.652914548863848	-0.2806266346795604	0.981679461862405	0.7749824302585769	0.9997507862781244	0.773372656508321	0.8476750760722807	0.36158679782218583	0.9996654566602691	-1.0539992911878813	0.951201640382833	0.2678310005133002	0.9981563348880957
FAU	134.149451277911	-0.02726849436486589	0.5126933622369678	0.957583111582945	0.9997507862781244	0.07683959190590273	0.5024869959811678	0.87846249291307	0.9996654566602691	-0.10410808627076862	0.5125543760922773	0.8390442264934652	0.9981563348880957
FBL	6.269362352472959	-0.8441780968084732	0.9058470595985109	0.35137724032699935	0.9997507862781244	0.13818102076256775	0.7816677560040431	0.8596834153020516	0.9996654566602691	-0.9823591175710409	0.9010152104776259	0.2755896983678776	0.9981563348880957
FBXL15	5.340175903538901	-0.3620589516591423	0.9441148677704099	0.7013562156637643	0.9997507862781244	-0.06316152264961748	0.8497188921829338	0.9407460110401881	0.9996654566602691	-0.2988974290095249	0.944717774088148	0.751707974409436	0.9981563348880957
FBXO7	4.93428760283023	-0.351232591182402	0.9210751109041262	0.7029591856527067	0.9997507862781244	-0.23476858739822978	0.8325859713977704	0.777962534289354	0.9996654566602691	-0.11646400378417224	0.9277904631622637	0.9001052843666788	0.9981563348880957
FBXO9	3.409816577281071	-0.5981691862046808	1.1435620113873777	0.6009217657088376	0.9997507862781244	0.20648988747307878	0.9974886268954979	0.8360022313514707	0.9996654566602691	-0.8046590736777596	1.1339414373428578	0.47794443560952027	0.9981563348880957
FBXW5	4.007552149191294	-0.4695374157560358	0.9878513486680345	0.6345647402506014	0.9997507862781244	0.01963606286503431	0.8733572529910206	0.9820623330729255	0.9996654566602691	-0.4891734786210701	0.9847907581210149	0.6193806346041757	0.9981563348880957
FCGRT	10.723941216715012	0.7821963251310794	0.6958626556701921	0.2609845564420795	0.9997507862781244	0.13393914036457522	0.6647235558081284	0.8403107535818467	0.9996654566602691	0.6482571847665042	0.6902039605396971	0.3476149608574144	0.9981563348880957
FDFT1	4.747107869715276	2.1663532670466656	0.9896244077828857	0.02859203425967339	0.9997507862781244	1.3570531374024872	0.9590502642230863	0.157069409054816	0.9996654566602691	0.8093001296441783	0.8876468305394349	0.36190737656837335	0.9981563348880957
FDPS	7.06707860423211	-0.29598041528592156	0.8367703428547092	0.7235505153669208	0.9997507862781244	-0.3354974380618738	0.7695227686097461	0.6628503905400487	0.9996654566602691	0.03951702277595229	0.8451279799298282	0.962705604950059	0.9981563348880957
FDX1	6.200456335186775	-0.13501024502955197	0.9334400972925738	0.8849972544970233	0.9997507862781244	0.4480378278779186	0.835992146891974	0.5920031627647322	0.9996654566602691	-0.5830480729074706	0.9190058015877035	0.5257979487645197	0.9981563348880957
FECH	7.3408754315852995	1.1427010204741643	0.9164842445450673	0.2124594498003698	0.9997507862781244	-0.2579029088522226	0.9091773577086646	0.7766661805049901	0.9996654566602691	1.4006039293263868	0.9254415514236919	0.1301669249728868	0.9981563348880957
FERMT2	5.519285930831961	-0.2600015622832438	0.9795835770024263	0.790685546007704	0.9997507862781244	-0.34183395901379476	0.9021894483387276	0.7047667526262404	0.9996654566602691	0.08183239673055101	0.9898672022700321	0.9341138793826113	0.9981563348880957
FGD5-AS1	6.807227197247231	-0.1669495567499126	0.8816809478934642	0.8498156037262076	0.9997507862781244	-0.47330179374993797	0.8210314038996406	0.564296043614844	0.9996654566602691	0.3063522370000254	0.8961082724981323	0.7324489777249928	0.9981563348880957
FGF9	7.971767503812221	-0.1725840359803304	0.9145879066818855	0.85032683920665	0.9997507862781244	-1.7795792729426643	0.9205025005001372	0.05320302520741856	0.9996654566602691	1.606995236962334	0.9820198192085694	0.10175206456276667	0.9981563348880957
FGL2	8.140858489778015	0.6953270454091227	0.9235623639410031	0.4515250124271599	0.9997507862781244	1.526522865463989	0.836014372656196	0.06785735730796971	0.9996654566602691	-0.8311958200548663	0.8761771386382471	0.3427926260603045	0.9981563348880957
FHIT	9.770425628772584	2.0928893535840594	0.8475751099333537	0.013539010995887625	0.9997507862781244	-0.6192068519639098	0.8959642090498146	0.4894985012508325	0.9996654566602691	2.712096205547969	0.876820812883529	0.0019807604594432753	0.2902396649690117
FIBIN	5.384537870560571	-1.772037976554414	2.0626896561695953	0.3902903505200942	0.9997507862781244	0.27122954093134954	1.8721857879103956	0.8848109886504102	0.9996654566602691	-2.0432675174857637	2.0593344974255015	0.3211009603084606	0.9981563348880957
FIBP	3.8563365428814524	0.4166659119391138	1.0152930879024005	0.6815200385023614	0.9997507862781244	0.05834632657512775	0.9516177268378397	0.9511101144520382	0.9996654566602691	0.358319585363986	1.0099726273578846	0.7227533024481863	0.9981563348880957
FIS1	18.934845868819554	-0.4543148291392925	0.6137668123560784	0.45917406642355363	0.9997507862781244	-0.7170279724783996	0.5745559233870026	0.2120424155099263	0.9996654566602691	0.26271314333910706	0.6253985013254155	0.6744319875246838	0.9981563348880957
FKBP1A	8.947376666496794	-0.6368102773576735	0.8229539031761133	0.4390429298128693	0.9997507862781244	0.7005387139006304	0.7041643971196107	0.3198086965943755	0.9996654566602691	-1.3373489912583039	0.8056739096827936	0.09693185722788557	0.9981563348880957
FKBP3	9.39176927380543	-0.647756055363344	0.7360822152856075	0.3788565821520511	0.9997507862781244	-1.0196960242309279	0.685129800246087	0.13666512257194396	0.9996654566602691	0.3719399688675839	0.7630794830969583	0.6259609392718353	0.9981563348880957
FKBP4	6.426775069693903	-0.8382379267707056	0.9374244440753605	0.3712188932023458	0.9997507862781244	-0.09884829462596319	0.8248406469959296	0.904610479254905	0.9996654566602691	-0.7393896321447423	0.939216073817411	0.43114065645439037	0.9981563348880957
FKBP5	9.625974965924698	6.179375937142121	1.5735137218648971	8.596938317462483e-05	0.03569162224799841	5.084517127261455	1.5654100397186634	0.0011620222861110684	0.6708526867133613	1.0948588098806655	0.8583488575796551	0.20211796622297862	0.9981563348880957
FKBP8	11.86590815546609	0.5534301430224919	0.6996052781350488	0.42890865284840674	0.9997507862781244	0.1624323122795461	0.6611814380239254	0.8059378511962734	0.9996654566602691	0.3909978307429458	0.6944102460378778	0.5733908925291393	0.9981563348880957
FLNA	7.774016612497778	-0.1495981256777244	0.9681631427648676	0.8772017324307839	0.9997507862781244	1.17344386208638	0.8447401769005701	0.16479684337207012	0.9996654566602691	-1.3230419877641044	0.9355389548511025	0.15730231015949214	0.9981563348880957
FLOT1	7.630911806870515	-0.6662809312047931	0.8197644064334082	0.4163492290316192	0.9997507862781244	-0.26118815089815817	0.7303216573004714	0.7206169279953911	0.9996654566602691	-0.4050927803066349	0.8257332304112568	0.6237196177847508	0.9981563348880957
FMC1	9.449505525934583	0.42332067505026194	0.7419710725495139	0.5683146992662106	0.9997507862781244	-0.7484277142488412	0.7270970065037432	0.30332143089429553	0.9996654566602691	1.1717483892991034	0.7651540768742939	0.12567332864108335	0.9981563348880957
FNBP1L	10.167736671938378	0.6402419111786379	0.7659104160514727	0.40319838508883543	0.9997507862781244	-0.8566032340017734	0.7634972990938984	0.26188512581744394	0.9996654566602691	1.4968451451804115	0.7931186235390143	0.05912128019114036	0.9981563348880957
FNDC3B	8.31413516604433	2.5909840324621363	0.9377986060819273	0.005730149701325294	0.8396354650589005	0.24751268341142968	0.9687596103986407	0.798341245951567	0.9996654566602691	2.3434713490507066	0.9173605750293716	0.010631587193294356	0.49968459808483473
FNIP2	7.51703744942782	1.378067414417075	0.9695989220727556	0.15523661670606906	0.9997507862781244	-0.2679371593271289	0.9718658830843206	0.7827834469914149	0.9996654566602691	1.6460045737442037	0.9792740923071768	0.09279369752361384	0.9981563348880957
FOLR1	11.03508790149157	1.0450501815787725	0.8194611569687787	0.20220680471038188	0.9997507862781244	0.5483723556286634	0.7870603786128435	0.4859687759353398	0.9996654566602691	0.4966778259501092	0.8051940079550169	0.5373386645529361	0.9981563348880957
FOS	103.3096534987946	-1.642304596640858	0.9027017866578338	0.06886242416776436	0.9997507862781244	0.6651574217332624	0.8733998437088695	0.44631511146894554	0.9996654566602691	-2.3074620183741206	0.9015982994257241	0.010488268803608014	0.49968459808483473
FOSB	47.090534905312445	-1.5793256260486606	1.568855997536594	0.31409174127700357	0.9997507862781244	1.3879218100428343	1.519359076177438	0.36098402988095246	0.9996654566602691	-2.967247436091495	1.5655928472803284	0.05805441780173383	0.9981563348880957
FOXP1	16.078379114381132	0.8701674084029772	0.8567225481757373	0.3097754282690559	0.9997507862781244	0.30224910751840617	0.8307624390653859	0.7159914227943214	0.9996654566602691	0.567918300884571	0.8509817982168326	0.5045368905481588	0.9981563348880957
FTH1	255.12876715067765	-0.09243832677183114	0.556275811701619	0.8680203735581951	0.9997507862781244	-0.02025757585291789	0.551191544165934	0.9706824801261427	0.9996654566602691	-0.07218075091891324	0.5563584425177885	0.8967738317376561	0.9981563348880957
FTL	216.04109950591507	-0.00922895501757343	0.48166575851899873	0.9847130711429123	0.9997507862781244	0.16248994791732438	0.47462438729508816	0.7320838828441866	0.9996654566602691	-0.17171890293489783	0.48141362935223375	0.7213184874458223	0.9981563348880957
FTX	16.29556007945003	1.7845748351545552	0.7669415181434565	0.019972072554180483	0.9997507862781244	0.030589398906754384	0.7698333006236834	0.9683043224400382	0.9996654566602691	1.7539854362478011	0.765093396384472	0.021876142724266107	0.7363982638668496
FUBP1	5.635671640839642	0.4970678070962202	0.9290189366561212	0.5926180928782077	0.9997507862781244	0.6643508251676609	0.8490854023295935	0.43396126266842694	0.9996654566602691	-0.16728301807144064	0.8993530634540844	0.8524418417671913	0.9981563348880957
FUNDC2	6.801724969030336	0.3709680901587694	0.8343460680587879	0.6565934028203553	0.9997507862781244	0.02571815362334414	0.7823734927554327	0.9737766898543441	0.9996654566602691	0.34524993653542524	0.8316721783903644	0.6780486179996117	0.9981563348880957
FUS	21.02397378457719	-1.0189535006025712	0.7349589190592284	0.16562211602042864	0.9997507862781244	-0.00985314729736771	0.6637405952511549	0.9881559370889592	0.9996654566602691	-1.0091003533052036	0.7351287586676198	0.16985023797846877	0.9981563348880957
FXR1	7.364791650778784	0.5169338898476841	0.8616911947565836	0.5485687504825865	0.9997507862781244	0.3465531685463891	0.8029401255428156	0.6660283466863761	0.9996654566602691	0.17038072130129497	0.8477937342837996	0.8407223875281811	0.9981563348880957
FXYD2	669.503717982719	0.6226420870387087	0.6790205984217517	0.3591579217273859	0.9997507862781244	-0.4167341441529872	0.6784394312896461	0.5390474851551101	0.9996654566602691	1.039376231191696	0.6792903258840286	0.1259941265452662	0.9981563348880957
FXYD3	8.753477738539585	-2.713412483708265	1.2068986450158685	0.024560115469984992	0.9997507862781244	1.0723011089481627	0.8900331020802126	0.22828519361627564	0.9996654566602691	-3.7857135926564274	1.1904480014869967	0.001472370828777461	0.24451171563231033
FXYD4	13.878663150036818	-1.8121155514907124	2.3773125494722844	0.4459085351545319	0.9997507862781244	2.507180307607496	2.1655389115093775	0.24696086432196973	0.9996654566602691	-4.319295859098209	2.3599671555024315	0.0672147193401175	0.9981563348880957
G0S2	9.004392445215878	1.114237668588932	0.8816580718568625	0.20630255524355745	0.9997507862781244	0.6963665577811634	0.8416160781199671	0.40800134932259047	0.9996654566602691	0.41787111080776856	0.8591609120171602	0.6267040168446246	0.9981563348880957
G3BP1	9.122387134992572	-0.32980475069045256	0.7995430122897053	0.6799791598801994	0.9997507862781244	-0.5939792131668878	0.7434803522836193	0.4243384468135256	0.9996654566602691	0.2641744624764353	0.8148639545307604	0.7457907391719554	0.9981563348880957
G3BP2	4.181915364734776	0.7559833389092759	0.9998203768623662	0.4495777581175223	0.9997507862781244	1.0050608955520963	0.9121940622484611	0.27054601915514	0.9996654566602691	-0.2490775566428205	0.9471612476111911	0.7925716160872281	0.9981563348880957
GABARAP	49.250901930735665	0.44179921062407157	0.5584191313450386	0.4288502845185236	0.9997507862781244	0.1641828903306921	0.5411173794953043	0.7615739528695505	0.9996654566602691	0.27761632029337946	0.5571756661823974	0.6183033613058782	0.9981563348880957
GABARAPL1	15.116655508881896	0.9461403629578985	0.7332249028733444	0.19691798939829663	0.9997507862781244	-0.24154863178045372	0.720644839087894	0.7374862781958429	0.9996654566602691	1.1876889947383522	0.7384779568048292	0.10777100342195935	0.9981563348880957
GABARAPL2	19.809984736822088	-0.13835921604942758	0.6189778290111301	0.8231241661876935	0.9997507862781244	-0.08329029417799647	0.5763342344657953	0.8850919598239947	0.9996654566602691	-0.05506892187143111	0.6200220287816561	0.929226801837053	0.9981563348880957
GABPB1-AS1	7.867674842300943	-1.2923314171729507	1.0445304957898307	0.21599923680654187	0.9997507862781244	-0.32042539292906075	0.916449312198467	0.726610480339338	0.9996654566602691	-0.97190602424389	1.0510665334979001	0.3551295036233393	0.9981563348880957
GADD45A	10.796090584947134	-0.10604324278948922	0.6973407499940176	0.8791332694389586	0.9997507862781244	0.043725315166411746	0.635849154992656	0.9451752408921602	0.9996654566602691	-0.14976855795590097	0.6952276024837653	0.829436931601512	0.9981563348880957
GADD45B	25.36691272436948	-1.8539117506253153	0.8645174454747234	0.031997096278497235	0.9997507862781244	0.4047779811903358	0.7610595129049577	0.5948221724697846	0.9996654566602691	-2.258689731815651	0.8617735138554313	0.00876778269969745	0.46280988951767643
GADD45GIP1	15.36006301208259	-0.07940129786145055	0.6318066330624634	0.8999904459129764	0.9997507862781244	-0.32193972036569785	0.5905026069228817	0.585618651168303	0.9996654566602691	0.2425384225042473	0.6376375334204617	0.7036705083174573	0.9981563348880957
GAPDH	87.47021733985976	-0.21329187677296504	0.5915221781070235	0.7184124190153923	0.9997507862781244	-0.3595998115797858	0.5794996752444391	0.5349056405578283	0.9996654566602691	0.14630793480682078	0.5930466452153376	0.8051360640185946	0.9981563348880957
GAS5	26.103303259650836	-1.5706849433836265	0.7244327119253422	0.03014662898664036	0.9997507862781244	-0.18259151358266326	0.6488349380365347	0.7783925524021392	0.9996654566602691	-1.3880934298009633	0.726040879984851	0.0558932852715277	0.9981563348880957
GCC2	14.489982825409559	-0.2660237801195504	0.7251314973059463	0.7137213520160053	0.9997507862781244	0.1717045994223932	0.6635239012647811	0.7958074504525787	0.9996654566602691	-0.4377283795419436	0.721947162744484	0.5443046935009449	0.9981563348880957
GCSH	7.359823487371658	-0.4129432862666907	0.8545837825659597	0.6289467547203513	0.9997507862781244	-0.5581596743930137	0.7906292859218265	0.48020748825278126	0.9996654566602691	0.14521638812632298	0.8688853310344433	0.8672681392377615	0.9981563348880957
GDF15	24.078533879144725	0.7196446652709105	0.8023230608080132	0.3697449356021958	0.9997507862781244	0.9376723462464776	0.7708293909414516	0.22381506147681407	0.9996654566602691	-0.21802768097556693	0.791268059869095	0.7828997683903407	0.9981563348880957
GDI2	5.61484847297188	-0.8060682308007385	0.8914718610332126	0.3658897324484325	0.9997507862781244	-1.0531819326467269	0.8221275229861985	0.2001780399808466	0.9996654566602691	0.24711370184598844	0.9248628873943294	0.7893232190360906	0.9981563348880957
GET1	3.1259105326903334	-0.277125571311785	1.0329883696931235	0.7884871889147288	0.9997507862781244	-0.5200600670227364	0.9543042632858851	0.5857792875918867	0.9996654566602691	0.2429344957109515	1.0559080973823487	0.8180361105878932	0.9981563348880957
GGCT	3.2996183275481896	-0.6818959974348955	1.098434567594532	0.5347385212505937	0.9997507862781244	-0.1347152465723436	0.9669756377700628	0.8892003909296439	0.9996654566602691	-0.5471807508625518	1.1017227981983415	0.6194294066815094	0.9981563348880957
GGNBP2	8.073529904204285	0.4395935808252269	0.7846159205301867	0.5752980518001325	0.9997507862781244	-0.1382002841265709	0.7442598753614532	0.8526892744805358	0.9996654566602691	0.5777938649517977	0.7874284203788378	0.4630869821544299	0.9981563348880957
GHITM	17.72644876072911	0.04790509778914105	0.6293131455111235	0.9393213768743693	0.9997507862781244	-0.3005367246565506	0.5949092503024334	0.6134318618930593	0.9996654566602691	0.34844182244569166	0.6342488020249725	0.5827466267952854	0.9981563348880957
GINM1	7.3551419952021115	0.6033626322331159	0.7771330988161111	0.4375155073609118	0.9997507862781244	-0.35163605887559585	0.7528262333850653	0.6404369580755606	0.9996654566602691	0.9549986911087117	0.7882152890624328	0.22566696944053843	0.9981563348880957
GIPC1	5.211475964162563	-0.2523368576584204	1.0123139222167536	0.8031539479042475	0.9997507862781244	0.6885717936594455	0.8834172866687638	0.43571988638559744	0.9996654566602691	-0.9409086513178659	0.9864119406277345	0.34014950540773725	0.9981563348880957
GLG1	10.463662803390267	0.06861322595373033	0.7891498881192293	0.9307146368968141	0.9997507862781244	0.044726743611587204	0.7330466786604936	0.9513473711255651	0.9996654566602691	0.02388648234214312	0.7874205350885941	0.9757998020041503	0.9981563348880957
GLO1	7.423416603320209	-0.6936253219047532	0.79437220893467	0.3825681324992679	0.9997507862781244	-0.6297999599631419	0.7189757901457364	0.3810472979633578	0.9996654566602691	-0.06382536194161137	0.8116099687994481	0.9373186237075195	0.9981563348880957
GLOD4	6.056019287669938	-0.632809986389812	0.8872195386605257	0.475690617767511	0.9997507862781244	-0.09858840634392453	0.7858026398294933	0.9001577710817754	0.9996654566602691	-0.5342215800458875	0.888861780065364	0.5478282592073986	0.9981563348880957
GLRX	15.814385142562518	0.5705466640681183	0.8620075403090337	0.5080473025554594	0.9997507862781244	0.34577205817029916	0.8305047181840162	0.6771614698813126	0.9996654566602691	0.22477460589781909	0.8568043077783056	0.793058818778863	0.9981563348880957
GLRX3	5.238303838205379	-0.16853543394716794	0.92386462807831	0.8552496926646685	0.9997507862781244	0.4780445073283896	0.8151458248432352	0.5575713076231639	0.9996654566602691	-0.6465799412755575	0.9042270499635404	0.47456968208964745	0.9981563348880957
GLRX5	10.98776646347806	0.4160760422950547	0.7824121882448279	0.5948740481692327	0.9997507862781244	0.5277407355592986	0.7289595438358836	0.4690876107077735	0.9996654566602691	-0.11166469326424393	0.7700654582197405	0.8847055384141352	0.9981563348880957
GLS	12.822583842926884	1.8062090269481956	0.8934773800963667	0.04322288171099609	0.9997507862781244	0.8033469891092593	0.8766421986297498	0.35946187318015244	0.9996654566602691	1.0028620378389363	0.869489566180907	0.24874965189232334	0.9981563348880957
GLUD1	11.0312742834987	1.0648392436758134	0.8714598262923875	0.22174436832954125	0.9997507862781244	0.18524381703568102	0.8469956879744478	0.8268783591479176	0.9996654566602691	0.8795954266401323	0.8652320077612254	0.30934344203683584	0.9981563348880957
GLUL	9.161877102230712	-0.9663789030701463	0.8307669077924414	0.2447333108520484	0.9997507862781244	0.44140466554067587	0.7043864285701006	0.5308878384849888	0.9996654566602691	-1.407783568610822	0.8204556369798488	0.08618843706679986	0.9981563348880957
GNAI1	6.882647328324291	0.5480630429313308	0.8373359459233527	0.5127692164897782	0.9997507862781244	-0.6163603886203337	0.8205799738492302	0.4525757771931077	0.9996654566602691	1.1644234315516644	0.8597319488756292	0.17560787782195475	0.9981563348880957
GNAI3	6.178439901237272	-0.4391101913436197	0.9525084871700729	0.6447957588621245	0.9997507862781244	0.4186146997553718	0.833399050965186	0.6154578962469599	0.9996654566602691	-0.8577248910989915	0.9382332225244137	0.360616199471135	0.9981563348880957
GNAS	41.06588222359607	-0.19999920817574326	0.6283027483520519	0.7502447773460833	0.9997507862781244	-0.22653433239593296	0.6040730302879823	0.7076519149931084	0.9996654566602691	0.026535124220189676	0.6301751473444119	0.9664129707223713	0.9981563348880957
GNB1	6.959198042254584	0.7894575121104164	0.9698997364250901	0.41566909333469426	0.9997507862781244	0.5280816337202922	0.9144086721824315	0.5635938911664822	0.9996654566602691	0.2613758783901242	0.949711121444893	0.7831501476878536	0.9981563348880957
GNB2	8.613119443096272	0.13218237582683956	0.7755603492763644	0.8646683045886623	0.9997507862781244	0.07945451755755928	0.7180356475953225	0.911889619028572	0.9996654566602691	0.05272785826928029	0.7723835320366722	0.9455735550444722	0.9981563348880957
GNG5	24.11235741042436	-0.4490062592243887	0.6506019299154655	0.49010630217461637	0.9997507862781244	0.021758907460505832	0.6030445191073478	0.9712171664631267	0.9996654566602691	-0.47076516668489454	0.6503758359425262	0.46916668648052795	0.9981563348880957
GNPTG	4.004165583682847	0.6567091386014071	0.9823585182015407	0.503812877988293	0.9997507862781244	0.49047432725638584	0.9124351763841517	0.590891693941475	0.9996654566602691	0.16623481134502124	0.9547630486136832	0.8617781773020879	0.9981563348880957
GNS	5.3201182055233325	0.26116009881392954	0.9375459816426495	0.7805847317855332	0.9997507862781244	0.20768729412465803	0.861999027485794	0.8096040937058923	0.9996654566602691	0.05347280468927152	0.9256300337955845	0.9539325596861115	0.9981563348880957
GOLGA4	15.103043957643855	0.6935755995019804	0.7165051475122423	0.33304533388934143	0.9997507862781244	0.41482800767056477	0.6802748151621509	0.5419977827928211	0.9996654566602691	0.2787475918314157	0.7072532746885853	0.693487298305449	0.9981563348880957
GOLGB1	15.362451416766946	0.6185541877170923	0.7473578215120069	0.4078661002015572	0.9997507862781244	-0.03160693456125042	0.7207879371282137	0.9650235470184345	0.9996654566602691	0.6501611222783427	0.7476680941946908	0.38452711914274695	0.9981563348880957
GOLIM4	5.349561724155218	0.06987599083368538	0.9745106841000309	0.9428377368096902	0.9997507862781244	-0.4491776193888578	0.919732284490036	0.6252816554674626	0.9996654566602691	0.5190536102225431	0.9902840003969077	0.6001768469124289	0.9981563348880957
GOLM1	6.21692806024771	0.04949192841318052	0.9107763306288699	0.9566639815261226	0.9997507862781244	0.12781087038367436	0.8356351831789774	0.8784372627344148	0.9996654566602691	-0.07831894197049384	0.9052846640062971	0.9310585785546556	0.9981563348880957
GOSR1	3.980067073948154	0.4267161096632704	0.9383468097443396	0.6492868830831291	0.9997507862781244	-0.6660453343073932	0.9185740374046618	0.46839916585916375	0.9996654566602691	1.0927614439706637	0.9700398697968379	0.2599489120582249	0.9981563348880957
GOT1	9.362015425643317	0.6656565753240873	0.8354613693366039	0.425594341297326	0.9997507862781244	-0.8419976910335784	0.8320588524843305	0.31156441157091175	0.9996654566602691	1.5076542663576658	0.8609962827414687	0.07993595236649684	0.9981563348880957
GPAA1	5.093925072296624	-0.4439501450822901	1.000321445840899	0.6571817763453499	0.9997507862781244	-0.47035121081282893	0.9201168801715667	0.6092205596528139	0.9996654566602691	0.02640106573053884	1.0138887286676364	0.9792259033387806	0.9981563348880957
GPATCH2L	5.936283354037611	1.0520101760919902	0.9520202027065999	0.26914691253332124	0.9997507862781244	0.48047735387187557	0.9074422690270425	0.5964688301686316	0.9996654566602691	0.5715328222201146	0.9282048800129282	0.5380661688483466	0.9981563348880957
GPBP1	16.05608369312073	0.14890009245495034	0.7225805249112017	0.8367384768940389	0.9997507862781244	-0.17175533896457035	0.6848734671082343	0.8019810770654048	0.9996654566602691	0.3206554314195207	0.7255255983811952	0.6585160190195207	0.9981563348880957
GPI	11.7075450871667	1.1329306338659972	0.759866799945831	0.1359721249419052	0.9997507862781244	0.18501687301075945	0.7387018791492749	0.8022299592339368	0.9996654566602691	0.9479137608552378	0.7528988316142557	0.20802355231295633	0.9981563348880957
GPNMB	7.3337863546817506	-0.0873667545720141	0.790826255812584	0.9120324510178157	0.9997507862781244	-1.073008538918521	0.7665672592171959	0.1615858436631894	0.9996654566602691	0.985641784346507	0.8276829993639395	0.23371461822852813	0.9981563348880957
GPRC5C	9.220140966418981	0.576207481015905	0.7798513933090453	0.4599869670401391	0.9997507862781244	0.3673771981346396	0.7304139208017515	0.6149844900823652	0.9996654566602691	0.20883028288126543	0.7677655210930874	0.7856239610879975	0.9981563348880957
GPS1	4.076432238629669	-0.21346100456782616	1.0535444876351996	0.8394381252732765	0.9997507862781244	0.18371557787631815	0.9414056976470592	0.845275307764226	0.9996654566602691	-0.39717658244414433	1.043572727887973	0.7035052000196436	0.9981563348880957
GPS2	5.211012272556579	0.20794683779735582	0.9541097131454618	0.8274691912762507	0.9997507862781244	0.19918705215731466	0.8794356120333849	0.8208170814762349	0.9996654566602691	0.00875978564004115	0.9451785673060429	0.9926054209166905	0.9981563348880957
GPX3	10.450494808174009	1.516814410336794	0.9692545803706524	0.11759960417960995	0.9997507862781244	2.86643897638194	0.887218847082847	0.001234382845798675	0.6708526867133613	-1.349624566045146	0.8793214706644081	0.12482123463017686	0.9981563348880957
GPX4	38.05303980070898	-0.25516058992391	0.5568933984816983	0.6468190348430731	0.9997507862781244	-0.21101234468665228	0.5281521599542498	0.6895031246428494	0.9996654566602691	-0.044148245237257744	0.5588497720753851	0.9370338851662179	0.9981563348880957
GRB2	6.325575996032637	1.2391806154309564	0.9019048486523846	0.16945429716112403	0.9997507862781244	0.27366889037516756	0.8759832902830488	0.7547263919469875	0.9996654566602691	0.9655117250557889	0.8856287324214349	0.2756254109196874	0.9981563348880957
GRN	9.716267251779612	-0.4861759662435522	0.7558492066438774	0.5200825253219391	0.9997507862781244	0.4508713312392764	0.6609224055220669	0.49512199740675455	0.9996654566602691	-0.9370472974828286	0.7447870774000047	0.20834070031496232	0.9981563348880957
GSN	8.80176550631017	-0.28642525916156086	0.7995003872894271	0.720152258850611	0.9997507862781244	0.1708355927677332	0.7182004707294187	0.8119848976190014	0.9996654566602691	-0.45726085192929405	0.7942569799415965	0.5648119248531344	0.9981563348880957
GSPT1	7.324749541469869	0.43375121853529874	0.7753181898225414	0.5758551234705321	0.9997507862781244	0.22954386790850065	0.7207209038422366	0.7501117349000459	0.9996654566602691	0.20420735062679807	0.7650901044745283	0.7895413243057707	0.9981563348880957
GSTK1	12.259766941357505	-0.5098795664880375	0.789300653749031	0.5182864575478013	0.9997507862781244	-0.023695438199961925	0.7209246590793953	0.9737797556137564	0.9996654566602691	-0.48618412828807545	0.789546461286258	0.5380420629728517	0.9981563348880957
GSTM3	26.611995479412666	0.6918499528171912	0.7695535867302236	0.3686379329486743	0.9997507862781244	0.16094054203144662	0.7516358757099274	0.8304532013401779	0.9996654566602691	0.5309094107857445	0.7678871744312895	0.4893205707356201	0.9981563348880957
GSTO1	11.817037499796532	0.3051518125596314	0.7338355679691455	0.6775334390966555	0.9997507862781244	0.12581012508831785	0.6883025777896776	0.8549681568112397	0.9996654566602691	0.17934168747131357	0.7302978003537047	0.8060125104447728	0.9981563348880957
GSTP1	99.47100965363207	-0.17861777931670678	0.6697742754155	0.7897128230300217	0.9997507862781244	-0.2330685325138724	0.659694725782681	0.7238653796348107	0.9996654566602691	0.05445075319716564	0.6705913511760863	0.9352843991180287	0.9981563348880957
GTF2A2	7.622333209228554	-0.33616733206577903	0.8313282937142452	0.6859379069716832	0.9997507862781244	0.12778392477012085	0.747143278775964	0.8642001662223556	0.9996654566602691	-0.46395125683589983	0.8272351978712555	0.5749027680458174	0.9981563348880957
GTF2B	2.606300056862657	0.09447312019152486	1.2198092250659613	0.9382662861121243	0.9997507862781244	0.9953128670791139	1.0649026856005375	0.3499679413685227	0.9996654566602691	-0.900839746887589	1.1613605842393078	0.43794020498309594	0.9981563348880957
GTF2H5	12.083422541265215	0.1480015952190865	0.6911783625453528	0.8304461640795335	0.9997507862781244	0.03859712819270122	0.6414664363566894	0.9520201238235796	0.9996654566602691	0.10940446702638527	0.6892653953957663	0.8738846066468834	0.9981563348880957
GTF2I	16.2078114888614	-0.18669560830813314	0.7281505043836607	0.7976443004666978	0.9997507862781244	-0.586820565695511	0.6911051249191896	0.3958230708405307	0.9996654566602691	0.40012495738737786	0.7384464051367676	0.5879239215561602	0.9981563348880957
GTF3A	4.621441339109426	0.16831073287514933	0.9465338767684971	0.8588659339277377	0.9997507862781244	-0.2635511217971094	0.8878999360666482	0.7665999259412379	0.9996654566602691	0.43186185467225874	0.9553296437262204	0.651229125017111	0.9981563348880957
GTF3C6	10.86103415049334	-0.10922639147547739	0.7140497003175181	0.8784239115497164	0.9997507862781244	-0.39148186484556324	0.6667197147768933	0.5570854593110556	0.9996654566602691	0.28225547337008583	0.7227102006644185	0.6961288625575497	0.9981563348880957
GTPBP4	2.8318348200116827	-0.3400494763392883	1.1564467894811086	0.7687221430243317	0.9997507862781244	0.1919321608321604	1.020399099093194	0.8508020328458099	0.9996654566602691	-0.5319816371714486	1.1438970227365122	0.641887934069105	0.9981563348880957
GUK1	22.506238640891677	0.24907867023266086	0.6538502039048336	0.7032466656965382	0.9997507862781244	0.37074024434205055	0.6166425809327314	0.547690882053812	0.9996654566602691	-0.1216615741093897	0.6487895156201973	0.8512522623905989	0.9981563348880957
GYPC	6.451330330364708	0.37466550430396073	0.8508920907061441	0.6597047624834436	0.9997507862781244	-0.3868621182841521	0.8151413403530833	0.6350755711893871	0.9996654566602691	0.7615276225881129	0.863106725076443	0.37760923527555423	0.9981563348880957
H1F0	5.780734479213912	-0.7115388463087657	0.8641080894184304	0.41025934962989774	0.9997507862781244	-0.8584379416755273	0.7908993872818186	0.27774691320542133	0.9996654566602691	0.14689909536676166	0.8932687506955126	0.8693759803192421	0.9981563348880957
H1FX	6.694553610602551	-0.7638913698571222	1.0612832876516363	0.4716599472861527	0.9997507862781244	0.4272249144144803	0.9351777698152345	0.6477873578004065	0.9996654566602691	-1.1911162842716025	1.051813603433456	0.25744930146443545	0.9981563348880957
H2AFJ	7.493699805044067	-0.37716022379172415	0.8567521595027426	0.6597771094871663	0.9997507862781244	-0.41428939491259936	0.7864953947406428	0.5983646075374356	0.9996654566602691	0.037129171120875215	0.8676443821737607	0.96586648428284	0.9981563348880957
H2AFV	7.891702945104047	-0.3291993434550766	0.8042491494687519	0.6823011162148348	0.9997507862781244	0.10085798485071369	0.722072267422524	0.8889139994380901	0.9996654566602691	-0.4300573283057903	0.8006473605046918	0.5911729785850266	0.9981563348880957
H2AFY	11.378504073727477	-0.017624012598797867	0.6871972504598705	0.9795395191033506	0.9997507862781244	-0.27560015477122723	0.6405897588657943	0.6670292236620519	0.9996654566602691	0.25797614217242937	0.6929859097194342	0.7096936829754787	0.9981563348880957
H2AFZ	21.238155682345194	-0.16278041453895967	0.6277083387548656	0.7953845537531465	0.9997507862781244	0.2029793664772866	0.5805801318662878	0.7266278542758757	0.9996654566602691	-0.3657597810162463	0.624850578434855	0.5583086412246467	0.9981563348880957
H3F3A	76.3636167107818	-1.0720597776902365	0.5385269148889522	0.04651096833060493	0.9997507862781244	-0.5207496493215062	0.5127931956216468	0.3098599658510849	0.9996654566602691	-0.5513101283687302	0.5408882344139143	0.3080756993569377	0.9981563348880957
H3F3B	113.30152777418643	-0.8316838248086257	0.6179689802894034	0.1783559740952636	0.9997507862781244	-0.14561131724100612	0.6018869141244261	0.8088385028305233	0.9996654566602691	-0.6860725075676196	0.618431063914683	0.2672680618762193	0.9981563348880957
HACD3	8.882037032208359	-0.5371630642673774	0.8431827504278111	0.5240818523267958	0.9997507862781244	-0.9057989007595475	0.7916404332071356	0.2525386515556385	0.9996654566602691	0.3686358364921701	0.8642821575905302	0.6697271143409372	0.9981563348880957
HADH	3.5023416069882582	0.39813046361261545	0.9976422609179942	0.6898406172930043	0.9997507862781244	-0.5214685986387385	0.9659416450480962	0.589296910863272	0.9996654566602691	0.919599062251354	1.0228467438568236	0.3686214999257431	0.9981563348880957
HADHA	14.080446390612881	1.128109071810364	0.7280939388075828	0.12128548719809129	0.9997507862781244	-0.3162886249182443	0.7229608934598245	0.6617555617543456	0.9996654566602691	1.444397696728608	0.7360316135318133	0.0497144694712655	0.9981563348880957
HADHB	12.34724234656944	0.444271112571629	0.728529863801249	0.5419819325492268	0.9997507862781244	-0.22162803476766155	0.6983016558328003	0.750954134549379	0.9996654566602691	0.6658991473392906	0.733140542864001	0.3637286817651303	0.9981563348880957
HAGH	4.190637594564911	-0.3428675060748557	0.9770988681737597	0.7256606739276583	0.9997507862781244	-0.7849165664802317	0.9144339285384717	0.3906918608034785	0.9996654566602691	0.4420490604053759	1.0069558905145548	0.6606648288043804	0.9981563348880957
HAX1	6.802179427308677	-0.03128182516176093	0.8269477088193647	0.9698247740327758	0.9997507862781244	0.23390287568480495	0.7486866829380437	0.7547231976935667	0.9996654566602691	-0.26518470084656587	0.8182372805098895	0.7458678799715026	0.9981563348880957
HBA2	31.226434914679235	1.872323167879315	3.7329016875290213			-2.849125616776893	3.759310366511571			4.721448784656208	3.7589925253509957		
HBB	21.633959957564247	-0.9411913734540436	3.7409107577250467			-2.253281471182277	3.7376499536048926			1.3120900977282333	3.749269322398731		
HBP1	3.565224390899898	-0.8326231705248234	1.037461665278457	0.42223024587618807	0.9997507862781244	-0.0027540473397240925	0.8912496734228593	0.997534463775361	0.9996654566602691	-0.8298691231850993	1.0349443225565362	0.42264028066664105	0.9981563348880957
HCFC1R1	8.280281113943424	-0.26747284436814234	0.8193387555241224	0.744084183046662	0.9997507862781244	-0.46353984082249855	0.7602944887770484	0.5420707582744864	0.9996654566602691	0.1960669964543562	0.8310900473081694	0.8134982662001172	0.9981563348880957
HCG18	4.058196237739317	-0.15876183214270795	1.145265845233933	0.8897469324176256	0.9997507862781244	0.9044274494265534	0.9966640446845717	0.364166406245211	0.9996654566602691	-1.0631892815692612	1.1075845036646634	0.33709694976564863	0.9981563348880957
HDDC2	12.578808892568178	0.3455193579360347	0.7795095918716152	0.6575833106048927	0.9997507862781244	-0.35740642247934007	0.7499274210827971	0.6336555180269101	0.9996654566602691	0.7029257804153748	0.7871887764528934	0.37188016501005405	0.9981563348880957
HDGF	4.5392586429252955	-0.6887053495559496	0.9495819969712053	0.46828510512014676	0.9997507862781244	0.14890557354193917	0.8199328025319118	0.8558911195157914	0.9996654566602691	-0.8376109230978888	0.9421987891745363	0.37400524761074616	0.9981563348880957
HDLBP	9.591395532863489	-0.328275175717032	0.7742222901132355	0.6715611743730433	0.9997507862781244	-0.5728546153589762	0.7199549402082773	0.42621735307094355	0.9996654566602691	0.2445794396419442	0.7880789119222984	0.7562956331153626	0.9981563348880957
HEBP1	3.444797677031917	-1.0066685112185478	1.160918226422338	0.38587008187798233	0.9997507862781244	0.010222154974289953	0.995684980984658	0.9918086980174143	0.9996654566602691	-1.0168906661928376	1.1592048259993821	0.3803610607697335	0.9981563348880957
HEBP2	8.816256545742583	0.18470134128827626	0.7777969560278214	0.81229428636501	0.9997507862781244	0.27786782197274906	0.7159521739741479	0.6979350208490658	0.9996654566602691	-0.09316648068447281	0.7693573325614042	0.903614600895772	0.9981563348880957
HECTD1	9.753715656498256	1.7504008143951892	0.8043264636041182	0.029537933451114363	0.9997507862781244	0.47329131800493796	0.7936250172652802	0.5509304618803526	0.9996654566602691	1.2771094963902512	0.7810915618216261	0.10204239383081826	0.9981563348880957
HERPUD1	22.544034715566642	0.2646793685053177	0.6327377270749343	0.6757218079951905	0.9997507862781244	0.49354782316668505	0.5925996944270487	0.404928220209103	0.9996654566602691	-0.22886845466136735	0.6256978282177519	0.7145284063928552	0.9981563348880957
HES1	34.376326843352736	-0.8472049053988298	0.8672364338553945	0.32861772940025324	0.9997507862781244	0.01967422086761011	0.827498283734889	0.9810316485468173	0.9996654566602691	-0.8668791262664398	0.8672816406706307	0.3175351622285826	0.9981563348880957
HEXIM1	13.759448604823445	0.9287969183508122	1.0545109211296861	0.3784344481310289	0.9997507862781244	1.4566918611820416	1.004720946090217	0.147101130947194	0.9996654566602691	-0.5278949428312295	1.0288711131509958	0.6078941699115189	0.9981563348880957
HIBADH	8.043910697888318	0.7100626648716952	0.8467291803760965	0.4016967447990156	0.9997507862781244	-0.07480232192081285	0.8152477509821506	0.926893414754412	0.9996654566602691	0.784864986792508	0.847801268641617	0.35456796947265823	0.9981563348880957
HIBCH	7.6832118110361005	0.6677460492471486	0.7929356812969166	0.39972145561829175	0.9997507862781244	-0.7778275015273423	0.7904264794693449	0.3250857514090407	0.9996654566602691	1.445573550774491	0.8223915926524216	0.07878700760120755	0.9981563348880957
HIF1A	8.011041694223117	1.1324969478270768	0.85364145067953	0.18461924740096058	0.9997507862781244	1.2630925681034069	0.7928027662519904	0.11111555728155882	0.9996654566602691	-0.1305956202763301	0.8064002479794604	0.8713461069658701	0.9981563348880957
HIGD1A	12.044290821453398	-0.7796612417940018	0.7573436828530073	0.3032597131350123	0.9997507862781244	-0.2625102231135293	0.6806813177420108	0.699749942152559	0.9996654566602691	-0.5171510186804724	0.7618502359270132	0.4972587059343113	0.9981563348880957
HIGD2A	16.44630677992525	-0.680401636464843	0.7560839900665524	0.36817230600300765	0.9997507862781244	-0.13041038207869132	0.6947442155499018	0.8511040523891719	0.9996654566602691	-0.5499912543861517	0.757825953591735	0.4679927974200965	0.9981563348880957
HINT1	57.74349900081646	-0.38180315364677486	0.5377441765774772	0.4776986144102193	0.9997507862781244	-0.050269200949881326	0.5128363808378466	0.9219148964382199	0.9996654566602691	-0.3315339526968935	0.5381540410806823	0.5378564240227055	0.9981563348880957
HINT2	16.66934998795182	0.9976072255590571	0.7531591722460118	0.18531593509512867	0.9997507862781244	-0.2600541346404694	0.7433155075381171	0.7264460179427542	0.9996654566602691	1.2576613601995266	0.7583690247867403	0.09724149917394039	0.9981563348880957
HIPK2	11.533509365587289	1.0009690464372998	0.7775023751206921	0.19794930867371197	0.9997507862781244	0.1511226255085949	0.7531212138442235	0.8409630654415873	0.9996654566602691	0.849846420928705	0.7721413170230411	0.2710551726957895	0.9981563348880957
HIST1H4C	38.98709916467433	-0.168725126275624	0.7054454886615468	0.8109696657630845	0.9997507862781244	0.3370438389431032	0.675957008222858	0.6180490354596211	0.9996654566602691	-0.5057689652187273	0.7032904634795987	0.4720505803219458	0.9981563348880957
HLA-A	78.45730353592852	-0.3067480027226301	0.7695057384582231	0.6901659200263623	0.9997507862781244	0.602124443653166	0.7511037182220284	0.4227537914675341	0.9996654566602691	-0.9088724463757961	0.7677045422591192	0.23645933420719822	0.9981563348880957
HLA-B	78.47153057048203	-0.2511178848168429	0.9390541834143836	0.7891490691470777	0.9997507862781244	1.016035042492179	0.9212753479598017	0.27008923436128063	0.9996654566602691	-1.2671529273090218	0.9364616484757404	0.17601458849090568	0.9981563348880957
HLA-C	52.694628291737914	-0.648620998730501	0.866772233149006	0.4542685543629612	0.9997507862781244	0.21012504023600334	0.8414998401950244	0.8028170328359366	0.9996654566602691	-0.8587460389665045	0.8660655325535404	0.3214177888685208	0.9981563348880957
HLA-DMB	3.14527480667001	-0.39476755199230523	1.1668971277497369	0.7351330854926518	0.9997507862781244	0.4287033849365312	1.0163873885372992	0.6731773370706278	0.9996654566602691	-0.8234709369288365	1.1457154890050083	0.4723014625978963	0.9981563348880957
HLA-DPA1	9.431114285509308	-2.6017210193069245	2.129470674104443	0.2217950367232573	0.9997507862781244	1.6148724717738374	1.8208568132223795	0.375146177412484	0.9996654566602691	-4.216593491080761	2.1157981895790674	0.04627140037255291	0.9981563348880957
HLA-DPB1	9.588037050406161	-0.3972809752029675	1.1945699006219022	0.7394570823908648	0.9997507862781244	1.3193996320910009	1.0739055794872134	0.21922208196714976	0.9996654566602691	-1.7166806072939684	1.1718745083971076	0.14294782096223735	0.9981563348880957
HLA-DRA	18.363193229999755	-1.8792092041557447	1.7725193719436054	0.28905768426586287	0.9997507862781244	1.0942552759339204	1.6614766168846498	0.5101500433051216	0.9996654566602691	-2.973464480089665	1.767142341413749	0.09244479338339807	0.9981563348880957
HLA-DRB1	16.849973485147103	-3.6904845963506387	1.8572254257791503	0.04691179632310351	0.9997507862781244	0.38247005703148035	1.6064826339346865	0.8118196878440738	0.9996654566602691	-4.072954653382119	1.855599465580008	0.028166929175271787	0.8226578134279408
HLA-E	24.257158278431966	-1.169747639099617	0.9137013235575868	0.20046433740402747	0.9997507862781244	1.1148697299140333	0.8208178251733246	0.17438671995614774	0.9996654566602691	-2.2846173690136506	0.9051429100144235	0.0116014559926842	0.5254404886868426
HM13	5.135891387352421	0.6846264135850637	0.9380466349816123	0.4654863895233907	0.9997507862781244	0.6129867817055278	0.87072154497655	0.48143362182911564	0.9996654566602691	0.07163963187953584	0.9109844915737123	0.9373191352625666	0.9981563348880957
HMG20B	4.72036221488034	-0.03361064727406226	0.9586117275536067	0.9720304663423737	0.9997507862781244	1.031320020926679	0.8277445772555363	0.21278644915983114	0.9996654566602691	-1.0649306682007413	0.9121152815123834	0.24299254484745625	0.9981563348880957
HMGA1	4.217969561801566	-1.0358687120444103	1.1078057460357722	0.34975557837185034	0.9997507862781244	0.5901162502839288	0.9228179966936704	0.5225159370071056	0.9996654566602691	-1.6259849623283391	1.0887857512155692	0.13533435793282558	0.9981563348880957
HMGB1	55.854546202253466	-0.3046024828116992	0.5154750587327017	0.5545766750214929	0.9997507862781244	-0.12327928293262752	0.49103363161448094	0.8017671236537369	0.9996654566602691	-0.1813231998790717	0.5163940167706537	0.7254882527711737	0.9981563348880957
HMGB2	10.376796212858771	-0.12254568913469518	0.7409499044169775	0.8686370406557185	0.9997507862781244	-0.6966880146949579	0.7014658002609089	0.3206179287891838	0.9996654566602691	0.5741423255602628	0.7589089618437701	0.4493276004022715	0.9981563348880957
HMGCS1	4.156050818953795	-0.8474161767724819	1.0560954546788486	0.4223187746068393	0.9997507862781244	0.3810912678479696	0.8922552921862837	0.6692991198628514	0.9996654566602691	-1.2285074446204516	1.0406527427805228	0.23779496229108854	0.9981563348880957
HMGN1	28.962768630359026	-0.7283432887191271	0.5897669671883345	0.21684244109519402	0.9997507862781244	-0.6018799021934328	0.5494837474931082	0.27336103538255596	0.9996654566602691	-0.12646338652569425	0.5963498632541397	0.8320583487095553	0.9981563348880957
HMGN2	25.426146837500813	-1.1342979435160143	0.6613315801593844	0.08631354867433441	0.9997507862781244	-0.14792203627691294	0.597507893245406	0.8044710006605763	0.9996654566602691	-0.9863759072391014	0.6628242473165908	0.1367137251908531	0.9981563348880957
HMGN3	27.17076285581135	0.1559454435836763	0.590785583349231	0.7918085487185491	0.9997507862781244	-0.32123806898748103	0.5660725679241672	0.5703842615541215	0.9996654566602691	0.4771835125711574	0.5950501894928935	0.42259839563028734	0.9981563348880957
HNRNPA0	10.464335812318508	-1.5524390973141715	0.8110298668155842	0.05560000360580966	0.9997507862781244	0.09926706276931711	0.6754688439894078	0.8831634041529765	0.9996654566602691	-1.6517061600834888	0.8089541043048112	0.04117337753309535	0.9835265548172369
HNRNPA1	48.59184383664117	-1.496802053701919	0.6137693517007841	0.014740017744629946	0.9997507862781244	-0.3986969489343492	0.5668951870393513	0.4818692900205438	0.9996654566602691	-1.0981051047675698	0.6160801514801254	0.07468300908525469	0.9981563348880957
HNRNPA2B1	44.828283454480584	-0.9150503737467355	0.6210338968945427	0.1406349527895236	0.9997507862781244	0.44041627698409275	0.5729054134402564	0.442046669206955	0.9996654566602691	-1.3554666507308282	0.6184564139352289	0.02840167481124163	0.8226578134279408
HNRNPA3	20.367153329801422	0.08776125153948021	0.6455168604826768	0.8918568470676466	0.9997507862781244	-0.039220688887955775	0.6082995767034609	0.9485912618810604	0.9996654566602691	0.126981940427436	0.6459343234048438	0.8441511691454462	0.9981563348880957
HNRNPAB	4.288008311795368	-0.08172655797608047	1.0886151350260624	0.9401559328538515	0.9997507862781244	1.0547489191619708	0.9425395714891563	0.2631188035605626	0.9996654566602691	-1.1364754771380512	1.043698832234756	0.2762014433894967	0.9981563348880957
HNRNPC	22.90119458278397	-0.20429111726195104	0.6534605065974762	0.7545620632405386	0.9997507862781244	0.17985166280459147	0.6070072167996942	0.7670067419969517	0.9996654566602691	-0.3841427800665425	0.6511405010341482	0.5552216574551205	0.9981563348880957
HNRNPD	11.63568237992885	-0.4953221414865504	0.7804582286281249	0.5256530939489836	0.9997507862781244	-0.12912005051602812	0.7088214913248145	0.8554559146582661	0.9996654566602691	-0.36620209097052225	0.7826475550127848	0.6398549156185365	0.9981563348880957
HNRNPDL	21.485536793210397	-0.3693065494438131	0.6579214885616924	0.5745772762065143	0.9997507862781244	0.2084901273908225	0.6035468583570063	0.7297624884229923	0.9996654566602691	-0.5777966768346356	0.6551420600947551	0.3778086863649849	0.9981563348880957
HNRNPF	7.2208798506737	-0.433096060961661	0.8818366013993035	0.6233347843452941	0.9997507862781244	0.14439072613446047	0.7872542486706608	0.8544759071498507	0.9996654566602691	-0.5774867870961214	0.8772035735780417	0.5103280393173402	0.9981563348880957
HNRNPH1	27.21587036637062	0.4390025261538568	0.7681059274750814	0.5676343029247832	0.9997507862781244	0.9482738926573339	0.732030059478774	0.19518126369408617	0.9996654566602691	-0.509271366503477	0.7581601758861958	0.5017619554595667	0.9981563348880957
HNRNPH2	6.602864000581195	1.2580282991296228	0.8747864101747794	0.15040634336342937	0.9997507862781244	0.008455664448769972	0.8621454367834414	0.9921747124468152	0.9996654566602691	1.249572634680853	0.8707723950467645	0.15128243505583355	0.9981563348880957
HNRNPH3	7.446133191807222	-0.7579552523215567	0.8265166874088903	0.3591176292488686	0.9997507862781244	0.3785216280323374	0.7069696968023594	0.5923634599846659	0.9996654566602691	-1.136476880353894	0.8155268269084057	0.16345373235893756	0.9981563348880957
HNRNPK	23.836505343406206	-0.3355910858370493	0.6154712932247834	0.5855755949847409	0.9997507862781244	0.2218777800193419	0.5651290125226412	0.6946043129157335	0.9996654566602691	-0.5574688658563912	0.6126715290603738	0.36287607487053	0.9981563348880957
HNRNPM	11.283790952005319	-0.6207847063811995	0.7260976917499005	0.3925731216553784	0.9997507862781244	-0.11993425735324263	0.6501468916462976	0.8536427566559838	0.9996654566602691	-0.5008504490279568	0.7279631292596183	0.4914425598130949	0.9981563348880957
HNRNPR	9.234325638050956	-0.12074346533789308	0.7340169043681135	0.8693400298225279	0.9997507862781244	-0.17253809148618596	0.6746104785811959	0.7981364878525937	0.9996654566602691	0.05179462614829286	0.7374617768621501	0.9440076982836014	0.9981563348880957
HNRNPU	23.115748262698535	-0.2697979525463056	0.685700278767017	0.6939772624942646	0.9997507862781244	-0.0006662616485956842	0.6415442357984605	0.9991713746961668	0.9996654566602691	-0.26913169089770994	0.68572338869787	0.6947046899775183	0.9981563348880957
HOOK1	4.228889092616213	-0.4874281926284353	0.9685840407918466	0.61479702569691	0.9997507862781244	-0.6039570719493627	0.8864908385831907	0.4956882033091893	0.9996654566602691	0.11652887932092741	0.9911964534589803	0.9064132432609722	0.9981563348880957
HOOK3	4.766452627265524	0.6180968612792975	0.9589179763539095	0.519201080899071	0.9997507862781244	1.1623799651786448	0.8614740171604557	0.1772432070292721	0.9996654566602691	-0.5442831038993473	0.902953938747872	0.5466546638387098	0.9981563348880957
HOTAIRM1	9.621497373310843	0.37324103057963315	0.8547758794386242	0.6623625286633756	0.9997507862781244	0.7198698481698766	0.7845721836786294	0.35886409038123235	0.9996654566602691	-0.3466288175902435	0.8347880807752771	0.6779737472007978	0.9981563348880957
HOXB-AS3	8.927525898704268	0.09771209859166487	0.8718495400369451	0.9107643385143833	0.9997507862781244	-0.15948340273469594	0.8188707863135379	0.8455807152034882	0.9996654566602691	0.25719550132636076	0.8753541401114552	0.7688963700028058	0.9981563348880957
HOXB6	5.939857885074024	-0.8077707580329259	0.8585754619683881	0.34679365225929293	0.9997507862781244	-1.0261313848237474	0.7889781122214262	0.19340128783746313	0.9996654566602691	0.21836062679082147	0.8946490926058867	0.8071734704515148	0.9981563348880957
HOXB7	5.344323825710286	-0.1687943608681554	0.8707580732279607	0.8462952160711303	0.9997507862781244	0.061142619232813854	0.7840236499053705	0.937839442218512	0.9996654566602691	-0.22993698010096927	0.8661166410383961	0.7906394177079348	0.9981563348880957
HOXD8	11.22557796734567	-1.0581139197095137	0.825708011403191	0.20003123494680475	0.9997507862781244	-1.3380712299302262	0.7688710508578764	0.08180522644940835	0.9996654566602691	0.27995731022071246	0.8540939467472434	0.7430758887785147	0.9981563348880957
HP1BP3	14.577788910029609	-0.14962718680142584	0.7026141699210985	0.8313598573427412	0.9997507862781244	0.2907234572776194	0.6395365039046805	0.6494081030614066	0.9996654566602691	-0.4403506440790453	0.6966751362321496	0.5273381448062773	0.9981563348880957
HPF1	2.9523133252374962	-1.4502880572655172	1.2694513355488692	0.25326591223573525	0.9997507862781244	-1.15057349313898	1.1253118443214785	0.30656863949920043	0.9996654566602691	-0.2997145641265373	1.3134245546290235	0.8194960404809981	0.9981563348880957
HPN	6.0331724100550765	0.43147899570933745	0.9509142695538646	0.6500075289339443	0.9997507862781244	-0.8144547027959561	0.9357438968023336	0.3840916460522589	0.9996654566602691	1.2459336985052936	0.9835610667403861	0.20524188909564423	0.9981563348880957
HSBP1	18.70871153028415	-0.2966000622296701	0.659357248435965	0.6528315029772145	0.9997507862781244	-0.5309316442388676	0.621063273931254	0.39262019344450017	0.9996654566602691	0.23433158200919751	0.6675255594506108	0.7255545079602344	0.9981563348880957
HSD11B2	13.997150397002448	0.5227359901898434	0.8744528148920157	0.5499824740023727	0.9997507862781244	0.3832701461575779	0.8346652676896331	0.6460975573572983	0.9996654566602691	0.13946584403226553	0.8673086299328117	0.8722485492407208	0.9981563348880957
HSD17B10	9.999315889782379	-0.16153973180598452	0.7036991362970993	0.8184352845598373	0.9997507862781244	-0.48951880757662813	0.6560633930149751	0.4555794717607772	0.9996654566602691	0.3279790757706436	0.7157103681699926	0.6467680242989657	0.9981563348880957
HSD17B12	7.424727196104486	-1.0686839885162427	0.8268153609035732	0.19617352540644317	0.9997507862781244	-0.43471379064355836	0.721228983396488	0.5466814520416571	0.9996654566602691	-0.6339701978726844	0.8372481882970725	0.448925850714487	0.9981563348880957
HSP90AA1	199.33456719375747	0.0873316950348588	0.7495287150542805	0.9072440215337496	0.9997507862781244	1.130500236671293	0.7419790348574016	0.1276015959247501	0.9996654566602691	-1.0431685416364345	0.7480140839686991	0.16314129514692854	0.9981563348880957
HSP90AB1	91.46022503112914	-0.03813062445758824	0.6369209803732494	0.9522614677255528	0.9997507862781244	0.7047410448512945	0.6205808817664602	0.25611766976360506	0.9996654566602691	-0.7428716693088827	0.6346466819149982	0.24178857957128874	0.9981563348880957
HSP90B1	40.291216736749995	-0.05995007690763103	0.5789263745691143	0.9175233829512395	0.9997507862781244	0.1109104891299853	0.5512912929694138	0.8405554086867808	0.9996654566602691	-0.17086056603761635	0.5780935849056921	0.7675671473543266	0.9981563348880957
HSPA1A	128.21172478481753	-1.1368425103303776	0.9894796096965254	0.2505849701042494	0.9997507862781244	1.7278921130841198	0.9637601177576381	0.07299445829562108	0.9996654566602691	-2.8647346234144972	0.9868761943670484	0.0036980636137044247	0.3636413470659382
HSPA1B	58.004473450034816	0.3068059065826594	1.029620321975715	0.7657186929139032	0.9997507862781244	2.167243792660741	1.0025875563847748	0.0306451334662667	0.9996654566602691	-1.860437886078082	1.0208659783397918	0.06839257285506457	0.9981563348880957
HSPA2	16.48518229717102	1.525402177576829	0.8443919000164725	0.07083875674990346	0.9997507862781244	0.31155524282960495	0.8342413023579401	0.7088065691036612	0.9996654566602691	1.213846934747224	0.8371763401389344	0.14707809249450718	0.9981563348880957
HSPA4	4.72636728989835	-0.7079923190001794	1.0271924548486546	0.4906660061612337	0.9997507862781244	-0.3448125140346909	0.9158563667668449	0.7065512277252621	0.9996654566602691	-0.3631798049654886	1.037670114239404	0.7263421221886133	0.9981563348880957
HSPA5	30.05398434966476	-0.5934406245275125	0.596562690593574	0.3198498063562789	0.9997507862781244	-0.23221667147184424	0.5552271863012684	0.675773689791644	0.9996654566602691	-0.3612239530556682	0.5989051101917695	0.5464151976136491	0.9981563348880957
HSPA6	23.804926080487682	0.17845620696649314	2.7980801463312104	0.9491469245040479	0.9997507862781244	2.1288659757445925	2.7716622614801634	0.442438023640932	0.9996654566602691	-1.9504097687780995	2.7905910844278425	0.48459982226129183	0.9981563348880957
HSPA8	54.65384048119428	0.4086955300744031	0.6912767966621831	0.5543741263419495	0.9997507862781244	1.3272643456589777	0.6664376233320563	0.04641707656705009	0.9996654566602691	-0.9185688155845745	0.6837927018989521	0.17916061455412924	0.9981563348880957
HSPA9	12.155339227368303	0.8087110801333519	0.7519143394563059	0.28213474073553135	0.9997507862781244	0.389260001501993	0.7156871895765121	0.5865124629816023	0.9996654566602691	0.41945107863135883	0.7412060122094352	0.5714593802474519	0.9981563348880957
HSPB1	112.21327387252677	-0.5873093586141536	0.7087227435772451	0.4072815163267983	0.9997507862781244	0.44934456857713745	0.6929864050435665	0.5167149020995363	0.9996654566602691	-1.036653927191291	0.7077719972222878	0.14301038897386467	0.9981563348880957
HSPB11	7.410267517739562	0.37630254801596524	0.9202239484825553	0.6825947257946996	0.9997507862781244	0.11766110766023037	0.8626370107895036	0.8915074384797237	0.9996654566602691	0.2586414403557349	0.9149928192055472	0.77742946321559	0.9981563348880957
HSPD1	36.70264787484885	-0.4109753986107929	0.8535357443981633	0.6301628965707784	0.9997507862781244	0.9426601845738134	0.8124188325782729	0.2459213676533848	0.9996654566602691	-1.353635583184606	0.8481564685665623	0.11049462164807909	0.9981563348880957
HSPE1	59.771454761743094	0.010585940683880498	0.6462242715337863	0.9869302635863082	0.9997507862781244	0.7579062991776059	0.6222581775944077	0.22322651394948867	0.9996654566602691	-0.7473203584937254	0.6424428345866168	0.24472888661564884	0.9981563348880957
HSPH1	27.01350868672418	0.8466642191893896	0.9297838575091231	0.36250444799460446	0.9997507862781244	1.6741950152179992	0.8951620305058076	0.061446283032411494	0.9996654566602691	-0.8275307960286095	0.9132458878430852	0.3648604999340833	0.9981563348880957
HTATSF1	4.205362610349272	0.668925266837093	0.981290144279875	0.49544170250591013	0.9997507862781244	0.9673308488810575	0.8914307196140523	0.2778578066306403	0.9996654566602691	-0.29840558204396445	0.9308061067225268	0.7485223770149949	0.9981563348880957
HUWE1	6.401010593380078	1.2269835050833866	0.9807750956409383	0.21092188186039684	0.9997507862781244	-0.19384950977690096	0.9737714835269559	0.842207328925857	0.9996654566602691	1.4208330148602875	0.9872855472839662	0.15011347407148107	0.9981563348880957
IAH1	4.754277268952474	-0.507666200453552	0.9495315792179579	0.5928925273277745	0.9997507862781244	0.1472506159940106	0.8311692937085436	0.8593820865915819	0.9996654566602691	-0.6549168164475626	0.9419172120441859	0.48686613094474585	0.9981563348880957
ICE1	2.9806846527693796	0.384193843061173	1.1216907508668459	0.7319647423852581	0.9997507862781244	0.5179695189850193	1.0231293365850358	0.612674097507955	0.9996654566602691	-0.13377567592384634	1.0911634824629968	0.9024245562624378	0.9981563348880957
ID1	8.698658050315203	-3.7583346131069644	1.0721144430755398	0.000455690728329431	0.14189070053357658	-0.70616230628217	0.7618924355779764	0.35400285129132936	0.9996654566602691	-3.0521723068247946	1.0827324538738288	0.004818051582160701	0.4142065723889666
ID2	38.72709429058773	-0.9554790452040287	0.7867006414075289	0.22454175554951528	0.9997507862781244	0.1941212309238855	0.7428872543487663	0.7938561932135639	0.9996654566602691	-1.149600276127914	0.7857420576768588	0.1434466087715042	0.9981563348880957
ID3	12.766137662460117	-3.187023855427789	1.0553511025183064	0.0025288263206482897	0.43066123687406194	-0.6885062729340558	0.8468758408070659	0.4162206210745286	0.9996654566602691	-2.4985175824937333	1.0630145800577195	0.018752861379215648	0.7013985160791952
ID4	4.974478970390604	-1.1861431034477603	1.1995647799676166	0.32275551778043654	0.9997507862781244	-0.7596631356642043	1.0743661525314088	0.4795165809098534	0.9996654566602691	-0.42647996778355607	1.2209874514162151	0.7268708299156652	0.9981563348880957
IDH2	19.00915722635083	0.3359308458613182	0.7457569594734355	0.652381529768014	0.9997507862781244	-0.813467987469812	0.7332394849505232	0.26725054499458656	0.9996654566602691	1.1493988333311302	0.759491643485987	0.13018337285328074	0.9981563348880957
IDH3B	5.623561770258696	-0.18287948250044167	0.8815136270880765	0.8356500389753243	0.9997507862781244	-0.5163599044021758	0.8203449607644263	0.5290594642250974	0.9996654566602691	0.3334804219017342	0.8988229755679075	0.7106233633219436	0.9981563348880957
IDH3G	4.681434440607084	-0.22454438910532232	0.953337095331561	0.8137934057566698	0.9997507862781244	-0.48668307675400224	0.8836053123714805	0.5817760054133068	0.9996654566602691	0.2621386876486799	0.9702613991300972	0.7870269615191279	0.9981563348880957
IDI1	7.531225345013131	0.695036308261784	0.8758628093410961	0.4274605249068074	0.9997507862781244	0.16388441803365042	0.8344435829225118	0.8442973791862085	0.9996654566602691	0.5311518902281335	0.8693331362972159	0.5412076952697551	0.9981563348880957
IDS	6.9044280388416475	-1.2011768287116285	1.1609289156398777	0.30082365150367707	0.9997507862781244	0.6577836752195074	0.9792574797520385	0.5017640206289666	0.9996654566602691	-1.8589605039311359	1.1458614331157293	0.10473361891575685	0.9981563348880957
IER2	51.94511291756741	-1.6932523796262184	0.779990359556814	0.029941513691077913	0.9997507862781244	0.49634339016353574	0.7209334064949829	0.49115478831798376	0.9996654566602691	-2.1895957697897543	0.7781459715054672	0.00489501608773804	0.4142065723889666
IER3	16.9211314737638	0.5083226159074935	0.8829524634460205	0.5648127055864258	0.9997507862781244	1.3408781485105354	0.8274568396859356	0.10512897656613818	0.9996654566602691	-0.8325555326030419	0.8629153642203906	0.33463641007217604	0.9981563348880957
IER3IP1	8.40883165897483	-0.15743062130797691	0.8277600928026609	0.8491612605478249	0.9997507862781244	-0.83210282315888	0.7874940737178555	0.29067296958645616	0.9996654566602691	0.6746722018509029	0.8527672482937604	0.4288527745529075	0.9981563348880957
IFI27L2	6.670082985997009	-1.1502230650050753	0.9342589307397084	0.21826269237871998	0.9997507862781244	-0.17023088852034335	0.8057658151182936	0.8326797433590348	0.9996654566602691	-0.979992176484732	0.9377460305813523	0.29599952250672545	0.9981563348880957
IFI30	11.521942006609724	0.3827017784110785	0.7191246908977509	0.5946032592138576	0.9997507862781244	0.11058118112892218	0.6768350326286856	0.87021939613361	0.9996654566602691	0.27212059728215626	0.7157609965003031	0.7038091271278806	0.9981563348880957
IFITM2	14.501758137669732	-0.0014890425121090924	0.7372397220628216	0.9983884709580108	0.9997507862781244	1.249755758115224	0.6544808831710782	0.056192795136439884	0.9996654566602691	-1.2512448006273333	0.714024341110325	0.07970780808891749	0.9981563348880957
IFITM3	25.534334740067976	-0.3975359670289222	0.6082005687741096	0.5133525115063639	0.9997507862781244	0.2969191852977613	0.5569909630057468	0.5939801383137947	0.9996654566602691	-0.6944551523266835	0.604797213952493	0.25086759039813944	0.9981563348880957
IFNAR1	3.785964454623551	-0.24413536360419552	1.041041107601189	0.8145884641925127	0.9997507862781244	0.37339272531090045	0.9177393817076865	0.6841097911117495	0.9996654566602691	-0.6175280889150959	1.0228978499808405	0.5460400867906172	0.9981563348880957
IFRD1	12.218226732487771	0.3738149340935511	0.9908758113545766	0.705982550738371	0.9997507862781244	0.4738051215739767	0.9408289597553662	0.6145397602409471	0.9996654566602691	-0.09999018748042558	0.9820027396451809	0.9188973934593543	0.9981563348880957
IFT22	4.6778967335370485	0.4305120431535664	0.9158386142447436	0.6383020536539921	0.9997507862781244	0.07727498648626367	0.8566490718630752	0.9281234234083193	0.9996654566602691	0.35323705666730276	0.9086475919743903	0.6974608426739219	0.9981563348880957
IFT27	3.0546572636707925	-0.5777704473399887	1.107096792920834	0.6017546559825457	0.9997507862781244	-0.8869483799027048	1.0255709203417316	0.3871300253360105	0.9996654566602691	0.30917793256271603	1.14527570123714	0.7871914941453335	0.9981563348880957
IFT43	2.824435643406228	-0.7710140560382269	1.2057183792596788	0.5225208247187285	0.9997507862781244	-0.703565406126358	1.0914552846151238	0.5191785185372524	0.9996654566602691	-0.06744864991186894	1.2339510291198033	0.9564087646033362	0.9981563348880957
IFT57	8.384075422337416	0.8524522400285106	0.8037291433238477	0.2888620436193964	0.9997507862781244	0.3430920720310905	0.7628986684492147	0.6529111357479582	0.9996654566602691	0.5093601679974201	0.7895180138006757	0.5188278330694835	0.9981563348880957
IGBP1	7.507969616195014	0.11400126013355705	0.8320810700945711	0.8910249495945046	0.9997507862781244	-0.29602442927072276	0.7821298428468917	0.7050703198429343	0.9996654566602691	0.4100256894042798	0.8400065217383569	0.6254634070304288	0.9981563348880957
IGF1R	5.607870972174289	0.9172683240767747	0.8986373232826538	0.3073811909011216	0.9997507862781244	-0.5874660166116487	0.9014550029278758	0.5146034612716595	0.9996654566602691	1.5047343406884233	0.9264444846989561	0.10433239196384628	0.9981563348880957
IGF2R	4.339935983031791	-0.5246822359661963	1.020218709328725	0.6070533935024625	0.9997507862781244	0.1657892303193399	0.8941934791217326	0.8529102570033893	0.9996654566602691	-0.6904714662855362	1.0123279052632264	0.49519907893049153	0.9981563348880957
IGFBP2	10.272792711554779	0.9214420484098371	0.892764526121263	0.30201489536422	0.9997507862781244	-0.7274991439944711	0.8932118816633421	0.41537263407400116	0.9996654566602691	1.6489411924043085	0.9127114643519785	0.07081840239742168	0.9981563348880957
IGFBP6	8.796108751405077	-2.107837303372824	1.0293717041914037	0.040590083479473016	0.9997507862781244	-0.2548020292429187	0.856865354514409	0.7661876273179238	0.9996654566602691	-1.8530352741299057	1.0334027994804011	0.07295063726398099	0.9981563348880957
IGFBP7	181.1152771506251	0.0469993045167331	0.6389938752299428	0.9413668324468429	0.9997507862781244	-0.19843671796842363	0.6339724576224114	0.7542766610696774	0.9996654566602691	0.2454360224851567	0.6394314108715909	0.7011008994404033	0.9981563348880957
IGKC	33.20144086653012	-6.0104538178318325	4.183233703955448	0.15077594252486423	0.9997507862781244	1.3207239069510006	3.7289814105808814	0.7232053433489637	0.9996654566602691	-7.331177724782833	4.181779161450663	0.07958071186172141	0.9981563348880957
IK	7.304479236390382	-0.687848108956209	0.8627399830575373	0.42528656530329867	0.9997507862781244	0.1476098160156276	0.757354272432222	0.8454697163990167	0.9996654566602691	-0.8354579249718365	0.8584197850632338	0.3304285629431142	0.9981563348880957
IL32	14.343188152047482	-1.7999140815399055	1.1814017499186562	0.1276233947392799	0.9997507862781244	1.3180478063703966	0.9992832128596326	0.18717137118859184	0.9996654566602691	-3.117961887910302	1.1678538597413615	0.0075891474641376095	0.4296492348446997
IL6ST	7.113069828786597	1.317671368015499	0.8862162766624048	0.13705422462311534	0.9997507862781244	1.2980169780855444	0.8281098168246932	0.11701060358347953	0.9996654566602691	0.01965438992995459	0.8303206237722727	0.9811151626289766	0.9981563348880957
ILF2	6.720709711082438	-0.04442089519854481	0.8244765728513344	0.9570326097168699	0.9997507862781244	-0.3585194548059636	0.7689558767835522	0.6410423554729092	0.9996654566602691	0.3140985596074188	0.8344350449947197	0.706604216482144	0.9981563348880957
ILF3	8.110182123605037	-0.642206845198792	0.9105731283511151	0.4806374875723409	0.9997507862781244	-0.35508920591585275	0.8233914564092432	0.6662851533716105	0.9996654566602691	-0.28711763928293926	0.9190754923371056	0.7547378273689923	0.9981563348880957
ILF3-DT	6.751409484949169	-0.3353375260119668	0.8663028535209064	0.6986892776336362	0.9997507862781244	-0.3426509048280993	0.7926263357371014	0.6655247258487964	0.9996654566602691	0.007313378816132463	0.875613133928967	0.9933359106045816	0.9981563348880957
ILK	5.244780901279243	1.0336185161819094	0.914316935419763	0.2582733270504155	0.9997507862781244	1.0150484853871578	0.8475313059056995	0.23105209960850137	0.9996654566602691	0.018570030794751575	0.8624741205852856	0.9828219818104753	0.9981563348880957
IMMP2L	15.34031546357046	3.114555704552102	0.9180943856617804	0.0006927982561983904	0.19175116179891005	-0.754929769140341	0.9984643798993807	0.4495947350934537	0.9996654566602691	3.869485473692443	0.9573688692640517	5.3044360457926313e-05	0.026921870119527916
IMMT	6.3178528805093634	0.6974935858345168	0.8947145393353757	0.43564338000447866	0.9997507862781244	0.5192613260929801	0.8364515112469696	0.5347373376206044	0.9996654566602691	0.17823225974153667	0.8741075298046427	0.8384300944780796	0.9981563348880957
IMPA2	13.140710107470348	0.5858821947631371	0.7172967306162162	0.4140473338196925	0.9997507862781244	-1.0422426856414886	0.7190070190260985	0.1471816953615126	0.9996654566602691	1.628124880404626	0.7459298221550784	0.029059504685283594	0.8254999467048113
IMPDH2	3.9714081456697508	-1.1488745895934696	0.9724705009964896	0.23744469927059453	0.9997507862781244	-0.8827618280160316	0.8612989726134463	0.30540132857522984	0.9996654566602691	-0.26611276157743785	1.0052108856118778	0.7912149483196596	0.9981563348880957
INTS10	4.76176301370165	-0.3532147539987587	0.9139855110173883	0.6991593320535563	0.9997507862781244	-0.08289783242164736	0.8175902135621989	0.9192385824507121	0.9996654566602691	-0.27031692157711135	0.9145236605249533	0.7675491638275438	0.9981563348880957
IQGAP1	6.56592262442787	0.4468823686511218	0.8940981531012225	0.6172063713294694	0.9997507862781244	0.6797901789735219	0.8188116658647885	0.4064169239649945	0.9996654566602691	-0.23290781032240013	0.8697936844218593	0.7888735715970008	0.9981563348880957
IRF2BP2	5.757169782563246	-0.21533844367808977	0.8665624283233406	0.803749641048952	0.9997507862781244	0.24944956700119922	0.7711928824694496	0.7463473700522463	0.9996654566602691	-0.464788010679289	0.8559895278451393	0.5871413070795024	0.9981563348880957
IRX2	6.9187053184563005	-0.49006970046158466	0.8200875199847181	0.5501187473466583	0.9997507862781244	-0.7442453004858424	0.7573358873388321	0.3257477495150852	0.9996654566602691	0.2541756000242577	0.8440300363513317	0.7633037698490113	0.9981563348880957
ISCA2	3.84906986450351	-0.917833701553643	1.065029707041655	0.3888021842552366	0.9997507862781244	-1.0133452713399933	0.9720052880607528	0.2971657388433159	0.9996654566602691	0.09551156978635028	1.1022021399443416	0.9309455711003618	0.9981563348880957
ISCU	25.789455464015425	0.04708681471096544	0.655710463456784	0.9427528155505533	0.9997507862781244	0.09540552837873438	0.6217664512058538	0.8780491670655943	0.9996654566602691	-0.04831871366776895	0.65461584285455	0.9411597243150361	0.9981563348880957
ISOC2	5.377834708910793	0.502887318590613	0.8714383088916309	0.5638871976738148	0.9997507862781244	-0.9016132940033217	0.8705928696974669	0.30037414710983124	0.9996654566602691	1.4045006125939348	0.9137384871633111	0.124270649411877	0.9981563348880957
ITFG1	8.668319827115734	1.1347159388927683	0.8259758562051128	0.16950742514126937	0.9997507862781244	-0.10610185743335408	0.8128410887756599	0.8961454562008335	0.9996654566602691	1.2408177963261224	0.8279474791920737	0.13395996920145933	0.9981563348880957
ITGA2	6.48276167186371	1.3125672563312822	0.9854184706946413	0.18286357209652493	0.9997507862781244	0.6384506050227757	0.9478316322899545	0.5005715456822029	0.9996654566602691	0.6741166513085066	0.957062978147772	0.48120875791373674	0.9981563348880957
ITGAV	4.796152576164125	1.4910731762320575	0.9892359813166646	0.13173435215989354	0.9997507862781244	0.8613662219162722	0.946831948079894	0.36296224807532584	0.9996654566602691	0.6297069543157854	0.9358079610692605	0.5010097038476848	0.9981563348880957
ITGB1	15.809061264052591	-0.3730179331139937	0.7273666721417089	0.6080678547345633	0.9997507862781244	0.9460023117638447	0.6438083799935427	0.14172842073359268	0.9996654566602691	-1.3190202448778385	0.7126430826492506	0.06418612885509416	0.9981563348880957
ITGB1BP1	6.051682400894371	-0.4701793431584249	0.8592063870059712	0.5842240603919571	0.9997507862781244	-0.656316241835829	0.7919815840318131	0.4072733974028975	0.9996654566602691	0.18613689867740416	0.8789086895717654	0.8322772374572098	0.9981563348880957
ITGB6	9.455173741053123	1.2454947433574617	1.1309077452343808	0.2707560918794104	0.9997507862781244	3.2668478537247863	1.0190210203133845	0.0013465529640974735	0.6708526867133613	-2.0213531103673246	1.0292460627228817	0.04953980025019937	0.9981563348880957
ITGB8	8.57776640130156	2.394006634339765	0.9104841307364165	0.008554130412499599	0.9466962061229397	1.5010268683570769	0.8874943415167351	0.0907778663094016	0.9996654566602691	0.8929797659826879	0.8328036456552369	0.28360449219911243	0.9981563348880957
ITM2A	6.907672442138461	1.0459919242732671	0.8645804711511553	0.22634567116484483	0.9997507862781244	0.3138360919896556	0.8294761902024933	0.7051672256709478	0.9996654566602691	0.7321558322836115	0.8480369808398255	0.3879430488355238	0.9981563348880957
ITM2B	133.15225243900352	-0.2945552197789812	0.503601775891768	0.5586169066601006	0.9997507862781244	-0.0712524302396409	0.4919101418797226	0.884830514120029	0.9996654566602691	-0.22330278953934032	0.5038974757539287	0.657656347202171	0.9981563348880957
ITM2C	50.35122193358576	-1.1480586704770532	0.625682783046588	0.06652208707972716	0.9997507862781244	-0.977100079266261	0.5966223916540705	0.10148023687432695	0.9996654566602691	-0.1709585912107923	0.6317467419483093	0.7866890491710987	0.9981563348880957
ITPR1	4.485704775435597	-0.7783810970632143	0.9906760785168329	0.43203918057985535	0.9997507862781244	-0.4338403377553971	0.8810141675484638	0.6224133650797941	0.9996654566602691	-0.3445407593078173	1.0043533564399032	0.7315628374520178	0.9981563348880957
ITPR2	8.856798848308337	0.3508062270048718	0.867420275200619	0.6859004039452272	0.9997507862781244	-1.283266192612235	0.8704532423576596	0.14041413741413972	0.9996654566602691	1.6340724196171068	0.9100765847150737	0.07256884099909283	0.9981563348880957
IVNS1ABP	19.780614550172746	-0.09885784731847773	0.6859538882162339	0.885407815100483	0.9997507862781244	-0.1435159880844067	0.6453895799348185	0.8240250107820981	0.9996654566602691	0.044658140765928944	0.6879977126182792	0.9482454163895834	0.9981563348880957
JADE1	6.091803106992966	0.7499198190514358	0.897592099926164	0.4034477718827051	0.9997507862781244	0.9671490373050728	0.8217118588827242	0.2391983335384923	0.9996654566602691	-0.21722921825363703	0.8554478275251185	0.7995448046232523	0.9981563348880957
JAG1	4.306901260768513	-0.005281773845688374	1.0147974481944813	0.9958472237137185	0.9997507862781244	-0.28621292798184306	0.9425351381043866	0.761384746087928	0.9996654566602691	0.2809311541361547	1.0249378715830473	0.7840110101931504	0.9981563348880957
JAK1	14.887528570441159	2.036179520389472	0.8432228535654513	0.0157456473200444	0.9997507862781244	0.9199220781594537	0.8308159576786798	0.2681852783893066	0.9996654566602691	1.1162574422300182	0.817115309824974	0.17190903106991084	0.9981563348880957
JMJD1C	10.009117203564266	1.2636535762576246	0.7339704962928568	0.08512966249925678	0.9997507862781244	0.44868045003268864	0.7086339031115184	0.5266274979572053	0.9996654566602691	0.814973126224936	0.7166427009383856	0.25545057735449417	0.9981563348880957
JPT1	5.52511438269906	-1.1886731231780563	0.9183409003079832	0.19553756821730517	0.9997507862781244	0.09663130461293822	0.7679503303916795	0.8998663758742286	0.9996654566602691	-1.2853044277909944	0.9141471319107689	0.1597197199833844	0.9981563348880957
JPX	8.529013652451006	-0.30937647400480733	0.7859909836989858	0.6938665893460365	0.9997507862781244	-0.9231994993188188	0.7447227422199331	0.21510291472729104	0.9996654566602691	0.6138230253140115	0.8115922634585252	0.44945768129868724	0.9981563348880957
JTB	14.109685589047961	-0.1422573763303281	0.661791740814481	0.8298001262910359	0.9997507862781244	-0.2953027970896328	0.6164547029883565	0.631914400770604	0.9996654566602691	0.15304542075930472	0.6671183045953026	0.8185481553762737	0.9981563348880957
JUN	127.18927427190712	-1.4209272715833448	0.7696571775367735	0.06486577528975897	0.9997507862781244	0.8016862593959736	0.744189929854297	0.2813639975547201	0.9996654566602691	-2.2226135309793182	0.768345478257228	0.003819133770986316	0.3636413470659382
JUNB	83.39965733067247	-1.0216177031768767	0.9275248161086375	0.270702967469449	0.9997507862781244	0.8788676270202508	0.9016198451489092	0.3296767548047477	0.9996654566602691	-1.9004853301971274	0.9256133588012764	0.040051510569934355	0.9835265548172369
JUND	45.725303431764466	-1.0036431199919396	0.9317606407438392	0.2814146268610406	0.9997507862781244	1.6609724838040945	0.8688931817078079	0.05592806924979775	0.9996654566602691	-2.664615603796034	0.9243135714957545	0.003941516005933493	0.3636413470659382
KANSL1	7.453741639810003	1.019941056746357	0.8168206458998214	0.21178507176957473	0.9997507862781244	0.02534910696019616	0.7939265172640442	0.9745288453519894	0.9996654566602691	0.9945919497861608	0.8126956012689227	0.2210206861267483	0.9981563348880957
KATNBL1	4.079665888751029	1.3216355975810323	1.1566552578367666	0.25318987409685134	0.9997507862781244	0.09377933346956678	1.1380580762443233	0.9343262967564108	0.9996654566602691	1.2278562641114656	1.1471819772773582	0.28447354949166537	0.9981563348880957
KCNJ1	18.260691176543467	-0.2070919010889049	0.6682530087486536	0.7566366685983879	0.9997507862781244	-1.3882086876201403	0.6550189729277823	0.03406164326385448	0.9996654566602691	1.1811167865312353	0.694837714933803	0.08915998411621026	0.9981563348880957
KCNJ10	3.3175987094694026	-0.990408652760886	1.1787739573605396	0.4007949392788067	0.9997507862781244	-1.8885342265727891	1.136722551603846	0.09663607247297595	0.9996654566602691	0.8981255738119032	1.2724332120769029	0.4802918886841978	0.9981563348880957
KCNJ16	22.65941793211495	1.4862055337160587	0.6564013127930093	0.023563532335201427	0.9997507862781244	0.25260708003967514	0.6477621630698763	0.6965595648538173	0.9996654566602691	1.2335984536763835	0.6507026237429335	0.057987223756545324	0.9981563348880957
KCNQ1OT1	15.0063813580068	0.11971463358517503	0.9135148650986932	0.8957370439818791	0.9997507862781244	1.0881701318067736	0.8463096352312414	0.1985189738766806	0.9996654566602691	-0.9684554982215986	0.8971842676108243	0.28039216765694586	0.9981563348880957
KCTD1	7.3359380932497595	0.158633004551164	0.773455479811346	0.8374967382444204	0.9997507862781244	-0.8900352451019442	0.7529108754294925	0.23715585495968738	0.9996654566602691	1.0486682496531081	0.8040893803998664	0.19217604904310948	0.9981563348880957
KDELR1	7.909080424820571	-1.4841574953070389	1.0003522562672953	0.13790581187946258	0.9997507862781244	-0.5010925939162149	0.8779291719764124	0.5681579085017514	0.9996654566602691	-0.9830649013908241	1.0095777406221265	0.3301863042225742	0.9981563348880957
KDELR2	4.278701918889944	-0.8815661722095518	0.9844790994719579	0.37053878705461674	0.9997507862781244	0.13408384771925475	0.8376829050019796	0.872829746029243	0.9996654566602691	-1.0156500199288065	0.9775354358357004	0.29880915990656576	0.9981563348880957
KDM5A	5.435041018079095	-0.049425856302010664	0.975249404648238	0.9595803369759963	0.9997507862781244	1.0254459507190343	0.8501870021967795	0.2277628791630989	0.9996654566602691	-1.074871807021045	0.938265859538763	0.25196315106343203	0.9981563348880957
KDM5B	7.451874198706321	0.21649038824740682	0.8968176552447181	0.8092463171216885	0.9997507862781244	0.5387840583446211	0.8168360896740492	0.5095113608481123	0.9996654566602691	-0.3222936700972142	0.8788904572482794	0.7138389534966869	0.9981563348880957
KHDRBS1	10.831259411053924	0.2676857737250015	0.7769742865361945	0.730452748881496	0.9997507862781244	-0.02736180692528427	0.7310211359880606	0.9701424955762484	0.9996654566602691	0.2950475806502858	0.7768615145970243	0.704098108552417	0.9981563348880957
KIAA1217	8.591672898137055	2.332775743696335	0.8664888526684609	0.007097881361547706	0.9466962061229397	-0.46150185577640235	0.926522946561856	0.6184129701990085	0.9996654566602691	2.7942775994727374	0.8910144018373758	0.0017123221835296611	0.26658715994827414
KIDINS220	7.4564308170597275	0.8510387450210215	0.8254165924678432	0.3025213684699235	0.9997507862781244	-0.7878773468713931	0.8339397229238602	0.34477868990654015	0.9996654566602691	1.6389160918924148	0.8597885141525886	0.056626189101503	0.9981563348880957
KIF12	5.609788921543681	-0.6239655866455571	0.8892896103291535	0.48290059614567904	0.9997507862781244	-0.8840890438468898	0.8209162129274905	0.2815007923962719	0.9996654566602691	0.2601234572013327	0.9196351359700383	0.777287940504588	0.9981563348880957
KIF5B	7.597652469110402	-0.43187912841702125	0.8580055552986812	0.6147165536846736	0.9997507862781244	-0.16203125710684266	0.7795463894182812	0.8353435464277125	0.9996654566602691	-0.2698478713101786	0.8613190137449663	0.7540557274518195	0.9981563348880957
KIF9	7.201078139725073	-0.20135692189061347	0.8429603223791142	0.8112073181607613	0.9997507862781244	-0.3667288996476896	0.7786760935212548	0.6376659920875729	0.9996654566602691	0.16537197775707616	0.8531329572921936	0.8463005364984824	0.9981563348880957
KLF2	24.04919757138724	-1.724532849675666	1.6724413819974708	0.30247190820603376	0.9997507862781244	2.04199950997444	1.542863704089878	0.18566497807794335	0.9996654566602691	-3.766532359650106	1.6622570399025642	0.02345661753738143	0.7688215037581203
KLF4	7.2136194330629575	-2.339464183651182	1.2517036136026634	0.06161946553421443	0.9997507862781244	-0.4334889671249095	1.0381873528462502	0.6762805005774859	0.9996654566602691	-1.9059752165262724	1.2595003589047729	0.13020885039301014	0.9981563348880957
KLF6	64.57119160619925	-0.9360459194585808	0.8326645450886847	0.26094630420035503	0.9997507862781244	-0.5628794520642664	0.8135883866113118	0.48903282476198484	0.9996654566602691	-0.37316646739431447	0.8347541330238393	0.6548479265420591	0.9981563348880957
KLHL13	11.306474573084067	2.8767257176853973	0.8939078491257617	0.0012902225159981448	0.2921767533955799	0.04172010015452645	0.9380634253967047	0.9645260093752343	0.9996654566602691	2.835005617530871	0.8871843892882376	0.0013958447477114048	0.24451171563231033
KLHL24	3.946186173840355	-0.39482690548872934	1.0831501893922895	0.7154718107069266	0.9997507862781244	0.8331299568826291	0.9273232797036157	0.36895927796836625	0.9996654566602691	-1.2279568623713586	1.0497606332891383	0.24210183513780026	0.9981563348880957
KMT2A	8.078039453468008	0.250868233534585	0.8350967499311491	0.7638673421201082	0.9997507862781244	0.5723126449262602	0.7594560950623679	0.4511000963783881	0.9996654566602691	-0.3214444113916752	0.8164110773642228	0.6937814048193387	0.9981563348880957
KMT2C	8.616965713812537	1.197931375656101	0.8592636655249668	0.1632762004268642	0.9997507862781244	0.7509940501043179	0.8172920855612663	0.3581578949688976	0.9996654566602691	0.4469373255517832	0.8296474078938857	0.5900886607806108	0.9981563348880957
KMT2E	9.680034464077798	0.1844746253829201	0.7382896463771808	0.8026897784495703	0.9997507862781244	0.07386985686719637	0.6844224197972288	0.9140510513890066	0.9996654566602691	0.11060476851572375	0.7350660883141216	0.8803944893994289	0.9981563348880957
KNG1	110.75012655237026	1.1217044207416365	0.8893546145692139	0.20721639466421704	0.9997507862781244	-0.7869921937859694	0.8902353267968555	0.3766815599230787	0.9996654566602691	1.908696614527606	0.8922394274529054	0.032417838237558554	0.8777482070625908
KNOP1	3.4032447070560674	0.2188161110976338	1.0072116650453857	0.8280140027937202	0.9997507862781244	0.1947912734970871	0.9223429716995297	0.8327376081888785	0.9996654566602691	0.024024837600546682	0.9917696362605317	0.9806737656719966	0.9981563348880957
KPNB1	9.635028991216306	-0.2250744424303379	0.7598389425503298	0.7670671504455858	0.9997507862781244	-0.22903616436112173	0.6969661024205789	0.7424438360993387	0.9996654566602691	0.003961721930783827	0.7648325802535191	0.9958670920812783	0.9985003295921588
KRAS	5.29680178846918	-1.762135133787337	1.0813887400801552	0.10320483211126764	0.9997507862781244	-0.7426575302993635	0.9233368827366549	0.42121268477551344	0.9996654566602691	-1.0194776034879736	1.099500855423964	0.35381306656108424	0.9981563348880957
KRR1	4.110057079654699	-0.9740887023307965	1.0673234914944665	0.36142866071956703	0.9997507862781244	0.20572714067337125	0.9074281799599809	0.8206457388276305	0.9996654566602691	-1.1798158430041676	1.059439496155502	0.26544109565334295	0.9981563348880957
KRT10	17.2835469324169	-0.7265881102321742	0.7139882673895156	0.3088456817343411	0.9997507862781244	-0.17821805596817927	0.6522498411492715	0.7846719046597483	0.9996654566602691	-0.548370054263995	0.7163550459802213	0.4439736449492383	0.9981563348880957
KRT18	25.51891007856218	0.1828636552959166	0.7006878160249433	0.7941099677279846	0.9997507862781244	0.3501427892958932	0.6673586229357422	0.5998128860164744	0.9996654566602691	-0.1672791339999766	0.6969339979144584	0.8103135997897004	0.9981563348880957
KRT19	30.030434629369502	-0.25877613455868514	0.7816089746597474	0.740583057794476	0.9997507862781244	1.3167895063349044	0.7242261455991249	0.06903324758215305	0.9996654566602691	-1.5755656408935899	0.7706211879556043	0.040900255966139144	0.9835265548172369
KRT7	21.103068055481042	0.339082221869223	0.9476180026272862	0.7204736405792659	0.9997507862781244	1.0206956678982388	0.9068534954119057	0.26036224554066356	0.9996654566602691	-0.681613446029016	0.9371575790412039	0.4670299519010165	0.9981563348880957
KRT8	20.96702519882302	0.6490208764938293	0.6355444973001774	0.30715757874556826	0.9997507862781244	0.6209493100698454	0.6008773285034187	0.30141466103949266	0.9996654566602691	0.028071566423983816	0.6252136582541504	0.964187688500201	0.9981563348880957
KRTCAP2	18.78847929896366	-0.27404466376653763	0.6536481580939026	0.6750304450975086	0.9997507862781244	-0.041248518802456335	0.6052064824526547	0.9456613658690141	0.9996654566602691	-0.2327961449640813	0.6541042123627081	0.721914933947527	0.9981563348880957
KTN1	25.51048501998612	0.0496742872196131	0.6616704901128778	0.9401557901216915	0.9997507862781244	0.12413454483076085	0.6273764737693344	0.8431523113995796	0.9996654566602691	-0.07446025761114773	0.6602566913489346	0.9102091680435358	0.9981563348880957
LAGE3	3.784680001162348	0.1378150951606715	0.9803365816765002	0.8882022498504031	0.9997507862781244	-0.042622968295296895	0.9061189170759788	0.9624821087398306	0.9996654566602691	0.1804380634559684	0.9791968011932403	0.8538004706781163	0.9981563348880957
LAMB1	7.71268411598925	-0.8362667430881489	0.8760480974028035	0.33978508206986846	0.9997507862781244	-1.1882631865486775	0.8151697397743759	0.1449265479111167	0.9996654566602691	0.3519964434605286	0.909439072772136	0.6987207794889294	0.9981563348880957
LAMP1	9.144711545775586	0.3930229687955018	0.7594624758351595	0.6048061236083557	0.9997507862781244	0.6839886062597501	0.6916990038949655	0.3227350891927766	0.9996654566602691	-0.29096563746424836	0.7377652188206211	0.6932947136935887	0.9981563348880957
LAMP2	5.297057137925383	1.1011708254280472	0.9081939914201044	0.22532710382438836	0.9997507862781244	0.6595679244199094	0.8597113519059933	0.44296442786545853	0.9996654566602691	0.4416029010081378	0.8749580665437117	0.6137602761399454	0.9981563348880957
LAMTOR1	11.56372720636164	-0.8667145851738457	0.704902466463065	0.21886472918231747	0.9997507862781244	-0.3078370186993039	0.6251644424632132	0.6224297625039945	0.9996654566602691	-0.5588775664745418	0.7104223002104726	0.4314671119146781	0.9981563348880957
LAMTOR2	10.15972670689119	-0.9120986025022143	0.790955886762368	0.24884476380451515	0.9997507862781244	-0.2460806111447524	0.7011430595590225	0.7256103933081456	0.9996654566602691	-0.6660179913574619	0.7954371218613722	0.40242502660018287	0.9981563348880957
LAMTOR4	21.59511546550879	-0.09006238411119243	0.6072930873503032	0.8821049507603689	0.9997507862781244	0.2531792933773818	0.5598820557260321	0.6511241004955272	0.9996654566602691	-0.34324167748857426	0.6034259741487628	0.5694772714934653	0.9981563348880957
LAMTOR5	32.499518252070004	-0.013525139857097536	0.5923867783134313	0.9817845988909867	0.9997507862781244	0.12269997642222133	0.5604370292286885	0.8266997151057482	0.9996654566602691	-0.13622511627931888	0.5911641160506209	0.8177534865567855	0.9981563348880957
LAP3	3.642954080757835	-0.43187345071172595	0.9953672496132431	0.664373024152023	0.9997507862781244	-0.26393626039784607	0.895388034036069	0.7681672562678022	0.9996654566602691	-0.16793719031387994	1.003899577010649	0.8671459239925595	0.9981563348880957
LAPTM4A	28.371367366756335	-0.18223698454559034	0.5919919952652886	0.7582064369554946	0.9997507862781244	0.02179100867240831	0.554829391836557	0.9686710171959007	0.9996654566602691	-0.20402799321799867	0.5917425357685907	0.7302508737916786	0.9981563348880957
LAPTM4B	6.612193695052687	-0.8675758721229274	0.9378907129516112	0.3549509537727592	0.9997507862781244	-0.4471357447128023	0.841401409029441	0.5951292407810451	0.9996654566602691	-0.42044012741012515	0.9483942651625327	0.6575358305796597	0.9981563348880957
LARP1	6.7155020943829635	-0.7895063466698468	0.894353162416377	0.377361636820309	0.9997507862781244	-0.12598999424384377	0.7846408919615047	0.8724318777671674	0.9996654566602691	-0.663516352426003	0.8967642500797767	0.4593603470585198	0.9981563348880957
LARP7	6.896923390457812	-0.49359812769201555	0.8738175928533946	0.5721584661666878	0.9997507862781244	-0.41902344398620034	0.7979998045349699	0.5995191233761418	0.9996654566602691	-0.07457468370581527	0.8844066251539487	0.9328006475270927	0.9981563348880957
LARS	6.837026270965926	0.1618517945608611	0.953542032134203	0.865216619274643	0.9997507862781244	0.6005377111171033	0.8672492841117252	0.4886468527876179	0.9996654566602691	-0.4386859165562422	0.9346939123067932	0.6388291698421132	0.9981563348880957
LCMT1	3.7810542880064983	-0.6878933040486427	1.02771740195364	0.5032780339997651	0.9997507862781244	-0.6237724098804905	0.9280380226766586	0.501493933620885	0.9996654566602691	-0.06412089416815217	1.051742944944416	0.9513860339847413	0.9981563348880957
LDHA	26.905150035377904	-0.004988703339529548	0.6844719774549531	0.9941847522410724	0.9997507862781244	0.47335020096635005	0.6450499833747325	0.4630588065521497	0.9996654566602691	-0.4783389043058796	0.6796641601663972	0.48156533541252544	0.9981563348880957
LDHB	99.84576434558683	-0.30018679120108016	0.6458564130423115	0.6420827490285603	0.9997507862781244	-0.5064473310167404	0.636094138041928	0.42592568445693024	0.9996654566602691	0.20626053981566034	0.647577771584554	0.7500974735546196	0.9981563348880957
LEPROT	12.444885949523353	0.3063252478027522	0.7517903901624811	0.6836694485743201	0.9997507862781244	0.027077199536671058	0.7115214178327784	0.9696435477355814	0.9996654566602691	0.2792480482660812	0.7508189479853381	0.709948977483916	0.9981563348880957
LEPROTL1	6.060184341602498	-1.3796623408955433	1.0952934213479806	0.2078035637593162	0.9997507862781244	0.5018093877272761	0.9024013206234752	0.578154605219648	0.9996654566602691	-1.8814717286228193	1.0822653086774354	0.08213031618493018	0.9981563348880957
LGALS1	9.728090011403351	-1.1554798848933212	1.0382727326820238	0.265757105375396	0.9997507862781244	1.4854750463802673	0.8509140890538334	0.08085608295538059	0.9996654566602691	-2.6409549312735887	1.0098560475387164	0.008918054876294046	0.46280988951767643
LGALS3	27.88254998001882	-0.2743354065560133	0.9228616006192606	0.7662634122606173	0.9997507862781244	0.5583326235141876	0.8842447096993834	0.527763851050829	0.9996654566602691	-0.8326680300702008	0.9189961615858759	0.36490273188740874	0.9981563348880957
LGALS3BP	10.794740782308136	1.2250351124020846	0.7077142504550697	0.08345636518158325	0.9997507862781244	0.6386568182426139	0.6762170726772483	0.3449370187405547	0.9996654566602691	0.5863782941594706	0.6847913983777892	0.3918387901392453	0.9981563348880957
LGR4	10.115165468376679	1.8488981982169228	0.7689183204964902	0.016192641570212277	0.9997507862781244	-0.4532348834523157	0.7994195072837051	0.5707447580965643	0.9996654566602691	2.3021330816692385	0.7872788859667934	0.0034538201431109487	0.3636413470659382
LIMA1	5.117692820968593	0.37680541159353637	1.0085891492623913	0.7087045121061093	0.9997507862781244	0.6102158225419079	0.920288558609704	0.5072856620140854	0.9996654566602691	-0.23341041094837156	0.9822853855510107	0.8121760283854437	0.9981563348880957
LIMCH1	4.948078062684797	-0.2236242461932311	0.9519987087810378	0.8142865538035609	0.9997507862781244	-0.523278419995595	0.8841152864980647	0.5539398367958854	0.9996654566602691	0.2996541738023639	0.9705805142230521	0.7575215507861907	0.9981563348880957
LIMS1	4.57341337790319	0.07477788452904152	0.9266012103921096	0.9356795353244396	0.9997507862781244	0.5517466204337361	0.8252024846555038	0.5037381160233378	0.9996654566602691	-0.4769687359046946	0.8997748359851567	0.5960440666643108	0.9981563348880957
LINC-PINT	7.9537193915508295	0.16414034526754798	1.0856313864773564	0.8798231239326987	0.9997507862781244	0.7061418380209233	1.001308511213946	0.480673927290463	0.9996654566602691	-0.5420014927533753	1.067858378565308	0.6117624121821795	0.9981563348880957
LINC00472	26.89522311885003	1.0114206881428334	0.6180007850720989	0.10171387152542348	0.9997507862781244	-0.5049449780279143	0.6152485329313936	0.41180744091466104	0.9996654566602691	1.5163656661707476	0.6266300716278895	0.015525896122513197	0.623790439373877
LINC01116	6.331275730693035	-0.1831642312907412	1.0031713870680357	0.8551235111524462	0.9997507862781244	0.6174585317058108	0.8899206390768934	0.48778537678312817	0.9996654566602691	-0.800622762996552	0.9831070971346731	0.4154272894388964	0.9981563348880957
LINC01320	22.892708155518115	1.0558285767664726	0.7813556974153278	0.1766064734021714	0.9997507862781244	0.011624762740831662	0.7696528627655137	0.9879492865957686	0.9996654566602691	1.0442038140256407	0.7812007178630007	0.18133194601410185	0.9981563348880957
LINC01578	10.571380193308082	-1.3615334933922358	1.0359144862580623	0.18873517361313008	0.9997507862781244	0.08153137580742292	0.9125120746794438	0.9288051330188202	0.9996654566602691	-1.4430648691996588	1.0347951770729422	0.16315413180940364	0.9981563348880957
LINC02381	6.329203978643667	-1.0767066599685802	0.8943496526270214	0.22862861510750998	0.9997507862781244	-0.891125194035627	0.8022046764727784	0.2666349977077316	0.9996654566602691	-0.18558146593295316	0.9191714524497492	0.8399942644442081	0.9981563348880957
LITAF	12.045563582723936	-0.5129524645109571	0.7085331926758981	0.4690878885394054	0.9997507862781244	-0.23151823060810797	0.6419532267613702	0.7183636696199691	0.9996654566602691	-0.2814342339028491	0.7127061573128993	0.6929305948620198	0.9981563348880957
LLGL2	9.969678091818901	1.5550793644531002	0.8512032536303838	0.06771195478984039	0.9997507862781244	-0.44126514199327677	0.8675940548072765	0.6110271294309655	0.9996654566602691	1.9963445064463772	0.8677227301636411	0.021410235450803738	0.7305876233966042
LMAN1	13.401540600349435	0.48935342880473043	0.6650470170480509	0.4618415909409551	0.9997507862781244	-0.43610955945592744	0.643971852812835	0.4982674229866173	0.9996654566602691	0.925462988260658	0.6749665380373779	0.17033622664164727	0.9981563348880957
LMAN2	11.230657831136455	0.2329669184613756	0.7243458579956686	0.7477376578607959	0.9997507862781244	0.07322315342232817	0.677250531317446	0.9139018785305911	0.9996654566602691	0.15974376503904744	0.7219139002775059	0.8248758699317583	0.9981563348880957
LMBRD1	8.519621224965867	0.41565491432440554	0.7291117253396581	0.5686207400636749	0.9997507862781244	-0.28746353847536915	0.6959016687205135	0.6795474996953447	0.9996654566602691	0.7031184527997747	0.7368223748569454	0.33995319478437314	0.9981563348880957
LMNA	19.795390766907794	0.2879647581219188	0.7304357224386842	0.6934061011645387	0.9997507862781244	0.18446061948839731	0.6951369291728529	0.7907331623158441	0.9996654566602691	0.10350413863352147	0.7276714341327445	0.8868902705606594	0.9981563348880957
LMO7	11.262304328451817	1.5516496765166294	0.739126395759462	0.03579026869210599	0.9997507862781244	0.34808269168451	0.7266997916950961	0.6319450002300754	0.9996654566602691	1.2035669848321193	0.7245909306306576	0.09670750170146629	0.9981563348880957
LNPEP	6.521606713675098	-0.5306114592824124	0.9574696260821243	0.5794549912088716	0.9997507862781244	-0.7756450143341544	0.886584721419418	0.3816454793236922	0.9996654566602691	0.2450335550517421	0.9822681997852072	0.8030073957487822	0.9981563348880957
LPP	7.887032780626738	1.0810944993400762	0.8202161926874734	0.18748342279348285	0.9997507862781244	-0.0017617368793001941	0.8009142231537079	0.9982449287551562	0.9996654566602691	1.0828562362193763	0.8176465700076873	0.18538439556900876	0.9981563348880957
LRBA	14.9072308707848	2.066662754057209	0.7963753607394278	0.009456718281829951	0.9466962061229397	0.5305737558447449	0.7935716449774902	0.5037573027984182	0.9996654566602691	1.5360889982124646	0.7786036122931315	0.04850960114721137	0.9981563348880957
LRP10	6.367757677618468	-0.2337141515150104	0.8515060909403778	0.7837223049073665	0.9997507862781244	0.6160011951262186	0.7441168111825343	0.40776756224976074	0.9996654566602691	-0.8497153466412292	0.8302076174907468	0.30607272364780624	0.9981563348880957
LRPAP1	14.382166195800941	0.08907116985502087	0.7947818187823916	0.9107679325846985	0.9997507862781244	0.06963516173412285	0.7512448317280347	0.9261474323012064	0.9996654566602691	0.01943600812089802	0.7935743103168501	0.9804603798622311	0.9981563348880957
LRPPRC	3.445961636095239	0.2954900539733439	1.0730100064144419	0.7830210445047343	0.9997507862781244	-0.0015443217802198043	0.9998399765782472	0.998767612773768	0.9996654566602691	0.2970343757535637	1.0696002670122442	0.7812380802074856	0.9981563348880957
LRRFIP1	18.727814769507958	0.6164564467904765	0.6334140222589068	0.33043985268351883	0.9997507862781244	0.282779779265263	0.6013868470436264	0.6382030066609277	0.9996654566602691	0.33367666752521347	0.6274910055709977	0.5948899665577325	0.9981563348880957
LSM1	4.238873148001518	-0.48414931886906315	0.9682762268518783	0.6170669288752104	0.9997507862781244	-0.8915452834514848	0.9031511300214569	0.32356930161322905	0.9996654566602691	0.4073959645824216	1.0026821067273353	0.6845176245822537	0.9981563348880957
LSM14A	6.127013418521525	0.01662410697979754	0.8534116086606285	0.984458519951154	0.9997507862781244	0.1218931968031366	0.7767457268321515	0.8753015484236474	0.9996654566602691	-0.10526908982333907	0.8469344417935478	0.901082291812	0.9981563348880957
LSM2	7.60810633438585	-1.151442399026541	0.8349651145094718	0.16788533563476815	0.9997507862781244	-0.3852596376375848	0.7234650876009865	0.5943658847921729	0.9996654566602691	-0.7661827613889561	0.8436979764125051	0.363812473617404	0.9981563348880957
LSM3	15.276692588375925	-0.3928265820343912	0.6604320498355889	0.551975549201335	0.9997507862781244	-0.7724674837601897	0.6205607064004192	0.21320911762308214	0.9996654566602691	0.3796409017257985	0.6750519211609078	0.5738518930867429	0.9981563348880957
LSM4	10.241297271983564	-0.2801715889426795	0.734241590207424	0.7027732417375663	0.9997507862781244	-0.09317138429963007	0.669160616468324	0.8892635002431394	0.9996654566602691	-0.18700020464304945	0.7356040800517211	0.7993309190010087	0.9981563348880957
LSM5	10.149568826435718	-0.2632757390213318	0.82290645695496	0.7490183772777124	0.9997507862781244	-0.06949623131761484	0.7538719874986651	0.9265504841917328	0.9996654566602691	-0.1937795077037169	0.8239263959185101	0.8140610235440686	0.9981563348880957
LSM6	4.481831581751474	-1.5590013536561451	1.0924083795129242	0.15354438336843404	0.9997507862781244	0.1824800183234989	0.8898844795072577	0.8375249781824795	0.9996654566602691	-1.741481371979644	1.086255356668061	0.10889115889409348	0.9981563348880957
LSM7	12.844362915315878	0.1959778436548202	0.710139676189475	0.7825704623770846	0.9997507862781244	0.15597749222034596	0.6595811273389738	0.8130605222584194	0.9996654566602691	0.04000035143447425	0.7057912806560267	0.9548045060336366	0.9981563348880957
LSM8	7.492680812628835	-1.1123762203860632	0.8497091286316327	0.19049171022332145	0.9997507862781244	0.32536378752152556	0.7119481691640548	0.6476675380107602	0.9996654566602691	-1.4377400079075886	0.8410668858620707	0.08737241915557079	0.9981563348880957
LSR	4.117112970558231	0.4358387889866633	0.9814739936748146	0.6569951924528519	0.9997507862781244	0.7224030264864857	0.8886951010257943	0.4162865057079267	0.9996654566602691	-0.2865642374998224	0.9443894380010931	0.7615556098344929	0.9981563348880957
LTB	13.881967121151622	-4.141918811124376	2.303809713754433	0.07219978255240608	0.9997507862781244	0.32542234169074175	1.9843969222652489	0.8697385835071841	0.9996654566602691	-4.467341152815117	2.3025265369490424	0.05235648776599951	0.9981563348880957
LUC7L2	8.19152822759262	0.2896400192320294	0.7610629415071998	0.7035201070471101	0.9997507862781244	0.4261426923431901	0.6955804126462892	0.5401122086947016	0.9996654566602691	-0.13650267311116066	0.7461039180839033	0.8548341363196792	0.9981563348880957
LUC7L3	14.55656773753929	-0.5594495894900671	0.6677775581297801	0.40215519288589874	0.9997507862781244	-0.46389745865589965	0.6111539754898314	0.4478216357943485	0.9996654566602691	-0.09555213083416741	0.6761157250756211	0.8876131118917758	0.9981563348880957
LY6E	12.25173138603975	-0.5306894234360123	0.8716707569317221	0.542644642770594	0.9997507862781244	-0.47838280571112407	0.8121692383655348	0.5558487815538606	0.9996654566602691	-0.05230661772488829	0.8803550005970202	0.9526212715288938	0.9981563348880957
LYPLA1	8.859941944386941	-0.2542463844315782	0.7715654573897425	0.741762547338683	0.9997507862781244	0.007216153862779153	0.697483525521611	0.9917452458295766	0.9996654566602691	-0.26146253829435734	0.7701954880197113	0.7342515115926601	0.9981563348880957
LYPLAL1	4.297350674805516	0.03706157958396156	0.9532208438177383	0.9689857667991177	0.9997507862781244	-0.9531590695350178	0.9265674829544376	0.30362112660926555	0.9996654566602691	0.9902206491189793	0.9981854582149186	0.3211874218646368	0.9981563348880957
LYRM2	4.531997870152818	-0.15517347338674023	0.9388540878140621	0.8687238768576682	0.9997507862781244	-0.10480634902500746	0.8554653390380613	0.9024920808696568	0.9996654566602691	-0.05036712436173276	0.9406955694329864	0.9572997268239243	0.9981563348880957
M6PR	5.339066306653453	-0.5904880567844104	0.93217668845188	0.526439308726106	0.9997507862781244	0.6742780961485434	0.7920393859268561	0.3945922306402746	0.9996654566602691	-1.264766152932954	0.9089690734349097	0.16409530105096115	0.9981563348880957
MACF1	11.243872711127446	1.4563370682096235	0.8880792975373885	0.10103162117160584	0.9997507862781244	0.8930690216272511	0.8577462029801958	0.29779156709066057	0.9996654566602691	0.5632680465823724	0.8620776012693435	0.5135085005381028	0.9981563348880957
MAF1	4.91543036876773	-0.6869688652838916	0.8962759385590502	0.44339653198303075	0.9997507862781244	-0.3853673186265171	0.7980656522255124	0.6291832776120343	0.9996654566602691	-0.30160154665737454	0.9078319361983745	0.7397217947520325	0.9981563348880957
MAFB	5.131495353619955	-3.9878284984584855	1.5606187548651613	0.010610033747590127	0.9466962061229397	0.30166366792112487	1.0176421315139996	0.7668987080203526	0.9996654566602691	-4.289492166379611	1.555285702202291	0.00581545736373546	0.4142065723889666
MAFF	4.963739649800033	0.4260908691888401	1.1733076583417528	0.716490166331097	0.9997507862781244	1.2741728219690256	1.0568587203056823	0.22796301776376793	0.9996654566602691	-0.8480819527801854	1.1259299918286427	0.4513129393508426	0.9981563348880957
MAGED2	11.98096243181587	-0.017290090448362928	0.7461450179815375	0.9815126264086314	0.9997507862781244	-0.9855364078939508	0.7237256149195147	0.17327546467975175	0.9996654566602691	0.9682463174455879	0.7687462277632352	0.20784488642155174	0.9981563348880957
MAGEH1	2.8120632211429686	-1.2968100444422896	1.236980299117753	0.2944692837610964	0.9997507862781244	-1.074268561869565	1.102270905919431	0.3297608128872038	0.9996654566602691	-0.2225414825727247	1.2794348241584774	0.8619147113871941	0.9981563348880957
MAGOH	5.304595989089816	-0.17232222942859937	0.9535035323855784	0.8565831848501217	0.9997507862781244	0.5477070816358592	0.8444546187712346	0.5166016902020465	0.9996654566602691	-0.7200293110644587	0.934398476075776	0.44095558115270883	0.9981563348880957
MAGT1	4.8591730943014735	1.031517268801669	1.0481698768700676	0.3250601120146184	0.9997507862781244	0.980140006514081	0.9759695482407417	0.3152469747494814	0.9996654566602691	0.051377262287587946	0.9979617226116979	0.9589412875455131	0.9981563348880957
MAL	61.42961756167001	-0.8161429920743747	0.5626907736704284	0.1469389369286508	0.9997507862781244	-1.304703911677433	0.546165123180015	0.0169014238613431	0.9996654566602691	0.48856091960305836	0.5709557272521396	0.39216945385818847	0.9981563348880957
MAL2	10.95775288227501	-0.15998214550230436	0.9308119208961039	0.8635367753844686	0.9997507862781244	0.004086189135773167	0.8669667694075089	0.9962394231611301	0.9996654566602691	-0.16406833463807755	0.9305490720372676	0.8600476813369867	0.9981563348880957
MALAT1	7957.250126379691	0.4683845366085878	0.6200177766668832	0.44998665777016045	0.9997507862781244	0.10584135281462657	0.6199145212292753	0.8644318275094958	0.9996654566602691	0.3625431837939612	0.6200148395315499	0.5587272106510872	0.9981563348880957
MALSU1	4.148582762067079	0.8231938257008493	1.0087028169838776	0.4144477876353174	0.9997507862781244	0.38979618890098505	0.9510737655774615	0.6819170606244364	0.9996654566602691	0.43339763679986426	0.984117415366877	0.6596530708890784	0.9981563348880957
MAML2	8.999569281302017	4.540443220918889	1.0939365853085405	3.316710386448172e-05	0.016523851145284794	2.139333238657347	1.1180656178503894	0.055693834191938595	0.9996654566602691	2.4011099822615427	0.8606435700618236	0.005272423146459011	0.4142065723889666
MAN1A2	7.021522750618305	0.20361225356650017	0.8059903505728454	0.8005590244845209	0.9997507862781244	-0.6388722553957629	0.7748901133457646	0.40967357852557296	0.9996654566602691	0.8424845089622631	0.8284504569152698	0.3091819150205226	0.9981563348880957
MANF	8.279398020182079	-0.16341824725857096	0.7970757469616406	0.8375547567658221	0.9997507862781244	0.22072214480978683	0.7201574937875933	0.7592304566892959	0.9996654566602691	-0.38414039206835776	0.7904812305021384	0.6269972008534223	0.9981563348880957
MAP1LC3B	14.189472037650363	0.015775947455377998	0.7216085051701293	0.9825578798110107	0.9997507862781244	0.4836437795337572	0.6601396483759591	0.46377888946106305	0.9996654566602691	-0.46786783207837923	0.7121952777601729	0.5112210623251021	0.9981563348880957
MAP2K2	6.369578636094406	0.1933128474635226	0.9014050738743196	0.8301905059739862	0.9997507862781244	0.041176703061830265	0.8377480049845241	0.9607984363453487	0.9996654566602691	0.15213614440169235	0.8986160849479464	0.8655602897954031	0.9981563348880957
MAP3K13	6.881405349588007	-0.38508369870444675	0.8708021583488408	0.6583320353782325	0.9997507862781244	-0.41974046123360903	0.8011434975337953	0.6003295299288642	0.9996654566602691	0.03465676252916225	0.8815009163188496	0.9686387465260823	0.9981563348880957
MAP3K2	6.0178613959672305	0.2511228798499526	0.8351745268475926	0.7636561441615726	0.9997507862781244	-0.21620589930778378	0.7853397125287238	0.7830839289389048	0.9996654566602691	0.46732877915773635	0.8411801980019049	0.5785094808888136	0.9981563348880957
MAP4	8.15913019016019	0.6280916957196725	0.8007289933860862	0.4328055312167316	0.9997507862781244	-0.05895337242003165	0.7654110024460286	0.9386061617713011	0.9996654566602691	0.6870450681397041	0.8009265349602271	0.39099581678313655	0.9981563348880957
MAP9	2.358927618234988	-0.45369215579611183	1.3319307253347459	0.7333840679501547	0.9997507862781244	-0.22047475442038544	1.2011938822966728	0.854369353300806	0.9996654566602691	-0.2332174013757264	1.340102605276229	0.8618422695095773	0.9981563348880957
MAPK1IP1L	7.493776528536837	-0.17612921622179908	0.86291978071926	0.8382687536327642	0.9997507862781244	0.3194122080129993	0.7717877145869503	0.67897650247976	0.9996654566602691	-0.49554142423479836	0.8519606135708883	0.560803616539137	0.9981563348880957
MAPRE1	5.62351275937774	-0.11307392443721599	0.9132165552371144	0.9014582723406224	0.9997507862781244	0.14531813444508027	0.8234567503453815	0.8599221188867925	0.9996654566602691	-0.25839205888229627	0.9058338753081139	0.7754501249085873	0.9981563348880957
MARCH6	6.269928745326464	0.8547540373649136	0.8379961705251103	0.3077296246630432	0.9997507862781244	0.408025321008305	0.7907919348296628	0.6058750033668244	0.9996654566602691	0.44672871635660855	0.8163280017800695	0.5842126969975312	0.9981563348880957
MARCKSL1	9.444202384439345	-1.603714285912514	0.9138875747546816	0.0792889609144399	0.9997507862781244	-0.8292950788457826	0.8011208939350146	0.30059024735831574	0.9996654566602691	-0.7744192070667315	0.929673438655175	0.4048439814904409	0.9981563348880957
MARVELD2	3.3634319870297467	-0.4059314756625018	1.0412441532717893	0.6966457337913553	0.9997507862781244	-0.9924713791400335	0.9849413057153218	0.3136248214509215	0.9996654566602691	0.5865399034775316	1.091274931481316	0.5909351766394886	0.9981563348880957
MAT2A	6.317871745462764	0.27442762425305345	0.8952385066062932	0.7591924980819706	0.9997507862781244	0.9446805810876525	0.79850097114833	0.23678238037371468	0.9996654566602691	-0.6702529568345991	0.860208589265301	0.4358766831047398	0.9981563348880957
MAT2B	4.261197101849768	-0.459845892131113	1.0217759424275448	0.6526774726058323	0.9997507862781244	1.0626735817287971	0.8556805731803446	0.21427178780873735	0.9996654566602691	-1.5225194738599102	0.9779650552122205	0.11951227626940637	0.9981563348880957
MBD4	4.163720576899568	-0.734198195240483	1.0403372635641408	0.48035547598659833	0.9997507862781244	-0.4451684816495776	0.9287514351088996	0.6317114987340764	0.9996654566602691	-0.2890297135909054	1.0552715242178539	0.7841681401724896	0.9981563348880957
MBNL1	9.54810897094611	1.310739686766976	0.8740301565602707	0.13370498117134402	0.9997507862781244	1.0262512267504331	0.8312270335664315	0.2169711975740436	0.9996654566602691	0.284488460016543	0.8398781424555622	0.7348162451681447	0.9981563348880957
MCCD1	5.924841224251698	0.5775108484019422	0.8877425739232323	0.5153443496354562	0.9997507862781244	-0.9355595221237796	0.8903068271294349	0.29333750074698717	0.9996654566602691	1.5130703705257218	0.9299931034578794	0.1037435857369741	0.9981563348880957
MCL1	12.455366239032294	-0.6738545221545459	0.879084929924242	0.44335454658760287	0.9997507862781244	0.7632684741874072	0.7746005600314714	0.32444215700320467	0.9996654566602691	-1.437122996341953	0.8665460125141533	0.0972267270694931	0.9981563348880957
MCRIP1	5.120008864782153	-0.210841053222993	0.9379263942938195	0.8221388476867129	0.9997507862781244	-0.5161175391675079	0.8709843417508136	0.553470231028085	0.9996654566602691	0.30527648594451484	0.9564777742175353	0.7495996066512237	0.9981563348880957
MCRIP2	6.596334962290309	1.0625642793807821	0.8446826138509678	0.2084116440614301	0.9997507862781244	0.2564867930972746	0.8133682689850105	0.7525042238731564	0.9996654566602691	0.8060774862835075	0.8307594469200569	0.33190201888462534	0.9981563348880957
MCTS1	4.636776917467179	-0.053703104908775334	0.9034340929734556	0.9525990246389648	0.9997507862781244	-0.21528448666626887	0.8322580683514318	0.7958858889912241	0.9996654566602691	0.16158138175749354	0.9096147322331002	0.8590079356989979	0.9981563348880957
MCUR1	3.1423557749322892	-0.6659094445434822	1.1510815697368726	0.5629214629914157	0.9997507862781244	-0.2349732881145357	1.0230507904179915	0.8183412100010179	0.9996654566602691	-0.43093615642894656	1.158519447000484	0.7099141075592217	0.9981563348880957
MDH1	16.90196916305122	0.130148990322383	0.719886352209157	0.8565316093220909	0.9997507862781244	0.1422770366389095	0.6779809207788106	0.8337815926117184	0.9996654566602691	-0.0121280463165265	0.7174953566881611	0.9865137522816488	0.9981563348880957
MDH2	10.824975163069338	-0.2539922019215366	0.7434578116054704	0.7326245893963225	0.9997507862781244	-0.26547704325342375	0.6870966792708385	0.6992188936922556	0.9996654566602691	0.011484841331887157	0.7486580810222345	0.987760476495919	0.9981563348880957
MDM4	9.530009986147114	0.06706511840042514	0.8589141143914216	0.9377633935482713	0.9997507862781244	-0.0456893145172453	0.8001797612719034	0.9544664820091192	0.9996654566602691	0.11275443291767044	0.8593380324802063	0.8956085506281702	0.9981563348880957
MEA1	4.9027362467246	-0.05888452801633816	0.9115007385703061	0.948491104271168	0.9997507862781244	-0.6618655533504403	0.8628186548067368	0.44302387875702065	0.9996654566602691	0.602981025334102	0.935752609172241	0.5193285245638197	0.9981563348880957
MEAF6	7.044207949127878	-1.2500631901070756	0.9683886909157517	0.19674901728982763	0.9997507862781244	0.003939618615653092	0.8273028049121567	0.9962004855173996	0.9996654566602691	-1.2540028087227286	0.967785344760866	0.19506342812867694	0.9981563348880957
MECOM	32.74336955034341	1.3155858238278761	0.7363238507887134	0.07398686766590189	0.9997507862781244	-0.08966104559139645	0.732333087265781	0.9025568524080564	0.9996654566602691	1.4052468694192726	0.7375728330230117	0.05675000736298095	0.9981563348880957
MED10	4.514056943984798	-0.07466218537716846	1.0454532465067659	0.9430666026375344	0.9997507862781244	1.1139859011106368	0.9018817727549634	0.21676369708980692	0.9996654566602691	-1.1886480864878053	0.9986442238385633	0.23394350401485053	0.9981563348880957
MED4	6.885133635153569	-0.5766879294394629	0.7953684875686242	0.46841672333016815	0.9997507862781244	-0.34832886333122404	0.7140771221024786	0.6256894845260719	0.9996654566602691	-0.22835906610823892	0.8041650531269012	0.7764330700551262	0.9981563348880957
MEF2A	7.258233974300142	3.137598867957508	1.0786544844154995	0.0036280952160881543	0.5648490739547245	1.076478810395527	1.095460259570663	0.3257685872765965	0.9996654566602691	2.0611200575619812	0.9968736094818423	0.03867914537983118	0.9705772403354409
MESD	4.42644207254647	0.26386049443745635	0.9596107422593947	0.783342226106635	0.9997507862781244	-0.5667708815181822	0.9220025685613241	0.5387414672024988	0.9996654566602691	0.8306313759556386	0.9825503140648413	0.39789700811112605	0.9981563348880957
MEST	5.59149054999395	-1.3112977691278738	1.064213182359413	0.21788340717632737	0.9997507862781244	-1.149810264063152	0.9615219042259892	0.2317655345317685	0.9996654566602691	-0.16148750506472168	1.095611595442508	0.8828203714597174	0.9981563348880957
MET	5.4461189571465205	1.1377971790737402	0.9363801794544979	0.2243272925969363	0.9997507862781244	0.5223281823224033	0.8937173966585154	0.5589213210262645	0.9996654566602691	0.6154689967513369	0.9077571991281103	0.49776497687859667	0.9981563348880957
METAP2	8.009844704327893	-0.2590508783347949	0.8507979530410414	0.7607623013497151	0.9997507862781244	0.36845380259965405	0.7602240599158705	0.6279141762484652	0.9996654566602691	-0.6275046809344489	0.8404672715991185	0.45529655963637106	0.9981563348880957
METTL26	7.845621965657279	0.0015002823713354011	0.7906044305574502	0.9984859034730535	0.9997507862781244	-0.5492109061230674	0.7475137232381214	0.46251197401621746	0.9996654566602691	0.5507111884944028	0.8061519925170054	0.49452111218353734	0.9981563348880957
METTL5	5.67117077448128	-0.7539760783151701	0.8566529003896248	0.37878246407062266	0.9997507862781244	-1.2803005473248463	0.8045249918140341	0.11152532216797992	0.9996654566602691	0.5263244690096761	0.902739989505932	0.5598731250531497	0.9981563348880957
METTL7A	6.844442749499073	0.48943537447500174	0.8782810711104329	0.5773463281009983	0.9997507862781244	-0.43775228596823107	0.8491694163755276	0.6061991843901228	0.9996654566602691	0.9271876604432329	0.893662105976764	0.29949600226413253	0.9981563348880957
METTL9	8.645057126717225	-0.5249176274939503	0.7929552885589997	0.5079863948936086	0.9997507862781244	-0.5592657870095606	0.7278745131951244	0.4422764986590072	0.9996654566602691	0.034348159515610335	0.8062067567678032	0.9660166859095551	0.9981563348880957
MFAP1	3.366216791762702	0.5004477107242544	1.0279259506072222	0.6263632817143846	0.9997507862781244	0.38225289734509177	0.9495050605423883	0.68725633396747	0.9996654566602691	0.1181948133791627	1.0019496919046607	0.9060955341032355	0.9981563348880957
MFF	6.158159941204617	-1.0120995374815167	0.9659002339542702	0.29471679703884435	0.9997507862781244	-0.307716560060304	0.8504003394792548	0.7174648311800902	0.9996654566602691	-0.7043829774212127	0.9730333032001484	0.46912449925967337	0.9981563348880957
MGAT4A	6.392375076676425	1.1588693743592178	0.8848382200060069	0.19029858371640396	0.9997507862781244	0.7384889953144085	0.8365264229760816	0.377342099472984	0.9996654566602691	0.42038037904480924	0.8461352875153864	0.6193131184111866	0.9981563348880957
MGLL	13.68905925227966	0.27583389254386187	0.7380722566384007	0.7086111027304165	0.9997507862781244	-0.05586122552207099	0.7008564196919529	0.936472490283172	0.9996654566602691	0.3316951180659329	0.7388374284592847	0.6534735310386168	0.9981563348880957
MGMT	6.011871357103863	0.5114225511987197	0.8683880353660303	0.5559060802147096	0.9997507862781244	-0.5924467584193426	0.8493784748645304	0.4854860562230552	0.9996654566602691	1.1038693096180623	0.8929192152931746	0.21636651191147582	0.9981563348880957
MGST2	5.489680049557181	-0.128585157073265	0.9383353372704774	0.8910028149062874	0.9997507862781244	0.2815607083877585	0.8408253542424245	0.7377289653448891	0.9996654566602691	-0.4101458654610235	0.926519112886343	0.6580015951211479	0.9981563348880957
MGST3	43.78310831457796	0.0929474990657157	0.7247323559072968	0.897950505240156	0.9997507862781244	-0.16524952456010839	0.7080330085447987	0.8154567126093951	0.9996654566602691	0.2581970236258241	0.7259857379094413	0.7221024918601053	0.9981563348880957
MIA2	6.543575082832826	0.49148773477418345	0.893076892243715	0.5820924916585278	0.9997507862781244	-0.13716630913269706	0.8500502051008129	0.8718078234267618	0.9996654566602691	0.6286540439068805	0.8962761702681302	0.48304928851741913	0.9981563348880957
MICOS10	34.60746665721993	0.3631486512970319	0.5810498408963427	0.5319795288867267	0.9997507862781244	0.31324993776658233	0.5553151473976767	0.5726901673167408	0.9996654566602691	0.04989871353044954	0.5778197706332655	0.93118272231412	0.9981563348880957
MICOS13	23.22169523606394	0.20180728395310527	0.6463824699870178	0.7548806823784617	0.9997507862781244	-0.11203004716692681	0.61746550708397	0.8560259035305252	0.9996654566602691	0.3138373311200321	0.6478718940675557	0.6280930534401885	0.9981563348880957
MICU2	6.295050425725199	-0.021720993505629012	0.8698997249909274	0.9800792618568577	0.9997507862781244	-1.1421481542361247	0.8501964873968655	0.17914469733929506	0.9996654566602691	1.1204271607304956	0.9127803442511101	0.21963912992874546	0.9981563348880957
MIDN	8.371631431859955	-0.9326562326860727	0.8782985045604539	0.28828571132867875	0.9997507862781244	0.10055090276926257	0.7604199651093139	0.8948017791967839	0.9996654566602691	-1.0332071354553352	0.8752952019155023	0.23783722013177533	0.9981563348880957
MIEN1	9.802510740817192	0.19802834418489917	0.7691128708951428	0.796811100648319	0.9997507862781244	0.17928859353997795	0.7120406913163597	0.8011991882519531	0.9996654566602691	0.018739750644921244	0.7634041369230093	0.9804158040717061	0.9981563348880957
MIER1	5.860109507625899	1.0517131041026668	0.9024359615995243	0.24385073555370218	0.9997507862781244	1.145462002453945	0.8331788830622343	0.16919060187709778	0.9996654566602691	-0.09374889835127816	0.8468661175557162	0.9118534789352563	0.9981563348880957
MIF	121.04748901688552	0.2697048880611386	0.5204887420054091	0.6043353257895592	0.9997507862781244	0.12991914825485892	0.5114070576793964	0.7994626931720781	0.9996654566602691	0.1397857398062797	0.5201391579991324	0.7881245267798311	0.9981563348880957
MINDY2	8.667962957150031	0.7104415497127089	0.7942331871786208	0.37105445415761096	0.9997507862781244	-0.38386933821574576	0.775408727999106	0.6205618705530377	0.9996654566602691	1.0943108879284547	0.8066357824139677	0.17489699699447603	0.9981563348880957
MITF	10.592513581617403	1.4282766904840998	0.8186312022137975	0.08103479888736793	0.9997507862781244	-0.3472717920267716	0.8254221172107717	0.673959379056712	0.9996654566602691	1.7755484825108714	0.8299886523452598	0.032415889205808	0.8777482070625908
MKRN1	4.98589197283884	-1.0349820704922017	0.9582857513674046	0.28012663235921	0.9997507862781244	0.017559000153461807	0.8119534297587055	0.9827465927471972	0.9996654566602691	-1.0525410706456637	0.9558511212976807	0.2708288255419756	0.9981563348880957
MLEC	14.641707877714815	-0.24317148436451208	0.7384507873550532	0.7419293124732009	0.9997507862781244	-0.2701448821720711	0.6906122387146323	0.6956736229042322	0.9996654566602691	0.026973397807559005	0.7428966266508902	0.9710364414697521	0.9981563348880957
MLF2	10.443565370079376	-0.08833966227932757	0.7629391115207724	0.9078200745384722	0.9997507862781244	-0.3028518429329264	0.7137052855939386	0.6713197697207816	0.9996654566602691	0.21451218065359884	0.7692196411432347	0.7803446925311708	0.9981563348880957
MMADHC	4.9408904073668225	0.08364491995178548	0.8934398501636289	0.9254100603657688	0.9997507862781244	-0.3721937941864689	0.8388110309030808	0.6572479961235707	0.9996654566602691	0.4558387141382544	0.9061679325732975	0.6149361516244671	0.9981563348880957
MMP24OS	17.225883820523038	0.5382439697773769	0.6991448911482844	0.4413827028106043	0.9997507862781244	0.2456627595922364	0.6656641238606662	0.7120911119106461	0.9996654566602691	0.2925812101851405	0.6943888049679716	0.6734990120416401	0.9981563348880957
MMP7	32.42399795287844	-0.23031852900846975	1.6767471278190327	0.890745990460771	0.9997507862781244	2.528190291799183	1.6264821636287536	0.12009102409287525	0.9996654566602691	-2.7585088208076525	1.665261244415047	0.0976201713429867	0.9981563348880957
MNAT1	7.516142034833275	1.0664184101094607	0.8264409716460495	0.1969206385198745	0.9997507862781244	0.4541909696419718	0.7886699161632965	0.5646862340426599	0.9996654566602691	0.612227440467489	0.80544867577841	0.44719043297379213	0.9981563348880957
MOB1A	5.242855445932977	-0.9558558206418792	1.0058790849800234	0.34197553154674865	0.9997507862781244	0.6519262719814259	0.8338372210767936	0.434309329748075	0.9996654566602691	-1.607782092623305	0.9842298803222258	0.10235478898763102	0.9981563348880957
MOCS2	12.440716464648396	0.7962555892806683	0.7257604944725793	0.27258337640416785	0.9997507862781244	-0.11884946783064801	0.7038724233202134	0.8659139478549862	0.9996654566602691	0.9151050571113164	0.7279530845210129	0.2087197973624857	0.9981563348880957
MORF4L1	28.86362499646307	-0.06813391631308746	0.55499168419394	0.9022926736998954	0.9997507862781244	0.0013787419111731289	0.5200360930778511	0.9978846168368984	0.9996654566602691	-0.0695126582242606	0.5548826712809938	0.9003062263106093	0.9981563348880957
MORF4L2	10.97145276128439	0.13690861829397052	0.7150687058483604	0.8481635028688286	0.9997507862781244	0.2634566892767589	0.6575246221246404	0.6886560469734171	0.9996654566602691	-0.12654807098278842	0.7079651069749406	0.8581347744664184	0.9981563348880957
MORN2	8.320484141214694	-0.021245636749569703	0.9006834345536853	0.9811809643393192	0.9997507862781244	-0.9563083127440057	0.8716313229891575	0.2725768256152328	0.9996654566602691	0.935062675994436	0.928233660186081	0.3137632468797973	0.9981563348880957
MPC1	31.09418513668815	-0.0879751813365391	0.6865498260299683	0.8980373900837421	0.9997507862781244	-0.7899818409373884	0.6692096752947368	0.23781339745870633	0.9996654566602691	0.7020066596008494	0.694718516305606	0.31226021166291607	0.9981563348880957
MPC2	27.638315873580993	-0.6752231670724773	0.7284006163682977	0.35392953112445524	0.9997507862781244	-0.7646655614031728	0.6964642490781028	0.27223720854034805	0.9996654566602691	0.08944239433069553	0.7356741446184657	0.9032325883090788	0.9981563348880957
MPHOSPH8	13.46549677236288	-0.15066280744168475	0.7113703579343037	0.8322690286097307	0.9997507862781244	-0.30441794591881255	0.6632828480115147	0.6462654350678283	0.9996654566602691	0.1537551384771278	0.7171795587321843	0.8302440124772066	0.9981563348880957
MPLKIP	5.357144504250393	0.06590157780189061	0.9515903763342128	0.9447873251296982	0.9997507862781244	0.1600722193100082	0.8711130546037371	0.854204903234737	0.9996654566602691	-0.09417064150811758	0.9443167846856437	0.9205637872176272	0.9981563348880957
MPST	5.0071689358156135	-0.9750094048409856	0.9407457943600831	0.30000542657048324	0.9997507862781244	-0.42208545945180287	0.8213404111215914	0.6073230804134604	0.9996654566602691	-0.5529239453891828	0.9535789852111093	0.5620220206366981	0.9981563348880957
MRFAP1	11.68567601707399	-0.932468147567032	0.6968630280063439	0.18086583805736922	0.9997507862781244	-1.0659130436172526	0.6398556136745167	0.0957403149378183	0.9996654566602691	0.1334448960502207	0.7195765267454743	0.852876716325979	0.9981563348880957
MRPL11	5.572274635235859	-0.45799093843749583	0.8682500864418917	0.5978551977954137	0.9997507862781244	-0.5698921367237162	0.794524817292373	0.4732049357721241	0.9996654566602691	0.11190119828622032	0.8874715260547494	0.899660760230809	0.9981563348880957
MRPL12	6.118290706071705	0.5439480981995496	0.8645100625607681	0.5292193654715712	0.9997507862781244	-0.12234528536568265	0.8240637939085594	0.8819751792853037	0.9996654566602691	0.6662933835652323	0.8669412219370694	0.4421565879472372	0.9981563348880957
MRPL13	8.601767518630904	0.4092586203760873	0.798082616878785	0.6080896042159414	0.9997507862781244	0.18604462357009677	0.746111584690112	0.8030882957533771	0.9996654566602691	0.2232139968059905	0.7911567440171665	0.7778390384345433	0.9981563348880957
MRPL14	6.7584621115367725	-0.35511690401003027	0.8083943334458884	0.6604537876002308	0.9997507862781244	-0.2509483021196234	0.7322571579533798	0.7318202849196396	0.9996654566602691	-0.10416860189040689	0.8146865434827403	0.8982570656037601	0.9981563348880957
MRPL15	6.044417589734981	-0.029635010323215964	0.9110468139900364	0.9740505672998021	0.9997507862781244	-0.30901735682363085	0.8500825789073336	0.7162205716684305	0.9996654566602691	0.2793823465004149	0.9198240264594248	0.7613301255873095	0.9981563348880957
MRPL16	5.237587747630588	-0.19482968222749597	1.036814877510359	0.8509458436230369	0.9997507862781244	-0.024278860581095924	0.9514654254878466	0.979642322850775	0.9996654566602691	-0.17055082164640004	1.0367450740404944	0.8693327960689139	0.9981563348880957
MRPL17	4.630826332101164	0.3611195664844025	0.944327979340212	0.7021579778459036	0.9997507862781244	0.21192263013150736	0.8732226709253479	0.8082453594474756	0.9996654566602691	0.14919693635289516	0.931342336614248	0.8727270021485438	0.9981563348880957
MRPL18	11.338268510448126	0.12766340791284406	0.7732653046600313	0.8688680150393757	0.9997507862781244	0.5597912603136682	0.7075477339296256	0.4288442018676094	0.9996654566602691	-0.4321278524008242	0.760735659717328	0.570008192769978	0.9981563348880957
MRPL19	5.6749566642467295	-0.35745784423646865	0.8281973812561715	0.6660252644191933	0.9997507862781244	-0.4543438728874885	0.7580387542613348	0.5489277743675258	0.9996654566602691	0.09688602865101983	0.8422983287151171	0.9084246821570116	0.9981563348880957
MRPL20	15.902230279796745	-0.07246879767048436	0.6594970019255909	0.9125006153052116	0.9997507862781244	-0.364353568395666	0.6211548465878024	0.5574895401287776	0.9996654566602691	0.29188477072518165	0.6657642421870645	0.6610814027877969	0.9981563348880957
MRPL21	7.8279822702090405	0.10092636930673332	0.8216315808504522	0.9022365494541595	0.9997507862781244	0.037020756509797706	0.7608677509906633	0.9611934671862182	0.9996654566602691	0.06390561279693562	0.8194949776244362	0.9378426086799889	0.9981563348880957
MRPL22	5.938282680356556	0.1837557915033835	0.9151833741362471	0.8408660961859183	0.9997507862781244	0.26208542613801955	0.8423312838295226	0.7556919640671304	0.9996654566602691	-0.07832963463463609	0.9055217539346114	0.9310671978262252	0.9981563348880957
MRPL23	6.467841488501707	0.8206581861981681	0.9111442587266769	0.3677533633076152	0.9997507862781244	0.8105850539915803	0.8483590573502582	0.3393380284570192	0.9996654566602691	0.010073132206587844	0.8806736035107295	0.9908740066805554	0.9981563348880957
MRPL27	9.203751391274004	-0.05168690686511028	0.7633126820266157	0.9460133546521432	0.9997507862781244	-0.09172292214765501	0.7051576296561799	0.8965076013782509	0.9996654566602691	0.040036015282544725	0.764717482614614	0.9582466304605998	0.9981563348880957
MRPL28	7.2905495180795175	0.04559125728896456	0.8054286149217709	0.9548598806454406	0.9997507862781244	-0.9535475630142575	0.7811837255833399	0.22222067653185018	0.9996654566602691	0.999138820303222	0.8374870618033209	0.2328615376444313	0.9981563348880957
MRPL3	4.00933350366876	0.02522604389929635	0.9947688337494084	0.9797688535514892	0.9997507862781244	-0.2248762855305903	0.9234213462002344	0.8075986350046378	0.9996654566602691	0.25010232942988664	1.0018400576546014	0.8028634636639542	0.9981563348880957
MRPL32	7.0748744938725565	-0.4697058003527414	0.8800388853176566	0.5935262695833285	0.9997507862781244	-0.9603460778137575	0.8290657324491219	0.2467223237254913	0.9996654566602691	0.49064027746101607	0.9065029862578147	0.5883386721801953	0.9981563348880957
MRPL33	23.522760837737458	-0.03146874303799819	0.6214997591946183	0.9596175230619771	0.9997507862781244	0.5159090790533165	0.5738955227836573	0.36867400423934704	0.9996654566602691	-0.5473778220913147	0.6147986923411434	0.3732851351600529	0.9981563348880957
MRPL34	11.047626280046588	0.2043959878553675	0.724553117779192	0.7778673059189395	0.9997507862781244	-0.673039329697084	0.6988745376704715	0.33553090032981714	0.9996654566602691	0.8774353175524515	0.7416265360841944	0.236760454324916	0.9981563348880957
MRPL36	7.802894475966107	-0.21255369368142826	0.86968163502361	0.8069179233517597	0.9997507862781244	-0.638102262707515	0.8204398707482967	0.4367127059322603	0.9996654566602691	0.42554856902608684	0.8857230742092091	0.6309051062209659	0.9981563348880957
MRPL38	4.922102044846741	0.29565469061594657	0.9405255168777356	0.753254827699601	0.9997507862781244	0.14409361862751108	0.8728975757926059	0.8688849038902802	0.9996654566602691	0.1515610719884355	0.9331552825191975	0.8709768174879932	0.9981563348880957
MRPL4	5.421148294515102	0.16179326552493334	0.8352620685059476	0.8464079766756307	0.9997507862781244	-0.41140202435755846	0.7900610989870774	0.6025605974026211	0.9996654566602691	0.5731952898824918	0.8498640654667932	0.5000219201263854	0.9981563348880957
MRPL40	8.068719942628361	0.31290027970199463	0.7759948568965472	0.6867829435610137	0.9997507862781244	-0.8935603265751462	0.7621806075584202	0.2410471445601604	0.9996654566602691	1.2064606062771408	0.8060675750566625	0.1344651142190526	0.9981563348880957
MRPL41	20.716219802829798	0.35252281431789534	0.6709400176006006	0.5992938322545813	0.9997507862781244	-0.18739980857403776	0.6458132217411809	0.7716812273506795	0.9996654566602691	0.5399226228919332	0.6737127268547076	0.4228921747474702	0.9981563348880957
MRPL42	7.411959156403309	-0.20929104306634205	0.8346008876568246	0.8019936245985585	0.9997507862781244	-0.1329647640424873	0.7609628394223323	0.8612900103247281	0.9996654566602691	-0.07632627902385475	0.8372336547490589	0.9273616056986188	0.9981563348880957
MRPL43	5.3471744931450536	-0.7554420902883976	1.032028841228606	0.4641703547437672	0.9997507862781244	-0.3520538043878523	0.9288045255268987	0.7046583707299687	0.9996654566602691	-0.4033882859005453	1.0410307360746298	0.6983939943558328	0.9981563348880957
MRPL47	8.380975370510331	0.3272650832431035	0.7831773622824028	0.676043326447272	0.9997507862781244	-0.18832163142771316	0.7408615169451298	0.7993466460811297	0.9996654566602691	0.5155867146708167	0.7875864453386154	0.5126986449092338	0.9981563348880957
MRPL51	14.63636123162626	-0.7401692961863718	0.7322057300174056	0.3120757189978911	0.9997507862781244	-0.6106953057707359	0.6756157310582144	0.3660435262411764	0.9996654566602691	-0.12947399041563587	0.7419217655331778	0.8614633769930518	0.9981563348880957
MRPL52	11.539142995527257	0.028988768493264157	0.7291792199612204	0.9682881808310694	0.9997507862781244	-0.4204945788045405	0.6881097901352007	0.5411423401968282	0.9996654566602691	0.4494833472978047	0.7387546096993141	0.5428997343799437	0.9981563348880957
MRPL54	6.198279821963695	-1.2248182251250768	0.9868216799440741	0.21454117302093523	0.9997507862781244	-0.28744576231209784	0.8563963644362177	0.7371380530948093	0.9996654566602691	-0.9373724628129789	0.9932061413418816	0.34527983366488346	0.9981563348880957
MRPL55	10.508249146147778	0.25274431158648625	0.7894233671710338	0.7488446180302297	0.9997507862781244	0.3323305908660739	0.7309452108628651	0.6493548057834124	0.9996654566602691	-0.07958627927958768	0.7804137518355801	0.9187728705122319	0.9981563348880957
MRPL57	12.126509869086917	-0.31103461965930296	0.7432196680450307	0.6755843516875772	0.9997507862781244	-0.507481939676494	0.694850536386348	0.46517816323001837	0.9996654566602691	0.19644732001719106	0.753070709003781	0.794199146414841	0.9981563348880957
MRPS12	6.564168327723276	-0.14419206890521558	0.790923219904811	0.8553405857016833	0.9997507862781244	-0.9668259543524158	0.7591223361458476	0.20280159369189243	0.9996654566602691	0.8226338854472003	0.8254523585410487	0.3189657270337304	0.9981563348880957
MRPS15	4.677226931129012	0.020949832179501228	1.0202986317017342	0.9836181558607988	0.9997507862781244	0.010189830255671316	0.9421940293275036	0.9913710451400386	0.9996654566602691	0.010760001923829914	1.0187057068681935	0.9915725614189393	0.9981563348880957
MRPS16	8.24896570442489	0.3337436334835142	0.814940614114611	0.6821498517915467	0.9997507862781244	0.0390090219894541	0.7632856526502134	0.9592404855295016	0.9996654566602691	0.2947346114940601	0.812282663311876	0.7167189189738098	0.9981563348880957
MRPS18A	4.0409955815022185	0.49893741351481097	0.9976920321796385	0.6170105743262011	0.9997507862781244	-0.3880038641803891	0.9629111545403739	0.6869859133039082	0.9996654566602691	0.8869412776952001	1.014408867050366	0.38193149642062973	0.9981563348880957
MRPS18B	8.462788155511708	0.4848908908832662	0.7739106561117118	0.5309566503762235	0.9997507862781244	-0.016985089747233124	0.7330485486289275	0.9815142825530863	0.9996654566602691	0.5018759806304993	0.772972311441207	0.5161569773234375	0.9981563348880957
MRPS18C	8.586941584066816	0.33212040400561504	0.7481618451025394	0.6571039053732981	0.9997507862781244	-0.05184255629846628	0.7027069185186513	0.9411890197546101	0.9996654566602691	0.38396296030408134	0.7481696549275888	0.6078092819493786	0.9981563348880957
MRPS21	16.901988528785978	0.1438288283453556	0.675962349130943	0.8315013801975685	0.9997507862781244	0.42790608742397684	0.6256523262190249	0.4940156427127297	0.9996654566602691	-0.28407725907862125	0.6683119006213317	0.6707879159673462	0.9981563348880957
MRPS24	21.934804116061997	-0.07600589142646474	0.6334963514113909	0.9045002426674048	0.9997507862781244	-0.6407937523048126	0.6072425967987155	0.29131024755000445	0.9996654566602691	0.5647878608783479	0.6428807623582715	0.3796580000234937	0.9981563348880957
MRPS25	7.499092479837257	0.4929197107680352	0.794351930089269	0.5349084887218275	0.9997507862781244	0.1440622573573743	0.7457406465211655	0.8468179181618622	0.9996654566602691	0.34885745341066093	0.787733585230927	0.6578653872070546	0.9981563348880957
MRPS26	5.833725059337656	-0.7958360275797218	1.0120304568986782	0.43164749135661973	0.9997507862781244	-1.4008053526584512	0.9587806523195482	0.1440077650013062	0.9996654566602691	0.6049693250787294	1.0536199851502492	0.5658448445879094	0.9981563348880957
MRPS28	5.445420555394889	-0.023271175260062595	0.8665330678249938	0.978574989819831	0.9997507862781244	-0.5029638720841345	0.8141251914249265	0.5367093465378628	0.9996654566602691	0.47969269682407195	0.8839806968926724	0.587370360802048	0.9981563348880957
MRPS31	5.052598427488178	-0.9198684451337973	0.9126238895964955	0.31348415011700104	0.9997507862781244	-0.12614184918382282	0.786625761642032	0.8725989570982348	0.9996654566602691	-0.7937265959499745	0.9149349438625589	0.38565582142309296	0.9981563348880957
MRPS33	9.106266760305168	-0.06898223808438331	0.7582288626857717	0.9275099749492759	0.9997507862781244	0.18810264268084903	0.6892054978930886	0.784909494270885	0.9996654566602691	-0.25708488076523234	0.7523900038192552	0.7325834578951834	0.9981563348880957
MRPS34	10.64614371923928	0.020553945536662274	0.7230118574086343	0.977320611040105	0.9997507862781244	-0.342754256992362	0.6788099328337334	0.6136051489190109	0.9996654566602691	0.3633082025290243	0.730677575805394	0.6190332453759899	0.9981563348880957
MRPS35	6.11355263718631	-0.12561968482655483	0.9206996366840585	0.8914739463803016	0.9997507862781244	-0.7506011586887039	0.8745203935458745	0.39072663697388044	0.9996654566602691	0.6249814738621491	0.9443305350421408	0.5080834381427777	0.9981563348880957
MRPS36	11.344458534571245	0.2574499117709694	0.8307708850123198	0.7566424818510942	0.9997507862781244	-0.24491394828139082	0.793409372579888	0.7575607946019255	0.9996654566602691	0.5023638600523602	0.8359196089547485	0.5478589698353127	0.9981563348880957
MRPS5	6.507600785566067	-0.8523444251643671	0.9567622235667073	0.37300246994598374	0.9997507862781244	-0.28686757006618335	0.854702815162883	0.7371466649961469	0.9996654566602691	-0.5654768550981838	0.9631389659104296	0.557124018882059	0.9981563348880957
MRPS6	29.650217225111906	-0.6519196945758331	0.6308597161354506	0.30142470737364335	0.9997507862781244	-1.4177352797043503	0.6105141563707986	0.020222230196638605	0.9996654566602691	0.7658155851285172	0.647450697585401	0.236881746931364	0.9981563348880957
MRPS7	7.606144490969115	-0.07116783328937686	0.8392032965192568	0.9324171784717141	0.9997507862781244	-0.04769792387746824	0.7721406450953274	0.9507431104307236	0.9996654566602691	-0.023469909411908612	0.8394826152091496	0.9776959774787186	0.9981563348880957
MRPS9	4.332625555493049	0.3220647668918965	1.048843269496234	0.7587926577813789	0.9997507862781244	0.14061896498508156	0.97762448312652	0.8856288680808861	0.9996654566602691	0.18144580190681495	1.0416365077521683	0.8617137762840685	0.9981563348880957
MSI2	13.754388991560852	1.1548136671951805	0.7071207659692874	0.10244358203318027	0.9997507862781244	0.6517032250396343	0.6763745593545729	0.3352845487533438	0.9996654566602691	0.5031104421555461	0.6890170845388062	0.46527666456232863	0.9981563348880957
MSN	5.3551163398450905	-0.40636437234450135	0.9626231823089113	0.6729208448558681	0.9997507862781244	0.27592839884622394	0.8509592137652959	0.7457444347995081	0.9996654566602691	-0.6822927711907252	0.9527428322282351	0.4739078106232374	0.9981563348880957
MSRB2	6.05071107370392	0.19542598748069923	0.8113334093291525	0.8096557698911313	0.9997507862781244	0.14894486462403378	0.7447840305475095	0.8414931206982157	0.9996654566602691	0.04648112285666544	0.8030565734537218	0.9538440074018106	0.9981563348880957
MT-ATP6	1431.5547649189793	0.0405035141550589	0.6993772786371084	0.953817383795835	0.9997507862781244	0.2462731918953198	0.6986081235391198	0.7244484764361216	0.9996654566602691	-0.2057696777402609	0.6993348698681419	0.7685773735976487	0.9981563348880957
MT-CO1	3955.533599824739	0.575428592599385	0.5612625932340417	0.3052501843533231	0.9997507862781244	-0.18496039643932577	0.5610980559445189	0.7416719499395821	0.9996654566602691	0.7603889890387108	0.5612885110180925	0.1755066598482654	0.9981563348880957
MT-CO2	2326.056055019542	1.1675750419518367	0.46873783404052527	0.012742305953712712	0.9997507862781244	0.2591488490861601	0.46847952704085166	0.5801469649371849	0.9996654566602691	0.9084261928656765	0.4686806152598363	0.05259117071929974	0.9981563348880957
MT-CO3	2986.7982847835415	-0.04225817865617776	0.7111507620195572	0.9526157911108109	0.9997507862781244	-0.39791964303020655	0.7108804459802444	0.575645833244236	0.9996654566602691	0.3556614643740288	0.7111967793540094	0.6170126308209429	0.9981563348880957
MT-CYB	1553.9667867757207	0.4922609257171461	0.5744595222144309	0.3914938401555551	0.9997507862781244	-0.3874831260198632	0.5740904010421394	0.499706635938429	0.9996654566602691	0.8797440517370093	0.5745825406381898	0.1257443685716412	0.9981563348880957
MT-ND1	1065.5018213567394	0.8442309360139184	0.5722274844137993	0.14012076347656388	0.9997507862781244	-0.2881133793109431	0.5718649376368218	0.6143923128225752	0.9996654566602691	1.1323443153248616	0.5723792214605842	0.04789359249836136	0.9981563348880957
MT-ND2	1081.0286929557037	0.6465486257006984	0.7102147037713935	0.3626344908244311	0.9997507862781244	-0.3601547553305793	0.7098561984821563	0.6119001567821182	0.9996654566602691	1.0067033810312775	0.7103546600289629	0.15642908803233632	0.9981563348880957
MT-ND3	901.7151913320877	-0.3173431310779044	0.7969359258962777	0.6904797643727207	0.9997507862781244	0.19407808721333494	0.7955906579111591	0.8072756322603915	0.9996654566602691	-0.5114212182912393	0.7968948811083971	0.5210241686776242	0.9981563348880957
MT-ND4	2044.0815662669343	0.7549016067179046	0.4877086342917411	0.12165752773779945	0.9997507862781244	-0.10179880257294639	0.4873877619346075	0.8345527342328618	0.9996654566602691	0.8567004092908511	0.4877464514426901	0.07901224727237495	0.9981563348880957
MT-ND4L	70.96402858693678	0.733464236601049	0.704459490993308	0.29779524124305934	0.9997507862781244	0.7993482569459514	0.6923896086323301	0.24830443863009055	0.9996654566602691	-0.06588402034490239	0.7008145860453092	0.9251007130735253	0.9981563348880957
MT-ND5	294.4402658204074	0.36779863217215625	0.5826293799079603	0.5278615489891613	0.9997507862781244	-0.11614534283566046	0.579885391656632	0.8412536511253949	0.9996654566602691	0.4839439750078167	0.5828395984781177	0.4063573017230653	0.9981563348880957
MT-ND6	24.15726897615795	0.2965083299435222	0.682169690000085	0.6638130119266167	0.9997507862781244	-0.2709116174751279	0.6591914060502998	0.6810903887270325	0.9996654566602691	0.5674199474186502	0.6859049625257505	0.4080911907680379	0.9981563348880957
MT1E	28.8948425632599	0.7711254580318487	0.608955168469472	0.20540244805956953	0.9997507862781244	0.9430052726950179	0.5775370600341851	0.1025100612807176	0.9996654566602691	-0.17187981466316918	0.5965056644114727	0.77323614542883	0.9981563348880957
MT1F	10.65495213553558	-0.03890773154392301	0.8036710777221568	0.961387491979735	0.9997507862781244	0.15864220024680376	0.7401814916024567	0.8302906718697793	0.9996654566602691	-0.19754993179072677	0.7995877972814348	0.8048581401755944	0.9981563348880957
MT1G	13.04859491483297	0.4344686574904923	0.8539049993317175	0.6108909467667174	0.9997507862781244	1.4433343488223533	0.7814913688694354	0.06476201692323208	0.9996654566602691	-1.008865691331861	0.8263080042981839	0.2221118557162347	0.9981563348880957
MT1X	13.927565327034875	1.1247228130934936	0.7472964946866959	0.13230976938781158	0.9997507862781244	1.5974897274684448	0.6950271278360157	0.021535812156135134	0.9996654566602691	-0.4727669143749511	0.7096324419382478	0.5052744637134322	0.9981563348880957
MT2A	58.982835293904245	0.557137723550972	0.6421392328913305	0.38559823030639173	0.9997507862781244	1.1590337478892134	0.6213076235895072	0.06211487380889887	0.9996654566602691	-0.6018960243382413	0.6354559269282881	0.3435431527485935	0.9981563348880957
MTCH1	6.651438602581029	-0.15944365505261995	1.043133371915363	0.8785160229836674	0.9997507862781244	-0.052314476097055515	0.9714894202097876	0.9570548609946076	0.9996654566602691	-0.10712917895556442	1.0441253769283585	0.9182789869313125	0.9981563348880957
MTCH2	5.387708267561355	0.24305584259695445	0.8513057808822595	0.7752538679348657	0.9997507862781244	-0.6569814403915498	0.8220946385299661	0.4242002595777312	0.9996654566602691	0.9000372829885043	0.8775566163641686	0.305071990553035	0.9981563348880957
MTDH	16.40964014963549	-0.0065965321570399865	0.6587106836829469	0.9920098712192789	0.9997507862781244	-0.12497259384074995	0.6166355046726393	0.8393941442092201	0.9996654566602691	0.11837606168370998	0.6605854482462757	0.857781674804247	0.9981563348880957
MTHFD2L	4.844867917438824	1.1007137600214647	0.9218396877986568	0.2324621946125618	0.9997507862781244	0.13959371891367237	0.8949744104295978	0.8760526520477836	0.9996654566602691	0.9611200411077924	0.9101323788716826	0.2909580503704634	0.9981563348880957
MTHFS	5.002159093407709	-0.21792042832105837	0.9287082209027316	0.8144811972051542	0.9997507862781244	0.3467109056989985	0.8228770428712635	0.6735069208594524	0.9996654566602691	-0.5646313340200568	0.9142666058177805	0.536853267515665	0.9981563348880957
MTIF3	7.30710216145275	0.28875278164325296	0.8572606204540857	0.7362435730460526	0.9997507862781244	-0.2111654120195704	0.8116427400751854	0.7947323397247208	0.9996654566602691	0.49991819366282336	0.8626498375044674	0.5622419839699502	0.9981563348880957
MTPN	5.8491904643695944	-1.209585265969438	1.0094612626911486	0.230820357776096	0.9997507862781244	0.0593685321650268	0.8605522227465918	0.9449984726087358	0.9996654566602691	-1.2689537981344647	1.0073915260102164	0.20779813532968705	0.9981563348880957
MTR	6.496870372488384	1.0775031237588026	0.8364245179875843	0.19766758984045785	0.9997507862781244	1.0347602059109815	0.7770403089446911	0.18296910094886365	0.9996654566602691	0.042742917847821235	0.7891357515114609	0.9568043317730186	0.9981563348880957
MTRES1	3.2032694732100513	0.18262381626649474	1.0393988020400144	0.860528541732722	0.9997507862781244	-0.03853766455787503	0.9629216950540563	0.9680759077252686	0.9996654566602691	0.2211614808243698	1.037708463647784	0.831229567231913	0.9981563348880957
MTRNR2L12	63.8117104175858	2.501896787691497	1.8718829188857262	0.18136404293334618	0.9997507862781244	4.318412217528048	1.8598990462442666	0.020240851213213347	0.9996654566602691	-1.8165154298365513	1.8506852327373522	0.3263281578651399	0.9981563348880957
MTRNR2L8	25.310784635296653	0.3580770263044519	1.6034186716785992	0.8232857012301877	0.9997507862781244	0.8216350343823552	1.5834554931557046	0.6038392954392392	0.9996654566602691	-0.46355800807790337	1.5992024432786112	0.7719170347724585	0.9981563348880957
MTURN	12.85048334840115	0.43906538089658387	0.734292951330831	0.5498779207992353	0.9997507862781244	-0.7112178894057969	0.7189320386903629	0.3225310636560895	0.9996654566602691	1.1502832703023806	0.7521764230138637	0.1261967223574205	0.9981563348880957
MTX2	4.663963912410818	0.5874056979280322	0.9701945779815694	0.5448790851962815	0.9997507862781244	-0.36901658059773224	0.9398338353935208	0.6945852160077628	0.9996654566602691	0.9564222785257643	0.984211713758626	0.33116758161058213	0.9981563348880957
MUC1	38.97075175722617	-0.014105440126621302	0.605893847471859	0.9814266204930527	0.9997507862781244	0.4909870509529815	0.5728843894706588	0.39142064311631264	0.9996654566602691	-0.5050924910796027	0.6018629449057274	0.4013485970424968	0.9981563348880957
MVB12A	4.561849501233326	-0.5077785642205553	0.9704869588058445	0.6008208943035973	0.9997507862781244	0.034440803207759836	0.8555849525273244	0.9678905460841766	0.9996654566602691	-0.5422193674283152	0.9671039896808777	0.5750273349585711	0.9981563348880957
MYCBP2	5.987734341901305	-0.21847906135192974	0.9057771237200655	0.8093953030267116	0.9997507862781244	0.4221398891814154	0.8031950263580985	0.5991829567022903	0.9996654566602691	-0.640618950533345	0.8909811405065277	0.4721384920422965	0.9981563348880957
MYDGF	6.490847916171825	0.05962910832305555	0.8732000598719639	0.9455563558089797	0.9997507862781244	0.19354990688968485	0.7999774243178253	0.8088233920261089	0.9996654566602691	-0.13392079856662928	0.8661566543959343	0.8771248553447636	0.9981563348880957
MYH10	5.325509114398247	1.4703652596066605	0.974046459885615	0.13116001116325837	0.9997507862781244	0.7052683347142622	0.9380429485668436	0.45214079259529505	0.9996654566602691	0.7650969248923984	0.9312716021809807	0.4113264899967882	0.9981563348880957
MYH9	8.11068958248163	-0.05078038458122816	0.87477320424324	0.9537089834493258	0.9997507862781244	0.6396531079271839	0.7824135155727359	0.41362080356929265	0.9996654566602691	-0.6904334925084121	0.8564733269814109	0.420164765469509	0.9981563348880957
MYL12A	34.294436786030374	-0.9133044910589659	0.6526418684099936	0.16169423313608677	0.9997507862781244	0.5246029530191754	0.593600647036794	0.37682355927623634	0.9996654566602691	-1.4379074440781412	0.6488050376867283	0.026675094309898985	0.8103373161702241
MYL12B	54.20329455376672	-0.5132547169163632	0.5269405497536445	0.33004276202827143	0.9997507862781244	0.18949547437051914	0.49469804248474136	0.7016806093965967	0.9996654566602691	-0.7027501912868823	0.5258511760125885	0.181416901620022	0.9981563348880957
MYL6	92.39223151350888	-0.19785654329274688	0.49243270507683257	0.6878355829270284	0.9997507862781244	0.08131472239266155	0.47569567528507917	0.8642720951065159	0.9996654566602691	-0.2791712656854084	0.4921863017646146	0.5705738977791894	0.9981563348880957
MYL6B	7.195956922090626	-1.2386675341105504	0.8896434035705048	0.1638257796028203	0.9997507862781244	-0.5194529717167415	0.7721594364126716	0.5011205993695877	0.9996654566602691	-0.7192145623938089	0.9023920122250335	0.4254457998010067	0.9981563348880957
MYO6	9.913165195844847	0.9453295210706889	0.7648319112213655	0.21645988618054968	0.9997507862781244	-0.4806842165452742	0.7597182288303166	0.5269205486353867	0.9996654566602691	1.4260137376159632	0.7802515894299829	0.06760461416782722	0.9981563348880957
MZT2A	9.20810673252918	-1.0308126341509714	0.7764275289338973	0.18429860051759872	0.9997507862781244	-0.11289765260452908	0.671849026225785	0.8665516444765464	0.9996654566602691	-0.9179149815464422	0.7781603598783211	0.23816086625707245	0.9981563348880957
MZT2B	23.049234027482104	-0.38625197179408466	0.6478238494234921	0.5510216300918923	0.9997507862781244	-0.17371335474722271	0.6048948225586266	0.7739749301725349	0.9996654566602691	-0.21253861704686197	0.649923844375907	0.7436521514937842	0.9981563348880957
N4BP2L2	33.40302741216667	0.41027397653369163	0.6537096623169948	0.5302602025783488	0.9997507862781244	-0.37176264216277366	0.6389364142127172	0.5606703685820994	0.9996654566602691	0.7820366186964653	0.657920954357806	0.23457809604549407	0.9981563348880957
NAA10	4.679610337060986	0.2634783143464226	0.9110008082245361	0.772414152812683	0.9997507862781244	0.3120088457556468	0.8325750765928223	0.7078452095780751	0.9996654566602691	-0.0485305314092242	0.8944483241239239	0.9567300084297433	0.9981563348880957
NAA20	9.590473309667273	0.5942410768029724	0.7786629229274156	0.44537052283258716	0.9997507862781244	0.2795387383549449	0.7343338091030889	0.7034482462490167	0.9996654566602691	0.3147023384480275	0.7698176957300967	0.6826856157786909	0.9981563348880957
NAA38	15.972225207241012	-0.7139202283152672	0.7369730381791542	0.3326851095651254	0.9997507862781244	0.001768228370795779	0.668152533819024	0.9978884455288607	0.9996654566602691	-0.7156884566860631	0.7368919656727672	0.3314358706215418	0.9981563348880957
NACA	88.24343782313413	-0.47687062833972954	0.5483981664488897	0.38453540373833495	0.9997507862781244	-0.13609068594809376	0.5308657185254017	0.7976758523981718	0.9996654566602691	-0.3407799423916358	0.5490361886620724	0.534805203889728	0.9981563348880957
NAP1L1	18.137819776849117	-0.5971315473005662	0.674032073951057	0.3756661927989354	0.9997507862781244	-0.11823002141576856	0.6143259318075434	0.8473859103744708	0.9996654566602691	-0.4789015258847976	0.6756095948566517	0.4784215485055786	0.9981563348880957
NAP1L4	6.178513061665315	0.6594496099683269	0.939761382649693	0.48285363020814565	0.9997507862781244	0.23406993882486907	0.888992014329098	0.7923207975472619	0.9996654566602691	0.4253796711434578	0.9294176445773377	0.6471794182600749	0.9981563348880957
NAPA	5.191198255752496	-0.11579127479501634	1.0612928310833531	0.9131200159277236	0.9997507862781244	0.9265986840590412	0.9366271366267365	0.3225198005067349	0.9996654566602691	-1.0423899588540577	1.0319887419037679	0.3124575341982354	0.9981563348880957
NARS	11.125092895746695	0.5747833325507594	0.7604118844741118	0.4497186249565971	0.9997507862781244	0.15214752271287477	0.7212542547344032	0.8329274368667521	0.9996654566602691	0.4226358098378846	0.7555221804951218	0.5758917397850978	0.9981563348880957
NASP	7.237054886394985	0.3284299487090685	0.9775174034612041	0.7368831314716004	0.9997507862781244	0.2854792546712565	0.9107775114367795	0.753942101908724	0.9996654566602691	0.042950694037812	0.9676439729039099	0.9645960219498827	0.9981563348880957
NAXE	8.717154842243504	0.7216687418214245	0.8198970049246502	0.3787540135791537	0.9997507862781244	-0.018503120754560398	0.7890659346144027	0.9812918023162591	0.9996654566602691	0.7401718625759849	0.8193885387013458	0.3663549142500989	0.9981563348880957
NBDY	12.549832191997602	-0.01456996333409466	0.7724063079931383	0.9849503307906762	0.9997507862781244	-0.2564112967460282	0.7275102882856291	0.7245005051829622	0.9996654566602691	0.24184133341193356	0.7773074604249949	0.7557040807479947	0.9981563348880957
NBEAL1	9.1578024294526	2.0160941510591086	0.8430632349149808	0.0167846497729174	0.9997507862781244	0.12545147831205256	0.8552518744593723	0.8833817136151129	0.9996654566602691	1.890642672747056	0.8332954082633515	0.023275961025600853	0.7688215037581203
NCBP2	2.9231347373592946	-0.907665073202504	1.192014062357764	0.4463853444915087	0.9997507862781244	0.2942504190496489	1.0076224730409475	0.770267914362747	0.9996654566602691	-1.201915492252153	1.1783545304983982	0.307730927492879	0.9981563348880957
NCBP2AS2	4.656539978224145	-0.6463645516746549	0.937862390565636	0.4907042653159547	0.9997507862781244	-0.6075139110993464	0.8495959551355365	0.47457064012211325	0.9996654566602691	-0.0388506405753086	0.958316920836029	0.9676622246878259	0.9981563348880957
NCKAP1	5.582107117893958	0.5863585925744866	0.8927215995035822	0.511295804331642	0.9997507862781244	0.05665991440030008	0.844303655718569	0.9464953624698985	0.9996654566602691	0.5296986781741866	0.8863638684432527	0.5501011187727627	0.9981563348880957
NCL	21.610247759629615	-0.5780294249528448	0.6197148486256766	0.35095706272418614	0.9997507862781244	-0.6027735330437962	0.577289026289961	0.29641824251643323	0.9996654566602691	0.024744108090951428	0.6279450725104783	0.9685675792736103	0.9981563348880957
NCOA4	4.790612760656158	-0.4087356693118307	0.972272513213132	0.6741990490355783	0.9997507862781244	0.07455036791777264	0.8598827530041522	0.9309113323259777	0.9996654566602691	-0.48328603722960334	0.9668250967982008	0.6171672174953506	0.9981563348880957
NCOA7	11.734212603710935	1.5274591084939462	0.9219228200513844	0.09755610436685011	0.9997507862781244	0.36699072615902656	0.907971268833407	0.6860747729609057	0.9996654566602691	1.1604683823349196	0.9107496346463282	0.2025959695429268	0.9981563348880957
NCOR1	12.407020657456206	1.6685673623869066	0.8030609041085657	0.037731522680861565	0.9997507862781244	0.5526007228035165	0.7884311953363188	0.4833738960959667	0.9996654566602691	1.11596663958339	0.7847101683983575	0.15498601190793526	0.9981563348880957
NDFIP1	15.790248790536014	0.5059980220949314	0.6894046709436201	0.46297084524724486	0.9997507862781244	-0.2974130676716353	0.6662918156356299	0.6553295768538119	0.9996654566602691	0.8034110897665666	0.6951875487949595	0.24781398860874748	0.9981563348880957
NDRG1	10.984688162281342	0.16205020880275348	0.8644829490636023	0.8513052111246522	0.9997507862781244	-0.21668368946539687	0.8196326063756073	0.7914972537500908	0.9996654566602691	0.3787338982681504	0.869231389023955	0.6630462396865772	0.9981563348880957
NDRG2	8.878266337123456	1.2559932879183306	0.7935620884139464	0.1134833726980054	0.9997507862781244	-0.22382258219182638	0.7900989375258937	0.776958952352496	0.9996654566602691	1.479815870110157	0.8000098317266353	0.0643500078291725	0.9981563348880957
NDUFA1	51.699439697706026	0.042517956822257265	0.6020633907612343	0.9436998749661065	0.9997507862781244	0.4927672028556453	0.5772350745997724	0.3932888818831902	0.9996654566602691	-0.450249246033388	0.5990364573982496	0.4522781423415062	0.9981563348880957
NDUFA10	10.748004286785761	0.4530568858114404	0.7515676342809757	0.5466311982574747	0.9997507862781244	-0.22780889428961865	0.720150261591998	0.7517480779356562	0.9996654566602691	0.6808657801010591	0.7566179777068873	0.36818383722384196	0.9981563348880957
NDUFA11	32.180913467517826	0.2543040866748654	0.5902192212745422	0.6665674184528692	0.9997507862781244	-0.04516947805661218	0.5665056325597139	0.9364492134271875	0.9996654566602691	0.2994735647314776	0.5907383590220009	0.6121913821086702	0.9981563348880957
NDUFA12	14.833461194270136	0.03813538615165795	0.7574305089338966	0.9598447845745728	0.9997507862781244	-0.6022348752309478	0.728746351716272	0.40857808705723175	0.9996654566602691	0.6403702613826058	0.7681256909575054	0.40446189237528907	0.9981563348880957
NDUFA13	63.93617553202585	0.14002823978017018	0.5839113462952485	0.8104769437584345	0.9997507862781244	-0.21866253804985253	0.5707296493708767	0.7016248220907622	0.9996654566602691	0.3586907778300227	0.5853027542527761	0.5399891013497036	0.9981563348880957
NDUFA2	21.253798105072626	-0.06200731014038059	0.6592217822362554	0.9250603991238017	0.9997507862781244	0.05260303692656923	0.617956621812572	0.9321626849416872	0.9996654566602691	-0.11461034706694982	0.6584187663706379	0.8618111749901238	0.9981563348880957
NDUFA3	28.15054642108711	0.3355631349566158	0.5932676313815599	0.5716531635901914	0.9997507862781244	0.45954684006655555	0.5595647956914529	0.41149955454852716	0.9996654566602691	-0.12398370510993971	0.5874052691759604	0.8328325498381375	0.9981563348880957
NDUFA4	114.90221793050341	0.0767124938304928	0.5900304365671104	0.8965549793494505	0.9997507862781244	-0.17502817409755464	0.5817452854516607	0.7635156330069675	0.9996654566602691	0.25174066792804745	0.5906851972739554	0.6699736669999663	0.9981563348880957
NDUFA5	24.795774807846847	0.05697066062341618	0.7099909683917905	0.9360452735689601	0.9997507862781244	-0.3309863398987745	0.6844070175531969	0.6286624045847715	0.9996654566602691	0.3879570005221907	0.7140126944065018	0.5868905770147489	0.9981563348880957
NDUFA6	26.52416090353168	0.4853648744919923	0.6444688011735081	0.45137544734533463	0.9997507862781244	-0.280905150166208	0.6272862203079019	0.6542902016757539	0.9996654566602691	0.7662700246582004	0.6482217027410725	0.23716164840936094	0.9981563348880957
NDUFA7	12.834263797149827	-0.533508459430641	0.7395506791335061	0.4706662747893562	0.9997507862781244	-0.7401171733354593	0.6911342795163482	0.2842264503819192	0.9996654566602691	0.20660871390481836	0.7533039309930217	0.7838770917220377	0.9981563348880957
NDUFA8	12.261168458832287	-0.0070243379598689095	0.7821332739963703	0.9928342960820268	0.9997507862781244	-0.5055698416906618	0.7455321318957429	0.49768745348522003	0.9996654566602691	0.4985455037307928	0.7921845779137396	0.5291330487044346	0.9981563348880957
NDUFA9	5.540574142033563	0.5446528934464552	0.9612217695014086	0.5709685560359403	0.9997507862781244	-0.36904278765393983	0.9301500803884145	0.6915472713965469	0.9996654566602691	0.9136956811003949	0.9734201735670173	0.34791319757634975	0.9981563348880957
NDUFAB1	14.968728751826745	-0.18301241995908565	0.6887319241298051	0.7904519817162861	0.9997507862781244	-0.14219653103964272	0.6400391235327749	0.8241827158972019	0.9996654566602691	-0.04081588891944295	0.6909267180096733	0.9528930706493549	0.9981563348880957
NDUFAF2	2.4822131647294237	-0.670599615078107	1.2580310110468256	0.593995566229162	0.9997507862781244	0.3883648706367077	1.0772668640190424	0.7184662007250857	0.9996654566602691	-1.0589644857148146	1.2387715237371433	0.39263390390627795	0.9981563348880957
NDUFAF3	13.952844167532705	0.39275815437776207	0.7597327692464916	0.6051779237705643	0.9997507862781244	0.33503640189548106	0.7161919805284149	0.6399258297342362	0.9996654566602691	0.05772175248228101	0.752984345074392	0.938896168236181	0.9981563348880957
NDUFAF4	3.9159819521605246	0.05658985363462526	0.9950232850034304	0.9546464469526895	0.9997507862781244	-0.24747150381127897	0.9264214851459915	0.7893719516835758	0.9996654566602691	0.30406135744590423	1.0031682630435919	0.7618128512575507	0.9981563348880957
NDUFAF8	11.023875557523645	-0.03511949698615211	0.7490630573568782	0.9626052284382963	0.9997507862781244	0.29717506577835845	0.6809943259094998	0.6625581052861984	0.9996654566602691	-0.3322945627645105	0.7411910331684743	0.6539185702605076	0.9981563348880957
NDUFB1	40.6470916301988	0.9309465916129197	0.6651748885687675	0.16164763078727373	0.9997507862781244	0.26763131716619354	0.6526429899447223	0.6817523438794572	0.9996654566602691	0.6633152744467262	0.6627376863467482	0.3168889277643002	0.9981563348880957
NDUFB10	23.91757542730059	0.06605842907404681	0.6300812820914371	0.916501878557913	0.9997507862781244	-0.39383278566761215	0.6039349892538517	0.5143294232745228	0.9996654566602691	0.459891214741659	0.6353910408480529	0.46919318781531505	0.9981563348880957
NDUFB11	28.737843727180273	0.10409566416041545	0.6353228982532713	0.8698516984601568	0.9997507862781244	-0.42489405604917957	0.6138993354169803	0.48885987787269036	0.9996654566602691	0.528989720209595	0.6402812366990985	0.4087000712220036	0.9981563348880957
NDUFB2	49.49238686931955	0.1461241162199004	0.6069667027724676	0.8097528650608691	0.9997507862781244	0.21887679138588712	0.5864099263327046	0.708963291597836	0.9996654566602691	-0.07275267516598671	0.6056089698999041	0.9043790304384692	0.9981563348880957
NDUFB3	19.629638741719848	-0.07926335632771794	0.7315664998163177	0.9137200936107379	0.9997507862781244	0.2895737844734543	0.6852704826466772	0.6726100444081224	0.9996654566602691	-0.36883714080117225	0.7278511853855334	0.6123316384879678	0.9981563348880957
NDUFB4	30.92941921909276	0.18823401796992434	0.5671200828349322	0.7399556329489159	0.9997507862781244	-0.04359261898959187	0.5407773865348964	0.9357512987010599	0.9996654566602691	0.23182663695951625	0.5675939572843823	0.6829525328157979	0.9981563348880957
NDUFB5	16.988236800025916	-1.2695378766739887	0.7019473046317626	0.07051405852905956	0.9997507862781244	-0.5696372051734085	0.6263576940190216	0.36311584002752184	0.9996654566602691	-0.69990067150058	0.7097348651099626	0.32406252893401033	0.9981563348880957
NDUFB6	17.47302808114408	0.7124601925048644	0.643107925428371	0.2679312519189633	0.9997507862781244	-0.16010007149232577	0.6235992147372851	0.7973829458582089	0.9996654566602691	0.8725602639971902	0.6458797879402767	0.17670700359580016	0.9981563348880957
NDUFB7	33.32254592086863	0.03935671159713237	0.6760028916872761	0.953573598317885	0.9997507862781244	-0.4398422229253617	0.6565506740097244	0.5029031622097018	0.9996654566602691	0.47919893452249407	0.6802964967883627	0.48118546111535576	0.9981563348880957
NDUFB8	27.53202905232241	-0.25479018827767347	0.7019824992618751	0.7166362331442009	0.9997507862781244	-0.1631423784407819	0.6692703605640911	0.8074155031372157	0.9996654566602691	-0.09164780983689161	0.7036796413208949	0.8963759040347477	0.9981563348880957
NDUFB9	36.52991196536587	0.19747690233272153	0.67447715263255	0.7696863705974015	0.9997507862781244	-0.2795683338656345	0.6570695849918533	0.6704886097791145	0.9996654566602691	0.47704523619835604	0.6770698785386183	0.4810759318320177	0.9981563348880957
NDUFC1	28.463343206772567	-0.17150903740487175	0.5999213747949806	0.7749655450295443	0.9997507862781244	0.008736439988333039	0.5633502091919729	0.9876268951823607	0.9996654566602691	-0.1802454773932048	0.5998280822509869	0.7637994345035228	0.9981563348880957
NDUFC2	29.67815360311393	-0.14544065682741983	0.6317257564866351	0.8179149751084345	0.9997507862781244	-0.43119379039418787	0.6057056933677692	0.47653497632778563	0.9996654566602691	0.28575313356676807	0.6363499016409088	0.6533953498204741	0.9981563348880957
NDUFS1	8.695531435023515	0.965612505711874	0.7713954092895405	0.21065232656739108	0.9997507862781244	0.49311272091954317	0.731722575624206	0.5003706542517129	0.9996654566602691	0.47249978479233085	0.7523997833820399	0.5300102777402386	0.9981563348880957
NDUFS2	9.95623321502601	0.6420490817231734	0.7507399437914738	0.3924284319845526	0.9997507862781244	-0.2210495840191455	0.7251644355928055	0.7604980377374977	0.9996654566602691	0.863098665742319	0.7559470405298245	0.253560078360205	0.9981563348880957
NDUFS3	11.631150285825083	-0.03762446835333968	0.7893528587068797	0.9619832643369967	0.9997507862781244	-0.8645569096344746	0.7615651306071607	0.2562760331660672	0.9996654566602691	0.8269324412811349	0.8085420744557826	0.3064283835525362	0.9981563348880957
NDUFS4	12.841991592103936	0.17464243151867578	0.7689896913854999	0.820341057064059	0.9997507862781244	-0.400486684860495	0.7368755408422032	0.5867904217653586	0.9996654566602691	0.5751291163791707	0.7767583514335965	0.459043861076213	0.9981563348880957
NDUFS5	33.80054688155882	-0.11543958413559159	0.5753520863183332	0.8409787988587797	0.9997507862781244	-0.13641139623633328	0.5462867755341281	0.8028142780226879	0.9996654566602691	0.02097181210074168	0.5767534911663597	0.9709938496968257	0.9981563348880957
NDUFS6	23.68431510082717	0.18995990218684844	0.6399529808350463	0.7665931282542092	0.9997507862781244	-0.4314209530669081	0.6168961065970235	0.48433873432867924	0.9996654566602691	0.6213808552537565	0.6461519433021871	0.3362185725941036	0.9981563348880957
NDUFS7	18.86899640569728	0.11125071164323767	0.7309540030566297	0.8790297201059954	0.9997507862781244	-0.525867320074423	0.7060408859858505	0.45638572571658975	0.9996654566602691	0.6371180317176608	0.7390115098367801	0.3886204228229778	0.9981563348880957
NDUFS8	18.781493682123212	0.31627538426860985	0.7081089617528639	0.6551293012120376	0.9997507862781244	0.02598799658770055	0.6767001832660667	0.9693655685580437	0.9996654566602691	0.29028738768090934	0.7076324557076866	0.6816420814093024	0.9981563348880957
NDUFV1	12.851996224849833	0.5544011329361965	0.7033568771891063	0.4305670553162946	0.9997507862781244	-0.18412882967416436	0.6768183438170027	0.7855831206290907	0.9996654566602691	0.7385299626103609	0.7069753954899727	0.29619253377338706	0.9981563348880957
NDUFV2	19.392992410388192	0.09220831628894453	0.7000253582167077	0.8952046626935783	0.9997507862781244	0.08997957217665638	0.6622978215708154	0.8919322080841174	0.9996654566602691	0.002228744112288168	0.6987356269148274	0.9974550066816542	0.9986577257411579
NDUFV3	10.24100724382586	1.4776733480807815	0.7796040578863103	0.05803742216530014	0.9997507862781244	0.9292487453972769	0.7463183849777139	0.21309119021078415	0.9996654566602691	0.5484246026835047	0.7451533205406751	0.46173742849561195	0.9981563348880957
NEAT1	120.69573283372678	0.018771445165780686	0.6728341865857549	0.9777426536310537	0.9997507862781244	0.8233065343029654	0.6604782605707749	0.21256956688839068	0.9996654566602691	-0.8045350891371847	0.670865153419613	0.23043071938276927	0.9981563348880957
NECTIN2	3.3074988303660624	-0.6498643992694865	1.1112528310882486	0.5586799388887698	0.9997507862781244	-0.4709083873847557	1.000987026504888	0.6380378012665534	0.9996654566602691	-0.17895601188473076	1.1280343991515567	0.8739492750905952	0.9981563348880957
NEDD8	25.4082418689922	-0.4413955798372797	0.6112087853785664	0.4701910402077284	0.9997507862781244	-0.026212117610014	0.5650137773172725	0.9629978149072292	0.9996654566602691	-0.4151834622272657	0.6114888104910784	0.49715593330934127	0.9981563348880957
NEMF	8.597519689799777	0.7380194693941803	0.793219762662794	0.35215892772772717	0.9997507862781244	0.11079258318062737	0.7566630090577152	0.8835877685069708	0.9996654566602691	0.6272268862135529	0.7875709597491717	0.4257956135420853	0.9981563348880957
NENF	11.497681814750738	1.174344686240175	0.7742902017653138	0.12934938087765344	0.9997507862781244	1.0025943951466127	0.7335975876915305	0.17172509764546373	0.9996654566602691	0.17175029109356216	0.7467980682085943	0.8181055717994398	0.9981563348880957
NEU1	6.72662326432438	-0.08107552893743566	0.9041063050189835	0.9285456622721545	0.9997507862781244	0.7878944289501008	0.7998223132539479	0.3245814207698188	0.9996654566602691	-0.8689699578875364	0.8802630063683861	0.323558901901286	0.9981563348880957
NFAT5	15.544499078156015	3.0621405036604226	0.9189269032008024	0.0008613122442601664	0.21455288004520745	0.127467511650065	0.9548907637028092	0.8938065815749382	0.9996654566602691	2.934672992010358	0.9107709251510022	0.0012721668271665598	0.24376673588245387
NFE2L1	5.087336520043391	0.5934244519421586	0.9407182336050108	0.5281578244895546	0.9997507862781244	0.6787404801715405	0.8636170678305785	0.43190991026286096	0.9996654566602691	-0.08531602822938188	0.9085230270833563	0.9251835960196829	0.9981563348880957
NFE2L2	16.029270640280792	0.17021635548173292	0.7038411193243018	0.8089047826201368	0.9997507862781244	0.23790408966500276	0.6568268497616578	0.7172009815465281	0.9996654566602691	-0.06768773418326983	0.6991545611915534	0.9228743505577175	0.9981563348880957
NFIA	9.068121157458362	1.3428955279738977	0.9065998285580305	0.13854157351014684	0.9997507862781244	0.518850308652183	0.8783967481613588	0.5547356769441454	0.9996654566602691	0.8240452193217147	0.8864097530466382	0.3525556068974349	0.9981563348880957
NFIC	9.341614741760246	0.8472549585225632	0.7671450591803981	0.269408382148386	0.9997507862781244	0.7626905855656039	0.7154036163057295	0.2863792039759554	0.9996654566602691	0.08456437295695925	0.7412662345760453	0.9091736054491131	0.9981563348880957
NFKBIA	23.64442416100352	-0.8320304081605261	0.85851257334995	0.33246864094633677	0.9997507862781244	0.17666651857950544	0.8010716198855501	0.8254523894199917	0.9996654566602691	-1.0086969267400314	0.8571563316663717	0.2392775057911355	0.9981563348880957
NFU1	5.7741071224739065	0.0340611960702581	0.958358488364352	0.9716482064421028	0.9997507862781244	0.5769004317805767	0.859480426638777	0.5020804044936276	0.9996654566602691	-0.5428392357103186	0.9375875756291631	0.562606424135687	0.9981563348880957
NGRN	8.84004455542064	-0.23621656913534433	0.7730152228802977	0.7599258516451488	0.9997507862781244	-0.4396980545207803	0.7169740297273115	0.5396983876398967	0.9996654566602691	0.203481485385436	0.7838132494488712	0.7951688267607959	0.9981563348880957
NHP2	10.841367859283393	-0.0443376447492971	0.727145058637858	0.9513791467106919	0.9997507862781244	-0.013393187707022457	0.6703627094983537	0.9840601115454077	0.9996654566602691	-0.03094445704227464	0.7266636567175314	0.9660329176297527	0.9981563348880957
NIPBL	11.025206512579253	1.711579743510145	0.9457581255585865	0.0703355531293595	0.9997507862781244	-0.03602492673096432	0.9488981697558386	0.9697155813689259	0.9996654566602691	1.7476046702411092	0.9459924192828082	0.06469251522747335	0.9981563348880957
NIPSNAP1	2.548766401239224	0.49422986706321403	1.3894189892657494	0.7220579502438531	0.9997507862781244	1.167487476743526	1.2479584982464351	0.3495214781104048	0.9996654566602691	-0.6732576096803118	1.3246828371372623	0.611284616244659	0.9981563348880957
NIPSNAP2	7.976395057346459	0.28665457550724105	0.7579300411926153	0.7052766999134471	0.9997507862781244	-0.02056605816289414	0.708016821885052	0.9768267751558007	0.9996654566602691	0.3072206336701352	0.7567887499591407	0.6847771634092559	0.9981563348880957
NKTR	11.873156706543039	-0.08849438343601616	0.7827684095967898	0.9099884693082059	0.9997507862781244	-0.39118376199279653	0.7364066538719188	0.5952759142282853	0.9996654566602691	0.3026893785567804	0.7910393987239456	0.7019810238106807	0.9981563348880957
NME1	6.304446078502051	0.31544143087552806	0.8036774088671526	0.6946906057067318	0.9997507862781244	-0.11027773960480489	0.754466498031572	0.8837899378328983	0.9996654566602691	0.425719170480333	0.8053387806121376	0.5970682353816861	0.9981563348880957
NME2	41.899009768387295	-0.29747541877528366	0.6208887192079632	0.631858743940969	0.9997507862781244	-0.14988669753314288	0.5946262117779478	0.8009879089833208	0.9996654566602691	-0.1475887212421408	0.6220994998648969	0.8124683170909559	0.9981563348880957
NME3	7.9914122748730945	-0.5063483484585245	0.7979658041446192	0.5257226439944965	0.9997507862781244	-0.5233284642254716	0.729405494693409	0.47308253083683605	0.9996654566602691	0.016980115766947135	0.8113735244447158	0.983303394885508	0.9981563348880957
NME4	5.213997401312191	-0.7001443430105209	0.9624324108052367	0.4669357723673315	0.9997507862781244	-1.0731367804502268	0.8960331878154779	0.23105215766222398	0.9996654566602691	0.3729924374397059	0.9984588639249209	0.7087256286028265	0.9981563348880957
NME5	4.293979656390813	-0.4459258116329267	1.130738900922565	0.6933102974716725	0.9997507862781244	-0.05594979580173663	1.0176458626568585	0.9561546899545466	0.9996654566602691	-0.3899760158311901	1.1315089751603291	0.7303565497614181	0.9981563348880957
NMT1	4.120541477166082	0.5707326450318003	1.0690058544705658	0.5934169230399596	0.9997507862781244	1.5034590029949049	0.9438655891938136	0.11118844901561616	0.9996654566602691	-0.9327263579631045	0.9906150137491331	0.34641646499017253	0.9981563348880957
NNMT	11.371689470777476	0.42125079706501983	1.6593537005918602	0.7996003347203908	0.9997507862781244	1.6688479605856343	1.5994785421640756	0.29677695244889835	0.9996654566602691	-1.2475971635206144	1.6394421315582388	0.4466637339199191	0.9981563348880957
NOL7	9.723652059627042	0.10465049178760762	0.7245894203995773	0.8851630624900444	0.9997507862781244	-0.08270945438579937	0.6737797326692195	0.90230155219765	0.9996654566602691	0.18735994617340698	0.7256377391264163	0.7962522580881207	0.9981563348880957
NONO	7.540403407336255	-0.7293495607235868	0.9637323965925129	0.44917163083016864	0.9997507862781244	0.5022896253389137	0.8352638991756197	0.5476039601178646	0.9996654566602691	-1.2316391860625004	0.9511598628721127	0.1953611562655505	0.9981563348880957
NOP10	14.84004207771689	-0.37157068631265805	0.6594881382194144	0.5731469813014208	0.9997507862781244	0.22380755693407178	0.5926003686111884	0.7056755362663059	0.9996654566602691	-0.5953782432467298	0.6550676858543607	0.3634132101213784	0.9981563348880957
NOP53	25.42943010454705	-0.4971196801656413	0.6426468098402063	0.43919672854685965	0.9997507862781244	-0.34938190053052604	0.6011182529021935	0.561092246472225	0.9996654566602691	-0.14773777963511525	0.646762123860431	0.8193144840035875	0.9981563348880957
NOP56	3.6157107513523803	-1.1109069454118423	1.2593117468988977	0.37769351194757017	0.9997507862781244	0.48224180713267195	1.0577611873407575	0.6484561230884621	0.9996654566602691	-1.5931487525445145	1.243617653595357	0.20017261446326096	0.9981563348880957
NOP58	8.253669019577861	0.6016191647529546	0.9145683698172284	0.5106553474138853	0.9997507862781244	0.32180534389738036	0.8622391973540444	0.7089843403004106	0.9996654566602691	0.2798138208555743	0.9032689758894308	0.7567289709923251	0.9981563348880957
NORAD	11.884596978538925	-0.010012619789822113	0.8112070921992556	0.9901520684693432	0.9997507862781244	0.005119781253855585	0.7566193291230966	0.994601032399739	0.9996654566602691	-0.0151324010436777	0.8107408619738176	0.9851084252505472	0.9981563348880957
NOSIP	4.571125301290087	-0.235979478790993	0.959053588609159	0.8056400218743459	0.9997507862781244	-0.08718650978586519	0.8685628494302658	0.9200424909898948	0.9996654566602691	-0.1487929690051278	0.960276483551483	0.8768622722894983	0.9981563348880957
NPC2	20.98853930026348	-0.38653985769909793	0.6723585665378145	0.5653580066873214	0.9997507862781244	-0.5258647723450356	0.635097767611794	0.40766709286634917	0.9996654566602691	0.13932491464593771	0.6793019574827198	0.8374939007822906	0.9981563348880957
NPEPPS	10.924527099964584	1.9086395823663462	0.8653199125197818	0.027404732476923592	0.9997507862781244	0.557753950786018	0.8567391901347019	0.5150338754305859	0.9996654566602691	1.3508856315803284	0.8433822922383274	0.10921141648568121	0.9981563348880957
NPM1	45.98551350715035	-0.7520032856156555	0.5923604437284449	0.2042617662372297	0.9997507862781244	-0.34112833627210026	0.5606908307820757	0.5429174398933352	0.9996654566602691	-0.41087494934355534	0.5947144255616974	0.48964238549191164	0.9981563348880957
NQO1	7.173038013104125	0.17876938891526503	0.9228564478397085	0.8464005291154524	0.9997507862781244	-0.4808587870672822	0.8813009365724197	0.5853245444744708	0.9996654566602691	0.6596281759825472	0.9370632173534128	0.4814755266536507	0.9981563348880957
NR0B2	4.417588757284173	-1.922595049858098	1.3467797792014813	0.15342151454955943	0.9997507862781244	0.4822464730488357	1.0648119921553434	0.6506254025340303	0.9996654566602691	-2.4048415229069335	1.3333438187175164	0.07129137569173324	0.9981563348880957
NR2F2	11.541660357368329	-0.2942612861107678	0.7078897161757686	0.6776382966988048	0.9997507862781244	-0.5536051018608406	0.6585772230943211	0.40056772908871174	0.9996654566602691	0.25934381575007276	0.7203670577227361	0.7188350136807539	0.9981563348880957
NR4A1	13.935998032580379	0.27475663524257976	0.9881549685712322	0.7809738633820986	0.9997507862781244	1.0178232561856837	0.9305238073019886	0.2740350124534915	0.9996654566602691	-0.7430666209431038	0.9734358699255026	0.44525815125534984	0.9981563348880957
NRDC	3.7109294654619793	0.3002433809435288	1.1504503618302506	0.7941087044880839	0.9997507862781244	1.2692035509324922	1.0183559093882515	0.21264469890765503	0.9996654566602691	-0.9689601699889633	1.0964629723759889	0.3768503791941623	0.9981563348880957
NRK	2.2727231649483244	0.6407237848188325	1.3208468845888433	0.6276156363128244	0.9997507862781244	-0.0841457503558771	1.264511465398308	0.9469446657993907	0.9996654566602691	0.7248695351747096	1.3224747622572275	0.5836122765892945	0.9981563348880957
NSA2	9.91463904042353	-0.48133453969667334	0.9105452689882924	0.5970674834724264	0.9997507862781244	0.25806302436459877	0.8210496381364705	0.7532866096980257	0.9996654566602691	-0.7393975640612721	0.9051024568027871	0.4139733486870222	0.9981563348880957
NSD1	6.623784050467254	-0.4200130010342535	0.8467517789339142	0.6198743147996615	0.9997507862781244	-0.6009182790875311	0.7799737621841085	0.44104251153409835	0.9996654566602691	0.18090527805327766	0.8650094026452834	0.8343414659924305	0.9981563348880957
NSD3	11.275732625106063	-0.046269583200256835	0.7733967639565286	0.9522938588669985	0.9997507862781244	-0.1152864279154191	0.7189432734272888	0.8726011296147032	0.9996654566602691	0.06901684471516226	0.7754247808497815	0.9290777703367604	0.9981563348880957
NSMCE1	4.7111686719858525	-0.4414093488321649	0.9747029052829448	0.6506455725791411	0.9997507862781244	-1.0210360651988821	0.9199400598569778	0.2670446536447749	0.9996654566602691	0.5796267163667171	1.0124386259485953	0.5669795376647007	0.9981563348880957
NSRP1	9.327452276680324	0.44788597365307653	0.8033240915367116	0.5771579767069099	0.9997507862781244	-0.4061081435138975	0.7746173129291015	0.6000911862800926	0.9996654566602691	0.853994117166974	0.8146482209078565	0.2945013214960708	0.9981563348880957
NT5C	6.576579894657526	-0.9142670218891491	0.8815355522344862	0.29967524669768564	0.9997507862781244	-0.615761621645386	0.7886705902459371	0.43494428202705326	0.9996654566602691	-0.29850540024376315	0.8975283946474915	0.7394467945516454	0.9981563348880957
NT5C3B	3.3555918394835778	-1.244616622358004	1.1127494514462095	0.26335106646069395	0.9997507862781244	-1.1301036734011785	0.9973443363685196	0.2571668699705886	0.9996654566602691	-0.11451294895682557	1.1562275891428955	0.9211063950761648	0.9981563348880957
NTPCR	2.3236394977675143	-0.8351481279105687	2.886612243163139	0.7723382386550024	0.9997507862781244	-0.6064550236150571	2.7673761442758047	0.8265375541018578	0.9996654566602691	-0.22869310429551162	2.902986759229944	0.937208761048368	0.9981563348880957
NUCB1	7.399348880369443	-0.645079100817368	0.772753228711984	0.4038414716494819	0.9997507862781244	-0.7698718677925903	0.7071998809021977	0.2763215349302657	0.9996654566602691	0.12479276697522235	0.7949250762835703	0.8752552283701379	0.9981563348880957
NUCB2	6.614503932496123	-0.27235368287137846	0.8618632338621101	0.7519981919490185	0.9997507862781244	-0.10662650424748801	0.783168037478327	0.8917045424008894	0.9996654566602691	-0.16572717862389047	0.86377933268634	0.8478496253985197	0.9981563348880957
NUCKS1	35.4410425964477	-0.2895101858646186	0.5843207603727941	0.6202722840019732	0.9997507862781244	-0.8044652412986529	0.5628759722888	0.15294527645600547	0.9996654566602691	0.5149550554340344	0.5925988301797879	0.38485943252586696	0.9981563348880957
NUDC	11.16173349114418	0.16839895341602001	0.6906946348459764	0.8073771963505101	0.9997507862781244	-0.010116654877731614	0.6428271737138596	0.9874436086842335	0.9996654566602691	0.17851560829375163	0.6898997040686932	0.795823597724054	0.9981563348880957
NUDCD2	5.04017962668754	-0.10608236825403569	0.9119451347086162	0.9073946684139238	0.9997507862781244	0.30352177676624137	0.8136679624143446	0.7091268325223994	0.9996654566602691	-0.4096041450202771	0.8974483143194469	0.6480953684736623	0.9981563348880957
NUDT22	3.077994237782091	-0.05975192086261789	1.0189166620911718	0.9532367802378289	0.9997507862781244	-0.3583441679829183	0.9462653813965256	0.7049157799525604	0.9996654566602691	0.2985922471203004	1.0337846131819728	0.7727083365862055	0.9981563348880957
NUDT4	21.892209121857476	1.042511908458673	0.6527996240756744	0.11026881157959106	0.9997507862781244	-0.06449355207960052	0.640758058644057	0.9198267509733052	0.9996654566602691	1.1070054605382735	0.6536669639380103	0.09035438303680808	0.9981563348880957
NUPR2	5.478066971616976	-0.2832475261201235	1.0671895719332183	0.7906902109013065	0.9997507862781244	-0.18236659103700256	0.9797717411880357	0.8523414742697839	0.9996654566602691	-0.10088093508312093	1.072046479531532	0.9250287116493631	0.9981563348880957
NUTM2A-AS1	3.7255556617079284	-0.40300154233115876	1.039266071820987	0.6981824471735742	0.9997507862781244	0.2318666983858804	0.9092489045905785	0.798716110215323	0.9996654566602691	-0.6348682407170392	1.0254569238606575	0.5358454347661608	0.9981563348880957
NUTM2B-AS1	3.860630555383664	-0.0387162878811778	1.002113859124828	0.9691817003289519	0.9997507862781244	0.17905707692208403	0.9047429204874197	0.843115994154393	0.9996654566602691	-0.21777336480326182	0.9915893823397077	0.8261667175291655	0.9981563348880957
OARD1	4.99845443377623	-0.5852902109336909	0.9579703075065046	0.541220068645637	0.9997507862781244	0.05436175639244647	0.8391799276953824	0.9483494686588265	0.9996654566602691	-0.6396519673261374	0.9540530520732557	0.5025662283762702	0.9981563348880957
OAZ1	40.26418241370153	0.43874621356009785	0.5261261860862796	0.4043270682732343	0.9997507862781244	0.2906617868168471	0.5031133871870256	0.5634489855615462	0.9996654566602691	0.14808442674325076	0.5231209400073921	0.7771164634369664	0.9981563348880957
OAZ2	5.596790630880722	-0.060976015797673346	0.9095898975521685	0.9465523896269183	0.9997507862781244	0.04896099993121193	0.8271423523433781	0.9527984210063575	0.9996654566602691	-0.10993701572888527	0.9056353533772383	0.9033804403562751	0.9981563348880957
OCIAD1	13.391794317308271	-0.35823760163161084	0.7007200641814381	0.6091815379937593	0.9997507862781244	-0.6362026218098549	0.6565589963986947	0.33254750370186414	0.9996654566602691	0.277965020178244	0.7127853532118597	0.696558610391423	0.9981563348880957
OCIAD2	14.261331056715266	-0.44094519027844475	0.7181837088690007	0.5392333679693629	0.9997507862781244	0.34810537421086635	0.6450969308729173	0.5894610794855251	0.9996654566602691	-0.7890505644893111	0.7121910677106243	0.2678964662862743	0.9981563348880957
OCLN	6.511154214631579	-0.4586582755519449	0.8433904737395875	0.5865607193586005	0.9997507862781244	-1.7084737226015205	0.8367368226081439	0.041168471300626355	0.9996654566602691	1.2498154470495757	0.91558187297676	0.17223719430477769	0.9981563348880957
ODC1	6.3049810039483125	0.462557809809778	0.9282745611106572	0.618273673748791	0.9997507862781244	0.5106368947815064	0.8546934029301025	0.5502067290302641	0.9996654566602691	-0.048079084971728386	0.9067266902975677	0.9577120745332057	0.9981563348880957
ODF2L	5.542618755235736	0.6800005171482878	0.9007456474632345	0.45029058087570106	0.9997507862781244	0.6213658536559572	0.8322948531280606	0.455323536413453	0.9996654566602691	0.0586346634923307	0.8692701217237913	0.9462212733326283	0.9981563348880957
OFD1	8.434079963694677	0.08655645745019044	0.7799170966736926	0.911630927294058	0.9997507862781244	-0.44507163611623707	0.7366624364602429	0.5457285558652356	0.9996654566602691	0.5316280935664275	0.7924492349526423	0.5023052182186187	0.9981563348880957
OGA	7.364339023529719	-0.6135694628722166	0.8543213025105987	0.47263693417223096	0.9997507862781244	0.06460044165056525	0.7514584103799932	0.9314928443994426	0.9996654566602691	-0.6781699045227818	0.8513831583615571	0.4257119825165461	0.9981563348880957
OIP5-AS1	7.985273832308788	0.4948634891729662	0.9567312885060034	0.6049858619437911	0.9997507862781244	-0.18622156037225254	0.9186709738661979	0.8393636063269798	0.9996654566602691	0.6810850495452186	0.9616056384157374	0.4787720350919389	0.9981563348880957
ORMDL1	7.097931452335673	0.5017056988163431	0.8045442920655963	0.532896941877977	0.9997507862781244	0.7634495248289375	0.7325129689776996	0.29730345442005524	0.9996654566602691	-0.2617438260125943	0.7759188960804557	0.7358651308078292	0.9981563348880957
OS9	9.143403604614415	0.5825912823365027	0.7989741226810805	0.46589513727896215	0.9997507862781244	0.012522310028560914	0.7604621297886525	0.9868620593531348	0.9996654566602691	0.5700689723079417	0.7971862835600461	0.47454643166426236	0.9981563348880957
OSBPL8	5.554849915236279	-0.013128652108707064	0.8538826848847509	0.9877328158723578	0.9997507862781244	-0.0017533104449072349	0.7801613056166459	0.998206860367697	0.9996654566602691	-0.011375341663799828	0.8516415608571702	0.9893430052816117	0.9981563348880957
OSBPL9	5.928828784132265	0.9826004737879251	0.9753797620173531	0.31374116237615834	0.9997507862781244	-0.35076903031641365	0.9643649182409103	0.7160591907802043	0.9996654566602691	1.3333695041043387	0.9891448813012595	0.17765766591169707	0.9981563348880957
OSER1	3.778000735743103	-0.8527182944902232	1.1502710996327268	0.45849979473039904	0.9997507862781244	0.40259462434591803	0.9736055162901485	0.6792337442361813	0.9996654566602691	-1.2553129188361412	1.1337869962043339	0.2682135841335501	0.9981563348880957
OST4	42.74175001782027	-0.3030497797354964	0.563089463225386	0.5904450721479508	0.9997507862781244	0.5335732117869748	0.5247757832777352	0.3092656325421823	0.9996654566602691	-0.8366229915224711	0.5590953018749367	0.134552811958333	0.9981563348880957
OSTC	10.457076528683556	-0.6703520331093197	0.7241570570524174	0.3546020188645138	0.9997507862781244	-0.2847546134825014	0.6492221186027525	0.6609449312398035	0.9996654566602691	-0.3855974196268183	0.7296202574133683	0.5971588962349574	0.9981563348880957
OTUD6B-AS1	10.316272209499594	-0.2711699108189887	0.7405075042991277	0.7142198093938266	0.9997507862781244	-0.2658988730815093	0.6797911123961123	0.6956879086267144	0.9996654566602691	-0.005271037737479431	0.7461429323656215	0.9943634865829273	0.9981563348880957
OXCT1	4.783982739841492	-0.8532563871249734	0.9493789299559547	0.36878467418583105	0.9997507862781244	-0.6758870763918279	0.8516964526484102	0.427441479972137	0.9996654566602691	-0.17736931073314544	0.9710893914544995	0.8550727845058481	0.9981563348880957
P4HB	9.242012220606641	-0.833874307939794	0.7567537758682208	0.2705009415850128	0.9997507862781244	-0.08824399408191912	0.6614009164768414	0.8938613680261456	0.9996654566602691	-0.7456303138578749	0.7579034240906796	0.32521066352030936	0.9981563348880957
P4HTM	5.186479358354266	-0.18359329517517559	0.9186571453418563	0.8415981811688158	0.9997507862781244	-0.3309163590752515	0.8477935737894955	0.6962950771927516	0.9996654566602691	0.1473230639000759	0.9285338719088101	0.8739351591905002	0.9981563348880957
PA2G4	9.38325800757343	-0.23769926909088415	0.8239535683221079	0.7729745598285005	0.9997507862781244	0.13948918954754885	0.7509045991296108	0.8526317715591065	0.9996654566602691	-0.37718845863843303	0.8203765042901054	0.6456778595367101	0.9981563348880957
PABPC1	30.884647280406323	-1.2693415715899863	0.7212356578293638	0.07841560851403523	0.9997507862781244	0.8845724403694066	0.6371655420943967	0.16504785319540327	0.9996654566602691	-2.153914011959393	0.7147250152275682	0.002581456748196815	0.30774649542018295
PABPN1	9.035681129086775	0.19472157488876646	0.8679190494453484	0.8224814446321443	0.9997507862781244	0.21739784950088584	0.8038304982728826	0.7868122684120709	0.9996654566602691	-0.0226762746121194	0.8608921886621935	0.9789858037393181	0.9981563348880957
PAFAH1B1	5.6069276977441085	0.7015636725981015	0.94041102983125	0.4556564665588463	0.9997507862781244	0.819297661921197	0.8659703988203739	0.34409577717175244	0.9996654566602691	-0.1177339893230956	0.9054141209943432	0.8965400778721329	0.9981563348880957
PAIP2	11.046827415742737	-0.47223357023903273	0.7675623147464973	0.5383974983321325	0.9997507862781244	-0.1322712095191124	0.6945958030329774	0.8489729461287656	0.9996654566602691	-0.3399623607199203	0.769847677748493	0.6587809156690506	0.9981563348880957
PAK2	5.608450229169433	-0.4794194994023386	0.9216787249006659	0.602952747308439	0.9997507862781244	0.05987009939606084	0.8164867820137097	0.9415463226591455	0.9996654566602691	-0.5392895987983994	0.9182355441479301	0.556995027955829	0.9981563348880957
PAM16	4.1780361446789165	-0.18280346313355839	1.0366761617496392	0.8600298785599578	0.9997507862781244	0.4380608622833236	0.9187316514929947	0.6334970959067905	0.9996654566602691	-0.6208643254168819	1.0180832743370771	0.541970130131988	0.9981563348880957
PANTR1	9.94608038530393	-0.09448844545692067	0.8022086644685499	0.9062377208153196	0.9997507862781244	-0.6190085982712508	0.761442064822022	0.41625103918916884	0.9996654566602691	0.5245201528143301	0.81663249790549	0.5206807200508166	0.9981563348880957
PAPOLA	9.163956494458995	-0.4224822674806147	0.7597966205406596	0.5781790527321782	0.9997507862781244	0.3222161851528114	0.6712284173063969	0.6311992730473369	0.9996654566602691	-0.744698452633426	0.7514111030528506	0.32165305718144466	0.9981563348880957
PAPPA2	23.016473322934573	0.8083073949904265	0.9292731461931845	0.3843946468368823	0.9997507862781244	1.2257642313893937	0.8967359115182216	0.17165108878846924	0.9996654566602691	-0.4174568363989672	0.9156905484359955	0.648466982188963	0.9981563348880957
PAQR5	6.053928310089898	1.3545868989024061	0.8430593546706167	0.10810888711137281	0.9997507862781244	0.06611077666854123	0.834773311317977	0.936876659912797	0.9996654566602691	1.288476122233865	0.834281857103888	0.12248820345333736	0.9981563348880957
PARD6B	8.472421873560831	1.2413599742885488	0.8119468284272416	0.12629703300355502	0.9997507862781244	0.36916930496945577	0.7853661755205247	0.6383120778975435	0.9996654566602691	0.872190669319093	0.7946036184825527	0.2723606450958197	0.9981563348880957
PARK7	30.311703695834442	-0.03487370535209994	0.6708585712298211	0.9585416877306069	0.9997507862781244	-0.3366910141925032	0.6470066278153439	0.6027969103909501	0.9996654566602691	0.3018173088404033	0.6743056738372727	0.6544439485976202	0.9981563348880957
PARL	4.277319308760075	0.18345755149806348	0.9107674487498804	0.8403609305734656	0.9997507862781244	-0.34400294316272106	0.8591666072634717	0.6888682382460033	0.9996654566602691	0.5274604946607845	0.923520580132637	0.5679040483591971	0.9981563348880957
PARP1	4.865295718438106	-0.6500456094652627	0.9313875538426367	0.4852194314508562	0.9997507862781244	-0.25090381645143467	0.8270596258526884	0.7616090685367153	0.9996654566602691	-0.399141793013828	0.9381739708677924	0.6705120217873468	0.9981563348880957
PAX2	7.98796480310061	0.32575186739187606	0.9331899562460031	0.7270341441767032	0.9997507862781244	0.27693610969540783	0.8685421978338728	0.7498390125119891	0.9996654566602691	0.048815757696468245	0.9236585681063871	0.9578510758012607	0.9981563348880957
PAX8	6.075732734891606	-0.018960075960493355	0.8548509055838759	0.9823048539004241	0.9997507862781244	0.3676842275884394	0.7674405086404497	0.6318642640911775	0.9996654566602691	-0.3866443035489327	0.840576385190438	0.6455340107536673	0.9981563348880957
PAXX	5.902925318351669	-1.0390634021445533	0.9618482333421753	0.28001844214299476	0.9997507862781244	-0.11688808019096515	0.8281265987917735	0.8877533423117789	0.9996654566602691	-0.9221753219535882	0.9640811174394931	0.3388030630268225	0.9981563348880957
PBX1	5.652018361344833	0.760554443971819	0.8762870786130311	0.38543352934766084	0.9997507862781244	-0.8069943292868378	0.8827872329623897	0.3606413772893752	0.9996654566602691	1.5675487732586568	0.9142955925262086	0.08643914883202679	0.9981563348880957
PBXIP1	7.160995416430034	0.38975952294848176	0.8547734463491395	0.6484044217287579	0.9997507862781244	0.4012730886443973	0.7874505118195195	0.61034212840575	0.9996654566602691	-0.01151356569591553	0.8388038366145101	0.9890484432142466	0.9981563348880957
PCBD1	14.207184582215964	-0.8221694377777322	0.7963494442445834	0.3018740280999269	0.9997507862781244	-0.9466813771413386	0.746063849348608	0.2044762739648689	0.9996654566602691	0.12451193936360631	0.811515084585226	0.8780580418438251	0.9981563348880957
PCBP1	16.966529254052595	0.4323594767952779	0.6249454228071498	0.48904059204559736	0.9997507862781244	0.5760534986222654	0.5790857069567114	0.31985115614539006	0.9996654566602691	-0.1436940218269875	0.6130373091701375	0.8146768942217818	0.9981563348880957
PCBP2	23.96202904907365	0.08029205707253692	0.5962052193538036	0.8928713345521564	0.9997507862781244	0.37696253130022883	0.5535711013405511	0.49589365281092224	0.9996654566602691	-0.29667047422769194	0.5908324220640307	0.6155810904576295	0.9981563348880957
PCCA	5.816442205986807	1.1743264320185407	0.8823840273327457	0.18323626504453172	0.9997507862781244	0.05342333832261765	0.8635092662611593	0.9506681842537119	0.9996654566602691	1.120903093695923	0.8767655346629084	0.20108992126261083	0.9981563348880957
PCDH9	10.556448793867794	0.8917869892714311	0.884063058405125	0.3131008515607261	0.9997507862781244	-0.6751223712783978	0.8820867228601731	0.4440514838377132	0.9996654566602691	1.566909360549829	0.903901265470411	0.08300752182052717	0.9981563348880957
PCK1	9.48842905081668	0.8225975091337622	1.000600868579806	0.41101797493513215	0.9997507862781244	-0.25680013866102125	0.9808661720197805	0.7934682700434045	0.9996654566602691	1.0793976477947833	1.007366427966249	0.283942654180777	0.9981563348880957
PCM1	9.578613758278657	0.04394766764064772	0.7390368813508817	0.9525808373420952	0.9997507862781244	0.3438625514993157	0.6714225800755208	0.6085528321093878	0.9996654566602691	-0.299914883858668	0.729267990611781	0.6808857874475132	0.9981563348880957
PCMT1	8.884795337892891	-0.2385641967818521	0.7605840428541205	0.7537798773121631	0.9997507862781244	-0.6698015760059378	0.7125676304229727	0.34722619650521935	0.9996654566602691	0.4312373792240858	0.7791737930430331	0.5799521081345218	0.9981563348880957
PCMTD1	8.987483724577205	0.9198647109783652	0.7833855287192492	0.240308064468433	0.9997507862781244	0.13142854624405598	0.7537846313059944	0.8615839472825374	0.9996654566602691	0.7884361647343091	0.7767146451513199	0.3100623784194416	0.9981563348880957
PCNP	5.979464156338188	-1.0829945059664354	0.9731518642596323	0.2657629460503169	0.9997507862781244	0.07333815341047654	0.8349677730180972	0.9300090005347005	0.9996654566602691	-1.156332659376912	0.9706380860819969	0.23353118144263674	0.9981563348880957
PCSK1N	38.41115276748225	-0.8135802477629944	0.7523704735418163	0.27953883212386077	0.9997507862781244	-0.5833852607144234	0.7223008246334839	0.41927694785354885	0.9996654566602691	-0.23019498704857103	0.7563579008921061	0.7608638144605337	0.9981563348880957
PCYOX1	3.8883162982989035	-1.003638339953867	1.1292661151376249	0.37413598669752146	0.9997507862781244	-0.3425324475417484	0.9903082549443949	0.7294293872522029	0.9996654566602691	-0.6611058924121188	1.1394205523127487	0.5617714167569386	0.9981563348880957
PDAP1	6.972675064213906	-0.1946972995303107	0.8439997258743429	0.8175602429975023	0.9997507862781244	0.1587398434642064	0.7603274765883217	0.8346213475936727	0.9996654566602691	-0.35343714299451706	0.8380705803150112	0.6732241626425741	0.9981563348880957
PDCD10	5.728477168320797	0.056680194584229134	0.8692057308216018	0.9480074506150876	0.9997507862781244	0.10627745515393279	0.7929292661590742	0.8933777094243621	0.9996654566602691	-0.04959726056970366	0.8626370142471854	0.9541509393293331	0.9981563348880957
PDCD4	7.11116301922743	0.542405029538332	0.9752817207409212	0.5781068444544559	0.9997507862781244	1.09697655388127	0.8884288047406256	0.21692813396523003	0.9996654566602691	-0.5545715243429379	0.9388667279036348	0.5547336193759378	0.9981563348880957
PDCD5	8.288271388417089	0.5374445248030452	0.8163870638619712	0.5103320625497643	0.9997507862781244	1.0868925556346993	0.7415958983431901	0.14275376002090945	0.9996654566602691	-0.5494480308316543	0.7843757543337191	0.4836208238286779	0.9981563348880957
PDCD6	7.867116276113466	0.07760889481096354	0.7875016594934788	0.9214949596078928	0.9997507862781244	-0.33207891294594666	0.7402297739634854	0.6537086968568147	0.9996654566602691	0.4096878077569102	0.7959744632882577	0.6067628916305219	0.9981563348880957
PDE4DIP	4.574046286798147	1.2699118011445278	1.0293698338360404	0.21732259506547202	0.9997507862781244	0.39385403876064096	0.9956387627070084	0.6924154443785624	0.9996654566602691	0.8760577623838869	1.0044616326320461	0.3831175652218478	0.9981563348880957
PDHA1	12.036540888850615	0.3762167363609781	0.7498520799552547	0.6158636018880955	0.9997507862781244	0.2107626161159682	0.7054891362214819	0.7651332517424693	0.9996654566602691	0.1654541202450099	0.7447023544771049	0.824177785929241	0.9981563348880957
PDHB	7.758625569325208	-0.7718827628862908	0.7944220286192857	0.331235599994088	0.9997507862781244	-0.8301851878937665	0.7255388394356018	0.25252718941782537	0.9996654566602691	0.0583024250074758	0.8160108106863921	0.9430411262001847	0.9981563348880957
PDIA3	21.56274800925692	0.04061167102062862	0.6629658904738127	0.951154091660297	0.9997507862781244	0.27848779011609454	0.6219399969650897	0.6543172031524404	0.9996654566602691	-0.2378761190954659	0.6593197301592402	0.7182562646431992	0.9981563348880957
PDIA4	5.266771504411907	-0.24726054692008373	0.8953385294588327	0.7824218683819479	0.9997507862781244	0.6405435850425546	0.777705383452236	0.41014828972071804	0.9996654566602691	-0.8878041319626383	0.8698618778057274	0.3074314031182005	0.9981563348880957
PDIA6	20.539130141710764	0.7475336444498705	0.6435901792960469	0.24543631741472915	0.9997507862781244	-0.007045444756263815	0.6234660339565119	0.9909837398545818	0.9996654566602691	0.7545790892061343	0.643410266794227	0.24088379323183673	0.9981563348880957
PDK4	41.81938689730861	1.7887946072825618	0.9909077378997633	0.07104213456410664	0.9997507862781244	0.23325960505664411	0.9896924467879977	0.8136740203367832	0.9996654566602691	1.5555350022259176	0.989082697068024	0.11578721202579553	0.9981563348880957
PDLIM4	4.724059287391734	0.4982364519100874	1.0289810206590602	0.6282412875096317	0.9997507862781244	0.6649700432283463	0.9479574451227276	0.4830055817548351	0.9996654566602691	-0.16673359131825885	1.0028896574099113	0.8679577128136446	0.9981563348880957
PDXK	5.454016947477684	0.13575863237238867	0.9587071859524087	0.8873912746776678	0.9997507862781244	-0.6380863522932181	0.9192980195241157	0.48761840927154887	0.9996654566602691	0.7738449846656067	0.980049485396054	0.4297626534807911	0.9981563348880957
PDZK1IP1	5.785145817416439	-0.9973143845956045	1.1506027873791438	0.38606499121629656	0.9997507862781244	0.5859964807316812	0.9894248243306741	0.5536766766582776	0.9996654566602691	-1.5833108653272856	1.1369633892418813	0.16374726320948785	0.9981563348880957
PEBP1	108.72786294899333	0.6361682375070793	0.6591266634787348	0.3344604638791192	0.9997507862781244	-0.3108514856455428	0.6551764345146657	0.6351757519398076	0.9996654566602691	0.9470197231526222	0.660361012400827	0.15154545828754232	0.9981563348880957
PEPD	4.3688359246559765	-0.16216461002039487	0.9763539949694535	0.8680845318250301	0.9997507862781244	-0.2925680437881417	0.8982193324475108	0.7446361748592256	0.9996654566602691	0.13040343376774685	0.9859485117402763	0.8947771337047221	0.9981563348880957
PERP	8.319860789497294	-0.28400351002971524	0.7946513883565439	0.7207969886861036	0.9997507862781244	0.4423432990156351	0.7037687116633848	0.5296534963519888	0.9996654566602691	-0.7263468090453504	0.7824355187109883	0.35324407582071593	0.9981563348880957
PET100	16.515052957814337	-0.08146100204885785	0.7044859226601876	0.9079443291118376	0.9997507862781244	0.5860953721771992	0.6424089626688572	0.3615897809013455	0.9996654566602691	-0.6675563742260572	0.6948067880166856	0.33666286301694426	0.9981563348880957
PFDN1	5.162101998068635	-0.7581940904006592	0.9231087235453906	0.41144771211866227	0.9997507862781244	-0.046471193364933	0.803879418513234	0.9539010386679841	0.9996654566602691	-0.7117228970357262	0.922945632407417	0.44062228259426195	0.9981563348880957
PFDN2	11.557082228407642	0.3860950976833116	0.7181297074658514	0.5908257615492029	0.9997507862781244	0.009443526187454818	0.677702693195653	0.9888821455444035	0.9996654566602691	0.3766515714958568	0.7169639885445442	0.5993451979396556	0.9981563348880957
PFDN4	4.049569944793828	-0.6706347543789393	1.0910067675365045	0.5387571617831493	0.9997507862781244	-0.08029610018802907	0.959764616364776	0.9333249447490223	0.9996654566602691	-0.5903386541909103	1.0922263977939346	0.5888583926904709	0.9981563348880957
PFDN5	70.890079066147	0.059245763340193394	0.5092599447941456	0.9073854798208804	0.9997507862781244	0.14714300931221336	0.4915947778126966	0.7646976644981164	0.9996654566602691	-0.08789724597201996	0.5085408994780093	0.8627755919713944	0.9981563348880957
PFKL	6.5526307142566	-0.03818225888640842	0.8322823626938393	0.9634086300768723	0.9997507862781244	-0.17476876717806347	0.7684889147800096	0.8200981632892851	0.9996654566602691	0.13658650829165503	0.8363308617265919	0.8702693569982187	0.9981563348880957
PFN1	45.695686056840074	-0.7094952709462279	0.6245903336465627	0.25598293102855985	0.9997507862781244	0.3065060641842844	0.5851299323936502	0.600399814823741	0.9996654566602691	-1.0160013351305122	0.6228426690733129	0.10284122572364769	0.9981563348880957
PFN2	7.425236048338801	-0.62171540859254	0.8304461766723238	0.45406682363697604	0.9997507862781244	-0.9404443351507111	0.7719196085000107	0.22310276783084115	0.9996654566602691	0.3187289265581711	0.8564213906339179	0.7097709946303381	0.9981563348880957
PGAM1	7.979009590801898	0.09068231774477391	0.769170787010192	0.9061498992608799	0.9997507862781244	-0.3566931187550463	0.723111390249296	0.621817950697187	0.9996654566602691	0.44737543649982014	0.778743768679867	0.5656406710356204	0.9981563348880957
PGD	2.252839386765972	-0.5967768598236028	1.255511063086335	0.6345547388075212	0.9997507862781244	0.036812636240653264	1.0982913720120544	0.9732614349841824	0.9996654566602691	-0.6335894960642562	1.2508518673214017	0.612487159907898	0.9981563348880957
PGK1	19.92564405978569	0.5327513967331861	0.6534426289098274	0.4149009403620785	0.9997507862781244	0.2889020006550051	0.6221547170323962	0.6423918739930652	0.9996654566602691	0.243849396078181	0.6485590703566816	0.7069269997969394	0.9981563348880957
PGLS	7.00179356057489	0.14712974891324887	0.7788320627834758	0.8501627681925655	0.9997507862781244	-1.2847513559400021	0.7801918133167063	0.09961722101489685	0.9996654566602691	1.431881104853251	0.8313374127990876	0.08500023132718479	0.9981563348880957
PGP	4.4409898979956735	0.45030665183432966	0.9980849578985241	0.6518665521702928	0.9997507862781244	-0.15676982616236013	0.9493443916846539	0.8688378577699193	0.9996654566602691	0.6070764779966898	1.0024867654541707	0.5447999526544132	0.9981563348880957
PGRMC1	11.491321914583688	-0.30981379911516455	0.6899118091561262	0.6533862811867079	0.9997507862781244	-0.6835103721568705	0.645043249773478	0.2893107067315144	0.9996654566602691	0.37369657304170595	0.7057844731606512	0.5964746666666431	0.9981563348880957
PGRMC2	4.350991508095209	0.10317898290633577	0.9892759764106546	0.9169332844615093	0.9997507862781244	-0.34775485539204076	0.928636013601232	0.7080478416019049	0.9996654566602691	0.4509338382983765	1.00227916423632	0.6527764738117277	0.9981563348880957
PHACTR4	4.809132811213274	1.0761084080021177	1.0047121774955499	0.2841418332441086	0.9997507862781244	0.9711365420535037	0.9359318560294483	0.29944952611469333	0.9996654566602691	0.10497186594861398	0.9511489871086111	0.9121213202289522	0.9981563348880957
PHAX	3.7121640330104637	-0.15712788362175598	1.0136146166534035	0.8768076145706969	0.9997507862781244	0.549716004458228	0.8885060683305879	0.5361160122872295	0.9996654566602691	-0.706843888079984	0.9862223649984618	0.4735477621516393	0.9981563348880957
PHB	12.290560628051823	-0.03470510189057183	0.786934300350596	0.96482337674235	0.9997507862781244	-0.3040707898199279	0.7444317135446917	0.6829357821950738	0.9996654566602691	0.2693656879293561	0.7925366407189004	0.733948481343246	0.9981563348880957
PHB2	4.915244635758924	-0.8113128797294934	1.0367385715696633	0.4338839841710177	0.9997507862781244	-0.565181933803488	0.9339616734023195	0.5450828720423293	0.9996654566602691	-0.2461309459260054	1.053375803972018	0.815249565926382	0.9981563348880957
PHF20L1	4.087957790862215	0.1284058436835454	0.9607423928128964	0.8936771856402416	0.9997507862781244	0.5725632975010145	0.8588601693884576	0.5049926246656462	0.9996654566602691	-0.44415745381746913	0.9331187806937116	0.6340797878375654	0.9981563348880957
PHF3	7.072522526694653	-0.05776857726532554	0.8316736426829375	0.9446229676385308	0.9997507862781244	0.016990030759987017	0.7582745012750096	0.9821239550868861	0.9996654566602691	-0.07475860802531256	0.8292745699103429	0.9281684904919154	0.9981563348880957
PHGDH	6.300559725660057	-1.244468161826447	1.0483208353176618	0.23518573361548434	0.9997507862781244	-1.3543444167737548	0.964288926560715	0.1601698205296218	0.9996654566602691	0.10987625494730782	1.0846101312567555	0.9193084748291745	0.9981563348880957
PHIP	6.404742154073699	0.5828472157968351	0.9170706212128787	0.5250676472568478	0.9997507862781244	0.2584066135048223	0.8608502722987104	0.7640428910150633	0.9996654566602691	0.32444060229201277	0.9049853570338665	0.719966396684012	0.9981563348880957
PHPT1	24.56845279442624	-0.17454017428451968	0.6183164442883629	0.7777265775223837	0.9997507862781244	-0.23965869368105325	0.5830522740899233	0.6810420890327953	0.9996654566602691	0.06511851939653358	0.62131899160322	0.9165290322761741	0.9981563348880957
PHYH	7.6881183780228435	1.0947839976370888	0.8558755403967775	0.20084802371778143	0.9997507862781244	0.3237959073788736	0.8247577936486725	0.694618524359866	0.9996654566602691	0.7709880902582152	0.8422882207981778	0.36000818772745613	0.9981563348880957
PIGH	3.587254480270273	0.0009457846016953962	1.0940452771976716	0.9993102416753008	0.9997507862781244	-0.5281839199872032	1.032555009219594	0.6089792711415747	0.9996654566602691	0.5291297045888985	1.1152138674209882	0.635168506222445	0.9981563348880957
PIGR	22.65887074074125	-0.9489120709854989	0.9873544527102072	0.3365193521223797	0.9997507862781244	-0.45307674703792133	0.9416480363049669	0.6304077851072968	0.9996654566602691	-0.49583532394757757	0.9912858860179476	0.616938431964549	0.9981563348880957
PIK3C2A	6.953011055018759	0.9310363390818439	0.8624516854125894	0.2803546937062631	0.9997507862781244	-0.21565460832237973	0.8448167786584998	0.7985161878578848	0.9996654566602691	1.1466909474042235	0.8690856971369012	0.18702800981273104	0.9981563348880957
PIK3R1	9.252882923006096	0.753863883677674	0.7910282785401832	0.3405811456195118	0.9997507862781244	-0.02811035534090595	0.7616222276823675	0.9705579399948517	0.9996654566602691	0.7819742390185799	0.7905656777885377	0.32259829748354873	0.9981563348880957
PIM3	6.564952456812406	0.8170854022302951	0.940718082667721	0.38507893925599823	0.9997507862781244	1.0281403285548785	0.86960181368081	0.23708207682126137	0.9996654566602691	-0.21105492632458334	0.9033580796010348	0.815269332129844	0.9981563348880957
PIN1	6.063143917316538	-0.551957617885096	0.9484096575287233	0.5605786145699454	0.9997507862781244	-0.3999217763444157	0.8651441993554656	0.6438946993835903	0.9996654566602691	-0.15203584154068028	0.9585723320369842	0.8739788753441775	0.9981563348880957
PIN4	8.815460584665125	0.018880160070131245	0.7852593901862914	0.9808181383567964	0.9997507862781244	0.5366405700718871	0.7064479146142083	0.4474744775610525	0.9996654566602691	-0.5177604100017559	0.7701322895751969	0.5013923399023084	0.9981563348880957
PINK1	4.369475243395247	0.4192794727232544	0.9799717883775944	0.6687614141056497	0.9997507862781244	-0.2720870796207353	0.9347518389836869	0.770990533027381	0.9996654566602691	0.6913665523439897	0.989613890756328	0.4847879647817295	0.9981563348880957
PJA2	8.050614816093878	0.1472707493275195	0.8142972494317636	0.8564804075919239	0.9997507862781244	-0.06301664933128609	0.7573220109773293	0.9336846824197597	0.9996654566602691	0.21028739865880558	0.814778886406721	0.7963363921198336	0.9981563348880957
PKHD1	25.574843128406094	3.336885158163344	0.8685246199948393	0.00012202806734519003	0.04342455939383834	-0.08974356710701295	0.9061233305861708	0.9211055360356156	0.9996654566602691	3.4266287252703567	0.8704971050325416	8.271151187434024e-05	0.026921870119527916
PKIG	5.674181078430311	0.024217629759530738	0.8687159674368765	0.9777598535205968	0.9997507862781244	0.06317917766352797	0.7923086549645757	0.936443557945644	0.9996654566602691	-0.03896154790399722	0.8636769317771376	0.9640186325815521	0.9981563348880957
PKM	41.887940866387865	0.04649128912703757	0.6018545631952689	0.9384272778413129	0.9997507862781244	-0.04950922553834835	0.5798019306643126	0.9319514270494398	0.9996654566602691	0.09600051466538591	0.6023616577096306	0.8733745780357316	0.9981563348880957
PKN2	8.573980466444375	1.1028137868904535	0.815624692119724	0.17634033096291946	0.9997507862781244	0.21950261673600832	0.7890198047981425	0.7808614547071631	0.9996654566602691	0.8833111701544452	0.8049634328552285	0.2724968102626938	0.9981563348880957
PKP4	16.966072850885812	1.885878821087405	0.7081173371344627	0.007739466126253915	0.9466962061229397	-1.1275903473403455	0.7563451092618383	0.13600322777923166	0.9996654566602691	3.01346916842775	0.7498819918848779	5.854714951725039e-05	0.026921870119527916
PLA2G12A	6.992813541890957	0.2732542005703537	0.8286355358383112	0.7415782620446045	0.9997507862781244	-1.1953381075048595	0.8276077199414001	0.14864635791491856	0.9996654566602691	1.4685923080752132	0.8745021912715905	0.09308450809287792	0.9981563348880957
PLAAT4	7.244105409284482	-0.8195815076960614	1.0547296830328166	0.43712714186433443	0.9997507862781244	1.1765616621802315	0.8856670149798117	0.1840304914672325	0.9996654566602691	-1.9961431698762928	1.026351729518253	0.05178798958955527	0.9981563348880957
PLCB1	20.34136179866404	3.6476647555132002	0.8538437321439034	1.936824641856583e-05	0.015151222096697836	-0.9440503891957479	0.9626962960767227	0.32677445561331864	0.9996654566602691	4.591715144708949	0.9105558173049509	4.5886281448566604e-07	0.00038100909029459805
PLCG2	28.92788935637673	2.2102212996757618	1.932061693177552	0.25263593177780985	0.9997507862781244	3.6831097554532137	1.9109327368341744	0.053931233398329476	0.9996654566602691	-1.4728884557774515	1.9014098207195211	0.43855852191859335	0.9981563348880957
PLD3	7.3706121649194545	0.1268780994531466	0.8416282342588708	0.8801704521520725	0.9997507862781244	-0.4366280908787132	0.7968683180658112	0.5837399398951835	0.9996654566602691	0.5635061903318598	0.8547153137317761	0.5097088632393231	0.9981563348880957
PLEKHA1	6.247194285530679	-0.7608294124268454	0.8998597641288887	0.39783298433197434	0.9997507862781244	0.7346183980164122	0.7556869061200471	0.3309908252526462	0.9996654566602691	-1.4954478104432576	0.8780881343642556	0.08855448957579821	0.9981563348880957
PLEKHA5	6.715558291596344	0.37092731514492877	0.871187964936877	0.6702740979495443	0.9997507862781244	-0.7631061130028481	0.8517926736591901	0.3703155447542116	0.9996654566602691	1.1340334281477769	0.8982182350614143	0.2067557523481468	0.9981563348880957
PLEKHB2	8.853314619443573	0.6529551059389334	0.7540190880458069	0.38650865287101854	0.9997507862781244	0.8600204918935223	0.6908837221671932	0.2132007874862275	0.9996654566602691	-0.20706538595458893	0.7246807667019661	0.7750824410916719	0.9981563348880957
PLEKHH2	5.498802131280726	0.5196244333511396	0.8768701139250237	0.5534555940595922	0.9997507862781244	0.00021316479411119817	0.8285027392843108	0.9997947129343248	0.9997947129343248	0.5194112685570283	0.8735297838586071	0.5521028746999578	0.9981563348880957
PLEKHJ1	8.771267570414842	-0.6229255315920621	0.8093538783776792	0.4415029043771075	0.9997507862781244	-0.12179799002381418	0.723573079650934	0.8663248334541633	0.9996654566602691	-0.501127541568248	0.8114819627395944	0.5368745674981475	0.9981563348880957
PLGRKT	5.023132052909365	0.033051497334796384	0.8788954334105065	0.9700020456554275	0.9997507862781244	-0.7553887047261256	0.842787301845805	0.3700935435920598	0.9996654566602691	0.788440202060922	0.9105666508391885	0.3865567245878293	0.9981563348880957
PLP2	8.243456723152661	-0.38104378858640553	0.8091234564999996	0.6376878294905637	0.9997507862781244	-0.05790110478907184	0.7279973232907285	0.9366072711433228	0.9996654566602691	-0.3231426837973337	0.8095530734447277	0.6897739684317723	0.9981563348880957
PLSCR1	6.5785658135885186	0.30740563659056647	0.9673544228587405	0.7506520201563965	0.9997507862781244	0.5587530606116548	0.8848291227091352	0.5277258607437055	0.9996654566602691	-0.25134742402108823	0.9468505090943375	0.7906579772390174	0.9981563348880957
PMF1	6.114984711607216	0.27768636324231494	0.8068978466067217	0.7307405006598243	0.9997507862781244	-0.5594778879571893	0.7758216475673102	0.4708219039211593	0.9996654566602691	0.8371642511995043	0.8268984369487055	0.3113397443512239	0.9981563348880957
PMPCB	4.337989428489043	-0.3042462654467265	0.9356418525827196	0.7450494972006703	0.9997507862781244	-0.06457932406044854	0.8389655770120784	0.9386434816339895	0.9996654566602691	-0.23966694138627792	0.9353889240522266	0.7977796526810452	0.9981563348880957
PMVK	7.527429842581956	0.2987706967999204	0.7887518639418334	0.7048443992478355	0.9997507862781244	-0.5718195590227856	0.7598026428544722	0.4516965754650599	0.9996654566602691	0.870590255822706	0.8065596394419838	0.2804150966147484	0.9981563348880957
PNISR	24.391097486713598	-0.291393555375178	0.6304476027940525	0.6439371373926415	0.9997507862781244	-0.6336649528453779	0.5989912851773224	0.29010706983939083	0.9996654566602691	0.3422713974701999	0.6390049148887199	0.5922129982094559	0.9981563348880957
PNKD	20.2148599327039	-0.18642286836108835	0.7100339098802411	0.7928936803085163	0.9997507862781244	-0.683969404242506	0.6817946134138646	0.3157692917567241	0.9996654566602691	0.49754653588141756	0.7195777786398422	0.48928761042810576	0.9981563348880957
PNN	12.449992977623205	-0.805276670386579	0.7752568286788539	0.2989338383042117	0.9997507862781244	-0.27266505519893475	0.6973000621357355	0.6957752603773821	0.9996654566602691	-0.5326116151876443	0.7799420989170496	0.49467882030745125	0.9981563348880957
PNP	5.808818625466939	-0.515650171473735	0.9289112100709578	0.5788177520955157	0.9997507862781244	0.9500390515043623	0.7824668758880741	0.2246870857961626	0.9996654566602691	-1.4656892229780971	0.8963971955340945	0.10203038500821582	0.9981563348880957
PNPLA4	2.8681528000284255	0.5085553275507121	1.0958992789558395	0.6426097873970447	0.9997507862781244	-0.3636994976761252	1.057034099485752	0.7307895349222424	0.9996654566602691	0.8722548252268373	1.1130765629329216	0.4332495284357776	0.9981563348880957
PNRC1	21.917053189296198	-0.2221800458396558	0.6869217834781146	0.7463597649970573	0.9997507862781244	0.317974650400946	0.6375169181402138	0.6179410517152952	0.9996654566602691	-0.5401546962406019	0.683061086011644	0.4290692634771357	0.9981563348880957
PNRC2	9.222356405360802	-0.3054133072138039	0.7422710354522682	0.6807367800992301	0.9997507862781244	-0.15073151012299	0.6734399325781598	0.8228948429316651	0.9996654566602691	-0.15468179709081387	0.7450642145051489	0.8355345274215957	0.9981563348880957
POGZ	8.146278586704367	0.5936601134507989	0.8045875129504901	0.460609218403201	0.9997507862781244	-0.668765141535847	0.7931980657722999	0.39915852248969985	0.9996654566602691	1.262425254986646	0.8289570350674231	0.12778173772701457	0.9981563348880957
POLD4	7.337050035951386	-0.664604552420559	0.860649809391188	0.4399885713719671	0.9997507862781244	0.25219847087253144	0.7460081287896825	0.735314980247048	0.9996654566602691	-0.9168030232930904	0.85240541582251	0.28212941048089035	0.9981563348880957
POLDIP2	5.99628214539184	0.49350732202348524	0.8350212498780607	0.5545125867631481	0.9997507862781244	-0.16549848861468427	0.7951106098975592	0.8351155643199616	0.9996654566602691	0.6590058106381695	0.8390342840302082	0.432199322592172	0.9981563348880957
POLR1D	5.600794582039348	-0.02359272856016547	0.8718130534635331	0.9784105360300592	0.9997507862781244	0.4007575389329134	0.7784350265581081	0.6066755595486979	0.9996654566602691	-0.4243502674930788	0.8541861828640828	0.6193378795588043	0.9981563348880957
POLR2C	5.682291223128587	0.09018377800697179	0.845322880128645	0.9150384075496045	0.9997507862781244	-0.15789184243562385	0.7841178035656898	0.8404152138431531	0.9996654566602691	0.24807562044259562	0.8489120742046024	0.7701125362326363	0.9981563348880957
POLR2E	7.506608692077328	-0.1575276318612458	0.7830692148791408	0.8405680469937822	0.9997507862781244	0.1245798217356959	0.7069181625631625	0.8601136598059818	0.9996654566602691	-0.2821074535969417	0.7780995140819631	0.7169338892892155	0.9981563348880957
POLR2F	7.810507070080845	-0.3541651461993705	0.7801124414932098	0.6498342723580222	0.9997507862781244	-0.035677464194849434	0.7017554199965459	0.9594527684115884	0.9996654566602691	-0.3184876820045211	0.779883518583357	0.682995796126465	0.9981563348880957
POLR2G	5.995208741073773	-0.500313131048501	0.8446945327133448	0.5536492725824003	0.9997507862781244	-0.2894078670347476	0.7591365036775564	0.703030383529405	0.9996654566602691	-0.21090526401375337	0.8523783706414855	0.804574293713265	0.9981563348880957
POLR2H	6.366545237030126	-0.0405859078944621	0.8411616573014316	0.9615171369283934	0.9997507862781244	-0.5929055918257485	0.7938546193316991	0.4551424985250989	0.9996654566602691	0.5523196839312865	0.8610701197332625	0.5212407241003749	0.9981563348880957
POLR2I	13.11336384998529	0.5094544732155319	0.7466400491246256	0.4950306727794731	0.9997507862781244	0.50084276402787	0.6995556100068232	0.4740258200931746	0.9996654566602691	0.008611709187662004	0.7351761132553105	0.9906539500578366	0.9981563348880957
POLR2J	13.61394624372725	-0.5765269909458707	0.746759706423955	0.4400918256171985	0.9997507862781244	0.34054400899883897	0.6653573436231331	0.6087761359808923	0.9996654566602691	-0.9170709999447096	0.7408069255552354	0.2157400739128158	0.9981563348880957
POLR2J3	10.81940696898228	0.8000475886628023	0.9012127522501721	0.37467765105034345	0.9997507862781244	-0.12772190667575586	0.8772186933056041	0.884238189515363	0.9996654566602691	0.9277694953385581	0.9041107654716098	0.30481242329625724	0.9981563348880957
POLR2K	11.940795969510972	-0.05878739829441506	0.7054915775976922	0.9335905158984587	0.9997507862781244	-0.16164932381860134	0.6540561680368712	0.804792917962055	0.9996654566602691	0.10286192552418628	0.7084280464996158	0.8845550018687803	0.9981563348880957
POLR2L	40.44629460088647	0.3878422297790095	0.5700457196566118	0.49626996344167473	0.9997507862781244	0.2747350243789651	0.5476422927851765	0.6159005501506778	0.9996654566602691	0.11310720540004439	0.5675286332989513	0.8420298036584286	0.9981563348880957
POMP	23.18462172331466	-0.08072065400691698	0.6220391158499875	0.8967501311539892	0.9997507862781244	-0.2317779318648555	0.5878810466260762	0.6933891541546462	0.9996654566602691	0.15105727785793854	0.62509973569863	0.8090489870618064	0.9981563348880957
POP5	6.6288281894308945	-0.04640057788319778	1.0081724715088107	0.9632907667188295	0.9997507862781244	0.3957601544732244	0.9209903763678128	0.6674055182497725	0.9996654566602691	-0.4421607323564221	0.9970872580583253	0.6574385453612362	0.9981563348880957
POU3F3	12.486084513776104	-0.45526998840116906	0.8322719260102228	0.5843644970410283	0.9997507862781244	-1.1095968879415234	0.7955713966535116	0.16310122053834009	0.9996654566602691	0.6543268995403544	0.8560434850365514	0.44465169402773685	0.9981563348880957
PPA1	10.029397148199585	-0.2263273304690525	0.7389224339284649	0.759380990030637	0.9997507862781244	0.3818350282536411	0.6585570696530445	0.5620457705732143	0.9996654566602691	-0.6081623587226936	0.7287606706016825	0.4039903376668441	0.9981563348880957
PPA2	6.096689331020341	-0.3033579651050149	0.9181431901052184	0.7410948984820064	0.9997507862781244	0.2341327570382016	0.8201041458761357	0.7752676209302853	0.9996654566602691	-0.5374907221432165	0.9100449602490671	0.5547750849531026	0.9981563348880957
PPCS	8.132633889296601	-0.2748623818748401	0.8138455585557134	0.7355645153372158	0.9997507862781244	-0.6237970172125664	0.7620640421027927	0.41303609224688187	0.9996654566602691	0.34893463533772634	0.8295987089716411	0.6740424236803013	0.9981563348880957
PPDPF	62.2903902373318	-1.1357148770914358	0.617910885175436	0.06606367634388007	0.9997507862781244	-0.1085009225454884	0.5837258998580855	0.8525416176052811	0.9996654566602691	-1.0272139545459475	0.618509066934179	0.09675553888530868	0.9981563348880957
PPIA	61.370542836554215	-0.2527361847388119	0.5701965755565633	0.65758928956472	0.9997507862781244	-0.3269953894641866	0.552178018577157	0.5537220449456106	0.9996654566602691	0.07425920472537471	0.5721823209747559	0.8967385742494707	0.9981563348880957
PPIB	18.89064000128298	-0.47235939266460136	0.690041645439431	0.49363580903130155	0.9997507862781244	-0.4783568835416923	0.6466203892046565	0.4594334476613038	0.9996654566602691	0.005997490877090959	0.6966570645899586	0.993131130783755	0.9981563348880957
PPIC	3.899118749915717	-0.6112234034326856	1.105444960402037	0.5803177110281008	0.9997507862781244	-0.1357849446690844	0.9833149110756357	0.8901701017919085	0.9996654566602691	-0.4754384587636012	1.108859278352727	0.6680952955695902	0.9981563348880957
PPIG	14.82298991983387	-0.607230534235014	0.6718076110898991	0.36606134762397413	0.9997507862781244	-0.009936213785492878	0.6017114810687277	0.9868249293431581	0.9996654566602691	-0.5972943204495211	0.6715921727562653	0.3738039506314118	0.9981563348880957
PPM1G	5.481142384286981	-7.753873948671821e-05	0.9819511148052912	0.9999369958828872	0.9999369958828872	0.2179858980177141	0.8986538887695864	0.8083390201048773	0.9996654566602691	-0.2180634367572008	0.9741891438782188	0.8228810541936173	0.9981563348880957
PPM1K	4.88073748622163	-0.46225111598391894	0.9120108930749914	0.6122613055980095	0.9997507862781244	-1.2987921543887426	0.876281449721893	0.1382968645840298	0.9996654566602691	0.8365410384048236	0.9660306208786901	0.38651370889420555	0.9981563348880957
PPP1CA	12.131462613365825	0.4740738256199412	0.6835412016766529	0.48796094867141404	0.9997507862781244	-0.04870054517702152	0.6487377910780399	0.9401592632526791	0.9996654566602691	0.5227743707969627	0.6836856130256856	0.4444850690379448	0.9981563348880957
PPP1CB	20.846563134609806	1.4734803628419642	0.7442549327630039	0.047725334734221095	0.9997507862781244	0.48955919933262837	0.7308048689574719	0.5029276308480817	0.9996654566602691	0.9839211635093357	0.7345750503332513	0.1804266076420692	0.9981563348880957
PPP1R10	10.38344355819327	0.7205746720784775	0.8810204002107184	0.413422012233322	0.9997507862781244	1.637436027914676	0.8025772823003786	0.041328194707359024	0.9996654566602691	-0.9168613558361987	0.839288553514101	0.2746455239962673	0.9981563348880957
PPP1R12A	7.563268282943391	1.06383023529998	0.829934386219606	0.19990421528103186	0.9997507862781244	0.3754616425084911	0.7946206182181761	0.6365668880082553	0.9996654566602691	0.6883685927914889	0.8114185075540294	0.39624191179393176	0.9981563348880957
PPP1R14B	4.588497761838124	-0.8013102510800711	1.0881078990122788	0.46147187604091955	0.9997507862781244	0.17177686689148122	0.945574610218332	0.8558464188961104	0.9996654566602691	-0.9730871179715525	1.081948078481596	0.3684479974854612	0.9981563348880957
PPP1R15A	19.78741396653061	-0.5140679993488473	1.0345112240604415	0.6192463657449581	0.9997507862781244	1.4657182107841638	0.951414464443393	0.12342208085107381	0.9996654566602691	-1.979786210133011	1.0205951809286362	0.052399750678244886	0.9981563348880957
PPP1R1A	16.58407991182344	1.2624136929850658	0.7804558760661169	0.10576312401273305	0.9997507862781244	-0.1699756664294486	0.775084624358674	0.8264167555356207	0.9996654566602691	1.4323893594145143	0.7838621735348553	0.06764738879963762	0.9981563348880957
PPP1R2	8.619050417543194	-0.2704530924770277	0.8783370409352308	0.7581470614242019	0.9997507862781244	1.0110839984885498	0.766853446908344	0.1873416783780395	0.9996654566602691	-1.2815370909655777	0.8538341024513821	0.13337613036748852	0.9981563348880957
PPP1R7	4.026336969485565	-1.073762700566383	1.0415987940028568	0.3025973956323429	0.9997507862781244	-0.6693712650003268	0.9202532073790589	0.4669948752516131	0.9996654566602691	-0.4043914355660562	1.0634006011110357	0.7037365645003264	0.9981563348880957
PPP2CB	5.589889523984056	0.03774842480949531	0.8592447892877462	0.9649585308607793	0.9997507862781244	-0.15255517361366958	0.7940161458743281	0.8476395360430716	0.9996654566602691	0.19030359842316488	0.8626592927503124	0.8254030358944915	0.9981563348880957
PPP2R1A	7.468259797747006	0.0016105279396181583	0.8231605416147981	0.9984389259531181	0.9997507862781244	0.33270771068037036	0.745932489104354	0.6555761154572944	0.9996654566602691	-0.33109718274075217	0.8125591149828569	0.6836594617163936	0.9981563348880957
PPP2R2A	5.143911796487265	-0.04240325236444085	0.8868539963782721	0.9618651840305962	0.9997507862781244	-0.2582421534400905	0.8196247999988144	0.7527057567784539	0.9996654566602691	0.21583890107564963	0.8947792398646246	0.8093843917560222	0.9981563348880957
PPP2R5C	9.7300535801039	1.121727281196227	0.9497270434656157	0.23756104672668066	0.9997507862781244	0.814439847591935	0.9068972246437559	0.369158426325242	0.9996654566602691	0.3072874336042921	0.9252705461275309	0.7398096002761456	0.9981563348880957
PPP4C	7.685493013185261	-0.8272564695687498	0.828924034688187	0.3182850430191402	0.9997507862781244	-0.29053303066658215	0.7352408145537292	0.6927295579103736	0.9996654566602691	-0.5367234389021676	0.835168470936296	0.5204493501018136	0.9981563348880957
PPP4R2	5.219682591299082	-0.16642312722668032	0.8563937883525862	0.8459173849141299	0.9997507862781244	-0.014916961242058028	0.773689176289614	0.9846174974581052	0.9996654566602691	-0.1515061659846223	0.8543288979557532	0.8592418120194125	0.9981563348880957
PPP4R3B	3.1617524283405714	-0.44551886142725056	1.1974417976711678	0.7098490065287741	0.9997507862781244	1.4142773682524972	0.9905478283638132	0.15335722882213115	0.9996654566602691	-1.8597962296797477	1.1338874087907245	0.10096467054226888	0.9981563348880957
PRCP	5.106996881703464	-0.10264655456314102	0.8994210281796006	0.9091385902307035	0.9997507862781244	-0.27449588571784544	0.8307149446513664	0.7410725787422348	0.9996654566602691	0.17184933115470444	0.9074584188330713	0.8497994411879597	0.9981563348880957
PRDX1	34.66083303382117	0.2878858758154071	0.5545960295076442	0.6036971983251933	0.9997507862781244	0.2652095956328796	0.5274818543738712	0.6151159320752273	0.9996654566602691	0.022676280182527514	0.5517592738477644	0.9672176569845141	0.9981563348880957
PRDX2	46.20124052268251	0.3500792858304224	0.7433964655433641	0.6376988043930778	0.9997507862781244	-0.23293707787848353	0.731656926073879	0.7502048492014008	0.9996654566602691	0.583016363708906	0.7451015321360405	0.43394095779798025	0.9981563348880957
PRDX3	23.033823284732716	0.5864750046063766	0.6868022219579458	0.39314863038063363	0.9997507862781244	-0.09781273148398284	0.6668637195520931	0.8833879658525053	0.9996654566602691	0.6842877360903594	0.6881984777506056	0.3200683565892971	0.9981563348880957
PRDX4	4.6448343971389185	0.7256519415608077	0.980512985760469	0.45925523370987476	0.9997507862781244	0.3236994058752034	0.9244543800566918	0.7262247446831565	0.9996654566602691	0.40195253568560435	0.9638796985023251	0.6766672515395853	0.9981563348880957
PRDX5	42.97099823435172	0.23097660748166013	0.5984641678631384	0.6995344890323931	0.9997507862781244	-0.2507172060560969	0.5821395337199675	0.6666993745204424	0.9996654566602691	0.481693813537757	0.600688713211076	0.42260932839517173	0.9981563348880957
PRDX6	29.60492632585698	0.11918320463255652	0.5868537327053903	0.8390659129276496	0.9997507862781244	-0.47832678688252855	0.5657569973135128	0.3978522062549953	0.9996654566602691	0.5975099915150851	0.5928469039399411	0.3135189953258011	0.9981563348880957
PRELID1	12.268994329810207	0.05964859602554133	0.6876952543689752	0.9308805969855396	0.9997507862781244	0.025590001460086827	0.6371116396894722	0.9679610649388426	0.9996654566602691	0.03405859456545451	0.6863845740872182	0.9604249856534235	0.9981563348880957
PREPL	5.1163523654065095	0.582492073395559	0.8721432983607704	0.504206529740822	0.9997507862781244	-0.11344424230318909	0.8331943020195313	0.8916981109069566	0.9996654566602691	0.695936315698748	0.8735706020855867	0.4256501435077884	0.9981563348880957
PRKAA2	6.162622244604997	1.1087007989956823	0.8750658626794376	0.20515841541929059	0.9997507862781244	-0.6986989865112953	0.8947309585374682	0.4348589579464758	0.9996654566602691	1.8073997855069774	0.9101047625546119	0.04704165416647622	0.9981563348880957
PRKAR1A	12.616881148817939	0.313052224615885	0.7943877038179035	0.6935220523541878	0.9997507862781244	0.1140870147459477	0.7491833398265735	0.878964650333919	0.9996654566602691	0.1989652098699373	0.7914087553179349	0.8014999359516009	0.9981563348880957
PRKDC	6.931584155430214	-0.5273169273001526	0.9411868230599533	0.5752966013706029	0.9997507862781244	0.31691851530542964	0.8328739709400791	0.703565412954299	0.9996654566602691	-0.8442354426055823	0.9326524247595114	0.36536031211063913	0.9981563348880957
PRKX	2.535773834154168	1.6124867776667493	1.300742069770218	0.21509865657732474	0.9997507862781244	2.147616361662927	1.1913257367130228	0.07143356737329366	0.9996654566602691	-0.5351295839961775	1.1258317370529243	0.6345593852478322	0.9981563348880957
PRMT1	6.225282148515494	-0.9492859598053117	0.97958054792425	0.3325083098230641	0.9997507862781244	-0.1365196204451669	0.8627759071958288	0.8742732007703706	0.9996654566602691	-0.8127663393601449	0.9823437672229205	0.40802473920208926	0.9981563348880957
PRPF38B	10.067485093070696	-0.31332044396034603	0.8068912561380731	0.6977898471627888	0.9997507862781244	0.30152785019006706	0.7218577803013516	0.6761585149862643	0.9996654566602691	-0.6148482941504131	0.7990512109430158	0.4416125954133041	0.9981563348880957
PRPF40A	8.009031260631327	-0.0941098385794516	0.7901995917366477	0.90519907113513	0.9997507862781244	-0.2896855108416659	0.7315178934590109	0.6921005657161741	0.9996654566602691	0.19557567226221426	0.7976117698682608	0.8063003471776468	0.9981563348880957
PRPF4B	9.636494374973282	-0.05230641560522118	0.747532473764633	0.9442158676603233	0.9997507862781244	0.5221660790398577	0.6685241981783484	0.4347596682514929	0.9996654566602691	-0.5744724946450789	0.7330427726809344	0.4332266721694452	0.9981563348880957
PRPF6	4.99553224341781	-0.2575826555325285	0.869067651967163	0.7669325300055063	0.9997507862781244	-0.5659458104481085	0.8064343138345126	0.48281147147294	0.9996654566602691	0.30836315491558003	0.8890203870521779	0.7286985745243258	0.9981563348880957
PRPF8	4.868748848351484	0.1366725725489413	0.9905096127260736	0.8902545834074432	0.9997507862781244	0.3420112770444665	0.8987562179049969	0.7035457778246358	0.9996654566602691	-0.2053387044955252	0.9739236506405134	0.8330148151456296	0.9981563348880957
PRR13	21.99614180599983	-0.1731055019944372	0.7537427352473217	0.8183550047425825	0.9997507862781244	0.4037299301907723	0.7070672091741104	0.5680048641452207	0.9996654566602691	-0.5768354321852095	0.7493892682199351	0.4414537123471455	0.9981563348880957
PRR34-AS1	8.4418200964867	0.4512476737778713	0.9266965415408901	0.6262992760759671	0.9997507862781244	0.46711713790764753	0.863637309738622	0.5885958921567724	0.9996654566602691	-0.015869464129776252	0.912201584627244	0.9861199958823903	0.9981563348880957
PRRC2C	15.619696168930286	-0.8146743218398986	0.7651205430432801	0.2869818455121782	0.9997507862781244	0.22285156834447217	0.6830830280688366	0.7442399431536231	0.9996654566602691	-1.037525890184371	0.7618961699635277	0.17327108582250172	0.9981563348880957
PRSS8	9.11332605354616	0.30631665964801247	0.7213919836425344	0.6711145239682028	0.9997507862781244	0.11889771482120322	0.6698254222932214	0.8591113239722168	0.9996654566602691	0.1874189448268093	0.7160239385419762	0.7935145352929509	0.9981563348880957
PRXL2A	12.965700641615586	0.46164191487157163	0.7417252668155269	0.5336858743865633	0.9997507862781244	-0.10090561797482896	0.7101135260851406	0.8870027023122659	0.9996654566602691	0.5625475328464006	0.7434402509183052	0.44924066169725774	0.9981563348880957
PSAP	37.956406823252834	0.18037319094035403	0.5835324028261727	0.7572411245849399	0.9997507862781244	0.17207161459508194	0.5579435319940729	0.7577754874423799	0.9996654566602691	0.008301576345272099	0.5819871776355182	0.9886192080512181	0.9981563348880957
PSENEN	3.505435551601512	-0.12834501251060154	1.0758963239894366	0.9050446190582688	0.9997507862781244	-0.5962587117587689	1.0108726990920747	0.5552942356856618	0.9996654566602691	0.46791369924816734	1.0994277948533702	0.6704011766468962	0.9981563348880957
PSIP1	6.265640773687897	-0.2635958545627654	0.8580625639812234	0.7586920015747325	0.9997507862781244	0.2876317919308558	0.762068400158088	0.7058498679963581	0.9996654566602691	-0.5512276464936212	0.8475391750956391	0.5154428934236763	0.9981563348880957
PSMA1	10.437565310509004	-0.4331325988839653	0.7833815840600405	0.5803310823056909	0.9997507862781244	0.3193040759019818	0.6989332716407801	0.647782555848452	0.9996654566602691	-0.7524366747859471	0.7763784422304902	0.33246424473876424	0.9981563348880957
PSMA2	13.988173621053742	-0.8269765442935805	0.8649774649634263	0.3390383073293193	0.9997507862781244	-0.29728404529233615	0.7991387337989623	0.7098887161110664	0.9996654566602691	-0.5296924990012443	0.8690481408462857	0.5421872343397792	0.9981563348880957
PSMA3	7.068578744399181	-0.36811712291949117	0.8415069235138576	0.6617850993064812	0.9997507862781244	0.3227960966417298	0.743702074390253	0.6642597378827659	0.9996654566602691	-0.690913219561221	0.8314148699063352	0.4059685587335635	0.9981563348880957
PSMA3-AS1	10.897565444906924	0.25625136285379446	0.8967149616474862	0.7750567398659889	0.9997507862781244	-0.1844919462251207	0.855127272151587	0.8291842314632321	0.9996654566602691	0.4407433090789151	0.9007039959985875	0.6246066527495091	0.9981563348880957
PSMA4	11.813698359287711	-0.7768605712812419	0.766283371898546	0.31067664518679317	0.9997507862781244	-0.40367416055608224	0.693317010364962	0.5604076910529261	0.9996654566602691	-0.3731864107251596	0.7735890407901692	0.6295153415910946	0.9981563348880957
PSMA5	6.742929130166959	-0.3130824438598133	0.8431664708437244	0.7104010846795872	0.9997507862781244	-0.5183144798366112	0.7794099651575629	0.5060448693243299	0.9996654566602691	0.20523203597679782	0.858242374798067	0.8110042947831217	0.9981563348880957
PSMA6	11.668036714105451	0.11185562301482581	0.7104860670847132	0.8749017551341138	0.9997507862781244	-0.037883065236911984	0.6620568073368205	0.9543697363415915	0.9996654566602691	0.14973868825173778	0.7105765459747924	0.8330991796442115	0.9981563348880957
PSMA7	27.59979886006325	0.20776911530725473	0.603145669627872	0.7304884572476313	0.9997507862781244	0.28654519831105907	0.5706429451242502	0.6155659019303992	0.9996654566602691	-0.07877608300380434	0.5997459701720966	0.8954991657519472	0.9981563348880957
PSMB1	17.173478288652593	-0.25749649377289635	0.6713318609603484	0.7013041001854942	0.9997507862781244	-0.4043473110117482	0.6299814267195326	0.5209770419186258	0.9996654566602691	0.14685081723885182	0.6776662088546188	0.8284415157142028	0.9981563348880957
PSMB10	4.028265917495455	-0.1935943329182639	1.0723743910275183	0.856737541139683	0.9997507862781244	0.7389390199124809	0.9304027312944566	0.4270707688559515	0.9996654566602691	-0.9325333528307448	1.0372498431595658	0.3686291707090128	0.9981563348880957
PSMB2	6.225978666433859	0.3516117096299717	0.8876477186015713	0.6920192510099118	0.9997507862781244	0.7116449576925075	0.8077281791149273	0.3782934078023523	0.9996654566602691	-0.36003324806253584	0.863374102191056	0.6766731149379093	0.9981563348880957
PSMB3	13.54443416721876	-0.2595025750928885	0.752303797295018	0.7301365770327017	0.9997507862781244	-0.10534156396688105	0.6977532317098749	0.879997392995933	0.9996654566602691	-0.15416101112600744	0.7539381970580035	0.8379828463691843	0.9981563348880957
PSMB4	7.9631239615554925	-0.8730866887180149	0.8888857757608164	0.32598853866288313	0.9997507862781244	0.038052135464077694	0.7782638364942129	0.9610040741222896	0.9996654566602691	-0.9111388241820926	0.8874725824085813	0.3045772878001102	0.9981563348880957
PSMB5	11.215335227455489	0.1269341230196902	0.8089567634447473	0.8753150798322934	0.9997507862781244	-0.3363878104545007	0.7707395551208664	0.6625116506943164	0.9996654566602691	0.463321933474191	0.8158468067589895	0.5701007645520111	0.9981563348880957
PSMB6	13.230633281600761	0.26446381153962534	0.8042819192952537	0.7422919041131999	0.9997507862781244	-0.4561496078937733	0.7772084818175444	0.5572657279899926	0.9996654566602691	0.7206134194333986	0.8130837991996316	0.3754709638218754	0.9981563348880957
PSMB7	12.26580467738278	-0.0338808087702982	0.7065632474223832	0.96175484901639	0.9997507862781244	-0.38245593574448056	0.6642049161405098	0.5647435087645942	0.9996654566602691	0.34857512697418236	0.714492215383733	0.6256460794205052	0.9981563348880957
PSMB8	5.491197475963364	-0.5503699239689365	1.0547419278802261	0.6018059018558319	0.9997507862781244	0.7671461736772668	0.9136038536496187	0.4010809001584569	0.9996654566602691	-1.3175160976462033	1.0333052035363826	0.20229144310185043	0.9981563348880957
PSMC1	6.852706102418692	0.5118340618357263	0.8262488414936477	0.5356086189158296	0.9997507862781244	0.11774679036338426	0.7766505141828451	0.8794957584509686	0.9996654566602691	0.3940872714723421	0.8197030164667362	0.6306811428619818	0.9981563348880957
PSMC3	5.228916590224247	-0.3444817181421643	0.988501943539727	0.7274732284210724	0.9997507862781244	-0.07062480105057471	0.8971259049211403	0.9372526330963493	0.9996654566602691	-0.27385691709158955	0.9896564278018035	0.7819957417688037	0.9981563348880957
PSMC4	4.008782925652834	-0.8812187353236876	1.040807289374869	0.3971799270894597	0.9997507862781244	-0.735125428375639	0.9366393332315495	0.4325389864752309	0.9996654566602691	-0.14609330694804848	1.0658086482188571	0.890973302930351	0.9981563348880957
PSMC5	12.690211436420928	0.01966411590930649	0.6738192557380487	0.9767185820070701	0.9997507862781244	-0.8596251303866298	0.6493934346585428	0.18559091045594633	0.9996654566602691	0.8792892462959363	0.6943046210683744	0.20535863742445726	0.9981563348880957
PSMC6	4.404694010329831	-0.22611438260725314	0.9918170552867561	0.8196618434195819	0.9997507862781244	-0.08805068957365125	0.900259558522558	0.9220864283082704	0.9996654566602691	-0.1380636930336019	0.9932290088507963	0.8894462817906891	0.9981563348880957
PSMD11	4.168881245442054	-0.4710341162058096	0.9519081111841049	0.6207190686990915	0.9997507862781244	-0.5564720702341632	0.8695740113672867	0.5222139422659032	0.9996654566602691	0.08543795402835368	0.9722736962225313	0.9299765148855026	0.9981563348880957
PSMD12	3.6830232439369874	-0.03841768942605871	0.9944460690534561	0.969183589475205	0.9997507862781244	-0.049908934044060174	0.9088742104494933	0.956207841162382	0.9996654566602691	0.01149124461800147	0.993765125160466	0.990773994667749	0.9981563348880957
PSMD13	4.098563140306983	0.06130870752989103	0.9877102147899345	0.9505058502482375	0.9997507862781244	-0.10589291531941875	0.9117232678633519	0.9075369156357209	0.9996654566602691	0.16720162284930978	0.9895269509775619	0.8658192418398426	0.9981563348880957
PSMD14	3.394273024407109	0.7132465588797644	1.0849420034659583	0.5109203827966442	0.9997507862781244	0.6675173519921167	1.0022084237809648	0.5053814178602674	0.9996654566602691	0.04572920688764771	1.0441006677925002	0.9650656611709835	0.9981563348880957
PSMD2	3.8931541523713795	0.227700282148374	0.9844711597261963	0.817087978112771	0.9997507862781244	-0.1503233073572581	0.9212932808105201	0.8703881047543445	0.9996654566602691	0.37802358950563214	0.9883889387894164	0.7021169247575529	0.9981563348880957
PSMD4	7.226187234492296	-0.11936763610021088	0.8020154350159638	0.8816841580425259	0.9997507862781244	-0.1584112324739388	0.7367648649342878	0.8297601369832426	0.9996654566602691	0.03904359637372792	0.8053466914191015	0.9613333186659844	0.9981563348880957
PSMD6	4.025177270154122	-0.2886393107696241	1.0017645200891687	0.7732465418643968	0.9997507862781244	-0.41536158391153005	0.9207156497187625	0.6518965356951656	0.9996654566602691	0.1267222731419059	1.0163200286411775	0.9007710553256686	0.9981563348880957
PSMD7	4.409871877295142	-0.021667597922903348	0.9888555932025652	0.9825183185020812	0.9997507862781244	-0.10848644850615888	0.9111352861482834	0.9052220110989246	0.9996654566602691	0.08681885058325554	0.9910977961258556	0.9301956578576338	0.9981563348880957
PSMD8	11.534051528652359	0.13464347869434293	0.7672706658735751	0.8606995946184622	0.9997507862781244	0.018858773959368233	0.7196331812353757	0.9790929561678914	0.9996654566602691	0.11578470473497471	0.7664565328315129	0.8799244944518633	0.9981563348880957
PSMD9	5.801711577987552	0.3150132411539232	0.8308348588759515	0.7045745084205657	0.9997507862781244	0.035010387190084556	0.7740005889279761	0.9639215718600467	0.9996654566602691	0.2800028539638386	0.8270188331175533	0.7349345168722856	0.9981563348880957
PSME1	17.50880558115499	-0.4754032791112513	0.6660526937417091	0.475374197196913	0.9997507862781244	0.472683728368487	0.5947861851196589	0.4267810409456032	0.9996654566602691	-0.9480870074797384	0.6588466048559504	0.15014762300387263	0.9981563348880957
PSME2	13.071801580402779	0.3449769305755071	0.7071629913402481	0.6256686487109948	0.9997507862781244	0.32115737668089644	0.6603380411781118	0.6267169192556188	0.9996654566602691	0.023819553894610632	0.6998045628764339	0.9728472973795482	0.9981563348880957
PSMF1	4.3641150479725646	-0.2057277445977123	0.9388635556865353	0.826553284150361	0.9997507862781244	0.10742109853221349	0.8406711611006958	0.8983229484855552	0.9996654566602691	-0.3131488431299258	0.9319175830564491	0.736851013040893	0.9981563348880957
PSMG2	7.676400583200182	0.2107806157694101	0.8113179078028123	0.7950178386179383	0.9997507862781244	-0.0462468413576525	0.7560395513977105	0.9512239247409243	0.9996654566602691	0.2570274571270626	0.8111370321418323	0.7513399397255207	0.9981563348880957
PTBP3	5.0333232399200325	0.45632582759612034	1.0078903871976361	0.6507263026697674	0.9997507862781244	0.7124031383973136	0.9170003472096772	0.4372270569843286	0.9996654566602691	-0.2560773108011933	0.974204924650134	0.792660224989204	0.9981563348880957
PTGER3	14.2989387196906	1.1308277698820883	0.8843246262271917	0.20098604071132742	0.9997507862781244	-1.1741380759829354	0.9047265874126212	0.19436218220907486	0.9996654566602691	2.3049658458650235	0.9161313360949189	0.01187027541879597	0.5280152869325135
PTGES3	20.47863653276276	-0.21014799357540656	0.7055269453579162	0.7658103021588748	0.9997507862781244	-0.21117597036447558	0.6650870519633508	0.7508518841553571	0.9996654566602691	0.001027976789069009	0.7084010395956494	0.9988421720534589	0.9992433134880186
PTGR1	9.203978204143086	-1.8820540580765994	1.1602894486618416	0.10479143265556233	0.9997507862781244	-0.9696006619638975	1.0437364162826868	0.352904215078201	0.9996654566602691	-0.912453396112702	1.1746151611760465	0.4372705782386014	0.9981563348880957
PTH1R	18.765289874663413	0.644161583098351	0.6258415453019437	0.30335157362626497	0.9997507862781244	-1.063726036198463	0.6291387034447885	0.09088159220283905	0.9996654566602691	1.7078876192968142	0.6501486797125986	0.008616195835796106	0.46280988951767643
PTMA	225.0742239471079	-0.5495802382104312	0.5006015913712958	0.27227454720870237	0.9997507862781244	-0.17892030368197784	0.492369064455263	0.7163161354610973	0.9996654566602691	-0.37065993452845347	0.5009648600016826	0.4593654777559163	0.9981563348880957
PTMS	11.389977246156022	-0.9799664949791511	0.863553740087576	0.2564563548207959	0.9997507862781244	-0.2328636425429153	0.775955281464367	0.764101407483836	0.9996654566602691	-0.7471028524362359	0.8673276399854108	0.38902614054441353	0.9981563348880957
PTP4A2	10.307757110319002	-0.5034136701568988	0.7714513636115156	0.5140438516868054	0.9997507862781244	0.19745190962104295	0.6857777570522238	0.7734048764016024	0.9996654566602691	-0.7008655797779417	0.7665960515903181	0.3605819746983937	0.9981563348880957
PTPMT1	3.025961444052523	-0.4463510563800999	1.1708237720209576	0.7030339147766471	0.9997507862781244	-0.7926560277853145	1.0888397834065402	0.46662445625509474	0.9996654566602691	0.34630497140521455	1.2056263352409646	0.7739280126198596	0.9981563348880957
PTPN1	4.326456028008345	-0.32811747301539806	0.9360969171188126	0.7259510629580535	0.9997507862781244	0.07089821296565417	0.8323576834133051	0.9321202145552068	0.9996654566602691	-0.3990156859810522	0.9306848159878741	0.6681172351590624	0.9981563348880957
PTPRA	3.556138247132873	0.36127287237325173	1.1600285691516483	0.7554703593510478	0.9997507862781244	0.6823982861948567	1.0569939679943492	0.5185366107487005	0.9996654566602691	-0.32112541382160487	1.129042117635648	0.7760863249229065	0.9981563348880957
PTPRF	5.267628236097263	-2.112625568851495	1.0339463452864621	0.04102628987172228	0.9997507862781244	-0.8426186373263759	0.8500845892078531	0.321579435385438	0.9996654566602691	-1.2700069315251192	1.0562738998388743	0.2292294161152203	0.9981563348880957
PTRHD1	4.611427438006674	-0.15734815914741498	1.0202223133772923	0.8774289514048448	0.9997507862781244	0.4889732597079395	0.9058206255955249	0.5893263737067884	0.9996654566602691	-0.6463214188553544	1.001177167872722	0.5185633874809663	0.9981563348880957
PTS	6.845392928622003	0.5290058872775578	0.7983742398894977	0.5075842699336806	0.9997507862781244	0.422582264590157	0.7396301266773899	0.5677673705726205	0.9996654566602691	0.10642362268740083	0.7810630604581255	0.8916198229517698	0.9981563348880957
PTTG1IP	13.276215426776215	-0.1396881259906315	0.662698959434433	0.8330537181418417	0.9997507862781244	-0.3425703278365263	0.6173843327503638	0.5789810534397482	0.9996654566602691	0.20288220184589484	0.6692807597139053	0.7617872340096863	0.9981563348880957
PUF60	4.029126010923405	0.20326379976437242	1.0267626826601035	0.843071895032074	0.9997507862781244	-0.1508416133763868	0.9615813453740946	0.8753486578555797	0.9996654566602691	0.3541054131407592	1.0309112427113847	0.7312315331398425	0.9981563348880957
PURA	6.33662714557377	-0.7165082629214345	0.914666611050548	0.4334189306260948	0.9997507862781244	0.002000413521792891	0.7989853653757376	0.9980023446412026	0.9996654566602691	-0.7185086764432274	0.9131814648274045	0.4313877335861106	0.9981563348880957
PXMP2	3.4030422961801987	0.22778989110023096	1.1900500273738441	0.8482027960309106	0.9997507862781244	-1.0700012257598928	1.1740770317277591	0.3621082425090505	0.9996654566602691	1.2977911168601237	1.2414454550499434	0.29584407671908763	0.9981563348880957
PYURF	10.886954193045622	-0.6918697041916468	0.7785914334979844	0.374208868457342	0.9997507862781244	-0.14590944083044025	0.6979548733647174	0.8344069979851787	0.9996654566602691	-0.5459602633612066	0.7810665022304848	0.48455620881837314	0.9981563348880957
QDPR	3.6650918442277836	-0.728345913943617	1.0635560038133305	0.4934566281572108	0.9997507862781244	-0.2344846361168041	0.9388780530534931	0.802780818580065	0.9996654566602691	-0.493861277826813	1.0705047177180587	0.6445582886776395	0.9981563348880957
QKI	6.445223138795492	0.7676698336234639	0.975590594458053	0.431353852636308	0.9997507862781244	-0.6180612297917116	0.9663907296904899	0.5224611339963654	0.9996654566602691	1.3857310634151756	0.9989086407971832	0.165367053845364	0.9981563348880957
QTRT1	6.316695827745345	-0.9486678188304212	0.9965274694881079	0.34111038298862995	0.9997507862781244	-0.431450443366545	0.884296906321332	0.6256190862464819	0.9996654566602691	-0.5172173754638762	1.0077938582737755	0.6077992337411733	0.9981563348880957
R3HDM2	5.626072577628952	0.4644961722917387	0.9482032372509915	0.6242260030942466	0.9997507862781244	-0.0029087050408720967	0.8948258585513007	0.997406415187032	0.9996654566602691	0.46740487733261077	0.9460472583949324	0.6212632321660924	0.9981563348880957
RAB10	8.760574959625828	0.5918749125828447	0.8007397763869631	0.45980977129059786	0.9997507862781244	0.05663350257516701	0.7601447402194412	0.9406096946357565	0.9996654566602691	0.5352414100076778	0.7972708778342934	0.5020026969646662	0.9981563348880957
RAB11A	14.07552901750492	0.15350263677329437	0.6429400847485895	0.8112986091784687	0.9997507862781244	-0.6619524429970416	0.6177914005284912	0.28395270350212476	0.9996654566602691	0.8154550797703359	0.6580652536271222	0.21528234580235328	0.9981563348880957
RAB11B	5.873625262681315	0.3946919039049284	0.8770138506417567	0.6526811131451625	0.9997507862781244	0.05078229081278447	0.8210289745601732	0.9506806862355824	0.9996654566602691	0.34390961309214396	0.8726284651496894	0.6935015130413223	0.9981563348880957
RAB11FIP1	9.343449355086747	0.8184878608406873	0.8654308151204188	0.34427218301967977	0.9997507862781244	0.7267545456851157	0.8121165149647016	0.3708461578038672	0.9996654566602691	0.09173331515557155	0.8424640427146379	0.9132921809689213	0.9981563348880957
RAB13	14.279800986128452	0.15098512798453886	0.6630838633670584	0.81987837932081	0.9997507862781244	0.17716500608958582	0.614432848483011	0.7730871905051	0.9996654566602691	-0.02617987810504696	0.6587761035976876	0.9683002713830599	0.9981563348880957
RAB14	7.16469087248007	-0.6079565839999714	0.8676056825954646	0.48347206688012756	0.9997507862781244	-0.4212878052178176	0.7856366466439838	0.5917944424398016	0.9996654566602691	-0.18666877878215377	0.8781629618366461	0.8316644357859513	0.9981563348880957
RAB18	5.3580960046994734	0.37448619693094276	0.8479045369514026	0.658734679342545	0.9997507862781244	0.22496249137119795	0.7836131143996603	0.7740482921055896	0.9996654566602691	0.14952370555974484	0.8345671624493107	0.8578095751112265	0.9981563348880957
RAB1A	12.406380384099986	1.0939322532693072	0.6981898119283718	0.11715861564141775	0.9997507862781244	0.2525325064162228	0.6748408588008151	0.7082477444353646	0.9996654566602691	0.8413997468530845	0.6891648205615823	0.22212475405936694	0.9981563348880957
RAB25	4.26925203263836	-0.08919121466040138	0.997472180821058	0.9287503186109204	0.9997507862781244	0.03318834413717318	0.9058371962547462	0.9707733969462992	0.9996654566602691	-0.12237955879757456	0.9937239954249643	0.9019863669882778	0.9981563348880957
RAB2A	12.347025622661906	-0.1540422423209551	0.7083800263126934	0.8278521625617018	0.9997507862781244	0.14966796055695536	0.6474325326954531	0.8171815570899411	0.9996654566602691	-0.30371020287791045	0.7049129676937544	0.6665790392781932	0.9981563348880957
RAB34	5.822810614510039	0.7403152002066048	0.8701610570870771	0.3948918442808934	0.9997507862781244	-0.14160177568671561	0.8400828179349952	0.8661451653291435	0.9996654566602691	0.8819169758933204	0.8733156074895453	0.3125675944576871	0.9981563348880957
RAB3IP	6.932276352354685	0.17139684871017657	0.7947834121758978	0.8292588070473218	0.9997507862781244	-0.93187943469689	0.777205981112528	0.23052321110373042	0.9996654566602691	1.1032762834070666	0.8301144593944801	0.1838264429201546	0.9981563348880957
RAB5A	4.046828132772137	0.5638449379823591	1.031149326972856	0.5845078232458895	0.9997507862781244	0.4342628765404879	0.954875334594526	0.6492639998788858	0.9996654566602691	0.1295820614418713	1.005350886979389	0.8974428118538623	0.9981563348880957
RAB5C	8.744278957350325	0.43817232792777727	0.7538820519834465	0.5610912945685299	0.9997507862781244	0.2197447286282952	0.7035435883352044	0.7547822257129213	0.9996654566602691	0.2184275992994821	0.7457237929850374	0.769593360907298	0.9981563348880957
RAB5IF	8.711953409681984	-0.024120537458543846	0.7637458783822149	0.9748054867704317	0.9997507862781244	-0.26759639734024376	0.711559082677979	0.7068644667156758	0.9996654566602691	0.24347585988169992	0.7699180836734968	0.7518233405608932	0.9981563348880957
RAB7A	9.315267489928488	1.0319814694706981	0.8092061906505867	0.20220272160514074	0.9997507862781244	0.10079841184777191	0.7852374301034255	0.8978587078439045	0.9996654566602691	0.9311830576229263	0.8042264555823584	0.24692045581409916	0.9981563348880957
RAB8A	5.017956439034628	-0.1612448332480476	0.9604986827633705	0.8666807032897756	0.9997507862781244	0.048103332663150776	0.8668577702382385	0.955746814498616	0.9996654566602691	-0.20934816591119837	0.9562390640057032	0.8267055969102757	0.9981563348880957
RABAC1	17.804088747744327	0.2836201235952861	0.634258179942624	0.6547535801297233	0.9997507862781244	0.04750383737255516	0.5989835824369207	0.9367881114560481	0.9996654566602691	0.23611628622273095	0.6330733986614921	0.7091720644538846	0.9981563348880957
RAC1	29.01117326547204	-0.18121991459595493	0.6290228831173343	0.7732721129080711	0.9997507862781244	0.2896586948037525	0.5889972655307858	0.622872932550917	0.9996654566602691	-0.47087860939970744	0.6261530527889739	0.45204000085580265	0.9981563348880957
RACK1	91.34370811975879	-0.7908839628248824	0.5755992351745121	0.1694359579697624	0.9997507862781244	-0.29651585190179036	0.5568193078831792	0.5943678408326725	0.9996654566602691	-0.4943681109230921	0.5767227842863216	0.39133307840030984	0.9981563348880957
RAD21	7.530794790935777	0.28074340746044185	0.8120352721236029	0.729547068274645	0.9997507862781244	-0.4223053356236809	0.7747211944896802	0.5856804705756478	0.9996654566602691	0.7030487430841228	0.8252106581284381	0.39423476605921093	0.9981563348880957
RAD23A	7.373811151934786	-0.32439736203509395	0.8168598106177223	0.6912735612891736	0.9997507862781244	-0.5438152499180622	0.7567293517794546	0.4723633565444483	0.9996654566602691	0.21941788788296826	0.8315988074228885	0.7918950021136658	0.9981563348880957
RAD23B	5.105603119089467	0.6428387165851615	0.9708226929610421	0.5078695033793164	0.9997507862781244	1.0342517137646547	0.879818489161668	0.23978333969539367	0.9996654566602691	-0.39141299717949335	0.9223164646748979	0.671288438621718	0.9981563348880957
RAD50	3.351416530384333	-1.0229533278029324	1.175978220732812	0.38436905689052425	0.9997507862781244	-0.36726105070703285	1.0290613810723652	0.7211746404243305	0.9996654566602691	-0.6556922770958995	1.187697803386235	0.5809004233289853	0.9981563348880957
RALA	4.2820038108602585	0.2408869345415481	0.9923126743028919	0.8081967034656427	0.9997507862781244	0.8263766413450224	0.8831196359111765	0.3494034121398829	0.9996654566602691	-0.5854897068034743	0.9525353526937084	0.5387762806570562	0.9981563348880957
RALBP1	17.644003470275116	0.25541614041753175	0.7422865236204637	0.7307757962675105	0.9997507862781244	0.35788251311708785	0.6981448688861907	0.6082176708873043	0.9996654566602691	-0.10246637269955612	0.7362458821435913	0.8893125587579063	0.9981563348880957
RALY	4.968487454293432	0.42734481769152605	0.8859290403089342	0.6295437487212541	0.9997507862781244	-0.050626724048786986	0.8347733164488242	0.9516401254904757	0.9996654566602691	0.477971541740313	0.8851502477502025	0.5892045057827331	0.9981563348880957
RAN	17.23088473578329	-0.6920258486767455	0.6791416326649291	0.308216580550536	0.9997507862781244	-0.4743742719734433	0.6253712803330465	0.44812285703138044	0.9996654566602691	-0.21765157670330226	0.6859646011566176	0.7510214979521033	0.9981563348880957
RANBP1	8.884487595509079	-0.45861915079368626	0.7877528265541078	0.560440988824287	0.9997507862781244	-0.02607413729916576	0.7073815501910339	0.9705965732888345	0.9996654566602691	-0.43254501349452046	0.78757640953474	0.582861191282223	0.9981563348880957
RAP1A	8.803760560196146	0.4087369854531732	0.8008172052511832	0.6097713584354046	0.9997507862781244	0.34117677805538305	0.745034125404662	0.6469995495837593	0.9996654566602691	0.06756020739779019	0.7901161240375927	0.9318585842292649	0.9981563348880957
RAP1B	7.890133276122993	-0.0014338685877887726	0.8284403604706619	0.9986190182277466	0.9997507862781244	0.5463065476843276	0.7402339064285616	0.46050301805111393	0.9996654566602691	-0.5477404162721163	0.8103120985818445	0.499064591952347	0.9981563348880957
RASD1	11.21755382478828	0.021899005195795476	0.9233196592328407	0.9810777990692988	0.9997507862781244	1.2686929493631878	0.8303482972588953	0.12653623599980454	0.9996654566602691	-1.2467939441673923	0.8983232139715156	0.16516371596898238	0.9981563348880957
RASSF7	6.826414435111655	-0.4680622194193851	0.8616380952050717	0.586975802385554	0.9997507862781244	-0.3474292866804205	0.7822652002443297	0.6569468943501134	0.9996654566602691	-0.12063293273896458	0.8706885083756808	0.8898066277389328	0.9981563348880957
RB1CC1	7.015291861059613	0.7783055564766065	0.9097800895743856	0.3922812837918356	0.9997507862781244	0.6987389092250555	0.8474495510596047	0.40964428696998434	0.9996654566602691	0.07956664725155091	0.8817420902724113	0.9280980837930761	0.9981563348880957
RBBP4	7.220709846095054	-0.18769943096538064	0.8243766007539067	0.8198899606498404	0.9997507862781244	0.3306977213287304	0.7354589021438596	0.6529641766403458	0.9996654566602691	-0.518397152294111	0.8132799375194893	0.5238543033901778	0.9981563348880957
RBBP7	5.21420424476455	-0.7834782592856017	0.8981511415396018	0.3830319744506725	0.9997507862781244	-0.23646237171967574	0.7863047109718102	0.7636233427063663	0.9996654566602691	-0.5470158875659259	0.9043148131066804	0.5452484873311463	0.9981563348880957
RBBP8	5.808217129205473	1.0175698557573627	0.9461740000390331	0.282169982781422	0.9997507862781244	-0.2849181457579862	0.9340452607362871	0.760338150550415	0.9996654566602691	1.3024880015153488	0.9565588477988081	0.17331178525373558	0.9981563348880957
RBIS	9.495972906441294	-0.2678627229616871	0.7496522775081167	0.720855283473386	0.9997507862781244	-0.02513355076205773	0.6780341889920555	0.9704305757671291	0.9996654566602691	-0.2427291721996294	0.7491541125452126	0.7459347601996089	0.9981563348880957
RBM17	5.320272718126099	-0.8087792934943473	0.8805922963089642	0.35838374085362334	0.9997507862781244	-0.6290945593552282	0.7891446597201118	0.42534339482417616	0.9996654566602691	-0.17968473413911917	0.900116629252988	0.8417747847577934	0.9981563348880957
RBM25	10.241901628234569	-0.35349936329120757	0.8166833700679863	0.6651255552684004	0.9997507862781244	-0.3570861984126589	0.7542037617718267	0.6358841948045799	0.9996654566602691	0.0035868351214512857	0.8244005353856554	0.9965285426032681	0.9985003295921588
RBM3	12.270874290488628	-1.4328785765864827	0.7682840421357299	0.06217614305155178	0.9997507862781244	-0.011572718302328377	0.6524078973813314	0.9858474903745635	0.9996654566602691	-1.4213058582841542	0.7682086396139541	0.06429106213301082	0.9981563348880957
RBM39	28.455159365021878	-0.17363432794609665	0.5999576336232333	0.7722668919471375	0.9997507862781244	0.08351738771110463	0.5608854570957209	0.8816303702165622	0.9996654566602691	-0.2571517156572013	0.5989846317281606	0.6676956682800712	0.9981563348880957
RBM4	8.183149404019437	-0.8808069811661957	0.8066467161572737	0.27486101891801995	0.9997507862781244	-0.44969066700944926	0.7159271408900938	0.5299230345087917	0.9996654566602691	-0.43111631415674645	0.8171613178075811	0.5977922824737285	0.9981563348880957
RBM42	4.471965761511803	-0.5211691421348792	0.9504231385764509	0.5834482686062668	0.9997507862781244	-0.33678180282021053	0.8542553118755027	0.6934036933384208	0.9996654566602691	-0.18438733931466858	0.9610894352558157	0.8478578040050966	0.9981563348880957
RBM47	12.942776589314795	0.5233151373657136	0.6875206875193413	0.44655986410712345	0.9997507862781244	-0.6142755588854953	0.6725079145802807	0.36102686636892967	0.9996654566602691	1.137590696251209	0.7033701235091111	0.10580427740266003	0.9981563348880957
RBM8A	13.754856409000086	-0.7585747238410855	0.758779851369076	0.3174413536295414	0.9997507862781244	0.05895081594689891	0.6791471254959953	0.9308294980928162	0.9996654566602691	-0.8175255397879845	0.7576795001786562	0.28059398837846694	0.9981563348880957
RBMS1	7.395702267048359	0.7098993070637519	0.8380260244298782	0.3969344226063113	0.9997507862781244	-0.16275127976075898	0.808591013335673	0.8404814962335546	0.9996654566602691	0.8726505868245109	0.842080904977763	0.3000610181686447	0.9981563348880957
RBMX	13.75796245571296	-0.11734449715557667	0.6840695752653612	0.8638000980145153	0.9997507862781244	-0.08788916533022807	0.6312917801242769	0.8892753988328284	0.9996654566602691	-0.029455331825348596	0.6852778152944261	0.9657150440790536	0.9981563348880957
RBPJ	6.471266811027874	0.5355505710673489	0.8738840370189124	0.5399825344894726	0.9997507862781244	-0.13572957273688704	0.8330163712545885	0.8705676751056288	0.9996654566602691	0.6712801438042361	0.8768547075456538	0.44394137441633896	0.9981563348880957
RBPMS	10.854473350403655	1.4580312769811707	0.8745984344323753	0.09549719839381458	0.9997507862781244	-0.08766861585607044	0.8718755438845021	0.9199062966499801	0.9996654566602691	1.545699892837241	0.8763318623287065	0.07776070799862214	0.9981563348880957
RBX1	21.679252513887082	0.1831641005682345	0.623949342309201	0.7690971683315141	0.9997507862781244	0.2551562933052079	0.5845222240811433	0.6624586824839827	0.9996654566602691	-0.07199219273697337	0.6199249961206855	0.9075491258194576	0.9981563348880957
RCN1	4.1938146379036585	-0.5342937499198058	0.9595958782784285	0.5776706600520558	0.9997507862781244	-1.3569090088399436	0.9221117604451495	0.14114963108052972	0.9996654566602691	0.8226152589201376	1.0212302888723712	0.4205231511084544	0.9981563348880957
RCN2	7.303859150046528	-1.039670671108803	0.8954420395744686	0.24561353256095741	0.9997507862781244	-0.7930135219248302	0.8064700686018538	0.3254527919825966	0.9996654566602691	-0.24665714918397288	0.9144720126087432	0.7873708284405063	0.9981563348880957
RDH11	6.640318006277088	0.03770310828510421	0.8798043783464959	0.9658179435824928	0.9997507862781244	-0.39837137328772115	0.827823607361232	0.6303549138892628	0.9996654566602691	0.4360744815728254	0.8914320603738869	0.6247112926331201	0.9981563348880957
RDX	7.884330203475177	-0.571947673557577	0.8098246158743301	0.48002574171044143	0.9997507862781244	-0.6719648992945368	0.7437424939443289	0.3662651846062823	0.9996654566602691	0.10001722573695979	0.8273087867274151	0.9037744610795436	0.9981563348880957
REEP5	16.049757145682467	0.26756720383142885	0.6706851459516627	0.6899329414712448	0.9997507862781244	-0.008896618364779634	0.63307542700858	0.9887876854831175	0.9996654566602691	0.27646382219620846	0.6704009703214447	0.6800566894885318	0.9981563348880957
RER1	11.440955642435718	0.1873632582036861	0.7299563447870074	0.7974278600622808	0.9997507862781244	-0.1407013624236548	0.6873080341779539	0.8377958254649032	0.9996654566602691	0.3280646206273409	0.7325346532970669	0.6542624642811017	0.9981563348880957
RERE	10.510071561205063	1.8314725895685822	0.8547631739577434	0.03213987107879827	0.9997507862781244	0.021849618643626795	0.8616968477853485	0.9797706055770363	0.9996654566602691	1.8096229709249554	0.8517522931106399	0.033620979566511534	0.8909559585125557
REST	5.995531804812971	0.30604342926305844	0.9315895144188506	0.7425204383341444	0.9997507862781244	-0.11223578167840034	0.8772401999674039	0.8981949487269254	0.9996654566602691	0.41827921094145876	0.933968803303353	0.6542604645063907	0.9981563348880957
REX1BD	9.356040179855816	-0.04035382113851612	0.7898275715886952	0.9592522603295807	0.9997507862781244	0.3577321275227599	0.7154561425847188	0.6170710854363286	0.9996654566602691	-0.398085948661276	0.7799305863653128	0.6097628352607005	0.9981563348880957
REXO2	9.741577385323973	-0.22221835750774255	0.818947907483836	0.7861248187958816	0.9997507862781244	-0.68253758682126	0.7750419583329006	0.3785094622911609	0.9996654566602691	0.4603192293135175	0.8344745732498245	0.5812035036901018	0.9981563348880957
RFC1	3.9370134493883637	0.3179509739953064	1.0273385627558427	0.7569488458593123	0.9997507862781244	0.02041129595463173	0.9586874614729397	0.9830136220135419	0.9996654566602691	0.2975396780406747	1.0236590783429793	0.7713091771691369	0.9981563348880957
RHEB	13.16524326367062	0.0988691757544828	0.7365081006500157	0.8932124442238121	0.9997507862781244	0.2573722663731616	0.6826743416346881	0.7061692074831463	0.9996654566602691	-0.1585030906186788	0.7310083337975585	0.8283423735186509	0.9981563348880957
RHOA	24.328711345136238	-0.2055411794326761	0.6168828754843224	0.7389884506200028	0.9997507862781244	0.6784740096991213	0.5607704814023468	0.22631876991877198	0.9996654566602691	-0.8840151891317974	0.608389426506844	0.1462121843228004	0.9981563348880957
RHOB	23.86999990335097	-2.2057700337978576	0.9887794355290289	0.02569432171309384	0.9997507862781244	1.0016449803768444	0.8390595419668161	0.23256754368200483	0.9996654566602691	-3.207415014174702	0.9819452736774444	0.0010892859144219851	0.22611760106876375
RHOBTB3	28.700773323682956	1.9383779162925754	0.7543156791669193	0.010178158819089279	0.9466962061229397	0.3641689763730892	0.7527161687198216	0.6285232004020379	0.9996654566602691	1.574208939919486	0.7482528184262159	0.0353918546173631	0.9280116826510681
RHOC	7.093653957018233	-0.15953311428813613	0.8573136411566162	0.8523781912884564	0.9997507862781244	0.014486663748672862	0.7808233478494623	0.985197647720939	0.9996654566602691	-0.174019778036809	0.8557003939101566	0.838849509872885	0.9981563348880957
RIDA	3.081877007488587	-1.1159870709733901	2.2190510689568343	0.6150262516688495	0.9997507862781244	0.003063523853043356	2.0464597292801328	0.998805577536624	0.9996654566602691	-1.1190505948264333	2.2194030533470666	0.6141121103046951	0.9981563348880957
RIF1	5.026874697832252	0.15299305072555336	0.9387701927594151	0.8705406527098876	0.9997507862781244	0.24378448242471615	0.8561024951406505	0.7758273607180646	0.9996654566602691	-0.0907914316991628	0.9261989789851689	0.9219117758733285	0.9981563348880957
RNASEH2C	7.939676775906991	0.12139779343482746	0.7616378620953481	0.873361270943903	0.9997507862781244	-0.33232240567719706	0.7154645095327824	0.6423004310770525	0.9996654566602691	0.45372019911202455	0.7708840026235296	0.5561488915887822	0.9981563348880957
RNASEK	37.38189227300471	-0.36709445506409505	0.5817612010791164	0.5280369984970994	0.9997507862781244	0.02073312972997069	0.5469294126218979	0.9697608456910266	0.9996654566602691	-0.3878275847940658	0.5816632874033206	0.5049278945147407	0.9981563348880957
RNASET2	7.250435652536208	-0.39402080868965983	0.8698265645563804	0.6505575373977317	0.9997507862781244	0.205364240719632	0.7767641378891367	0.7914838101685567	0.9996654566602691	-0.5993850494092918	0.8637443588029273	0.4877210794917133	0.9981563348880957
RNF10	7.201643411443229	-0.3342967883494714	0.8272121145238529	0.6861210751688116	0.9997507862781244	0.478200934539423	0.7253382188716434	0.5097160240485756	0.9996654566602691	-0.8124977228888944	0.8122903752137471	0.3171869912851545	0.9981563348880957
RNF114	4.526599435547336	0.45758989296266384	0.9914491753891229	0.644413805385591	0.9997507862781244	0.7586803499638459	0.8997976496760621	0.3991346382936459	0.9996654566602691	-0.3010904570011821	0.9559010710584834	0.752776253316348	0.9981563348880957
RNF13	7.6174309584980335	1.0160221774932061	0.7686283323873565	0.18621341799490243	0.9997507862781244	-0.13420388149616488	0.7535471657142317	0.8586474317469976	0.9996654566602691	1.150226058989371	0.7712038440912343	0.13583859717988092	0.9981563348880957
RNF145	6.960450299666088	1.2983725886373856	0.963131298352429	0.17763447382887487	0.9997507862781244	1.4740625044680702	0.8960917664265716	0.09997175602978814	0.9996654566602691	-0.17568991583068458	0.9014153614874376	0.8454677064804959	0.9981563348880957
RNF149	4.324660300830136	0.09742208461844294	1.0450806310545873	0.9257290380965166	0.9997507862781244	1.1597703394346317	0.90931966150808	0.20215834493654783	0.9996654566602691	-1.0623482548161889	0.9933558702034958	0.2848652157747754	0.9981563348880957
RNF181	9.297529839026575	1.2179369718094368	0.7302331942883638	0.09534073841568226	0.9997507862781244	0.5204968496841386	0.7002607763877232	0.45730610969408914	0.9996654566602691	0.6974401221252983	0.7083846410970687	0.32484514349842397	0.9981563348880957
RNF187	4.603343252787379	-0.2752060797844001	1.0237687285320902	0.7880707801089161	0.9997507862781244	0.4313151840881135	0.9040377373555337	0.6332918759187345	0.9996654566602691	-0.7065212638725137	1.0069659307381071	0.48290760965969914	0.9981563348880957
RNF19A	5.996682454271383	0.8509138422577567	1.0010584018474122	0.39531719948737243	0.9997507862781244	0.5709136875398378	0.9423909312188833	0.5446382241777886	0.9996654566602691	0.28000015471791884	0.9759575765118111	0.7741905176880793	0.9981563348880957
RNF213	8.69809757853771	-0.202778725460772	0.9817554516100964	0.8363635900431671	0.9997507862781244	0.9145455190572332	0.8748928942120437	0.29587378801963715	0.9996654566602691	-1.1173242445180054	0.9605569212060687	0.24474649422240313	0.9981563348880957
RNF5	6.734460389270895	0.12381281686561557	0.8291370292221415	0.8812953526376036	0.9997507862781244	-0.37379155357165056	0.7816699881524528	0.6325106255568553	0.9996654566602691	0.4976043704372662	0.8401934430940718	0.5536833485541279	0.9981563348880957
RNF7	10.421432479563991	-0.21355835530708636	0.8069277029052654	0.7912743832317034	0.9997507862781244	0.20178184224344006	0.737494186760113	0.7843884565931534	0.9996654566602691	-0.41534019755052637	0.802500116631837	0.6047668291853869	0.9981563348880957
RNF8	3.3623058926734135	-0.5911901459985596	1.0171988225848796	0.5611095165750775	0.9997507862781244	-0.28818245680640175	0.904423326554408	0.7500020265060287	0.9996654566602691	-0.30300768919215787	1.0270787270459225	0.7679794024631096	0.9981563348880957
RNH1	8.406737416907642	0.08935976060677236	0.7629379405835582	0.906760319336154	0.9997507862781244	-0.07615808221363647	0.7080689046404961	0.9143467551190457	0.9996654566602691	0.16551784282040882	0.763823605842444	0.828444936183735	0.9981563348880957
RNMT	5.569185032503717	-0.7349470203799948	0.9758877888813936	0.4513861753269517	0.9997507862781244	0.1651902682374593	0.8503455169425798	0.8459703264303661	0.9996654566602691	-0.9001372886174542	0.9701864720008919	0.3535122438941294	0.9981563348880957
RNPS1	8.08730532919703	-0.11267972510398983	0.8033718454842268	0.8884557571411515	0.9997507862781244	0.49496128616633345	0.7147902815055817	0.4886505983767463	0.9996654566602691	-0.6076410112703232	0.7878676456424082	0.4405601997067198	0.9981563348880957
RO60	5.029792894983237	-0.049449974905753806	0.8757943153444652	0.9549729697682783	0.9997507862781244	0.0009797707886683063	0.7968731621858969	0.9990189859245641	0.9996654566602691	-0.050429745694422115	0.8729059120419919	0.9539300360456487	0.9981563348880957
ROCK1	4.07598770891888	-0.1442954133566911	0.9632982472291006	0.8809278675246105	0.9997507862781244	0.0120640767041642	0.869858268074664	0.988934482409053	0.9996654566602691	-0.1563594900608553	0.9595656142923302	0.8705592194874126	0.9981563348880957
ROMO1	18.066727838613822	-0.2934845887721635	0.6380508676991442	0.6455373815243061	0.9997507862781244	0.5371502885959389	0.5714838995505507	0.3472575727766617	0.9996654566602691	-0.8306348773681025	0.6292634998458431	0.1868312734144325	0.9981563348880957
RPA3	6.04218275979698	-0.3628684094125699	0.8744473738646048	0.678164716487574	0.9997507862781244	0.21701113312765902	0.7750841037379939	0.7794897947426328	0.9996654566602691	-0.579879542540229	0.8664024982973474	0.5033068133183773	0.9981563348880957
RPAIN	4.933103144889474	-0.3274846752325484	1.0080166882469341	0.7452717338762593	0.9997507862781244	-0.2647007342248938	0.9230862693106039	0.774298982983082	0.9996654566602691	-0.06278394100765454	1.0154455058560055	0.9506990397236528	0.9981563348880957
RPL10	331.3943087903178	-0.48346773814809224	0.5091799407250183	0.34236498981435093	0.9997507862781244	0.16732029732707088	0.5029926196269024	0.7393987927089315	0.9996654566602691	-0.6507880354751632	0.5090360503991362	0.20108326034052715	0.9981563348880957
RPL10A	128.759988909763	-0.6863534925749383	0.5418957911454891	0.20530608752104784	0.9997507862781244	-0.32554040861273853	0.528594435353097	0.5379866241595221	0.9996654566602691	-0.3608130839621998	0.5428540574617688	0.5062683298181812	0.9981563348880957
RPL11	210.34873771252774	-0.4076415574106604	0.5270715448558008	0.43928072337975754	0.9997507862781244	-0.011026053428490815	0.5189302697730597	0.9830480964487402	0.9996654566602691	-0.39661550398216955	0.5271519826970389	0.45182611137067874	0.9981563348880957
RPL12	173.29786427183325	-0.1361959672530034	0.5386271371853114	0.8003782522617972	0.9997507862781244	0.03096308421236619	0.5305300876951278	0.9534598515138539	0.9996654566602691	-0.16715905146536958	0.5386336537483936	0.7563031453883453	0.9981563348880957
RPL13	325.26994646266223	-0.5726860997092021	0.5675177652125762	0.3129233633161901	0.9997507862781244	-0.05751464763613412	0.5620368663303084	0.9184927452986049	0.9996654566602691	-0.515171452073068	0.5676156266034614	0.36408632663152873	0.9981563348880957
RPL13A	280.66607635546006	-0.40877437039904496	0.5278961318674479	0.43872608216459397	0.9997507862781244	-0.2915251676172103	0.5224909093338945	0.5768767437003657	0.9996654566602691	-0.11724920278183466	0.5283379864422451	0.8243755173072346	0.9981563348880957
RPL14	112.68967391854804	-0.40823518878416143	0.5705718373537143	0.47430984180927616	0.9997507862781244	-0.20963383617751682	0.5580707988935084	0.7071843876933699	0.9996654566602691	-0.19860135260664463	0.5713027247728695	0.7281188798402244	0.9981563348880957
RPL15	180.72275407162005	-0.43568985633407187	0.47883158867817954	0.3628741551450402	0.9997507862781244	-0.09102633508481513	0.4687758581977112	0.8460358796227658	0.9996654566602691	-0.3446635212492567	0.4791047559850703	0.4719002054946043	0.9981563348880957
RPL17	189.19905475738597	-0.573607945333484	0.518717390189749	0.2688045359867398	0.9997507862781244	-0.320169916230157	0.5097820529004351	0.5299695182195608	0.9996654566602691	-0.253438029103327	0.5194131804711356	0.6255983931953293	0.9981563348880957
RPL18	116.15225006670163	-1.0095673965251335	0.6735857555517826	0.13392665491771352	0.9997507862781244	-0.224053324279846	0.6576672656632291	0.733345366426917	0.9996654566602691	-0.7855140722452875	0.6741747430881087	0.24395865866720934	0.9981563348880957
RPL18A	154.02658285072323	-0.5908645050884046	0.5353127064227244	0.2696909769919391	0.9997507862781244	0.14008229575860692	0.5221968928209496	0.7885024990980207	0.9996654566602691	-0.7309468008470116	0.5350754321524622	0.1719191605101964	0.9981563348880957
RPL19	191.4931221764106	-0.2827428207105562	0.5353379871243188	0.5973899626269139	0.9997507862781244	-0.20812551943475202	0.5280387646205829	0.6934716396639338	0.9996654566602691	-0.07461730127580415	0.5358145349009757	0.8892450376480703	0.9981563348880957
RPL21	286.0644755617129	-0.2604078384086132	0.48238873475161836	0.5893143792647167	0.9997507862781244	-0.036834256572990165	0.47653469781592017	0.9383880218934199	0.9996654566602691	-0.22357358183562304	0.4824936750475543	0.6430984541573135	0.9981563348880957
RPL22	79.81170254940523	-1.001417880081376	0.5870112710462673	0.08801548537386863	0.9997507862781244	-0.14603141186126586	0.5612540611840087	0.7947189798209799	0.9996654566602691	-0.8553864682201101	0.5876597189173349	0.14550841440696446	0.9981563348880957
RPL22L1	6.171412275892824	-1.430920131428305	1.0628566079106705	0.1782069140854301	0.9997507862781244	0.04440939444235757	0.8945083500476976	0.9604039252692302	0.9996654566602691	-1.4753295258706625	1.0612803367929187	0.1644860031302473	0.9981563348880957
RPL23	74.5888188522291	-0.5655767713392179	0.625546717591041	0.3659254404707961	0.9997507862781244	-0.26754569800528877	0.606980575974765	0.6593713199593977	0.9996654566602691	-0.29803107333392914	0.626759566515679	0.6344227889099914	0.9981563348880957
RPL23A	158.74046968277116	-0.334329918006239	0.5445629359541676	0.5392538247661638	0.9997507862781244	0.016997402329515077	0.5345882403375625	0.9746352815953364	0.9996654566602691	-0.3513273203357541	0.5446004679027557	0.5188557700667287	0.9981563348880957
RPL24	108.81001502577003	-0.439439619124959	0.5168690062208042	0.3952164935830579	0.9997507862781244	-0.29485520764480494	0.5030570772391783	0.5577903441672472	0.9996654566602691	-0.14458441148015402	0.5179922162483184	0.7801491438061151	0.9981563348880957
RPL26	240.7498656730189	-0.20679991613175577	0.5037820945803054	0.6814430376611373	0.9997507862781244	-0.19295946135366038	0.4978858097081509	0.6983434039808145	0.9996654566602691	-0.013840454778095389	0.5041669502811902	0.9780991231463069	0.9981563348880957
RPL26L1	5.196928768630378	-0.43620969509233026	0.8503572330059529	0.6079707059183481	0.9997507862781244	-1.0644135993057124	0.8055774437218292	0.18639964817224308	0.9996654566602691	0.6282039042133821	0.8916771038978913	0.4811093128912093	0.9981563348880957
RPL27	72.91172673221584	-0.10700691076039812	0.5809501152251592	0.8538620963817081	0.9997507862781244	0.49024041625539755	0.5601451240583829	0.3814637299711414	0.9996654566602691	-0.5972473270157957	0.5788042475476963	0.30213578329443025	0.9981563348880957
RPL27A	139.4216904137726	-0.7039319608431336	0.5282089570980528	0.18263780400777396	0.9997507862781244	0.008905816823889884	0.5133498432397429	0.9861586451862758	0.9996654566602691	-0.7128377776670234	0.5282669390241435	0.1772119420953533	0.9981563348880957
RPL28	176.1717205292683	-0.3875697291221217	0.652119481276457	0.5522959723804887	0.9997507862781244	0.17187681599707713	0.6435921396404491	0.7894240423952363	0.9996654566602691	-0.5594465451191989	0.6518952204757659	0.3907904484201864	0.9981563348880957
RPL29	119.74641111076977	-0.5501378819984182	0.6679665459496362	0.41016633584613915	0.9997507862781244	-0.022582505479461036	0.6555674193047757	0.9725204927491637	0.9996654566602691	-0.5275553765189571	0.6681016743260797	0.429741914096205	0.9981563348880957
RPL3	268.95936373623675	-0.30452140743795225	0.48375341407011824	0.5290236177652881	0.9997507862781244	-0.0918202252859252	0.4775470863320498	0.847527030972029	0.9996654566602691	-0.21270118215202705	0.4839467535643743	0.6602894264009941	0.9981563348880957
RPL30	141.1302602151817	-0.5297120637309584	0.6577940369287743	0.42065489127485756	0.9997507862781244	0.2946533213512615	0.6456400815225406	0.6481210870422518	0.9996654566602691	-0.8243653850822198	0.6572794412371284	0.2097662737165229	0.9981563348880957
RPL31	116.99016142883741	-0.39106208376021667	0.5462857632180876	0.4740801086367059	0.9997507862781244	-0.09443179535560363	0.5331577815634942	0.8594157692010542	0.9996654566602691	-0.2966302884046131	0.5466652876742584	0.5873930152075376	0.9981563348880957
RPL32	230.68724984112998	-0.26693869193260333	0.6098765862591206	0.6616088691674991	0.9997507862781244	0.09467521183603926	0.6036739411404141	0.8753774871693757	0.9996654566602691	-0.36161390376864255	0.6097966570949469	0.553176228862183	0.9981563348880957
RPL34	297.98142380391363	-0.36112851781933014	0.5077307223612347	0.476923177508895	0.9997507862781244	0.17889218849831173	0.5013514191055932	0.7212265998645417	0.9996654566602691	-0.5400207063176419	0.5075510103468698	0.2873408103479448	0.9981563348880957
RPL35	128.83541581829795	-0.3432095587971199	0.6256570113455833	0.5833083768043184	0.9997507862781244	0.18716357119183605	0.6139619704358387	0.7604837919063248	0.9996654566602691	-0.5303731299889559	0.6252936807311055	0.39632746104135164	0.9981563348880957
RPL35A	153.12733293928963	-0.517718982156248	0.504075013932869	0.3043887577028729	0.9997507862781244	-0.07536136072931353	0.49204146913231567	0.8782716371293633	0.9996654566602691	-0.4423576214269345	0.504337755002153	0.3804291193671713	0.9981563348880957
RPL36	133.8186932831612	-0.17738467635313096	0.6172996414116101	0.773839846451182	0.9997507862781244	0.5790071259718831	0.6050646916658475	0.33860044336371375	0.9996654566602691	-0.756391802325014	0.61601541497345	0.21949275306034488	0.9981563348880957
RPL36A	105.51810353369315	0.05801453998603826	0.5923899824362452	0.9219854798520495	0.9997507862781244	0.5755606412491491	0.5787370791303849	0.31997394265251167	0.9996654566602691	-0.5175461012631108	0.5906145598096262	0.3808756496226422	0.9981563348880957
RPL36AL	49.263858279662415	-0.20696166270120228	0.5248609276641057	0.6933469064682835	0.9997507862781244	-0.08314041496138992	0.4994829600751647	0.8678005026381987	0.9996654566602691	-0.12382124773981236	0.5255674888739358	0.813746694989047	0.9981563348880957
RPL37	129.141617815838	-0.6879746852345057	0.8118386044876165	0.39675665783584757	0.9997507862781244	0.7872947517771777	0.796899941455629	0.32317870061453247	0.9996654566602691	-1.4752694370116834	0.8105438290747351	0.06874403803413151	0.9981563348880957
RPL37A	158.77261259827725	0.0005599506258552819	0.6867570701644814	0.9993494411210476	0.9997507862781244	0.22890183610835946	0.6796968762239963	0.7362899359587018	0.9996654566602691	-0.22834188548250417	0.6863938909284968	0.73938424455236	0.9981563348880957
RPL38	87.72898996235187	-0.2775027716833892	0.628961760038539	0.6590626391289974	0.9997507862781244	0.8621688635823401	0.6072476938387915	0.15566659217395215	0.9996654566602691	-1.1396716352657295	0.6260696990742662	0.0687043460623359	0.9981563348880957
RPL39	185.29884887050454	-0.6020175508613693	0.5740643455438931	0.29431920432574143	0.9997507862781244	0.663763210363188	0.5610194807716286	0.23675464072950148	0.9996654566602691	-1.2657807612245573	0.5729891492522785	0.027168847409405828	0.8153927577931315
RPL4	53.14486089154731	-0.6909440907801169	0.6040803548935989	0.2527086630552129	0.9997507862781244	-0.22264384311951238	0.5757374664499758	0.6989703881259851	0.9996654566602691	-0.46830024766060446	0.6054663515456452	0.4392538633198212	0.9981563348880957
RPL41	540.5923946476412	0.176512369936772	0.4812382969891595	0.7137772563079772	0.9997507862781244	0.5382357332517846	0.47816312332910216	0.2603212993188061	0.9996654566602691	-0.36172336331501265	0.48083560303314526	0.45188224767771146	0.9981563348880957
RPL5	104.55568886997312	-1.1469511609516614	0.6076237942275678	0.05907956242225129	0.9997507862781244	-0.44639980817161995	0.5884306133522393	0.4480752516080184	0.9996654566602691	-0.7005513527800414	0.6089568948210268	0.24997419734324822	0.9981563348880957
RPL6	144.56185811410865	-0.5547006806073086	0.5358057658658805	0.3005454105664489	0.9997507862781244	-0.3158574446419265	0.5248019920353354	0.5472671828079372	0.9996654566602691	-0.23884323596538207	0.5366674274251982	0.6562844325215816	0.9981563348880957
RPL7	233.58517250310953	0.20247988477760936	0.5534358982984346	0.714469778671383	0.9997507862781244	-0.0978928958328862	0.5492269090767901	0.8585363680622864	0.9996654566602691	0.30037278061049555	0.5536656756858074	0.5874627239132535	0.9981563348880957
RPL7A	122.51187160353525	-1.1256645613888983	0.6658761489500316	0.09093207082515788	0.9997507862781244	-0.6288203741856022	0.651820102086831	0.33468777651510817	0.9996654566602691	-0.49684418720329604	0.6673699620304865	0.4565855946245183	0.9981563348880957
RPL7L1	5.839771130111046	-0.21916964788208923	0.918003357593869	0.8113025296897524	0.9997507862781244	0.08077697007454944	0.8287844960361376	0.9223576172736864	0.9996654566602691	-0.2999466179566387	0.9140234785185747	0.7427901331125727	0.9981563348880957
RPL8	164.18338848063843	-0.3195648423097228	0.4917934404059488	0.5158247493289341	0.9997507862781244	-0.3758083299550106	0.48322542462927803	0.4367411121498337	0.9996654566602691	0.056243487645287846	0.4928166239673943	0.909137433130982	0.9981563348880957
RPL9	142.03281849902683	-0.7537343722928244	0.5845835558375833	0.1972755056163561	0.9997507862781244	-0.24533274518685533	0.5721809405082886	0.6680922370019251	0.9996654566602691	-0.5084016271059689	0.5852065651759547	0.38498068611395597	0.9981563348880957
RPLP0	93.20829291798404	-0.7921530357351834	0.5395507428587025	0.14205763753582493	0.9997507862781244	-0.34773856672372816	0.520452271655796	0.5040398330936504	0.9996654566602691	-0.44441446901145526	0.540914630398515	0.4113056326910376	0.9981563348880957
RPLP1	339.5628358963067	-0.23909593761096748	0.5379819142527865	0.6567308739034639	0.9997507862781244	0.23099464702542444	0.532974696737402	0.6647195485357977	0.9996654566602691	-0.47009058463639186	0.5377752466872895	0.38204228923176464	0.9981563348880957
RPLP2	173.7673308685013	-0.3295464620115921	0.5580559155113362	0.5548381386782135	0.9997507862781244	0.34101609836723396	0.5476823174277583	0.5335125021428718	0.9996654566602691	-0.6705625603788261	0.5574530862307221	0.22901346314965565	0.9981563348880957
RPN1	6.927463124481146	-0.3718846038976507	0.8725701036512373	0.669966104106059	0.9997507862781244	-0.41853345481732424	0.8001302427354873	0.6009174283075864	0.9996654566602691	0.04664885091967354	0.8842117062423388	0.9579250776965421	0.9981563348880957
RPN2	9.407606931041151	0.174313629577141	0.8467818358598921	0.8369047725754801	0.9997507862781244	0.4023698115796923	0.7841504223417752	0.6078615423027963	0.9996654566602691	-0.2280561820025513	0.8372581679657134	0.7853263577818062	0.9981563348880957
RPP21	5.110545071755457	0.37444048458097706	0.889885372457599	0.673920236489955	0.9997507862781244	0.3091961351447929	0.8188979146430945	0.7057456543140823	0.9996654566602691	0.06524434943618419	0.8727097280359718	0.9404051482622454	0.9981563348880957
RPS10	41.84713508725853	-2.087202504911404	0.8528610346674174	0.014393299748155619	0.9997507862781244	-0.44956250363637706	0.7921483696636312	0.5703588323814173	0.9996654566602691	-1.6376400012750267	0.8549928312649938	0.05544348867177063	0.9981563348880957
RPS11	74.70611900037414	-0.6686541700016053	0.7250007135191446	0.35638217523704374	0.9997507862781244	0.0704832341692491	0.7046959752088537	0.9203289625170772	0.9996654566602691	-0.7391374041708544	0.7248728903251676	0.3078808943930742	0.9981563348880957
RPS12	264.62160418949287	0.04411864007431618	0.6520407566867819	0.9460543840945767	0.9997507862781244	0.2442817454599341	0.6476575369843683	0.706041820700751	0.9996654566602691	-0.20016310538561793	0.6517932980807323	0.7587703130801412	0.9981563348880957
RPS13	142.89814138267155	-0.5103048526984626	0.4971606412202963	0.304684910114035	0.9997507862781244	0.1812255515799729	0.48273480509856986	0.7073523674025095	0.9996654566602691	-0.6915304042784356	0.49677139090345773	0.16390738584524345	0.9981563348880957
RPS14	275.44967007932894	-0.17615243558388205	0.4669844191419485	0.7060155716792169	0.9997507862781244	0.029218811287083254	0.4609118941932672	0.9494531749725121	0.9996654566602691	-0.2053712468709653	0.4669939843150013	0.6601016776925821	0.9981563348880957
RPS15	193.44700544369516	-0.05450360260274809	0.5201036338083418	0.9165394810741517	0.9997507862781244	0.1731388937243926	0.5124876915864423	0.7354836881845815	0.9996654566602691	-0.2276424963271407	0.5198234540266231	0.6614423114961354	0.9981563348880957
RPS15A	178.98100483437275	0.045305598969251897	0.5999764033884378	0.9398071104282215	0.9997507862781244	0.35607713356910825	0.59262486400856	0.547941602120779	0.9996654566602691	-0.31077153459985635	0.5993636587685961	0.6041077405637334	0.9981563348880957
RPS16	111.8330881829431	-0.736080678969326	0.6105196402272298	0.2279476224889826	0.9997507862781244	-0.17383194007168645	0.5953103839385551	0.7702849440966395	0.9996654566602691	-0.5622487388976396	0.6110757685229231	0.35752227930192637	0.9981563348880957
RPS17	107.77423288474088	0.09541031807931485	0.6035542774014301	0.8743931623062161	0.9997507862781244	-0.12439715200739783	0.5946879638265968	0.8343072997994606	0.9996654566602691	0.21980747008671264	0.604073312525997	0.7159509910752891	0.9981563348880957
RPS18	297.9918537180643	-0.592880420159148	0.5454511060243135	0.27705701099088953	0.9997507862781244	-0.06752926866673445	0.5392004253250794	0.9003338338777507	0.9996654566602691	-0.5253511514924135	0.54557248918923	0.33557986177262844	0.9981563348880957
RPS19	249.08991545885323	-0.3483029058228731	0.5086959857926167	0.4935347821663496	0.9997507862781244	0.2314430997419593	0.5010115346224921	0.6441160011960534	0.9996654566602691	-0.5797460055648325	0.5084012756573191	0.2541482058101169	0.9981563348880957
RPS19BP1	9.950281714157235	-0.8425787819076191	0.7455916195127419	0.2584421746970954	0.9997507862781244	-0.5973064079659943	0.6702922186264222	0.3728683127976802	0.9996654566602691	-0.2452723739416248	0.7586324837621724	0.7464615738379468	0.9981563348880957
RPS2	223.9533422677697	-0.41917182734515895	0.5440034913955631	0.44098467576657985	0.9997507862781244	0.037779551162869476	0.5363517451920722	0.9438450364275679	0.9996654566602691	-0.45695137850802847	0.5440011523795979	0.4009182702290355	0.9981563348880957
RPS20	116.03883953635552	-0.43128777898673537	0.6464851958788218	0.5046909659810125	0.9997507862781244	-0.1949144611766446	0.6352739198751273	0.7589807232357368	0.9996654566602691	-0.2363733178100908	0.6470824483385343	0.7148942845003388	0.9981563348880957
RPS21	104.31767161356855	-0.46292636991376684	0.7384858864609822	0.5307518018979155	0.9997507862781244	0.8505173601559646	0.7206328255806608	0.2379060574652404	0.9996654566602691	-1.3134437300697315	0.7365080264926238	0.07453108289632822	0.9981563348880957
RPS23	203.24210568232127	-0.5652859071015727	0.5583628082629946	0.31134735192985263	0.9997507862781244	-0.11587168600298181	0.5498532863328187	0.833096398249022	0.9996654566602691	-0.4494142210985909	0.5586155224954107	0.4210999675149343	0.9981563348880957
RPS24	161.41715782741196	-0.4249852691046918	0.5623222606788761	0.4497882004483249	0.9997507862781244	-0.4523674422550525	0.5541916342493802	0.41434837318505524	0.9996654566602691	0.02738217315036071	0.5634110417681059	0.961237509090002	0.9981563348880957
RPS25	151.71958571651567	0.0757666823083912	0.5292123931866839	0.8861569012309157	0.9997507862781244	0.3408270822461626	0.5198107423299808	0.512033042502008	0.9996654566602691	-0.26506039993777136	0.5284196749588473	0.615942141021232	0.9981563348880957
RPS26	97.77069528692289	-0.6451265258589903	0.6843943771877413	0.34587328901299563	0.9997507862781244	0.1660103965616918	0.6675612563820643	0.8036068566375576	0.9996654566602691	-0.8111369224206821	0.6840388480743668	0.23569918011359692	0.9981563348880957
RPS27	295.7353909765679	-0.6454686331909989	0.6702894164548084	0.33556255332991725	0.9997507862781244	0.9165077041216649	0.662060701841128	0.16625872057605762	0.9996654566602691	-1.5619763373126638	0.6694780553858051	0.019641558321336412	0.7013985160791952
RPS27A	269.37273515372266	-0.22103404202881158	0.49219388444464335	0.6533745154871111	0.9997507862781244	0.052753793914984935	0.4860136047136426	0.9135642887276028	0.9996654566602691	-0.2737878359437965	0.4921687541707043	0.5780136225475763	0.9981563348880957
RPS27L	23.94631990307643	-0.9826244026990609	0.7198550149886528	0.17224331050042652	0.9997507862781244	-0.022763009793724174	0.6574799187939654	0.97238147383051	0.9996654566602691	-0.9598613929053368	0.7201748676673857	0.18259182615796243	0.9981563348880957
RPS28	198.81904744178885	-0.17894324075363544	0.5750703552774645	0.755673241104978	0.9997507862781244	0.5964225219058572	0.5660718542197417	0.29205863206565263	0.9996654566602691	-0.7753657626594926	0.5741156857240781	0.17684307517509446	0.9981563348880957
RPS29	214.00908072773095	-0.2995365653906651	0.6727220861133338	0.656131517295121	0.9997507862781244	1.1741836811951458	0.6625577268106708	0.07636164470438991	0.9996654566602691	-1.473720246585811	0.6711791846283707	0.028112130822533308	0.8226578134279408
RPS3	152.4232136124961	-0.6343442853236695	0.5513292419160161	0.2499081360895975	0.9997507862781244	-0.11718411771781916	0.5394850078354066	0.8280409662619725	0.9996654566602691	-0.5171601676058504	0.5516624919599341	0.3485232502676363	0.9981563348880957
RPS3A	205.54076339112663	-0.40307983694554406	0.5362904693040496	0.45228724607755433	0.9997507862781244	-0.1395168532130588	0.5286103061045514	0.7918327867502593	0.9996654566602691	-0.26356298373248527	0.5365990834902102	0.623304090936079	0.9981563348880957
RPS4X	237.54841672173168	-0.3830981457387301	0.5297457041950718	0.46957319226618743	0.9997507862781244	-0.7086275329505566	0.5248421561406695	0.17696060397817404	0.9996654566602691	0.3255293872118265	0.5310048334396937	0.5398471718068791	0.9981563348880957
RPS4Y1	18.02525835746913	-2.046796720417292	3.0455491102146897			0.9522714723725867	2.9706514446306445			-2.9990681927898786	3.042838215438319		
RPS5	95.3768781006961	-1.1362643430492512	0.5869305245039347	0.05287461932935343	0.9997507862781244	-0.2845280896336549	0.5643094171778137	0.6141167545019581	0.9996654566602691	-0.8517362534155964	0.5879038646033781	0.1474024081368712	0.9981563348880957
RPS6	243.93517957048138	-0.24140758367733836	0.46944705512374374	0.6070855003764489	0.9997507862781244	-0.0007424431398789104	0.46244116666930346	0.9987190075045369	0.9996654566602691	-0.24066514053745947	0.46950815556448955	0.6082382167018561	0.9981563348880957
RPS7	122.64424206171856	-0.8526253009681121	0.565386491703042	0.13154435501135267	0.9997507862781244	-0.33694279550939227	0.5503568239381909	0.5403881952839953	0.9996654566602691	-0.5156825054587199	0.5663587533850356	0.36254691199629496	0.9981563348880957
RPS8	180.1926482641412	-1.0794661233273177	0.5962157887168834	0.07021375299015611	0.9997507862781244	-0.4074476313761083	0.584823095608705	0.4859890810502363	0.9996654566602691	-0.6720184919512096	0.5969578416966291	0.2602761751669874	0.9981563348880957
RPS9	156.25234016129107	-0.3497988427843087	0.5343863220509338	0.5127379101951441	0.9997507862781244	-0.25955667556065554	0.5253405828449875	0.6212545208203201	0.9996654566602691	-0.09024216722365316	0.5350804954776933	0.8660707121854274	0.9981563348880957
RPSA	69.92111482984397	-1.063869617088432	0.6765077234281612	0.1158136694896183	0.9997507862781244	-0.07694023625266311	0.6487583399492419	0.905595321964733	0.9996654566602691	-0.986929380835769	0.6768995095826134	0.14483651342299098	0.9981563348880957
RRAD	3.3692650503787474	1.9198346712443533	1.2835647639340033	0.13473045821994584	0.9997507862781244	2.1403360132151885	1.2002050724289293	0.07453608416622792	0.9996654566602691	-0.2205013419708353	1.139416758213608	0.8465507746820167	0.9981563348880957
RRAGA	4.371282645900361	0.13502468676157858	0.9451825144354403	0.8864041651030956	0.9997507862781244	-0.04144841212918409	0.8745632718450447	0.962199793800753	0.9996654566602691	0.17647309889076268	0.9444270319853001	0.8517725077848906	0.9981563348880957
RRAGD	4.9115414373229145	0.1499982622246747	1.0631804652476593	0.8878032048154263	0.9997507862781244	-0.396148348653431	1.010445503518294	0.6950189384233421	0.9996654566602691	0.5461466108781057	1.0759668191938554	0.6117431130208999	0.9981563348880957
RRBP1	16.632461605099646	1.0047338595680793	0.6624661278918429	0.12935331776600537	0.9997507862781244	0.20575963410417739	0.641059342657107	0.7482345241644404	0.9996654566602691	0.798974225463902	0.6569755851963877	0.22393163162664298	0.9981563348880957
RSBN1L	6.9046076782828685	-0.4383514403387843	0.8186317946691553	0.5923260173808513	0.9997507862781244	-0.15443734798842818	0.7336954118230931	0.8332833402946442	0.9996654566602691	-0.2839140923503562	0.8217770031770152	0.7297275310078513	0.9981563348880957
RSF1	9.12137031381831	1.1285983335525076	0.7960960121265509	0.15628827007803558	0.9997507862781244	0.4857287824768249	0.7625679740258232	0.5241479212459528	0.9996654566602691	0.6428695510756828	0.777171977150696	0.4081288950349622	0.9981563348880957
RSL1D1	9.176267503725354	-0.37835524209867455	0.765657098268912	0.621194910936572	0.9997507862781244	-0.14422349197844958	0.6946596649519056	0.8355276514533785	0.9996654566602691	-0.23413175012022494	0.7682908435051397	0.7605614076977133	0.9981563348880957
RSL24D1	12.401373088183378	-0.23318181088818343	0.705977160583385	0.7411759098117516	0.9997507862781244	-0.2962232842127701	0.6527715531151517	0.649977686917786	0.9996654566602691	0.06304147332458668	0.7117919036090016	0.9294258120855711	0.9981563348880957
RSRC2	18.0062012694375	-0.5317036512428805	0.6736653645507825	0.4299543998170333	0.9997507862781244	0.12041807229833701	0.6092369021128253	0.8433158315190091	0.9996654566602691	-0.6521217235412176	0.6717044482271747	0.3316248631214278	0.9981563348880957
RSRP1	13.705423838792631	-1.4500121225037808	0.9178724806141852	0.11416336360404182	0.9997507862781244	0.6033952204116088	0.7868186180260441	0.44315304826767765	0.9996654566602691	-2.0534073429153894	0.910384757216503	0.02409958480317498	0.7734691898525283
RTCB	3.8196840167140107	-0.26781962148599947	1.116676540772011	0.8104571289177743	0.9997507862781244	0.3632072167939598	0.994392375623895	0.7149207435308548	0.9996654566602691	-0.6310268382799593	1.1024234305812488	0.5670512206844884	0.9981563348880957
RTF1	10.382361766673391	-0.033553713950709524	0.7273612625742916	0.9632060443804032	0.9997507862781244	-0.23930892757627656	0.6765063910230286	0.7235320178608786	0.9996654566602691	0.20575521362556703	0.732460834505023	0.7787798068222769	0.9981563348880957
RTF2	8.688169674799237	0.4962862999498016	0.7450165969316042	0.5053208095097335	0.9997507862781244	0.042869264597560526	0.7021700817331294	0.9513173689175284	0.9996654566602691	0.4534170353522411	0.7415166939025375	0.5408868465314314	0.9981563348880957
RTL8A	5.5526794815074965	-0.6378684090280342	0.9666816960645067	0.5093477749518451	0.9997507862781244	-0.24835776642947707	0.8635278124970664	0.7736465904981986	0.9996654566602691	-0.3895106425985571	0.9732241247617254	0.6889892761373362	0.9981563348880957
RTL8C	6.815019123377358	-0.043109023981461506	0.8166042296634369	0.9578987543574611	0.9997507862781244	-0.18997441828012174	0.7545556122407611	0.8012188964104449	0.9996654566602691	0.14686539429866025	0.821056161087487	0.8580368349925657	0.9981563348880957
RTN3	7.237710221832547	-0.8905438255174007	0.8624547441529008	0.30180575417949873	0.9997507862781244	0.02074627179593908	0.747859906321904	0.977868840173301	0.9996654566602691	-0.9112900973133399	0.8610397234915144	0.28989129769651667	0.9981563348880957
RTN4	33.58385511483096	-0.1315977017608742	0.6219126831722315	0.8324178823783626	0.9997507862781244	0.16917579609733183	0.5886990350308167	0.7738272679909197	0.9996654566602691	-0.30077349785820606	0.6204551947407182	0.6278447273144971	0.9981563348880957
RTRAF	12.607206902743954	-0.10272403600576088	0.6669141110424522	0.8775869614908718	0.9997507862781244	-0.21316935945242121	0.6168949253292307	0.7296793219003617	0.9996654566602691	0.11044532344666033	0.6709196891098195	0.8692448196959135	0.9981563348880957
RUFY3	4.203810500075005	0.3663304141862405	0.9955194504486135	0.7128887712452673	0.9997507862781244	0.2766923169494617	0.9171749796880019	0.7628968729809866	0.9996654566602691	0.08963809723677875	0.9778417139419874	0.9269607638654218	0.9981563348880957
RWDD1	11.65890483492589	0.09639535359000136	0.7120071211972312	0.8923071839709338	0.9997507862781244	-0.2300473589962974	0.6686867798015897	0.7308247976189319	0.9996654566602691	0.3264427125862988	0.7166661887277185	0.6487482993779288	0.9981563348880957
S100A10	61.06400213695326	-0.09955926685124453	0.5566509066114897	0.8580523068479937	0.9997507862781244	0.08870135605733853	0.5360862484155421	0.8685811598729507	0.9996654566602691	-0.1882606229085831	0.5562509260916365	0.7350274907716068	0.9981563348880957
S100A11	77.20242762700109	-0.8056963609248016	0.6149528532429362	0.19013636248174082	0.9997507862781244	0.6231109378068125	0.58413254101142	0.2860943696835313	0.9996654566602691	-1.428807298731614	0.6127597724332408	0.019713443094686093	0.7013985160791952
S100A13	18.566979554969656	-0.3545968168055681	0.6532636312241742	0.587261907885793	0.9997507862781244	-0.3510150629310115	0.6074201683947582	0.5633461438275205	0.9996654566602691	-0.0035817538745565656	0.6586405821042263	0.995661044719843	0.9985003295921588
S100A14	11.226151727936394	-0.03398908388095804	0.7615071760279145	0.9643990702692806	0.9997507862781244	0.3717186775133555	0.6919336495658917	0.5911175720128474	0.9996654566602691	-0.4057077613943135	0.7523248342454602	0.5896991463120853	0.9981563348880957
S100A16	7.560696324436013	-0.18445311245481272	0.8534279042854384	0.8288848269402052	0.9997507862781244	0.5456599388027915	0.7595081830527634	0.4724869398625384	0.9996654566602691	-0.7301130512576042	0.8382005914606242	0.3837278782520832	0.9981563348880957
S100A2	57.60205801547459	0.8190173763511118	0.97930277197753	0.40297095225680546	0.9997507862781244	1.1952642272836755	0.9668327051086609	0.21635900296698707	0.9996654566602691	-0.3762468509325638	0.9744351505644534	0.6994093559411144	0.9981563348880957
S100A4	28.817091896729956	0.1862153459351808	0.8393016325126885	0.8244155555419281	0.9997507862781244	1.264605113610408	0.7965248416755678	0.11236480963046169	0.9996654566602691	-1.0783897676752272	0.8284115451481809	0.19299978121288952	0.9981563348880957
S100A6	298.34797085029174	-0.5359696390507738	0.7401479146764072	0.468980678657278	0.9997507862781244	0.22146691870054344	0.7350520858067473	0.7631901751715282	0.9996654566602691	-0.7574365577513172	0.7399949681541161	0.30603847974575804	0.9981563348880957
SAFB	3.524735716222782	-0.7678020315473122	1.0236615064956858	0.45322181547895346	0.9997507862781244	-0.10232237437593666	0.8884027887657622	0.9083058936008421	0.9996654566602691	-0.6654796571713756	1.025123567712168	0.5162283800754485	0.9981563348880957
SAP18	29.00885718052983	-0.477927839689141	0.6421025060061923	0.4566846919017291	0.9997507862781244	0.31231091988321374	0.594583366795726	0.5994023890885267	0.9996654566602691	-0.7902387595723546	0.6392779999678598	0.2164055678709388	0.9981563348880957
SAR1A	7.606763013652824	0.41691751969134105	0.7970778491718334	0.6009342637836261	0.9997507862781244	0.3211571289452895	0.7369653614352509	0.6629940286661371	0.9996654566602691	0.09576039074605154	0.7835881229094716	0.9027346411397921	0.9981563348880957
SAR1B	4.314063142164626	0.9829085285687371	1.0258519737212075	0.33799279745486954	0.9997507862781244	0.6748176611806596	0.9636911519178933	0.4837757706470712	0.9996654566602691	0.3080908673880776	0.9876572403501743	0.7550853008630422	0.9981563348880957
SARAF	23.105346453123875	0.14185969101086157	0.615250662022983	0.8176471765866478	0.9997507862781244	0.4004043035187685	0.5743821963997541	0.4857375184018625	0.9996654566602691	-0.2585446125079069	0.609709397098458	0.6715325274692452	0.9981563348880957
SARNP	8.699362395785556	-0.9521405422498007	0.7702784828037497	0.21642172798715664	0.9997507862781244	-0.8075694368655182	0.6932797454959663	0.2440782409040545	0.9996654566602691	-0.1445711053842826	0.7901346920325879	0.8548213980855093	0.9981563348880957
SARS	6.415409454466974	-0.0021284293648117744	0.8042184463154464	0.9978883362422222	0.9997507862781244	-0.017804437900422035	0.7365787266950956	0.9807155673103567	0.9996654566602691	0.01567600853561026	0.8028303161266213	0.9844215518543755	0.9981563348880957
SAT1	107.31920409297658	-0.5516944914870939	0.6334690533733852	0.38380333223818464	0.9997507862781244	0.7000427304364878	0.6136804711021591	0.2539829721068827	0.9996654566602691	-1.2517372219235816	0.6316652046760506	0.04751880475918762	0.9981563348880957
SAT2	8.793966876077919	-0.8717102865996524	0.7815161156715519	0.2646750972500721	0.9997507862781244	-0.9876403555769078	0.7171141582324891	0.16843717417661486	0.9996654566602691	0.11593006897725534	0.805294275662814	0.8855321490243848	0.9981563348880957
SBDS	10.595436010459878	0.1025881327774603	0.7086639817301824	0.8848982091964784	0.9997507862781244	0.020830329590523104	0.6559926100253987	0.9746683034365355	0.9996654566602691	0.0817578031869372	0.707090248463988	0.9079491958265871	0.9981563348880957
SCAF11	15.091631625823664	1.35362089698963	0.707964760287657	0.05587759357190735	0.9997507862781244	0.860270319613699	0.6791174060678408	0.20524556691054197	0.9996654566602691	0.4933505773759309	0.6851075719565588	0.47145928052651465	0.9981563348880957
SCAMP2	2.7681393802024434	-0.22060584869940736	1.1739333604807292	0.8509391695871842	0.9997507862781244	0.16248894085288923	1.050248572903588	0.8770462046059762	0.9996654566602691	-0.3830947895522966	1.1640322092516866	0.7420724491429351	0.9981563348880957
SCAND1	12.165449758625538	0.2724535148479649	0.7630452786261976	0.7210463317380078	0.9997507862781244	-0.07911006808486808	0.7218267746159706	0.9127289690293917	0.9996654566602691	0.35156358293283296	0.7642773371733579	0.6455199697984866	0.9981563348880957
SCARB2	4.025387551218788	0.13416949788085858	1.095244506382557	0.9025015667347333	0.9997507862781244	1.0513666340228776	0.9605437164490431	0.27371222957282393	0.9996654566602691	-0.9171971361420189	1.0460236336532245	0.3805726284944746	0.9981563348880957
SCIN	9.057665929978421	-0.9630619940811338	0.7712478987971536	0.2117725708027014	0.9997507862781244	-0.5536191068163211	0.685224155803698	0.419125877233651	0.9996654566602691	-0.40944288726481265	0.7835430873595521	0.6012852692846749	0.9981563348880957
SCN3A	10.506237697515855	7.603053389590096	3.266890167508664	0.019948979758272308	0.9997507862781244	4.23205169005848	3.2896230247405196	0.19827374306481915	0.9996654566602691	3.3710016995316154	2.668914318488207	0.20656724338657495	0.9981563348880957
SCNN1A	7.676578682606739	0.16256700569106702	0.822445607743723	0.8433087977485465	0.9997507862781244	0.8431126672987239	0.7330712352203463	0.2500985069501628	0.9996654566602691	-0.680545661607657	0.7953103011581492	0.3921646884918092	0.9981563348880957
SCOC	8.708630539554413	-0.3518163367386875	0.8267508362397523	0.6704423759168234	0.9997507862781244	0.3129973599814886	0.7359064097862429	0.6706017857428221	0.9996654566602691	-0.6648136967201762	0.8181638036213605	0.4164658048986466	0.9981563348880957
SCP2	18.224318495621407	0.02088716645388522	0.6670160172669025	0.9750188542264203	0.9997507862781244	-0.015089409647519227	0.6245152150438923	0.9807235510626168	0.9996654566602691	0.03597657610140445	0.667011412952635	0.9569853798930386	0.9981563348880957
SDC1	9.119539917858281	-0.020037338474505745	0.8511259780468629	0.9812178141132417	0.9997507862781244	-0.05657046943588697	0.7897304760390058	0.942894273349555	0.9996654566602691	0.03653313096138123	0.8518481311469228	0.9657916864264247	0.9981563348880957
SDC4	17.947106904026548	0.3943663923321773	0.7049213781825617	0.5758564584274605	0.9997507862781244	0.5039804190384312	0.6612507147317315	0.4459630954983663	0.9996654566602691	-0.10961402670625381	0.6959191886734353	0.8748431592069307	0.9981563348880957
SDCBP	11.763143646324762	0.3265941828097273	0.7521172766330523	0.6641192117052516	0.9997507862781244	0.4903855155470591	0.6942656200588004	0.47997857092696605	0.9996654566602691	-0.16379133273733182	0.7395599492415895	0.8247254501470274	0.9981563348880957
SDF2	6.991958239315965	0.9749216958692835	0.8140209410710675	0.2310487493472133	0.9997507862781244	0.38782471734925295	0.7745308948134778	0.6165667336287535	0.9996654566602691	0.5870969785200305	0.7939243990307402	0.4596111729640856	0.9981563348880957
SDF2L1	7.210167285511174	0.3624595302833428	0.8261482594089454	0.6608541127343919	0.9997507862781244	-0.07611578136060904	0.779893248764632	0.9222517569952039	0.9996654566602691	0.43857531164395186	0.8271606886864208	0.5959609385546545	0.9981563348880957
SDF4	5.875457187944055	-0.6908194734215447	0.902744808988907	0.444126642781177	0.9997507862781244	-0.009608536126925925	0.7891085463801238	0.9902848432952711	0.9996654566602691	-0.6812109372946188	0.9014646671114703	0.4498463218848294	0.9981563348880957
SDHA	6.081668177690772	0.025091756600727905	0.9359565296939383	0.9786123321970651	0.9997507862781244	-0.2667986423359355	0.8772767928666094	0.7610354072553815	0.9996654566602691	0.2918903989366634	0.9431181267189334	0.7569449712231721	0.9981563348880957
SDHAF3	4.131445576237775	-0.6305674884017713	0.9591675187179406	0.5109165393025172	0.9997507862781244	-0.6490038903422325	0.8706685685780003	0.45602471069418304	0.9996654566602691	0.018436401940461138	0.9840307471326193	0.9850520322094336	0.9981563348880957
SDHB	7.5337119374981745	0.5405361987828915	0.8150612765230328	0.5072122451494252	0.9997507862781244	-0.15190314695126564	0.7795155761853856	0.8454957783849635	0.9996654566602691	0.6924393457341571	0.8185172198969471	0.39757061627071044	0.9981563348880957
SDHC	10.45380337554983	-0.41738222102916267	0.8116512716256593	0.6070853494711748	0.9997507862781244	-0.18701950459214306	0.7458697498398479	0.8020150047630388	0.9996654566602691	-0.2303627164370196	0.8150446634684595	0.7774542321737865	0.9981563348880957
SDHD	12.888746679347696	0.17722622542517785	0.7106138065453196	0.8030523189406655	0.9997507862781244	-0.09024989722286327	0.668207639212301	0.892562337295586	0.9996654566602691	0.2674761226480411	0.7119775299522688	0.707154386137375	0.9981563348880957
SDR39U1	5.273505393915084	0.08149177740442076	0.9860718657973069	0.9341355380055865	0.9997507862781244	-0.045978306607845035	0.9115607788820606	0.9597724775713541	0.9996654566602691	0.12747008401226578	0.985887140052896	0.8971243831555021	0.9981563348880957
SDSL	2.35927094639562	0.09704267965920248	1.2736719625441075	0.9392669309870907	0.9997507862781244	-0.8335601301209795	1.231038375296077	0.4983301164453624	0.9996654566602691	0.9306028097801821	1.3212713977843766	0.4812311865833411	0.9981563348880957
SEC11A	11.292324700801066	-0.6977716438460229	0.7489521299275503	0.3515102611417916	0.9997507862781244	-1.026984598757895	0.6992661039754842	0.1419248602328493	0.9996654566602691	0.329212954911872	0.7711296254023564	0.6694354297071865	0.9981563348880957
SEC11C	10.02897527329621	0.28206735417526785	0.7899515840609221	0.7210400260850233	0.9997507862781244	0.20627251864562152	0.7384859252124776	0.7800006826223171	0.9996654566602691	0.07579483552964635	0.7844477140337591	0.9230266571457784	0.9981563348880957
SEC13	3.5404604029533306	0.3201388573754783	1.0883634755067193	0.7686455734766962	0.9997507862781244	-0.13582476111344075	1.024063164201315	0.8944834848877093	0.9996654566602691	0.4559636184889191	1.092041133951131	0.6762883188660896	0.9981563348880957
SEC31A	6.532967135035722	0.0971562755818894	0.8380667640406311	0.9077087801079249	0.9997507862781244	0.03891805937011182	0.7708119883797432	0.9597321640521911	0.9996654566602691	0.05823821621177757	0.8347356526678729	0.9443779558173674	0.9981563348880957
SEC61B	22.84576964665852	0.5432508546651567	0.6595592309201935	0.41013423970610885	0.9997507862781244	0.16861142715819352	0.6331811014689109	0.7900138895488804	0.9996654566602691	0.37463942750696305	0.6569815357947153	0.568512579652465	0.9981563348880957
SEC61G	23.195301963475465	-0.49904437492406045	0.7750351931005963	0.5196409393976573	0.9997507862781244	0.6196734193560441	0.7136191651455469	0.38520105748713096	0.9996654566602691	-1.1187177942801045	0.7687987359039837	0.1456276265949446	0.9981563348880957
SEC62	33.126208776050355	0.4596093364209081	0.5912979173982288	0.43698831383701975	0.9997507862781244	0.28524819293212916	0.566995343420506	0.6149028500575826	0.9996654566602691	0.17436114348877893	0.5881579151053657	0.7668842004465516	0.9981563348880957
SECISBP2	5.860149157036791	0.5279092940806985	0.8933366658934518	0.5545599299003308	0.9997507862781244	1.151653021667432	0.8001921683699121	0.15008804160440778	0.9996654566602691	-0.6237437275867336	0.846023637033207	0.460961132495063	0.9981563348880957
SELENOF	10.133351352182041	-0.3949446631988535	0.737219577015038	0.5921507744514076	0.9997507862781244	0.0818424908048316	0.6610355508969206	0.9014660980824766	0.9996654566602691	-0.4767871540036851	0.734593697384253	0.5163068374359118	0.9981563348880957
SELENOH	19.72141206182017	-0.18535381252398148	0.5993007400004079	0.7571059039046376	0.9997507862781244	-0.12513039916413063	0.5547923571641831	0.8215556628621079	0.9996654566602691	-0.060223413359850826	0.6009832930859116	0.9201790898518788	0.9981563348880957
SELENOK	12.98222379366266	-0.15251565167277056	0.7095998990750783	0.829820416608247	0.9997507862781244	0.4026257409496832	0.6430719380315337	0.5312509835126942	0.9996654566602691	-0.5551413926224537	0.7015993640517808	0.4287973744560635	0.9981563348880957
SELENOM	15.95307782359326	1.3966040597382199	0.9826276151975912	0.15523091493929478	0.9997507862781244	2.0433292921974773	0.9396728600932244	0.029666754536798057	0.9996654566602691	-0.6467252324592573	0.9473239707992839	0.4948049977860257	0.9981563348880957
SELENOP	10.097111740897764	-0.8379620368759125	0.8087068752909341	0.3001203978884167	0.9997507862781244	0.13537907585194087	0.7067489794095235	0.8480932605768869	0.9996654566602691	-0.9733411127278535	0.8054421112399502	0.22687202478272372	0.9981563348880957
SELENOS	10.328009142870025	0.08180362367907117	0.7913546311786913	0.9176680219193437	0.9997507862781244	0.13367071548245904	0.7353884041068618	0.855764119638948	0.9996654566602691	-0.051867091803387874	0.7879100879081418	0.9475142115446086	0.9981563348880957
SELENOT	10.270999517167503	0.17031921658324892	0.7606733937153882	0.8228305700021545	0.9997507862781244	0.05197767272173911	0.7073754370136988	0.941424467397746	0.9996654566602691	0.1183415438615098	0.7583610617003511	0.875994337017183	0.9981563348880957
SELENOW	19.93850615217157	0.3376986107033681	0.6119063250301429	0.5810308539905086	0.9997507862781244	0.533045293467788	0.5683956800156132	0.34834374237767873	0.9996654566602691	-0.1953466827644199	0.6025754467368378	0.7457970208655611	0.9981563348880957
SEM1	20.280009618213267	-0.3166902929629466	0.6291744885760919	0.6147234539050215	0.9997507862781244	0.2693765735755658	0.5731339274250569	0.6383504954133203	0.9996654566602691	-0.5860668665385124	0.6252077850243215	0.3485552351991035	0.9981563348880957
SENP6	5.165274686685268	0.6949864867895635	0.9364175204275395	0.4579807871540901	0.9997507862781244	0.8560194411710765	0.8608954622624714	0.32005926349132197	0.9996654566602691	-0.16103295438151297	0.9006121794877038	0.8580916965665454	0.9981563348880957
SEPHS2	9.519788333087504	-0.8731642355484095	0.7679551079143293	0.25553867876974623	0.9997507862781244	-1.0272605103943941	0.7072472857827297	0.146368982740302	0.9996654566602691	0.15409627484598462	0.7914409183584044	0.8456251132971262	0.9981563348880957
SEPTIN11	5.832491610274621	0.2242405306447969	0.8611869032405078	0.7945664729749591	0.9997507862781244	0.03872929925705775	0.7971652960100825	0.9612510004912783	0.9996654566602691	0.18551123138773917	0.857005633479013	0.828625752775037	0.9981563348880957
SEPTIN2	12.909072273154885	0.505040318823203	0.7469912213600665	0.4989775356683481	0.9997507862781244	0.5546094991241326	0.6968089772922172	0.4260741162537408	0.9996654566602691	-0.04956918030092957	0.7337050108485621	0.946135822289009	0.9981563348880957
SEPTIN6	4.851941021710972	0.6136784657347267	0.9489564099410978	0.5178340664543246	0.9997507862781244	0.5926235408505425	0.8752102038876021	0.4983289449786763	0.9996654566602691	0.021054924884184277	0.9189968446955874	0.9817214498289643	0.9981563348880957
SEPTIN7	14.065249111552	-0.022484189984681244	0.7014320219050589	0.9744284324567082	0.9997507862781244	0.5342230086354521	0.6386354113233259	0.4028697257842575	0.9996654566602691	-0.5567071986201334	0.6913536623356593	0.4206798832060946	0.9981563348880957
SEPTIN9	6.751953674474527	-0.060803242527074974	0.9702497977451595	0.9500311847368234	0.9997507862781244	0.6379116980462176	0.8702374198302301	0.4635390372983692	0.9996654566602691	-0.6987149405732925	0.9512479811815837	0.4626291384216925	0.9981563348880957
SERBP1	15.83291939094754	-0.8100880363165498	0.6779541777545098	0.23212576323311096	0.9997507862781244	-0.5526152026208077	0.617098060866782	0.3705164983468239	0.9996654566602691	-0.25747283369574214	0.6868466064628226	0.7077629485221111	0.9981563348880957
SERF2	135.66719375196584	0.09889826266271513	0.5102346821757922	0.8463098027569214	0.9997507862781244	0.025562333583223535	0.5012423024019984	0.959327148193488	0.9996654566602691	0.0733359290794916	0.5102479474795428	0.8857167889032183	0.9981563348880957
SERINC1	5.870379963649136	-0.9069869717092195	0.9394550684018513	0.3343247569036366	0.9997507862781244	0.385632045808441	0.7970407462816375	0.6285066812305011	0.9996654566602691	-1.2926190175176606	0.9278553604616119	0.16358182544956368	0.9981563348880957
SERINC2	7.911448931083602	-0.038812446981252656	0.7962822256779714	0.9611248456899201	0.9997507862781244	-0.374924669438899	0.7443416560820633	0.6144724186782334	0.9996654566602691	0.3361122224576463	0.8061433840581907	0.6767233837636302	0.9981563348880957
SERP1	18.31768855705137	-0.4537017879294136	0.6812666009475009	0.5054315241367029	0.9997507862781244	0.47579476584593733	0.6125410712805929	0.43730292033315554	0.9996654566602691	-0.929496553775351	0.6744342478449001	0.16814554112321844	0.9981563348880957
SERPINA1	9.226699139490677	-0.22675572492965598	1.8647416432999475	0.9032144793761149	0.9997507862781244	2.7254325274763254	1.7076201161382891	0.1104795339487733	0.9996654566602691	-2.9521882524059815	1.823615265698235	0.10547615653185219	0.9981563348880957
SERPINA5	14.164810071063169	1.7833395831684455	0.8018787438904804	0.026151695133093587	0.9997507862781244	-0.431658276566297	0.8185058698531716	0.597934266731077	0.9996654566602691	2.2149978597347424	0.8144803335799934	0.006537618233463619	0.41594044484286763
SERPING1	8.647712437362918	0.5615360862218804	0.8651719116165477	0.5163088547995303	0.9997507862781244	1.31919050172505	0.7845491261629197	0.09267297428773076	0.9996654566602691	-0.7576544155031696	0.8285792041804674	0.36050569312077363	0.9981563348880957
SERTAD1	8.308018421782895	-0.14119120193742807	0.9788782971954935	0.8853127333629539	0.9997507862781244	0.9276585644042723	0.8754585346129187	0.28931481194434006	0.9996654566602691	-1.0688497663417003	0.9573336599404825	0.2642140980386112	0.9981563348880957
SET	22.955162389177136	-0.5058828352258039	0.6130889925642743	0.40929342383622236	0.9997507862781244	-0.004471554511987344	0.5612891460357476	0.9936436565816431	0.9996654566602691	-0.5014112807138166	0.6130628378149379	0.41342622669773976	0.9981563348880957
SETD2	8.232430880002894	1.1842428995710863	0.8958419171799822	0.18619049721597014	0.9997507862781244	-0.04217557377934017	0.8811229763786715	0.9618232702953906	0.9996654566602691	1.2264184733504264	0.8955676533828822	0.1708644618294276	0.9981563348880957
SETX	6.303133345088275	1.4877675425545667	0.9605085197821257	0.12139677592817218	0.9997507862781244	1.2919955485579824	0.9045253629560605	0.15318581684264185	0.9996654566602691	0.19577199399658418	0.895124970580821	0.826876644772447	0.9981563348880957
SF1	13.177629222224706	-0.09722428296228997	0.7387669303530734	0.8952979499392761	0.9997507862781244	-0.464381977823341	0.6967714711087218	0.5051064268679303	0.9996654566602691	0.36715769486105104	0.7482305517193424	0.6236377359460208	0.9981563348880957
SF3B1	10.35108307413545	-0.14078066322177646	0.762803406066328	0.8535765617535235	0.9997507862781244	0.4059836504071522	0.6879522779913182	0.555101185444109	0.9996654566602691	-0.5467643136289286	0.7531575724205901	0.46786162997047365	0.9981563348880957
SF3B2	8.12851969242995	0.5007377598526445	0.797308794198166	0.5299810685598156	0.9997507862781244	0.7536639407912619	0.7288745412363223	0.3011312468984304	0.9996654566602691	-0.25292618093861746	0.7721340852548926	0.7432385526042812	0.9981563348880957
SF3B5	14.049425711946785	-0.09744267164260569	0.696408393165661	0.8887218270387305	0.9997507862781244	-0.07650803847204837	0.6463140822768458	0.9057697870474091	0.9996654566602691	-0.020934633170557305	0.6974525411905885	0.9760544097503195	0.9981563348880957
SF3B6	13.935148125929935	-0.6877791128920065	0.7067790144002353	0.3304948473796464	0.9997507862781244	-0.24267639158966453	0.6393400576923959	0.7042622113328436	0.9996654566602691	-0.445102721302342	0.7106303476973719	0.5310859483317981	0.9981563348880957
SFPQ	18.244424786722554	0.7663115413230571	0.7261250076695505	0.2912681055835534	0.9997507862781244	0.5831699652490885	0.6924208301921139	0.3996653917879729	0.9996654566602691	0.18314157607396864	0.7154793088231011	0.7979736381724163	0.9981563348880957
SFRP1	40.28273633791675	1.2775211889812688	0.853995364380445	0.13467070630489886	0.9997507862781244	-0.65511744220615	0.8566924766490028	0.4444469348822174	0.9996654566602691	1.9326386311874186	0.8606785782323509	0.02473717848963099	0.7800039445274785
SFT2D1	9.469861883773563	0.48497109565508056	0.7615228154298738	0.5242265824729011	0.9997507862781244	0.4230040893431005	0.7063499887506399	0.5492668751132368	0.9996654566602691	0.06196700631198004	0.7474547606052724	0.9339278555395989	0.9981563348880957
SGK1	6.068713972857247	0.2496456583718914	1.1029108014150928	0.8209279447690685	0.9997507862781244	1.6153657328219897	0.9734737180096895	0.09703864088860949	0.9996654566602691	-1.3657200744500984	1.0513645452521478	0.19394473536946255	0.9981563348880957
SH3BGRL	10.229881080241867	-0.3350280278147032	0.7467368304086736	0.6536797637557096	0.9997507862781244	-0.062160679121443345	0.6767461659917702	0.9268154052209217	0.9996654566602691	-0.27286734869325985	0.7473745604111621	0.7150358653418325	0.9981563348880957
SH3BGRL3	18.724353568592463	-0.4964272549956591	0.7656960400604206	0.5167685437529546	0.9997507862781244	1.2479876605731632	0.6770943784933432	0.06530686340462878	0.9996654566602691	-1.7444149155688222	0.7498010047041825	0.019991687933208695	0.7013985160791952
SH3GLB1	5.106965509404027	-0.2310392335942895	0.8978095223578042	0.7969189548869737	0.9997507862781244	0.2512006816198316	0.7966402594651876	0.7525148177473964	0.9996654566602691	-0.48223991521412113	0.8860817382156	0.5862772690054034	0.9981563348880957
SH3YL1	6.345434982098464	-0.5407481196195444	0.9040763286058998	0.5497584005684553	0.9997507862781244	-0.23530339287830082	0.8160269106643078	0.7730769301327037	0.9996654566602691	-0.30544472674124357	0.909613584683008	0.7370246043926783	0.9981563348880957
SHTN1	5.42591421686127	1.0289014986235248	1.2621146732638973	0.4149462217871722	0.9997507862781244	2.662755900596718	1.1248506034907428	0.017922832996568747	0.9996654566602691	-1.6338544019731929	1.1495074083232777	0.1552145170182749	0.9981563348880957
SINHCAF	4.715419412194315	-0.3093093187885087	1.0124090450954233	0.759971563489555	0.9997507862781244	0.033079860403126035	0.9091857172787396	0.9709761304309275	0.9996654566602691	-0.34238917919163475	1.0095185821836536	0.7344885612508137	0.9981563348880957
SIVA1	9.363231547092388	-0.11817924618171317	0.7790738680674939	0.8794298945762601	0.9997507862781244	-0.08212553460756786	0.7173725629905496	0.9088565002958264	0.9996654566602691	-0.036053711574145324	0.7802795351473714	0.963145942425602	0.9981563348880957
SKAP2	7.495204321621667	1.7540130115879786	0.8855844146175023	0.04763304153847125	0.9997507862781244	0.7682931496939656	0.8628344906218248	0.37323539165637565	0.9996654566602691	0.9857198618940131	0.8449800470121593	0.24338813440959173	0.9981563348880957
SKIL	4.716932462825914	0.3615503069174341	1.0236564127301386	0.7239422705532039	0.9997507862781244	0.9512628515314926	0.9157875592060957	0.2989268500317652	0.9996654566602691	-0.5897125446140585	0.9802037311825872	0.547425499001897	0.9981563348880957
SKP1	52.53357558825361	0.07581392686132725	0.5759033591800753	0.8952662865130636	0.9997507862781244	0.12179232394512371	0.5555587313190982	0.8264748365078587	0.9996654566602691	-0.04597839708379647	0.5752052548010715	0.9362898308691638	0.9981563348880957
SLC12A1	156.06810324403966	0.5176119126958985	0.6720040697963522	0.4411509230177719	0.9997507862781244	-1.4883154475889584	0.6734239276529476	0.027100157413609834	0.9996654566602691	2.005927360284857	0.6768919694961922	0.003042233760493019	0.34446383169945954
SLC16A12	15.079506762262753	2.615376538895565	0.8287850945634795	0.0016012708519455156	0.33239714101635665	-0.18827045470461704	0.8638471174343344	0.8274726010203114	0.9996654566602691	2.803646993600182	0.8345367960910915	0.0007807666672662665	0.17680816074184272
SLC25A11	9.942906449772737	-0.15408694296324793	0.7353607323184089	0.8340272912689732	0.9997507862781244	-0.5912938591536119	0.6907510261769538	0.39198898647078084	0.9996654566602691	0.43720691619036395	0.750180704098384	0.5600265073705077	0.9981563348880957
SLC25A3	30.96944973667448	-0.3379933825390996	0.609439797125749	0.579170454439905	0.9997507862781244	-0.4977378548478675	0.5804455658623974	0.3911631118798552	0.9996654566602691	0.15974447230876787	0.614577232175569	0.7949210176263697	0.9981563348880957
SLC25A33	4.722080094837214	1.6201876093091845	0.9623739138789069	0.09227208383182378	0.9997507862781244	-0.1099033039820291	0.9740514465739255	0.9101644551865901	0.9996654566602691	1.7300909132912137	0.963977606643118	0.07269484601644283	0.9981563348880957
SLC25A36	7.765532248937959	-0.6502465494290331	0.7748434617148675	0.401358596084445	0.9997507862781244	-0.07487276308834385	0.6811689492162593	0.9124743669059144	0.9996654566602691	-0.5753737863406894	0.7754789861278057	0.4581120416681037	0.9981563348880957
SLC25A39	9.789060118681153	-0.10782609894668142	0.8004570492671297	0.8928445941729168	0.9997507862781244	0.3916492914363076	0.7256915420953971	0.589410055164699	0.9996654566602691	-0.49947539038298905	0.7910953319768471	0.5277973620631979	0.9981563348880957
SLC25A4	25.835503858725836	1.0463121647998588	0.9753299250306967			0.1255609956597173	0.9653483680487671			0.9207511691401415	0.9742453703764016		
SLC25A5	36.03121721535923	-0.08522188018710354	0.7598594838737565	0.9107006759658517	0.9997507862781244	-0.24358034982574311	0.7391773937781017	0.7417559164113837	0.9996654566602691	0.1583584696386396	0.7617925321643778	0.8353257016977866	0.9981563348880957
SLC25A6	60.86348621314389	-0.2620941922955535	0.5627453420476447	0.6414001201757815	0.9997507862781244	-0.6959960352828645	0.5480349585043616	0.2040900652842298	0.9996654566602691	0.433901842987311	0.5671433918778135	0.444232541976574	0.9981563348880957
SLC2A4RG	5.124077066481122	-0.4947398633819668	0.9098099124329665	0.5865902792424983	0.9997507862781244	-0.8032678416997505	0.8429175282945279	0.3406096442330765	0.9996654566602691	0.30852797831778367	0.939579456874109	0.7426333134217284	0.9981563348880957
SLC35F5	6.2339845716442515	-0.3042615092017247	0.8508392068221035	0.7206414389814977	0.9997507862781244	0.38955423277760903	0.7466776991088617	0.6018675882631386	0.9996654566602691	-0.6938157419793337	0.8359326764866507	0.40654445121676686	0.9981563348880957
SLC38A1	8.870038208557377	0.7577486463973837	0.8282450321735438	0.36025220189988705	0.9997507862781244	0.9129166102714874	0.7647217051594069	0.23256038740919172	0.9996654566602691	-0.15516796387410378	0.7971214443511967	0.8456588300813047	0.9981563348880957
SLC38A2	9.87951386497719	-0.33425698574976337	1.105528857201918	0.762385034745491	0.9997507862781244	2.442288213885946	0.9264596491019954	0.008385222559812786	0.9996654566602691	-2.7765451996357093	1.0480270644000853	0.008065708049804452	0.44648175004584195
SLC39A10	4.419638969732727	0.9227601375478217	1.0908108250845208	0.3975864068174131	0.9997507862781244	0.1946547692524238	1.0466753180348942	0.8524648706591895	0.9996654566602691	0.7281053682953978	1.0785041183634874	0.49960797013280966	0.9981563348880957
SLC3A1	6.679458228601121	0.5907047593516688	0.9185986771516301	0.5201917414323043	0.9997507862781244	0.7045975734040247	0.8524792684453498	0.40850491502598985	0.9996654566602691	-0.11389281405235603	0.895865963935009	0.8988362936065881	0.9981563348880957
SLC3A2	8.067015155309742	0.3808121142092486	0.835390021451953	0.6484982140614508	0.9997507862781244	0.13542961337773857	0.7848318999285667	0.8629982763677277	0.9996654566602691	0.24538250083151003	0.8306880089567027	0.7676908499979103	0.9981563348880957
SLC44A2	7.7580729294014015	0.5725132825191598	0.9227094737948668	0.5349485879091248	0.9997507862781244	0.3438761699008044	0.866222871985869	0.6913796430819767	0.9996654566602691	0.22863711261835537	0.9099219027081531	0.8016044874643018	0.9981563348880957
SLC44A3	4.144726133960428	0.6184833668273237	1.1019258273635606	0.5746101136890018	0.9997507862781244	-0.8932816808922975	1.102767074842739	0.41791914638728067	0.9996654566602691	1.5117650477196212	1.149147474526353	0.18832393030927685	0.9981563348880957
SLC5A3	20.43648456599552	0.731799129699465	0.7570164271439075	0.33369974122531376	0.9997507862781244	-1.0021777772877236	0.7591338734975918	0.1867817784074579	0.9996654566602691	1.7339769069871886	0.7767181301295519	0.025585872416386605	0.7966801023652379
SLIRP	18.20768182987976	0.06385474826052202	0.657281034827649	0.9226074003410282	0.9997507862781244	0.3919609962574249	0.6083858493755308	0.5194043673350945	0.9996654566602691	-0.32810624799690286	0.6509297860699843	0.6142207474277459	0.9981563348880957
SLK	4.754071221004877	0.1570238174053927	0.9819823121015875	0.8729559612848652	0.9997507862781244	0.4527431473515289	0.8870733860567457	0.6097863455102656	0.9996654566602691	-0.2957193299461362	0.960869989929263	0.7582633910029949	0.9981563348880957
SLPI	49.78656101195192	-2.788085607461489	1.9193980675251259	0.14633948144027809	0.9997507862781244	-0.7173444613741499	1.8810558707418934	0.7029420561858624	0.9996654566602691	-2.070741146087339	1.920669543407111	0.28097349377955416	0.9981563348880957
SLTM	12.299028158694055	0.29684528743153377	0.6793086524976282	0.6621247930126223	0.9997507862781244	0.03393470053873137	0.6355425721992037	0.9574173081807053	0.9996654566602691	0.26291058689280244	0.6773579810518628	0.6979114924331677	0.9981563348880957
SMAP1	3.26910967153285	-0.5038115403357677	1.0840814815908888	0.6421206243928912	0.9997507862781244	-0.46028174714050013	0.9839601385394021	0.6399383821104601	0.9996654566602691	-0.04352979319526758	1.1013101359427928	0.9684714527172533	0.9981563348880957
SMARCA2	7.2721765526859565	0.8330516345988435	0.9278724147517691	0.3692877133700072	0.9997507862781244	0.05519390355901745	0.8935786396100418	0.9507481769577609	0.9996654566602691	0.7778577310398261	0.9242239192124381	0.3999931807639616	0.9981563348880957
SMARCA4	7.331019997532035	-0.19416430190979728	0.8168831868065426	0.8121221695889292	0.9997507862781244	-0.7686141766562452	0.7715019926676367	0.31912534364177236	0.9996654566602691	0.5744498747464479	0.8415566756478726	0.49485716463051777	0.9981563348880957
SMARCA5	4.950096499387254	-0.2800280271685051	0.9572554968692144	0.7698797673810919	0.9997507862781244	-0.17047984450384154	0.8694745237187046	0.8445535994656107	0.9996654566602691	-0.10954818266466358	0.9616001262816267	0.9092989883129948	0.9981563348880957
SMARCB1	4.566028376404303	-0.8807938870342965	0.9271360939925479	0.34210425236610986	0.9997507862781244	-0.3192458923804332	0.80980999733597	0.6934162551343723	0.9996654566602691	-0.5615479946538633	0.9363752753900384	0.5487035244712422	0.9981563348880957
SMARCE1	8.144236999631428	-0.3612775397939863	0.8886921506125117	0.6843552689024306	0.9997507862781244	0.41870994319127947	0.7897198838729007	0.5959728665677975	0.9996654566602691	-0.7799874829852657	0.8775644871237381	0.3741055735389719	0.9981563348880957
SMC1A	3.3287436365686087	0.3169767268753034	1.113711739580222	0.775940727819788	0.9997507862781244	0.3463051048821056	1.020542468671989	0.734357876199752	0.9996654566602691	-0.029328378006802113	1.0926615990128643	0.9785863706660753	0.9981563348880957
SMC3	4.901654807308438	-0.8915693202872467	0.9987140949577377	0.37200859956875065	0.9997507862781244	-0.46470303468410085	0.8888437917118731	0.6011013028130854	0.9996654566602691	-0.42686628560314577	1.0116380873768858	0.6730574766744818	0.9981563348880957
SMCHD1	6.321380752133728	0.1918610401937171	1.1648566184816505	0.8691739305316679	0.9997507862781244	1.3532817115219438	1.048748737011324	0.19691964078810487	0.9996654566602691	-1.161420671328227	1.1275115220296894	0.3029751161517652	0.9981563348880957
SMDT1	18.985403952000848	-0.06596742619459607	0.7227430230033013	0.9272751191297114	0.9997507862781244	-0.5894312183843134	0.6945507992227004	0.3960755289585517	0.9996654566602691	0.5234637921897174	0.7314705495845475	0.4742185585090358	0.9981563348880957
SMIM14	9.97712773550649	0.7570785649487899	0.7687199930094949	0.3246947656375222	0.9997507862781244	0.6669821547182502	0.7167249931927491	0.3520620479922456	0.9996654566602691	0.09009641023053977	0.746646616411196	0.9039539462936694	0.9981563348880957
SMIM19	8.060689464317683	-0.4757738142698953	0.7972493635199858	0.5506615265037389	0.9997507862781244	-0.7301140353479838	0.7396138546792429	0.3235663133654242	0.9996654566602691	0.25434022107808846	0.8162312190819798	0.7553421380630573	0.9981563348880957
SMIM20	4.568205919659301	-0.4810817475562065	0.9258551632127383	0.6033368226392263	0.9997507862781244	-0.3531463428890365	0.8351540698069831	0.6724034428672021	0.9996654566602691	-0.12793540466716993	0.937038911305458	0.8914010597227396	0.9981563348880957
SMIM24	8.151846660975714	0.08255636141850367	0.8258211545106657	0.9203690841838772	0.9997507862781244	-0.5514617957041587	0.7861540236033551	0.48301107343501604	0.9996654566602691	0.6340181571226623	0.8411078852589811	0.45097572635674077	0.9981563348880957
SMIM26	13.796764955641171	-0.12457250199832286	0.6747326248671635	0.853523186174481	0.9997507862781244	-0.1598929662290938	0.6256311875656743	0.7982823875440377	0.9996654566602691	0.035320464230770954	0.6773766523063304	0.9584147346820814	0.9981563348880957
SMIM30	8.099485108483243	-0.6026907955745688	0.8064524953329586	0.45486090655868383	0.9997507862781244	-0.008605836646029378	0.7140695435874459	0.9903842727413824	0.9996654566602691	-0.5940849589285394	0.805701341393673	0.4609087222245445	0.9981563348880957
SMIM4	6.775087376785978	-0.5728245006548338	0.832250911560489	0.49127432286525274	0.9997507862781244	0.31145823606069595	0.7206465544018142	0.6656013081130955	0.9996654566602691	-0.8842827367155298	0.8214272939094084	0.2816948557128278	0.9981563348880957
SMIM7	4.71340242684326	-0.3049218868443178	0.8979523321914793	0.7341768394355659	0.9997507862781244	-0.7435940506776968	0.8400091198189876	0.37603723151728974	0.9996654566602691	0.438672163833379	0.9253146783073504	0.6354436452276324	0.9981563348880957
SMS	10.574288264748024	-0.3515806364755063	0.7607209692979939	0.6439610870910594	0.9997507862781244	-0.10834414155914458	0.6935430109116963	0.8758609168049986	0.9996654566602691	-0.24323649491636173	0.7624893394318872	0.7497241302975948	0.9981563348880957
SNAPIN	3.601199950716374	-0.3808042230725765	0.9789121004204807	0.6972705422705613	0.9997507862781244	-0.2568504337236476	0.8825175440936278	0.7710185368880075	0.9996654566602691	-0.12395378934892894	0.9873212949400286	0.9000916711179472	0.9981563348880957
SNF8	5.459307024881647	-0.2518707947301454	0.9815405681906779	0.797481687629718	0.9997507862781244	-0.013739738852468842	0.895052904283504	0.9877523497109597	0.9996654566602691	-0.23813105587767658	0.9810623638877313	0.8082163122267678	0.9981563348880957
SNHG14	16.079520425620665	0.6361838654839033	0.647925144105775	0.3261596352643056	0.9997507862781244	-0.09129901881942828	0.6228616545848811	0.8834635947104114	0.9996654566602691	0.7274828843033315	0.6492130978410775	0.2624747695541527	0.9981563348880957
SNHG29	76.16750755778747	-0.33936526153455776	0.48846599978506916	0.4872074858970392	0.9997507862781244	-0.5444127868276324	0.47245286027779115	0.249193160192707	0.9996654566602691	0.2050475252930747	0.491550831716282	0.6765730158945668	0.9981563348880957
SNHG32	11.855524998281185	-1.1345248516899609	0.7301915304353087	0.12024740739245308	0.9997507862781244	-0.45887325113677174	0.6437882321122009	0.4759877915860573	0.9996654566602691	-0.6756516005531891	0.7381788288708258	0.36003663441501044	0.9981563348880957
SNHG5	33.218591036988535	-0.6546205641796693	0.89215594516562	0.46310034046095283	0.9997507862781244	0.3306637575790212	0.8515999451717794	0.6978048993705226	0.9996654566602691	-0.9852843217586905	0.8902711686609499	0.26841334709784537	0.9981563348880957
SNHG6	19.611844073559993	-0.35242216790626957	0.8180064489407107	0.6665915848211659	0.9997507862781244	0.3595589167851775	0.7613242483402508	0.63672628704372	0.9996654566602691	-0.711981084691447	0.8138218980091757	0.38164951138529324	0.9981563348880957
SNHG7	7.028854931095536	-1.6438193702369484	0.8804486975555254	0.06189815374067828	0.9997507862781244	-1.2803987305717068	0.7750114443584893	0.09851355595046213	0.9996654566602691	-0.3634206396652416	0.9140776563375471	0.6909384786654262	0.9981563348880957
SNHG8	21.612051410557555	-0.9475591134449088	0.6882019679928636	0.16855492875893008	0.9997507862781244	0.4790363316846779	0.6077308456001861	0.43055771213408245	0.9996654566602691	-1.4265954451295868	0.6828261892867908	0.0366851154342239	0.9519023181942888
SNHG9	6.3606757081514065	0.012892600027840831	0.941031428089625	0.9890689254354922	0.9997507862781244	0.9426136789030037	0.8285479622540066	0.2552585475556767	0.9996654566602691	-0.9297210788751629	0.9089069431172364	0.30635504275081127	0.9981563348880957
SNRNP200	4.587262613250119	-1.05182581280159	1.012824283618087	0.2990337543912305	0.9997507862781244	-0.17351256404328957	0.8679204229074509	0.8415450289988791	0.9996654566602691	-0.8783132487583005	1.0170361997659862	0.38780723912308557	0.9981563348880957
SNRNP27	2.9973997973594586	-0.7345480774655304	1.1819800662859623	0.5342999291769455	0.9997507862781244	0.42660273501691903	1.001317895762916	0.6700777833500753	0.9996654566602691	-1.1611508124824494	1.160856048708323	0.31718764138214717	0.9981563348880957
SNRNP70	11.15711260719047	-0.11084872378366935	0.8261847839563387	0.8932686156322323	0.9997507862781244	0.5031126582407354	0.7487668776146559	0.5016335917513531	0.9996654566602691	-0.6139613820244046	0.8150001996322943	0.451253639351468	0.9981563348880957
SNRPB	10.388397216259882	-1.1611112383296776	0.8293513814333201	0.16150634834526723	0.9997507862781244	-0.07052314755698702	0.7232999032681819	0.9223277895183063	0.9996654566602691	-1.0905880907726906	0.8303514111113944	0.18904635310361073	0.9981563348880957
SNRPB2	9.795999557326013	-0.45296181713236	0.7367579599213062	0.5386840989286115	0.9997507862781244	-0.28777361897326575	0.6691493190554008	0.6671527974839504	0.9996654566602691	-0.16518819815909427	0.7427330817788289	0.8239979416767551	0.9981563348880957
SNRPC	5.669556927252843	-0.5553304610548829	0.9113782543276512	0.5423054718896376	0.9997507862781244	-0.45511363666228705	0.8278117392821179	0.5824708591873191	0.9996654566602691	-0.10021682439259584	0.9241234555934448	0.9136424868016935	0.9981563348880957
SNRPD1	8.981471446636945	-0.5037266789963255	0.7759387406423135	0.5162197324517455	0.9997507862781244	-0.047037934653254884	0.6950923374756497	0.9460471443941442	0.9996654566602691	-0.45668874434307055	0.7762461399332498	0.5563109400577653	0.9981563348880957
SNRPD2	24.087551229585934	-0.2320563492690623	0.5807310321246829	0.689455940192005	0.9997507862781244	-0.24194652946728282	0.542261970137977	0.65546711725166	0.9996654566602691	0.009890180198220517	0.5838947245113888	0.9864858433735381	0.9981563348880957
SNRPD3	9.732853435164898	-0.14578044640098278	0.8364468125500497	0.8616411923960752	0.9997507862781244	0.24717369998028899	0.7619789961853163	0.7456474256662058	0.9996654566602691	-0.3929541463812718	0.8301645486969479	0.6359671411824269	0.9981563348880957
SNRPE	13.751683406613175	-0.3934104878795508	0.699276959881233	0.5737099508130437	0.9997507862781244	-0.15252418361689615	0.640512658902888	0.8117815941913032	0.9996654566602691	-0.24088630426265467	0.7016803084963205	0.7313733657614148	0.9981563348880957
SNRPF	10.462908114978278	0.09180462353838698	0.7545754281399446	0.9031651686197945	0.9997507862781244	0.15371141488324894	0.6947784355947073	0.8249070963648968	0.9996654566602691	-0.06190679134486196	0.7496798797468431	0.9341873853496268	0.9981563348880957
SNRPG	18.207936285525523	-0.159037448532057	0.6277655554402315	0.800006322127325	0.9997507862781244	0.07946909443580842	0.5770470954844332	0.8904642208974684	0.9996654566602691	-0.23850654296786544	0.6260870619187138	0.7032419185015126	0.9981563348880957
SNRPN	20.01417043290204	0.03846721840060794	0.6122945726858594	0.9499061027355467	0.9997507862781244	-0.7734571757667085	0.5906483942571653	0.19036325907334095	0.9996654566602691	0.8119243941673164	0.6255825507660776	0.19433224726383969	0.9981563348880957
SNU13	17.96882267426036	0.01805306137189459	0.6732540035640355	0.9786075791840191	0.9997507862781244	-0.0015696181445611246	0.6325300589189978	0.9980200580495241	0.9996654566602691	0.019622679516455716	0.6731245003931021	0.9767436547716101	0.9981563348880957
SNW1	5.545845868375682	-0.44029927532699575	0.9221499604080903	0.633027220847519	0.9997507862781244	0.27774535536926903	0.8109282781658962	0.7319723984704046	0.9996654566602691	-0.7180446306962648	0.9120556316529017	0.4311170296123029	0.9981563348880957
SNX17	5.019993816275048	-0.16208389241823123	0.8925099147203993	0.855893050600528	0.9997507862781244	-0.055440852462187454	0.8090656702850467	0.9453680863073823	0.9996654566602691	-0.10664303995604378	0.8921615639840017	0.9048528381856769	0.9981563348880957
SNX2	8.660824898626927	0.19409188858028356	0.7512944234103137	0.7961419633731546	0.9997507862781244	-0.20789906745687117	0.7044738939212997	0.767907924395201	0.9996654566602691	0.4019909560371548	0.7561916227879011	0.5950035325746788	0.9981563348880957
SNX3	21.634331462634286	-0.23742298452818608	0.6224978063414958	0.7029036945513549	0.9997507862781244	0.12251447555362585	0.5736622343227943	0.8308858871060233	0.9996654566602691	-0.35993746008181193	0.620639044366692	0.5619506764676316	0.9981563348880957
SNX5	5.085099950328962	-0.4123634766183976	0.9367789442408406	0.6597973734003624	0.9997507862781244	-0.006752808098787388	0.8363893252966307	0.993558140180143	0.9996654566602691	-0.4056106685196102	0.9353881014352966	0.6645584457132416	0.9981563348880957
SNX6	7.789909293796585	0.09853414334312766	0.7970345833945366	0.9016114590873596	0.9997507862781244	0.2697667633171169	0.7279476521142433	0.7109463668054647	0.9996654566602691	-0.17123261997398925	0.7879862875049674	0.8279713928007488	0.9981563348880957
SOCS1	5.304395584839149	-0.3128001561507885	0.9820134576214029	0.7500833980870267	0.9997507862781244	0.9624577791482755	0.8402002905273722	0.2519979828308274	0.9996654566602691	-1.275257935299064	0.9465952198699598	0.17791417653720554	0.9981563348880957
SOCS3	5.829233413816648	-1.87895366263606	1.1150960192216501	0.091985652637115	0.9997507862781244	0.6912210327787044	0.8685393240233088	0.4261232338115659	0.9996654566602691	-2.570174695414764	1.0981836314544615	0.019263766871692147	0.7013985160791952
SOD1	50.33516818685334	-0.3075034049829286	0.5681414912036106	0.5883391324737011	0.9997507862781244	-0.30047044625646985	0.5455532576297412	0.5817962800046836	0.9996654566602691	-0.007032958726458774	0.5702981375512174	0.9901606780983773	0.9981563348880957
SOD2	16.255164867927736	0.32198144834328807	0.8363501400330194	0.7002492467367089	0.9997507862781244	1.5458265990793056	0.7651731662474038	0.043359425613704705	0.9996654566602691	-1.2238451507360175	0.8114457978535211	0.13149622186457804	0.9981563348880957
SOD3	12.723459537224572	0.2584957428474744	1.0262072463086493	0.8011227753848246	0.9997507862781244	1.9549492703300924	0.9329838631967815	0.03613784070566785	0.9996654566602691	-1.6964535274826178	0.9926199820449806	0.08743863787037469	0.9981563348880957
SON	29.378356101184124	0.42651302078185893	0.5741555810414347	0.4575708681612157	0.9997507862781244	0.20451083009613957	0.5473812776439414	0.7086894483729551	0.9996654566602691	0.22200219068571936	0.5714116678500345	0.6976347142348327	0.9981563348880957
SORL1	5.488308909730454	-0.5986281281078004	0.9263857584741242	0.518151481492331	0.9997507862781244	-0.5917661730660744	0.8432822678986819	0.4828403801809109	0.9996654566602691	-0.006861955041726052	0.9447682720952595	0.9942049283305784	0.9981563348880957
SOSTDC1	6.62739286264773	-1.344504865074568	0.9431797271144257	0.15401205733954665	0.9997507862781244	-3.255834908446475	1.0020285360493661	0.001157122995705171	0.6708526867133613	1.9113300433719072	1.1052960007549977	0.08376485735571144	0.9981563348880957
SOX4	31.193591546424916	-0.65871004146867	0.719923444696984	0.36020614919564775	0.9997507862781244	-0.7244683207110633	0.6886427584357835	0.2927887974827469	0.9996654566602691	0.06575827924239327	0.7265830700768435	0.9278871473747882	0.9981563348880957
SOX9	3.316458556310332	-0.1510188062066007	1.2703829804584519	0.9053731227786355	0.9997507862781244	2.250341654508288	1.0415200724705025	0.030723773232172163	0.9996654566602691	-2.401360460714889	1.1631265611671544	0.038963357701141746	0.9705772403354409
SP100	5.961114212244146	0.8526698433695681	1.0441014093323295	0.41412604864552294	0.9997507862781244	1.0029587339995616	0.9690924933541744	0.30069396931618864	0.9996654566602691	-0.1502888906299935	1.0044660433857802	0.8810638929942326	0.9981563348880957
SPAG7	8.092195874794907	-0.16993375983230594	0.8126730141500665	0.8343664932431192	0.9997507862781244	-0.4366112832472407	0.7581943935430181	0.5647120790796532	0.9996654566602691	0.2666775234149348	0.8235564834935151	0.7460803233634211	0.9981563348880957
SPCS1	26.264580354712926	0.12457031765609554	0.6326973463709461	0.8439154287436879	0.9997507862781244	0.013696859140633507	0.6023369733707286	0.9818580443082682	0.9996654566602691	0.11087345851546203	0.6325367589131009	0.8608566258070796	0.9981563348880957
SPCS2	21.899496334567054	0.2942830145776362	0.6258709564743399	0.6382138567385707	0.9997507862781244	0.20061786398933548	0.5917130885230095	0.7345751941517008	0.9996654566602691	0.09366515058830073	0.6227526914175286	0.8804450561325419	0.9981563348880957
SPCS3	4.902911895528571	-0.7688906356680177	0.9703435955132184	0.42813326397858464	0.9997507862781244	0.07894652723852687	0.8388212462660489	0.9250169852321793	0.9996654566602691	-0.8478371629065448	0.9659885820081704	0.3801127345535543	0.9981563348880957
SPINT1	6.938291456485652	0.2565109803710416	0.7919061992091808	0.7460017335649423	0.9997507862781244	0.2595484328669907	0.727110547286447	0.7211227271465814	0.9996654566602691	-0.0030374524959491007	0.781017305064898	0.9968969569232032	0.9985003295921588
SPINT1-AS1	7.817563830445342	-0.25105465041333047	0.8318347197325139	0.7627981778174986	0.9997507862781244	-0.5248629846835985	0.7750128464944508	0.4982591893523215	0.9996654566602691	0.273808334270268	0.845654632472926	0.7461025599382116	0.9981563348880957
SPINT2	36.25627860879634	-0.04429882918271654	0.6278952742159752	0.9437548690642367	0.9997507862781244	0.4700097227524124	0.5944387581020822	0.4291318442253863	0.9996654566602691	-0.5143085519351289	0.6240788251324259	0.4098780133078458	0.9981563348880957
SPP1	138.73931672356392	-0.35739679604671115	0.7221248749395485	0.6206539012434871	0.9997507862781244	1.573181683627113	0.7041964195660039	0.025482430007232645	0.9996654566602691	-1.9305784796738241	0.7190385065952494	0.00725418522496439	0.42023663710200687
SPPL2A	8.573501698228856	0.3803719368082429	0.8399447913236139	0.6506542379349594	0.9997507862781244	0.09091346614469864	0.790237723696707	0.9084088850354443	0.9996654566602691	0.28945847066354424	0.8363720550955601	0.7292764566792629	0.9981563348880957
SPSB3	5.1478677540329745	-0.8375854851550301	0.9198913799964291	0.36254490904237824	0.9997507862781244	-0.09976242174781938	0.7983238526917559	0.9005513765558831	0.9996654566602691	-0.7378230634072106	0.9214346164824156	0.42328625986918555	0.9981563348880957
SPTAN1	6.773039301889327	-0.8909476525801945	0.9168259736967598	0.33116298846592973	0.9997507862781244	0.49944066686191885	0.7757415441551984	0.5196898674283605	0.9996654566602691	-1.3903883194421134	0.9029145752752962	0.12358738634869164	0.9981563348880957
SPTBN1	13.314285747893686	0.9517293388132485	0.7921514365679477	0.2295771824274817	0.9997507862781244	0.45011382997067106	0.7607786915743648	0.5540857620058568	0.9996654566602691	0.5016155088425774	0.7810970991543081	0.5207475288613492	0.9981563348880957
SPTSSA	5.798349681438928	0.9644944520628613	0.9563164612946337	0.31318975185647147	0.9997507862781244	-0.14097184933474152	0.9350391755779136	0.8801605329714354	0.9996654566602691	1.105466301397603	0.9601069907812579	0.24956809407718694	0.9981563348880957
SQLE	5.025208566761367	0.06939632356395836	0.958006444433411	0.9422531346375785	0.9997507862781244	-0.05196052980191728	0.8861759203179423	0.953243187952334	0.9996654566602691	0.12135685336587565	0.9581757140459073	0.8992142003056858	0.9981563348880957
SQSTM1	26.16320667820594	1.5209697706681977	0.719155593134687	0.034435198860370594	0.9997507862781244	1.5342123635111653	0.6928102879013524	0.026795991550807825	0.9996654566602691	-0.01324259284296752	0.6952856162669958	0.9848041993999127	0.9981563348880957
SREK1	8.31508889728225	0.14094698861703944	0.8144417392304988	0.8626045542065015	0.9997507862781244	0.03173799457848644	0.7535138749018011	0.9664030470254685	0.9996654566602691	0.109208994038553	0.8119567432745093	0.8930064202809646	0.9981563348880957
SREK1IP1	7.693287397882184	0.3237770354346691	0.7969524467238043	0.6845449955340199	0.9997507862781244	0.1878634038696393	0.7380387001609923	0.799075231338883	0.9996654566602691	0.13591363156502984	0.7885985032095736	0.8631636944125144	0.9981563348880957
SRFBP1	3.8873539706767812	0.2573044987184311	0.9824352974767177	0.7933948556735554	0.9997507862781244	0.4671057899736482	0.8893796912759866	0.599441370026188	0.9996654566602691	-0.20980129125521715	0.9560722044116529	0.8263066565308246	0.9981563348880957
SRI	15.303725427819709	-0.38718338969697463	0.6622961083871651	0.5588115442045489	0.9997507862781244	-0.02741924299252008	0.6029783671419516	0.9637302853254038	0.9996654566602691	-0.35976414670445456	0.6624066617058226	0.587049427506961	0.9981563348880957
SRP14	79.06936391958854	-0.27805655464621737	0.5081205907152659	0.5842238053168886	0.9997507862781244	-0.20937539711575562	0.49103689151993485	0.6698204569811761	0.9996654566602691	-0.06868115753046174	0.5092477207383762	0.892716340122538	0.9981563348880957
SRP19	5.594897994840493	0.2092320532135692	0.8805357924546079	0.8121765961581168	0.9997507862781244	0.011579095446549876	0.8160176585277903	0.9886785888018109	0.9996654566602691	0.19765295776701933	0.8776342562331324	0.8218150710743992	0.9981563348880957
SRP54	5.074707305307586	0.8366930127158451	0.947572350247079	0.37724389646831524	0.9997507862781244	1.3912314144229343	0.853717646268711	0.1031828098182348	0.9996654566602691	-0.5545384017070891	0.8766550259803052	0.5270198986114099	0.9981563348880957
SRP9	16.650629466164112	-0.5458237820550264	0.6675570675671681	0.41356070841913495	0.9997507862781244	0.037811198337157924	0.6032654895589471	0.9500232807445725	0.9996654566602691	-0.5836349803921842	0.6667394824469558	0.3813797644387519	0.9981563348880957
SRRM1	12.084855398799702	-0.5106836567876913	0.7146820804394798	0.47488059741658994	0.9997507862781244	-0.09316518154071819	0.6433475755834362	0.8848584085855637	0.9996654566602691	-0.41751847524697316	0.7159948713232394	0.559805426727016	0.9981563348880957
SRRM2	17.295488294933236	0.31833315533661655	0.7054573961734235	0.6518139683288202	0.9997507862781244	-0.06824444678031023	0.6726509060837932	0.9191885119713421	0.9996654566602691	0.38657760211692677	0.7064330008801624	0.5842243541083585	0.9981563348880957
SRSF10	11.696620545633795	-0.07100464293181669	0.72663594980246	0.92215706220376	0.9997507862781244	0.0939033473947126	0.6657060534665923	0.8878239059152693	0.9996654566602691	-0.16490799032652928	0.7237219784790293	0.819754327810322	0.9981563348880957
SRSF11	16.386427864022032	0.1943898512660787	0.662647419352002	0.7692520663189305	0.9997507862781244	-0.2873062945617691	0.6303964585517683	0.6485662162803429	0.9996654566602691	0.4816961458278478	0.6677817812953328	0.470701793203289	0.9981563348880957
SRSF2	20.775824613401603	-0.669151929151803	0.8677731253679453	0.440639415389419	0.9997507862781244	0.2445375616318562	0.8074304832616621	0.7619973435981071	0.9996654566602691	-0.9136894907836591	0.865444897539926	0.29108453803481316	0.9981563348880957
SRSF3	25.970388410633714	-0.5017616696400465	0.6813820888192329	0.46149453752986025	0.9997507862781244	0.6601776196032575	0.6209279371477606	0.28768612421341055	0.9996654566602691	-1.1619392892433038	0.6747139226402165	0.08504752813588376	0.9981563348880957
SRSF4	8.473433090833408	-0.11647505242330201	0.7856382217112955	0.8821412686004608	0.9997507862781244	-0.44663153181131254	0.7328972622049872	0.5422557752327731	0.9996654566602691	0.3301564793880105	0.7977629493586966	0.678981867793583	0.9981563348880957
SRSF5	24.15878954803732	-1.3668540621575078	0.7044479440786214	0.05234087649959936	0.9997507862781244	-0.38787642012063034	0.6347799583783207	0.5411726049361976	0.9996654566602691	-0.9789776420368775	0.708351833306707	0.16695635325049407	0.9981563348880957
SRSF6	8.13101191129536	0.29834114063602285	0.8957801883774188	0.7390952357627953	0.9997507862781244	1.1850954849325717	0.7984278540378139	0.13773299666198735	0.9996654566602691	-0.8867543442965489	0.8588893634327777	0.3018646187856181	0.9981563348880957
SRSF7	27.664994790141737	-0.9765812737762198	0.8499878284780811	0.2505825376778381	0.9997507862781244	1.1585552823270864	0.7684244445035082	0.13163074328494315	0.9996654566602691	-2.135136556103306	0.8411974515002405	0.011142081110492563	0.5139800749303143
SRSF9	17.896491803647372	-0.35780936284453024	0.6830380362688387	0.6003829881697322	0.9997507862781244	-0.07166980544885766	0.6314009364467018	0.9096268818895732	0.9996654566602691	-0.28613955739567254	0.6839714789766761	0.6756911424243797	0.9981563348880957
SSB	14.20760405121676	-0.09480021798696776	0.6627633864646686	0.8862603265283031	0.9997507862781244	-0.06796632415806672	0.6132734948767309	0.9117547465241577	0.9996654566602691	-0.026833893828901036	0.6635678770450594	0.9677432914052001	0.9981563348880957
SSBP1	12.748510054895625	-0.2474822635447214	0.742147870721004	0.7387813485027066	0.9997507862781244	-0.21732879278179412	0.6888809446742971	0.7523965371639567	0.9996654566602691	-0.03015347076292728	0.7459542420089627	0.96775614777671	0.9981563348880957
SSR1	6.153912761416718	0.0924713276316711	0.8582050771873396	0.9141942551434654	0.9997507862781244	0.2206756260955204	0.7817556000139199	0.7777271964630124	0.9996654566602691	-0.12820429846384931	0.8484658403432531	0.8798958005326478	0.9981563348880957
SSR2	17.099087199816264	0.24694728491466889	0.6567321504022895	0.7068987879704793	0.9997507862781244	-0.023071743163160952	0.6208615058194065	0.970356751803354	0.9996654566602691	0.27001902807782985	0.6567938734381887	0.6809868553653035	0.9981563348880957
SSR3	11.507638127135225	0.26620212934700527	0.7119391008254893	0.7084702519808752	0.9997507862781244	-0.3634459960132397	0.67878296709608	0.5923472213175367	0.9996654566602691	0.6296481253602451	0.7202672445731647	0.382016527555452	0.9981563348880957
SSR4	26.12637674093426	0.4722278438521739	0.6305227499017796	0.4538894164308265	0.9997507862781244	0.19066556915603117	0.6049444048381746	0.7526260044789057	0.9996654566602691	0.28156227469614276	0.6280593406109416	0.653932940958613	0.9981563348880957
SSU72	7.805613923202797	-0.08737878506329297	0.8003088700132013	0.9130586700363286	0.9997507862781244	0.05988348834676159	0.7300222332354144	0.9346231137572668	0.9996654566602691	-0.14726227341005457	0.7974204731428981	0.8534852863565129	0.9981563348880957
ST13	18.914760453305654	-0.5008107494715464	0.6788033265574334	0.46064525562114933	0.9997507862781244	-0.19957762671825993	0.6282101323797802	0.7507182259244788	0.9996654566602691	-0.3012331227532864	0.6814303808517996	0.6584457795024579	0.9981563348880957
STAG2	3.87106904415414	-1.0605798244248865	1.2182967988102718	0.38400369753925245	0.9997507862781244	-0.1786956923555222	1.0642978709721826	0.8666618911270294	0.9996654566602691	-0.8818841320693643	1.2230058927306158	0.4708607768761546	0.9981563348880957
STAT3	12.366723958148778	-0.04513606327244353	0.7576789357518837	0.9524969255780482	0.9997507862781244	0.6591634825410962	0.6842620164473	0.33538681518912083	0.9996654566602691	-0.7042995458135398	0.7440576145481475	0.3438600405446145	0.9981563348880957
STAU1	7.400567739064662	0.04737507170433989	0.8511395341806517	0.9556120615278276	0.9997507862781244	-0.4000332770048582	0.8007225402802552	0.6173635340080807	0.9996654566602691	0.44740834870919804	0.8627627336382717	0.6040562053646306	0.9981563348880957
STIP1	3.315199827167417	-1.6509560156347878	1.1516466785569266	0.1516975172815741	0.9997507862781244	-0.5062627740676331	0.959589011546887	0.5977888492898682	0.9996654566602691	-1.1446932415671547	1.1678935154520782	0.32701951374531024	0.9981563348880957
STK4	5.564333709275888	-0.07639785775003961	1.2151639098522669	0.9498696946519772	0.9997507862781244	0.6471811295860702	1.1029317119193576	0.5573497291260778	0.9996654566602691	-0.7235789873361098	1.1959795146216352	0.5451726738354309	0.9981563348880957
STMN1	16.041597269036462	-1.0506808554144607	0.8121109118064457	0.19574652835733064	0.9997507862781244	-1.0858446918067115	0.7583100583014245	0.1521646972283429	0.9996654566602691	0.03516383639225097	0.8283839534709981	0.9661409924034202	0.9981563348880957
STMP1	12.921139571758552	-0.32381232480553634	0.7496319534571192	0.6657692190061191	0.9997507862781244	-0.4177164841230956	0.6975939580553171	0.5493089181787061	0.9996654566602691	0.09390415931755927	0.7576348349008344	0.901359753196244	0.9981563348880957
STOML2	5.675193790217714	-0.45968408383012654	0.9995081099723999	0.6455806001973072	0.9997507862781244	0.13784702948460695	0.8959561003395499	0.8777243271251546	0.9996654566602691	-0.5975311133147334	0.9951081076563969	0.5481940207739096	0.9981563348880957
STRAP	9.32200869050889	0.5739170547537225	0.7498949598212173	0.4440751077889721	0.9997507862781244	-0.1916102709646915	0.7194066219207611	0.7899736110939841	0.9996654566602691	0.765527325718414	0.7543977362357082	0.31022360841629015	0.9981563348880957
STT3B	3.8321749141807717	-0.7774889244103814	1.0427898206720276	0.45591787105415105	0.9997507862781244	0.7729068059991846	0.8610719204648187	0.36939348142487316	0.9996654566602691	-1.550395730409566	1.0091623895451876	0.12446007015946474	0.9981563348880957
STUB1	9.445468201447925	0.46718210458449605	0.7148748854328199	0.5134237419543806	0.9997507862781244	0.09585981090366608	0.6716217837577602	0.8865043238355307	0.9996654566602691	0.37132229368083	0.7103436937538742	0.60115791121011	0.9981563348880957
STX16	4.317074449257807	-0.080275451142159	1.0089992982255476	0.9365876298678064	0.9997507862781244	1.0560217276590305	0.8670782527318857	0.22325885379763666	0.9996654566602691	-1.1362971788011893	0.9590818298153926	0.23610600567159024	0.9981563348880957
STX4	2.0983908331435983	-0.6997001120787045	1.4227161113089435	0.6228565977866459	0.9997507862781244	0.13996003995515768	1.2376583925379325	0.9099635252781242	0.9996654566602691	-0.8396601520338622	1.4143345639222948	0.5527271044796715	0.9981563348880957
SUB1	27.724953067291356	-0.6033447860212062	0.5972998937070448	0.3124376269129593	0.9997507862781244	-0.1703814618938189	0.5514222463671856	0.7573325797383968	0.9996654566602691	-0.43296332412738725	0.599140859150007	0.46990090851007105	0.9981563348880957
SUCLA2	6.941417077791346	0.7632751761467934	0.7729283919753891	0.32339226477342675	0.9997507862781244	-0.408540324764788	0.759172667982493	0.5904811763241219	0.9996654566602691	1.1718155009115814	0.7874466630315248	0.13671912512688517	0.9981563348880957
SUCLG1	18.92320056881993	0.1390545070207109	0.7778783379012177	0.8581251701103122	0.9997507862781244	-0.21001757914717648	0.7486441356122131	0.7790704617829042	0.9996654566602691	0.3490720861678874	0.7808010320436891	0.6548251026447565	0.9981563348880957
SUCLG2	7.21935737265218	0.23585978000115065	0.817529596628647	0.7729616981182854	0.9997507862781244	-0.09899705843882806	0.7652897189568338	0.8970736444535219	0.9996654566602691	0.3348568384399787	0.8191210608227916	0.6826863066051856	0.9981563348880957
SUDS3	3.989116595854815	0.13132565313220218	0.9896291831391187	0.8944291559705579	0.9997507862781244	0.3638118082614649	0.8960988337478019	0.6847461411831441	0.9996654566602691	-0.23248615512926274	0.971779295347057	0.8109213414319687	0.9981563348880957
SUGT1	3.7527418016079994	-0.8009810846919895	1.111770838521261	0.47124477211423166	0.9997507862781244	0.2247827582757477	0.9577368277974574	0.8144400277655818	0.9996654566602691	-1.0257638429677371	1.102835836574649	0.35231169122080574	0.9981563348880957
SULT1C2	10.196951470406576	0.27938493756887955	0.7645307113236934	0.7147880298690317	0.9997507862781244	-0.9913945142335109	0.7528287253572333	0.18787465547228	0.9996654566602691	1.2707794518023905	0.7933146479869833	0.10918644610821877	0.9981563348880957
SUMF2	8.035649602122763	0.04909875837847303	0.8014141663990125	0.9511480456492485	0.9997507862781244	-0.838008181727149	0.7720714650063112	0.277743492462592	0.9996654566602691	0.887106940105622	0.8290557028993445	0.2846098954812982	0.9981563348880957
SUMO1	18.06922457036119	-0.4602179950526686	0.660698360928955	0.4860763532457395	0.9997507862781244	-0.2162271736938467	0.6082106174004525	0.7222048242714327	0.9996654566602691	-0.2439908213588219	0.6638027229343412	0.7131974215400959	0.9981563348880957
SUMO2	33.10559308159633	-0.8114162475675564	0.6003870598358036	0.17653897961266563	0.9997507862781244	-0.019427466535900117	0.5521279489535161	0.971931003233738	0.9996654566602691	-0.7919887810316563	0.6006284783683623	0.18730283503689005	0.9981563348880957
SUMO3	7.3446993545424215	-0.9765050103698185	0.9303289215070253	0.2938863480304702	0.9997507862781244	-0.1261924460385958	0.8106104975150641	0.8762885652590832	0.9996654566602691	-0.8503125643312228	0.9327683306252492	0.3619787837283607	0.9981563348880957
SUPT16H	5.089535719826114	0.3242987887390383	0.9466232235299132	0.7319107901660202	0.9997507862781244	0.21075954301914082	0.8741597461483311	0.8094779423939238	0.9996654566602691	0.11353924571989744	0.9346689949554224	0.9033145358977769	0.9981563348880957
SUPT5H	4.053000802577196	-0.42376717126931396	1.076500915073367	0.6938376870959642	0.9997507862781244	0.46509784380132774	0.9380225821788183	0.6200157809304411	0.9996654566602691	-0.8888650150706418	1.0576329280832217	0.4006680904461619	0.9981563348880957
SURF1	5.798371966408796	-0.8816312443765745	0.9524591317590919	0.3546347504125611	0.9997507862781244	-0.9020501214641303	0.8706586583568507	0.30017655649848896	0.9996654566602691	0.020418877087555895	0.977463445003567	0.9833336765344202	0.9981563348880957
SURF2	3.034194274063526	-0.14172289151629572	1.1330936902918027	0.9004633378067219	0.9997507862781244	-0.47191551715478613	1.054731611857831	0.6545667051848545	0.9996654566602691	0.33019262563849044	1.1531333448741274	0.7746147865811338	0.9981563348880957
SURF4	4.917975309279798	0.006040269823402891	0.9045338825859387	0.994671949487314	0.9997507862781244	0.12296990180563379	0.8215150547866847	0.8810117785182398	0.9996654566602691	-0.1169296319822309	0.8970714506857812	0.8962927259536564	0.9981563348880957
SVIP	8.923649512996029	0.3290657211206525	0.842084376442711	0.6959633810521989	0.9997507862781244	0.6624878551939354	0.7707172942008401	0.39002440756121814	0.9996654566602691	-0.3334221340732828	0.8229213218808846	0.6853533571249049	0.9981563348880957
SYAP1	8.89494380819505	-0.3445187679826081	0.7924318733969482	0.6637356464227355	0.9997507862781244	0.13683231722386827	0.7109311247799441	0.8473747221194841	0.9996654566602691	-0.48135108520647635	0.7882326897123378	0.5414172065486504	0.9981563348880957
SYF2	15.47456014476255	-0.4819842474427725	0.6913372136332812	0.4856921731106626	0.9997507862781244	-0.0037453215152351027	0.627155717487341	0.9952351284274906	0.9996654566602691	-0.4782389259275374	0.6911150915129346	0.48894888496999234	0.9981563348880957
SYNCRIP	8.129398133833213	1.168164186830314	0.844236509659143	0.16645246405648706	0.9997507862781244	0.3410536373394946	0.8149686123559783	0.6755912080808985	0.9996654566602691	0.8271105494908194	0.8285092023647832	0.31812816616307926	0.9981563348880957
SYNE1	8.966785822143073	0.9672360401807271	0.8601035813534827	0.2607765390402319	0.9997507862781244	0.19282927268114086	0.8297767508214173	0.8162374985327101	0.9996654566602691	0.7744067674995861	0.8525099547899336	0.3636751501484985	0.9981563348880957
SYNE2	26.529188020732416	0.599813533650765	0.7817265439370409	0.44290715559974947	0.9997507862781244	0.15564066925129375	0.7614674178078111	0.8380442867130387	0.9996654566602691	0.4441728643994711	0.7800841882415559	0.5690908680839708	0.9981563348880957
SYNGR1	4.355916779863087	0.3848314225640209	0.9028701463528727	0.6699393876771541	0.9997507862781244	-0.8884061173801939	0.8953310996885505	0.32106805206917766	0.9996654566602691	1.2732375399442148	0.94612941882392	0.17838865385757907	0.9981563348880957
SYNGR2	11.397161587230451	0.6787705014896752	0.7128449883842233	0.3409959141503578	0.9997507862781244	0.9090372821193768	0.655306604497774	0.16538266468691876	0.9996654566602691	-0.2302667806297016	0.6865194164289502	0.7373143938010858	0.9981563348880957
SYNJ2BP	7.696043537208857	-0.17069173215972033	0.8672165257104871	0.8439628266556973	0.9997507862781244	0.12292217091794948	0.7895051101569448	0.8762732660074992	0.9996654566602691	-0.2936139030776698	0.8631850080820791	0.7337422413749521	0.9981563348880957
SYPL1	9.437798380211985	-0.1097560998827447	0.7369885872894907	0.8816127342533623	0.9997507862781244	-0.24842154762784266	0.6809859806950204	0.7152630489934331	0.9996654566602691	0.13866544774509795	0.7425389421509757	0.8518605580659406	0.9981563348880957
TACC1	7.2169058760189335	0.5030291889292322	0.8239674397796023	0.5415330007210661	0.9997507862781244	-0.1036935356955533	0.7834174412666901	0.8946991445973168	0.9996654566602691	0.6067227246247856	0.8257072973027328	0.4624664690115513	0.9981563348880957
TACSTD2	42.75071246135518	-0.23664150148724844	0.8017024033199793	0.7678611566846975	0.9997507862781244	0.532063178043785	0.7727535503733949	0.4911197563130817	0.9996654566602691	-0.7687046795310335	0.7988689574187269	0.33592842309062776	0.9981563348880957
TAF1D	10.439282723734454	-0.23454664572852213	0.8760105985934343	0.7888963225035541	0.9997507862781244	0.4459261601041746	0.7925255867730903	0.5736632356778838	0.9996654566602691	-0.6804728058326966	0.8662274307180665	0.43212585741494913	0.9981563348880957
TAF7	7.8281934741195585	-0.007510580239136241	0.7985719519856462	0.9924959953114906	0.9997507862781244	0.2784346591391359	0.722371094485816	0.6999074068827671	0.9996654566602691	-0.28594523937827215	0.788750994677808	0.7169566332369615	0.9981563348880957
TAGLN2	11.202752339288693	-0.167327251717184	0.8505937685070737	0.8440480883329835	0.9997507862781244	1.829489835038436	0.7264177738702593	0.011785280995149541	0.9996654566602691	-1.99681708675562	0.8100618367412175	0.013700633185341454	0.5884185735290615
TALDO1	12.398342129050397	0.1504169482203153	0.689225833244407	0.8272417788232496	0.9997507862781244	0.37102681180791675	0.6312823136845714	0.5567100714958552	0.9996654566602691	-0.22060986358760146	0.6799791295715419	0.7456077961406675	0.9981563348880957
TAOK3	6.009988378307189	0.8402371854309499	0.8775976971789398	0.33835093944049666	0.9997507862781244	0.5359515964849744	0.824324530281413	0.5155820122863226	0.9996654566602691	0.3042855889459756	0.8537848904686852	0.7215439638981086	0.9981563348880957
TAPBP	10.650978065478572	-0.27124946860936755	0.8921524708181776	0.7610979027183143	0.9997507862781244	0.5917987214542	0.8031329591188914	0.4612058485073566	0.9996654566602691	-0.8630481900635676	0.8798515999326237	0.3266410733755589	0.9981563348880957
TAX1BP1	15.061503978210759	0.9968406907047286	0.645231776846255	0.12236216064067372	0.9997507862781244	0.6366146810590265	0.6126859517714748	0.29877894564535545	0.9996654566602691	0.3602260096457021	0.6292897681308589	0.5670289015208448	0.9981563348880957
TBC1D1	6.602821429802804	0.209662166041778	0.8178487193825247	0.797674317344542	0.9997507862781244	-0.5210150564695846	0.7811436236089148	0.5047784629588206	0.9996654566602691	0.7306772225113626	0.8365185535834454	0.3824047617658669	0.9981563348880957
TBCA	22.324263592483184	-0.33671113531769487	0.5995085877756068	0.574357761284561	0.9997507862781244	-0.19544416756012903	0.5555134606773161	0.7249686386606319	0.9996654566602691	-0.14126696775756586	0.6020671995258743	0.8144908421856782	0.9981563348880957
TBCB	7.382332047661787	-0.16508727419871388	0.8083576040325119	0.8381772480926255	0.9997507862781244	0.2000844031279897	0.7261963618601868	0.7829138201487209	0.9996654566602691	-0.36517167732670364	0.800902035645287	0.6484255795426426	0.9981563348880957
TBL1XR1	6.688029074787002	0.7722777775811632	0.9270993297518144	0.4048422741347313	0.9997507862781244	0.7805126594989857	0.8593927870358662	0.36376510805771645	0.9996654566602691	-0.008234881917822486	0.8945304473875794	0.9926549259918643	0.9981563348880957
TCEA1	7.931805107616962	-0.17305331100535026	0.8440272536921891	0.8375464617321204	0.9997507862781244	0.749707381015372	0.7464633609637715	0.3152119394059122	0.9996654566602691	-0.9227606920207223	0.8245431852512886	0.2630900233231005	0.9981563348880957
TCEAL3	4.628999226513914	0.21962926294768165	1.0958708223929545	0.8411558064635021	0.9997507862781244	-0.38185058840882713	1.0449053756148279	0.714782724331624	0.9996654566602691	0.6014798513565087	1.1086087367166448	0.5874370752944023	0.9981563348880957
TCEAL4	17.897094975832857	-0.5938333696125065	0.7362576109573606	0.41992203796443095	0.9997507862781244	-0.5200362124926116	0.6876360058678194	0.44948930960059275	0.9996654566602691	-0.07379715711989503	0.7436392054022803	0.9209494219326726	0.9981563348880957
TCEAL8	5.024159722012148	0.10356011924574314	0.859934161752559	0.9041441414777968	0.9997507862781244	0.030977292598323547	0.7890533050596377	0.9686840473366595	0.9996654566602691	0.0725828266474196	0.85547476040802	0.9323845520582257	0.9981563348880957
TCEAL9	13.73885389233109	0.14293320051602199	0.7014448453892622	0.8385334777159364	0.9997507862781244	-0.05865986704633107	0.6584704105777041	0.929014321424315	0.9996654566602691	0.20159306756235304	0.7021420098943582	0.7740269231222318	0.9981563348880957
TCERG1	2.809937682718788	-1.197437995264745	1.2585915911060195	0.3413957337592458	0.9997507862781244	-0.7543487919116323	1.1081526509171542	0.4960446128127898	0.9996654566602691	-0.44308920335311264	1.28762329850533	0.7307605548902636	0.9981563348880957
TCF25	10.934677005205355	0.03898559812160666	0.7369622841376228	0.9578112673058068	0.9997507862781244	0.1284087370063208	0.6774444809627486	0.8496627708738478	0.9996654566602691	-0.08942313888471416	0.7329036158170937	0.9028894034478194	0.9981563348880957
TCIM	19.153954458239284	0.360240041082519	0.6978247342774971	0.6056917997089668	0.9997507862781244	0.19379275907080193	0.6638728064243395	0.7703535392116952	0.9996654566602691	0.16644728201171707	0.6947297052730615	0.8106514748329473	0.9981563348880957
TCP1	8.64935064172641	0.33962600743439986	0.7761253818663642	0.661682305644588	0.9997507862781244	0.5085815798961271	0.7099360892575571	0.4737588588815037	0.9996654566602691	-0.1689555724617272	0.7590672274465434	0.8238599539697836	0.9981563348880957
TCTEX1D2	4.4698267438086425	-0.5973084854030056	1.0288310020176876	0.5615302499786751	0.9997507862781244	-0.14792703819526637	0.9149264649944695	0.8715563681882605	0.9996654566602691	-0.4493814472077393	1.0324411908473488	0.6633729462093159	0.9981563348880957
TCTN3	2.6073795635050403	-0.9756181315832766	1.2170304990529592	0.42276227721066584	0.9997507862781244	-0.2846266065303014	1.0559125214754645	0.7875025461032082	0.9996654566602691	-0.6909915250529751	1.2269567395356196	0.5733156340871803	0.9981563348880957
TDG	2.6699877898220112	-0.30872231725997157	1.1972770276833216	0.796519815076337	0.9997507862781244	0.3457195825436643	1.0534101961827973	0.742767369392697	0.9996654566602691	-0.6544418998036359	1.1786658976760445	0.578730833443863	0.9981563348880957
TECR	11.982901524460777	0.2668762753466438	0.7766935447911496	0.7311428895656469	0.9997507862781244	0.10432625969878898	0.7324315354260121	0.8867338582077398	0.9996654566602691	0.16255001564785482	0.7741950482142406	0.8336988690019791	0.9981563348880957
TERF2IP	13.696078704242474	0.1756921945754614	0.6646607803407629	0.7915228511176338	0.9997507862781244	-0.13757882688007264	0.6238832174286255	0.8254660734423361	0.9996654566602691	0.313271021455534	0.6669697532562665	0.6385743728008877	0.9981563348880957
TES	3.6570112552719953	-0.24258286732080633	1.0988277540614724	0.8252753050393602	0.9997507862781244	0.48216024646737127	0.9684163208882163	0.6185648918212121	0.9996654566602691	-0.7247431137881776	1.0780035276368418	0.5013919373081334	0.9981563348880957
TESC	5.775717068973751	0.1448464655023852	1.005221894824444	0.8854262254682783	0.9997507862781244	1.257018883227949	0.8815700391558303	0.1539010853647776	0.9996654566602691	-1.1121724177255636	0.9599869968326806	0.24664837615302726	0.9981563348880957
TEX264	10.854780161059217	-0.006648033516079246	0.7616539136412451	0.993035818689365	0.9997507862781244	-0.46277044623885233	0.7212537227618424	0.521120274689051	0.9996654566602691	0.45612241272277304	0.7717345143341576	0.5544967061579574	0.9981563348880957
TFAM	5.074659833394044	0.3376760709260328	0.9395312212888495	0.7192890678875512	0.9997507862781244	-0.36145227107335526	0.8960298340201939	0.6866590466557143	0.9996654566602691	0.699128341999388	0.9530412887451399	0.46320711226436495	0.9981563348880957
TFAP2B	6.613966099997904	0.1274862651366267	0.7828204421660134	0.8706325602453833	0.9997507862781244	-1.2802706165857216	0.7835366658153774	0.10226643349318182	0.9996654566602691	1.4077568817223483	0.8360927222494604	0.09223328669664133	0.9981563348880957
TFCP2L1	17.284600115867526	0.7440333630721664	0.617422056608453	0.22817842732173277	0.9997507862781244	0.24243786274435586	0.588878334581029	0.6805634921795476	0.9996654566602691	0.5015955003278106	0.6115595677931216	0.41210737453857194	0.9981563348880957
TFDP2	8.699072875708373	-0.45986105201078176	0.8007100970850884	0.5657536189854855	0.9997507862781244	-0.5019822848087578	0.7359077686491973	0.49515888434331745	0.9996654566602691	0.042121232797976055	0.8126940687197557	0.9586648382170572	0.9981563348880957
TFG	5.838000120383915	1.184314831966426	0.9577700634867282	0.216260296873811	0.9997507862781244	0.19035681257841625	0.9317026604196801	0.8381107174625189	0.9996654566602691	0.9939580193880099	0.9464785614590406	0.29364256861748506	0.9981563348880957
TGIF1	5.4965466034205	-1.1499687043961115	0.9480946246445512	0.2251580803125942	0.9997507862781244	-0.6597913893764729	0.8325878532681956	0.42809333293945273	0.9996654566602691	-0.49017731501963857	0.9672259137932815	0.6123044269100895	0.9981563348880957
TGOLN2	11.854579662143633	-0.2212657331952798	0.7125352443814389	0.7561556406589092	0.9997507862781244	0.03031469562957382	0.6490476147889918	0.962747207208445	0.9996654566602691	-0.2515804288248536	0.711188900601513	0.7235290349172467	0.9981563348880957
THAP4	7.579221474900614	0.8686904770701076	0.8060752057588326	0.2811769472051918	0.9997507862781244	0.07130412180045544	0.7750918344803996	0.9267024749964129	0.9996654566602691	0.7973863552696522	0.800635164352835	0.3192782246619077	0.9981563348880957
THOC2	5.999833376869202	0.3798308262740391	0.9227751850562033	0.6806194758010913	0.9997507862781244	1.251881858983917	0.8162323136304087	0.12509552551483794	0.9996654566602691	-0.8720510327098778	0.872989925546646	0.31783126243469684	0.9981563348880957
THOC7	5.562896219909941	0.8855465689360497	0.8869867425375569	0.3180969068947077	0.9997507862781244	0.8598488139767035	0.8227080406291337	0.2959561727880935	0.9996654566602691	0.025697754959346085	0.849129446003918	0.975856787697198	0.9981563348880957
THRAP3	7.613836608623853	-0.24041852010158243	0.8140450230224512	0.7677356051574438	0.9997507862781244	-0.18391968330039213	0.7456253018504356	0.8051674767284833	0.9996654566602691	-0.05649883680119028	0.8180058281784082	0.944934704034	0.9981563348880957
THUMPD1	6.280958831707558	-0.11256151225883095	0.8502661537699049	0.8946806831485677	0.9997507862781244	-0.011732103665573814	0.7721705897368281	0.9878776731956013	0.9996654566602691	-0.10082940859325715	0.848489296924257	0.905406842029008	0.9981563348880957
THUMPD3-AS1	10.21314311998203	1.119122252115305	0.793588708798822	0.1584793506802573	0.9997507862781244	1.1133965615430812	0.7421353466230803	0.13354686191637455	0.9996654566602691	0.005725690572223797	0.7566589647029694	0.9939624101181075	0.9981563348880957
THY1	6.052052956307189	1.288392450025064	0.971196443997287	0.18463992918740335	0.9997507862781244	-1.4856017527112015	1.053498556153896	0.15849237981007414	0.9996654566602691	2.7739942027362656	1.063657455366109	0.009107906809916383	0.4630162421122798
TIAL1	3.868818971426147	-0.8493666248622467	1.0335777821236256	0.41120593235890135	0.9997507862781244	0.4818678779345191	0.8624869586039137	0.576369317242466	0.9996654566602691	-1.3312345027967656	1.0121567192897136	0.18842743039249454	0.9981563348880957
TIMM10	6.596834972444468	0.3359282597836633	0.893429241917258	0.706917840610962	0.9997507862781244	0.25212941549508616	0.827055853648587	0.760479073591425	0.9996654566602691	0.0837988442885771	0.8826532199211948	0.9243627117341485	0.9981563348880957
TIMM13	16.639112624410064	-0.15435984040488418	0.7346401350923684	0.8335769321552411	0.9997507862781244	-0.38191840700116025	0.6952761853164848	0.5827964309415108	0.9996654566602691	0.22755856659627607	0.740742690049687	0.7586886669903136	0.9981563348880957
TIMM17B	6.226061758281424	-0.036153906778963775	0.8555404612884241	0.9662925811444533	0.9997507862781244	-0.14067566635914958	0.7882979252561454	0.8583656984106043	0.9996654566602691	0.10452175958018581	0.8585431010306331	0.9031024219769511	0.9981563348880957
TIMM8B	14.578049328396979	-0.7624215034814656	0.7424798870724375	0.30448727555758826	0.9997507862781244	-0.2471263992949359	0.6721727099940055	0.713131894763755	0.9996654566602691	-0.5152951041865297	0.7463222123638927	0.48991382658827265	0.9981563348880957
TIMMDC1	4.5886275163947925	-0.5637947960835962	1.0217869679510068	0.581103663107701	0.9997507862781244	-0.32574354379479903	0.9230727315931052	0.7241705770004296	0.9996654566602691	-0.23805125228879714	1.031172639531281	0.8174275321620798	0.9981563348880957
TIMP1	12.828948573159892	0.15955030982866508	0.8247479740961409	0.8466038884507018	0.9997507862781244	1.0456449206647516	0.751736811123221	0.16423389139734812	0.9996654566602691	-0.8860946108360866	0.805209373298181	0.27113504558416035	0.9981563348880957
TJP1	7.20618474043146	0.6938209051990823	0.9109384473476818	0.44626588575804205	0.9997507862781244	-0.33955357326525265	0.8865956225175871	0.7017302597858726	0.9996654566602691	1.0333744784643348	0.9222453492154936	0.2625014154430413	0.9981563348880957
TKT	4.2096638746298005	-0.7873823691992177	1.1393835163280275	0.4895278380573269	0.9997507862781244	0.2906931131681984	0.9883628725022567	0.7686694362919887	0.9996654566602691	-1.0780754823674161	1.1297410819122402	0.3399481272359861	0.9981563348880957
TLE4	5.471108671095692	-2.1827237895567757	1.3263873224741656	0.09984290666650024	0.9997507862781244	0.9823504675506057	1.0165801332510755	0.33387977407044833	0.9996654566602691	-3.1650742571073818	1.3054668520242947	0.015330457614004273	0.623790439373877
TLE5	12.941049730835601	0.48709199225264754	0.7377135618608888	0.509078961703388	0.9997507862781244	0.7642856574321569	0.6811688247301043	0.26185355387680653	0.9996654566602691	-0.27719366517950944	0.7196489917991982	0.7001048151290108	0.9981563348880957
TLK1	5.4421219353151145	0.6202337501425803	0.8664571665004872	0.4740979531857409	0.9997507862781244	0.2256251128536387	0.8136250080348559	0.7815432500454021	0.9996654566602691	0.39460863728894163	0.8525691408632315	0.6434744025760906	0.9981563348880957
TLN1	7.135827967735507	0.2447153109109116	0.8602606896115229	0.7760529357108138	0.9997507862781244	0.43857135196636154	0.7867593706717935	0.5772266615527573	0.9996654566602691	-0.19385604105544993	0.8450635651238108	0.8185594531471473	0.9981563348880957
TM9SF2	6.312301667513204	0.9907505206857133	0.8750939167258139	0.257565159915668	0.9997507862781244	0.5688195291688386	0.8268987786557519	0.4915189101598907	0.9996654566602691	0.4219309915168747	0.84784473565472	0.6187298751104173	0.9981563348880957
TM9SF3	8.793362794397305	0.2619808785618816	0.9000829258858913	0.771003101505721	0.9997507862781244	0.4041963371204375	0.8353716100871755	0.6284908119408138	0.9996654566602691	-0.14221545855855589	0.8891685722570857	0.8729267110886614	0.9981563348880957
TMA7	64.22424465138127	0.12560972709544022	0.5069198650911957	0.8042968105320467	0.9997507862781244	0.3364456323613004	0.48629034738770477	0.4890242288404807	0.9996654566602691	-0.2108359052658601	0.5048949073147777	0.6762514848458572	0.9981563348880957
TMBIM4	20.807265002071617	0.07905556446728947	0.6464029111807963	0.9026608335999753	0.9997507862781244	-0.3288738653613187	0.6170639950102857	0.5940574123110276	0.9996654566602691	0.4079294298286081	0.651196378713093	0.5310324516595513	0.9981563348880957
TMBIM6	44.093116216656476	-0.519648988881591	0.5446842262751205	0.34006483601624027	0.9997507862781244	-0.325933686953481	0.5143043029977684	0.5262524474135222	0.9996654566602691	-0.19371530192810998	0.5473450709530369	0.7234002971041815	0.9981563348880957
TMCO1	15.172118654151047	-0.36741023392720606	0.6916329619394587	0.595265361522809	0.9997507862781244	0.1663020654703091	0.6285266639772616	0.7913250849303386	0.9996654566602691	-0.5337122993975152	0.6886613878800831	0.43833989658712424	0.9981563348880957
TMED10	13.208084910676531	-0.0010827481845981804	0.7062174536245064	0.9987767114550276	0.9997507862781244	0.1995221897017024	0.651493684379329	0.7594116775143424	0.9996654566602691	-0.2006049378863006	0.7019373929541228	0.7750408769069946	0.9981563348880957
TMED2	11.82341265453925	0.0676143284400455	0.740721978438987	0.9272687939369538	0.9997507862781244	-0.13113553473737688	0.6917281434305731	0.8496408513168558	0.9996654566602691	0.19874986317742235	0.7430843873250567	0.789110332532543	0.9981563348880957
TMED3	5.406048862639577	0.3294754076937863	0.9387502877321543	0.7256090815133907	0.9997507862781244	0.7548880226913812	0.8495295822459303	0.37422059975624955	0.9996654566602691	-0.42541261499759486	0.9102801462297313	0.6402548417743343	0.9981563348880957
TMED4	9.183680545610299	-0.14276331750235396	0.775476787759524	0.8539369883419551	0.9997507862781244	0.28442194257058345	0.700107063637049	0.6845553011008195	0.9996654566602691	-0.42718526007293744	0.7676433899848226	0.5778764718134954	0.9981563348880957
TMED9	13.641814860320197	0.256807477461455	0.6756982664298979	0.7038991257462419	0.9997507862781244	0.04913488460618577	0.6334965565857964	0.9381769421770675	0.9996654566602691	0.2076725928552692	0.6739715937187224	0.7579814661136886	0.9981563348880957
TMEM106B	4.181402941959677	-0.1621442595518548	0.9624547060803537	0.8662139390871757	0.9997507862781244	-0.7233702814081088	0.9086930354615094	0.425999654285265	0.9996654566602691	0.561226021856254	0.9946532964407576	0.5725888618752579	0.9981563348880957
TMEM116	2.8926489643162907	-0.06357563041585299	1.1199412194038785	0.9547308534871513	0.9997507862781244	-0.49995958959523057	1.0492560304004184	0.6337256125415478	0.9996654566602691	0.4363839591793776	1.1446414076228346	0.703024607347611	0.9981563348880957
TMEM123	14.09611916370103	0.12138272623007433	0.7758643405508844	0.8756795977422059	0.9997507862781244	0.5780319932225103	0.7141445832374966	0.418282390720329	0.9996654566602691	-0.4566492669924359	0.7645502440851314	0.5503215925859168	0.9981563348880957
TMEM134	6.574372938472598	-0.06691391187154419	0.8368058862199899	0.9362663005944948	0.9997507862781244	0.2796786997087617	0.7536529885425737	0.7105649527464655	0.9996654566602691	-0.3465926115803059	0.8264687593118767	0.6749489213914144	0.9981563348880957
TMEM141	13.49013862245538	-0.1890793255501199	0.6659661988431573	0.7764737577818729	0.9997507862781244	-0.589908708774273	0.6260084688710844	0.34602195695477656	0.9996654566602691	0.40082938322415324	0.6781141139892012	0.5544572430818091	0.9981563348880957
TMEM147	11.504685157236347	-0.03435552574221202	0.7793870854235472	0.9648404887057853	0.9997507862781244	-0.23122475792469876	0.7329798036190608	0.7524135055373877	0.9996654566602691	0.19686923218248675	0.78374621063672	0.8016671943696082	0.9981563348880957
TMEM14B	12.98515139176989	0.4225399255914487	0.6966163039112707	0.5441426283406237	0.9997507862781244	0.21978623322126026	0.6545013773652801	0.7370163084015416	0.9996654566602691	0.20275369237018842	0.691007738274603	0.7692031289135132	0.9981563348880957
TMEM14C	13.80260151757564	-0.27815518066409556	0.7119561981044722	0.6960253389149638	0.9997507862781244	-0.12599698098307738	0.6575392367174069	0.848040694219059	0.9996654566602691	-0.15215819968101818	0.7139059549553595	0.8312218252637986	0.9981563348880957
TMEM160	13.197588287393879	0.4719844764406095	0.7115548616625705	0.5071293146089011	0.9997507862781244	-0.20902248733276793	0.6822229750310526	0.7593119729437463	0.9996654566602691	0.6810069637733774	0.7158306628417518	0.3414256961354143	0.9981563348880957
TMEM161B-AS1	7.737819640873689	0.48337932402889777	0.781602768893632	0.5362811994845207	0.9997507862781244	0.10588493883438699	0.7337750080483163	0.885262281412416	0.9996654566602691	0.37749438519451084	0.7757938716099153	0.6265481393598828	0.9981563348880957
TMEM165	8.466393021447438	0.8800972496937449	0.8041105948443289	0.27373672662158954	0.9997507862781244	0.298633913620211	0.7658394803980207	0.6965785330597344	0.9996654566602691	0.5814633360735338	0.7911862548370621	0.46238457319416515	0.9981563348880957
TMEM167A	8.906719574123352	-0.9632107202483787	0.7700489165144716	0.21099156257718543	0.9997507862781244	-0.8939612736078825	0.6960394890009814	0.19901803409052532	0.9996654566602691	-0.06924944664049622	0.7923777563253174	0.9303579522367095	0.9981563348880957
TMEM176A	10.911019574881026	0.25770689068296826	0.9791249245682091	0.7923954779248197	0.9997507862781244	-0.7900757856649535	0.9592340651610026	0.4101368881969223	0.9996654566602691	1.0477826763479217	0.9963308485484214	0.29296414835880547	0.9981563348880957
TMEM176B	13.726886051016477	1.238577840026216	0.8629688214279381	0.15121526312926353	0.9997507862781244	0.30687141960908404	0.8452540475122732	0.7165658217208124	0.9996654566602691	0.9317064204171318	0.8559982380567218	0.27639900441103604	0.9981563348880957
TMEM179B	7.95526237655056	0.42911478261084596	0.7741688363876496	0.579379740394584	0.9997507862781244	0.2297163638328787	0.7210653952166765	0.7500457049146041	0.9996654566602691	0.19939841877796724	0.7651206491969864	0.7943929482236138	0.9981563348880957
TMEM205	14.27419438282783	0.1071104136688808	0.7648325522434396	0.8886250154896584	0.9997507862781244	-0.22887951567293185	0.7281299433415429	0.7532637083858948	0.9996654566602691	0.33598992934181265	0.7687514778761387	0.6620683932866893	0.9981563348880957
TMEM207	6.63118915523914	0.35054857593826566	0.8464401988737296	0.6787682647471337	0.9997507862781244	-5.139202047268493	1.5283512220755613	0.0007721796886345726	0.6708526867133613	5.489750623206759	1.5517933384562537	0.0004036566139086047	0.11172318058292603
TMEM208	7.480384764640582	-0.48466202464733665	0.8824679536305455	0.5828599430392811	0.9997507862781244	-0.5498349228731025	0.8152198924619433	0.5000175715854711	0.9996654566602691	0.06517289822576587	0.895822394341758	0.9420034437971412	0.9981563348880957
TMEM213	10.936797647959374	-1.1946402541636192	0.8281288977795292	0.14913947802341881	0.9997507862781244	-1.7795150690222659	0.7832454959631657	0.023087952226917775	0.9996654566602691	0.5848748148586466	0.8670883320759243	0.49997608896473256	0.9981563348880957
TMEM219	13.225843986277502	-0.002498867840363569	0.7135035506768403	0.9972056144759167	0.9997507862781244	-0.5483386260958614	0.678354863261949	0.418897209799431	0.9996654566602691	0.5458397582554978	0.7249423590225259	0.4514845951645178	0.9981563348880957
TMEM223	4.994441323876788	1.0239694728420436	0.9787399969292625	0.2954631905628736	0.9997507862781244	0.1529923532731972	0.9453288690628718	0.8714315786410382	0.9996654566602691	0.8709771195688465	0.9678018239668928	0.3681447327575236	0.9981563348880957
TMEM230	13.435444228938346	0.3271343457806549	0.7930251738987827	0.6799623894758722	0.9997507862781244	-0.04876467077361567	0.7559116045902793	0.9485632883207504	0.9996654566602691	0.3758990165542706	0.7937277298480755	0.635794553493356	0.9981563348880957
TMEM251	4.484493762430516	-0.6572081301339813	0.9610024544794266	0.49405240859998745	0.9997507862781244	-0.24862609101283437	0.85119596185663	0.7702175765161855	0.9996654566602691	-0.40858203912114693	0.9680844927518935	0.6729870302603125	0.9981563348880957
TMEM256	8.378877911344302	-0.8270521983110409	0.7829002228023497	0.2907876042137061	0.9997507862781244	-0.5006941978276018	0.7001627515937524	0.4745403582364862	0.9996654566602691	-0.32635800048343916	0.7943567508808766	0.681185731319844	0.9981563348880957
TMEM258	21.602657244167474	-0.5916373102689816	0.6191431793800212	0.33928735079731664	0.9997507862781244	-0.09760910010913937	0.5649568395394081	0.8628301222099876	0.9996654566602691	-0.4940282101598421	0.6203053401890096	0.42578361935278053	0.9981563348880957
TMEM30A	4.474869029535299	-0.10332910306182079	1.1612250964966084	0.9290955503835323	0.9997507862781244	0.33561071805488246	1.0490561694962772	0.749031383797539	0.9996654566602691	-0.43893982111670327	1.1477176869555261	0.7021307162122041	0.9981563348880957
TMEM33	4.111780907593104	-1.2547230053443654	0.9822295445686847	0.20145280749521421	0.9997507862781244	-0.03833725475121548	0.8154684666128714	0.9625032225054029	0.9996654566602691	-1.21638575059315	0.98121171193493	0.21509482753192755	0.9981563348880957
TMEM37	4.225106845234808	0.18036443380899875	0.9986939454011613	0.8566813143665638	0.9997507862781244	-0.7660148143726696	0.9658191098153911	0.42770528032714794	0.9996654566602691	0.9463792481816683	1.0302093333892637	0.3582901261067495	0.9981563348880957
TMEM38B	4.040405637371796	-1.6551080340445736	1.067951411564989	0.12119021579254034	0.9997507862781244	-0.723572518030023	0.9038755938152736	0.4234082814315395	0.9996654566602691	-0.9315355160145506	1.0899312783382074	0.3927318561151908	0.9981563348880957
TMEM50A	7.977781062245629	-1.4159234793810893	0.9457421116466579	0.13435267055396355	0.9997507862781244	-0.7115841870781873	0.8366332823254128	0.39502884037657426	0.9996654566602691	-0.704339292302902	0.9596871195724865	0.46299386317212876	0.9981563348880957
TMEM50B	7.1165244245405965	0.6987167295903772	0.8273986335456018	0.39840452149065375	0.9997507862781244	0.6167339819192053	0.7670953093543803	0.421404990772825	0.9996654566602691	0.08198274767117195	0.8014437818728429	0.9185234588110196	0.9981563348880957
TMEM52B	45.10677495032732	-0.28689209852181774	0.8556349201207539	0.7374008126124707	0.9997507862781244	0.04246688075187038	0.8341467310088091	0.9593967873651782	0.9996654566602691	-0.32935897927368807	0.8555716048277032	0.7002686669990283	0.9981563348880957
TMEM59	41.524634917787886	0.06732751139993079	0.6219907302613914	0.9138011906369197	0.9997507862781244	-0.25981526308552105	0.6030498936451967	0.6665880324672597	0.9996654566602691	0.3271427744854518	0.6242274917727567	0.6002255384753761	0.9981563348880957
TMEM9B	5.196424710867898	0.7780460201314098	0.8662581032882603	0.3690955525463613	0.9997507862781244	0.3318884573450465	0.8167982777320068	0.6845012128723788	0.9996654566602691	0.44615756278636326	0.8471432778693871	0.5984288289216091	0.9981563348880957
TMF1	4.630863728379552	0.07008507812952616	0.9624798292335582	0.9419515903610356	0.9997507862781244	0.5792078677398455	0.8585786036015726	0.4999219821608879	0.9996654566602691	-0.5091227896103193	0.9368337001658055	0.5868196292359404	0.9981563348880957
TMOD3	6.178199017620283	-0.7666171058357683	0.880333397846629	0.3838492321672544	0.9997507862781244	0.021666436335621424	0.7648165096787339	0.9773998039544073	0.9996654566602691	-0.7882835421713897	0.8782853800450754	0.3694385621822345	0.9981563348880957
TMPO	3.4308929793353364	-0.8683234237919758	1.13359877046076	0.44368324880952237	0.9997507862781244	0.3650266908993043	0.9551404613520077	0.702334759414109	0.9996654566602691	-1.23335011469128	1.1170208472348266	0.26953135732124733	0.9981563348880957
TMPRSS4	6.884841526648597	1.3588194213371492	0.9492558816255778	0.15229914808775266	0.9997507862781244	0.9143311538357113	0.9039220608360337	0.31176977772183256	0.9996654566602691	0.44448826750143794	0.9084746726195645	0.6246514420787854	0.9981563348880957
TMSB10	151.22318709589678	-1.0145690076732705	0.5494802440064254	0.06483185392577931	0.9997507862781244	0.4947305685097627	0.529637802434128	0.3502563074161682	0.9996654566602691	-1.509299576183033	0.5485276909399129	0.005931455589995014	0.4142065723889666
TMSB4X	226.0241736921991	-1.462468623244406	0.7726725058623308	0.05839237419871378	0.9997507862781244	0.8938549927063391	0.7570368357104192	0.23771058262607236	0.9996654566602691	-2.356323615950745	0.7718455923223284	0.002266843051136383	0.30774649542018295
TMX2	5.4294101300790825	0.05364616247898692	0.9498756169001085	0.9549617863649589	0.9997507862781244	-0.10099083799637291	0.8801181889633434	0.9086457348270783	0.9996654566602691	0.15463700047535983	0.9518247647178629	0.8709406889714411	0.9981563348880957
TMX4	8.833440005511163	1.002955752132014	0.8261586120555449	0.22474809527148576	0.9997507862781244	-0.06554473896528965	0.8065176947354589	0.9352281723429123	0.9996654566602691	1.0685004910973037	0.8268168325050252	0.19625113734285116	0.9981563348880957
TNFRSF12A	13.444843381683718	1.688891794325864	0.9245119107123988	0.06773091383599848	0.9997507862781244	1.1804075214379253	0.8998845117827835	0.18961049655665174	0.9996654566602691	0.5084842728879386	0.897900518851079	0.5711874312918979	0.9981563348880957
TNFSF10	6.267002580639623	-0.7685988500586216	1.1309109703999445	0.496739985938601	0.9997507862781244	1.1040284499609587	0.9628047578027351	0.25151411818488956	0.9996654566602691	-1.8726273000195803	1.104215894096434	0.08990695270115502	0.9981563348880957
TNPO1	3.513043013317937	-0.862923017482256	1.0996665371239398	0.4326216509285641	0.9997507862781244	-0.052450623017636644	0.952282491356483	0.9560756470566414	0.9996654566602691	-0.8104723944646193	1.0998574050638228	0.46119009109333653	0.9981563348880957
TNRC6B	21.205653831990634	0.9777984760071493	0.7152291675406708	0.1715901594367346	0.9997507862781244	0.390526567265393	0.6929077689587055	0.5730227041247272	0.9996654566602691	0.5872719087417564	0.7083320977097548	0.4070528030323728	0.9981563348880957
TOB1	14.625796122069854	0.36820563754614916	0.7309992995910646	0.614470967763862	0.9997507862781244	1.1058146049491901	0.6656238406640147	0.09664907288927613	0.9996654566602691	-0.7376089674030408	0.708630995450637	0.29792526021345367	0.9981563348880957
TOMM20	13.529251650490254	-0.6815533394543875	0.7090208420535123	0.3364214796776852	0.9997507862781244	-0.5703470210863438	0.6499962811403945	0.38023576328453434	0.9996654566602691	-0.11120631836804365	0.7191438890500821	0.8771074280163983	0.9981563348880957
TOMM22	7.73156520358857	-0.13057697093129148	0.788469923119344	0.8684654073228639	0.9997507862781244	0.3471199448310956	0.7059065280776994	0.6229056924293548	0.9996654566602691	-0.47769691576238704	0.7774261883807346	0.5389117205342682	0.9981563348880957
TOMM5	13.46402932378326	-0.23890191462279456	0.6938839048801378	0.7306231918032374	0.9997507862781244	0.2569913302952778	0.6269968170670815	0.6818964637036695	0.9996654566602691	-0.49589324491807246	0.6883445578254352	0.47126996402938703	0.9981563348880957
TOMM6	24.74787109816775	0.0598416244424378	0.5856472268200938	0.9186135437434595	0.9997507862781244	-0.2122526479885091	0.55492557425411	0.7020990606906303	0.9996654566602691	0.2720942724309469	0.5884959344708857	0.6438264781641561	0.9981563348880957
TOMM7	58.32247741717155	0.2540308732582505	0.5412841845862636	0.6388470219261908	0.9997507862781244	0.48192313140943005	0.5201788513506782	0.35420874012306336	0.9996654566602691	-0.22789225815117953	0.5381827104853202	0.6719686122109692	0.9981563348880957
TOP1	11.089408252562292	0.4210470332567857	0.7686737999541046	0.583858250827067	0.9997507862781244	-0.08160903834670817	0.7309250793488734	0.9110995660214553	0.9996654566602691	0.502656071603494	0.7699384843940136	0.513851535338852	0.9981563348880957
TOP2B	4.559692931777233	-0.8198337691661401	0.9596364460778378	0.39292934757595765	0.9997507862781244	-0.22726471023739447	0.8371710699766095	0.7860315177216939	0.9996654566602691	-0.5925690589287457	0.9658445247453913	0.5395297387821003	0.9981563348880957
TOX4	4.062606574864307	0.36402987720426405	1.0066110105082064	0.7176217587826121	0.9997507862781244	0.6074639255887417	0.9129642519895851	0.5058104353276627	0.9996654566602691	-0.24343404838447766	0.9753707168861807	0.8029113542325401	0.9981563348880957
TPD52	5.601855204653638	-0.15280985039928358	0.8585551815276973	0.8587348415219321	0.9997507862781244	0.18468057411181465	0.7691158459521344	0.8102367489932921	0.9996654566602691	-0.33749042451109823	0.8497172693297463	0.6912349729397038	0.9981563348880957
TPD52L1	3.3435823862072436	0.6224233226669343	1.0638030833145364	0.5584854475312253	0.9997507862781244	0.6310371552090481	0.9797071287016262	0.5195054322073605	0.9996654566602691	-0.008613832542113809	1.0280219641083095	0.9933145751610538	0.9981563348880957
TPGS1	4.346196176697488	0.6057167067241702	1.036931607915924	0.5591238690642706	0.9997507862781244	0.31962416280462025	0.9717573621457817	0.7422210329405134	0.9996654566602691	0.28609254391954997	1.0205186054907658	0.7792163958745595	0.9981563348880957
TPI1	48.26970543105702	0.7934269432139721	0.6063226984609364	0.19067376018630966	0.9997507862781244	0.037598305698894156	0.5958289795192849	0.9496848735081133	0.9996654566602691	0.7558286375150779	0.6061228195725948	0.21240144090465107	0.9981563348880957
TPM1	13.508370347938182	-0.6868696222519728	0.7356394312452194	0.35045650098633074	0.9997507862781244	0.16799441796527573	0.6561592593416825	0.7979300698564347	0.9996654566602691	-0.8548640402172485	0.7326973093195998	0.24331715840047208	0.9981563348880957
TPM3	12.607162927859921	-0.02183072818973711	0.7707324347064434	0.9774032188344131	0.9997507862781244	0.9336999258149218	0.6896642313197905	0.1757851605662094	0.9996654566602691	-0.9555306540046588	0.7515449159204488	0.20357860083325097	0.9981563348880957
TPR	11.551550206767851	0.23883481234502424	0.787142261973815	0.7615697020567878	0.9997507862781244	0.08430784394049148	0.739286533718509	0.9092065055683569	0.9996654566602691	0.15452696840453276	0.7847302056054217	0.8438922402518991	0.9981563348880957
TPST2	4.945586742201323	0.3269380686049912	0.8693726982687514	0.7068707756607863	0.9997507862781244	-0.4829466674997082	0.8347335806920617	0.5628835082782391	0.9996654566602691	0.8098847361046994	0.8878653226199528	0.36167886339424804	0.9981563348880957
TPT1	211.02223018739917	-1.038304622029532	0.6915463660341699	0.13324581399218915	0.9997507862781244	0.10189308695572856	0.6813997454867984	0.8811315215924853	0.9996654566602691	-1.1401977089852604	0.6914712790757204	0.0991590212472804	0.9981563348880957
TRA2A	12.12931736575186	1.835577615563111	0.8009064166704345	0.02191284126146888	0.9997507862781244	1.17934237607875	0.7739909629283467	0.1275796831000728	0.9996654566602691	0.6562352394843608	0.7599130498058015	0.38782622785838594	0.9981563348880957
TRA2B	13.60681524397306	-0.5454811953874555	0.8540078738001481	0.5229980244713547	0.9997507862781244	0.5506440812376769	0.7681675232804442	0.47348015875697647	0.9996654566602691	-1.0961252766251324	0.8454652886576615	0.19481161620616316	0.9981563348880957
TRAM1	12.561771330500621	-0.0977257627826246	0.7437280046959402	0.8954589918687803	0.9997507862781244	0.04022719548729327	0.6853177253346264	0.9531921692775074	0.9996654566602691	-0.13795295826991788	0.7423436520235455	0.8525746576145216	0.9981563348880957
TRAPPC1	11.438701536988573	-0.122047430219166	0.7404241569873404	0.8690742648412396	0.9997507862781244	0.23040606111982156	0.6755605431859926	0.7330591014933999	0.9996654566602691	-0.35245349133898757	0.735106853578685	0.6316122313062871	0.9981563348880957
TRAPPC2L	6.221473637157802	-1.2016915931529706	0.8829424978976322	0.17351123648409872	0.9997507862781244	-0.5797992421238064	0.7689208875133567	0.4508235353946619	0.9996654566602691	-0.6218923510291643	0.8980637977052526	0.4886351499499487	0.9981563348880957
TRAPPC3	4.252749199458041	-0.7122924720434914	1.0549454959448155	0.4995527572935182	0.9997507862781244	-0.8625944746628516	0.9706035825344281	0.37415376864788197	0.9996654566602691	0.1503020026193602	1.0840441928622797	0.8897272588790639	0.9981563348880957
TRAPPC4	6.135839342810926	-0.6149015937772888	0.8598395059269267	0.4745254356530617	0.9997507862781244	-0.5158035871610407	0.7783791276046439	0.5075459677845942	0.9996654566602691	-0.09909800661624814	0.8743755914646726	0.9097643816086626	0.9981563348880957
TRAPPC5	13.434815640100283	-0.26355297240560865	0.6924156381971591	0.7034790948109448	0.9997507862781244	-0.7872502127849745	0.6565128769317327	0.23047389090213166	0.9996654566602691	0.5236972403793659	0.7080242412287677	0.45950629918123576	0.9981563348880957
TRAPPC6A	8.52895807865001	0.48739471726279676	0.8064672807341217	0.5456058470975296	0.9997507862781244	0.31306339186003806	0.75368227869123	0.6778648651319612	0.9996654566602691	0.17433132540275867	0.795911417807608	0.8266238915293541	0.9981563348880957
TRIM2	9.048903710897356	0.0666218951747352	0.7353878095560592	0.9278150138291871	0.9997507862781244	-0.500971791105026	0.6958120404775484	0.4715363910120558	0.9996654566602691	0.5675936862797613	0.7489668515920057	0.44854945302535654	0.9981563348880957
TRIM28	6.111500561459242	-0.5030214363987834	0.960691822420927	0.6005544655773319	0.9997507862781244	-0.057649771805816784	0.8583775082208605	0.9464532728242367	0.9996654566602691	-0.44537166459296657	0.9612624967826607	0.6431353665505581	0.9981563348880957
TRIP11	7.491996071801028	1.0927480207527882	0.8856783381109848	0.21727824440902244	0.9997507862781244	0.6735734657632498	0.8415052922732009	0.42345662264889594	0.9996654566602691	0.41917455498953843	0.8597208309484029	0.6258540625368485	0.9981563348880957
TRIP12	5.730031614035102	1.5174794274045968	0.9446199117390769	0.10817628805566057	0.9997507862781244	0.686619975329068	0.9128348732564827	0.45194028968268996	0.9996654566602691	0.8308594520755288	0.9051192655730331	0.3586420224082648	0.9981563348880957
TRIR	20.70363818399565	-0.6195588069699086	0.6244634235928841	0.32112637307355474	0.9997507862781244	-0.2338878109008718	0.5709973710538612	0.6820900328499823	0.9996654566602691	-0.3856709960690369	0.6275105460306337	0.5388157411537189	0.9981563348880957
TRMT112	23.110888820544638	0.38565167054263394	0.5933636014165454	0.5157299650339474	0.9997507862781244	0.33772078634108676	0.5583842013873362	0.5452999674586427	0.9996654566602691	0.04793088420154719	0.5878704299759386	0.9350180219175803	0.9981563348880957
TSC22D1	23.623080587912803	-0.4509793529910533	0.6573943449196895	0.49270655456651735	0.9997507862781244	-0.02189896317955168	0.6088201517774428	0.9713066698691734	0.9996654566602691	-0.4290803898115016	0.6576561339714364	0.5141181304142795	0.9981563348880957
TSC22D3	29.982953827362003	-0.32320951295194356	0.8010772898641523	0.6866035478213192	0.9997507862781244	0.23541090636279136	0.7641455298825334	0.758028477857637	0.9996654566602691	-0.5586204193147349	0.7993704461956505	0.4846611157258911	0.9981563348880957
TSC22D4	5.1156733143526765	-0.10021415294736002	0.8782700426804295	0.9091553261252389	0.9997507862781244	0.11656802109925912	0.7916145565727065	0.8829319269372295	0.9996654566602691	-0.21678217404661915	0.8711337172840942	0.8034763258981976	0.9981563348880957
TSEN34	3.7450345919831545	-0.1930980107789803	0.9849291961437474	0.8445689315081271	0.9997507862781244	-0.7083961541021333	0.9264488200394703	0.4444883040202511	0.9996654566602691	0.5152981433231529	1.0151390055492968	0.611724504333147	0.9981563348880957
TSG101	5.753098832290952	0.1455288638035856	0.8435746394202354	0.863033056687213	0.9997507862781244	-0.30414531648484777	0.7925122036076535	0.7011462051705977	0.9996654566602691	0.4496741802884334	0.8527090450295919	0.5979521336664497	0.9981563348880957
TSPAN1	18.736621285284965	-0.1788430810526397	0.8774955104913674	0.8385013358289336	0.9997507862781244	0.8194149550055019	0.8168628854502499	0.31580092410221305	0.9996654566602691	-0.9982580360581416	0.8680168811842718	0.25012554533934295	0.9981563348880957
TSPAN12	6.3225646726474904	-0.45766755714379065	0.8327406369633886	0.5825992759946212	0.9997507862781244	-0.2446213665373256	0.749813945736884	0.7442406964435898	0.9996654566602691	-0.21304619060646504	0.8387637609479193	0.7994953781915595	0.9981563348880957
TSPAN3	6.353934460780883	-0.15885384570868724	0.8652654288926865	0.8543353211394209	0.9997507862781244	-1.0180424346670458	0.8317444871675057	0.22095804102247418	0.9996654566602691	0.8591885889583587	0.9014489893803617	0.3405295389584946	0.9981563348880957
TSPAN31	3.4388665385516743	-0.9095461324199225	1.1385048373824906	0.4243511403470902	0.9997507862781244	0.773320862641659	0.9380425431119804	0.4097131685995632	0.9996654566602691	-1.6828669950615815	1.1079473271860725	0.128786351199274	0.9981563348880957
TSPAN6	7.377532626910524	0.29666194852007555	0.8032318972801409	0.7118777661886793	0.9997507862781244	-0.7542300870497616	0.7818414160938632	0.3347029947098271	0.9996654566602691	1.0508920355698372	0.8293385971686736	0.20510354293723554	0.9981563348880957
TSPAN8	17.784134606397437	0.3725414043657369	0.7155275042399089	0.6026086548638656	0.9997507862781244	-0.4858491715447042	0.6950565132118665	0.4845478329893067	0.9996654566602691	0.858390575910441	0.7241730189514187	0.23588341009742664	0.9981563348880957
TSPO	14.92870422859543	0.15378252102311063	0.6841777424039067	0.8221583306905992	0.9997507862781244	0.5315226094124936	0.6293149689828998	0.39833138094000076	0.9996654566602691	-0.377740088389383	0.6741089664857207	0.5752375635978157	0.9981563348880957
TSPYL1	8.818570443370605	-0.5194451296194585	0.8330935427616608	0.5329470871643597	0.9997507862781244	0.4761692105490259	0.7288996646973672	0.513581409940532	0.9996654566602691	-0.9956143401684844	0.8212355456072605	0.22538335828879819	0.9981563348880957
TSR2	5.322818743176137	-0.08072653091459667	0.9254927295068799	0.9304923007310716	0.9997507862781244	0.5377304233915796	0.8221731792073874	0.513088952558206	0.9996654566602691	-0.6184569543061763	0.9053816194373796	0.49455009686101126	0.9981563348880957
TSR3	3.494639813572957	-0.38035373322228705	1.122684452099619	0.7347682923067607	0.9997507862781244	-0.4611521651136547	1.032337855237631	0.6550868936380433	0.9996654566602691	0.08079843189136764	1.1390216745155413	0.9434481393981555	0.9981563348880957
TSTD1	28.555789763752053	-0.2408138619666736	0.6071228358224834	0.6916272898982783	0.9997507862781244	-0.07817369321207197	0.5704881722729892	0.8910074992974978	0.9996654566602691	-0.16264016875460163	0.607996975300442	0.789082976007449	0.9981563348880957
TTC1	6.360634917203454	-0.31961715375960126	0.8264406380842776	0.6989491469360538	0.9997507862781244	-0.4305900622218865	0.7580600672539484	0.5700242693076834	0.9996654566602691	0.11097290846228525	0.8392251235075446	0.8948003273823701	0.9981563348880957
TTC14	6.3281940254428015	-0.7697897325762207	0.8865124084317572	0.38521097917983127	0.9997507862781244	-0.12911613303337993	0.7754546277680673	0.8677605023008467	0.9996654566602691	-0.6406735995428408	0.888963254529807	0.47109564784863556	0.9981563348880957
TTC19	7.4216365410352205	0.19839107236918513	0.7892135289621441	0.8015217244420139	0.9997507862781244	-0.05402508827919783	0.7338311638666405	0.9413122816862632	0.9996654566602691	0.25241616064838296	0.789024282964479	0.7490371313060407	0.9981563348880957
TTC3	15.851116638355911	-0.38605280335609815	0.6405871132095958	0.546738455534129	0.9997507862781244	-0.6571547874931902	0.5989010982992471	0.2725244177099091	0.9996654566602691	0.2711019841370921	0.6523887280693605	0.6777372471448784	0.9981563348880957
TUBA1A	11.998313712340472	0.09473316904503737	0.8704385284981134	0.9133342814202015	0.9997507862781244	1.1215438003253428	0.7871967665205343	0.15423491424994706	0.9996654566602691	-1.0268106312803054	0.8480926163831761	0.22599914584490033	0.9981563348880957
TUBA1B	18.780982090179794	-1.0828495670304765	0.7609804783449909	0.15474592803706166	0.9997507862781244	0.05991332916866562	0.6848293201796789	0.9302848054546888	0.9996654566602691	-1.142762896199142	0.7604036518764425	0.13288103013917404	0.9981563348880957
TUBA1C	6.073045233665041	0.8566200222660935	0.94838892781151	0.3664000953816293	0.9997507862781244	1.5920970158033154	0.8541421890824096	0.06232565437341486	0.9996654566602691	-0.735476993537222	0.8819635007449769	0.404332461671032	0.9981563348880957
TUBB	12.206968807679116	-0.7425870052380726	0.7737885466679217	0.3372178452331601	0.9997507862781244	-0.09612952198614003	0.6964493438317543	0.890218274974526	0.9996654566602691	-0.6464574832519326	0.7752157988744401	0.40433368164203454	0.9981563348880957
TUBB2A	7.941579208555004	-0.0980954543877862	0.8970801518518408	0.9129251201281888	0.9997507862781244	-0.8250950952129612	0.8583111123715259	0.3364009831401932	0.9996654566602691	0.7269996408251751	0.9207790365281167	0.4297915368262125	0.9981563348880957
TUBB2B	10.583171616174761	-0.8443069238660144	0.9225695666539124	0.3601029980018854	0.9997507862781244	-1.5557541233697048	0.8848429177537206	0.07870900543827845	0.9996654566602691	0.7114471995036904	0.9548499925693955	0.4562185684102408	0.9981563348880957
TUBB4B	12.24936486403386	-0.6518176079059798	0.7613773710175838	0.3919406957574939	0.9997507862781244	0.21871024025821567	0.6778440716421342	0.7469560200790095	0.9996654566602691	-0.8705278481641955	0.7573335752005111	0.25036461185778847	0.9981563348880957
TUFM	16.161041100712207	0.2643594030393865	0.6771068276763075	0.6962223373770419	0.9997507862781244	-0.28254891019589123	0.6479852568164071	0.6628061196349798	0.9996654566602691	0.5469083132352778	0.6819879400567314	0.42259198852414925	0.9981563348880957
TUG1	5.276046006485098	0.19906875554297024	0.9553865636682418	0.8349442814357569	0.9997507862781244	0.44479692491438705	0.865012659903345	0.6071061750353406	0.9996654566602691	-0.2457281693714168	0.9343040990165754	0.7925454715308037	0.9981563348880957
TUT4	6.722744300765285	-0.09985394037422202	0.8393308554084956	0.9053003047823034	0.9997507862781244	-0.29397341591648596	0.776251111995965	0.7049038415398095	0.9996654566602691	0.19411947554226394	0.8474969508137552	0.8188297804015394	0.9981563348880957
TXN	30.141876077547806	-0.5452075106723561	0.6041154323707815	0.36679718130161065	0.9997507862781244	-0.10327954895313936	0.5616597272608587	0.8541054183680522	0.9996654566602691	-0.4419279617192168	0.6051794396450287	0.46524175154694114	0.9981563348880957
TXN2	7.3600994926417895	0.13098152500368263	0.7865132192251646	0.8677363958879298	0.9997507862781244	-1.0900204229166741	0.7738686323231073	0.15897295196165562	0.9996654566602691	1.2210019479203569	0.8252987496980039	0.13901564752774734	0.9981563348880957
TXNDC12	3.914062280274091	-0.4161177479892425	0.9574419545573019	0.6638425779651638	0.9997507862781244	-0.2207501738425326	0.8586562774005984	0.7971108869373381	0.9996654566602691	-0.19536757414670994	0.9640286826601195	0.8394027995144104	0.9981563348880957
TXNDC17	11.36186494294774	1.0278779147964983	0.7345473755336622	0.16171252298007133	0.9997507862781244	0.4717352407847655	0.7027823463964783	0.5020679962384165	0.9996654566602691	0.5561426740117328	0.7204092908540278	0.44012536079496867	0.9981563348880957
TXNIP	61.724938435485555	-0.3935382377400764	0.730563215801561	0.590109145467214	0.9997507862781244	0.2345773494222268	0.7087637037572005	0.7406694627233086	0.9996654566602691	-0.6281155871623031	0.7296975850009558	0.38935431530956044	0.9981563348880957
TXNL1	6.307689470214279	-1.0183151018076073	0.9487788882730958	0.283140921826045	0.9997507862781244	-0.5251241533610166	0.8452939458618821	0.534446594705783	0.9996654566602691	-0.4931909484465907	0.9612377429742802	0.6078960252522856	0.9981563348880957
TXNL4A	9.93973376589512	0.26375284537085064	0.7492352956073733	0.7248162201469357	0.9997507862781244	-0.26721310504206863	0.7113008078852734	0.7071635704217649	0.9996654566602691	0.5309659504129193	0.7552874979131748	0.4820567071145341	0.9981563348880957
TYMP	4.1630653495977	-0.005070775496172412	1.1628809491039909	0.9965208126753902	0.9997507862781244	2.0112235624917036	0.9718954161587344	0.03851018842495378	0.9996654566602691	-2.016294337987876	1.0715962471594243	0.05989302944349807	0.9981563348880957
U2SURP	6.651529327310633	0.5038674195654138	0.8239559026134662	0.5408538510486154	0.9997507862781244	0.5611561624052082	0.7576136466376796	0.4588819759835908	0.9996654566602691	-0.057288742839794266	0.801863162172889	0.9430439642691771	0.9981563348880957
UACA	4.831190251127477	-0.4354047449373433	1.1036269968523011	0.6931959455242815	0.9997507862781244	-0.24869700366052527	1.0013052874566644	0.8038459723352146	0.9996654566602691	-0.18670774127681808	1.1111970587163829	0.8665644218111233	0.9981563348880957
UBA1	5.811747789831435	-0.05058143201252382	0.8441974791717024	0.9522220688242615	0.9997507862781244	-0.09411523290920895	0.7731877389147727	0.9031178833464	0.9996654566602691	0.04353380089668513	0.8453548848823825	0.9589289641139935	0.9981563348880957
UBA2	3.299680629768151	0.049080085995155724	1.1940175323398128	0.9672121916698301	0.9997507862781244	-0.3711941953032291	1.1199193271675978	0.7403066700317323	0.9996654566602691	0.42027428129838484	1.209782545882219	0.728293425713121	0.9981563348880957
UBA52	74.14286353391897	-0.6577545064958563	0.593465484713265	0.26772011976966914	0.9997507862781244	0.2844500948335953	0.5674111704483181	0.6161514792061054	0.9996654566602691	-0.9422046013294516	0.5924235121140344	0.11173925286682047	0.9981563348880957
UBB	98.04079947990402	-0.9849833033125518	0.6207641301105921	0.11257445290476771	0.9997507862781244	0.11028425908670149	0.5985826296033859	0.8538233523691909	0.9996654566602691	-1.0952675623992534	0.6205460046131325	0.07756271914574851	0.9981563348880957
UBC	80.4764564837323	-0.9081523915935887	0.7005121672862857	0.19483357421701497	0.9997507862781244	0.7483947025977262	0.6706453881486292	0.2644512089632519	0.9996654566602691	-1.656547094191315	0.6983034474185307	0.017680346715987533	0.6775652872234608
UBE2A	5.798280212985651	0.12504175963281178	0.8607012644546245	0.8844906488395419	0.9997507862781244	0.0023724016124150745	0.7927444734056049	0.9976122195024636	0.9996654566602691	0.12266935802039669	0.857839693669443	0.8862917630265352	0.9981563348880957
UBE2B	12.727764976700207	1.1661221618200628	0.7451751380924909	0.11760711771020417	0.9997507862781244	1.009036198604664	0.7038766436807732	0.15170322135491696	0.9996654566602691	0.1570859632153987	0.7166249716246952	0.8264923321735411	0.9981563348880957
UBE2D2	12.979734655454875	0.09037211792913796	0.692444976029903	0.8961616586622548	0.9997507862781244	-0.06369050383818547	0.6459168138339701	0.9214520518727931	0.9996654566602691	0.15406262176732344	0.693153184411614	0.8241087990915382	0.9981563348880957
UBE2D3	16.980494278239053	0.020961463666038974	0.6509161499892091	0.9743101504280337	0.9997507862781244	0.17774182510032566	0.6028922681076545	0.7681350283502446	0.9996654566602691	-0.15678036143428667	0.6475118436948141	0.8086814449372701	0.9981563348880957
UBE2E3	10.268302851099683	-0.060927642225322605	0.7447272856127903	0.93479619899273	0.9997507862781244	-0.7832880559599772	0.7108858691867602	0.27052783024210714	0.9996654566602691	0.7223604137346546	0.7658454421673013	0.3455686020146561	0.9981563348880957
UBE2H	11.979973520886903	0.9429245962984788	0.7369513750275845	0.20072327833113057	0.9997507862781244	0.24333687588451156	0.7079692653758757	0.7310635829085006	0.9996654566602691	0.6995877204139672	0.7286023464766889	0.3369657915064166	0.9981563348880957
UBE2I	7.034751795085003	-0.651470842471154	0.8359056343739311	0.43576808312371973	0.9997507862781244	-0.1901731675565539	0.7412679121172328	0.7975252560268061	0.9996654566602691	-0.46129767491460016	0.8400519046088978	0.5829162610317244	0.9981563348880957
UBE2K	8.12650728749078	-0.5776729242487917	0.852527849017162	0.49802530611986084	0.9997507862781244	-0.5637851032750442	0.7806929732479672	0.4701962184952796	0.9996654566602691	-0.013887820973747599	0.8665347090389319	0.9872129720037052	0.9981563348880957
UBE2L3	9.986876483622417	-0.3698689336128767	0.7553027776237953	0.624348859782274	0.9997507862781244	-0.4203819713375468	0.6956855276238146	0.5456640741918272	0.9996654566602691	0.050513037724670064	0.7645944897990263	0.9473259689080432	0.9981563348880957
UBE2N	8.58461017810255	-0.409035396578398	0.8255545429375457	0.6202701995863433	0.9997507862781244	-0.19833781622581015	0.7506418197257748	0.7916070804982053	0.9996654566602691	-0.21069758035258784	0.8297377296497331	0.7995475159098133	0.9981563348880957
UBE2S	6.412547808799603	-0.319886933729233	1.2531557373837043	0.7985183477676047	0.9997507862781244	1.4666434565733342	1.0992427681063446	0.18212825860177118	0.9996654566602691	-1.786530390302567	1.2174913782192203	0.1422709497174717	0.9981563348880957
UBE2V1	10.05263544910998	-0.1299074822875943	0.7645289609373617	0.8650743675381906	0.9997507862781244	0.586976521906922	0.6835469884495855	0.39049416422728245	0.9996654566602691	-0.7168840041945161	0.7505789834180944	0.3395230753291426	0.9981563348880957
UBE2V2	4.396260212693803	-0.1400609930739446	0.9866344962833764	0.8871129139793094	0.9997507862781244	-0.058894924658239665	0.8987792382615508	0.9477538626194308	0.9996654566602691	-0.08116606841570494	0.9868758902161018	0.9344515184879423	0.9981563348880957
UBE3A	5.412800957496302	0.8450396924241746	0.8571332570357547	0.3241867592423435	0.9997507862781244	0.13168808890152991	0.8203665450945398	0.8724687307262855	0.9996654566602691	0.7133516035226447	0.8464140775242804	0.3993443928629443	0.9981563348880957
UBL5	50.81707878659624	-0.16812788222702862	0.5772191477680295	0.7708431589999153	0.9997507862781244	-0.09846530230635986	0.5543322446091683	0.8590146029931051	0.9996654566602691	-0.06966257992066877	0.5780138278622265	0.9040707531272886	0.9981563348880957
UBTF	4.763134148390461	-0.7331088966524465	0.9732402418504117	0.45129001615984254	0.9997507862781244	0.005204496786285347	0.8478590357492833	0.9951022972223263	0.9996654566602691	-0.7383133934387317	0.9714360752488516	0.44724106254821605	0.9981563348880957
UBXN1	11.370115631286108	0.004927397852906596	0.6871316960210773	0.994278446184215	0.9997507862781244	-0.028051750170997116	0.6340722548241399	0.9647126030370524	0.9996654566602691	0.03297914802390371	0.6868485358823109	0.961704154021404	0.9981563348880957
UBXN4	17.922703085181	0.30083129668686515	0.6040289441855894	0.6184550074290409	0.9997507862781244	-0.10879700099854571	0.5719636571412708	0.8491393779032728	0.9996654566602691	0.40962829768541087	0.6055570284536107	0.4987557716373642	0.9981563348880957
UCHL1	13.448058134526361	1.3410821090134186	0.8921418905186855	0.13278331102620855	0.9997507862781244	0.29700109692753096	0.8773118204264285	0.7349597644034092	0.9996654566602691	1.0440810120858877	0.8853304390908563	0.2382738711394653	0.9981563348880957
UFC1	14.899003181981398	-0.13827519559144683	0.6455978419345962	0.8304054238720693	0.9997507862781244	-0.06424664466855713	0.5942363795073305	0.9139034304181406	0.9996654566602691	-0.0740285509228897	0.6462645139993739	0.9088030997689266	0.9981563348880957
UFD1	4.4518099917801885	-0.9346061544603207	0.9450737611442351	0.32270031148988165	0.9997507862781244	0.10385215863291428	0.8002296083137638	0.896742108179887	0.9996654566602691	-1.038458313093235	0.9390129229776879	0.2687679969936706	0.9981563348880957
UFL1	3.592158109265798	0.16196789337133802	1.0474587961813036	0.8771135148499917	0.9997507862781244	-0.1487192121703618	0.9768327611768154	0.8789926463121861	0.9996654566602691	0.3106871055416998	1.0515583711812893	0.7676471028869492	0.9981563348880957
UFM1	5.980262780740633	0.3221322048544771	0.9452428902196118	0.733259385053923	0.9997507862781244	0.7147916059226891	0.8553606486044179	0.4033455947005584	0.9996654566602691	-0.39265940106821207	0.9170209724061249	0.6685126446655199	0.9981563348880957
UFSP2	3.8755297218105205	0.28211962695013093	0.9854913653308022	0.774668991479575	0.9997507862781244	0.25415457045159506	0.9039015176396885	0.7785761266325959	0.9996654566602691	0.027965056498535888	0.9692007355142903	0.9769812482204618	0.9981563348880957
UGCG	8.484357475910175	2.452139433863246	0.9600186491569433	0.010641306210936296	0.9466962061229397	1.646881206499129	0.9341571880051457	0.07790733551316108	0.9996654566602691	0.8052582273641173	0.8754649254969727	0.35767394670236397	0.9981563348880957
UGP2	9.470486991365583	-0.18041055498472117	0.7928613123331065	0.8200010333845319	0.9997507862781244	0.4623472622145572	0.7109095488406115	0.5154595924192946	0.9996654566602691	-0.6427578171992784	0.7814700471852292	0.4107933305971033	0.9981563348880957
UGT8	5.0557653355277505	0.032844567728708356	0.9346578962165653	0.971967517677365	0.9997507862781244	-0.005313787823632753	0.8577313212150968	0.9950570044038578	0.9996654566602691	0.0381583555523411	0.9326094702877297	0.9673631128931528	0.9981563348880957
UMOD	428.45621881319494	1.499684986631766	1.771551425228658	0.3972528777199469	0.9997507862781244	-0.2230823711417657	1.7715600664410927	0.8997918874401672	0.9996654566602691	1.7227673577735318	1.7716783344317846	0.3308551440035622	0.9981563348880957
UPF2	7.3840267824472585	0.8752718722197017	0.8847565688121157	0.32252622524907515	0.9997507862781244	0.45586062647039155	0.8363050930531588	0.5856923738673658	0.9996654566602691	0.4194112457493102	0.8644576203822445	0.6275538390185821	0.9981563348880957
UPF3A	7.53901948688267	-0.08839038157564658	0.8329930461646742	0.9154936584271871	0.9997507862781244	-0.7061419053941047	0.7901984005151239	0.3715219833556136	0.9996654566602691	0.6177515238184581	0.8542398191848759	0.46958198155828546	0.9981563348880957
UPP1	5.416159168835986	0.07215512967815525	0.9514727587139454	0.939550208916483	0.9997507862781244	1.0275133383697186	0.8369916866381347	0.2195871358051945	0.9996654566602691	-0.9553582086915634	0.9151628956105421	0.2965217171544463	0.9981563348880957
UQCC2	8.709686415586432	0.5151018642922414	0.7836646274509222	0.5109887709710572	0.9997507862781244	-0.28402857098732387	0.7535886408695303	0.7062469231658914	0.9996654566602691	0.7991304352795652	0.7911405685949041	0.312447777684318	0.9981563348880957
UQCC3	4.320972616205505	0.24015116164177558	0.9758946739642478	0.8056179249673303	0.9997507862781244	-0.09004581961481123	0.9118782089303896	0.921338643724191	0.9996654566602691	0.3301969812565868	0.9772513807496888	0.7354510867758409	0.9981563348880957
UQCR10	45.53150467367991	-0.10815696520068108	0.6005849905524497	0.8570850316175568	0.9997507862781244	-0.04435529362315842	0.5774405090365643	0.9387718186049423	0.9996654566602691	-0.06380167157752266	0.6010214470810594	0.9154590572929922	0.9981563348880957
UQCR11	63.69759893879936	-0.06949133183513526	0.6326727373775859	0.9125380747043309	0.9997507862781244	-0.031522126537652406	0.6161442725824314	0.9591977854873261	0.9996654566602691	-0.03796920529748285	0.6329615069349848	0.9521663114430323	0.9981563348880957
UQCRB	92.63147987963595	-0.26294798688985715	0.503998367437879	0.6018625912071756	0.9997507862781244	-0.29774156537674074	0.48974051580201516	0.5432154644422962	0.9996654566602691	0.034793578486883574	0.505390688452254	0.9451130666651482	0.9981563348880957
UQCRC1	13.524837198703194	0.6646674554408448	0.77970054278579	0.39395603393701306	0.9997507862781244	-0.08394071037873793	0.7549586272061509	0.9114689787404513	0.9996654566602691	0.7486081658195828	0.7811416089669897	0.3378855859360689	0.9981563348880957
UQCRC2	12.107308925698776	0.13215700189546223	0.711662018589864	0.8526785240557169	0.9997507862781244	-0.2425820318375736	0.6715759988162097	0.7179401683920421	0.9996654566602691	0.3747390337330358	0.7164492916089138	0.6009392338277111	0.9981563348880957
UQCRFS1	23.738468075500965	0.3875343853649852	0.7060365291414187	0.583082890306822	0.9997507862781244	-0.18226504014197176	0.6846548696784154	0.7900740318255337	0.9996654566602691	0.569799425506957	0.7084508387431754	0.4212299187494626	0.9981563348880957
UQCRH	58.77234525729321	-0.0867136606708758	0.5713444020504986	0.879367349486278	0.9997507862781244	-0.4204223117103605	0.5559320964323514	0.44950076069682865	0.9996654566602691	0.33370865103948466	0.574091083678873	0.5610506004550551	0.9981563348880957
UQCRQ	45.88747281297637	0.14431354547282602	0.5757796552048771	0.802092274879175	0.9997507862781244	0.19763981095223984	0.5530783497698846	0.7208335077327552	0.9996654566602691	-0.05332626547941384	0.5743565930070285	0.9260265240530076	0.9981563348880957
UROD	3.7569912982915374	-0.07557050540714755	1.109467775433628	0.9456947299037884	0.9997507862781244	0.3856467235213214	0.9970382819897708	0.6989099831370147	0.9996654566602691	-0.46121722892846895	1.093095808087889	0.6730712274907664	0.9981563348880957
USO1	4.995475300747462	-0.3630196555058757	0.8900550665669239	0.6833749791806691	0.9997507862781244	-0.2527440047023391	0.803788604087888	0.7531862034976637	0.9996654566602691	-0.11027565080353662	0.8974009522689135	0.9021994567937817	0.9981563348880957
USP1	3.6268338912367506	-0.09067519552719461	1.0368829000846815	0.9303139914298861	0.9997507862781244	-0.6341629702583859	0.9776343549237573	0.5165511085909708	0.9996654566602691	0.5434877747311913	1.065717182673914	0.6100698610221829	0.9981563348880957
USP16	4.642275637386711	0.20150399647787748	0.9193486993386897	0.8265088612520736	0.9997507862781244	0.23916876469350246	0.8415866523225475	0.7762663683644203	0.9996654566602691	-0.03766476821562496	0.9073351322679247	0.9668881902127459	0.9981563348880957
USP34	10.425013413965122	1.6444435393206545	0.7884054255653693	0.036998179918668155	0.9997507862781244	0.4302466531777934	0.7756411771564371	0.5791012060538682	0.9996654566602691	1.214196886142861	0.7691989913174054	0.11444593025275293	0.9981563348880957
USP53	10.345844808328813	1.6245833451824556	0.9161358454556146	0.07617907226374115	0.9997507862781244	0.5118259001400867	0.9002365578543313	0.5696642754077388	0.9996654566602691	1.1127574450423687	0.8989239855893364	0.21576162284508293	0.9981563348880957
USP8	6.656780185329768	1.0432990849216115	0.8315701478376346	0.20961912160674534	0.9997507862781244	1.1403809280878645	0.7678229300189608	0.13748729531990117	0.9996654566602691	-0.09708184316625307	0.7814544354731802	0.9011313878347389	0.9981563348880957
UTRN	4.729149570992811	-0.09948895249761673	0.9949808834255648	0.9203516150303903	0.9997507862781244	0.3212522886419472	0.8942826910940265	0.7194237738115391	0.9996654566602691	-0.42074124113956396	0.9820662354801452	0.668342086685501	0.9981563348880957
UXS1	5.897791352476942	0.08624613988540984	0.8601695487200096	0.9201327988649285	0.9997507862781244	-0.40605297247594163	0.8096682926931166	0.6160155205589952	0.9996654566602691	0.49229911236135143	0.8733815946891452	0.5729786529654307	0.9981563348880957
UXT	13.094125815157133	-0.21903596516860455	0.7223138804651795	0.7617053808497297	0.9997507862781244	0.20505523206280762	0.6586649998380785	0.7555577749048102	0.9996654566602691	-0.42409119723141225	0.718132551221764	0.5548238235282414	0.9981563348880957
VAMP2	19.53382629706882	-0.13092230089918727	0.6597997413566535	0.8427107364283571	0.9997507862781244	0.15597164707762493	0.6107354700605634	0.7984270586822901	0.9996654566602691	-0.28689394797681217	0.6572879030341089	0.6624874871206238	0.9981563348880957
VAMP8	27.498801820274082	0.14181169649367112	0.5961426348888945	0.8119724941566785	0.9997507862781244	-0.22782905869059075	0.5699856859202735	0.6893700222366564	0.9996654566602691	0.36964075518426187	0.5990232741784389	0.5371869440932041	0.9981563348880957
VAPA	18.60024495350264	0.3163730849903897	0.6179261600786501	0.6086567960391288	0.9997507862781244	0.014356561392265323	0.5842207994409762	0.9803948679827061	0.9996654566602691	0.30201652359812436	0.6172410053378263	0.6246287480204955	0.9981563348880957
VAV3	7.307396097195276	-0.7006860012907827	0.8689113370506534	0.4200149673773419	0.9997507862781244	-0.7417286338165152	0.7971128901953185	0.35210246746879503	0.9996654566602691	0.04104263252573248	0.8877194624884344	0.963123913143346	0.9981563348880957
VBP1	3.584254813187017	0.10916710451209466	1.0238137324801297	0.9150841866869545	0.9997507862781244	-0.026904015323758156	0.9439746013659295	0.977262743495859	0.9996654566602691	0.1360711198358528	1.0220260579212035	0.894083767460743	0.9981563348880957
VCP	5.672751986779319	0.28566858440033477	0.8459796620804149	0.7356059764734033	0.9997507862781244	-0.09063855594329798	0.7913767851125068	0.9088154900061999	0.9996654566602691	0.3763071403436328	0.8466732543019704	0.656714528110568	0.9981563348880957
VDAC1	13.479901615548144	0.051285514644928094	0.7688184968998277	0.946815024520328	0.9997507862781244	0.11347765964580961	0.7203348860023964	0.87482355074263	0.9996654566602691	-0.06219214500088152	0.7666266198827466	0.9353430000416618	0.9981563348880957
VDAC2	18.887175630454497	-0.32169451302682134	0.7004976452329877	0.6460639053294693	0.9997507862781244	-0.8014409835299938	0.6696679690380779	0.23139478907906297	0.9996654566602691	0.47974647050317254	0.7122772579066226	0.5006044830351557	0.9981563348880957
VDAC3	8.866784411187117	-0.879652264777966	0.9787148112830217	0.36876824021884114	0.9997507862781244	-0.844801016785432	0.9094595107986998	0.35293858944797885	0.9996654566602691	-0.03485124799253402	0.9952494809684238	0.9720657068951583	0.9981563348880957
VEGFB	4.932179187876575	-0.7955991049223714	1.033601196935733	0.44145705365870114	0.9997507862781244	-0.1939578369884154	0.9105577708255174	0.8313192259998866	0.9996654566602691	-0.601641267933956	1.038607072825643	0.5624022311333985	0.9981563348880957
VGLL4	9.652799752901263	0.7578391326108358	0.7429298641179238	0.30769611490586857	0.9997507862781244	0.08979695512946562	0.7097275624767768	0.8993178383124649	0.9996654566602691	0.6680421774813702	0.7379469985675428	0.36532172097313687	0.9981563348880957
VIM	10.522116993788025	-1.1573538494479056	1.2068712683015725	0.33757364596825734	0.9997507862781244	2.3610443486140515	0.9822674504054673	0.016231529064382546	0.9996654566602691	-3.518398198061957	1.1664690225184555	0.0025589610369142553	0.30774649542018295
VKORC1	8.103805755605798	0.3615981001746904	0.8193620429077804	0.658983784353048	0.9997507862781244	0.05844586160302401	0.7705389725373539	0.9395379402579841	0.9996654566602691	0.3031522385716664	0.8166604369286786	0.710481382845916	0.9981563348880957
VMP1	20.770811676739285	0.598140645011649	0.7974512473134544	0.45321527448936305	0.9997507862781244	1.0269204055880783	0.7567356094139608	0.17476853721364805	0.9996654566602691	-0.42877976057642925	0.7836233756064369	0.5842579487841576	0.9981563348880957
VPS13C	4.198170427356865	1.296303467710682	1.0838708673311814	0.2316987515881792	0.9997507862781244	1.448395318064297	1.0025289293863688	0.1485304610942253	0.9996654566602691	-0.1520918503536151	0.9987928371478404	0.8789695121588876	0.9981563348880957
VPS25	5.632247133520142	0.04472893666725816	0.9303982319589003	0.961656434581363	0.9997507862781244	-1.1775971897761095	0.9146309723943254	0.1979163325476102	0.9996654566602691	1.2223261264433678	0.976764083166893	0.21078725092512873	0.9981563348880957
VPS26A	3.8566407661122812	-0.6061537091542428	1.0032560531169432	0.5457196912177313	0.9997507862781244	-0.24130189365648858	0.8891114335810916	0.7860859531312671	0.9996654566602691	-0.36485181549775425	1.0107149424182074	0.7181114872755477	0.9981563348880957
VPS28	13.670125416719266	-0.5466396223548785	0.6965023700271953	0.4325501607155291	0.9997507862781244	-0.883933118631037	0.6529446693048163	0.17581161819942615	0.9996654566602691	0.33729349627615834	0.7133705556969153	0.6363439742895763	0.9981563348880957
VPS29	9.689362724121729	0.3979825187279526	0.7373126321873632	0.589352590977068	0.9997507862781244	0.11598673063446548	0.6912293091682424	0.8667423837400361	0.9996654566602691	0.28199578809348713	0.7328914498145328	0.7004066701026304	0.9981563348880957
VPS35	7.7618675308077485	-0.593440533627376	0.7840323355300762	0.4491048395750393	0.9997507862781244	-0.15137209902426313	0.6962146243551208	0.8278797978008734	0.9996654566602691	-0.4420684346031129	0.7868869332128402	0.5742563139889663	0.9981563348880957
VPS36	7.859578961342324	0.409282098329419	0.7646801478151355	0.5924887056166777	0.9997507862781244	0.0898644660573073	0.7155414522442727	0.9000569049750488	0.9996654566602691	0.3194176322721117	0.7597904798532278	0.6741916198861433	0.9981563348880957
VPS4B	4.102295331169647	-0.2313178948677937	0.9906418787741844	0.8153708055929909	0.9997507862781244	0.046316694828511036	0.8906069317756018	0.9585240998020171	0.9996654566602691	-0.2776345896963047	0.9866122919567971	0.7784021484118648	0.9981563348880957
VTI1B	5.900559537126374	-0.4736851363580499	0.8634690274204018	0.583291093014222	0.9997507862781244	0.019231915121357114	0.7661285826784977	0.9799730266371474	0.9996654566602691	-0.49291705147940695	0.861352689635687	0.5671463466517631	0.9981563348880957
WAC	7.40715854617951	0.7273001306851229	0.9583049008029577	0.4478858218916949	0.9997507862781244	0.16140680651672776	0.9161505688874779	0.8601530478114842	0.9996654566602691	0.5658933241683951	0.951825198297376	0.5521543893082781	0.9981563348880957
WASF2	8.656873703775991	-1.0440505631541908	0.8422986765398306	0.21515100620183636	0.9997507862781244	-0.10831378290312174	0.7344643310691865	0.8827585556758717	0.9996654566602691	-0.935736780251069	0.8440704075937926	0.2676026112453621	0.9981563348880957
WBP11	5.832739293950618	0.4011446494262567	0.9239568397825907	0.6641726130040726	0.9997507862781244	0.6536163657595901	0.8392804608065638	0.4361082480560975	0.9996654566602691	-0.25247171633333343	0.894758865567436	0.777815210995207	0.9981563348880957
WBP2	6.267930482027647	-0.10831792100166557	0.8720544134998001	0.9011489662957124	0.9997507862781244	0.4104291377112357	0.7756150974935474	0.5966903011645477	0.9996654566602691	-0.5187470587129013	0.855795131963661	0.544409844890873	0.9981563348880957
WDR1	5.7905574585353214	-0.6714120654760934	0.8662603913715893	0.43829855402840556	0.9997507862781244	0.1168884897922153	0.7501139547923161	0.8761688805729628	0.9996654566602691	-0.7883005552683088	0.8604762595954246	0.35960332247346094	0.9981563348880957
WDR13	5.4595988000375435	0.7472216036319485	0.8759630554445446	0.39364340320941216	0.9997507862781244	0.1323661286991196	0.833250928653095	0.8737830656192276	0.9996654566602691	0.6148554749328289	0.866042169742795	0.4777288152552237	0.9981563348880957
WDR33	6.9133764098713	-0.5248060326356928	0.9047506887555313	0.561876878763989	0.9997507862781244	-0.1492264884465966	0.8116862643918081	0.8541330935541884	0.9996654566602691	-0.37557954418909617	0.9079632956073587	0.6791300246884764	0.9981563348880957
WDR61	4.827516637427011	0.4051034853030441	0.941878329818	0.6671216522988421	0.9997507862781244	-0.03345727754071283	0.8873028416391335	0.9699215200581134	0.9996654566602691	0.4385607628437569	0.9410588192222089	0.641194695355771	0.9981563348880957
WDR83OS	26.044424116412674	0.014779444854582865	0.6253638185875068	0.981145066483229	0.9997507862781244	-0.44287633314073993	0.5998256376005859	0.46030677956645194	0.9996654566602691	0.45765577799532275	0.6310858049594568	0.46833677624897196	0.9981563348880957
WEE1	8.148574501381198	0.12165264867451786	0.9066480401022772	0.8932614488055236	0.9997507862781244	0.20789907432019705	0.8360209574077732	0.803610742533209	0.9996654566602691	-0.08624642564567918	0.8995641365196371	0.9236192197635904	0.9981563348880957
WFDC2	116.51181356746591	-1.0793750325041753	0.6910071279830938	0.11828052338075445	0.9997507862781244	-0.09478401218158389	0.6738966310784418	0.8881459177816834	0.9996654566602691	-0.9845910203225914	0.6912892873649932	0.15436480087966023	0.9981563348880957
WIPI2	6.376101845721185	0.4334818600135102	0.8570960621538776	0.6130276358254099	0.9997507862781244	0.21632615561285906	0.7967330048006843	0.7859938122588994	0.9996654566602691	0.21715570440065113	0.8457853588823845	0.7973714843985239	0.9981563348880957
WNK1	31.504804323125693	0.8986219805094009	0.6081391387885395	0.13949920192719048	0.9997507862781244	-0.008586073355634306	0.5952362017031113	0.98849119427729	0.9996654566602691	0.9072080538650352	0.6081936108836256	0.13579262486598237	0.9981563348880957
WSB1	42.48973831019719	0.6335099671828929	0.7361714191037185	0.3894876911091609	0.9997507862781244	0.24093204346280822	0.7216197439073903	0.7384725767463509	0.9996654566602691	0.3925779237200846	0.7344702757382469	0.5929922956296902	0.9981563348880957
WTAP	8.510743801977124	0.5335943742675324	0.9167253335241524	0.5605224267731235	0.9997507862781244	0.512243622969202	0.8563413192628028	0.5497218818912231	0.9996654566602691	0.021350751298330417	0.9007861691085778	0.9810900295184358	0.9981563348880957
WWC2	6.33544643035416	0.911906297053108	0.8512762530535057	0.28406938592385733	0.9997507862781244	-0.2072840914698789	0.8328768866975669	0.8034557499953672	0.9996654566602691	1.1191903885229868	0.8575059770648101	0.19183524007570196	0.9981563348880957
WWTR1	6.298796735132559	1.0368302438014005	0.9897425720420326	0.29483414917585515	0.9997507862781244	1.0016683778804325	0.9249147348421831	0.2788152760161544	0.9996654566602691	0.0351618659209682	0.9476521400665957	0.9704019304684474	0.9981563348880957
XBP1	9.635338620829701	0.4607731753254357	0.7347556427840033	0.5305866292750557	0.9997507862781244	0.5745312252254294	0.6760878985944321	0.39544309236371733	0.9996654566602691	-0.1137580498999937	0.7171934309923558	0.8739717554741318	0.9981563348880957
XIST	20.367023111944647	0.7351162454970801	2.937799161943776	0.8024119182658207	0.9997507862781244	-7.3853988515515265	3.517564695095661	0.03576604470774333	0.9996654566602691	8.120515097048607	3.5213395468959265	0.021105775597612352	0.7302012085229496
XPA	7.922856122835731	0.3881138734568048	0.7853988824904459	0.6211921420818463	0.9997507862781244	-1.1707559494284365	0.7891324158380849	0.13791537305782406	0.9996654566602691	1.5588698228852411	0.8297284502193953	0.060275756441974804	0.9981563348880957
XPO1	4.205860500514383	0.02540903289154149	1.1631637917290916	0.9825717900492155	0.9997507862781244	1.0808443003684272	1.0192463552765643	0.28894683934372667	0.9996654566602691	-1.0554352674768857	1.118355225891124	0.3453031192251492	0.9981563348880957
XRCC5	12.874664019431496	0.05327441172779156	0.7953745515735671	0.9465974006598328	0.9997507862781244	-0.7304790192948264	0.7677762249778491	0.3413903105523287	0.9996654566602691	0.783753431022618	0.8104790539872206	0.33353158314685616	0.9981563348880957
XRCC6	13.624304049135759	0.8963162480106224	0.6768610052484405	0.18542833854380647	0.9997507862781244	-0.07567463043075093	0.6578470365363905	0.9084183482083521	0.9996654566602691	0.9719908784413732	0.6777414483785175	0.15152610256926133	0.9981563348880957
XRN1	3.5476430782642434	1.9852052872945891	1.1967478704792536	0.0971493766817334	0.9997507862781244	2.35508258948411	1.1104241225195672	0.03393142635444655	0.9996654566602691	-0.3698773021895207	1.0122984399989454	0.71482504180599	0.9981563348880957
XRN2	4.765892092214196	-0.5268744431091189	1.0690623219363629	0.6221271200231264	0.9997507862781244	0.7635865238121631	0.921227240553203	0.40717250483884304	0.9996654566602691	-1.2904609669212819	1.045032012975533	0.2168852001089313	0.9981563348880957
YBX1	57.138008218215774	-0.7471386318506916	0.5958222744086171	0.20985573173683691	0.9997507862781244	-0.6858302848652965	0.5735120709006181	0.2317579073618521	0.9996654566602691	-0.061308346985395036	0.5997526271838116	0.9185798914761708	0.9981563348880957
YBX3	18.510771828220815	0.13473907484592232	0.6985266879655044	0.8470448230552511	0.9997507862781244	0.5213354844551605	0.6479016037904299	0.4210203804710325	0.9996654566602691	-0.3865964096092382	0.6901086905648637	0.575345476798698	0.9981563348880957
YIPF3	5.187641763360984	-0.11559693274398655	0.9111065337995288	0.8990390807939388	0.9997507862781244	-0.5203006510682663	0.8531605990983809	0.5419606642442005	0.9996654566602691	0.40470371832427976	0.9281072562865131	0.6627984601897932	0.9981563348880957
YIPF6	4.898808461823211	-0.26704326479726187	0.911227081747409	0.769477082122942	0.9997507862781244	-0.026650449496754117	0.8185241651971585	0.974026147658654	0.9996654566602691	-0.24039281530050774	0.9097544764574855	0.7915955897685398	0.9981563348880957
YME1L1	6.332193877054239	-0.07698333253937437	1.0063921393212292	0.9390257930461736	0.9997507862781244	0.6073047060319695	0.9036808151471826	0.5015617182263691	0.9996654566602691	-0.6842880385713439	0.9878941118620373	0.48851449435319516	0.9981563348880957
YPEL3	7.005612843656567	-0.42332879318885935	0.8810105249102116	0.6308692920522609	0.9997507862781244	-0.21359395159788222	0.796160486981717	0.7884837841966184	0.9996654566602691	-0.2097348415909771	0.8862071918314574	0.8129161498259904	0.9981563348880957
YPEL5	12.85913768577235	-1.3525022610221962	0.8650079394126116	0.11791809648959503	0.9997507862781244	-0.04828278265918277	0.755905018663979	0.9490704438575445	0.9996654566602691	-1.3042194783630132	0.8656859643856037	0.13192003048105402	0.9981563348880957
YTHDC1	7.118123817186265	-1.493440251348279	0.9035407231720298	0.09835622079207122	0.9997507862781244	-0.032786227871435286	0.7528054663551672	0.965261467010334	0.9996654566602691	-1.460654023476844	0.9036027089309339	0.10599097660803802	0.9981563348880957
YWHAB	23.22097357329224	-0.3131263924728876	0.6127276803858038	0.6093252893573047	0.9997507862781244	0.24701497906386283	0.5616435582264253	0.6600766256514579	0.9996654566602691	-0.5601413715367504	0.6095019625245486	0.3580877904330507	0.9981563348880957
YWHAE	32.3106266538445	-0.06093067028908668	0.617743798515271	0.9214287084179951	0.9997507862781244	-0.1049847136169596	0.5888758716339569	0.858503187271947	0.9996654566602691	0.044054043327872924	0.6188705588881264	0.9432508504194699	0.9981563348880957
YWHAG	3.596453285056838	-0.3524302794020354	1.1264541915254374	0.7543817532517316	0.9997507862781244	1.1225697527371885	0.9500358153480523	0.2373613475241214	0.9996654566602691	-1.475000032139224	1.0763177346059496	0.17055795352851033	0.9981563348880957
YWHAH	9.527673809729619	-0.9755835448723054	0.9522540446892285	0.3055995297155545	0.9997507862781244	0.17295209989484203	0.8423154967709625	0.8373148085808915	0.9996654566602691	-1.1485356447671473	0.9491453739068058	0.2262506987215841	0.9981563348880957
YWHAQ	16.71631405316198	-0.15219067925733937	0.6449036388013759	0.8134405868784279	0.9997507862781244	-0.32682904169384047	0.6022416207464305	0.5873449339436876	0.9996654566602691	0.1746383624365011	0.6505389736508308	0.7883515668486748	0.9981563348880957
YWHAZ	22.206639487872327	0.03740680435997607	0.6697319419577042	0.955458596259966	0.9997507862781244	0.4600106329605333	0.6228376967981488	0.4601667859452685	0.9996654566602691	-0.42260382860055723	0.6634030960392088	0.5241090785093223	0.9981563348880957
YY1	7.007040101737059	-1.096644032881914	0.8812174163048044	0.21332855619481506	0.9997507862781244	0.258632527975407	0.7438126228542933	0.7280565308867304	0.9996654566602691	-1.3552765608573212	0.8741845048671562	0.12106175474012577	0.9981563348880957
ZBTB20	21.88726550183624	2.075907734524692	0.6891582459317316	0.00259330331317179	0.43066123687406194	0.0031564764179014227	0.698620889491067	0.9963950473430953	0.9996654566602691	2.072751258106791	0.688139959204175	0.002594410439110334	0.30774649542018295
ZBTB38	5.116856307346584	1.0454743053629514	0.9842075267198337	0.2881222710437962	0.9997507862781244	1.145401791687627	0.9109445332232331	0.2086167216130409	0.9996654566602691	-0.09992748632467557	0.9299389611431207	0.9144272596466858	0.9981563348880957
ZBTB44	5.65085860251652	0.8130295558036525	0.8753077724011241	0.3529668687501897	0.9997507862781244	0.1396361855932599	0.8356563521534462	0.867293240525683	0.9996654566602691	0.6733933702103927	0.8644666056517446	0.4359975107744737	0.9981563348880957
ZBTB7A	6.044784560960222	0.5093305702122678	0.9790595360176775	0.6029072444707908	0.9997507862781244	0.9132655807835209	0.8898478874603637	0.30474241624920184	0.9996654566602691	-0.40393501057125314	0.9427534404777723	0.6683140325485009	0.9981563348880957
ZBTB8OS	4.068522717080665	0.9223086203299886	1.0586911110239259	0.38365685906582725	0.9997507862781244	1.4503679783670005	0.9575340749370322	0.1298507453549668	0.9996654566602691	-0.5280593580370119	0.9785586370109058	0.5894523918859429	0.9981563348880957
ZC3H13	8.111555865823714	-0.39954185484562627	0.8019395653101534	0.6183294050342815	0.9997507862781244	-0.29921113052977594	0.7300188765234363	0.6819030280861831	0.9996654566602691	-0.1003307243158503	0.8090070927512535	0.9013017251799279	0.9981563348880957
ZC3H15	8.51571128733881	-0.05523919680805744	0.8022650125021392	0.9451057929425151	0.9997507862781244	0.3747293463593937	0.7244749958081729	0.6049868023448399	0.9996654566602691	-0.4299685431674511	0.7914800905506241	0.5869603082847925	0.9981563348880957
ZCCHC17	4.023513101067386	-0.4113870711914516	1.091645101716844	0.7062846623073391	0.9997507862781244	-0.12771009004617506	0.9856424598627078	0.8969063213471571	0.9996654566602691	-0.2836769811452766	1.0948183864668255	0.7955513636853655	0.9981563348880957
ZCRB1	10.948267233952146	-0.33883176055192976	0.728621323057614	0.6419090033140956	0.9997507862781244	-0.7949403920962058	0.6856327907861423	0.24628263852845045	0.9996654566602691	0.45610863154427606	0.7469607518210256	0.5414516601748371	0.9981563348880957
ZFAND5	16.364891738888968	0.5097825186916606	0.7374523329634624	0.4893926054754676	0.9997507862781244	0.254276876505184	0.702074839511742	0.7172181509037193	0.9996654566602691	0.25550564218647664	0.7325442264927303	0.7272453915426935	0.9981563348880957
ZFAND6	6.714609645716235	0.689778199926535	0.8912823677810019	0.4389801254489517	0.9997507862781244	0.155414486692116	0.8461134508573154	0.8542641583812551	0.9996654566602691	0.534363713234419	0.883309689837641	0.5452080697809618	0.9981563348880957
ZFAS1	28.028667321308273	-0.6262043505599444	0.7125821231203773	0.37951948225508103	0.9997507862781244	0.2834470441054366	0.6604240545053187	0.667785351869551	0.9996654566602691	-0.9096513946653809	0.7101348308763153	0.2002091597633915	0.9981563348880957
ZFP36	20.19638499997594	-2.0358814115042336	1.0479223299775013	0.05204287605602203	0.9997507862781244	0.7878476098289905	0.9075119557982066	0.3853175868890676	0.9996654566602691	-2.8237290213332242	1.0421082514962492	0.006735806110605975	0.41594044484286763
ZFP36L1	37.527177698624286	-0.900051384734631	0.6961937905541892	0.19607425147265867	0.9997507862781244	0.34897360790467435	0.6461244974902046	0.5891261850051722	0.9996654566602691	-1.2490249926393053	0.6940180420934126	0.07190785669251694	0.9981563348880957
ZFP36L2	32.00247450195042	-0.6613079094521451	0.7815852349736989	0.39749079294564027	0.9997507862781244	0.8672806285384843	0.7252282644360625	0.23174626925801722	0.9996654566602691	-1.5285885379906294	0.7754921108398408	0.04871007367425015	0.9981563348880957
ZFR	6.211407577187742	0.7965223740351675	0.9795580456623401	0.41613513531473967	0.9997507862781244	0.3454181613229531	0.9310588944134075	0.7106412823839137	0.9996654566602691	0.4511042127122144	0.9657007955302281	0.6404095385670119	0.9981563348880957
ZKSCAN1	6.790567950890448	1.1160248341847074	0.8770671921911721	0.20321300098688633	0.9997507862781244	0.7711330247405895	0.82721729384956	0.3512325112452934	0.9996654566602691	0.3448918094441179	0.8413558168689604	0.68186181469294	0.9981563348880957
ZNF106	4.615370915510955	-0.868091344353493	1.07280891589714	0.4184138549763886	0.9997507862781244	-0.28839323726410576	0.9507269645824035	0.7616309902628864	0.9996654566602691	-0.5796981070893872	1.080576365097095	0.5916329300411958	0.9981563348880957
ZNF207	7.94355131727681	-0.05646780116469293	0.8251377046219671	0.9454398412447476	0.9997507862781244	0.287680484093936	0.7439576067329192	0.698986200753726	0.9996654566602691	-0.34414828525862895	0.8149288824980243	0.6728026387547807	0.9981563348880957
ZNF22	5.752061972631562	0.3581405764808805	0.944559156187078	0.7045678528465001	0.9997507862781244	0.06608454218002344	0.8833941452975359	0.9403678431904084	0.9996654566602691	0.2920560343008571	0.9400359698258053	0.7560393259529924	0.9981563348880957
ZNF24	3.9476366893022306	-0.4282226718006623	0.9782514735483033	0.6615726414210918	0.9997507862781244	0.03070208695830879	0.8659959277293797	0.9717185847450464	0.9996654566602691	-0.4589247587589711	0.9745099077833212	0.63769159735004	0.9981563348880957
ZNF292	7.7386731793088375	-0.15671303993047206	0.8609107025915307	0.855557847399618	0.9997507862781244	-0.39005832299386284	0.8002712745233154	0.6259694895384736	0.9996654566602691	0.23334528306339075	0.8715853999661153	0.7889109325496664	0.9981563348880957
ZNF32	3.6678919066047175	0.2528141664540798	1.097302321774473	0.8177839977741386	0.9997507862781244	-0.9419831985485696	1.078698259752428	0.38252180395487123	0.9996654566602691	1.1947973650026493	1.1461682464800511	0.29721349585659673	0.9981563348880957
ZNF326	3.6116286650806817	-0.6037262025256329	0.9987063267563614	0.5455057934386072	0.9997507862781244	-0.2516815194608415	0.8860881273664064	0.7763822801720784	0.9996654566602691	-0.3520446830647915	1.0065427149504063	0.7265215772415987	0.9981563348880957
ZNF428	8.286588695905648	0.09583080670781587	0.7537170287916811	0.8988262078078296	0.9997507862781244	-0.42844991256196513	0.7112298452910768	0.546903181287247	0.9996654566602691	0.5242807192697809	0.7656679246413225	0.4935102578945171	0.9981563348880957
ZNF44	10.512379950257666	0.016102966632451244	0.7659062196433335	0.9832259333886639	0.9997507862781244	-0.11888854545863085	0.7126257720617523	0.8675025012413246	0.9996654566602691	0.1349915120910821	0.7680292503237667	0.860479742926105	0.9981563348880957
ZNF593	6.08189726530456	-0.6484472445195189	0.901389911277626	0.4719031465580399	0.9997507862781244	-0.1547913788571664	0.7998247660784393	0.8465426487025138	0.9996654566602691	-0.49365586566235253	0.9047270974613048	0.5853129881089174	0.9981563348880957
ZNF638	8.568710359430717	0.7166118786253374	0.8120859944263341	0.37754243159614365	0.9997507862781244	0.30119297079977525	0.7679986528903218	0.6949259333209106	0.9996654566602691	0.4154189078255621	0.8007267779449482	0.6038986018837892	0.9981563348880957
ZNF644	6.519102250005813	1.271313579756452	0.9444099294865291	0.1782554596970818	0.9997507862781244	0.7835445534146133	0.8988951375965758	0.38338562086837247	0.9996654566602691	0.48776902634183894	0.9072342069342173	0.5908228485709042	0.9981563348880957
ZNF706	9.650903714310921	0.4280007909402689	0.7274297909631355	0.5562812714716252	0.9997507862781244	-0.0024196170884178783	0.6856053473425057	0.997184136445506	0.9996654566602691	0.43042040802868675	0.7259730661218295	0.553256396272783	0.9981563348880957
ZNF83	5.369219298209395	1.0786714626379599	0.955027086017677	0.2587009337409323	0.9997507862781244	1.1252130393423663	0.8831276986066028	0.2026199380939513	0.9996654566602691	-0.046541576704406507	0.8943530491401607	0.9584973165188356	0.9981563348880957
ZNHIT1	13.135689629800195	0.013921805847020711	0.799394476176084	0.9861051923725984	0.9997507862781244	0.07653408950413679	0.7498869176235827	0.9187083829721411	0.9996654566602691	-0.06261228365711607	0.7978955728932142	0.9374527794777207	0.9981563348880957
ZNHIT3	4.840290911436606	0.037465694801362	0.9136565552345587	0.9672908559631208	0.9997507862781244	0.08188198231838713	0.8349238766684258	0.9218757603008023	0.9996654566602691	-0.04441628751702514	0.9083809724634019	0.9610020963259743	0.9981563348880957
ZRANB2	7.9257594173967005	0.24033174761260956	0.7774118858480354	0.7572124524137211	0.9997507862781244	0.14292626809816067	0.7187645481620913	0.842380150366575	0.9996654566602691	0.09740547951444889	0.7712865298982947	0.8995026758564194	0.9981563348880957
ZSCAN16-AS1	5.473599939235721	-0.32999444162842323	0.9861634452667111	0.7379083672734272	0.9997507862781244	1.0547377182403683	0.8421152847402019	0.21039277738709028	0.9996654566602691	-1.3847321598687916	0.949948610916498	0.14492555402437596	0.9981563348880957
ZSWIM7	3.8897767149565285	-0.9537644481307214	0.9598075229210307	0.32036705903687146	0.9997507862781244	-0.5959957538464208	0.8462029142717247	0.4812348991835492	0.9996654566602691	-0.3577686942843005	0.9816801621159661	0.7155255338568269	0.9981563348880957
