gene	baseMean	dD_lfc	dD_se	dD_p	dD_padj	dN_lfc	dN_se	dN_p	dN_padj	dE_lfc	dE_se	dE_p	dE_padj
A1BG	7.695506224910795	-0.020569044842977526	0.8127253464932689	0.9798087121171065	0.9964726730517024	0.08704608548894581	0.6718391398161841	0.8969114821261799	0.9989208822153636	-0.10761513033192334	0.6613173962584342	0.8707322748867021	0.9919160079379556
AAK1	12.93951071860164	0.9711393816660597	0.7646050411815126	0.20404224866087595	0.8218069288305614	0.3003650127246013	0.6686378307745452	0.6532734722198941	0.9989208822153636	0.6707743689414585	0.6087674667972724	0.2705240778343375	0.8666888920632344
AAMP	6.444501623806183	0.13862471489556422	0.9193224355770315	0.8801413021129212	0.9930430668474647	0.0733737683565751	0.7710929713407703	0.9241912833365176	0.9989208822153636	0.06525094653898912	0.7454226099294402	0.9302458627552902	0.9941706264930981
ABHD2	6.383594428203715	-1.0102371332317506	0.8772296133481853	0.24947633789437418	0.8447733157557729	-0.25958265633355976	0.6558498365106987	0.6922556241579448	0.9989208822153636	-0.7506544768981908	0.7514064103510404	0.31779503106261975	0.8938644939739743
ABHD5	35.21867500724766	-0.17730028228034742	0.5902135070092805	0.763871876603318	0.9930430668474647	-0.2208540328525714	0.5029970387023933	0.660606317169641	0.9989208822153636	0.04355375057222399	0.4996042976190718	0.9305312240478705	0.9941706264930981
ABI1	10.360644182353969	0.9649098850828501	0.7228202404300905	0.18190131314384328	0.8027673725441892	0.4034664638539034	0.6309610972766222	0.5225318900748496	0.9989208822153636	0.5614434212289467	0.5582769406931215	0.3145734336255186	0.8938644939739743
ABI3	6.128747459348766	-0.2701639912300946	0.8873646722132238	0.7607800866231905	0.9930430668474647	0.5757835964876576	0.6931401012317544	0.4061495548827484	0.9989208822153636	-0.8459475877177522	0.715301374327185	0.2369498735967389	0.84274498282884
ABL2	6.625945612124734	1.267863563343564	0.9806648055693004	0.19605903869073849	0.8186597563383513	0.6907121496402611	0.8640546439129366	0.4240673207353075	0.9989208822153636	0.5771514137033029	0.7423338253637386	0.4368742702159262	0.9534176898583739
ABRACL	38.50027509233022	-0.7166400371278306	0.5465148113880735	0.18975941622023262	0.8130584558908618	-0.49791541896719665	0.45838631587955847	0.27737488260399223	0.9989208822153636	-0.21872461816063402	0.4677876566615775	0.6400903742139543	0.9777614542981466
ABTB1	10.186541244439363	-0.3946178274669607	0.8043935611293415	0.6237249118239148	0.9747465964778875	0.047202136306256984	0.6558735247059065	0.9426270944348902	0.9989208822153636	-0.4418199637732177	0.6698069791456065	0.509495910757842	0.9686312519100319
AC004687.1	12.464371802073936	0.05706960015070894	0.7059422202909683	0.9355678098948174	0.9962366574728068	-0.07630694848303561	0.5957000134765081	0.8980727895440257	0.9989208822153636	0.13337654863374457	0.5814875046518456	0.8185803358274326	0.9919160079379556
AC005280.2	10.209135853124506	1.3803871557475351	0.7398276761271577	0.06206619734005152	0.5219477471902595	0.0952889639189591	0.661982587022707	0.8855440434559357	0.9989208822153636	1.285098191828576	0.5698405393130747	0.024121459738749337	0.2631640112703784
AC007384.1	8.305556720327802	4.110397206738399	1.0622271547631728	0.00010901279474323011	0.009753238479683369	-0.13390950302515556	1.0582103241067855	0.8993018188276358	0.9989208822153636	4.244306709763554	0.6823944270130017	4.980221778517652e-10	8.554263290159732e-08
AC007952.4	21.691611985932102	0.20435433781471563	0.9828631888412772	0.8352934794741612	0.9930430668474647	0.45358034736300346	0.8444721672811046	0.5911868066668751	0.9989208822153636	-0.24922600954828783	0.8289320919025461	0.7636744297316258	0.9809070145248762
AC009522.1	5.427916831831098	5.996587172373084	1.928477943088883	0.0018740921611707154	0.062066272342007664	-1.1561647825790766	2.103446023510892	0.5825576062829049	0.9989208822153636	7.15275195495216	1.102388760431388	8.674606355144913e-11	2.1142306046411466e-08
AC009950.1	7.004604417726486	-0.5583973002807827	0.9433424761092696	0.5538942065573526	0.965058301207955	-0.8032973472418686	0.7862412264368257	0.30692611087435495	0.9989208822153636	0.24490004696108597	0.8054885732231141	0.7610980781289629	0.9809070145248762
AC015912.3	8.31995894414335	0.027019661263049013	0.8192459851294914	0.9736896326854025	0.9964726730517024	0.31737548378847236	0.6769871631597034	0.6392084800273312	0.9989208822153636	-0.29035582252542336	0.6624597225139572	0.6611691255611202	0.9777614542981466
AC016831.5	3.809619588702931	-1.180042051957056	1.1811521452440978	0.317765548821313		-0.5579411296747204	0.9150718176256161	0.5420447398032517	0.9989208822153636	-0.6221009222823356	1.0223670284017436	0.5428620115612073	0.9711498888785488
AC020656.1	319.2876033306756	0.38026881998096723	0.8913390812921846	0.6696514359047423	0.9780705608686049	-0.6381438847672392	0.7721345078701569	0.40853908751661694	0.9989208822153636	1.0184127047482063	0.7709003594968028	0.18647829879108158	0.7583797109609446
AC020916.1	45.6218445031782	-0.2946781095620316	0.6525333928907374	0.6515637629008517	0.9756318293502411	0.6561203400842507	0.5522201957492747	0.23477437943299317	0.9989208822153636	-0.9507984496462824	0.5512400421039739	0.08455710380045285	0.5614388197387352
AC022217.3	14.325591364137338	6.4329050479113015	1.4239960907756375	6.257346628787118e-06	0.001791478339821752	-2.1122699360407653	1.6612864942349037	0.2035627782235594	0.9989208822153636	8.545174983952066	1.0435926737002992	2.6509976797800184e-16	3.0809260712257174e-13
AC025164.1	5.733092407506521	1.17075987323953	1.1447130949583222	0.3064241820877176	0.8836419566191195	0.9665992208504731	0.9999969850347873	0.3337429668334462	0.9989208822153636	0.20416065238905687	0.8794507202594598	0.8164248955375961	0.9919160079379556
AC058791.1	2.5094923799685502	-1.1076385795877173	3.1268611549127017	0.7231639935716722		-0.9597806399743913	2.6633515620254036	0.7185736480933691	0.9989208822153636	-0.147857939613326	2.70613469559596	0.9564268195553149	0.9952132068500601
AC090559.1	8.179315701489768	-0.4609990409232558	0.8063317352134304	0.567509110239347	0.9665616667306404	0.03857685958975416	0.6394650512029212	0.9518953832319997	0.9989208822153636	-0.49957590051300993	0.6688361916130086	0.4551039351158962	0.9601903833370063
AC091271.1	9.07696969749479	0.4092096672053028	0.8235034371501856	0.619250314862602	0.9747465964778875	0.8815895197483252	0.6898630903584658	0.20127779928242318	0.9989208822153636	-0.47237985254302245	0.6439110245212277	0.46318619386684445	0.9649020091689738
AC096667.1	10.825603119624098	-1.6634118495246537	0.8143917875144389	0.04109993675711357	0.42633738744788463	-0.324281836543064	0.6008130335099207	0.5893774870853373	0.9989208822153636	-1.3391300129815897	0.7141496457841291	0.06077357255888612	0.4682291078415501
AC100810.1	5.774925949670004	0.04569834665308792	0.9170108808694124	0.9602546492953932	0.9964726730517024	0.7155330346113854	0.7333738202711345	0.32922653678117586	0.9989208822153636	-0.6698346879582975	0.7185794863083476	0.35125123077474696	0.9151923174089035
AC103591.3	9.701943919735838	0.0660034681196574	0.8525851451273752	0.9382928586548607	0.9962366574728068	0.945610041622266	0.6991112790782102	0.17618705277698332	0.9989208822153636	-0.8796065735026085	0.6806371114917976	0.19624348949426906	0.7764647551805768
AC239799.2	7.402129808642358	-1.8455048397181866	1.1946110431853767	0.12238053083371879	0.7107007297706631	-0.32763469399596434	0.9100926636094469	0.7188460365182936	0.9989208822153636	-1.5178701457222223	1.0477444527567186	0.14742064530716947	0.7037032993633845
AC245014.3	13.311183491999108	-0.5656720938692692	0.9103393630549916	0.5343457112889948	0.962283048387728	0.5426707112736444	0.7455764543923105	0.4667030411188571	0.9989208822153636	-1.1083428051429136	0.7639105884170069	0.14681320116353444	0.7037032993633845
AC245297.3	7.204166577189281	0.5103304873741142	0.7941315668006789	0.5204660765756388	0.9564148762747458	0.6630037630116744	0.6667576723982367	0.3200428143902889	0.9989208822153636	-0.15267327563756017	0.6084629304213958	0.8018788111624128	0.9919160079379556
AC253572.2	73.04379029867384	-0.563210783987066	0.8937175875097353	0.5285710881435371	0.9620464242561646	-0.035423610249533014	0.7689119927145782	0.9632546284414414	0.9989208822153636	-0.527787173737533	0.7701800116026148	0.4931687117693919	0.9686312519100319
ACAA1	12.019280912967403	-0.08799904890239756	0.6505683129207643	0.8924024465255513	0.9930430668474647	0.17098983572844645	0.5314625408893648	0.7476538379132218	0.9989208822153636	-0.25898888463084396	0.5282745941798677	0.6239539701120147	0.9777614542981466
ACAA2	6.2955573001098655	0.38687322908695165	0.7955967295482823	0.6267771655867596	0.9747465964778875	0.15276959688474276	0.6681635230292042	0.8191479309273171	0.9989208822153636	0.23410363220220892	0.6211576069460519	0.7062606873333406	0.9777614542981466
ACADVL	12.34108215373684	-0.5818835167500389	0.6387684083645317	0.36232383482549246	0.9228942518731182	-0.5349812064818384	0.5179245034211496	0.30163534873946174	0.9989208822153636	-0.04690231026820043	0.5411165855265464	0.9309283353490347	0.9941706264930981
ACAP2	23.229720349905175	0.6821535403910927	0.5238512512454254	0.19285165186907627	0.8186597563383513	0.04723165426052992	0.454665253137675	0.9172627850133003	0.9989208822153636	0.6349218861305628	0.4214668886887456	0.13194981163071035	0.6807304769640887
ACER3	7.846488117242553	1.5004234417005549	0.8260520057044404	0.06931226808896358	0.5595253038087615	-0.07991515087540411	0.7454973531700443	0.9146326197019976	0.9989208822153636	1.5803385925759592	0.6378951586849739	0.013233353271094653	0.18141498381031168
ACIN1	7.932229130519647	0.33196986202714207	0.7751258415601768	0.6684482486783605	0.9780705608686049	0.232340330453877	0.652397291438047	0.721740820317551	0.9989208822153636	0.09962953157326507	0.6148034976748169	0.8712656796247964	0.9919160079379556
ACOT9	6.001743331923254	0.916277912915382	0.8324307320788097	0.27101605082593017	0.8577424124837237	0.5596471501771804	0.7200391567173028	0.43701397870700265	0.9989208822153636	0.35663076273820155	0.6166809214483866	0.5630570125465058	0.9711498888785488
ACP1	9.71045470298457	0.10876601119977174	0.6981985131959902	0.8762057055872594	0.9930430668474647	-0.15778719257550813	0.5871159196065041	0.7881223486431468	0.9989208822153636	0.2665532037752799	0.569542561076659	0.6397754424033744	0.9777614542981466
ACSL1	53.08736659797045	1.385093668347889	0.5052247746836688	0.006115201048929559	0.1411921016377849	-0.9232850478176832	0.4493590941172838	0.03991080387699483	0.9989208822153636	2.308378716165572	0.4248716361188458	5.537704266141531e-08	4.755910722686256e-06
ACSL3	9.533812819302662	0.2419827718925042	0.649258768236101	0.7093671174036975	0.9930430668474647	-0.44026874458502285	0.5536344300212758	0.42647758419246795	0.9989208822153636	0.682251516477527	0.5291507830667717	0.19728237604567955	0.7783332398178991
ACSL4	9.217338505990348	1.1563318316353037	0.8247400298199487	0.16089847976438176	0.776780034028619	0.5601829438022179	0.7242991449679395	0.4392775338225927	0.9989208822153636	0.5961488878330858	0.6354589860808975	0.34817295738708043	0.9150900410173491
ACTB	1140.4831067715802	-0.3957229361823408	0.435360540136854	0.3633741266518272	0.9233513498088938	-0.28643994511748583	0.3766022042695211	0.44690187620535826	0.9989208822153636	-0.10928299106485492	0.37655071465879436	0.7716470372840658	0.9838015061805645
ACTG1	140.77646680957926	-0.14313348943434673	0.36528402170485225	0.6951752274576433	0.9887166796876466	-0.016917403877105563	0.31269426170689774	0.9568538505811078	0.9989208822153636	-0.12621608555724118	0.31047087262009204	0.6843523629015511	0.9777614542981466
ACTN1	8.960406716130509	0.6602798030568275	1.046105167293925			0.7560729626838626	0.9003557097917846			-0.09579315962703512	0.8452224951880966		
ACTN4	8.945368376187481	-0.31268199771442606	0.8082589202834567	0.6988608153684088	0.9901701562993254	0.0007567965423645781	0.6601576344885469	0.9990853152141022	0.9995227596858943	-0.31343879425679066	0.6701010248801992	0.6399644052005141	0.9777614542981466
ACTR2	51.03190365476261	-0.03545346531681187	0.5057888230288304	0.9441177351251469	0.9962366574728068	0.19823722427117577	0.4306132794352838	0.6452576826465614	0.9989208822153636	-0.23369068958798767	0.4247374361852141	0.5821819578286197	0.9711498888785488
ACTR3	28.441637367478833	-0.45485809563505764	0.5575742472542409	0.41462579325499715	0.9371282407570434	0.17044060907627326	0.4606029659450276	0.7113541627489092	0.9989208822153636	-0.6252987047113309	0.46792503360846427	0.18144391747727362	0.7517237854220555
ADA2	16.531165139331147	-0.6541034947128116	0.6346394301571329	0.3026958391906637	0.8836419566191195	-0.20030597572151698	0.5138255689789207	0.6966603095744831	0.9989208822153636	-0.45379751899129467	0.5364388093715642	0.3975836452029988	0.9275297455443251
ADAM10	15.624892573721974	0.14629491447256024	0.6440785419395859	0.8203161918203006	0.9930430668474647	-0.5430331321954543	0.552978101698326	0.3260921541154763	0.9989208822153636	0.6893280466680145	0.5372267176883729	0.1994489289743474	0.7794618990088722
ADAM17	19.401944942858822	0.4055320264612066	0.5736187811294924	0.4795843013125808	0.9442442286200136	-0.387496171836686	0.4962775638421447	0.4349169930092739	0.9989208822153636	0.7930281982978926	0.4723480806412831	0.09317029419190108	0.5938655188803434
ADAMTSL4-AS1	11.311216031648037	4.050199310390573	1.0176540574478106	6.89334558528772e-05	0.006805396003682324	-1.4690612193495847	1.044284620015457	0.1594976051991963	0.9989208822153636	5.519260529740158	0.7939717792637503	3.615331076833329e-12	2.111353348870664e-09
ADAR	9.790907684754885	-0.4750687515101967	0.7630143112170745	0.5335335923370303	0.962283048387728	-0.26638218132810143	0.6224339381904737	0.6686739811189598	0.9989208822153636	-0.20868657018209522	0.640833829866575	0.7446903191390655	0.9803559971046334
ADD3	13.317660404017637	0.1509958348422851	0.6110740335460474	0.8048315414836454	0.9930430668474647	0.05504659075063539	0.5113886883466392	0.9142801609082314	0.9989208822153636	0.09594924409164972	0.4933307750859923	0.8457900958334555	0.9919160079379556
ADGRE2	12.39474425178616	0.763794009605578	0.7312106154936922	0.29622596440757043	0.87543166114067	-0.03833912982360824	0.637897569553753	0.952074134757673	0.9989208822153636	0.8021331394291862	0.5901266746841103	0.1740655265472546	0.7438319754155864
ADGRE5	18.158703078088973	0.6462700564551557	0.6294382832932492	0.30454246466887736	0.8836419566191195	-0.12039651261364516	0.5473564491036227	0.8259023241178098	0.9989208822153636	0.7666665690688007	0.51214802675001	0.134402925183644	0.6861128348535672
ADH5	5.748668784360155	0.4119997412378177	0.8537288204807986	0.6293879209105886	0.9747465964778875	0.5748409955177974	0.7095929331764094	0.41788289838007275	0.9989208822153636	-0.16284125427997975	0.654707148389496	0.803574432272012	0.9919160079379556
ADI1	10.350854865435625	-0.454565120063327	0.669226314951832	0.49698595990333794	0.9510478797151422	-0.11387277412267909	0.5337343984606983	0.8310531874257815	0.9989208822153636	-0.3406923459406479	0.5569143619023889	0.540703193074091	0.9711498888785488
ADIPOR1	10.284687293050768	-0.22899618142628972	0.660299843313162	0.7287368030117763	0.9930430668474647	-0.029998482685771582	0.5342201726214243	0.9552193002882041	0.9989208822153636	-0.19899769874051815	0.5417588961525401	0.7133819604767555	0.9777614542981466
ADIPOR2	4.910998496480873	1.7197633630880738	1.0351608916168817	0.09664340312453733	0.6479860963596028	-0.05407118388031726	0.9434999895045852	0.9542989304581911	0.9989208822153636	1.7738345469683912	0.7861794204853123	0.024053607113283294	0.2631640112703784
ADK	7.981815618720085	1.0820775594698924	0.7757668566154212	0.16306140427914773	0.776780034028619	-0.14202782243622447	0.6892040916735308	0.8367322256068452	0.9989208822153636	1.2241053819061167	0.607103283226441	0.04376809302278002	0.388458454791847
ADM	22.09911643398056	-0.36831051446700436	0.7823680174737427	0.6378094422821847	0.9747465964778875	0.05246901803394678	0.6612621505797026	0.9367568037399361	0.9989208822153636	-0.4207795325009512	0.6626831746875311	0.5254523145593253	0.9686312519100319
ADRM1	10.79102943184967	0.10494437917755743	0.6606165103274008	0.8737805588440939	0.9930430668474647	-0.38824731354665665	0.5583398126006983	0.4868295627818605	0.9989208822153636	0.49319169272421404	0.542017827357842	0.36286583866339917	0.9224426087386502
ADSS	9.958533150592613	-0.003800998264629216	0.7535809694434358	0.9959755552560764	0.9990073429896342	0.45474135111111724	0.618912696961729	0.4624964410414225	0.9989208822153636	-0.45854234937574645	0.6079309935076789	0.4506888515632057	0.9565360688378212
AFF4	11.494297620846831	2.173623003005234	0.9492558136851841	0.02203187206074236	0.30180502253543245	1.232552896060621	0.8522492289389163	0.14811122350919023	0.9989208822153636	0.9410701069446131	0.7088584100496917	0.1843150958675005	0.7562843447701094
AGFG1	17.4888690767061	2.546249793798475	0.7509809490550282	0.0006974868790205851	0.035659016689927416	0.9391115488421379	0.6831370057758053	0.1692230606339744	0.9989208822153636	1.6071382449563372	0.5545862439403741	0.0037566437044542905	0.06986878736946833
AGPAT2	8.929804324573643	0.73865366404401	0.7278392156962261	0.3101733816464428	0.8836419566191195	-0.16686301777985596	0.6354767581678661	0.7928748863251575	0.9989208822153636	0.905516681823866	0.5740734813708792	0.11471426196970247	0.6383353109102577
AGTPBP1	13.41560214191218	2.6170578995755367	0.6989235795085019	0.0001808166733193058	0.013991300965220879	0.7232923649075166	0.6503300548252734	0.26605528919483246	0.9989208822153636	1.89376553466802	0.47988041673809106	7.93588762726417e-05	0.0030094534898196593
AGTRAP	36.61648579293742	0.07299723042190764	0.5759123260041273	0.8991377991248265	0.9930430668474647	-0.23650187443319828	0.4942070100984307	0.6322600776721934	0.9989208822153636	0.30949910485510596	0.48539075176573554	0.5237153673109907	0.9686312519100319
AHCYL1	7.517384714273917	-0.3288294596080704	0.7919255851790673	0.6779752040144339	0.9818123465317776	0.0942164797098122	0.6354245872081751	0.8821271116934267	0.9989208822153636	-0.42304593931788265	0.6520911640362055	0.5164981992499034	0.9686312519100319
AHNAK	34.34206815151242	-0.10169227800798943	0.49536023893617026	0.8373459120774518	0.9930430668474647	0.21285192703786399	0.41537009301515077	0.6083436471126992	0.9989208822153636	-0.3145442050458534	0.4107856447062479	0.44384666031198106	0.9556839401475558
AHR	10.889270903942084	1.4534949620467033	0.843163544870665	0.08473332256307321	0.6093571190959488	1.0561035092147504	0.7439764955837375	0.15574199046244044	0.9989208822153636	0.3973914528319527	0.6370714477847892	0.5327730811020492	0.9686312519100319
AIF1	360.1602772209346	-0.07627950707873146	0.34689607189629523	0.8259556350317756	0.9930430668474647	-0.19702465396821223	0.29939440839141956	0.5104884827855048	0.9989208822153636	0.12074514688948075	0.29804392647180494	0.6853853813163229	0.9777614542981466
AIMP1	12.105771287808508	-0.5807473154155613	0.6731580278777632	0.3882910889370661	0.9257411016933377	-0.1328519344303948	0.5388184181761866	0.8052475213756687	0.9989208822153636	-0.4478953809851665	0.56518426694813	0.42808275358700276	0.9459389151907422
AIP	7.587616571580528	0.12727079156009313	0.8024120484749963	0.8739759370395229	0.9930430668474647	0.31622653810260504	0.6630065714748833	0.6333917612907222	0.9989208822153636	-0.1889557465425119	0.6408049099669918	0.7680912793360761	0.9824032131674736
AK2	7.668582206148316	0.2359841883610644	0.7727468315580214	0.7600740315539529	0.9930430668474647	0.29345547554397544	0.6425517055674741	0.6478843284485312	0.9989208822153636	-0.057471287182911036	0.6117935698609515	0.92515759896693	0.9941706264930981
AKAP13	34.2036922729663	1.6174300207860943	0.5730200495840635	0.004762983778660257	0.11655062015644714	0.16021818331170926	0.5089135537203169	0.752895314133185	0.9989208822153636	1.4572118374743852	0.46197277270230924	0.0016087033818550313	0.03479565833345697
AKAP9	17.76126845851472	1.0772360979922535	0.6312886938751116	0.08793213612775214	0.6231428359746396	1.2883112420950684	0.5465719097129285	0.01841950284785969	0.9989208822153636	-0.21107514410281497	0.472337549477103	0.6549663830355617	0.9777614542981466
AKIRIN1	6.210368555088567	1.8555172537545817	0.9230711094879618	0.04441464344259491	0.44461232229422804	1.1967627077037986	0.8341625258978456	0.15137611351553742	0.9989208822153636	0.6587545460507831	0.6167415894258585	0.28546600532271416	0.8795598633001563
AKIRIN2	18.321158552506112	-0.1477006573911757	0.6153114543919662	0.8102976147573724	0.9930430668474647	-0.08149639869038877	0.5151997579419356	0.8743117497145748	0.9989208822153636	-0.0662042587007869	0.5117074164983094	0.8970576632913134	0.9919160079379556
AKNA	8.434466957405634	0.18792068693358152	0.7682223578928253	0.8067525578832524	0.9930430668474647	0.5968673683686713	0.6282857907220003	0.34211559499058386	0.9989208822153636	-0.4089466814350897	0.6012358257535407	0.4963924978199541	0.9686312519100319
AKR1A1	11.401761636729134	0.44047019795021575	0.6360324084142677	0.4886058613916836	0.9458273030185195	0.702397360855888	0.5300495218473344	0.18512000572626508	0.9989208822153636	-0.26192716290567225	0.48791344928375247	0.5913842174988374	0.9713108878987808
AKR7A2	5.936817199952915	-0.09299871347423742	0.8927115881885314	0.9170300430708783	0.9931274202454311	0.3390872990204157	0.7181497644035834	0.6368069173461586	0.9989208822153636	-0.4320860124946531	0.7173707666937265	0.5469618440159583	0.9711498888785488
AL021155.5	45.631427561995444	-0.8040968934797543	1.3458035186728354	0.5501838775769858	0.965058301207955	0.22083355160077126	1.1572258810971305	0.848658691415288	0.9989208822153636	-1.0249304450805257	1.161432866652253	0.37752233151486614	0.9224426087386502
AL034397.3	21.246251982998356	0.1001959778799607	0.7235748315341829	0.8898661697814337	0.9930430668474647	-0.3081870972143814	0.6215742160671225	0.6200234909109738	0.9989208822153636	0.40838307509434213	0.6094303781448027	0.5027900925892472	0.9686312519100319
AL163541.1	6.218550246611607	6.081241984187868	3.056814060529895	0.04665648905351214	0.459029306392458	1.4788088083423536	2.8518810472493508	0.6040829264266296	0.9989208822153636	4.602433175845515	2.132556339718605	0.030914104528918285	0.31127305249807374
AL355075.4	4.816658649721659	-0.4744867116026253	1.324749996341923	0.7202155285741766		0.9459259403603993	1.0346624590646942	0.36059271319807595	0.9989208822153636	-1.4204126519630247	1.0847323288786284	0.19037887314002389	0.7710212337987098
AL445524.1	7.714721363294167	0.3378694298772572	0.7002040320186841	0.6294295142655149	0.9747465964778875	0.06796197051656329	0.586050101696485	0.907679373850573	0.9989208822153636	0.26990745936069394	0.5484492875756365	0.622628590768735	0.9777614542981466
AL499604.1	20.952937435165477	0.20111564186532954	0.7837627100809017	0.7974854763974786	0.9930430668474647	0.4489937704990023	0.6696440836982919	0.5025415689367412	0.9989208822153636	-0.24787812863367278	0.6523024123232495	0.7039417600160318	0.9777614542981466
AL627171.2	6.280620273033357	0.054735960078274574	1.8323754908865535	0.9761694676829972	0.9964726730517024	0.6219181885667081	1.5680367368969552	0.6916460753738611	0.9989208822153636	-0.5671822284884336	1.5458644791322098	0.7136914153489167	0.9777614542981466
AL691403.1	5.406395081002908	5.991616825184829	1.9280450002245049	0.001886051587060659	0.062066272342007664	-1.1561500289758333	2.1029827536405015	0.5824793556637506	0.9989208822153636	7.147766854160662	1.1016617503301052	8.688618923182794e-11	2.1142306046411466e-08
ALDH1A1	6.869182868246457	-0.16835716153350183	0.8949916597385562	0.8507901765595006	0.9930430668474647	-0.1991883747108485	0.7425657561194945	0.788511958304392	0.9989208822153636	0.03083121317734667	0.7413941051557961	0.9668291663111163	0.9952132068500601
ALDH2	26.410056085251593	1.3275013795333286	0.6789646632260672	0.05056126368473234	0.47774553772075473	0.1706676435549674	0.5979216065054463	0.7753110373716622	0.9989208822153636	1.1568337359783611	0.5546246268617094	0.03699712098440469	0.34760586227453133
ALDOA	4.370062382899071	-3.039301961560523	1.6158942398454759	0.05998834514458266		0.4378735290569394	0.783055051634172	0.5760346935400146	0.9989208822153636	-3.477175490617462	1.5110196818807482	0.021379693320108497	0.25274779147658627
ALG13	6.812210735158668	-0.09049214007769515	0.8230667693184446	0.912452932215097	0.9930430668474647	-0.027916358135415754	0.6760205822629423	0.9670606150940628	0.9989208822153636	-0.06257578194227939	0.6719309023626211	0.9258016358220328	0.9941706264930981
ALKBH7	18.906375352649125	0.18989919286922688	0.6238952220106725	0.7608408875475701	0.9930430668474647	-0.08181805245121279	0.5317665930082124	0.8777194648259249	0.9989208822153636	0.27171724532043967	0.5143166088947757	0.5972860302040337	0.9739261832300296
ALOX5	10.482824482256213	1.9045680129501388	0.9434814680286968	0.043522601835642605	0.44186244345902403	1.170575933018693	0.8416293853354728	0.16427246619340863	0.9989208822153636	0.7339920799314458	0.7119788409751043	0.3025790922747216	0.8862952892362709
ALOX5AP	26.629201596336728	0.10373177252344379	0.7107612354953672	0.8839651135631581	0.9930430668474647	-0.01034558653349744	0.6095534643178316	0.9864586324876818	0.9989208822153636	0.11407735905694123	0.5983107445512126	0.8487874841078918	0.9919160079379556
AMD1	13.650924924733749	0.23378471660641675	0.905951021536649			1.0943201371711262	0.7640408895831321			-0.8605354205647096	0.7363563252199122		
ANAPC11	23.540298869341203	0.3698206781016309	0.5318921847085052	0.48687197664326576	0.9443864967003183	0.20653927439316874	0.45339083417725845	0.6487182373330316	0.9989208822153636	0.16328140370846214	0.4301193509023882	0.7042283828833966	0.9777614542981466
ANAPC13	5.8712486292834996	-0.8323490880133768	0.8912620553825229	0.35035579460333977	0.9077544252935401	0.06170774952490814	0.6677883014018983	0.9263753490876442	0.9989208822153636	-0.894056837538285	0.7517647227063301	0.23433050324416715	0.8384384813615934
ANAPC15	9.683848495413137	-0.6967380472857945	0.7820179893360459	0.3729565986107307	0.9233513498088938	-0.7976679846007784	0.642439684138668	0.21437563611826183	0.9989208822153636	0.100929937314984	0.6696720322345642	0.8802001667147575	0.9919160079379556
ANAPC16	31.74262483122602	-0.20388404745420108	0.5403913545464779	0.7059583870982009	0.9927106396179515	-0.30764037525479193	0.45806006761740065	0.5018283219232783	0.9989208822153636	0.10375632780059084	0.45573372646954347	0.8199037684101499	0.9919160079379556
ANKHD1	13.331522849383674	0.8295775647571463	0.6780803868107894	0.2211708482233644	0.8344035271393161	0.5753541036292323	0.5860362660802096	0.32621209567747655	0.9989208822153636	0.254223461127914	0.5254292963190014	0.6284997619528343	0.9777614542981466
ANKRD11	17.017755594967152	0.46637256345881584	0.6420919391117212	0.467634654689556	0.9442442286200136	-0.2844711292273749	0.5560145785503037	0.6089132706808014	0.9989208822153636	0.7508436926861908	0.5276311206236413	0.1547226356289426	0.7099105133445635
ANKRD12	18.254099135338766	1.1777869577942048	0.6618800110627713	0.07516488372711459	0.5847746253008942	0.6510218834409125	0.5803231830594969	0.2619362471905069	0.9989208822153636	0.5267650743532922	0.5193160656114748	0.31041869151417	0.8921482078950554
ANKRD17	6.309756318216892	3.868315259541274	1.2218048706126754	0.0015451555659397537	0.05461457265784586	2.0685125743384165	1.1719089177139903	0.07755038141164355	0.9989208822153636	1.7998026852028577	0.6409531261343446	0.004984870361356379	0.08795761792760955
ANKRD28	14.429446756289595	-0.6093307426731208	0.8864191923991628	0.4918262984543498	0.947054723826513	-0.3397694922208423	0.7441041005359097	0.6479474108818775	0.9989208822153636	-0.2695612504522786	0.7557684405323728	0.7213375583994774	0.9777614542981466
ANKRD44	10.602325203554452	1.1691583103308463	0.7341377184811824	0.11125894964118724	0.685120776756369	-0.045255961610798846	0.6518541645364292	0.9446501255305053	0.9989208822153636	1.2144142719416453	0.5787730994440532	0.035882515232521825	0.3424083152907311
ANKUB1	6.704966228288296	6.303977526171766	1.9242967026456719	0.0010529213951821102	0.04637713776009818	-1.788363048575577	2.195166178791098	0.41525418306331674	0.9989208822153636	8.092340574747343	1.264883050488259	1.5773620746949304e-10	3.289926612935141e-08
ANP32A	23.191176912944414	0.45509693296611775	0.540261267949993	0.39958393674742354	0.9293546056084263	0.21511316870453032	0.4628315613222375	0.6420916180598405	0.9989208822153636	0.23998376426158743	0.4367435211262469	0.5826730476162238	0.9711498888785488
ANP32B	27.566921037385573	-0.33480988674322637	0.4781981687554295	0.48383436589626183	0.9442442286200136	0.32497659486237124	0.3866445888173198	0.4006254664051434	0.9989208822153636	-0.6597864816055977	0.39417804655654265	0.09416429289095857	0.5938655188803434
ANP32E	6.7743838404515735	0.8275126277232946	0.827613827681797	0.31736968745516503	0.8843105230594555	0.8843065532697049	0.7060672013046481	0.21040970872433729	0.9989208822153636	-0.05679392554641025	0.6086160545961504	0.9256521170118687	0.9941706264930981
ANPEP	6.860519872073705	2.085030230850688	1.115626844044499	0.0616323352046683	0.5219477471902595	1.2551385392244718	1.0041989290543398	0.21133960927294249	0.9989208822153636	0.8298916916262161	0.8108093992346275	0.30605502247300465	0.8891901741132888
ANTKMT	7.726275095859537	-0.7103847681657669	0.7655485503556776	0.3534375783231567	0.9107936874340212	-0.7394671760323395	0.6119642931016511	0.2269125866207734	0.9989208822153636	0.02908240786657258	0.6544190779410023	0.9645536484543102	0.9952132068500601
ANTXR2	6.078369140955158	3.8914846330110824	1.8448374738809283	0.034910795722177514	0.3889089811384989	1.832251700392199	1.6887420949160517	0.2779304341573062	0.9989208822153636	2.0592329326188836	1.3282601560486296	0.1210638899014663	0.6486358871784983
ANXA1	174.47596220908667	-0.004576518693845072	0.46477890417194295	0.9921436309407045	0.9987011225658877	0.012693389877079962	0.4008175639387327	0.9747362189558683	0.9989208822153636	-0.017269908570925033	0.3982154334586064	0.9654079825068742	0.9952132068500601
ANXA11	16.74710934713121	-0.12547252906254425	0.5700380917300886	0.8257835131692978	0.9930430668474647	0.27964459589016266	0.4652721948907395	0.547817072446918	0.9989208822153636	-0.4051171249527069	0.46399942109431613	0.3826094778856497	0.9224426087386502
ANXA2	93.24949527185716	0.07450132761170228	0.44424329493379594	0.866816237627282	0.9930430668474647	-0.15122492358136466	0.3823583829092881	0.6924697086873943	0.9989208822153636	0.22572625119306697	0.3772428737690006	0.5496011550495059	0.9711498888785488
ANXA5	55.57491914126973	-0.5595011227431869	0.4109814517652553	0.1733942526460014	0.7873029129747589	-0.2005880967424547	0.34196497428568984	0.5574891928367387	0.9989208822153636	-0.3589130260007321	0.3483907775815112	0.302914988801806	0.8862952892362709
ANXA6	9.437637494792604	-0.05467599868825326	0.760748628674102	0.9427043242096126	0.9962366574728068	0.3260172646536487	0.6233343115955813	0.6009592714826415	0.9989208822153636	-0.38069326334190196	0.616282479617375	0.5367564490882444	0.9686312519100319
ANXA7	11.646400567659727	-0.11193035577065161	0.6472798472360133	0.8627110020533824	0.9930430668474647	-0.3346691046112975	0.5397313997157126	0.5352143178392166	0.9989208822153636	0.22273874884064593	0.536062014639873	0.677769113441441	0.9777614542981466
AOAH	20.09555494787504	0.6206414238157908	0.5729344132832904	0.2786895560096617	0.8616503227382954	-0.32963950896740424	0.4996894349383673	0.5094535744147634	0.9989208822153636	0.9502809327831949	0.4688864291147829	0.042695545343820064	0.38242635706734535
AP003086.1	8.935556562466752	6.733106156979932	1.9087924807530203	0.0004196360411806612	0.024518734406127205	-1.7956599667925228	2.1843847131127685	0.41105195439776265	0.9989208822153636	8.528766123772455	1.2433987555904313	6.922954827861952e-12	2.896697208222592e-09
AP1G1	4.446168721255578	2.36168615015126	1.162617795066747	0.04221928536186365		1.5607859928680248	1.06885805250783	0.14422497113381325	0.9989208822153636	0.800900157283235	0.7350011214197697	0.2758636406166137	0.8696706415213846
AP1M1	5.084503160263181	0.9038229357754428	0.9702771284624916	0.35158976742546166	0.9084851120388959	0.7671295331668774	0.8355164624380825	0.3585402827922669	0.9989208822153636	0.13669340260856547	0.7186949396830371	0.8491550004596695	0.9919160079379556
AP1S2	101.83468625706081	-0.7189576921630146	0.48354426240206155	0.13705448397726253	0.7403528068432124	-0.5521164169556392	0.4128161454941715	0.18107937801704654	0.9989208822153636	-0.16684127520737552	0.4161831372097892	0.6885053279161228	0.9777614542981466
AP2B1	6.803327871847926	0.16941637795763673	0.8072204731167302	0.8337642860957185	0.9930430668474647	0.07158722169372131	0.6715004447394514	0.9151000871294716	0.9989208822153636	0.09782915626391542	0.6455230348061047	0.8795417004903581	0.9919160079379556
AP2M1	19.891553207444456	-0.08013676003594931	0.5133031487786998	0.8759386298050739	0.9930430668474647	0.10581585653956348	0.42195187039539755	0.8019864655428309	0.9989208822153636	-0.1859526165755128	0.41842492293391575	0.6567454997300612	0.9777614542981466
AP2S1	57.71503333280193	0.11896341823426547	0.44596829684538375	0.789659279704694	0.9930430668474647	-0.08475298574412558	0.38216860692713517	0.8244940471488515	0.9989208822153636	0.20371640397839103	0.37408862880019805	0.5860512060783776	0.9713108878987808
AP3B1	9.073001824261029	1.0208521546049343	0.7934390928880797	0.1982278464936157	0.8208584168697507	0.3724644019095642	0.6949630365211957	0.5919941388038188	0.9989208822153636	0.6483877526953702	0.6109262100470155	0.2885448361310915	0.8816265012107973
AP3S1	18.416157912902047	-0.94903035537174	0.6748121258971189	0.1596165594615836	0.776780034028619	-0.4611361464761168	0.5499313344718982	0.40173083521614017	0.9989208822153636	-0.4878942088956232	0.578825799644722	0.3992824966264441	0.9275297455443251
APBB1IP	18.35615131179009	1.3553778924962034	0.7200502044225102	0.05979013234694433	0.5171575495749294	0.5006741653164529	0.6350466725184418	0.43045966895413623	0.9989208822153636	0.8547037271797505	0.5714496336741095	0.13473800484336226	0.6866229915228932
APEX1	10.515241260556985	-1.5103900403297215	0.7707840172836085	0.05004837706838051	0.47446524353236225	-0.918609619418675	0.5898675904736309	0.11939572675833855	0.9989208822153636	-0.5917804209110463	0.6779406743433947	0.38271275686437145	0.9224426087386502
APH1A	6.221247156086444	-0.7280681926330267	0.9057226243630845	0.42148165726499276	0.9390981761492803	0.12728352516922006	0.6912519449392333	0.8539077220368644	0.9989208822153636	-0.8553517178022468	0.7591782452366408	0.259877371054024	0.8590598895388247
APH1B	5.0841833090913555	0.24081376369632265	0.8870157337760853	0.786016043307897	0.9930430668474647	-0.43619845476274843	0.7559009938321417	0.5639005085496256	0.9989208822153636	0.6770122184590711	0.7223693964232398	0.34865026465414695	0.9151923174089035
APLP2	75.4336716986793	0.016585164667752228	0.3914264057149883	0.9662028720328608	0.9964726730517024	0.09682470877553463	0.3335044462439334	0.7715675450786051	0.9989208822153636	-0.0802395441077824	0.3278765170012593	0.8066694555709758	0.9919160079379556
APOBEC3A	35.64040649312945	-0.2013769321456745	0.856869801199837	0.8141973845706152	0.9930430668474647	0.02087753398013041	0.735292142434637	0.9773482904273109	0.9989208822153636	-0.2222544661258049	0.7320513782579725	0.7614288341124434	0.9809070145248762
APOBEC3C	7.959682788658085	0.3871410476673405	0.7143261591502396	0.5878413916753564	0.9671367302673034	0.16728904376718962	0.6021061985628734	0.7811353656237987	0.9989208822153636	0.21985200390015086	0.5616270416970724	0.695460562959975	0.9777614542981466
APOBR	5.979612606297387	0.882712108088607	1.039406099780034	0.3957440816476778	0.9293546056084263	0.8657996894339094	0.8960348075356087	0.33391571737536085	0.9989208822153636	0.016912418654697624	0.7934952668500362	0.9829953161939443	0.9983813298387192
APOL6	6.799225390865036	-2.136928741234297	1.2783697187225251	0.09460231109598286	0.6443023377978653	1.246720251692942	0.7177034996617353	0.08237013551101445	0.9989208822153636	-3.3836489929272395	1.1486386074951962	0.003221302325743218	0.062197258716619144
APP	7.845534189414181	0.03425835023049241	0.83040558011288	0.9670926380007828	0.9964726730517024	0.3457047174362696	0.685392222514359	0.6139876161739128	0.9989208822153636	-0.3114463672057772	0.6701605111657446	0.6421219653190641	0.9777614542981466
APPL1	8.828570992264153	-0.07911173420340334	0.7270858895724991	0.9133558990581802	0.9930430668474647	0.17699823289798874	0.5894707714821703	0.7639740037396471	0.9989208822153636	-0.2561099671013921	0.5869572081971166	0.6625936993248938	0.9777614542981466
APRT	52.809081304134075	-0.09377014250267464	0.5338026668835739	0.8605575795434272	0.9930430668474647	0.2544621027134986	0.45448621379363024	0.5755547455367815	0.9989208822153636	-0.34823224521617324	0.449770234946915	0.4387860667044461	0.954365942691012
AQP9	24.840931008295183	1.9995086891241751	0.6140250726082922	0.0011283632412251617	0.04778371683733958	0.4344821204963707	0.5517524282475581	0.4310135331440298	0.9989208822153636	1.5650265686278044	0.4773147765883904	0.0010424416721991545	0.025470168678073113
ARAP1	6.201934308515337	2.268581046055835	1.0291104217438314	0.027495540703497735	0.33640911553040176	1.8132622361954938	0.939037462012419	0.05348556821588357	0.9989208822153636	0.455318809860341	0.6544281875251837	0.48658502554597527	0.9686312519100319
AREG	94.9329532781664	-0.023747491023315734	0.7539637450429723	0.9748732957316272	0.9964726730517024	0.3353159248093098	0.6502584970234037	0.6060879987783991	0.9989208822153636	-0.3590634158326255	0.6469669740351169	0.5788981014896042	0.9711498888785488
ARF1	35.77844931462521	0.2190597179247341	0.4794519974635778	0.6477457720872242	0.9756318293502411	0.13061199580518418	0.408588532062481	0.7492212876190489	0.9989208822153636	0.08844772211954992	0.39488562596711946	0.8227704229398253	0.9919160079379556
ARF3	9.744755574934757	-0.6348516442345158	0.7561417082512304	0.401136359111814	0.9303447963011624	0.14577612275398355	0.5879937609933025	0.8041953714690846	0.9989208822153636	-0.7806277669884994	0.6312639649262394	0.21623164945628504	0.8074122972024965
ARF4	15.528709989833805	0.2867765437333937	0.6624461373266423	0.6650834598907387	0.9780705608686049	0.1905616755795788	0.563620327438775	0.7352856340256102	0.9989208822153636	0.09621486815381487	0.5397813105543369	0.8585283178471471	0.9919160079379556
ARF5	14.24431915231535	0.6721975294270499	0.6334164735175876	0.28858756562668275	0.8706282406630059	0.1312226564371429	0.5478417546605809	0.8106972960532672	0.9989208822153636	0.540974872989907	0.5024323914413203	0.281609049357171	0.8772705166973347
ARF6	22.162971930737744	-0.6650216119735185	0.5757266765051502	0.2480496717253241	0.8444306898330594	-0.3246587135285124	0.4725187558886445	0.49203161429895037	0.9989208822153636	-0.3403628984450061	0.48885243550672725	0.48627306091823275	0.9686312519100319
ARFGEF1	7.328120729121614	0.8407231940997287	0.7816936739312282	0.2821442646149548	0.8632854553136564	-0.39385572924116996	0.6906284419665549	0.5684837371690248	0.9989208822153636	1.2345789233408988	0.6235080848515159	0.047697597115070545	0.40782294907910893
ARGLU1	21.929541270236196	-0.021800562568034115	0.5339643811287834	0.9674332190258034	0.9964726730517024	0.3534253494482293	0.4413918130304319	0.42330150561033075	0.9989208822153636	-0.37522591201626343	0.4341050567229242	0.38738653461410133	0.9224426087386502
ARHGAP15	13.219056819820514	3.362759418840921	0.7528455762601227	7.94235274795833e-06	0.0020041167057090626	0.5969947555754416	0.7210218910433599	0.4076794306914071	0.9989208822153636	2.7657646632654798	0.4852755390948211	1.2025125257786175e-08	1.3004950278790975e-06
ARHGAP24	14.53023678802368	1.9508575632181127	0.726063374832811	0.007211917023232553	0.15294606250010964	-0.7859140908317888	0.6677065286808379	0.23918145502044108	0.9989208822153636	2.7367716540499014	0.5860593389015447	3.0151376730914286e-06	0.0001726314118711171
ARHGAP26	35.47361993375761	3.769507816350611	0.736773995650172	3.1169711958763546e-07	0.00022309721334485007	0.295013954933102	0.678849542951292	0.6638678274670191	0.9989208822153636	3.474493861417509	0.5636746782956695	7.092744251752296e-10	1.0900428007956159e-07
ARHGAP30	7.752371008431232	0.9336613341648262	0.8541724786791368	0.2743676807031721	0.8594258942872586	0.7340819039112448	0.7395721584903874	0.3209164084990134	0.9989208822153636	0.1995794302535814	0.649005686857193	0.7584508839277406	0.9809070145248762
ARHGAP45	7.758366033925893	-0.2796141957037397	0.7424709308369858	0.7064712450014097	0.9929441209813626	-0.336761626019652	0.6058264402524197	0.5782987319403212	0.9989208822153636	0.05714743031591234	0.6165007238718403	0.926144715051642	0.9941706264930981
ARHGDIA	19.064598017451967	0.04353248411452162	0.6880898661558412	0.9495549318524328	0.9962366574728068	0.16909699498005454	0.5829648965687693	0.7717674530588383	0.9989208822153636	-0.1255645108655329	0.5707975921519924	0.8258861079679318	0.9919160079379556
ARHGDIB	116.71878070760245	0.14758314793326482	0.39724733658138806	0.7102543537588792	0.9930430668474647	-0.1370407175822938	0.342331532613963	0.6889239401445112	0.9989208822153636	0.2846238655155586	0.3370428199968022	0.39840464070629455	0.9275297455443251
ARHGEF40	11.604741746932362	0.37421159533886544	0.7485024289050929	0.6171123484085892	0.9747465964778875	0.018346264638931412	0.6413227966957528	0.9771780995741466	0.9989208822153636	0.35586533069993403	0.6102137907093561	0.5597711932926672	0.9711498888785488
ARID1A	13.417949424127697	-0.8305109465891725	0.6718988723653584	0.21643425578581565	0.8306317350064212	-0.20152767834703902	0.5281579135742587	0.7027824985648351	0.9989208822153636	-0.6289832682421335	0.5705943537964245	0.2703182359222679	0.8666888920632344
ARID1B	11.870596893883445	0.9025547820655626	0.6718917172892043	0.17917358118814586	0.8003841758707272	0.18865944840552704	0.5871850110373645	0.7479870512516253	0.9989208822153636	0.7138953336600355	0.5250531943839182	0.17393663271009618	0.7438319754155864
ARID4A	10.97393281531376	0.07175993263676803	0.7740158733701477	0.9261330070323714	0.9957340452911454	-0.0457110265462647	0.6525280445513502	0.9441521102719472	0.9989208822153636	0.11747095918303271	0.6359716075821349	0.8534557085478857	0.9919160079379556
ARID4B	17.334221544848415	1.3525354788743518	0.5847585328283714	0.02072367412380176	0.2890015550385356	0.1476653338632978	0.5215102887123904	0.7770623020976225	0.9989208822153636	1.2048701450110537	0.45274350165761784	0.00778478094453435	0.12155914629968076
ARIH1	13.70471979927013	2.2850260222254697	0.8104354071509058	0.004809790377170993	0.1166985580494962	0.42494514101477543	0.7353032738800662	0.5633193502877016	0.9989208822153636	1.8600808812106946	0.6194550449453701	0.0026753474324887868	0.053142955801818076
ARL15	5.131367222202915	3.9713270426207647	1.2240770027293584	0.0011772142568303964	0.04778371683733958	0.47685834109971265	1.2092157168338855	0.6933201360877759	0.9989208822153636	3.494468701521052	0.7017885271031662	6.378972356102881e-07	4.049260713004438e-05
ARL2	6.105339836289342	-0.5206846980049006	0.7385210725688466	0.48078719673508874	0.9442442286200136	-1.0825866409817226	0.6005370575080384	0.07143573797369908	0.9989208822153636	0.5619019429768222	0.633181374401326	0.37484931122870013	0.9224426087386502
ARL3	5.105694609646394	-1.103983658771291	0.8583907262369832	0.19840517795105395	0.8208584168697507	-0.8319051954946651	0.6417669557780387	0.1948814373237382	0.9989208822153636	-0.27207846327662594	0.7485059976752174	0.7162348722453533	0.9777614542981466
ARL4A	47.870003166186585	-0.9268859213482339	0.6554918618346988	0.15735275206521426	0.7752612178129458	-0.5712301814095434	0.5559082006332859	0.30415587393854604	0.9989208822153636	-0.3556557399386905	0.5648992924407663	0.5289619475889917	0.9686312519100319
ARL5A	13.159854856138608	-0.7202347702994952	0.6224287841087471	0.2472167895172792	0.8444306898330594	-0.11886248110912659	0.48655337189362036	0.8070024747893136	0.9989208822153636	-0.6013722891903687	0.5247839314105549	0.2518188823260066	0.8538097912004194
ARL5B	19.10432889822647	-1.1257233203416752	0.8538810916890879	0.1873829118650986	0.8079477058279777	-0.3547396192421032	0.7069846663402871	0.6158333749133038	0.9989208822153636	-0.770983701099572	0.7353609113778382	0.2944347381131568	0.8862952892362709
ARL6IP1	21.93667977723477	0.022100428936198215	0.5699737563869555	0.9690702014442828	0.9964726730517024	-0.12619755952289632	0.48280736936574475	0.7937972918508627	0.9989208822153636	0.14829798845909456	0.4730826969047005	0.7539223964543095	0.9809070145248762
ARL6IP4	43.220567351785384	-0.3465210309034664	0.4626537495128279	0.4538658394863009	0.9440800184231919	-0.27065616526750635	0.38908617614192026	0.4866667742434876	0.9989208822153636	-0.07586486563596005	0.39071968711658334	0.8460451290119995	0.9919160079379556
ARL6IP5	40.14579227134958	-0.6374261290294269	0.5177072547326602	0.21823004656154066	0.8344035271393161	0.09095474588010162	0.42815677179684525	0.8317690272781533	0.9989208822153636	-0.7283808749095284	0.43841647076009455	0.09663508328127145	0.6007036326691213
ARL8B	12.256524245711757	0.664582079055248	0.6074511764616898	0.27393296349308593	0.8594258942872586	-0.25210099874571784	0.5295054609001975	0.6339984970142918	0.9989208822153636	0.9166830778009659	0.48461259784109734	0.058547078290511124	0.4546001672386568
ARMCX3	7.415476382236457	-0.6186452150639906	0.9395552943994556	0.5102524127304707	0.9511556287703195	0.7521923318151359	0.7207921230115697	0.29668739954443557	0.9989208822153636	-1.3708375468791267	0.775953208283739	0.07728690253655213	0.5306873422321944
ARPC1B	108.8647048165962	-0.2602798087402306	0.46614411548571427	0.5765933373260288	0.9665616667306404	-0.21090234431483162	0.3999024629041537	0.5979266330544017	0.9989208822153636	-0.04937746442539896	0.3986757954242229	0.9014311284076214	0.9933939763059726
ARPC2	134.93885300578015	-0.08452357579899307	0.3421033752170312	0.8048538359892299	0.9930430668474647	-0.1712294141197569	0.29310906836696715	0.559097015866928	0.9989208822153636	0.08670583832076383	0.2902936083307161	0.765181738731632	0.9809070145248762
ARPC3	165.15716047181868	-0.06461601326301604	0.37528936150955516	0.8632987628070927	0.9930430668474647	-0.03314556373480825	0.3224965489724098	0.9181391332009818	0.9989208822153636	-0.03147044952820779	0.31986609661640814	0.9216255335851276	0.9941706264930981
ARPC4	31.575848782994743	-0.11897460910360719	0.44416854947239787	0.7888077403228065	0.9930430668474647	0.040895601909351216	0.36882818188964905	0.9117116493171469	0.9989208822153636	-0.1598702110129584	0.36609267614426666	0.6623338044168445	0.9777614542981466
ARPC5	100.25695817008534	-0.24472996753729684	0.4489148913481849	0.5856442066479097	0.9671367302673034	-0.0357071419218494	0.38395905718504836	0.9259057345767777	0.9989208822153636	-0.20902282561544744	0.38251846894997826	0.5847645385737366	0.9711498888785488
ARPP19	6.618070845943376	-0.06808018899650002	0.802602621801453	0.932401090973106	0.9962366574728068	0.494191348367356	0.637684138742402	0.43835250212561905	0.9989208822153636	-0.562271537363856	0.6372985572795873	0.3776290008125329	0.9224426087386502
ARRB2	31.73431600915056	0.19357363247025108	0.45485011735970277	0.6704162884623758	0.9780705608686049	-0.020066187700441544	0.3864521614651139	0.9585891566707826	0.9989208822153636	0.2136398201706926	0.3729674413591284	0.566772730005647	0.9711498888785488
ARRDC3	13.157557495644172	-0.6011591914120403	0.7885312723829606	0.44583420798537443	0.9440800184231919	0.4429080590390551	0.6351748959847899	0.48561447302544924	0.9989208822153636	-1.0440672504510955	0.6597027419743654	0.11350516477492477	0.636577150172287
ASAH1	70.48265732866055	-0.5823683599325299	0.3634939868384074	0.10912459124932226	0.6791819668408905	-0.5252066540229082	0.3045201774132049	0.08458113418735007	0.9989208822153636	-0.05716170590962166	0.30989898515267644	0.8536583268853886	0.9919160079379556
ASAP1	14.594347097285143	2.218721907825924	0.6765443923803083	0.0010399416659347305	0.04637713776009818	0.550870658131028	0.6199600620134108	0.37424051096001953	0.9989208822153636	1.6678512496948963	0.4901148441751701	0.0006665504144014777	0.01802154824122514
ASGR1	25.836489042274888	-0.3283777028262914	0.5547923470082674	0.5539222461594897	0.965058301207955	-0.21121574506284638	0.4635425705593108	0.6486376903476234	0.9989208822153636	-0.11716195776344505	0.46625246217771293	0.801594255933915	0.9919160079379556
ASGR2	7.709003678508086	-1.3496272630643065	0.8562770085211872	0.1149895549820397	0.689576712070143	-0.4081808072048917	0.6419550742370944	0.5248806188257239	0.9989208822153636	-0.9414464558594146	0.7445871430548067	0.2060910834591596	0.7949616429336143
ASH1L	11.359977150559244	1.882260492506329	0.7435550902210767	0.01135972564304682	0.19952696022112296	0.6445742228643034	0.6729113991336019	0.3381188869721701	0.9989208822153636	1.2376862696420257	0.5432314301846313	0.02270409557342452	0.25896859013437346
ASPH	9.451602361480504	0.6720943826890268	0.8628969297525455	0.4360495720185199	0.9434000864669367	-0.17965754557622313	0.7519585276029386	0.8111680147316077	0.9989208822153636	0.8517519282652499	0.7043359790350114	0.22654846757040603	0.8277745299967665
ATF3	26.886052234532002	0.02582073687440385	0.8339732413447316	0.9753005548879483	0.9964726730517024	1.044981727722534	0.7076246005472169	0.13974376328098567	0.9989208822153636	-1.01916099084813	0.6958658595211783	0.14303170890244504	0.6995855778813057
ATF4	19.043056056086996	-0.2695971193410223	0.6091835907388877	0.6580877879070264	0.9756318293502411	-0.10510626276577481	0.5067092552678021	0.8356747305479317	0.9989208822153636	-0.16449085657524753	0.5085967141479918	0.746376429665407	0.9803559971046334
ATF6	8.274222514461629	1.89850696617601	0.8222989065409215	0.020955812871089	0.28983812681124543	0.9798438322241287	0.743797546306738	0.18772037100692562	0.9989208822153636	0.9186631339518812	0.5762080777570694	0.11086318708250234	0.6329429310729375
ATG12	12.603783809425117	0.13981532109854794	0.5825752501208995	0.8103339013028598	0.9930430668474647	0.03329252200365033	0.4842753155567635	0.9451909290180006	0.9989208822153636	0.10652279909489762	0.4674558779024725	0.8197412715986371	0.9919160079379556
ATG16L2	10.297718327589713	0.7251552635802803	0.655951121398586	0.2689421368695827	0.8564864714767688	-0.03180581223549208	0.5700932877001698	0.9555086713834131	0.9989208822153636	0.7569610758157723	0.5140392878042995	0.14086584237783265	0.6993501713635804
ATG3	22.021487412610625	0.4272411378645358	0.5201972609006543	0.41147198403023344	0.9327349883440683	0.4302279469899698	0.4414882187775862	0.32981094955327284	0.9989208822153636	-0.0029868091254339757	0.414122863831259	0.9942454077413329	0.9996889679060499
ATG7	9.328612732938037	3.1488955685004067	0.7801532905620246	5.431179306104838e-05	0.005759061612362278	0.43135943966446694	0.7537978939632161	0.5671538808384693	0.9989208822153636	2.71753612883594	0.4855834809501119	2.188049749380921e-08	2.1594830691708026e-06
ATM	9.945989419981432	0.13955176535077798	0.7804322783104115	0.8580842068910246	0.9930430668474647	0.5766127518971688	0.6477738329865876	0.37338793871919984	0.9989208822153636	-0.4370609865463908	0.6255378261632384	0.4847418248563855	0.9686312519100319
ATOX1	23.409772236057577	-0.3628475925373992	0.5515565349026108	0.5106273843590573	0.9511556287703195	-0.3578595692613769	0.4602089499780873	0.43680346462148	0.9989208822153636	-0.004988023276022247	0.46459628115761153	0.9914338739554727	0.9996889679060499
ATP11B	7.497091469273823	2.040777679186602	0.8234743899890513	0.013202757841187856	0.21595031359564995	-0.3989084043489508	0.7682204139130532	0.6035773808986651	0.9989208822153636	2.439686083535553	0.6242277789242541	9.293758366051919e-05	0.00339222180360895
ATP13A3	18.938988203056436	2.1454175347680593	0.7629531542804915	0.004923585455865877	0.1184556736146555	0.3853741224846247	0.6857120275484802	0.5741120814582339	0.9989208822153636	1.7600434122834345	0.5987387822795064	0.003286523437303338	0.06272319239820749
ATP1A1	17.32733592527043	-0.7502155072497737	0.5962986569573396	0.20834821518762858	0.8238963260803599	0.30002711976376917	0.46192844840276714	0.5160088223513795	0.9989208822153636	-1.0502426270135428	0.5000484223907617	0.03570405467244068	0.3424083152907311
ATP1B3	40.63736113257138	0.6249268198409629	0.5364813395511536	0.2440747866988363	0.8435191009508414	-0.34653246895988793	0.4674111410693005	0.45845892133298094	0.9989208822153636	0.9714592888008509	0.44896351008345464	0.030481062499545797	0.30904410589817266
ATP2A2	6.271301849816351	2.1064526608435945	1.0533330886057295	0.04552215686109748	0.4509686335409069	1.438655082792503	0.9525147902929528	0.1309476150848383	0.9989208822153636	0.6677975780510914	0.7298576486931108	0.3602075772513852	0.9224426087386502
ATP2B1	46.89204099822559	2.95283159289916	0.7341396437606329	5.766536640505524e-05	0.005896283714916899	0.5889128422208421	0.6549177241536928	0.3685373382210778	0.9989208822153636	2.363918750678318	0.5934048952088001	6.78641567937202e-05	0.002674624093576521
ATP2B1-AS1	64.17415189969218	0.07978091428724161	0.6681234492195132	0.9049501914511244	0.9930430668474647	-0.1445638416937723	0.5764311650845181	0.8019755749747006	0.9989208822153636	0.22434475598101392	0.5709263889954858	0.6943574054163311	0.9777614542981466
ATP5F1A	24.077769277662032	0.6644788064530157	0.5891095423152269	0.25934627079966766	0.8468310989941064	0.9358680077163669	0.5040617166486154	0.06336045095059205	0.9989208822153636	-0.2713892012633513	0.4651227047241773	0.5595710770671796	0.9711498888785488
ATP5F1B	27.48037100265356	-0.30201378925204353	0.46919733535837643	0.519781788843801	0.955770880834812	-0.15279026043347346	0.3871301955269299	0.6930834215162357	0.9989208822153636	-0.14922352881857007	0.39107289265894507	0.7027768397530656	0.9777614542981466
ATP5F1C	25.227321866485923	-0.23881407378287595	0.5075443477122908	0.6379774869168919	0.9747465964778875	0.0520368198366093	0.4193966941862412	0.9012555619063015	0.9989208822153636	-0.29085089361948524	0.420828126964106	0.4894779505239192	0.9686312519100319
ATP5F1D	56.242720407508834	-0.19277775183562934	0.5299415282768417	0.7160284671443323	0.9930430668474647	-0.160945002024412	0.4527230623983817	0.7222118131386459	0.9989208822153636	-0.031832749811217316	0.45009135060017263	0.9436165544990547	0.9944788766041077
ATP5F1E	302.50553000393796	-0.38965516955840446	0.37242768664490794	0.29544227430425074	0.87543166114067	-0.18321591440231538	0.32043508781068425	0.5674762303259013	0.9989208822153636	-0.20643925515608905	0.3203293805598274	0.5192776279353859	0.9686312519100319
ATP5IF1	27.04845857772332	-0.057567417817953444	0.48163442525538686	0.9048593310167077	0.9930430668474647	-0.045637835014069726	0.40301183240048244	0.9098387594255307	0.9989208822153636	-0.011929582803883721	0.39747212220057576	0.9760561797041327	0.9970336754318065
ATP5MC1	20.751170971021903	0.636264960375326	0.6205648523001499	0.305221794668604	0.8836419566191195	-0.015951305333285464	0.5386602769625066	0.9763757587285173	0.9989208822153636	0.6522162657086115	0.5071222443509014	0.198403796597875	0.7786545428599128
ATP5MC2	127.37483387011997	0.08355972756430052	0.43647614273477664	0.848179565241401	0.9930430668474647	0.15432908870945522	0.3755640251677304	0.6811266678680916	0.9989208822153636	-0.07076936114515468	0.37108253327856344	0.848752357644326	0.9919160079379556
ATP5MC3	40.70301973252505	0.30499163758576725	0.5140528083556085	0.552975053698483	0.965058301207955	0.2949808172802034	0.4402874930712998	0.5028748795379835	0.9989208822153636	0.010010820305563821	0.4253620335722618	0.981223661181913	0.9983332368471766
ATP5MD	43.81986705854974	-0.44406436887487216	0.4498173999167058	0.3235395550095568	0.8878304060579073	0.06414121313814844	0.3726794124834115	0.8633524024203554	0.9989208822153636	-0.5082055820130206	0.37803145872021593	0.1788360973031402	0.7517237854220555
ATP5ME	63.629393917257005	-0.3537675413408377	0.48451055373529606	0.46529577599234373	0.9442442286200136	-0.22347952227876847	0.41225906228127923	0.5877598371009068	0.9989208822153636	-0.13028801906206924	0.41242133817780463	0.7520708322625208	0.9809070145248762
ATP5MF	48.400763190264364	-0.1081742697126991	0.44195542357466866	0.8066400593072597	0.9930430668474647	-0.05084025891095949	0.3741544757296333	0.8919158322152356	0.9989208822153636	-0.05733401080173961	0.370138318103487	0.8769010368717388	0.9919160079379556
ATP5MG	160.93283628883475	-0.19637353701330443	0.4359075506975577	0.6523546088577439	0.9756318293502411	-0.24234865240728898	0.3751972454187874	0.5183290127953277	0.9989208822153636	0.04597511539398454	0.3737564034638442	0.9021005771525766	0.9933939763059726
ATP5MPL	113.46065269686176	-0.5290260463879634	0.5299382268653993	0.31814423120186763	0.8843105230594555	-0.34530179182790166	0.45464808389896744	0.44755802258119715	0.9989208822153636	-0.18372425456006175	0.45573557958912014	0.6868468290160923	0.9777614542981466
ATP5PB	35.71008807879439	-0.6067947333035635	0.5089352651570906	0.2331503992550339	0.8377005764365608	-0.23187799262166392	0.4224824932962976	0.5831108692194911	0.9989208822153636	-0.3749167406818996	0.43198689600101614	0.3854550183422629	0.9224426087386502
ATP5PD	36.878683352483385	0.37852701924217425	0.4613368848794266	0.41193099930916754	0.9330367492263819	0.20933510703623975	0.39473470058384275	0.5958911348689944	0.9989208822153636	0.1691919122059345	0.37633545628014337	0.6530151941297335	0.9777614542981466
ATP5PF	41.292251052229524	0.02753181358128303	0.4544972923710077	0.9516965624128978	0.9962366574728068	-0.325907676046409	0.3880624092970026	0.401001943156053	0.9989208822153636	0.35343948962769206	0.3807394185237629	0.3532532170610604	0.9152612190046995
ATP5PO	51.18058734430207	-0.15478994569687762	0.4892442425294718	0.7517096710974921	0.9930430668474647	-0.27770701019552535	0.41742429112647805	0.5058668583212559	0.9989208822153636	0.12291706449864775	0.4141887895503913	0.766645322950934	0.9814135655487625
ATP6AP1	11.94886056898468	-0.8513081747269879	0.6615133582615891	0.19812564945362854	0.8208584168697507	-0.29401121901277494	0.5152710289364656	0.5682740161576292	0.9989208822153636	-0.5572969557142131	0.5629743128180148	0.32221545974752686	0.8960941443149695
ATP6AP2	30.730219630140088	-0.688284622464836	0.45319339689557653	0.12882701882206632	0.7323089925805295	-0.2875368038686594	0.36639771087719525	0.4325902373154642	0.9989208822153636	-0.40074781859617664	0.38401816656324295	0.2966868129357867	0.8862952892362709
ATP6V0B	69.33324697117331	-0.21685865085381645	0.40833471602753824	0.5953629189046213	0.9671367302673034	-0.4889033255905622	0.34859585720589376	0.16076801428509013	0.9989208822153636	0.27204467473674576	0.3468748140751137	0.43287972959121235	0.9482436687219354
ATP6V0C	86.52681091285729	0.3599145969805991	0.41226020221614457	0.38264795213700453	0.9257411016933377	0.22919174051673624	0.3550868027555671	0.5186338521102865	0.9989208822153636	0.13072285646386284	0.3450334319194355	0.7047843165227956	0.9777614542981466
ATP6V0D1	24.448444356675356	0.1822432339015406	0.5249809238925296	0.7284842037630417	0.9930430668474647	0.5553437543755362	0.43929260935230474	0.20616638870108306	0.9989208822153636	-0.3731005204739955	0.42289191141921445	0.3776363464712962	0.9224426087386502
ATP6V0E1	94.43518424565777	-0.22013421082630005	0.4799446729315259	0.6464741718249318	0.9756318293502411	-0.40004566231458555	0.41237653736968694	0.3319976359601471	0.9989208822153636	0.17991145148828547	0.410695011277398	0.6613385626822348	0.9777614542981466
ATP6V1A	12.07644308092212	0.42273481648625016	0.613297860722007	0.4906461918906574	0.947054723826513	0.5088152303926246	0.5138458798134061	0.3220715791891665	0.9989208822153636	-0.0860804139063744	0.4758693340930218	0.8564532418243935	0.9919160079379556
ATP6V1B2	23.989425989760573	-0.5132585681909777	0.5293030062867426	0.3322022271739321	0.8913583262222409	-0.25454263141022215	0.4347908114072418	0.5582539112357385	0.9989208822153636	-0.25871593678075555	0.44620885920149145	0.5620433908862236	0.9711498888785488
ATP6V1D	9.942880479376345	0.4595623012002155	0.6588240019330257	0.48545902205467995	0.9442442286200136	0.04297746113159919	0.5609797382230997	0.938932664173781	0.9989208822153636	0.41658484006861635	0.5197587380735433	0.4228442353455787	0.9425245363634882
ATP6V1E1	12.066167457759981	0.9446326667368707	0.6249263481878402	0.13063809616401448	0.7333664104266145	0.6683853247439062	0.5409431237107417	0.21661003394914558	0.9989208822153636	0.2762473419929645	0.4650441766936165	0.5524961472378496	0.9711498888785488
ATP6V1F	54.33815573399547	0.11636491787751012	0.4346863493190526	0.7889313439586004	0.9930430668474647	-0.11169803883563255	0.37208232887210363	0.764026811359991	0.9989208822153636	0.22806295671314264	0.3637628574576812	0.5306887071294903	0.9686312519100319
ATP6V1G1	65.65148379458704	-0.3769307181904042	0.5097562842555045	0.45964399127431954	0.9440800184231919	0.08821526195589788	0.4327504510318948	0.8384723755949913	0.9989208822153636	-0.46514598014630204	0.43326899267055896	0.28301401327802456	0.8780690824639584
ATP6V1H	5.967830443272433	1.5720149066405642	1.1119305847704335	0.15742923235940198	0.7752612178129458	0.8369920598799426	0.9872707924850985	0.39655845678271473	0.9989208822153636	0.7350228467606216	0.8454803158635956	0.3846527900237372	0.9224426087386502
ATRAID	13.206823571536866	-0.14411677970522327	0.577343287421229	0.8028807637731732	0.9930430668474647	-0.13775109442345798	0.4711974163474521	0.7700246636331368	0.9989208822153636	-0.006365685281765274	0.4725975166625706	0.9892531631082117	0.9996889679060499
ATRX	17.421661729788674	0.29762374566216876	0.6054082651077668	0.6229962541654901	0.9747465964778875	0.43813354476048527	0.5102431555454049	0.39051930272466084	0.9989208822153636	-0.14050979909831648	0.48523083941009343	0.7721428476227241	0.9838015061805645
ATXN1	10.909608033014996	2.5209795119034712	0.7606105812422468	0.0009183492691328568	0.043102196025038834	0.6680205396166589	0.70660686876104	0.3444587425007516	0.9989208822153636	1.8529589722868125	0.5252217602498266	0.0004187826296957551	0.012351972512238433
AUP1	10.025886068634993	-0.5464182754577457	0.6472436601622362	0.39854455325384486	0.9293546056084263	-0.14705418391351166	0.5059136957385703	0.771303339979605	0.9989208822153636	-0.399364091544234	0.5402367022540022	0.4597618243712942	0.9611401237492433
AURKAIP1	23.957444668237343	0.3223891792995671	0.5961332919713956	0.5886451017154005	0.9671367302673034	-0.011542982053346163	0.5118607391220993	0.982008413807787	0.9989208822153636	0.33393216135291326	0.4925754712181612	0.4978154697248067	0.9686312519100319
AVPI1	4.930825904774646	1.6321151593389582	1.1964855676232555	0.17253893622220495	0.7865907235735234	1.1802708310915204	1.0640444104281348	0.2673306294491504	0.9989208822153636	0.45184432824743787	0.8692289073364768	0.6031876287905009	0.9768762485126248
AZI2	21.377173808065944	-0.5843581521553819	0.5938277996396145	0.32508935131020955	0.8878304060579073	-0.6241956961007514	0.4948268650308285	0.20714942172605177	0.9989208822153636	0.03983754394536952	0.5061570609567211	0.9372665573576738	0.9944788766041077
AZIN1	14.989383245314366	0.5323345018236731	0.6386753305588303	0.4045640213965056	0.9303447963011624	-0.11918152232352813	0.5523205001063692	0.8291566915240998	0.9989208822153636	0.6515160241472013	0.5183088612967077	0.2087523881807931	0.7965459751492505
AZIN1-AS1	14.911860007464014	1.3414526775181717	0.8423632757580842	0.1112752920683589	0.685120776756369	-0.01501151567246794	0.7451435019493201	0.9839270604584603	0.9989208822153636	1.3564641931906396	0.685058830244792	0.047695703737809604	0.40782294907910893
B2M	1878.6293070375793	-0.722614772402855	0.5323373904858435	0.17464221827631565	0.7874026313780973	-0.49201102679187286	0.46072258186302445	0.28556035297540605	0.9989208822153636	-0.23060374561098207	0.4608647419717557	0.6168132676501672	0.9777614542981466
B4GALT1	19.447530260269946	0.33917840973894225	0.6801081357259284	0.6179819568614903	0.9747465964778875	-0.6305403150404573	0.5905199664920483	0.28562365447710647	0.9989208822153636	0.9697187247793995	0.5711579228036081	0.08954326699427924	0.5784653531488836
B4GALT5	9.199683896745475	2.2143274173918512	0.8157534939953704	0.006638460744732874	0.14626261575194976	0.2944917293442378	0.7509845519539465	0.6949541371404488	0.9989208822153636	1.9198356880476135	0.5975806169368965	0.001315024168928569	0.030446717531411045
BABAM2	7.606232346415555	0.9898633096883502	0.7029117318681025	0.15906216645703508	0.776780034028619	-0.8688254931992415	0.6375002376370696	0.17292568814078246	0.9989208822153636	1.8586888028875914	0.5628030868675253	0.0009580789995359852	0.023799073760560223
BACH1	18.179738287715328	1.6324467451349052	0.6634906273568308	0.013878550270862145	0.22322634508695685	0.6044022207376029	0.5909638276347545	0.3064308929834614	0.9989208822153636	1.0280445243973024	0.5120492349858005	0.044674500518824316	0.3925708165274477
BAD	4.686425206168345	0.47278030850336156	0.9811318005867072	0.6298966132389345		0.6576873868921446	0.8200916927869814	0.42257140402202276	0.9989208822153636	-0.18490707838878306	0.7510181355561665	0.8055208053332439	0.9919160079379556
BAG1	9.61229194138818	0.30614213808294394	0.6923767978230294	0.6583725792192336	0.9756318293502411	0.40145094359460654	0.576665277543332	0.4863290212907335	0.9989208822153636	-0.09530880551166258	0.5432976485512853	0.8607445186314083	0.9919160079379556
BAG3	18.930974778738634	1.499375895547906	1.9131335298894165	0.4331998579544273	0.9403836536671231	2.192263010371514	1.6629355852797858	0.1874002169170247	0.9989208822153636	-0.6928871148236079	1.607431676776791	0.6664303458064526	0.9777614542981466
BANF1	12.535134966665131	-0.06575857529725777	0.6583327117414258	0.920434404174328	0.9944164902456984	0.8560199843361889	0.5238671824319168	0.10225043042794313	0.9989208822153636	-0.9217785596334466	0.5217266231019586	0.07726430986860726	0.5306873422321944
BASP1	39.64855433273849	1.2569971302317777	0.709030908017653	0.07625550948335827	0.588462327899878	-0.3975762333715386	0.6221378712665291	0.522791423050323	0.9989208822153636	1.6545733636033162	0.597579671321482	0.005626467242905474	0.09334820653002263
BAX	27.006914882769195	0.6199770435913462	0.5189038580217703	0.23217217389095224	0.8377005764365608	-0.1267294271198814	0.4508939992684392	0.7786624077152009	0.9989208822153636	0.7467064707112275	0.4241026893423949	0.078293638826746	0.5341528630235942
BAZ1A	22.87248904912815	1.0840782051171447	0.5780671458837918	0.060744592957474024	0.5191517028584626	0.4921130231519003	0.5062655862719669	0.33102807232109366	0.9989208822153636	0.5919651819652444	0.45564923256023854	0.19388607005351854	0.7758474572596418
BAZ2B	12.773406314952483	0.4384593229873985	0.6655656111363472	0.5100389726905756	0.9511556287703195	0.29023956188599564	0.5663090883564542	0.6082935167799681	0.9989208822153636	0.14821976110140284	0.5303761846077386	0.7798906264826961	0.9838015061805645
BBX	7.792659972910553	0.37776983427611355	0.767318596297759	0.6224898800927063	0.9747465964778875	0.6872776008931679	0.6367206380468649	0.28040851024753843	0.9989208822153636	-0.30950776661705437	0.5918895150319647	0.601033569266807	0.9762877017680395
BCAP31	15.477716252203694	0.17420758076521506	0.5442818149445254	0.7489162414371318	0.9930430668474647	-0.26214646447985074	0.4603707557256128	0.5690679805782088	0.9989208822153636	0.4363540452450659	0.443393718580507	0.3250549410614394	0.8967196287428852
BCAS2	8.905188227374909	-1.0047173669931686	0.8849537747204683	0.25623575274687727	0.8465985659120362	-0.35080752075089455	0.70695302684619	0.6197359189784513	0.9989208822153636	-0.6539098462422741	0.7586740904631855	0.38873627609787786	0.9236357474985083
BCAS3	4.548678395896352	4.637428318455947	1.46217398420175	0.0015160262299487202		0.5445256994954079	1.470572105864159	0.7111727291223131	0.9989208822153636	4.092902618960539	0.7323259624882731	2.2850162671682832e-08	2.1594830691708026e-06
BCAT1	5.954113111719571	1.1899616483862898	0.9888951234885147	0.22885080369088917	0.8364065817347909	0.42101462637086373	0.8716441072117813	0.6290871645781387	0.9989208822153636	0.7689470220154262	0.7646316769272594	0.31458699878116925	0.8938644939739743
BCKDHA	5.575174267002215	-0.1629985765361216	0.8803579273739228	0.8531111122953068	0.9930430668474647	0.46150846536406265	0.6943145330149575	0.506244609526667	0.9989208822153636	-0.6245070419001842	0.7048804444311497	0.37563054782775995	0.9224426087386502
BCKDK	7.582907192140115	0.6443595897230646	0.7299072869633695	0.3773462381949576	0.9235463065744581	0.2470280142861078	0.6245349802439246	0.6924450593779423	0.9989208822153636	0.39733157543695685	0.5602675059683687	0.4782116029703153	0.9664871084564397
BCL10	9.603080564440646	-1.1713115104044578	0.7622711493122513	0.12438947240880069	0.719448605063427	-0.08916837245169672	0.5704342965559464	0.8757834409197462	0.9989208822153636	-1.082143137952761	0.6553135086687665	0.09866987629101366	0.6052857957347897
BCL2A1	94.36805035057758	0.6299674488155159	0.622815577980249	0.3117852524868411	0.8836419566191195	0.2030514441693178	0.5397879756743262	0.7067913412259923	0.9989208822153636	0.42691600464619817	0.5307336740246607	0.4211727051597589	0.9425245363634882
BCL3	10.483153912246818	1.790254090969557	1.0097424254995289	0.07623186256449531	0.588462327899878	0.8530139058278816	0.8974642086723319	0.3418728682440365	0.9989208822153636	0.9372401851416755	0.7859482162873777	0.23306677784607555	0.8370910102220672
BCL6	9.518356464929498	1.7241453050244733	0.8684928644801376	0.047120525017180635	0.460430249570608	0.7097153148115471	0.7775678235063632	0.3613806138986373	0.9989208822153636	1.0144299902129263	0.6525958975737612	0.12007627541269217	0.6486358871784983
BCLAF1	17.21461508814843	-0.23426511933666566	0.6188820493627786	0.7050372753919696	0.9919025648389233	0.5689762966746255	0.5011001318487653	0.256185021770316	0.9989208822153636	-0.803241416011291	0.5054230275453933	0.11200491347606582	0.635056985145849
BDP1	9.670718196485389	1.2229557953761097	0.7735198481259906	0.11387185537157354	0.689576712070143	1.0991651450813582	0.6760517005372508	0.10397952686122167	0.9989208822153636	0.12379065029475142	0.5652867015069687	0.826659883197447	0.9919160079379556
BECN1	5.653238669886331	0.3938320777711684	0.8446147445593456	0.6410107586254898	0.9756318293502411	0.5364648297786111	0.7004573272055938	0.44374892035147484	0.9989208822153636	-0.14263275200744266	0.6475361961684026	0.8256609381503993	0.9919160079379556
BEX4	4.442288162897067	-1.1163140475834843	1.0782881847710646	0.3005451574460217		-0.5664385103858002	0.8384347423967512	0.4993007023857523	0.9989208822153636	-0.5498755371976841	0.9315544398026039	0.5550046851973225	0.9711498888785488
BFAR	6.085222807652183	1.2209305282274778	0.8423084434875078	0.1471965295360984	0.7554061841730147	0.7113643562080172	0.7409115285536159	0.33699456607138745	0.9989208822153636	0.5095661720194606	0.6031542614525645	0.3982026538225506	0.9275297455443251
BID	20.544842517011954	0.8546249223814951	0.6428824845755894	0.18372786209864012	0.8036980201030534	-0.04901439944922117	0.5623545859795325	0.9305449361901137	0.9989208822153636	0.9036393218307164	0.5246191713401761	0.084984917234425	0.5614388197387352
BIN2	16.902128480052173	0.4767011327590541	0.5297613574341632	0.36820472806156335	0.9233513498088938	0.2805741325078485	0.4495403527847679	0.5325385437298905	0.9989208822153636	0.1961270002512056	0.41578933704796384	0.6371423622410952	0.9777614542981466
BIRC2	12.235575264661902	0.3467208514845909	0.6021718532129882	0.5647612646117472	0.9665616667306404	0.19338569311026446	0.5061442677852174	0.7024048232619156	0.9989208822153636	0.15333515837432649	0.47495617705347976	0.7468159298070044	0.9803559971046334
BIRC3	16.4778233287505	-0.8082278793101909	0.912478066548962	0.3757520033943277	0.9235463065744581	0.039484040649942154	0.757511315517754	0.9584303937349332	0.9989208822153636	-0.847711919960133	0.7782642338639576	0.27605067769722236	0.8696706415213846
BIRC6	11.45332658578714	1.7237766849922185	0.7228100420693016	0.01708716872773132	0.2517330289455611	0.17385057198402457	0.653957184553374	0.7903593806484266	0.9989208822153636	1.5499261130081938	0.5491660445211668	0.004767654840710241	0.0848875130175238
BLOC1S1	60.63358825810718	0.09652673700638173	0.4810538845339404	0.8409669348594567	0.9930430668474647	0.09343449794217053	0.41205481867055	0.8206161300101693	0.9989208822153636	0.0030922390642112016	0.40448417386567787	0.9939003156750337	0.9996889679060499
BLOC1S2	13.691563116540166	-0.3196321525146606	0.6167628459731982	0.6042897265407011	0.9692333260986148	-0.7374820037649601	0.5160674684060991	0.15299220862987428	0.9989208822153636	0.41784985125029944	0.5213533448561665	0.4228587325062756	0.9425245363634882
BLOC1S6	8.91104046739975	0.3363312736652009	0.7458357066276156	0.6520288117900558	0.9756318293502411	0.7414880907624296	0.6167430633490619	0.22926119195566574	0.9989208822153636	-0.4051568170972287	0.5771067198160831	0.4826490148990451	0.9686312519100319
BLVRA	15.294244541792795	-0.5463553152703083	0.5435846515240568	0.31485013320890587	0.8843105230594555	-0.6201111038822434	0.44008360294918064	0.15881279003409976	0.9989208822153636	0.07375578861193513	0.46042337150949747	0.8727304335074342	0.9919160079379556
BLVRB	64.35715132363741	-0.04640545336901771	0.5037931372305933	0.9266089598812454	0.9957340452911454	-0.20379719968225707	0.43232083783674136	0.6373532056473441	0.9989208822153636	0.15739174631323935	0.4277327863106738	0.7128974987676534	0.9777614542981466
BNIP2	15.275625576927203	-0.4684208264550976	0.6179464543904317	0.44843411258831345	0.9440800184231919	0.19771606308455392	0.49403382172314353	0.689003657655717	0.9989208822153636	-0.6661368895396516	0.5128854945008325	0.1940117652962896	0.7758474572596418
BNIP3L	36.73843797944338	0.24449189301403634	0.43646423370315895	0.5753670453903428	0.9665616667306404	0.08379756079230809	0.37148557660316434	0.8215326111014096	0.9989208822153636	0.16069433222172824	0.35729517228908014	0.6528890420512384	0.9777614542981466
BOD1L1	10.927027986446943	0.8297718220409993	0.8452095144636264	0.3262303832249104	0.8878304060579073	1.3930470240675115	0.7218903335964031	0.05364140146679988	0.9989208822153636	-0.563275202026512	0.6425861163914202	0.380717288781663	0.9224426087386502
BORCS7	9.496046846136366	-1.5412280216903695	0.771532767476879	0.04575805120789975	0.4517424158904033	-1.013232401386522	0.5817181902403872	0.08154475337343899	0.9989208822153636	-0.5279956203038476	0.6820065951103982	0.43882456660981506	0.954365942691012
BPTF	13.565949173478055	1.2686013845021316	0.6966759559630802	0.06861679205336904	0.5580962376386237	1.037795436871713	0.6108688664991127	0.08934101342955585	0.9989208822153636	0.23080594763041862	0.5168197497999212	0.6551719337975745	0.9777614542981466
BRAF	10.317406486671832	2.651736363179495	0.8650080572097086	0.0021726087960101835	0.0676106411193169	-1.0004101624699102	0.8254461566579417	0.22552656183092334	0.9989208822153636	3.6521465256494055	0.6852311254701672	9.831965979199211e-08	7.759281259259917e-06
BRD2	16.343834668435562	0.29944193519664547	0.7909463577451414	0.7049946463665773	0.9919025648389233	1.1038218703977416	0.6667891678669976	0.09783758499448603	0.9989208822153636	-0.8043799352010962	0.6377397926320157	0.20720149574757096	0.7952337142283831
BRD4	9.768451408643033	-0.2298588695394049	0.7196692589451821	0.7494268895740639	0.9930430668474647	-0.1758168770868543	0.5926946472133603	0.7667414503053089	0.9989208822153636	-0.0540419924525506	0.5964260073882767	0.9278027096992852	0.9941706264930981
BRD7	5.016684973167441	0.13436893433824648	1.0287767357821331	0.8960835202999596	0.9930430668474647	0.8153232873644097	0.833200930863661	0.3278056279800574	0.9989208822153636	-0.6809543530261633	0.8037576671488198	0.39687612548983875	0.9275297455443251
BRI3	57.87929030999954	0.8486455001453779	0.5411269804669395	0.11681283581911939	0.6928140044243969	0.7111164182790076	0.4693377163129773	0.1297347577694757	0.9989208822153636	0.13752908186637025	0.44747945027349273	0.7585833208500193	0.9809070145248762
BRK1	50.936039986743914	-0.5568934385314102	0.49512156101570126	0.2606903108503469	0.8490971103123357	-0.20628304744881942	0.4165650272874976	0.6204588727936086	0.9989208822153636	-0.35061039108259073	0.42149786950423024	0.40551050856496595	0.9331997730989988
BROX	6.737034726571917	1.016635401029608	0.9498218768322961	0.2844648493275459	0.8636509688491664	1.5889068207959676	0.8122200634918912	0.05043551949447997	0.9989208822153636	-0.5722714197663595	0.6759341689153165	0.39719703622063274	0.9275297455443251
BSG	22.320375343008838	-0.10283777232787848	0.4968712389690126	0.8360327659028918	0.9930430668474647	-0.25489248010960647	0.4152487858245214	0.5393271647628771	0.9989208822153636	0.15205470778172797	0.41158435951795597	0.711801631004093	0.9777614542981466
BST1	16.32213012817012	-0.057621176883598704	0.5428525906536195	0.9154671783889627	0.9931274202454311	-0.3952128200390022	0.4551880203768641	0.3852625120786044	0.9989208822153636	0.3375916431554035	0.44946633912015915	0.4525958552744783	0.9565360688378212
BST2	33.92505299306986	-0.4997477313774253	0.4924940618332137	0.3102352930506711	0.8836419566191195	-0.21594830618256936	0.40836774470483467	0.5969383488229738	0.9989208822153636	-0.2837994251948559	0.4159934513192911	0.4950992833804053	0.9686312519100319
BTF3	169.64672903114436	-0.3777715971132682	0.46338528429699694	0.4149332438791308	0.9371282407570434	-0.291508781355669	0.3985853393667103	0.46456019847291097	0.9989208822153636	-0.08626281575759924	0.39839132011348566	0.8285763193407403	0.9919160079379556
BTF3L4	15.605934847275185	-0.6021722003005261	0.586190549342393	0.30429636839850305	0.8836419566191195	-0.5203643694295532	0.4762450982471907	0.27455196188778885	0.9989208822153636	-0.08180783087097297	0.49703299612145363	0.8692648497227261	0.9919160079379556
BTG1	193.49229185753788	-0.37792670977088405	0.39686909562639355	0.34095984332963813	0.9005240142553081	0.38628707700582926	0.339124641657088	0.2546735022297143	0.9989208822153636	-0.7642137867767134	0.33907247414966996	0.024206480090721252	0.2631640112703784
BTG2	26.054441456832322	-0.2948154146785784	0.6847168321248175	0.66678436353944	0.9780705608686049	1.1452952040483158	0.5625022720555488	0.04174311197036313	0.9989208822153636	-1.4401106187268942	0.5653204692129096	0.010852166029762333	0.15616431630841998
BTG3	3.2504200733273607	0.6380482979607007	1.402393081050132	0.6491300430377825		1.157974114042305	1.1858298937451779	0.3288120602363487	0.9989208822153636	-0.5199258160816044	1.0739327351250978	0.6282917871419407	0.9777614542981466
BTK	6.629336144310773	0.701160221955932	0.9266538297174499	0.44925466152906857	0.9440800184231919	1.6911093357181242	0.7682348186514057	0.02771534271385937	0.9989208822153636	-0.9899491137621921	0.6629155379435081	0.13535183143695187	0.688549386404006
BUD31	16.075306552289483	0.43549786754188724	0.6054528424180501	0.4719605340164069	0.9442442286200136	0.43900936008110536	0.5135477177805398	0.3926308585684978	0.9989208822153636	-0.0035114925392181256	0.4806706545287982	0.9941711840841027	0.9996889679060499
BX284668.5	5.720029211781916	0.3010697890484609	0.9667476053019317	0.7554772237888818	0.9930430668474647	0.7558675411574008	0.7985769263191489	0.34388437813490624	0.9989208822153636	-0.45479775210893997	0.7518736891845924	0.5452548487261566	0.9711498888785488
BZW1	21.595555684947126	0.6267979474273387	0.5350587025509592	0.24141536884122294	0.8435191009508414	0.37803036300414555	0.4598342509755505	0.41101921165957434	0.9989208822153636	0.24876758442319322	0.4241334568596339	0.5575184761569408	0.9711498888785488
C11orf58	28.773231637736497	-0.37911891920622065	0.4713249039600537	0.42118417151886633	0.9390981761492803	-0.2045879760125636	0.3889277525814188	0.5988668087317118	0.9989208822153636	-0.17453094319365706	0.3949249387482054	0.6585366267220036	0.9777614542981466
C12orf10	7.185062050233924	-1.0254621798215184	0.8494541195731727	0.2273546016640463	0.8364065817347909	-0.35555906713627233	0.6417969946289469	0.5795750793019736	0.9989208822153636	-0.6699031126852462	0.7293263281027563	0.3583450474000661	0.9219097254697737
C12orf57	27.253099568165528	-0.4372466016002349	0.9108075455923783	0.6311813484388895	0.9747465964778875	0.3407768000383909	0.7736238830087813	0.6595792434015119	0.9989208822153636	-0.7780234016386258	0.7756217662769382	0.31581435141992464	0.8938644939739743
C14orf119	9.169955433547365	0.6312886101667602	0.7769429414886063	0.4164881982791804	0.9381634238184842	0.020123394895753655	0.6723237632169762	0.976121996684422	0.9989208822153636	0.6111652152710065	0.6205756445177266	0.32470465024452655	0.8967196287428852
C15orf39	3.152223312398395	-1.9088349693202633	1.7192819716703676	0.26689077105716574		1.0687228481498954	0.9773653151040785	0.274186058393903	0.9989208822153636	-2.9775578174701587	1.5318708294659138	0.05192687452070407	0.41908487042432535
C15orf48	11.548641471246205	0.32162412615647007	1.61575796071494	0.8422199997846616	0.9930430668474647	0.45152395494213404	1.3941211719797932	0.7460310641008285	0.9989208822153636	-0.12989982878566395	1.3721198669730381	0.9245762290574973	0.9941706264930981
C16orf54	4.916636307312939	-0.5355962266291214	1.15946152790154	0.6441277076763448	0.9756318293502411	-0.709963346723993	0.968064180599059	0.46332389872986046	0.9989208822153636	0.1743671200948716	0.9881598396008936	0.8599354051405974	0.9919160079379556
C17orf49	14.73390009113073	0.5060778534520685	0.5897442453808314	0.3908200991211622	0.9285626089492842	0.36537564459064464	0.5008381163171474	0.46567848375699095	0.9989208822153636	0.14070220886142387	0.46189617110201137	0.7606565797924905	0.9809070145248762
C18orf32	23.485044395678802	-0.36190277767074497	0.5493863071159394	0.5100626934393091	0.9511556287703195	-0.3261398612817393	0.4582149328440573	0.4766123239331389	0.9989208822153636	-0.03576291638900566	0.4625310652829392	0.9383689560315107	0.9944788766041077
C19orf38	22.946790949481613	0.3037509619323308	0.6148057253942592	0.6212637541322508	0.9747465964778875	-0.42411288105567774	0.5313321959284198	0.42475059111476854	0.9989208822153636	0.7278638429880085	0.5137724769247538	0.15656930499791055	0.7099105133445635
C19orf53	28.030369999277937	0.10766549514297943	0.5403060065775794	0.8420534021720089	0.9930430668474647	0.2813746869261518	0.4564213475159545	0.5375776889324193	0.9989208822153636	-0.17370919178317237	0.44408258333113326	0.6956758963155163	0.9777614542981466
C1D	10.58382920063728	-0.5557593967682934	0.7865555769402868	0.47983150673496333	0.9442442286200136	0.2248677658047261	0.6295803972596588	0.7209639066921023	0.9989208822153636	-0.7806271625730195	0.6564977375310377	0.23440888726724896	0.8384384813615934
C1QBP	12.416529572635888	-0.4674074195478817	0.6298431125750141	0.4580259363718914	0.9440800184231919	-0.32373789414994064	0.5075048118676461	0.5235380406179194	0.9989208822153636	-0.143669525397941	0.5276604371692915	0.7854094410884597	0.9842899433383272
C1orf162	96.01360686575106	0.08514510997028019	0.5631838740745736	0.8798295640943141	0.9930430668474647	0.08733252386544084	0.48547141837858404	0.8572371949642213	0.9989208822153636	-0.0021874138951606444	0.480769507839361	0.9963697827648171	0.9996889679060499
C1orf35	5.423307579510017	0.3276191715551203	0.9220143266681121	0.7223425287409891	0.9930430668474647	0.45361488750159734	0.7682570951218782	0.5548911912407974	0.9989208822153636	-0.12599571594647702	0.7214770806468263	0.8613658287109205	0.9919160079379556
C1orf43	12.273568822808278	0.23499823986499657	0.5856860281257851	0.6882464779251016	0.9855093203371755	-0.3064297621877336	0.49720347669517395	0.5376922129504538	0.9989208822153636	0.5414280020527302	0.47534920461737445	0.25469854065058195	0.8538097912004194
C1orf56	16.857252450005706	-2.0537127217906597	0.8298605489772296	0.013332257462804548	0.21595031359564995	-1.6492335630421724	0.668832181251663	0.013669213970120884	0.9989208822153636	-0.40447915874848706	0.7349927652364405	0.5821018306893635	0.9711498888785488
C20orf27	9.106528386611144	-0.03798777927614309	0.7795796640292872	0.9611356308114156	0.9964726730517024	-0.6433626415937087	0.6612355540693534	0.3305679985733081	0.9989208822153636	0.6053748623175657	0.6512570683595865	0.35260503687068434	0.9151923174089035
C22orf39	5.550646791767512	0.6316177792509986	0.8954355029064024	0.4805769245428825	0.9442442286200136	0.6220026267708852	0.7580619943165904	0.4119215372340512	0.9989208822153636	0.009615152480113277	0.6777716043862877	0.9886812543611112	0.9996889679060499
C3AR1	11.76725123551045	-0.43836068045029064	0.7907442844974404	0.5793293119489273	0.9665616667306404	-0.45101199125925523	0.660637342741691	0.4948013304925082	0.9989208822153636	0.012651310808964564	0.6694034794002501	0.9849213740481922	0.9992947922935098
C4orf3	52.79956311071829	-0.6820358150691629	0.487750076580755	0.16201383888593113	0.776780034028619	-0.23438789504297156	0.4085753336405247	0.5661903321815536	0.9989208822153636	-0.44764792002619136	0.41619481317318235	0.28211825058437523	0.8773006301452351
C4orf48	31.377101685237225	-0.5320834884827661	0.5979257526509677	0.3735291388246441	0.9233513498088938	-0.1268398349147147	0.5009465841651901	0.8001134200149951	0.9989208822153636	-0.4052436535680514	0.5074526045904891	0.4245315278766819	0.9425245363634882
C5AR1	55.99154060450264	0.4113295204132297	0.6298771520988071	0.5137360746076164	0.9521733056192314	0.28360034037917825	0.5439966916745214	0.6021387685243709	0.9989208822153636	0.12772918003405143	0.5321952871149926	0.8103268900561965	0.9919160079379556
C6orf62	14.290837701364191	-0.6173461429280784	0.7100059119951145	0.3845767863124355	0.9257411016933377	0.1792817255249274	0.5705068972715984	0.7533312592680567	0.9989208822153636	-0.7966278684530058	0.5955202576679721	0.18099402112420715	0.7517237854220555
C7orf50	9.219012046842765	0.26455668497152635	0.8349292857366786	0.7513489335013892	0.9930430668474647	-0.14249054418888896	0.7124321291921443	0.841476060129936	0.9989208822153636	0.4070472291604153	0.6826275167208172	0.5509783134736591	0.9711498888785488
C9orf16	23.91799664738046	0.028419351627581524	0.5621207182219873	0.9596782239636868	0.9964726730517024	-0.018269096989728024	0.4753581758502528	0.9693430268254506	0.9989208822153636	0.04668844861730955	0.4654977909797013	0.9201078285201358	0.9941706264930981
C9orf72	31.829825074315462	2.729083305870729	0.6673730164754633	4.326914040215715e-05	0.0049551819588550365	-0.3481486057582125	0.6082352590191683	0.5670568694156677	0.9989208822153636	3.0772319116289415	0.5359571048092238	9.380620272238521e-09	1.0535158151898646e-06
C9orf78	8.568464244208483	0.14785128886524307	0.68100453220882	0.8281244577651232	0.9930430668474647	-0.17190903511023428	0.5691713864208591	0.7626262453270771	0.9989208822153636	0.3197603239754774	0.5490101244223944	0.5602766409804536	0.9711498888785488
CAB39	9.713698115941874	0.06453349956930836	0.7096103705429696	0.9275385504544666	0.9957402254102561	-0.490745991581112	0.6025707263141241	0.41540406122861806	0.9989208822153636	0.5552794911504203	0.5877847846534193	0.3448127476768895	0.9143359608165523
CACYBP	19.86714128161452	-0.3868321842380247	0.7601156058171926	0.6108136952133422	0.9723015550569842	-0.0249050683849345	0.6400210381515221	0.9689598394579833	0.9989208822153636	-0.36192711585309023	0.6428478378582392	0.5734308766160536	0.9711498888785488
CALCOCO2	10.00870071087517	-0.20848155066479176	0.7607384813395485	0.7840450157277534	0.9930430668474647	0.01863133424541196	0.6275849224455563	0.9763163994455873	0.9989208822153636	-0.22711288491020373	0.6289115649757274	0.7180093380181913	0.9777614542981466
CALHM6	20.137507156321274	0.1295903030679277	0.5618847438335605	0.8175983534952562	0.9930430668474647	0.015767084556164605	0.47452142191459706	0.9734932961013776	0.9989208822153636	0.11382321851176311	0.46000049551540906	0.8045665502116481	0.9919160079379556
CALM1	63.856451682564376	0.39789788400328563	0.41677230075139415	0.3397229140416337	0.9005240142553081	0.4489541954256637	0.35739016384395406	0.2090427856090744	0.9989208822153636	-0.05105631142237812	0.3432618080322961	0.8817598311199414	0.9919160079379556
CALM2	262.92504814534396	-0.16474895789684302	0.6728973215911047	0.8065840288285627	0.9930430668474647	-0.17819431766918212	0.5818698572576941	0.75941865748929	0.9989208822153636	0.013445359772339118	0.5810724240316808	0.9815394995261671	0.9983332368471766
CALM3	32.250776071095395	0.05435295595112225	0.4552340960993839	0.9049619332927721	0.9930430668474647	-0.26899418519175233	0.38661235017629175	0.4865714048803602	0.9989208822153636	0.3233471411428746	0.37780278142843127	0.3920739740458141	0.9275297455443251
CALR	24.306530016307196	-0.469362576551808	0.7559873822107392	0.5346915235382036	0.962283048387728	0.96803376739088	0.6227037372209436	0.12004957775619418	0.9989208822153636	-1.437396343942688	0.631882438871595	0.022918863717326914	0.26015877922257774
CAMLG	10.7095489359192	-0.1872323062246861	0.6734198880526379	0.7809877625419936	0.9930430668474647	0.14491133164142644	0.541870833337134	0.7891397876692336	0.9989208822153636	-0.33214363786611256	0.5478168034540123	0.5443127591228843	0.9711498888785488
CAMTA1	26.269130335216143	0.09926008104402329	0.6239981231737862	0.8736128404757952	0.9930430668474647	-0.15486023029497972	0.5341826783424249	0.7718917794178775	0.9989208822153636	0.25412031133900304	0.5227913832171995	0.6269079026247004	0.9777614542981466
CANX	27.215318416399935	-0.42845250095058823	0.6281287288552619	0.4951697866706891	0.9501817019022674	-0.16315798243361518	0.5283272514943905	0.7574585111797323	0.9989208822153636	-0.26529451851697305	0.5320967878607602	0.6180730437719659	0.9777614542981466
CAP1	48.1088951164212	-0.10370808420377882	0.4253559182790899	0.8073742281981571	0.9930430668474647	0.03318569022286944	0.3587388027170055	0.9262955846608497	0.9989208822153636	-0.13689377442664824	0.35477692386679516	0.6996012943685309	0.9777614542981466
CAPG	47.64805334568075	-0.729914457725735	0.46408929551953604	0.11576772411637778	0.6919477957102079	-0.8943820026619387	0.39101706375120976	0.022177024802423787	0.9989208822153636	0.16446754493620364	0.39919316670124716	0.6803394962053866	0.9777614542981466
CAPN1	5.085071615805423	-1.5844070248007993	1.07992712248125	0.14233728313772295	0.7512731093109952	-0.23974479358291773	0.755779867034764	0.7510803854971662	0.9989208822153636	-1.3446622312178815	0.9489860198443252	0.15649862782080337	0.7099105133445635
CAPN2	12.928805644148019	-0.026291191990643368	0.5982499288839654	0.9649467809735863	0.9964726730517024	-0.0075611342483664695	0.49365586133947076	0.987779591261288	0.9989208822153636	-0.018730057742276898	0.4866701530838112	0.969300078540196	0.9952132068500601
CAPNS1	19.25568049372696	-0.03778244284083175	0.5820799834157645	0.9482461631193989	0.9962366574728068	0.11637654416127005	0.4861871054386665	0.8108219808439627	0.9989208822153636	-0.1541589870021018	0.47858782674171424	0.7473676815663424	0.9803559971046334
CAPZA1	32.52867091384515	-0.25731056257998247	0.46182516096735665	0.5774180337154209	0.9665616667306404	-0.142208362286845	0.3851169203447886	0.7119337665056845	0.9989208822153636	-0.11510220029313746	0.38593811973085884	0.7655199639369717	0.9809070145248762
CAPZA2	31.564685055228548	0.11549580026160894	0.5902998402405687	0.8448793000027729	0.9930430668474647	-0.060717630983969234	0.5054139170691659	0.9043766302566816	0.9989208822153636	0.17621343124557817	0.4945377883938584	0.7216013472645568	0.9777614542981466
CAPZB	44.47657384707636	0.08348945089012862	0.4998185670397447	0.8673389574300849	0.9930430668474647	-0.11577855317519364	0.4277892012507884	0.7866649004834477	0.9989208822153636	0.19926800406532225	0.41926848685723406	0.6345906800582594	0.9777614542981466
CARD16	72.05770503939748	-0.5005804831170501	0.5017888249380706	0.31847727511862267	0.8843105230594555	-0.2694268515865676	0.42715483271679794	0.5282056222375312	0.9989208822153636	-0.23115363153048246	0.4291241290181478	0.5901188602996874	0.9713108878987808
CARD19	10.81457654560113	0.9610917340775721	0.6601259738074561	0.14541426443412392	0.7548087352463534	0.29361351469057	0.577205946469298	0.6109760650880294	0.9989208822153636	0.6674782193870021	0.5048566893496128	0.18613011183464778	0.7583797109609446
CARD8	11.352873628487616	-0.5827440708840705	0.6434385710171835	0.36510967345669476	0.9233513498088938	-0.35334932335908686	0.5130107599441305	0.49096445670738575	0.9989208822153636	-0.22939474752498368	0.5419598889784347	0.6720991071306155	0.9777614542981466
CARHSP1	8.763663876815164	0.12449357635299874	0.7878095744154123	0.8744371307238198	0.9930430668474647	-0.5912287812686883	0.6738445368994903	0.38027135943963086	0.9989208822153636	0.715722357621687	0.6540787647637846	0.27384758055491054	0.8696706415213846
CARS2	9.25632646893162	0.568686769112612	0.6678491036847792	0.39448064105455427	0.9287813119565698	-0.6691106832588049	0.5859701804322789	0.2535017365911897	0.9989208822153636	1.2377974523714168	0.5421306618725226	0.022418076956791277	0.25896859013437346
CASC4	6.057298138447799	0.31238817387486556	0.8235330732513393	0.7044451929534801	0.9919025648389233	0.08333087005501348	0.6917566639838298	0.9041166317388734	0.9989208822153636	0.2290573038198521	0.6520421740689697	0.7253691759456402	0.9778476287367174
CASP1	22.499435496408406	-0.5935535121557259	0.5521465705422949	0.28237801327341605	0.8632854553136564	-0.10790878132711106	0.4491339133803167	0.8101289312924218	0.9989208822153636	-0.4856447308286149	0.46531326549988256	0.29662691955649767	0.8862952892362709
CASP4	24.5064530686188	-0.23187192916204752	0.5788232523133648	0.6887205812706845	0.9855093203371755	0.18673459061683434	0.48153386749970484	0.6981705670737006	0.9989208822153636	-0.41860651977888186	0.48136218687531407	0.38450318137718653	0.9224426087386502
CAST	53.61168549973022	0.45211235067948413	0.4823564521582922	0.3486046381582163	0.9077544252935401	0.23000355965225733	0.41589569069881965	0.5802416068474908	0.9989208822153636	0.2221087910272268	0.40078164148009104	0.5794494818808287	0.9711498888785488
CAT	14.244388859689595	-0.7153604789379402	0.6001929572306243	0.23330666977465775	0.8377005764365608	0.18744276736403934	0.4602021293055069	0.6837837689799582	0.9989208822153636	-0.9028032463019794	0.5024418032006697	0.07236237793955948	0.5193737572379951
CATSPER1	6.369010731953754	-1.0195651515148065	0.920287767373041	0.2679151742797907	0.8541660845913596	0.19555525412307515	0.6722091007621865	0.7711168482114101	0.9989208822153636	-1.2151204056378817	0.7824005944684959	0.12040717117172996	0.6486358871784983
CBX3	21.447706415344722	-0.03368560562409718	0.5927965863954854	0.9546846801533353	0.9964726730517024	0.3328765988286353	0.49564132992716686	0.5018333912293402	0.9989208822153636	-0.3665622044527324	0.48756573097209766	0.45215865094909646	0.9565360688378212
CCAR1	7.859822718182876	0.6456592843751424	0.7945685293671919	0.41645255830404093	0.9381634238184842	0.414929185909893	0.6807311757933469	0.5421701644731705	0.9989208822153636	0.23073009846524947	0.6189812747900616	0.7093287132129338	0.9777614542981466
CCDC107	5.469044181158289	-0.30048603241005756	0.889750766053912	0.7355747066749773	0.9930430668474647	0.24351301386979332	0.700502479162659	0.7281209284368562	0.9989208822153636	-0.5439990462798509	0.7244689391418148	0.45271672847050304	0.9565360688378212
CCDC115	5.919117256416581	-1.0276994484412956	0.9060241642254226	0.25667046986086184	0.8465985659120362	-0.37168040785462136	0.6898536687012745	0.5900376167592235	0.9989208822153636	-0.6560190405866743	0.7780323948291679	0.3991294453074078	0.9275297455443251
CCDC12	8.45198771311829	0.24842757083529063	0.681027697766776	0.7152731283584028	0.9930430668474647	-0.2800338573425805	0.5768749960684759	0.6273696005370886	0.9989208822153636	0.5284614281778711	0.5499158850189928	0.3365592423659898	0.9108453158288473
CCDC124	7.36407040618013	-0.5094917456796798	0.7617128035017463	0.5035743024956161	0.9510478797151422	-0.14336992658328904	0.5988942522170353	0.8108023658457357	0.9989208822153636	-0.3661218190963907	0.6347398660812007	0.564070456419274	0.9711498888785488
CCDC186	7.342489505369108	1.0392226918456071	0.8155056517140948	0.20254676041720043	0.8216056299554384	1.1516251299841112	0.7026818739961842	0.10123414503904064	0.9989208822153636	-0.11240243813850413	0.5830186505370696	0.8471203826706922	0.9919160079379556
CCDC28A	6.983938931584888	-0.9956007832288742	0.8516307382293651	0.24238260304945758	0.8435191009508414	0.12024570779605065	0.6238358361982872	0.8471530679512096	0.9989208822153636	-1.1158464910249248	0.7239824955793851	0.12325310661460508	0.6519910712221864
CCDC59	8.596234486832595	0.841349503424763	0.809362778066819	0.2985625546255224	0.8791901628425216	1.4128043057934023	0.6843149402527134	0.038965335956109896	0.9989208822153636	-0.5714548023686394	0.5836406743654178	0.327520229087241	0.9005249632488527
CCDC69	16.411454482487105	1.0766056402987743	0.7397662171788718	0.14557729995278065	0.7548087352463534	0.20371076937054283	0.6495469540946802	0.7538098387665586	0.9989208822153636	0.8728948709282314	0.5949345511756812	0.14231850406190535	0.6995855778813057
CCDC85B	10.946532638544662	-0.6700759544717986	0.6845236534853536	0.32763246018654657	0.8904128237888317	-0.6694110449612438	0.5526720698981433	0.22580861735488367	0.9989208822153636	-0.0006649095105548187	0.5834718323574661	0.9990907514492445	0.999862800813859
CCDC88A	18.23618533736528	0.9345436528002238	0.7022967327995033	0.18328896616129953	0.8036084381620222	1.2251813059503265	0.6061069511802218	0.043238935340008854	0.9989208822153636	-0.29063765315010265	0.5463122237207572	0.5947265658361013	0.9723413058462574
CCL20	36.769782174431136	0.6405310142304934	0.8497959724812445	0.4510012605797199	0.9440800184231919	0.5250335659673371	0.7356392824241653	0.4754061400896562	0.9989208822153636	0.11549744826315635	0.7170724075557033	0.872039810787113	0.9919160079379556
CCL3	137.5811437086874	-0.7404193763811869	0.8264014260078832	0.3702762244569783	0.9233513498088938	0.37316634776802554	0.7111353241962356	0.599758864853396	0.9989208822153636	-1.1135857241492124	0.7130997771097791	0.1183792373461217	0.6478556203902979
CCL3L1	31.094692405386837	-0.8522707646236206	1.7387883943990612	0.6240262805886567	0.9747465964778875	-0.05174222802829083	1.4974242870309478	0.9724352601960503	0.9989208822153636	-0.8005285365953297	1.5022561175021283	0.5941137489942956	0.9723413058462574
CCL4	91.19538327547224	-0.6655809827895155	0.8319728211066268	0.4237088988586527	0.9390981761492803	0.6039376552832202	0.7132212061338449	0.3971207264127171	0.9989208822153636	-1.2695186380727357	0.7157988184304902	0.07613445913399433	0.5306873422321944
CCL4L2	19.553378812620874	-0.827572657011293	1.73787677284861	0.6339336465938349	0.9747465964778875	-0.9664705850809879	1.49784253558524	0.5187705144274286	0.9989208822153636	0.13889792806969492	1.5032245621620737	0.9263802507791336	0.9941706264930981
CCL5	10.404342386411015	1.0751617679268373	1.1373203360207558	0.3444820199451293	0.9048183698191791	1.9867997552094838	0.9816765135427717	0.042982050173665166	0.9989208822153636	-0.9116379872826464	0.8769132167267383	0.29852630314507744	0.8862952892362709
CCND3	14.240458485961605	0.7316529430136887	0.621961161189668	0.23944930746653503	0.8389623385462127	-0.6890372031588247	0.5497268638913068	0.21005385115017494	0.9989208822153636	1.4206901461725132	0.5106448857654708	0.005400024585167695	0.09010326736394098
CCNDBP1	11.062093176550796	-0.5973239262812764	0.6720610383961179	0.37411371490685186	0.9233513498088938	-0.47950603338226433	0.5424662799902279	0.37673020528566925	0.9989208822153636	-0.11781789289901205	0.5687920549397831	0.835902848968942	0.9919160079379556
CCNH	18.12233219599221	1.478658408147361	0.6176213199969539	0.01666038135160171	0.2517330289455611	0.19147707699928093	0.551124955117448	0.7282686613740836	0.9989208822153636	1.2871813311480802	0.48302155590042023	0.007702203546444705	0.12091631373988462
CCNI	56.06208844450679	-0.2356873442390691	0.38444975727977515	0.5398425562036564	0.9623718794589466	0.02260747791946103	0.3214982866584736	0.94393966134869	0.9989208822153636	-0.2582948221585301	0.32114936048536763	0.4212338211251596	0.9425245363634882
CCNL1	46.95689198723584	0.06477132364668402	0.5620706370610501	0.9082572868588117	0.9930430668474647	0.7099056254306573	0.4775164266048892	0.13710404866165124	0.9989208822153636	-0.6451343017839734	0.46832614726059196	0.16834779696808388	0.7315112606351264
CCNY	14.71433934854231	1.5369601455407746	0.6442187784092532	0.01704324022982599	0.2517330289455611	0.009383309341038952	0.5801494422184655	0.9870956158876307	0.9989208822153636	1.5275768361997357	0.49818786668259263	0.002167499280162205	0.044887219135274034
CCPG1	11.337581450478716	-0.6542374572149896	0.6255569991429414	0.29563127419058166	0.87543166114067	-0.3672517982763598	0.4928543639793372	0.4561793664797501	0.9989208822153636	-0.28698565893862976	0.5283851327147232	0.5870352926994443	0.9713108878987808
CCR1	11.832818832684778	0.18868114987433354	0.7370784128962415	0.7979622811356937	0.9930430668474647	0.24944581762958037	0.6216211995641717	0.6882120177510159	0.9989208822153636	-0.06076466775524684	0.5990216248208126	0.9192012985979787	0.9941706264930981
CCRL2	8.671735780253597	-0.02517534085675898	0.7877742055564645	0.9745058964002912	0.9964726730517024	0.04528572778208869	0.6553243845827532	0.9449066044875625	0.9989208822153636	-0.07046106863884768	0.644762475729927	0.9129786559924398	0.9933939763059726
CCT3	8.541401520058736	0.4485985282898383	0.7153108615202878	0.530568866819896	0.962283048387728	0.014343915610577906	0.6101938217858225	0.9812457379152446	0.9989208822153636	0.4342546126792604	0.5678263899709252	0.4444105869545435	0.9556839401475558
CCT4	13.40798657579341	0.7883206445651171	0.6406243057301119	0.21849097888602553	0.8344035271393161	0.6415822215434153	0.5511711272768447	0.24441002047798366	0.9989208822153636	0.1467384230217017	0.492697409151016	0.7658354667993241	0.9809070145248762
CCT5	13.250302775952045	-0.15015204365700754	0.5904960920232483	0.7992783374785863	0.9930430668474647	-0.22028225221883005	0.48704358052478464	0.6510640556352819	0.9989208822153636	0.0701302085618225	0.48685949658682176	0.8854640718102705	0.9919160079379556
CCT6A	9.12503782383101	0.25971830092619325	0.7867609220402572	0.7413162204099951	0.9930430668474647	0.6208075843628863	0.6542991539378215	0.34271569682132275	0.9989208822153636	-0.36108928343669305	0.621749803793617	0.5614001927716595	0.9711498888785488
CCT7	7.674135642372331	-0.14764296986906728	0.7583139495208058	0.8456285925320132	0.9930430668474647	-0.20175196910111295	0.621440619030126	0.7454444311567324	0.9989208822153636	0.05410899923204568	0.6227674478234416	0.9307631147504083	0.9941706264930981
CCT8	17.342601607751448	-0.8184936738055716	0.6322707661029232	0.19548230513033005	0.8186597563383513	-0.49620289435138326	0.513485730545398	0.3338730114374082	0.9989208822153636	-0.3222907794541883	0.540338620857738	0.5508674666355238	0.9711498888785488
CD14	103.56392017030394	-0.13926743604638417	0.4092095709173645	0.7336059245164198	0.9930430668474647	-0.05119147264147545	0.3501440473805037	0.883762574641528	0.9989208822153636	-0.08807596340490872	0.34753133018996024	0.7999335054356012	0.9919160079379556
CD151	4.574931151186219	-0.26674430140672195	1.0601352391468477	0.8013398494691526		0.9155876983430303	0.8076135141269718	0.25692235420024945	0.9989208822153636	-1.1823319997497523	0.8430653618386444	0.16078976711500104	0.7186901642302764
CD163	39.8673989157721	0.20632555991489407	0.7993883376320947	0.7963264202132094	0.9930430668474647	0.13130048056211524	0.6893640272971246	0.8489439020041206	0.9989208822153636	0.07502507935277883	0.6796194138332612	0.912097875454472	0.9933939763059726
CD164	22.983434283571015	0.09619766599017476	0.538429573982931	0.8582019981379011	0.9930430668474647	0.043697858744586586	0.454828260557611	0.9234605986236291	0.9989208822153636	0.05249980724558818	0.44255775400488184	0.9055699630299702	0.9933939763059726
CD1D	9.406761041602936	-0.020197751741349735	0.7307991451993642	0.9779509555053062	0.9964726730517024	0.1722490896313999	0.6005909060652347	0.7742659502697203	0.9989208822153636	-0.19244684137274964	0.5916461120251991	0.7449740343995204	0.9803559971046334
CD300A	6.686611816955726	-0.04607927695268129	0.8925252632570686	0.9588251237915967	0.9964726730517024	0.4042032353822188	0.7305164110477114	0.5800500300528666	0.9989208822153636	-0.4502825123349001	0.7215095754248908	0.5325724843198054	0.9686312519100319
CD300E	27.13018593217797	-0.06650293305573732	0.6447665558956627	0.9178497534279739	0.9931539426719345	0.10609998568764496	0.5474065266716346	0.8463144621408306	0.9989208822153636	-0.17260291874338227	0.5403933187574951	0.7494213970390298	0.9804258420044655
CD300LF	5.609329408338495	-0.275993548894231	0.9028333477477651	0.7598352708280164	0.9930430668474647	0.4036342182641029	0.7101466091357824	0.5697759272148022	0.9989208822153636	-0.679627767158334	0.7316058239289103	0.35291320185014563	0.9151923174089035
CD302	41.24779963454002	0.0993777480376717	0.4290015472044024	0.8168107027841116	0.9930430668474647	0.04594793233432748	0.3636787994660821	0.8994611560167438	0.9989208822153636	0.05342981570334422	0.35423761665339465	0.8801094730438354	0.9919160079379556
CD33	10.03505073965381	0.11507173699431415	0.6990646001874015	0.8692524087209592	0.9930430668474647	0.014571476731116532	0.5843793673566505	0.9801068410556594	0.9989208822153636	0.10050026026319762	0.5661791740498153	0.8591108698044869	0.9919160079379556
CD36	51.28940863584734	-0.8181505811653593	0.5770814006694865	0.1562670940530072	0.7752612178129458	-0.42627414667641095	0.4876417058601442	0.3820341709919739	0.9989208822153636	-0.3918764344889483	0.49573253481224666	0.42923598035196353	0.9459389151907422
CD37	70.6398489458128	-0.4864144289055342	0.4487347587047786	0.27837868107422836	0.8616503227382954	-0.5924118417737607	0.38199562615639565	0.12094144719933095	0.9989208822153636	0.10599741286822652	0.3840343134380332	0.7825401815505705	0.9838015061805645
CD3D	4.0420371194196925	0.5394620530543573	1.1244967353685809	0.6314148179745911		0.2955013856526036	0.9604835262063086	0.7583418329497063	0.9989208822153636	0.2439606674017537	0.8866167243667051	0.7831940014974393	0.9838015061805645
CD4	12.237476846674069	0.1530277624972946	0.7324218055220248	0.834499820333748	0.9930430668474647	0.2351039166186421	0.6160102299539763	0.7027166415612186	0.9989208822153636	-0.08207615412134751	0.5953525985210092	0.8903499422569773	0.9919160079379556
CD44	78.49764866288199	0.5184737411250057	0.47481172116780196	0.27485222546238797	0.8594258942872586	0.17357467194031692	0.41081944917775043	0.6726539640569137	0.9989208822153636	0.3448990691846887	0.399034120628798	0.38740400896814287	0.9224426087386502
CD46	10.406688399683281	-0.495397440479233	0.7573127671856421	0.513014070435222	0.9521733056192314	0.4679755511719028	0.5936702153542854	0.4305357078631069	0.9989208822153636	-0.9633729916511359	0.6245163247373227	0.12293014813994195	0.6519910712221864
CD47	16.88793352714562	-0.16877198711224325	0.705420951158196	0.8109117068221015	0.9930430668474647	-0.3316004682447288	0.5979601731067613	0.5792006041407973	0.9989208822153636	0.16282848113248552	0.5938034489818644	0.7839211247123146	0.9838015061805645
CD48	43.07275297463408	-0.2851193517032768	0.4640497609269294	0.5389408159855114	0.962283048387728	-0.019019856910104806	0.38900363119328374	0.9610039479329789	0.9989208822153636	-0.26609949479317196	0.38944815065451405	0.4944342082943559	0.9686312519100319
CD52	163.7120508653916	0.08056868990651145	0.6269901744431859	0.8977527271362766	0.9930430668474647	0.3354157606734128	0.5414906473321661	0.535632868754155	0.9989208822153636	-0.25484707076690133	0.5386031644347388	0.6360969170893767	0.9777614542981466
CD53	38.85961735095874	0.21082445010845932	0.5536335890122766	0.7033506145512208	0.9914784881635379	0.22429787971055995	0.47406910537055647	0.6361180813364776	0.9989208822153636	-0.01347342960210064	0.46166165294231504	0.9767173307275431	0.9972079040994496
CD55	71.06689293089207	0.8236121123823638	0.4182994274222628	0.04895843363512501	0.4730723770624381	0.22501568289280283	0.3639929591141307	0.5364521373193403	0.9989208822153636	0.5985964294895609	0.3453486494587208	0.08304050104500785	0.5587056752336933
CD58	11.768831434766982	0.9298597237695978	0.6406434301888282	0.1466555437104528	0.7554061841730147	-0.06199710272889098	0.5638569384700723	0.9124475766080908	0.9989208822153636	0.9918568264984887	0.5017052698643583	0.048044895370963514	0.40782294907910893
CD63	87.83816664416081	-0.5271688548027441	0.38358951978765987	0.1693471281317932	0.7804422631568472	-0.014624232780492406	0.32219088853504246	0.9637964804389234	0.9989208822153636	-0.5125446220222517	0.3256933629014528	0.1155561281425341	0.6410006380313443
CD68	55.020390424321505	-0.24874406562153775	0.5489798913676598	0.6504750606452948	0.9756318293502411	-0.6341434762884475	0.47137728368797455	0.17852863617419068	0.9989208822153636	0.38539941066690964	0.4696767319174451	0.4118951545045636	0.9388875702500519
CD69	10.938834408104833	-0.6845033945520668	1.8976663634156432	0.7183177610189595	0.9930430668474647	0.4036561168298081	1.6193721526599294	0.8031542185117216	0.9989208822153636	-1.0881595113818747	1.6291160000502878	0.504168848210315	0.9686312519100319
CD74	328.04941551440726	-0.21910363900513352	0.45854505684474633	0.6327757792226647	0.9747465964778875	0.27782132093836504	0.39542395380315415	0.4823106573904967	0.9989208822153636	-0.49692495994349856	0.39459356308163474	0.20790983660287565	0.7956706721892489
CD83	39.84341428473673	0.9514400702026993	0.7019673965547661	0.17529311598012243	0.7878558729216492	0.31692736618802203	0.6110743626973006	0.6040120850900126	0.9989208822153636	0.6345127040146772	0.5869911239867043	0.2797158326662803	0.8745389301509785
CD86	15.441349335663759	-0.6847868315972869	0.6104987538378425	0.2619967191621442	0.8495626244524487	0.0358338647583337	0.48034403999069053	0.9405326438695012	0.9989208822153636	-0.7206206963556206	0.5128781179566553	0.16000565890345764	0.7186901642302764
CD9	7.780346646063436	-1.4179394714331874	1.6076792634604018	0.37778812248689764	0.9236613105721503	-0.1735644276349604	1.3328159248444191	0.8963893217821229	0.9989208822153636	-1.244375043798227	1.389733452918608	0.3705703360400111	0.9224426087386502
CD93	16.635214887012364	-0.2292345056641649	0.6821273503997892	0.7368269608612485	0.9930430668474647	0.40092043439405556	0.5615102134930096	0.47522482064775584	0.9989208822153636	-0.6301549400582204	0.5627506770668342	0.2628090488480972	0.8624612074495985
CD99	34.380332280891956	-0.40948470452380786	0.5303228101307853	0.4400301176344922	0.9440800184231919	-0.022540300622400693	0.4430886440597468	0.9594284253488924	0.9989208822153636	-0.38694440390140716	0.4469802211044365	0.3866625216174566	0.9224426087386502
CDA	23.865497477626167	-0.19168717183075448	0.6464801548612434	0.766841409478991	0.9930430668474647	-0.12377751378010504	0.5470807928062729	0.8210062956534103	0.9989208822153636	-0.06790965805064944	0.5438913392718558	0.9006352804320499	0.9933939763059726
CDC26	7.775559322101532	0.18179691314983304	0.7086596178879165	0.7975367581038834	0.9930430668474647	-0.17591575753244904	0.5938314449285942	0.7670479218102173	0.9989208822153636	0.35771267068228213	0.5702124382786913	0.5304414461198628	0.9686312519100319
CDC37	14.38764952252071	0.5685491016918216	0.6651336847333793	0.39266784868694826	0.9287813119565698	0.9028829110655787	0.5622882993888498	0.10833335616490312	0.9989208822153636	-0.3343338093737572	0.5144626540536363	0.5157762426952768	0.9686312519100319
CDC40	11.276600832511207	1.1462700191670676	0.6624258863197705	0.08355660610635668	0.6078571855312572	0.3236540933731255	0.5846777366783037	0.5798801415094688	0.9989208822153636	0.8226159257939422	0.502690182999917	0.10175019492716754	0.6117608283959879
CDC42	80.04882726022892	-0.15464519509602428	0.42437343470948347	0.7155531504345062	0.9930430668474647	-0.04690457767736324	0.3619533076328094	0.8968928952163415	0.9989208822153636	-0.10774061741866103	0.3592213992038406	0.764231945259221	0.9809070145248762
CDC42EP2	5.744061686674929	-0.4103326125465504	0.9131652926305438	0.6531777816532222	0.9756318293502411	-0.44630011963937927	0.744026141689955	0.5486097561111208	0.9989208822153636	0.035967507092828824	0.7660207983506062	0.9625501326604834	0.9952132068500601
CDC42EP3	15.302349420448856	0.528140235613702	0.593293926932584	0.3733675699458686	0.9233513498088938	-0.05739342110100866	0.5117377959583457	0.9107013321297128	0.9989208822153636	0.5855336567147107	0.47787186763165607	0.22046437008875086	0.8133427672482904
CDC42SE1	21.70797134223396	-0.7569219607951776	0.6088713716681765	0.2138104366914828	0.8289098832497114	-0.45210349674385153	0.5005589653172225	0.36642120038160864	0.9989208822153636	-0.30481846405132607	0.5196267045758711	0.5574653510237286	0.9711498888785488
CDC42SE2	14.301575493522927	0.900930291093216	0.5891258860890332	0.12619847109029414	0.7240605665962166	-0.09775084830040288	0.5180978595206673	0.8503494610427562	0.9989208822153636	0.9986811393936188	0.46445621862682174	0.03153814218666872	0.31646520682155554
CDK2AP2	6.9031677351062735	-0.7501906147318871	0.8384802066484818	0.3709459648776079	0.9233513498088938	-0.29402324817704845	0.6520462516312845	0.6520443870115925	0.9989208822153636	-0.4561673665548387	0.7100756402761393	0.5205999928226475	0.9686312519100319
CDKN1A	21.7625946036229	0.7074550415960451	0.8004814835066082	0.37681126420294797	0.9235463065744581	0.6468728191164143	0.6922146414311268	0.35004734937254833	0.9989208822153636	0.0605822224796309	0.6589845451603986	0.9267515178735529	0.9941706264930981
CDKN1B	6.1563779728057275	-1.543521192874139	1.0769602497517303	0.15179491646419566	0.7624365716438459	0.5669932632820559	0.7397811419065734	0.4434182345607013	0.9989208822153636	-2.1105144561561953	0.9360139112524551	0.024146536798524534	0.2631640112703784
CDKN2D	7.452898423246481	0.7869648374916902	0.798241528450664	0.3241953964524542	0.8878304060579073	0.09892892184889182	0.6944671165289353	0.8867222038660955	0.9989208822153636	0.6880359156427983	0.6246006078623072	0.27065240034530225	0.8666888920632344
CDV3	12.792682583808288	-0.19059534208632872	0.6922102599921794	0.7830526288231717	0.9930430668474647	0.427965053262652	0.5645358420105725	0.4484012658404358	0.9989208822153636	-0.6185603953489807	0.5659926150305544	0.27444774260387816	0.8696706415213846
CEACAM4	5.587838130315107	0.37202953406188977	1.0018181340154844	0.7103736128880136	0.9930430668474647	0.3332011559746757	0.8481727616197212	0.6944333324290567	0.9989208822153636	0.0388283780872141	0.7993902936127942	0.9612599928372019	0.9952132068500601
CEBPB	104.43340826916777	-0.745660565428411	0.6003864013078152	0.21424845043827678	0.8289098832497114	0.6582319335299415	0.5100362981333767	0.19685664167999628	0.9989208822153636	-1.4038924989583523	0.5146192105995008	0.006371536942280347	0.102789435753915
CEBPD	180.7094184590967	-0.10935467259199186	0.5367629529992931	0.838564561025575	0.9930430668474647	0.4239785221024901	0.4623786215881933	0.35916833706524753	0.9989208822153636	-0.5333331946944819	0.4604111799856671	0.24670714378000047	0.8530899342927205
CELF1	13.774761366429615	-0.017974580557122533	0.6099094601892882	0.976489027492899	0.9964726730517024	-0.6092286129288645	0.5165224097109035	0.23820650958012146	0.9989208822153636	0.591254032371742	0.5078940807459172	0.24437189416163685	0.8530899342927205
CELF2	34.02895735691248	0.48101938697337054	0.6219269224060591	0.4392656130111543	0.9440800184231919	-0.3628686409926921	0.5400691900936914	0.5016518964329024	0.9989208822153636	0.8438880279660625	0.5234146233071679	0.10690222893656519	0.6255601372640688
CEMIP2	8.908874509972593	2.3124461793613005	0.8715630736145548	0.007972853758525134	0.16135773911197757	0.7533010180993353	0.798581788790565	0.3455282335553821	0.9989208822153636	1.5591451612619653	0.6228918030690155	0.012311930472181468	0.17284056239793213
CENPU	2.803031803922341	1.0795513181789353	1.446214821590235	0.45538549307822196		-0.13937760732919352	1.2813284452754634	0.9133802687920555	0.9989208822153636	1.2189289255081288	1.1503304713870406	0.2893112791419845	0.8827470586150415
CEP350	10.047336837182788	0.9006520191566217	0.7134766148958399	0.20682548658492483	0.8234124332166393	0.3946178423825308	0.6207171475438839	0.5249426204843703	0.9989208822153636	0.5060341767740909	0.5505643517868593	0.3580333129521671	0.9219097254697737
CEP63	4.876823392471343	0.1870605184532508	0.8873956695415727	0.8330455270288786		0.08651810752049266	0.7346058917704634	0.90624604812381	0.9989208822153636	0.10054241093275816	0.7038592892681442	0.8864130109325759	0.9919160079379556
CERS6	6.604240254957486	1.3577036328361327	0.8171846694587657	0.09662502743007576	0.6479860963596028	0.515628439352256	0.727468136220951	0.47844943012747443	0.9989208822153636	0.8420751934838766	0.5939795973184402	0.15628313094174393	0.7099105133445635
CERT1	9.376977431030644	0.8470212029532835	0.7537639443963265	0.2611309376401534	0.8491361646238331	0.3794377259011272	0.6543096956448563	0.5619784138644384	0.9989208822153636	0.46758347705215636	0.5861030199712209	0.42499598113447123	0.9425245363634882
CES1	9.102599062802438	-0.8470607611403915	1.0569192905828084	0.4228751237179591	0.9390981761492803	-1.3009902355897478	0.8937567218042644	0.14549148315759639	0.9989208822153636	0.4539294744493563	0.9160304316719374	0.620219183167289	0.9777614542981466
CFD	78.5473879917613	0.3728015624167879	0.5190902416801362	0.47264472530551704	0.9442442286200136	-0.08463859551931603	0.44902623180956075	0.8504896891323205	0.9989208822153636	0.45744015793610393	0.4402293969973577	0.2987605638627565	0.8862952892362709
CFDP1	9.667115708966744	-1.1687409237429336	0.7362394517234276	0.11241149858659849	0.686213476446549	0.12905234351716438	0.5300917584656599	0.8076546151880044	0.9989208822153636	-1.2977932672600978	0.6315253176742459	0.039877668090562535	0.3669012546935494
CFL1	173.4292602503049	0.19400495816782332	0.3982094893962622	0.6261214188804751	0.9747465964778875	0.257577507174766	0.34322973829709086	0.452982411080989	0.9989208822153636	-0.06357254900694267	0.3386177451769481	0.8510794223142714	0.9919160079379556
CFLAR	34.85347797599437	1.1145235162166067	0.6449867233633572	0.08399198858845983	0.6087824388069886	0.2378151274712899	0.5642354090689835	0.6734030763359369	0.9989208822153636	0.8767083887453168	0.5327403409092569	0.0998341965477715	0.608482971298094
CFP	49.00899297011251	0.13897536386642484	0.5472277689149467	0.799524484511879	0.9930430668474647	-0.26865241260835854	0.471379268829961	0.5687262902752119	0.9989208822153636	0.4076277764747834	0.46304355808690106	0.3786844939705093	0.9224426087386502
CGGBP1	8.339385883518986	1.0086056900093652	0.7133367750032333	0.1573835169956983	0.7752612178129458	0.5504765677715625	0.621186871100941	0.3755264489384226	0.9989208822153636	0.4581291222378025	0.5263519133074235	0.38408971722524565	0.9224426087386502
CH25H	5.147541659912893	-1.6512661936208766	1.2718712723485277	0.19418542211654188	0.8186597563383513	-0.8572485494276773	0.9947076831281237	0.3887923461465209	0.9989208822153636	-0.7940176441931993	1.1160293930336243	0.47679513745261126	0.9664871084564397
CHCHD1	10.831390535398684	0.5278655314128515	0.71321276837134	0.45922505971512284	0.9440800184231919	0.4036565097619203	0.6074039264892597	0.5063317959068865	0.9989208822153636	0.12420902165093127	0.5609943331684686	0.8247742249583978	0.9919160079379556
CHCHD10	17.334872674441616	-0.09696901054650346	0.5893338268360067	0.8693060300880986	0.9930430668474647	-0.050419002340311735	0.49028577894464864	0.9180931749752863	0.9989208822153636	-0.04655000820619172	0.48574002822178153	0.9236530702784386	0.9941706264930981
CHCHD2	78.00603350564991	-0.046389858602984245	0.42187758924006935	0.9124407239746353	0.9930430668474647	0.03693913187693635	0.3602153011538948	0.9183222149333428	0.9989208822153636	-0.0833289904799206	0.3557607297861886	0.8148082705104224	0.9919160079379556
CHCHD5	11.572259849990346	0.05635496290664908	0.6683590778392587	0.9328032895527295	0.9962366574728068	-0.009284487599734421	0.5571098051724712	0.9867035073775222	0.9989208822153636	0.06563945050638349	0.5434596218032681	0.9038647126232652	0.9933939763059726
CHCHD7	8.682431798745936	-0.5072608558204738	0.7707374103684438	0.5104417254863352	0.9511556287703195	0.8091950091757172	0.5771182280493284	0.16087631202463437	0.9989208822153636	-1.316455864996191	0.6270933962069495	0.03579064629920349	0.3424083152907311
CHD1	25.343660880133584	1.0995147641391727	0.5142256685406712	0.03250091832321503	0.37010985017880893	0.21780704528858585	0.45268060833577967	0.6304102542063017	0.9989208822153636	0.881707718850587	0.4059536325325194	0.029860042763072425	0.3059344732216543
CHD2	14.718717548797807	0.3398750677617423	0.7186181900340564	0.6362442898569387	0.9747465964778875	-0.10621251195722663	0.6177115237729409	0.8634806361380887	0.9989208822153636	0.4460875797189689	0.5926388220417352	0.4516217532226604	0.9565360688378212
CHD4	8.562496911180164	0.46539351619004926	0.761319078194119	0.5410017181012432	0.9632387555496638	0.42030641724317747	0.6440841123391973	0.5140370875722083	0.9989208822153636	0.045087098946871795	0.5967724373509415	0.9397758619891224	0.9944788766041077
CHD9	8.82288380353121	0.4636321876559055	0.792710421501585	0.5586354343885256	0.9663886698817817	0.15907742632742108	0.678177323788	0.814545505014092	0.9989208822153636	0.3045547613284844	0.6356877239228003	0.6318711011828924	0.9777614542981466
CHIC2	12.059735435467454	0.6930610825756298	0.7274333047730597	0.3407174489024035	0.9005240142553081	0.16889410660470447	0.630076623715286	0.7886583061339512	0.9989208822153636	0.5241669759709253	0.581365914597588	0.36726256542931834	0.9224426087386502
CHMP1B	32.215652825361296	-1.210108176624665	0.8170961421073974	0.13861022933945893	0.7434954824362986	-0.0765181740257668	0.6830395667341925	0.9108028104355995	0.9989208822153636	-1.1335900025988983	0.7041595286954658	0.10743098335460827	0.6261446534839444
CHMP2A	30.062740543126278	0.10210367009317559	0.48724581011422713	0.8340168077819199	0.9930430668474647	-0.05336525898549286	0.4134630955003875	0.8973030689882637	0.9989208822153636	0.15546892907866844	0.4025656122175136	0.6993520679839325	0.9777614542981466
CHMP2B	11.667801999745722	-0.24370743095966682	0.5862245108915601	0.6776121864385984	0.9818123465317776	-0.42635935964204724	0.4789444964718801	0.3733551767959661	0.9989208822153636	0.1826519286823804	0.4863653804992876	0.7072554277994048	0.9777614542981466
CHMP3	14.54659089636427	0.13008087830491633	0.5950531091263269	0.8269586826730304	0.9930430668474647	0.03315109856622754	0.4987552232860198	0.9470054948176099	0.9989208822153636	0.0969297797386888	0.48253133168844575	0.8407942121572245	0.9919160079379556
CHMP4A	19.780235833416125	-0.026662216505326415	0.5757090121389631	0.9630616016266468	0.9964726730517024	0.30427331807324126	0.4780932699175924	0.5244956223676309	0.9989208822153636	-0.33093553457856767	0.47021951116407973	0.4815639001984364	0.9686312519100319
CHMP4B	18.498225698834677	0.696185908969366	0.5742831708505861	0.22540927727742976	0.8354184242140112	0.2395856892066338	0.4966688644179656	0.6295323617995439	0.9989208822153636	0.4566002197627323	0.4566243547241802	0.31733608735022467	0.8938644939739743
CHMP5	13.47952710071427	-0.5824629926148236	0.6930811851745161	0.40068611868348836	0.9303447963011624	-0.04976061038238987	0.5594960893669538	0.9291309744954503	0.9989208822153636	-0.5327023822324337	0.5823347584838006	0.3603123734582483	0.9224426087386502
CHORDC1	12.084603098609373	0.5904910290144123	0.9403141760624866			1.3730708386696708	0.8002616673682206			-0.7825798096552585	0.746411086299738		
CHP1	23.446598431416106	0.055962232880044815	0.5514678676628707	0.9191704787636488	0.993425851529002	-0.22254787939034387	0.46876841881849574	0.6349650647141833	0.9989208822153636	0.2785101122703887	0.4582571978676683	0.543347070955021	0.9711498888785488
CHPT1	13.083456931200866	-0.4463632343141786	0.7541591374506137	0.5539384739293989	0.965058301207955	-0.4691347526828972	0.6301402541214778	0.456578519748278	0.9989208822153636	0.022771518368718588	0.6387941534148928	0.9715633032970855	0.9952132068500601
CHST11	13.221767375862933	3.4923544789093928	0.8090470353585544	1.5843136405609102e-05	0.002267944976462943	0.7172170430629596	0.7713908609088516	0.352489536229485	0.9989208822153636	2.775137435846433	0.5272110758009045	1.411024527424372e-07	1.0842609526524121e-05
CHURC1	29.602859071700554	-0.34878725616027556	0.48788715336320193	0.47467497854378415	0.9442442286200136	-0.14251070276620303	0.4046991126998635	0.724733350768926	0.9989208822153636	-0.20627655339407253	0.40878654725582303	0.6138348920699237	0.9777614542981466
CIAO1	5.4336053950407	-1.1421524929942863	0.8793841856697397	0.19400932979892216	0.8186597563383513	-0.7555180627834117	0.6624991862812487	0.2541171844405763	0.9989208822153636	-0.38663443021087474	0.7655646609509921	0.6135365638574202	0.9777614542981466
CIAO2A	16.923306814643833	-1.0121675739286726	0.7049761185847656	0.1510742544958989	0.7601504228853402	-0.3175876046611174	0.5685402303465001	0.5764335009515423	0.9989208822153636	-0.694579969267555	0.6044319605604443	0.2504961927400783	0.8538097912004194
CIAO2B	20.986408058091474	-0.002136796079949024	0.5629660980039245	0.9969715538570575	0.9990073429896342	0.11455990851590055	0.4710159371507519	0.8078359407750901	0.9989208822153636	-0.11669670459584958	0.46211673962137695	0.800634164157835	0.9919160079379556
CIB1	23.5335931800437	0.6101457898965125	0.5071776022970985	0.22896782520632086	0.8364065817347909	0.8248577458052369	0.43047589860416074	0.055345605687329484	0.9989208822153636	-0.2147119559087244	0.39226954340474335	0.5841326583922465	0.9711498888785488
CIR1	13.120271628744748	-0.7274733990854279	0.611557279016046	0.23422624149168603	0.8377005764365608	-0.6989424528753827	0.4930566527953508	0.15631626484032818	0.9989208822153636	-0.028530946210045253	0.5227335192449936	0.956472842964989	0.9952132068500601
CIRBP	35.75571002094098	-0.3669146668213137	0.5235576926296462	0.48342135778585604	0.9442442286200136	-0.17841954656936854	0.4400891552680533	0.6851711481104275	0.9989208822153636	-0.18849512025194518	0.4422320605405588	0.6699360595276282	0.9777614542981466
CISD2	6.246748625003455	0.9366954590673111	0.8143854667444727	0.2500669189407637	0.8447733157557729	0.5400683848607458	0.7060317390261073	0.4443102540471041	0.9989208822153636	0.39662707420656523	0.6051302313925626	0.5121839568015386	0.9686312519100319
CISD3	10.085522332245963	0.7828275371738096	0.7753315279959847	0.31265431437484037	0.8836419566191195	0.7097301925402051	0.6665058171978626	0.2869428141684707	0.9989208822153636	0.07309734463360452	0.5978052206675339	0.9026802882594728	0.9933939763059726
CITED2	26.270722414957415	-0.7260068718876732	0.8036639911380592	0.36632894104167457	0.9233513498088938	0.6453745329583255	0.6663594812175935	0.3327906922255526	0.9989208822153636	-1.3713814048459987	0.6816648611765974	0.044239780598728545	0.3902723847380283
CKAP4	11.263180832595127	1.1944185082353822	0.8588241115972636	0.16429811512170567	0.7783231032819024	1.053276918529149	0.7501679757014459	0.16030254317095405	0.9989208822153636	0.1411415897062331	0.6598740715187494	0.8306315096357815	0.9919160079379556
CKLF	57.38031598671696	-0.3747806655885831	0.4696061767237906	0.4248273189920526	0.9391764168917583	-0.4180478642121394	0.39916213176393633	0.2949550406856515	0.9989208822153636	0.04326719862355631	0.3999174173047496	0.9138447129484872	0.9933939763059726
CKS2	15.441011832700063	-0.003296308355622689	0.8997416864617143	0.9970768636146672	0.9990073429896342	0.2668058467480054	0.7655159161493182	0.7274416144129332	0.9989208822153636	-0.27010215510362806	0.7535585888613684	0.7200174234199982	0.9777614542981466
CLEC12A	30.45408117110213	0.17817311698361915	0.608878058936545	0.7698085828930401	0.9930430668474647	-0.08221802944853013	0.5226698161810657	0.8750053031184452	0.9989208822153636	0.2603911464321493	0.5102127388243268	0.6098006846734187	0.9776162491265729
CLEC2B	24.491260260616617	-0.3918002055822153	0.6400525890853701	0.5404467742946384	0.9628494802772556	0.28774290952048687	0.5317346189635264	0.588411040482849	0.9989208822153636	-0.6795431151027022	0.5365670741703344	0.2053468554856871	0.7949616429336143
CLEC4A	22.002805110962782	-0.9287035012672495	0.5497809349591202	0.09117638899762198	0.6327835248599479	-0.5332107736114622	0.44168314736516795	0.22734564801270885	0.9989208822153636	-0.3954927276557873	0.47156976039249293	0.4016529502617505	0.9305297484541918
CLEC4D	11.298800947811287	-0.06639504373541735	0.9790013118285131	0.9459295937374667	0.9962366574728068	0.33095221417661813	0.8268653131987589	0.688972949753664	0.9989208822153636	-0.3973472579120355	0.815812791006014	0.6262180008390192	0.9777614542981466
CLEC4E	70.73418534741798	-0.33818120214793296	0.7143145570275595	0.6359031740922634	0.9747465964778875	-0.4362481865662228	0.6151524627724354	0.4782184688769715	0.9989208822153636	0.09806698441828983	0.6144719134461125	0.8731996827986724	0.9919160079379556
CLEC7A	36.210828496647856	-0.39038931251585096	0.5812037976858812	0.501780484224952	0.9510478797151422	-0.3027311957359948	0.4926121775275189	0.5388567948929908	0.9989208822153636	-0.08765811677985622	0.49411788042388627	0.8591916564104338	0.9919160079379556
CLIC1	104.01837967828162	-0.1690674582250813	0.3751435170789435	0.6522244686038777	0.9756318293502411	-0.33908943371385697	0.32111430046366185	0.29097855500372105	0.9989208822153636	0.17002197548877565	0.31897272641041735	0.5940129369651466	0.9723413058462574
CLIC4	7.669983988344121	1.475330037552167	0.8056628206881381	0.06707064482088672	0.550209902928936	0.27900123448325814	0.7234590786873885	0.699756674982978	0.9989208822153636	1.1963288030689088	0.6014973133465334	0.04671026021257637	0.40714614871857613
CLINT1	8.213617076371989	0.5091540572849707	0.7567069633785419	0.5010395486875336	0.9510478797151422	0.2480042686610141	0.6438111766283546	0.700079803703711	0.9989208822153636	0.26114978862395655	0.5929227044713149	0.6596149022796012	0.9777614542981466
CLIP1	9.600726535496163	0.8037808425878912	0.9055708295626732	0.37475822696847716	0.9235463065744581	0.13644828845261772	0.7888981779685202	0.8626824111463511	0.9989208822153636	0.6673325541352735	0.7312745697979536	0.3614735445980164	0.9224426087386502
CLK1	26.65209707797536	-0.10803638674206448	0.7065985139999311	0.8784799551532397	0.9930430668474647	0.07337744720811813	0.6017541570741737	0.9029471350118979	0.9989208822153636	-0.1814138339501826	0.5957972350059692	0.7607552061120479	0.9809070145248762
CLN5	4.205147267937492	-2.443523045461181	1.1065573250270653	0.02722887606693382		-1.288314016483952	0.7032791420184292	0.06697120331185455	0.9989208822153636	-1.1552090289772288	1.0212342534145538	0.25797551983457456	0.8590598895388247
CLNS1A	11.417079013260446	-1.101815313727356	0.6940626912668537	0.1124024495656162	0.686213476446549	-0.3847492142309352	0.5323827004941978	0.4698685595188613	0.9989208822153636	-0.717066099496421	0.5976399657751084	0.23020553984597658	0.8319309113245689
CLPP	4.1003525696013385	-1.5873157915523588	1.156200277053321	0.1697919261059252		0.14604570876948755	0.7634794089258682	0.8482986696224818	0.9989208822153636	-1.733361500321846	1.0151709601611514	0.08773700856581543	0.5731366107655057
CLTA	31.095517610001853	-0.3880232508645709	0.4714525559737549	0.41048652652870354	0.9327349883440683	-0.22291705559796118	0.3902842176935102	0.567887157652609	0.9989208822153636	-0.16510619526660972	0.39581170108606495	0.6765809936660986	0.9777614542981466
CLTB	14.430641864139055	-0.0808640540550295	0.5709926001754453	0.887380054979311	0.9930430668474647	-0.6261194019761334	0.48060814946681824	0.19265505570507513	0.9989208822153636	0.5452553479211039	0.47587948195018415	0.2518843182607756	0.8538097912004194
CLTC	13.313555512689318	0.13835284582149418	0.6433912380917464	0.8297385633481915	0.9930430668474647	0.5320593514991641	0.5314860664253233	0.31678878810557776	0.9989208822153636	-0.39370650567766996	0.5129331906502935	0.44274920670093676	0.9556839401475558
CLU	3.1761487254678165	-2.1668414385464634	1.5406367876218312	0.15958807089984806		-0.4355331555883314	1.0723766268466703	0.6846410300130641	0.9989208822153636	-1.731308282958132	1.3770127262524108	0.20864760476954458	0.7965459751492505
CMC1	9.921164911829125	-0.035374528766658815	0.8612623541532	0.9672377917882443	0.9964726730517024	0.6766278176124002	0.7084266747966653	0.3395203478153159	0.9989208822153636	-0.7120023463790591	0.69759486923963	0.3074188353753582	0.8891901741132888
CMIP	10.200936292273235	1.3538343426931887	0.7704994090930768	0.07890301496030228	0.5907956711139589	1.0072859101318508	0.6787823987367161	0.13781953978890746	0.9989208822153636	0.34654843256133794	0.5660176158361397	0.5403675181224266	0.9711498888785488
CMPK1	7.97090499697303	-0.3696744891798505	0.8433636103175602	0.6611445740912618	0.9777153489789683	0.07983699176947673	0.6836729232858866	0.9070370963091814	0.9989208822153636	-0.4495114809493272	0.6993265511499205	0.5203683839128137	0.9686312519100319
CMTM3	7.807930862016073	0.1846818544114192	0.7458118308906666	0.804424358549162	0.9930430668474647	0.07370259893745396	0.6224134941782993	0.9057394712034623	0.9989208822153636	0.11097925547396525	0.5973519074109132	0.8526130642731835	0.9919160079379556
CMTM6	35.36636134767246	-0.33265353033208267	0.48649548039324625	0.4941171473740914	0.950072124198807	-0.14541835918957277	0.40715170667757067	0.7209719267229941	0.9989208822153636	-0.1872351711425099	0.40915127189646217	0.6472265854275062	0.9777614542981466
CMTM7	14.944638566373099	0.10446285965206989	0.5744933223352852	0.8557123988788731	0.9930430668474647	-0.335792547336274	0.4860972108517905	0.4896956393905193	0.9989208822153636	0.44025540698834387	0.4720564369860845	0.3510094932333373	0.9151923174089035
CNBP	43.68414256447205	-0.3594632069899973	0.41727307290896776	0.3889858698348184	0.9257411016933377	-0.20979487706714578	0.3478130953150646	0.5463870879524994	0.9989208822153636	-0.14966832992285153	0.3508261856262549	0.6696584898079505	0.9777614542981466
CNIH1	13.362179532317041	-1.251747370093913	0.6765486351428124	0.06428534967369402	0.5350260352203081	-0.5049494048093339	0.5184064617566557	0.33003593670696485	0.9989208822153636	-0.7467979652845791	0.5866617237648806	0.20303159666214265	0.7883673700178944
CNIH4	21.57311311257546	0.04648502533318368	0.6068550935485004	0.9389418570555791	0.9962366574728068	-0.2043940305416894	0.5165058786878026	0.6923082795250883	0.9989208822153636	0.2508790558748731	0.5056346006342768	0.6197767966579371	0.9777614542981466
CNN2	9.462895423140044	-1.1047323311481674	0.8537107340062275	0.19565302348567126	0.8186597563383513	0.1065059304060435	0.6495660296886694	0.8697588951504989	0.9989208822153636	-1.2112382615542108	0.7296176109296462	0.09689431883121785	0.6007036326691213
CNOT2	8.585792167276285	0.44492696415802646	0.7564021933264498	0.556388125228013	0.965058301207955	-0.10542960898607168	0.6492728928973155	0.8710057988826347	0.9989208822153636	0.5503565731440981	0.6087753027768226	0.36597475913298827	0.9224426087386502
CNOT4	7.494070944550491	0.8009227002193824	0.7931753887383705	0.3126067119803301	0.8836419566191195	0.10702005296373232	0.689927366046484	0.8767284064900432	0.9989208822153636	0.6939026472556501	0.6144159452234854	0.2587419809751653	0.8590598895388247
CNOT6L	5.3151073713216315	0.25077372669585213	0.8961252165437693	0.7795985098176539	0.9930430668474647	0.5366156124217047	0.7374370988296057	0.4668116678093176	0.9989208822153636	-0.2858418857258527	0.6989016520186099	0.682548995836608	0.9777614542981466
CNOT7	9.55646182658705	-1.0379664101352015	0.7440464542690016	0.16300708286700571	0.776780034028619	-0.5035815313391929	0.5724940731782442	0.3790611353533515	0.9989208822153636	-0.5343848787960086	0.6406895645326207	0.4042372001528103	0.9323638423745704
CNPY2	9.206021832887771	-0.788046435538584	0.6680690856695595	0.2381640233024077	0.8377005764365608	-0.47490787455423933	0.5151961896190511	0.3566328801598657	0.9989208822153636	-0.31313856098434467	0.5689241300798823	0.5820417704603551	0.9711498888785488
CNPY3	33.51770235556846	-0.05824542064297114	0.45828673524150076	0.8988661275158504	0.9930430668474647	-0.2530109737589001	0.38728356851869616	0.5135651917542339	0.9989208822153636	0.19476555311592894	0.3818199906946883	0.6099829173010762	0.9776162491265729
CNTRL	10.634370259937898	0.9841765375397246	0.7904498248662255	0.21310082468402836	0.8289098832497114	0.2428661552166976	0.6924690072767727	0.7257947087000893	0.9989208822153636	0.7413103823230268	0.625024679901438	0.2356026424439468	0.8396928648032952
COA3	10.125524374080932	-0.20239240582968676	0.6337521580394296	0.7494567496327781	0.9930430668474647	-0.6825111688241557	0.5271337355618482	0.19540336630406696	0.9989208822153636	0.480118762994469	0.5302376697933585	0.365211991819691	0.9224426087386502
COA4	7.473411034941027	0.6543110332744291	0.7759972025294509	0.39912366599318994	0.9293546056084263	0.17965468363774634	0.6669911529437277	0.787659647592758	0.9989208822153636	0.47465634963668274	0.6018369859372777	0.4302994918787011	0.9468534410593874
COA6	9.99269634010882	0.8181336187237365	0.735896719984319	0.26624539793969915	0.8526404634243385	0.7042111936955252	0.6325307412139791	0.2655696155282462	0.9989208822153636	0.11392242502821122	0.5585092291708883	0.8383723287033439	0.9919160079379556
COMMD1	11.59744076966767	1.563723483580537	0.697005088369778	0.02486527670682385	0.32506523840929996	0.6903351086970092	0.6237717073241701	0.2684188295232791	0.9989208822153636	0.8733883748835278	0.5069986034511488	0.08494925671551733	0.5614388197387352
COMMD3	8.500170855629456	0.1790166199182762	0.8284057828294977	0.8289115590148903	0.9930430668474647	0.570137280823267	0.6874084936542539	0.406877545061777	0.9989208822153636	-0.3911206609049907	0.6603321811764089	0.5536437237391405	0.9711498888785488
COMMD6	79.30759449871881	-0.3541273973239938	0.44781301992214373	0.4290648008107446	0.9403836536671231	-0.0171374493216793	0.38030078868128925	0.9640571877334094	0.9989208822153636	-0.3369899480023145	0.3804912208578688	0.375794970204398	0.9224426087386502
COMMD8	10.44277561492617	-0.894443987624794	0.7078157425220897	0.20634927424701832	0.8228105461966762	-0.07311976735526338	0.540336967751556	0.8923568698814079	0.9989208822153636	-0.8213242202695307	0.6008615819450865	0.17165324833005413	0.7403655614826559
COMMD9	12.075680806737752	-0.5459041199655515	0.5811698565454964	0.34756678194169455	0.9077544252935401	-0.816765856336519	0.47025668774743007	0.08241345255032959	0.9989208822153636	0.2708617363709675	0.49460817061769824	0.5839467302410368	0.9711498888785488
COMT	18.099319944028494	0.06908813730871656	0.6092491321883782	0.9097143691538512	0.9930430668474647	0.16714883215972315	0.5117836353565344	0.7439700047739811	0.9989208822153636	-0.09806069485100659	0.4988396563531512	0.8441581130690736	0.9919160079379556
COP1	7.097199673182669	1.6495993445356163	0.8317860118280561	0.04734491592708892	0.461049300337604	0.1394924787948112	0.7569899886539913	0.8537996437077968	0.9989208822153636	1.5101068657408052	0.611483095405303	0.013527149434925974	0.1828670201388141
COPA	11.603309511599052	1.0621448146012669	0.7337783924806998	0.14775671084068748	0.7554061841730147	0.15601462089527218	0.6459683364267559	0.809151699630557	0.9989208822153636	0.9061301937059947	0.5785558075589208	0.11730338524406454	0.6474969469048554
COPE	51.181079544150116	-0.06052880076714083	0.4349668440929543	0.8893258694953695	0.9930430668474647	-0.24772390547902923	0.37055369154763496	0.5037993921910962	0.9989208822153636	0.1871951047118884	0.3656701013087742	0.6087045761657673	0.9776162491265729
COPS5	6.857184754026854	-1.1205209029323446	0.7500985433429042	0.13521964138677717	0.7388049390819276	-0.8909749396688292	0.5615547665430598	0.11259836528806148	0.9989208822153636	-0.22954596326351545	0.6554998924573536	0.7262001683994237	0.9778476287367174
COPS6	9.815724570757908	0.370129270815681	0.7227037696496156	0.6085493884565633	0.9723015550569842	0.3780552796164063	0.6084751726142029	0.5343918156484895	0.9989208822153636	-0.007926008800725321	0.5708612827480373	0.988922288018049	0.9996889679060499
COPS9	29.69638146043084	-0.4387622609104191	0.5063239466839559	0.38618077632319725	0.9257411016933377	-0.15168970148790195	0.4189896615969108	0.7173244857745233	0.9989208822153636	-0.2870725594225172	0.4258764958814399	0.5002638409550602	0.9686312519100319
COPZ1	12.129767170252409	-0.3134828170699052	0.6910085948176258	0.6500737091531534	0.9756318293502411	-0.6266351760865958	0.5790422962279148	0.27916704187369834	0.9989208822153636	0.3131523590166906	0.5833274078161012	0.5913794731435336	0.9713108878987808
CORO1A	77.34828483788588	-0.07094058486257257	0.4209108308452942	0.8661579672562341	0.9930430668474647	-0.21671692606521573	0.36028443908858676	0.5474962262939496	0.9989208822153636	0.14577634120264316	0.35636591445937477	0.6824929523597691	0.9777614542981466
CORO1B	7.466292631142714	-0.290391911370296	0.9750180604189616	0.7658311295816573	0.9930430668474647	-0.03177074468296267	0.8090028920297845	0.9686739409982598	0.9989208822153636	-0.25862116668733337	0.8135534617599567	0.750567765957049	0.9806075510490304
CORO1C	10.267929046388542	0.3765628673787329	0.6964500395836202	0.588721969637629	0.9671367302673034	-0.06492099301113008	0.5943994152128645	0.9130270782857832	0.9989208822153636	0.441483860389863	0.5603593884531035	0.4307795269897865	0.9471959478992292
COTL1	177.21730716065724	-0.22357256747574822	0.3529914003317453	0.5264950024892125	0.9600988484882901	-0.21201235620038292	0.30282466497364896	0.48385494065390156	0.9989208822153636	-0.01156021127536528	0.3015822628923077	0.9694230830340578	0.9952132068500601
COX14	24.658472618623705	0.3123774553199568	0.5068749076548786	0.5377089719599975	0.962283048387728	-0.3083317591716477	0.4358454640451354	0.47929701494371413	0.9989208822153636	0.6207092144916045	0.417297775207575	0.1368962280549308	0.6932804081422513
COX16	17.01500177579499	-0.20774915119453177	0.5927110545101192	0.7259585192453502	0.9930430668474647	-0.35522393976983196	0.49565276235851513	0.4735721693805808	0.9989208822153636	0.14747478857530016	0.4953403336594188	0.7659136962728486	0.9809070145248762
COX17	30.451169619085345	-0.23487966689196613	0.5016659896595307	0.6396420702927086	0.9751305895889376	-0.1053066200250388	0.4196882399976382	0.80187882246709	0.9989208822153636	-0.12957304686692733	0.4194046603230566	0.7573632306525434	0.9809070145248762
COX20	8.101129893004877	-0.13645040751091622	0.7505248992830394	0.8557344761894283	0.9930430668474647	-0.01606993327730265	0.6120051949867262	0.9790516836916182	0.9989208822153636	-0.12038047423361357	0.6127727319306188	0.8442563408859213	0.9919160079379556
COX4I1	198.6145878721311	-0.08558993328246622	0.47164405721600977	0.8559975367943601	0.9930430668474647	-0.04280276549226917	0.4068009375713254	0.9162028584120679	0.9989208822153636	-0.04278716779019705	0.4049547031718824	0.9158527962305439	0.994159912636873
COX5A	34.97221246637889	-0.09798418776869099	0.5433494624564452	0.8568906456200858	0.9930430668474647	-0.19513446609215632	0.4621908033767018	0.6728829752182837	0.9989208822153636	0.09715027832346532	0.45707246058221895	0.8316787819474547	0.9919160079379556
COX5B	80.56361472984626	-0.22232793459096004	0.4384947224062182	0.6121370405901732	0.9723015550569842	-0.1309256111567404	0.3741513307547364	0.7263935668038575	0.9989208822153636	-0.09140232343421964	0.372380992056968	0.8061050890748266	0.9919160079379556
COX6A1	53.88546095588554	0.18663969062009095	0.4219684679375198	0.6582669230852771	0.9756318293502411	0.030052772873720792	0.36078462951417667	0.9336142934473456	0.9989208822153636	0.15658691774637018	0.3506382954954106	0.6551806707002047	0.9777614542981466
COX6B1	101.48685021058583	-0.3048548896863145	0.43490939850608534	0.4833268336826062	0.9442442286200136	-0.3539028495683329	0.372469273870884	0.34203444582454223	0.9989208822153636	0.049047959882018356	0.3717468952704524	0.8950324422788793	0.9919160079379556
COX6C	47.6601023780626	-0.7089781503330741	0.4215792319124397	0.0926231826946946	0.6359236739925915	-0.3394988956932896	0.3473669824317487	0.328396227420894	0.9989208822153636	-0.36947925463978454	0.3588771165671726	0.30322480506458827	0.8862952892362709
COX7A2	72.46569325521065	-0.5184836893013967	0.43847052281055476	0.23701433303304487	0.8377005764365608	-0.38029410759244797	0.3716000789110492	0.3061205567476889	0.9989208822153636	-0.1381895817089487	0.37439313625847553	0.7120510486010369	0.9777614542981466
COX7A2L	33.1064302544442	-0.7083367988074998	0.6018061993074134	0.23918827566753809	0.8389623385462127	-0.46837100960622946	0.5053127132422729	0.35398189379433065	0.9989208822153636	-0.23996578920127035	0.5150284433205828	0.6412675710356375	0.9777614542981466
COX7B	55.06129980104108	-0.6183049282620019	0.41707353479382536	0.13821150289870807	0.7434954824362986	-0.31088904494652775	0.3473934124444062	0.3708302666168538	0.9989208822153636	-0.3074158833154741	0.3547453684838937	0.38617118393666894	0.9224426087386502
COX7C	125.52219729256944	-0.37496157848708217	0.39337615730316067	0.3404946374872606	0.9005240142553081	-0.16812864601830552	0.3357659355570981	0.6165599628863552	0.9989208822153636	-0.20683293246877665	0.3358650564590969	0.5380123169388631	0.9686312519100319
COX8A	55.04743772852302	0.1553579073983268	0.3808334457065846	0.6833163534997718	0.984112860298227	0.11966913481501788	0.32346718622288273	0.7114141036571415	0.9989208822153636	0.03568877258330891	0.31383752155445116	0.9094618551433986	0.9933939763059726
CPD	10.321440928377758	0.2110935134144959	0.7316422722570902	0.7729486343912952	0.9930430668474647	-0.7639848898869231	0.6325940371174112	0.22716202642162264	0.9989208822153636	0.9750784033014191	0.6110178534811348	0.11052756401410384	0.6329429310729375
CPEB4	8.02328091560843	1.1003176907172203	0.8299815601049687	0.18493464128395176	0.8065542718155512	0.6956985162839536	0.7256049292084465	0.33766748795291224	0.9989208822153636	0.40461917443326656	0.6290693486956561	0.520092508494169	0.9686312519100319
CPM	8.525539175034906	0.4004291300325392	0.8773682938778574	0.6481038074154413	0.9756318293502411	-0.024510911799218268	0.7535971035962425	0.9740532037891707	0.9989208822153636	0.4249400418317575	0.7165013859247128	0.5531300430063038	0.9711498888785488
CPNE1	6.395360038849982	0.4022587945822075	0.8099050033092273	0.6194189278904059	0.9747465964778875	-0.06059495890844537	0.6892409735303155	0.929943843891918	0.9989208822153636	0.46285375349065283	0.6441352809433989	0.4724083291987651	0.9664871084564397
CPNE3	10.615793294636248	-0.22306784652573838	0.6901810147968966	0.7465423078394745	0.9930430668474647	-0.257726640968067	0.5696567584599785	0.6509632422759235	0.9989208822153636	0.034658794442328625	0.5728281225554043	0.9517536716287248	0.9952132068500601
CPPED1	16.318662541648553	-0.3905763915975228	0.5464662843456176	0.4747752810624223	0.9442442286200136	-0.4590386044509237	0.4478710790380948	0.3053940060839604	0.9989208822153636	0.06846221285340089	0.45868622150941873	0.8813507005369405	0.9919160079379556
CPQ	10.675979243867038	1.8569761111036909	0.7245341017244736	0.01037740251758122	0.18720854708763215	-0.3032821975532496	0.6655951078312549	0.6486375904659593	0.9989208822153636	2.1602583086569402	0.5590890575780616	0.00011159574448727504	0.003879280641700513
CPVL	44.55394479159551	-0.7842377942853993	0.4833221046328247	0.10467522938936477	0.6704366481918375	0.11773176261409427	0.39550689326725724	0.7659526770083962	0.9989208822153636	-0.9019695568994935	0.4103222019702547	0.027934979504047663	0.2933494390400185
CR1	6.684809531588624	-0.13713022868703081	0.8930958499305107	0.8779686594089955	0.9930430668474647	-0.6788295087486969	0.7566390914467077	0.36963130269854627	0.9989208822153636	0.541699280061666	0.7510545200029041	0.470754724831166	0.9660542988919743
CRBN	8.071259736255104	-0.0585685845501378	0.7181627807896355	0.9350018946140417	0.9962366574728068	-0.12161583620211996	0.5896500699815197	0.8365949583750069	0.9989208822153636	0.06304725165198216	0.5847256134408326	0.9141355798788362	0.9933939763059726
CREB5	11.360484982861479	1.919632332186066	0.7083652163927594	0.006729392045666625	0.14707060631101945	0.7803849322594757	0.6433764521973047	0.225148067128779	0.9989208822153636	1.1392473999265902	0.49993849698088827	0.022680437624249778	0.25896859013437346
CREBBP	9.265310798408466	1.7518961457239632	0.7364832465360588	0.017372308851317637	0.25375979714960406	0.26289929132052675	0.6695175214626823	0.6945634007494431	0.9989208822153636	1.4889968544034364	0.5432384264481523	0.006125925877401226	0.09993130481570715
CREBRF	9.218509271349527	-0.08518055290598339	0.7437077785109213	0.9088137216130385	0.9930430668474647	0.3724376593636293	0.6058947849240923	0.5387592535952429	0.9989208822153636	-0.45761821226961275	0.6018039786935812	0.4470091020232987	0.9565360688378212
CREG1	19.648025806285013	-0.7175443391906865	0.5213378170482827	0.1687126857622182	0.7803302412556232	-0.6190181655853714	0.42110178820859023	0.14156269498214685	0.9989208822153636	-0.09852617360531506	0.44473922469798927	0.8246743654189637	0.9919160079379556
CREM	22.034791718643916	1.5363565590957422	0.8049773216204393	0.056317425886889504	0.5038649697317645	0.17140414911737453	0.7101867780803924	0.8092832393336742	0.9989208822153636	1.3649524099783676	0.6602363206227317	0.038699353080847175	0.3621862531925441
CRIP1	126.63196061899913	-0.2845918413584115	0.652970646555827	0.6629515812461306	0.9780705608686049	0.07203465935974895	0.5625472856039619	0.8981087299633459	0.9989208822153636	-0.35662650071816043	0.5616209773839783	0.5254316897254003	0.9686312519100319
CRIPT	8.100747135724864	-0.534663251380901	0.7232812663921735	0.45977402789575883	0.9440800184231919	-1.0795317409818068	0.5965883079775883	0.0703720078637058	0.9989208822153636	0.5448684896009057	0.6205880397678066	0.37995054771132397	0.9224426087386502
CRLS1	6.466833214226971	-0.3137780304449659	0.7333637708873763	0.6687520504709621	0.9780705608686049	-0.944651209308429	0.6070768897083552	0.11969259401426659	0.9989208822153636	0.6308731788634633	0.6208153977385176	0.3095337179954615	0.8908003621417085
CROCC	7.964193321780726	6.5414978960176615	2.0270549894096033	0.0012505417597816033	0.049045219976092194	0.20338474417693156	2.0798355031835034	0.9220999529079288	0.9989208822153636	6.33811315184073	1.0317982422741536	8.108780562969658e-10	1.18388196219357e-07
CRTAP	13.955983861317234	0.6456672527771442	0.6859725378377982	0.346580044290723	0.9073490416046154	0.6566834830232442	0.5872803417932853	0.26349132373777995	0.9989208822153636	-0.011016230246099995	0.5394575501539683	0.9837075796549918	0.9987573479111876
CSDE1	26.872180029355068	-0.8973125847354079	0.5184429982588922	0.08349038665466858	0.6078571855312572	0.035373210415252834	0.40925667312338837	0.9311223539678788	0.9989208822153636	-0.9326857951506607	0.44022477411649574	0.03411936954215791	0.3320951968770037
CSF1R	7.669562933208205	-0.4920347011608285	1.0863130319613912	0.6505918960953527	0.9756318293502411	0.9420573050082472	0.8668624240179282	0.27715008155670584	0.9989208822153636	-1.4340920061690758	0.8970366126556969	0.10988738331701887	0.6324212759207303
CSF2RA	10.267557423611322	1.698781828446131	0.8387664665328295	0.042833130219069614	0.43831652454164993	-0.15111973198387918	0.756754948648987	0.8417195869301854	0.9989208822153636	1.84990156043001	0.6628742565645167	0.00525896922633916	0.08944553173006455
CSF3R	46.776624160360676	0.679184573447782	0.6693879698245676	0.31027977013198305	0.8836419566191195	0.07621234619468345	0.5810478537523491	0.8956458657304092	0.9989208822153636	0.6029722272530986	0.5646220189042461	0.2855557364412836	0.8795598633001563
CSGALNACT2	22.24816314639736	1.109540114415671	0.5417077353100286	0.040537815390138246	0.4235757863575394	-0.03633981178997499	0.4791636659707258	0.9395463269909029	0.9989208822153636	1.1458799262056458	0.430977776076436	0.007842154345053316	0.12180367386997704
CSK	8.643375373373804	0.1371624163125573	0.7236260039463744	0.8496627377903813	0.9930430668474647	0.5282693846802007	0.5888933459915692	0.3696898736363229	0.9989208822153636	-0.3911069683676434	0.5680704478327913	0.4911485366320063	0.9686312519100319
CSNK1A1	29.545657413446232	0.35166104067779685	0.5030946233100393	0.48455464072630405	0.9442442286200136	-0.07701086263870123	0.43219831771141065	0.8585784064862529	0.9989208822153636	0.428671903316498	0.413743102629026	0.30016375130784834	0.8862952892362709
CSNK2A1	4.57056711235608	0.8212063662510733	1.0397865118623406	0.4296541405683082		1.3075779816955018	0.8784806383960866	0.13663121624532026	0.9989208822153636	-0.4863716154444283	0.7502673633436402	0.5168139610899184	0.9686312519100319
CSNK2B	23.489361992424037	0.14445206446635867	0.5215533267994524	0.7818069115090072	0.9930430668474647	0.00306386834591926	0.4413449472377554	0.994461036362949	0.9989208822153636	0.1413881961204394	0.4274500885057633	0.7408172857972074	0.9803559971046334
CSRNP1	9.968279255972577	-0.245367979185473	0.9653583467429522	0.7993619469743984	0.9930430668474647	0.06710536374995035	0.8097212305647031	0.9339512108883592	0.9989208822153636	-0.3124733429354234	0.8084622226963749	0.6991239353298137	0.9777614542981466
CST3	413.6180914114836	-0.19422353831598363	0.36135622263913253	0.5909326644886517	0.9671367302673034	-0.013601553599784141	0.3116406075462352	0.9651873828725706	0.9989208822153636	-0.18062198471619947	0.3108193619527435	0.5611625352041933	0.9711498888785488
CST7	6.163782106837296	0.5765075829196488	1.010945768095346	0.5684975770054824	0.9665616667306404	0.41889052213760125	0.865732229331103	0.6284874223306101	0.9989208822153636	0.15761706078204754	0.8014336389213466	0.8440866600892397	0.9919160079379556
CSTA	170.6444174198957	-0.4109344553411082	0.5202900397826006	0.4296340465959728	0.9403836536671231	-0.24937563418596	0.4479809158739525	0.5777558193315078	0.9989208822153636	-0.1615588211551482	0.4479481287136361	0.7183505440894971	0.9777614542981466
CSTB	49.948843772632706	-0.17561089678777847	0.4370227270421506	0.6878056821909373	0.9855093203371755	-0.21602293564721606	0.37030590125181145	0.5596486435453681	0.9989208822153636	0.040412038859437595	0.3678207166760482	0.9125133876700634	0.9933939763059726
CTBP1	5.274991688206609	0.13324956925609743	0.8700095206811498	0.878273087822289	0.9930430668474647	0.46063669976013655	0.7046197619080056	0.5132806297350606	0.9989208822153636	-0.3273871305040391	0.6803765387349832	0.6303848685319117	0.9777614542981466
CTBS	8.346070012179998	0.42764926973840667	0.8034040697061376	0.5945205737625412	0.9671367302673034	0.6349759620559507	0.6747077457085362	0.34664715824721015	0.9989208822153636	-0.20732669231754408	0.6270064319261415	0.7409004213204717	0.9803559971046334
CTDSP1	9.74610589537055	0.6915998086237827	0.7511890296040005	0.35722093260331256	0.9155985049626535	-0.15693150340035614	0.6546743887370376	0.8105556674565794	0.9989208822153636	0.8485313120241388	0.6033273630950008	0.15959962090388014	0.7186901642302764
CTDSPL	4.444730165963748	-0.3279306980259685	1.197785098199704	0.7842529924362621		1.145731926127526	0.9110999080282268	0.2085631893415315	0.9989208822153636	-1.4736626241534942	0.9570431268262176	0.12360717122242995	0.6526816274312757
CTNNA1	9.31220465658746	0.21018722280339622	0.6952448195964653	0.7624072465391547	0.9930430668474647	-0.041497283291919644	0.5849449466593967	0.9434437546397758	0.9989208822153636	0.25168450609531584	0.5603462754851612	0.6533170474214647	0.9777614542981466
CTNNB1	27.57306233854177	0.4843400774351473	0.5234796846060534	0.3548453190703821	0.9111409403574026	-0.04843133304038611	0.45192356644003184	0.9146564242497887	0.9989208822153636	0.5327714104755333	0.4287919657145288	0.21405438225544704	0.8053947367540224
CTNNBIP1	7.250938536307243	-0.27322654530175633	0.7800690760868382	0.7261440137558782	0.9930430668474647	-0.9299678535419483	0.6538165205589026	0.15491937814154227	0.9989208822153636	0.6567413082401921	0.6605673860264735	0.32012166682142595	0.8949795328131928
CTSA	19.960999388158168	-0.48200113127439825	0.5558991005251579	0.38590592546008995	0.9257411016933377	-0.31450248486886984	0.4567907280850578	0.4911351195328497	0.9989208822153636	-0.16749864640552845	0.4682890519660569	0.7205811744335335	0.9777614542981466
CTSB	66.44135552032226	-0.2685408349889376	0.5831799514483884	0.645174023802241	0.9756318293502411	0.36950159951462613	0.49720915667381527	0.45739012249908084	0.9989208822153636	-0.6380424345035638	0.495688695774147	0.19803024962280613	0.7786545428599128
CTSC	18.28330422638285	-0.03705908098156106	0.6554523607211308	0.9549118686756233	0.9964726730517024	0.7681353010035605	0.5412102544636331	0.1558139484384313	0.9989208822153636	-0.8051943819851216	0.5326850056423885	0.13064151638016977	0.6779938054280319
CTSD	66.79548922491516	-0.20385031080969748	0.39812512694999236	0.6086329984715277	0.9723015550569842	-0.24432791859317307	0.3380935928539125	0.46988660992338793	0.9989208822153636	0.040477607783475596	0.3362666570596222	0.904187251253802	0.9933939763059726
CTSH	32.88512986981181	-0.6994977735496732	0.49279796507485873	0.1557704052283596	0.7752612178129458	-0.2773186444768105	0.40403304475953156	0.4924759421642473	0.9989208822153636	-0.4221791290728627	0.4186815151776149	0.3132846067829409	0.8938644939739743
CTSS	393.0701608247277	-0.25046992959057596	0.3375402236250638	0.45806026108053144	0.9440800184231919	-0.05220070633961154	0.2907463715603941	0.857513434529177	0.9989208822153636	-0.1982692232509644	0.2900832370882223	0.4942967628028978	0.9686312519100319
CTSZ	27.735924636376822	0.08375958283666939	0.661459425425038	0.8992344770856412	0.9930430668474647	0.3803802604960498	0.5630143022338332	0.4992858455731046	0.9989208822153636	-0.2966206776593804	0.5513403055225246	0.5905775578702496	0.9713108878987808
CUL3	5.931231783005827	2.034422298569542	0.9409418926672964	0.030609499976551255	0.35915982964289445	0.7101564811505772	0.8600261440702988	0.40895259070185697	0.9989208822153636	1.324265817418965	0.6598838620680421	0.04476920613138358	0.3925708165274477
CUL5	5.199764331359553	0.6194558641524923	0.9918424859655028	0.5322660211788065	0.962283048387728	1.0565954169422127	0.8270617852771359	0.20141554818216145	0.9989208822153636	-0.4371395527897203	0.7310726571485112	0.5498781722744416	0.9711498888785488
CUTA	26.627052828733895	-0.38958003626697635	0.5525725946579046	0.48079181474270527	0.9442442286200136	-0.496606672695394	0.4643581225045074	0.28486803516183123	0.9989208822153636	0.10702663642841764	0.4681074391078093	0.8191511376154587	0.9919160079379556
CUX1	19.098583673427992	3.1481254644338583	0.7097450643509208	9.182805488291419e-06	0.0020041167057090626	0.7731172321798073	0.6613491954638846	0.24240361755372808	0.9989208822153636	2.375008232254051	0.4984697902385333	1.8923040591226619e-06	0.00011051055705276345
CWC15	12.740033005698315	-0.8461834402752828	0.665631920057556	0.20364033198384335	0.8218069288305614	-0.1548563013881272	0.518410406366332	0.7651584871061292	0.9989208822153636	-0.6913271388871556	0.5649572834621025	0.22107282683781815	0.8140386561997843
CXCL16	9.353472470651113	-0.5162511957313666	0.775949438440306	0.5058487128735147	0.9510478797151422	0.8663889126533072	0.5805871282465231	0.13563011177050174	0.9989208822153636	-1.3826401083846738	0.6313762601051272	0.028532726658328737	0.2959591126643527
CXCL2	91.89422863357198	-1.4271766480935963	0.9101878702275027	0.11688060221340682	0.6928140044243969	0.36719948622575926	0.7764141187708755	0.6362539711434484	0.9989208822153636	-1.7943761343193554	0.7869394239458962	0.022596065904730647	0.25896859013437346
CXCL3	47.910448384041274	-0.5780998441728126	1.3005230842250879	0.6566714950851578	0.9756318293502411	0.4185173634545884	1.1191347448884819	0.7084302638291271	0.9989208822153636	-0.9966172076274009	1.1208532645925018	0.37391742323735455	0.9224426087386502
CXCL8	213.99240541855883	-0.8004064442460052	0.6793499159656398	0.23871901038505516	0.838592057340384	0.5188429134663866	0.5842064393092222	0.3744785158176641	0.9989208822153636	-1.3192493577123918	0.5861974344352829	0.02441592210907933	0.2640536761426357
CXCR4	102.03244054095676	-1.5829009445512103	0.8975159463562049	0.07779149734728297	0.5907614241519128	-0.2856403512917035	0.7684368015032592	0.7101042168357335	0.9989208822153636	-1.297260593259507	0.7772680379695136	0.09511731915704436	0.5972958536313323
CXorf21	5.114463449720307	-1.149733645881433	1.036710196157695	0.26742101152180586	0.8541660845913596	0.04225700975886673	0.7667587905566627	0.9560498602007953	0.9989208822153636	-1.1919906556402995	0.8889361151569874	0.17994699775719658	0.7517237854220555
CYB5R3	6.665961429227963	0.736371196310375	0.9212759837624875	0.42411943477506786	0.9390981761492803	0.8933196791804479	0.7862554203111046	0.25588549881414935	0.9989208822153636	-0.1569484828700729	0.7035122837923145	0.823463328779423	0.9919160079379556
CYB5R4	11.950199294231098	0.1873236087830293	0.647232247303025	0.772258039078581	0.9930430668474647	-0.006038926494620081	0.5449552187821867	0.9911584155287371	0.9989208822153636	0.19336253527764938	0.523956686610117	0.7120956914137117	0.9777614542981466
CYBA	351.7282335128794	0.31447106798033686	0.40086020287567176	0.43275228533453225	0.9403836536671231	0.06780836337654547	0.34683483595538184	0.8449966786332738	0.9989208822153636	0.2466627046037914	0.3441368035724916	0.4735236148644698	0.9664871084564397
CYBB	57.45158744006934	-0.9413834408333214	0.5868400855035404	0.10867952171518873	0.6778855570165258	0.02822396978306738	0.4923313094955502	0.954284562672022	0.9989208822153636	-0.9696074106163888	0.5034411690530227	0.05410940415388417	0.42941486489183917
CYBC1	6.580424973926646	0.6789976262676398	0.8043740174522857	0.3985958018868352	0.9293546056084263	0.09043089570282138	0.6939048450960562	0.8963118705701074	0.9989208822153636	0.5885667305648185	0.6240319080933545	0.3455951391642621	0.9143359608165523
CYC1	17.27818651914978	0.6559342250504387	0.6295062604282119	0.2974200001695819	0.8770584634445198	-0.043429144382293144	0.5468527284314484	0.9367013236459227	0.9989208822153636	0.6993633694327319	0.510678194600573	0.17084940745122923	0.7390818811223546
CYCS	35.658925422046664	-0.7258141305674204	0.6329275130243969	0.2514820167123414	0.8447733157557729	-0.40132759350325076	0.533561459750803	0.45195033073934443	0.9989208822153636	-0.32448653706416963	0.5422495044004044	0.5495676114242614	0.9711498888785488
CYP1B1	17.453661529301385	-1.105674479277132	0.7003226704616959	0.1143802850462828	0.689576712070143	-0.16051280703177287	0.5586289752617776	0.7738569902650418	0.9989208822153636	-0.9451616722453592	0.6008138941352084	0.1156874439186707	0.6410006380313443
CYP27A1	8.948092954386095	-0.3127197596987209	0.7874825334876282	0.6912839387421874	0.9871051953211385	0.02581373313007056	0.636684112569546	0.9676594133193267	0.9989208822153636	-0.33853349282879147	0.649996838564845	0.6024898762280846	0.9762877017680395
CYSLTR1	6.142531459764425	-0.8954427167989225	0.9120891225030302	0.32622344717927054	0.8878304060579073	-0.41970361841460624	0.7145207388970235	0.5569406040266887	0.9989208822153636	-0.4757390983843163	0.7796161843291746	0.5417146297929272	0.9711498888785488
CYSTM1	12.038808007783224	0.7093594120874754	0.7538487365139387	0.34671318599910905	0.9073490416046154	0.30764321461876265	0.652053464222314	0.6370647446893483	0.9989208822153636	0.4017161974687128	0.6015836430992105	0.5042839338764985	0.9686312519100319
CYTH1	13.051962695389628	2.175108569427097	0.6819029765703609	0.001423897399172659	0.05226433658758106	0.6817699610597776	0.6243252629985543	0.27482833222849046	0.9989208822153636	1.493338608367319	0.48585232464100847	0.0021145938058300404	0.044348995342458127
CYTIP	30.111303348373095	-0.32267709426852736	0.5213030791736527	0.5359283790346245	0.962283048387728	-0.21381013197253754	0.43638260466675804	0.6241620241202636	0.9989208822153636	-0.10886696229598986	0.438433535570658	0.8038953898375716	0.9919160079379556
CYTOR	12.581641287497229	-0.6737102876536762	0.7205649861427131	0.34980115497399733	0.9077544252935401	-0.5792794770476538	0.5924141190959531	0.3281590963302088	0.9989208822153636	-0.09443081060602238	0.6142834984564179	0.8778264694909275	0.9919160079379556
DAD1	22.54301378842244	0.34245040824746886	0.5174750329998057	0.5081174515268774	0.9510478797151422	-0.16247716648321567	0.44382899279374116	0.7143049626187491	0.9989208822153636	0.5049275747306846	0.422937399642337	0.23253317066996348	0.836203027532381
DAP	4.420660836318195	0.28083691164814717	1.1040067214648306	0.7992022231923624		0.4435669097299458	0.9260930173122353	0.6319629383397071	0.9989208822153636	-0.1627299980817986	0.8800521040194742	0.8533000163967019	0.9919160079379556
DAPP1	8.414061463584254	0.024428944150807003	0.7430962872959098	0.9737746407520774	0.9964726730517024	-0.1723986183138912	0.6215071437328398	0.7814822013777365	0.9989208822153636	0.1968275624646982	0.6084982964245748	0.7463435317906993	0.9803559971046334
DARS	7.248089803839865	0.06011618256855953	0.7726689977691995	0.9379845371045865	0.9962366574728068	0.25579827062591454	0.6300234647049208	0.684732402850828	0.9989208822153636	-0.19568208805735504	0.615183155469828	0.7504185453171548	0.9806075510490304
DAZAP1	7.084836780320271	0.007707968402406174	0.7705976128169362	0.9920192246530107	0.9987011225658877	0.22235672431162715	0.6245941385325137	0.7218391131908248	0.9989208822153636	-0.21464875590922095	0.6151652622976508	0.7271429106425372	0.9784595848277459
DAZAP2	47.1913906073541	-0.3415527579371183	0.46571201624098135	0.46331506843686554	0.9442442286200136	-0.16993002247430847	0.3923898767459571	0.6649681033781453	0.9989208822153636	-0.17162273546280982	0.39347072761693	0.66270858335676	0.9777614542981466
DBI	53.1010824407918	-0.2017799677450633	0.47400682740582856	0.6703337476131124	0.9780705608686049	0.06668341888860045	0.40129466359565963	0.8680226095418356	0.9989208822153636	-0.26846338663366376	0.3990690955792999	0.5011228507984313	0.9686312519100319
DBNL	13.472442098019444	0.16702326455518948	0.6136475318862872	0.7854827680476588	0.9930430668474647	0.3195616550543891	0.5098468026099151	0.5308036145648536	0.9989208822153636	-0.15253839049919962	0.4904116823056971	0.7557690647572374	0.9809070145248762
DCP2	9.9210403107746	-0.06241651582025569	0.6630592966818462	0.9250026019908735	0.9957340452911454	-0.151075653016608	0.5468903467009383	0.7823599958157783	0.9989208822153636	0.08865913719635232	0.541844737549477	0.8700266649877728	0.9919160079379556
DCTN2	6.32335501731104	0.4529678809462506	0.845450540186669	0.5921168273729935	0.9671367302673034	0.07592735872025641	0.72004732782096	0.9160205413144539	0.9989208822153636	0.3770405222259942	0.6690867887575991	0.5730841669955087	0.9711498888785488
DCTN3	15.712054184415424	-0.7367660654554584	0.6962628217704054	0.28997687511185566	0.8714932702259329	0.058357849617659475	0.5591058465007693	0.916870091030953	0.9989208822153636	-0.795123915073118	0.5881211906223847	0.17638398289327994	0.74672902411863
DCTN6	7.300595945417304	-1.5534517241519052	0.8792189551819524	0.07725264504418194	0.5897981940306478	-0.5834631334691837	0.6455084721540498	0.36605826662616225	0.9989208822153636	-0.9699885906827217	0.7728437834463787	0.20944604958951496	0.7971662514412872
DCXR	11.498455534313992	0.7585382347686925	0.6981424849774007	0.27725377163443266	0.8616503227382954	0.4230715953880802	0.6025150324693431	0.4825694108873555	0.9989208822153636	0.3354666393806123	0.5434259285669324	0.5370249576275647	0.9686312519100319
DDIT4	27.470856427317315	0.12927720796829936	0.5646255309650492	0.8188992535369632	0.9930430668474647	0.6601300552416057	0.4745030992972093	0.1641639289106459	0.9989208822153636	-0.5308528472733063	0.4604431435636855	0.24894434710445157	0.8530899342927205
DDRGK1	7.684289870721092	0.6809880554683462	0.7541688121926965	0.3665444610620988	0.9233513498088938	0.2395961909730317	0.6486897680489964	0.7118638454134816	0.9989208822153636	0.4413918644953145	0.5839188478758225	0.44970134225122305	0.9565360688378212
DDT	26.04541367333196	-0.8353895024877998	0.5140572308461934	0.10414328503458777	0.6704366481918375	-0.6826237609047295	0.4194087181297206	0.10361269813604553	0.9989208822153636	-0.15276574158307019	0.440970362550934	0.7290189369471879	0.9791790689447051
DDX1	3.751162625617235	-1.1544436028438454	1.1125460213257654	0.2994287510073572		-0.05177282222740853	0.8051702144342995	0.9487309802049708	0.9989208822153636	-1.1026707806164369	0.9564350704395886	0.248952810711068	0.8530899342927205
DDX17	29.380033891945413	-0.30959261390051745	0.5013127472969309	0.5368629017712602	0.962283048387728	0.01745228333238134	0.4153533093067736	0.9664844103151699	0.9989208822153636	-0.32704489723289876	0.4183243168934695	0.43433360162042123	0.9498696663895039
DDX18	21.86938240782729	0.8001056165099083	0.5761789610882777	0.16494200260523284	0.7783231032819024	0.05329279105159038	0.5025538569373356	0.9155474896306741	0.9989208822153636	0.746812825458318	0.4647298712744959	0.10805818105237157	0.628545594965986
DDX21	26.745852163428896	0.5281873362484647	0.5331481402449384	0.3218344055446971	0.8859729837254499	0.6565205816018868	0.45494522613896443	0.14899903575605708	0.9989208822153636	-0.128333245353422	0.42527616270173924	0.7628316007066326	0.9809070145248762
DDX24	10.840041152067693	0.16799646147399017	0.7360113932128463	0.8194499272338001	0.9930430668474647	0.9908697133026023	0.6003155072851236	0.09882404443250281	0.9989208822153636	-0.822873251828612	0.5762125102977429	0.1532709860348457	0.7099105133445635
DDX27	5.91697857799232	0.3993507589744084	0.9373013296402162	0.6700608964842105	0.9780705608686049	1.0378109833441127	0.7712799207831357	0.1784412905363677	0.9989208822153636	-0.6384602243697042	0.711841228851098	0.36976491361573627	0.9224426087386502
DDX39B	8.168969431839171	-0.5696550108666908	0.8026122347948614	0.47785842491863995	0.9442442286200136	0.3526685246943315	0.6223862534380316	0.5709592535717427	0.9989208822153636	-0.9223235355610223	0.664844694664789	0.1653574135957756	0.7249904620115087
DDX3X	35.407433865392406	-0.3209838293032546	0.6825251990848299	0.6381488317148563	0.9747465964778875	0.9515625109079984	0.5710559138949834	0.09564947899570211	0.9989208822153636	-1.272546340211253	0.5717777992894044	0.026041259386412653	0.27853654728324156
DDX3Y	8.775285122805775	1.252296058106259	2.375892855468915	0.5981349800236332	0.9671367302673034	1.111250063408887	2.0642488289620182	0.5903482432196558	0.9989208822153636	0.14104599469737192	2.0106167210599155	0.9440737828584201	0.9944788766041077
DDX46	21.457357754434863	-0.09536037478240064	0.541690520225039	0.8602608126907207	0.9930430668474647	0.23979512572159836	0.44736226767869686	0.5919447234534454	0.9989208822153636	-0.335155500503999	0.4433482120708966	0.44967049248527813	0.9565360688378212
DDX5	121.58778599982129	0.1153226030150922	0.41983829624349295	0.7835594996485875	0.9930430668474647	0.5920147464736236	0.359777220437214	0.09986598080738443	0.9989208822153636	-0.4766921434585314	0.35401026154874926	0.17812554740431974	0.7505434320643775
DDX6	7.760415855484379	-0.1952871781150209	0.8252304646800206	0.8129317226180968	0.9930430668474647	0.4134375991897568	0.6620133343001726	0.5322890835899751	0.9989208822153636	-0.6087247773047777	0.6690340618279347	0.36289836077686033	0.9224426087386502
DDX60L	7.682368156780799	0.9550419336566831	0.8200767026845986	0.24419052127029817	0.8435191009508414	0.14030434010662604	0.7193225960701778	0.8453532958558019	0.9989208822153636	0.814737593550057	0.638860407068704	0.20220367785812654	0.7863493410522676
DECR1	13.894688971877015	-0.48282000562882904	0.6803343893034471	0.477902327231968	0.9442442286200136	0.15074559211783428	0.548024328955102	0.7832617024299993	0.9989208822153636	-0.6335655977466632	0.5667412433946256	0.2636055133057582	0.8629238776376839
DEK	31.64649136046935	-0.18400156325259742	0.5666256615221941	0.745383808111979	0.9930430668474647	0.49440357068517377	0.472670669034051	0.2955707506113521	0.9989208822153636	-0.6784051339377712	0.47024170706065876	0.14911253683296422	0.704544672414653
DENND10	17.45510105802456	-0.19555415245822833	0.611992141660937	0.749319314666767	0.9930430668474647	0.03101497293442099	0.5072176199371252	0.9512419232572872	0.9989208822153636	-0.2265691253926493	0.506822578336183	0.6548473758519957	0.9777614542981466
DENND1A	6.841271506306721	4.073281272394543	1.140251414974022	0.0003539057725753335	0.023028005156435903	1.59988790633472	1.1127534486494606	0.15049820674590866	0.9989208822153636	2.473393366059823	0.5546067536243495	8.206504583179583e-06	0.00042040339268218215
DENND4A	8.37798361767357	2.8037121694765563	0.9127024418316187	0.0021271538264103756	0.06745752316001254	0.38798662964850894	0.8559178880925759	0.6503335311246947	0.9989208822153636	2.4157255398280473	0.6418195884885541	0.00016730383444124515	0.005551445415550407
DENND5A	14.69745087717473	3.3031095691606227	0.8760683197792382	0.00016299983792227938	0.012963014888096829	-0.03765143843651714	0.8205019684578989	0.9633992815862422	0.9989208822153636	3.34076100759714	0.6577739709630702	3.796483630757528e-07	2.6394600480504714e-05
DENR	5.219460607754928	0.1495096427622409	0.8615900133927176	0.8622367393427304	0.9930430668474647	0.24091050094577024	0.7071665870400718	0.7333519620313875	0.9989208822153636	-0.09140085818352933	0.6811721074976321	0.8932588652074566	0.9919160079379556
DERL2	6.99666212185619	-0.4861193802599756	0.7463463475246874	0.5148320911975446	0.9521733056192314	-0.9891586567819949	0.6124241953371071	0.10627760809952914	0.9989208822153636	0.5030392765220193	0.6372958685629567	0.42991683855377893	0.9467248631802674
DGKZ	6.562197052602275	1.5854275036617156	0.952197256062651	0.09590875979706283	0.6476103285353558	1.2480990118962894	0.8467169749967792	0.1404694473564454	0.9989208822153636	0.33732849176542634	0.66433567418625	0.6116159533153659	0.9776162491265729
DGUOK	14.995760872459256	0.3250443156698186	0.5987196740405	0.5871993406605507	0.9671367302673034	-0.06162870844090483	0.5099570322965936	0.9038092230381347	0.9989208822153636	0.3866730241107235	0.48395642202403216	0.42430018537062375	0.9425245363634882
DHPS	7.34996321229434	0.037821262056763796	0.7930267174623316	0.9619614769219684	0.9964726730517024	0.27156404980349474	0.6457150847904841	0.6740740168248218	0.9989208822153636	-0.23374278774673096	0.6325334745721146	0.7117295436047752	0.9777614542981466
DHRS4L2	10.518366218239077	0.8259171426100409	0.7561381574089865	0.2747085630400119	0.8594258942872586	0.627924767841135	0.6528189426875569	0.3361165941547627	0.9989208822153636	0.1979923747689058	0.585467189217715	0.7352287297717318	0.9803559971046334
DHRS7	14.501271914053916	-1.115458952923966	0.5885789242389026	0.05806947078297127	0.5079180970890216	-0.6556317880847538	0.4536857571199125	0.14842329897401393	0.9989208822153636	-0.4598271648392122	0.5097393590302418	0.3670128260375357	0.9224426087386502
DHX29	7.429723781449919	0.6043533129491074	0.7582732363377902	0.4254437217818613	0.9391764168917583	0.46867200422023747	0.6419590547199682	0.46535029503696945	0.9989208822153636	0.13568130872887	0.5753953820957106	0.8135837175062633	0.9919160079379556
DHX34	9.240605648566303	4.124643490849671	1.0883358154705636	0.00015073047627203683	0.012692392751965924	0.7285835023587388	1.0542060376810891	0.48948975976864884	0.9989208822153636	3.3960599884909324	0.6743823522191195	4.75837540738659e-07	3.1578309521747366e-05
DHX36	12.606884729222992	-0.6314772399528897	0.669425737125985	0.3455214092028869	0.9065881293417456	0.44154922146786196	0.5140885260194219	0.3903972065308965	0.9989208822153636	-1.0730264614207516	0.5554134655011858	0.053366696163191084	0.42693356930552867
DIAPH1	12.394342078687885	0.6984394961747074	0.7105139292234698	0.32560445749128597	0.8878304060579073	-0.24742481704472427	0.6206919434141975	0.690167767524251	0.9989208822153636	0.9458643132194315	0.5762797414494779	0.10072926123413889	0.6102270597586837
DIAPH2	13.95545790398326	2.5964213458677947	0.7122458644869039	0.0002669758209600295	0.01864272622947718	0.9200820437452625	0.6587033525939828	0.1624713473487871	0.9989208822153636	1.6763393021225321	0.4907235111281958	0.0006353503352099811	0.01733853251227238
DICER1	11.430273437309184	-0.45645817390268767	0.6636970926706623	0.4916097545360405	0.947054723826513	0.05350757022300156	0.5274365013769479	0.9191945454891404	0.9989208822153636	-0.5099657441256892	0.550511221329342	0.35426442683107395	0.9170674878960425
DLEU1	6.754829062760848	5.152758802885595	1.4589980252730954	0.00041288093217209653	0.024518734406127205	1.0378731809729151	1.4579810089200804	0.47655367416327044	0.9989208822153636	4.11488562191268	0.6926135369946887	2.83117486749222e-09	3.7577411877624004e-07
DLEU2	12.943889269030736	3.5725829346482127	0.8401618111722713	2.116279301960258e-05	0.0026343076702227035	0.1188708266697362	0.8083639182103866	0.8830916639723425	0.9989208822153636	3.4537121079784767	0.5782648377043478	2.3358231402037423e-09	3.2479064616166317e-07
DMAC1	6.596663299010703	-0.08307444664307309	0.8171303630171955	0.9190217212173293	0.993425851529002	-0.4518348448107174	0.6798416295576252	0.5062949844976525	0.9989208822153636	0.3687603981676443	0.6748623246545522	0.5847750996121447	0.9711498888785488
DMXL2	16.94101452525111	1.3100710715567605	0.7414099065585598	0.07722828100756632	0.5897981940306478	0.43077344612404367	0.6532898959868281	0.5096447511159468	0.9989208822153636	0.8792976254327166	0.5916495059102787	0.13723153284459633	0.6932804081422513
DNAAF1	4.081178476568744	-1.715654286442281	1.4139562822191374	0.22498780911071103		0.04897102381713585	1.0286469221882122	0.9620292751239746	0.9989208822153636	-1.764625310259417	1.2373560030426343	0.15383203495003592	0.7099105133445635
DNAJA1	71.25446672865984	1.1828717750877726	0.6864915768156263	0.08487620066797298	0.6093571190959488	0.7456827097270321	0.5971657602607389	0.2117737027434936	0.9989208822153636	0.4371890653607406	0.5782462382955893	0.44961300059660525	0.9565360688378212
DNAJA2	9.533709666494774	0.1575612631489498	0.6686142671329219	0.8137015890418151	0.9930430668474647	-0.023087411242347183	0.5569850433361204	0.9669366071889349	0.9989208822153636	0.18064867439129698	0.5363920260070595	0.7362791418061931	0.9803559971046334
DNAJA4	22.20208778996597	1.78469285847706	1.9855949055318651			3.061385309506926	1.7294347414929279			-1.2766924510298656	1.651159089022921		
DNAJB1	159.83537233087287	0.4136914328849912	1.2454875337693707	0.73977433035591	0.9930430668474647	0.7664891143494347	1.0781688788709671	0.47713536642969834	0.9989208822153636	-0.35279768146444346	1.0752857082942238	0.7428385567618802	0.9803559971046334
DNAJB14	5.752602643752428	1.458929915268659	1.0401840904635893	0.16074541407770626	0.776780034028619	1.4876209202694466	0.9157884975497231	0.10428718681209889	0.9989208822153636	-0.0286910050007877	0.7288625133732806	0.968600114737689	0.9952132068500601
DNAJB4	14.561599547759132	0.35532739837050126	1.5886094919343903	0.8230125660390708	0.9930430668474647	1.3482338418432758	1.366438007010362	0.3238006900517312	0.9989208822153636	-0.9929064434727746	1.3400211817783423	0.4587157261422109	0.9611401237492433
DNAJB6	42.33898920280419	0.4222444944844273	0.7495897617927348	0.5732300898167375	0.9665616667306404	0.10732633072387054	0.6482989640637953	0.8685105676171102	0.9989208822153636	0.31491816376055676	0.6356995682989697	0.6203260127582383	0.9777614542981466
DNAJB9	6.551164416290202	-1.1842536617672716	0.9307672943861973	0.2032518834460647	0.8218069288305614	-0.5095037726617836	0.7205821940377004	0.47952149415940226	0.9989208822153636	-0.674749889105488	0.8050374939371413	0.4019410837876488	0.9305297484541918
DNAJC1	10.292341117953718	2.4550388250003707	0.8609670696746891	0.004351488112355957	0.1110686414598004	1.6453913632545394	0.7906888875599941	0.0374376351047939	0.9989208822153636	0.8096474617458316	0.5553555989778124	0.1448708219696241	0.7027179382924879
DNAJC15	18.32648214967089	-0.6315075035520975	0.6322733075575825	0.3178970085612365	0.8843105230594555	-0.18658113699378037	0.5157329752944374	0.7175175095080991	0.9989208822153636	-0.4449263665583172	0.5345863008887003	0.40524998789784006	0.9331997730989988
DNAJC2	5.376018798431207	-0.6570673891983846	0.8250387254457865	0.425794966512575	0.9391764168917583	-0.5334006335787779	0.6465520026878848	0.40937577801788594	0.9989208822153636	-0.12366675561960672	0.6993267595141254	0.8596365269434039	0.9919160079379556
DNAJC3	11.5059647006796	0.771373741240065	0.6826864816911011	0.2585144839380409	0.8468310989941064	0.2145792693174872	0.5924164380519853	0.7171949669237352	0.9989208822153636	0.5567944719225778	0.5373943608319994	0.30015534061634286	0.8862952892362709
DNAJC4	10.45214598129157	0.6457784446438006	0.6764986942755149	0.339785408150478	0.9005240142553081	0.024217611230592264	0.5845049713345825	0.9669509551090945	0.9989208822153636	0.6215608334132083	0.5325394464731289	0.24314417419722678	0.8530899342927205
DNAJC7	13.922748163961678	-0.6678523397332022	0.6232824918262867	0.2839409576644304	0.8632854553136564	0.06720972131810492	0.48884501605111225	0.8906460510172671	0.9989208822153636	-0.7350620610513072	0.5226461374764589	0.15959826353706408	0.7186901642302764
DNAJC8	13.063649637818704	0.16357259597279358	0.6136032065716396	0.7897947483876613	0.9930430668474647	0.6781776778737618	0.5011801666233348	0.17600405976362943	0.9989208822153636	-0.5146050819009682	0.4814293079436199	0.2851097758645945	0.8795598633001563
DNPH1	6.212484719508979	-0.07187626544969015	0.9796118732606884	0.9415099495674784	0.9962366574728068	0.16427150630043405	0.8125845638393707	0.8397922096014127	0.9989208822153636	-0.23614777175012425	0.803035903891543	0.7687053626106776	0.982608512363916
DNTTIP1	6.625113380890589	0.17459701694895996	0.8524614686604018	0.8377165560143236	0.9930430668474647	0.17867141430385697	0.7116531837692998	0.8017636296685133	0.9989208822153636	-0.00407439735489701	0.6842468135144213	0.9952489665004031	0.9996889679060499
DNTTIP2	10.384646935415823	0.19300667360870793	0.7835152930431676	0.8054234776878259	0.9930430668474647	0.4349324446907267	0.6575408669987799	0.5083217824519186	0.9989208822153636	-0.24192577108201882	0.6325419469950001	0.7021157636679183	0.9777614542981466
DOCK2	16.139116320284657	2.1393849212652047	0.7508883318003745	0.004383778024784298	0.1110686414598004	1.372482312827168	0.6751352311779866	0.04206264181187036	0.9989208822153636	0.7669026084380368	0.5480384115958084	0.1617052869518122	0.7186901642302764
DOCK5	8.919587102115868	0.48003580727675116	0.8340199714485429	0.5649067290398024	0.9665616667306404	-0.9536480671375077	0.7333406364931585	0.19345834964803998	0.9989208822153636	1.4336838744142588	0.6985059764260315	0.04012104532246594	0.3669012546935494
DOCK8	21.0610275415384	1.2022328293939513	0.5538136238025197	0.029944352944250945	0.3554579603182054	0.7815944474115053	0.48581218351476924	0.10765116350120238	0.9989208822153636	0.4206383819824459	0.42003910242425885	0.31662054988108923	0.8938644939739743
DOK2	17.63004808016985	-0.290659042381393	0.6013753816583837	0.6288658346028826	0.9747465964778875	-0.144758102308251	0.498659845855578	0.7715911123026817	0.9989208822153636	-0.14590094007314203	0.5020510435860527	0.7713497843607249	0.9838015061805645
DOK3	7.014195859043897	0.9698610354015659	0.8218471285464641	0.23796081286771398	0.8377005764365608	0.12194386502846576	0.7217482799023119	0.8658310734080403	0.9989208822153636	0.8479171703731	0.6384659270107181	0.18416029824583435	0.7562843447701094
DPH3	9.508877293923673	0.06727382525510843	0.6552450619442937	0.9182251087155469	0.9931539426719345	-0.15316015316811485	0.5439139325477418	0.7782587140928661	0.9989208822153636	0.2204339784232233	0.5303055573769765	0.6776489194752533	0.9777614542981466
DPM1	8.583100588204502	-0.13475431267999047	0.7699845210177972	0.861072468231462	0.9930430668474647	-0.3502726887130834	0.6432458337185675	0.5860703557001599	0.9989208822153636	0.21551837603309293	0.6397092938379506	0.7361919141794375	0.9803559971046334
DPM3	8.45178127933596	-0.5788236112895988	0.8319859403275668	0.48660844947807347	0.9443864967003183	0.46481019023694137	0.6404140655409918	0.4679636258236567	0.9989208822153636	-1.0436338015265403	0.6876974838113774	0.1291210990511485	0.6744787284961602
DPP7	10.195231955706376	0.997071993161024	0.7217576831466589	0.16714070869143716	0.7783231032819024	0.9570660232702874	0.6236959399554431	0.1249048788716476	0.9989208822153636	0.04000596989073652	0.5324498227063433	0.9401067738630355	0.9944788766041077
DPY30	14.925015650044633	-0.8585379859453226	0.6484269886219503	0.18549246681800935	0.8070895630698492	-0.39647182734361636	0.5176785540357565	0.44375670048862637	0.9989208822153636	-0.46206615860170624	0.5535042435433483	0.4038294955795326	0.9321597842626366
DPYD	38.364467952446724	3.576813307431082	0.7365460510534406	1.1966117828324226e-06	0.0005888908279961631	0.8321774615026112	0.6696723623502349	0.2139918265430174	0.9989208822153636	2.7446358459284705	0.5652370465871764	1.1994686817273776e-06	7.296767813841548e-05
DPYSL2	16.909242842922595	-0.5743511686383918	0.5929085318696291	0.33269432538346244	0.8913583262222409	0.0519457498764052	0.473407234139854	0.9126255612984682	0.9989208822153636	-0.626296918514797	0.4961204137901146	0.20680887046328533	0.7952337142283831
DRAM2	15.079064547946652	-1.3385527544555647	0.7137654949340057	0.060746007844074384	0.5191517028584626	0.044064735848693394	0.5417963183677728	0.9351788687541088	0.9989208822153636	-1.382617490304258	0.6158057089311325	0.02475420070253032	0.2667242289719134
DRAP1	28.23807808858763	0.07331464863803595	0.4935255600324338	0.8819064481027916	0.9930430668474647	0.3246653883478987	0.41342173074910166	0.4322701766847299	0.9989208822153636	-0.25135073970986277	0.40271582933087235	0.5325361651632612	0.9686312519100319
DSE	12.14538249414836	1.313920483454039	1.0150694582960695			1.2121701368929216	0.8875695514313092			0.1017503465611173	0.8039887908777243		
DSTN	11.185551840085068	-0.6724781949073336	0.6840342921838234	0.3255552873900579	0.8878304060579073	0.24620382219873344	0.5240631849260567	0.6384993624705839	0.9989208822153636	-0.9186820171060671	0.5704760609677295	0.10731539137975273	0.6261446534839444
DUSP1	421.30569361263633	-0.667923405142529	0.5984302778056724	0.26436833813214655	0.8504343281711636	0.05761643404578589	0.5166917947534089	0.9112117336099683	0.9989208822153636	-0.7255398391883149	0.5172552565544715	0.16071445487332747	0.7186901642302764
DUSP2	37.26789719581372	0.6385809930717817	0.8064952666403932	0.4284787189401592	0.9403836536671231	1.0932420823429045	0.6959237371274716	0.11620070986669466	0.9989208822153636	-0.45466108927112286	0.6724689294678918	0.4989725816280489	0.9686312519100319
DUSP22	7.386925998703798	-0.28548321258008874	0.8485601916505948	0.736544757410131	0.9930430668474647	0.39135477739432156	0.6756757892383474	0.5624508755564166	0.9989208822153636	-0.6768379899744102	0.6917111841118636	0.3278280944977844	0.9005249632488527
DUSP23	11.30282996513566	-0.03244305920251957	0.6887354661257423	0.9624293397489593	0.9964726730517024	-0.032280046089510586	0.5722289366120538	0.9550143391240999	0.9989208822153636	-0.00016301311300897825	0.5637035529143328	0.99976926587815	0.999862800813859
DUSP6	16.840622745017424	-0.8921325447217344	0.6433303481134917	0.1655207657827562	0.7783231032819024	0.5398115116695749	0.48968991331195966	0.2703079107326407	0.9989208822153636	-1.4319440563913093	0.5414067798979254	0.00817252035755336	0.12494114892175816
DUT	15.936153933153747	-0.18494678902978468	0.650133658548219	0.7760463706076194	0.9930430668474647	-0.17776100074938522	0.5443947751864806	0.744023708225996	0.9989208822153636	-0.007185788280399458	0.5423289673696632	0.9894284426680913	0.9996889679060499
DYNC1H1	11.31394729408286	1.3226547034054825	0.8388363122195366	0.11484769642612666	0.689576712070143	0.4524774794161249	0.7406376817210091	0.5412461907638795	0.9989208822153636	0.8701772239893576	0.6604973253480259	0.1876852829911031	0.762226740381114
DYNC1I2	14.932299885270444	-0.6445867038692209	0.5888672304783545	0.2736825126847766	0.8594258942872586	-0.036575285531279575	0.4624054992639944	0.9369547855044694	0.9989208822153636	-0.6080114183379414	0.49396943833885537	0.2183720531030816	0.8102241360368466
DYNLL1	57.051550951566774	-0.48156674938605554	0.47535275440250124	0.31102558668978453	0.8836419566191195	-0.31460298570574347	0.4022136640279085	0.43410952417087467	0.9989208822153636	-0.1669637636803121	0.4049939455022442	0.6801471269890838	0.9777614542981466
DYNLRB1	12.67773733218933	-0.42328653196073973	0.6147105988465953	0.4910782839947391	0.947054723826513	-0.1307115073826611	0.49175938156044946	0.7903903241976208	0.9989208822153636	-0.2925750245780786	0.5109577688825622	0.5669147563494138	0.9711498888785488
DYNLT1	41.11078371891396	0.09593606831609741	0.6481475023005129	0.8823303023490874	0.9930430668474647	0.17108662063825786	0.5561114117686231	0.7583501136409467	0.9989208822153636	-0.07515055232216043	0.5472166516151841	0.8907680958804799	0.9919160079379556
DYNLT3	4.224290996507122	0.8462220423801375	1.0879375777032223	0.43667381562593344		0.9683738721112319	0.9288930259665119	0.2971784825021355	0.9989208822153636	-0.1221518297310944	0.8011622360176544	0.878817605225801	0.9919160079379556
DYRK1A	7.658397471095772	1.6995028419656062	0.8289357418642048	0.04034270767136206	0.42308121634838675	-0.058726514526525886	0.754513300682523	0.9379603889655314	0.9989208822153636	1.758229356492132	0.6317286586003082	0.005382504915480886	0.09010326736394098
EAF1	10.148901396098903	0.15567681951513615	0.7867239859972739	0.8431390746133047	0.9930430668474647	-0.4586790374827187	0.6739542894810399	0.49613801138169455	0.9989208822153636	0.6143558569978549	0.6536805383637585	0.3472990570383754	0.9149300914778091
EAPP	7.818304135066344	-0.3265090236004722	0.7713256563335487	0.6720698936554661	0.9787060557149538	0.08679568514529175	0.616548767216992	0.8880463705470277	0.9989208822153636	-0.41330470874576397	0.6342093629228823	0.5146044213781813	0.9686312519100319
ECE1	6.915925019021857	4.96008706735291	1.5393554260386824	0.0012721722326271838	0.04921931218934631	2.095744061658739	1.4959761199171095	0.16123775826635744	0.9989208822153636	2.8643430056941708	0.7741629664025873	0.00021566528700291506	0.006997140422761244
ECH1	19.226178934188322	-0.42897574534353317	0.5523321319595403	0.4373578197073531	0.9434000864669367	-0.3804467226398082	0.454633178780077	0.4026930290308032	0.9989208822153636	-0.04852902270372495	0.46464032807802125	0.916816787561957	0.9941706264930981
ECHDC1	10.91278836763516	0.09844461666177645	0.7312437251245645	0.8929073686231448	0.9930430668474647	-0.34203265800189486	0.621897307391567	0.5823313522516907	0.9989208822153636	0.44047727466367126	0.605158172486658	0.46669236420644555	0.9649020091689738
ECHS1	9.708690300120233	-0.047449833051264635	0.6648927343420322	0.9431075481172909	0.9962366574728068	0.1001998174655422	0.5417367116265807	0.8532601268259135	0.9989208822153636	-0.14764965051680684	0.5368878668666052	0.7833083863263613	0.9838015061805645
EDF1	54.74779560668984	0.18971269821400574	0.44264822212734706	0.668224753901939	0.9780705608686049	0.029334089281160592	0.3791815547965023	0.938335893179698	0.9989208822153636	0.16037860893284514	0.36925356238865065	0.664047427221351	0.9777614542981466
EEF1A1	674.2625955311628	-0.8249748894888851	0.38267747936817115	0.031099534647609745	0.36342027631063956	-0.311273919820497	0.3299378478859016	0.3454599877571215	0.9989208822153636	-0.513700969668388	0.33079081958722784	0.1204355378865278	0.6486358871784983
EEF1B2	95.09371898172303	-0.5345528140040579	0.5267344846262676	0.31018066414995515	0.8836419566191195	-0.1989533210044276	0.45027821897283477	0.6586011454476657	0.9989208822153636	-0.3355994929996302	0.45188170706237085	0.45768081932971905	0.9611401237492433
EEF1D	183.16346647181527	-0.23347919615379825	0.47376529628406294	0.6221424881542595	0.9747465964778875	-0.24851727737338947	0.408317924023461	0.5427652670920844	0.9989208822153636	0.01503808121959122	0.40727556079116745	0.9705459199060905	0.9952132068500601
EEF1E1	4.879154091788098	0.45851907264162495	0.9148771196855439	0.6162437118045231		0.39524594806871544	0.7677602646543062	0.6066900875095871	0.9989208822153636	0.06327312457290953	0.7049892754979394	0.9284855019961706	0.9941706264930981
EEF1G	188.1287148447826	-0.5650601234573932	0.4748228221623481	0.23402903837080835	0.8377005764365608	-0.39391749401517834	0.40827522760438545	0.3346283644135606	0.9989208822153636	-0.17114262944221484	0.40914451303389926	0.6757322929488842	0.9777614542981466
EEF2	63.5246635122456	-0.12621953594559046	0.5430823249653943	0.8162170475141681	0.9930430668474647	0.006568732255142582	0.46489565196929655	0.9887266838417003	0.9989208822153636	-0.13278826820073306	0.4613056514150669	0.7734591781929337	0.9838015061805645
EFHD2	37.996680804136425	0.4009994043152401	0.43137846263412827	0.35259025199154737	0.9094287310376578	0.2607707373657574	0.3685573333423215	0.47922812967986583	0.9989208822153636	0.14022866694948272	0.349634676005056	0.6883671399098915	0.9777614542981466
EGR1	98.98608849762815	-0.3790864288075766	0.70778517911867	0.5922382645821382	0.9671367302673034	0.8090342395057277	0.6064224194009975	0.1821677952154448	0.9989208822153636	-1.1881206683133043	0.6061698178877344	0.04999042526214433	0.41483421344572413
EHD1	9.25926133194532	2.7229974516965574	1.109909650295775	0.014153233717414846	0.22607192034867243	1.5365142150889393	1.0093471667586615	0.12793764436929844	0.9989208822153636	1.1864832366076181	0.7960518777174544	0.1361034073092043	0.6911686075528288
EID1	34.043986553689855	0.0644200609397393	0.4495783986149141	0.8860612020105058	0.9930430668474647	-0.15188175970824314	0.38130408946213545	0.6903929380777067	0.9989208822153636	0.21630182064798242	0.37231395246332244	0.5612632366630641	0.9711498888785488
EIF1	520.7398190149075	0.07550437382718682	0.36846641232180194	0.8376383681873498	0.9930430668474647	-0.09580090626110567	0.31861319657770004	0.7636578262513235	0.9989208822153636	0.1713052800882925	0.31727824340659466	0.5892513113149169	0.9713108878987808
EIF1AX	22.407824300696856	-0.33975914034386895	0.5816064761933476	0.5591035312929846	0.9665616667306404	0.02891620576612778	0.48138131887299973	0.9521004955953143	0.9989208822153636	-0.3686753461099967	0.4859104046461631	0.4480134162329351	0.9565360688378212
EIF1AY	8.930000474686151	1.9331540402008294	2.2588170271723222	0.3920941052024981	0.9287813119565698	0.5604379332048496	1.9734031884892986	0.7764137096056007	0.9989208822153636	1.37271610699598	1.90764118134132	0.47177857199313533	0.9660542988919743
EIF1B	27.240954478130885	-0.14018513482433057	0.5556815647760337	0.8008277203110554	0.9930430668474647	0.3163705638150644	0.46368452239261404	0.4950511625099483	0.9989208822153636	-0.456555698639395	0.46005355152143174	0.32100397149855486	0.8949795328131928
EIF2A	10.886631918550817	-1.1805793382822558	0.6986800329250725	0.09107997003962016	0.6327835248599479	-0.20317623603907267	0.5151949089817842	0.6933095803868841	0.9989208822153636	-0.9774031022431832	0.6024612741871125	0.10472840929939457	0.6170590063092133
EIF2AK3	6.025089282598269	2.755840609281726	1.0969497803667216	0.01199552304551663	0.20442370523401257	0.3289506359311865	1.0231908325939911	0.7478353753847331	0.9989208822153636	2.4268899733505394	0.7900041289501908	0.002126321694501417	0.044348995342458127
EIF2S2	25.168097443708955	-0.4528042721851247	0.5172010369074905	0.3813074158626527	0.9255836075945132	-0.03714234153316833	0.42277932169198945	0.9299936822663758	0.9989208822153636	-0.4156619306519564	0.4329387334653192	0.33700784948221907	0.9108453158288473
EIF2S3	26.767417175190726	-0.7636120272370931	0.5050101251418438	0.1305153670642571	0.7333664104266145	-0.25074486450798106	0.40696419808730855	0.5378054590053957	0.9989208822153636	-0.5128671627291121	0.42887975592470157	0.23176301160257662	0.8351116036499789
EIF3A	26.264114463543077	0.636567951445585	0.5184857722726455	0.21954297095733255	0.8344035271393161	0.7870599958610566	0.4431258900592181	0.07570747317755316	0.9989208822153636	-0.1504920444154716	0.4079404313655274	0.7121971118838809	0.9777614542981466
EIF3D	20.708423921999657	-0.6279006941162819	0.5529573395838294	0.2561525271619578	0.8465985659120362	-0.36460653616675226	0.4499308515036443	0.41773257069127023	0.9989208822153636	-0.26329415794952965	0.4683076397908151	0.5739628827928616	0.9711498888785488
EIF3E	73.48645806060316	-0.31940184885551115	0.5178082476509935	0.5373440753149787	0.962283048387728	-0.07905274204579223	0.4422323875712832	0.8581274323355957	0.9989208822153636	-0.24034910680971894	0.4415898742649397	0.5862479194444208	0.9713108878987808
EIF3F	37.28340303393206	0.2719021882920665	0.4735280845045527	0.5658290940471861	0.9665616667306404	0.0858244766501686	0.40490209299314267	0.8321354872148238	0.9989208822153636	0.18607771164189793	0.39024048870171785	0.6334843867489417	0.9777614542981466
EIF3G	38.94475376101654	-0.33529363411069735	0.45132429970709886	0.45753577037398163	0.9440800184231919	-0.62460432071114	0.38117347287342124	0.1012892291350053	0.9989208822153636	0.2893106866004427	0.38274598743194804	0.4497201284570794	0.9565360688378212
EIF3H	54.320612896277034	-0.06108178456078276	0.4951994900948496	0.9018316638566916	0.9930430668474647	-0.32806576452773323	0.4243607363442865	0.43947368887935623	0.9989208822153636	0.26698397996695045	0.41956305162553154	0.524556038339105	0.9686312519100319
EIF3I	14.636525202860291	0.5047242472596896	0.5818977493101403	0.38573592850173677	0.9257411016933377	0.16340402582498606	0.49739173428451283	0.7425171671799391	0.9989208822153636	0.34132022143470353	0.4612377790636933	0.45929438364913533	0.9611401237492433
EIF3J	11.021467389467738	-0.4304070762247355	0.6750051530047195	0.5237111470312443	0.9580457568113643	-0.15674774110229664	0.5443085928255292	0.773365208805297	0.9989208822153636	-0.27365933512243884	0.5627587880552765	0.6267674081779986	0.9777614542981466
EIF3K	80.61714786254039	-0.4570873012840346	0.4578597784683748	0.3181276774458014	0.8843105230594555	-0.6196837642562667	0.3912965344744378	0.11326931143678536	0.9989208822153636	0.16259646297223215	0.39245362127415817	0.6786489512209213	0.9777614542981466
EIF3L	29.03335272696774	-0.5164305191063459	0.5109111632162427	0.31211074329725275	0.8836419566191195	-0.30897869327073235	0.42268879664595427	0.46478900404564893	0.9989208822153636	-0.20745182583561347	0.4319333903972474	0.6310236053789418	0.9777614542981466
EIF3M	36.618307976872494	-0.39698194202848935	0.5189875853661989	0.44432152651240575	0.9440800184231919	-0.5934086170620009	0.439834078460762	0.1772840670381004	0.9989208822153636	0.19642667503351155	0.44190106648766997	0.6566784283052091	0.9777614542981466
EIF4A1	125.94097368808764	-0.5280085943569975	0.3464429108674031	0.12748737070272606	0.7294788099610664	-0.4468640258573796	0.2943855386767171	0.12902572144703645	0.9989208822153636	-0.08114456849961797	0.2963592033936758	0.7842346448219859	0.9838015061805645
EIF4A2	31.7701517007267	-0.8645068051580997	0.6721063592880528	0.19835063507467365	0.8208584168697507	0.47829220453812454	0.5514149285264022	0.3857279521861189	0.9989208822153636	-1.3427990096962243	0.5713366774424394	0.018759483764516912	0.2272933302588771
EIF4A3	22.36766552078774	0.2468021262360996	0.7278300109020248	0.7345396049726369	0.9930430668474647	0.37344362080350024	0.6225136362882066	0.548575355183521	0.9989208822153636	-0.12664149456740068	0.6043196879907645	0.8340107649480022	0.9919160079379556
EIF4B	19.26754083651037	-0.08999825699710474	0.585227812464642	0.8777806116359143	0.9930430668474647	-0.07326925075127155	0.49004480934174827	0.8811469503536787	0.9989208822153636	-0.0167290062458332	0.4845912850181548	0.9724609883551333	0.9952983126522921
EIF4E	11.355130397287153	-0.1285344824204319	0.7632031388398184	0.8662571940577084	0.9930430668474647	-0.04207108457514252	0.6373978792758976	0.9473742974310169	0.9989208822153636	-0.08646339784528936	0.6324643998764722	0.8912610375719968	0.9919160079379556
EIF4E2	14.769886757971904	0.39071438822450966	0.6416322575391032	0.5425654066298029	0.964822831789519	0.400835633147971	0.5433628110454927	0.4607002538701829	0.9989208822153636	-0.010121244923461364	0.5112323031070972	0.9842047196467876	0.9989147658563156
EIF4EBP1	16.52295685789263	-0.4832762144590669	0.6039549662940565	0.42360313028107643	0.9390981761492803	-0.46670100908392265	0.49744037243006073	0.3481391060427008	0.9989208822153636	-0.016575205375144262	0.5101697023929056	0.9740816161964677	0.9962586057070704
EIF4EBP2	9.949132298853598	-0.00939989809610598	0.6490081040961199	0.9884442562278765	0.9982438456126328	-0.1068212480242798	0.5354778940568408	0.8418812719533637	0.9989208822153636	0.09742134992817382	0.527297359132961	0.853420421961893	0.9919160079379556
EIF4G1	6.339274340630657	0.12933158311937587	1.0555041711856663	0.90247879547828	0.9930430668474647	1.015843412084805	0.8628419792480031	0.23906674680641626	0.9989208822153636	-0.8865118289654292	0.8330659223719242	0.28725818291760885	0.8810043405652552
EIF4G2	33.46512191695498	-0.3617394472190836	0.5244406039731832	0.4903435724672319	0.947054723826513	0.03564645183671976	0.43753071343595357	0.9350666832930169	0.9989208822153636	-0.39738589905580335	0.44051444832585357	0.3670063832649574	0.9224426087386502
EIF4G3	10.084511439744894	2.020632391649131	0.920745363630531	0.028195062726430756	0.3434998493011543	-0.3198704024640812	0.8379948479597643	0.7026770226603717	0.9989208822153636	2.340502794113212	0.731255679671109	0.0013711192493856509	0.03103618766051241
EIF4H	8.919265290160626	0.2256485638090713	0.7324295779829755	0.7580197353270578	0.9930430668474647	0.6059698321241062	0.6019788689696469	0.3141127374370134	0.9989208822153636	-0.3803212683150348	0.5729418102579377	0.5068155385520288	0.9686312519100319
EIF5	27.9925774987293	0.7887778719939098	0.573939306154549	0.16934149230370066	0.7804422631568472	0.8496666415640958	0.4950847113672246	0.0861246080442253	0.9989208822153636	-0.06088876957018604	0.45688654456076294	0.8939807183068036	0.9919160079379556
EIF5A	18.354160695162886	0.47458697558880475	0.6715219317534739	0.47973217154782677	0.9442442286200136	-0.2844334777576224	0.5822656807203143	0.6251997479929086	0.9989208822153636	0.7590204533464272	0.5568472698281087	0.17286121715807923	0.7422864030905755
EIF5B	15.353451977730039	0.629564474106755	0.6178570699236556	0.30822746316759475	0.8836419566191195	0.6642509783879598	0.5271916539018877	0.20767655096858395	0.9989208822153636	-0.034686504281204816	0.4815788145173931	0.9425807066297635	0.9944788766041077
EIF6	15.674970746603654	0.434243788687649	0.621157244108664	0.4844968228759178	0.9442442286200136	0.36978613554212447	0.5280975538805417	0.48378795302298105	0.9989208822153636	0.06445765314552451	0.4953470938689094	0.8964665527782171	0.9919160079379556
ELF1	42.58907181342115	1.2139342346297708	0.49752225769791264	0.01468890241866488	0.23013789916274063	0.04513270362980342	0.43820801438193735	0.9179679006556768	0.9989208822153636	1.1688015309999673	0.40599573945662176	0.003991259515436644	0.07329860242185536
ELF2	13.883990306312691	0.9907696907819352	0.6503567409980264	0.12765242186185619	0.7294788099610664	-0.7829681173024724	0.5818027673317547	0.17837924997185672	0.9989208822153636	1.7737378080844077	0.5333998875641897	0.0008830968629929904	0.022819848141057805
ELL2	15.907157293534917	1.3855378093562611	0.9054894759388284	0.12597876047710313	0.7240605665962166	-1.154310429955463	0.8086835722967436	0.1534662342908637	0.9989208822153636	2.5398482393117243	0.7649227913801472	0.0008988914371789489	0.022824026057065485
ELMO1	9.09754128925453	2.26125602522467	0.7262526956865081	0.0018482363405825219	0.062066272342007664	0.08166665250997272	0.6807083299341713	0.9045044990356634	0.9989208822153636	2.1795893727146973	0.512905449428172	2.142525625867433e-05	0.0009775273168020164
ELOB	110.93300746438415	-0.06881986072429178	0.4786650056380515	0.8856784755623507	0.9930430668474647	-0.19783773263133483	0.4120859335579361	0.631164439370575	0.9989208822153636	0.12901787190704306	0.4091296402770805	0.7524980784039625	0.9809070145248762
ELOC	19.319529973236563	0.13649829445647105	0.5829059458162807	0.8148540573776687	0.9930430668474647	0.2451819325173961	0.49013282805028535	0.6169091319908647	0.9989208822153636	-0.10868363806092504	0.4745680102826926	0.8188565285007694	0.9919160079379556
ELOF1	6.108269147338966	1.163028744709813	0.8580368218892411	0.17527321383950534	0.7878558729216492	0.40931110665048337	0.7571088475202697	0.5887668694567223	0.9989208822153636	0.7537176380593297	0.6325259375456662	0.233418291926493	0.8373236024881567
ELOVL5	11.730491316264791	0.3671386631227972	0.648155890041194	0.5710976027588717	0.9665616667306404	-0.1827262156950648	0.554807520279447	0.7418906667580113	0.9989208822153636	0.5498648788178621	0.5243105651696471	0.29429831113799065	0.8862952892362709
EMB	13.46600652076787	0.3436018231664983	0.7193192345671795	0.6328805433032395	0.9747465964778875	0.3040478803866457	0.6121783074812551	0.6194249145670156	0.9989208822153636	0.03955394277985259	0.5829353304329774	0.9459026096106626	0.9949039342856357
EMC10	14.00236970336847	-1.1148844556126776	0.678745946556446	0.10047293069653371	0.6597568820737982	-0.3123436318841867	0.5248715914045708	0.5517861187283433	0.9989208822153636	-0.8025408237284908	0.5837908386445259	0.16922258106677235	0.7342198168127417
EMC3	12.173593812332463	-0.3928317599406426	0.6375290272812718	0.5377766337108341	0.962283048387728	-0.2219346248258966	0.5168116766209546	0.6676100628733532	0.9989208822153636	-0.170897135114746	0.531513861627347	0.7478095182111101	0.9803559971046334
EMC6	8.829372046728869	-0.3483391718397644	0.7241486407356778	0.6304932621876023	0.9747465964778875	-0.21318111134739268	0.5839182005753599	0.71504625084056	0.9989208822153636	-0.13515806049237175	0.6007986273688088	0.8220072827523797	0.9919160079379556
EMC7	7.574997100697403	-0.31303347435526263	0.7338300011927674	0.6696889679897874	0.9780705608686049	-0.005374044114760839	0.5818106339805205	0.9926302380761545	0.9989208822153636	-0.3076594302405018	0.6018171841843256	0.6091988196888583	0.9776162491265729
EMD	5.821792372045642	0.6402021164271164	1.0567541864454073	0.5446347302896394	0.965058301207955	0.09683082624058796	0.9139590856957659	0.915624747930453	0.9989208822153636	0.5433712901865285	0.84538224923885	0.5203849117574785	0.9686312519100319
EMILIN2	14.60421194456565	1.3244556212330088	0.7488132755796518	0.07693735663269986	0.5897981940306478	0.5286093756159306	0.6605046687991435	0.4235304353266687	0.9989208822153636	0.7958462456170781	0.5887483464256523	0.1764522231212997	0.74672902411863
EML4	8.658176709465323	2.135395443675324	0.9429386017409113	0.023536150041381623	0.3148784933106336	0.9427075527311022	0.8528780631148969	0.2690187342876047	0.9989208822153636	1.1926878909442216	0.6911043763138536	0.08438861891814757	0.5614388197387352
EMP3	123.92174965489313	0.534117632698214	0.43633197047675565	0.22091133554234688	0.8344035271393161	0.03924775608204934	0.37805541859954445	0.9173163035764825	0.9989208822153636	0.49486987661616466	0.3698222773374776	0.18085442183034628	0.7517237854220555
ENO1	64.7985697125249	-0.09827161748729996	0.44952124014864775	0.826950778929656	0.9930430668474647	-0.08437357152883788	0.3835838541853381	0.8259013590387454	0.9989208822153636	-0.01389804595846208	0.3796701260853926	0.9707994926698591	0.9952132068500601
ENSA	31.04587235236519	2.1372061802220204	0.48728507747810096	1.1548261413144942e-05	0.002085944848065475	0.10816256370306718	0.4451902011469443	0.8080378593329979	0.9989208822153636	2.0290436165189534	0.3716287471788293	4.764907945880226e-08	4.216221576354624e-06
ENY2	41.197069380438755	-0.06506469201993559	0.43836224801540175	0.8820059756254152	0.9930430668474647	-0.2936470502330257	0.372013433173517	0.4299102244508223	0.9989208822153636	0.2285823582130901	0.36698223481589015	0.5333697144235094	0.9686312519100319
EPB41L4A-AS1	7.5129639401943225	-0.1094769135847118	0.747755075306867	0.8835997466624788	0.9930430668474647	-0.37873284944012564	0.6176693500319059	0.5397676488738694	0.9989208822153636	0.26925593585541385	0.6159263258269242	0.661998161788979	0.9777614542981466
EPC1	9.472235676942258	0.9738016992742379	0.7401019717463803	0.18825228201851285	0.8092586838123158	0.35177718191314006	0.6469773103664942	0.5866313178279452	0.9989208822153636	0.6220245173610978	0.5721769325202429	0.2769841426763314	0.8696706415213846
EPM2AIP1	6.114717952853802	0.6828750993396115	0.9007064309732673	0.4483581869099855	0.9440800184231919	0.9751556215453913	0.7611341839435491	0.20012780672061048	0.9989208822153636	-0.2922805222057797	0.6756854006838694	0.6653279531555437	0.9777614542981466
EPS15	6.213690753947273	0.8734733005907291	0.8521053873012209	0.30532704166516034	0.8836419566191195	0.5592718835943543	0.736171422934278	0.44743193608062726	0.9989208822153636	0.3142014169963749	0.6416566617287071	0.6243658903037088	0.9777614542981466
EPSTI1	7.669822162807048	-0.4495515887852993	0.8598857880071963	0.6011107696459415	0.9679807403269565	-0.3665086059312023	0.7083656287065906	0.6048767334357046	0.9989208822153636	-0.083042982854097	0.7241891828778115	0.9087064645310414	0.9933939763059726
ERAP2	4.9376582738977355	-3.592115900501503	1.5753279237750057	0.022593828600049767	0.30452614816834567	-0.17734076888207662	0.7057046854787279	0.8015852628570016	0.9989208822153636	-3.414775131619426	1.498477382183165	0.022677176050109923	0.25896859013437346
ERBIN	12.56256956468342	0.6726015585587742	0.6596641253681075	0.307912439368226	0.8836419566191195	-0.13748326380561882	0.574171957446006	0.8107596491826796	0.9989208822153636	0.8100848223643929	0.5304771274273521	0.12673933351788474	0.6644144593756256
ERC1	7.173152803097563	5.017960945756208	1.4462429428048102	0.0005211314543466344	0.028150931203668194	2.417373353343484	1.4189266132224765	0.08844398754853447	0.9989208822153636	2.6005875924127237	0.6111276266569775	2.0868310914678254e-05	0.0009686066237372406
ERCC1	10.611539378940597	0.5323554988732294	0.6480990527324597	0.41141236879691945	0.9327349883440683	-0.0627433897467797	0.5572779375009507	0.9103563721191659	0.9989208822153636	0.5950988886200091	0.5145326942971425	0.24744346901967318	0.8530899342927205
EREG	93.82058212422406	0.4898560610117975	0.8155868548590256	0.5480945153556904	0.965058301207955	0.6978288524084211	0.7054854622089881	0.322591208414687	0.9989208822153636	-0.20797279139662359	0.6979516949869228	0.765721550004127	0.9809070145248762
ERGIC1	9.455734390502455	1.6743562491986026	0.7229614984151057	0.020559974144216665	0.2885451273279035	0.23124327942798065	0.6565414410296679	0.7246775586926376	0.9989208822153636	1.443112969770622	0.5316959227263357	0.006644211819254732	0.10601693176078589
ERGIC3	16.654433391121987	-0.16363499902530845	0.604203416944511	0.7865235831742151	0.9930430668474647	-0.31696876054371037	0.5058665047834549	0.5309307892471133	0.9989208822153636	0.15333376151840192	0.5036518738618849	0.7607896952044635	0.9809070145248762
ERH	28.47610734528553	-0.017646669541355416	0.5989698959335271	0.976496367096715	0.9964726730517024	0.06637264338700315	0.5086495955093709	0.8961803865148964	0.9989208822153636	-0.08401931292835856	0.5005282139566838	0.8666924020783986	0.9919160079379556
ERICH1	16.497344173022448	0.24021780449388339	0.6516249286485573	0.7123928837912445	0.9930430668474647	0.4221111751557568	0.5495564802720962	0.4424311899370702	0.9989208822153636	-0.18189337066187342	0.5269127240875668	0.7299395984858139	0.9793227859475505
ERN1	13.121763752459076	1.259424386492366	0.8768433934950648	0.15091238131028495	0.7601504228853402	-0.21936118468870272	0.775690603246487	0.7773342240275115	0.9989208822153636	1.4787855711810687	0.7188104362795485	0.03966047207409588	0.3669012546935494
ERP29	43.15904163005058	-0.2480816923237286	0.46190348902292044	0.5912085173631065	0.9671367302673034	-0.39253286715318897	0.3911731734451147	0.31563128089769366	0.9989208822153636	0.14445117482946035	0.3902374257849893	0.7112615805878053	0.9777614542981466
ERP44	17.311138444078168	-0.28209003256213266	0.5396178912150261	0.6011420734548825	0.9679807403269565	-0.3562755736715178	0.4441584839141616	0.4224742091981668	0.9989208822153636	0.07418554110938516	0.4497679546518281	0.8689897824163619	0.9919160079379556
ESD	20.65894307781564	-0.5270294151288425	0.629111950321648	0.40217927011975885	0.9303447963011624	-0.13470444537962512	0.5196049268690249	0.7954470053167699	0.9989208822153636	-0.3923249697492174	0.530947549663687	0.4599587721907896	0.9611401237492433
ETF1	12.099277513801638	1.00786294586056	0.7246937564806065	0.16430329922900244	0.7783231032819024	-0.0649956203035654	0.6386037528101232	0.9189331276199996	0.9989208822153636	1.0728585661641254	0.5805919142731797	0.06462110513755083	0.4888435932685192
ETFA	12.152112638443647	-0.7795402714337968	0.666157553258569	0.2419188605750614	0.8435191009508414	-0.5804218309573207	0.5334363590021887	0.2765594632147861	0.9989208822153636	-0.19911844047647614	0.5689413627364833	0.7263532557294314	0.9778476287367174
ETFB	20.41901363140547	0.2794315487823551	0.5302740263627774	0.5982235298601395	0.9671367302673034	-0.10865505381884324	0.45218393604740237	0.8101058310959075	0.9989208822153636	0.38808660260119837	0.43232475553482114	0.3693594857137956	0.9224426087386502
ETFRF1	5.417324921418799	-1.1051178547729936	0.9558576380268266	0.24761850388366047	0.8444306898330594	-0.3919321335033422	0.7148094699650253	0.5834839094110557	0.9989208822153636	-0.7131857212696515	0.8242898763038885	0.3869222878719758	0.9224426087386502
ETHE1	11.693928741502539	-0.7419753269019418	0.7435322720570702	0.3183249348082209	0.8843105230594555	-0.48332478315019234	0.6042607202709747	0.4237911449013717	0.9989208822153636	-0.25865054375174945	0.6336395597032645	0.6831281509817984	0.9777614542981466
ETNK1	11.123129122002757	0.15788963272190326	0.7279767360897657	0.8282954001272637	0.9930430668474647	-0.22063969986265256	0.6190015311395597	0.7215076982545829	0.9989208822153636	0.3785293325845558	0.5989626179572252	0.5274032874484569	0.9686312519100319
ETS2	36.478449906789315	0.09741989906239082	0.5907046519264663	0.8690057671551512	0.9930430668474647	0.28261543382059134	0.5037559064431907	0.574786210092566	0.9989208822153636	-0.1851955347582005	0.4932151104039318	0.707298806471109	0.9777614542981466
ETV6	9.614766615915562	3.183749550918888	1.0054345265791405	0.001542636509322308	0.05461457265784586	1.1239318433556984	0.934515545509207	0.22909657769524305	0.9989208822153636	2.0598177075631896	0.6910862084075516	0.0028773029813445247	0.056768410172473055
EVI2A	46.383091461579596	-0.9811456446903372	0.6572737689037534	0.1355025497563608	0.7388049390819276	-0.3729906548394515	0.5546198450264617	0.5012553321130296	0.9989208822153636	-0.6081549898508857	0.5658625974047898	0.28249129080458235	0.8775261373929579
EVI2B	72.41481207149437	-0.10419832089838911	0.47281148366152187	0.8255750124838257	0.9930430668474647	0.04041917600237419	0.40406707257405894	0.9203198270753616	0.9989208822153636	-0.14461749690076328	0.400363492488958	0.7179383600976472	0.9777614542981466
EWSR1	10.567117125333361	0.3384261230694219	0.7081352164290947	0.6327130355399774	0.9747465964778875	0.7412503368243639	0.5887693906293949	0.20803666670055554	0.9989208822153636	-0.40282421375494204	0.552511967269632	0.4659540688700221	0.9649020091689738
EXT1	8.602305505740597	6.550787707381808	1.9359281958333563	0.000714908817798249	0.0359084902694103	2.013346426323624	1.9350710289430326	0.29813045649380676	0.9989208822153636	4.537441281058184	0.7172079212940503	2.5072685127372523e-10	4.575765035745485e-08
EZR	21.048210198341366	1.0731876464194723	0.6234547876022594	0.08518624133798154	0.6097205223766029	0.20884711577203816	0.5473310722462933	0.702777631170893	0.9989208822153636	0.8643405306474342	0.5013318290122699	0.08469183556657696	0.5614388197387352
F13A1	12.157039831763065	-0.07219226805802728	0.8820521560299465	0.9347693317449373	0.9962366574728068	1.333152801633458	0.7182567568630178	0.06344001305347513	0.9989208822153636	-1.405345069691485	0.7101109903674492	0.04781039069758665	0.40782294907910893
F5	5.401673894676292	-0.29394072026960066	0.983232648114513	0.7649756195449606	0.9930430668474647	0.40125163785697904	0.7777687515807787	0.6059235905127125	0.9989208822153636	-0.6951923581265796	0.7999354961858484	0.3848140294703146	0.9224426087386502
FAAP20	13.671139606468941	-0.49775565204089783	0.6761191690454078	0.46161194433875685	0.9442442286200136	-0.575597016602426	0.5604068180249346	0.3043707121910212	0.9989208822153636	0.07784136456152826	0.5733030042579614	0.8919975704786933	0.9919160079379556
FABP5	9.373384467732157	-0.4787028908984247	1.049878250937721	0.6484184659034635	0.9756318293502411	0.8680743038604309	0.8534090801227949	0.3090657710677033	0.9989208822153636	-1.3467771947588558	0.8728450509294706	0.12283709134564993	0.6519910712221864
FAM107B	12.930570202198494	2.6510054104301006	0.9142062798901153	0.0037341380836507813	0.1018174984142113	1.0243944553696862	0.8305255963298928	0.2174157062055988	0.9989208822153636	1.6266109550604144	0.6785782787283244	0.01652601364914708	0.20980852111091072
FAM120A	15.787414928876585	-0.56703685059862	0.6263497473554251	0.36530442646210803	0.9233513498088938	-0.030283481898911817	0.5039651741693684	0.9520836152979271	0.9989208822153636	-0.5367533686997081	0.5253119080099485	0.3068848865352024	0.8891901741132888
FAM133B	19.03209356038428	-0.29303077726865556	0.6216775271092982	0.6373872839253684	0.9747465964778875	0.5147184527516161	0.5068538933671999	0.3098597220471514	0.9989208822153636	-0.8077492300202715	0.51216906052406	0.11476919117393333	0.6383353109102577
FAM174C	10.789527062607467	0.028156813887772286	0.6702406457749057	0.9664907211244793	0.9964726730517024	-0.08107641684702759	0.5573063382323707	0.8843326268339324	0.9989208822153636	0.10923323073479987	0.5455911813361933	0.841315744152946	0.9919160079379556
FAM177A1	11.44063395879639	-0.08414851322036623	0.654437117408997	0.8976887971623276	0.9930430668474647	-0.5181164728196804	0.5498335647725415	0.34603133744949377	0.9989208822153636	0.43396795959931417	0.5443510696702556	0.42532284601802917	0.9425245363634882
FAM192A	8.800968449256096	0.05481381516044631	0.7007385354739849	0.9376507294904617	0.9962366574728068	0.052220910700652164	0.5769720693040715	0.9278830926001764	0.9989208822153636	0.0025929044597941477	0.563484638942698	0.9963285048213901	0.9996889679060499
FAM200B	23.48658243362478	-0.28394649596071764	0.537895151737585	0.5975795256841845	0.9671367302673034	-0.6169032830673858	0.4533240262062967	0.17356299234684514	0.9989208822153636	0.3329567871066682	0.4545289525727372	0.46384420789565983	0.9649020091689738
FAM204A	11.61856119462096	0.17758430374925482	0.7279753610748186	0.8072751676488947	0.9930430668474647	0.5306793884573414	0.6070917704619165	0.38204543525671375	0.9989208822153636	-0.3530950847080866	0.5840251380408544	0.5454522191763034	0.9711498888785488
FAM210B	3.3966422370467204	0.408415908871135	1.2149599251117553	0.7367533301473495		1.2532606221321283	0.9905686044009818	0.20580209405784544	0.9989208822153636	-0.8448447132609934	0.9081585678924194	0.3522244427297284	0.9151923174089035
FAM32A	7.239429939540462	-0.5927624391765047	0.8104802396125551	0.46455204945190753	0.9442442286200136	0.10935861972168241	0.6259259355051381	0.8613036185598709	0.9989208822153636	-0.702121058898187	0.6743875694499711	0.2978180193775376	0.8862952892362709
FAM49A	17.816052691001076	0.903137878665969	0.5134040240190955	0.07855759429523985	0.5907956711139589	-0.10174102570624571	0.4517145530265659	0.8217980155552101	0.9989208822153636	1.0048789043722146	0.40189160252049316	0.012406261287854915	0.17333149741883422
FAM49B	32.0588576383053	0.7216429645028198	0.5216353576463632	0.16653484205170754	0.7783231032819024	-0.009093792233949679	0.4540777055716359	0.9840218726036768	0.9989208822153636	0.7307367567367694	0.42767552925878766	0.0875205840173054	0.5730047204720444
FAM50A	10.373905933386569	0.5083682000084748	0.7032108432138137	0.46972639912466974	0.9442442286200136	0.16060894712030907	0.6009349099734024	0.7892650323653443	0.9989208822153636	0.3477592528881658	0.5564087196527668	0.5319665720856919	0.9686312519100319
FAM53C	8.519273375453162	0.4211232144202929	0.8309934535390234	0.6123156492377725	0.9723015550569842	0.15087400542389215	0.7094562485077872	0.8315910253818386	0.9989208822153636	0.2702492089964007	0.6677708744170425	0.6856954703523648	0.9777614542981466
FAU	382.582993176085	-0.1261417286259912	0.4140478548006505	0.7606289638639199	0.9930430668474647	-0.21719755608268018	0.357697816029669	0.5437118067229921	0.9989208822153636	0.09105582745668898	0.3567386841844161	0.7985337425670591	0.9919160079379556
FBL	12.819129700321257	0.5533068811872058	0.657315242030268	0.3999178742960465	0.9293546056084263	0.13031956691232394	0.5643764846373323	0.8173855575650708	0.9989208822153636	0.42298731427488195	0.5219386896074114	0.4177012911064393	0.9425245363634882
FBXL15	6.23431086375281	0.10171176781005897	0.7780555118463668	0.8959923861600148	0.9930430668474647	-0.4110708612305092	0.6539334518225928	0.5296026554179373	0.9989208822153636	0.5127826290405681	0.6348879736542226	0.41927816611874513	0.9425245363634882
FBXL5	22.31344831138939	0.8681287171730938	0.5561683314871079	0.1185449845943069	0.6975466498862466	0.35776882293773704	0.48400062944157834	0.4597911334094127	0.9989208822153636	0.5103598942353569	0.44158404386510125	0.24778423099326818	0.8530899342927205
FBXW7	8.96232863434539	2.469903009980379	0.7911449602346015	0.0017966670329586645	0.061688050410725045	0.3527730623608462	0.7411310059793254	0.6340794692563783	0.9989208822153636	2.1171299476195333	0.5473897992335733	0.00010987459298923002	0.00387578415318556
FCAR	10.714746380883815	2.3748198554844895	0.7928695724089713	0.002742457648031383	0.0809449097558129	-0.3702695892022794	0.7428880800127904	0.6181886952622597	0.9989208822153636	2.7450894446867693	0.6014728349261907	5.0201033902557305e-06	0.00026652185271903154
FCER1G	257.68956682156687	-0.005562570192961247	0.4165847067773657	0.9893463276072358	0.9982438456126328	-0.207481135430938	0.3597949598315002	0.5641658274599135	0.9989208822153636	0.20191856523797672	0.35791277773109603	0.572648113570209	0.9711498888785488
FCGR1A	17.77840930191633	-1.0895711491914077	0.5866364610267735	0.06326575759867732	0.528075405262429	-0.6366537568561161	0.46416341762438085	0.17018315346038282	0.9989208822153636	-0.45291739233529166	0.5066175987876383	0.37132056150029313	0.9224426087386502
FCGR2A	29.210191262621564	-0.06508315538276756	0.8188392481529291	0.9366490789668285	0.9962366574728068	0.5643405239607948	0.6980936671921781	0.4188590301823534	0.9989208822153636	-0.6294236793435624	0.6905711874556417	0.362056358538707	0.9224426087386502
FCGR3A	13.441135888183972	0.15078259403586788	1.2066331446310585	0.9005540913704436	0.9930430668474647	2.10335519420168	1.0090663415425458	0.03711863611869278	0.9989208822153636	-1.9525726001658121	0.9784279923190526	0.045975063718729614	0.4019376828104505
FCGRT	69.95081975435	-0.08633669485506444	0.3697585406225911	0.8153772104124045	0.9930430668474647	-0.42671039018067664	0.31569197846291447	0.17648190614956127	0.9989208822153636	0.3403736953256122	0.31204141998332047	0.2753624276488479	0.8696706415213846
FCHSD2	6.887036413970747	1.926976812288465	0.938518986438355	0.04005218976540921	0.42308121634838675	-0.137395504352457	0.8592847075939939	0.8729636258904842	0.9989208822153636	2.064372316640922	0.7206073061155429	0.004173156547720841	0.07616010699590535
FCN1	358.424370872606	-0.64597772484716	0.4395171129670658	0.14163104857723335	0.7512731093109952	-0.6277653627796639	0.37909298774819	0.0977285632412822	0.9989208822153636	-0.018212362067496102	0.37975602972323597	0.9617496682143533	0.9952132068500601
FDFT1	8.615578763126232	-0.1944693753324426	0.7054768080944386	0.782811792336499	0.9930430668474647	-0.11705505573090176	0.5722493873913794	0.8379217524468194	0.9989208822153636	-0.07741431960154083	0.57833793548391	0.8935160106820332	0.9919160079379556
FDPS	6.9254313285573685	-0.8495330852843068	0.8057278097758278	0.29171477036632376	0.872705734126212	-0.08005947434161204	0.6013431331046071	0.8940870675121251	0.9989208822153636	-0.7694736109426947	0.6820104218021049	0.25921723017792975	0.8590598895388247
FDX1	9.224610575634424	-0.5268903612354335	0.7908437279726513	0.5052588118054325	0.9510478797151422	0.40129541375027106	0.6184100095326802	0.5163934415976873	0.9989208822153636	-0.9281857749857045	0.6538051003398762	0.15570453849057347	0.7099105133445635
FERMT3	15.881250765659678	0.048357477407942835	0.6245324660243934	0.9382815668585657	0.9962366574728068	0.3600747397609573	0.5177481961047218	0.48676515942054854	0.9989208822153636	-0.31171726235301445	0.5053143045776716	0.5373152186868311	0.9686312519100319
FES	8.337870181178173	0.03678524649731498	0.715674374170062	0.9590072483218934	0.9964726730517024	0.10718336657208988	0.5865740699477788	0.855011632204218	0.9989208822153636	-0.0703981200747749	0.5744690362489229	0.9024676687991627	0.9933939763059726
FEZ2	9.041756540636655	0.6101306057494633	0.7369648602377786	0.4077291346851861	0.9327349883440683	0.5656920983946835	0.6256147155792657	0.3658798076843698	0.9989208822153636	0.04443850735477978	0.5651057312882554	0.9373209515792528	0.9944788766041077
FGD2	8.284673728229041	0.817838914956808	0.780620433962382	0.29478695154334533	0.87543166114067	-0.47365922822728806	0.6898095940382984	0.4923019685357285	0.9989208822153636	1.2914981431840962	0.6295071542935327	0.04020835667874514	0.3669012546935494
FGD4	19.75981367577619	2.418486405394368	0.6808800873743212	0.00038231414548670854	0.02379489996800971	0.426882397337508	0.6209188219101299	0.49176698320264023	0.9989208822153636	1.9916040080568602	0.5150213003719222	0.00011016783723095942	0.00387578415318556
FGD5-AS1	5.617836068237499	-0.7826555995194927	0.9333852661329608	0.40174269783055194	0.9303447963011624	0.34469217501527766	0.6934636172227338	0.6191476058016054	0.9989208822153636	-1.1273477745347704	0.7807895184191586	0.14877943395213214	0.7041101250246773
FGL2	68.76392376395837	-0.6713264728456687	0.48277683421556467	0.1643612070210536	0.7783231032819024	0.39691539226099454	0.4027169150463663	0.32433236267040233	0.9989208822153636	-1.0682418651066632	0.41001687607791876	0.009177757821526324	0.137431040199266
FGR	36.89077125434971	-0.3069320523055358	0.46193473787782124	0.5064030111553834	0.9510478797151422	-0.720930967979548	0.3918417639402996	0.06578992562770022	0.9989208822153636	0.4139989156740122	0.39245786035449776	0.29147675123535255	0.8862952892362709
FIBP	9.874154935245649	0.9881475775854393	0.6871310369835836	0.15041210974922536	0.7601504228853402	0.1955772418173876	0.6030607855888387	0.7457051089231881	0.9989208822153636	0.7925703357680516	0.5245134655792419	0.130773641452208	0.6779938054280319
FIS1	19.91736195735014	0.034824657336824924	0.6130455765347982	0.9546997469327138	0.9964726730517024	0.21121262482119454	0.514938986299554	0.6816811025246686	0.9989208822153636	-0.17638796748436963	0.5036036011484577	0.7261498844013128	0.9778476287367174
FKBP1A	69.45196416929058	-1.0095815230857443	0.47664876855819155	0.03416806219687251	0.3836202434103764	-0.67268954647609	0.40114072526118216	0.09355391363076532	0.9989208822153636	-0.3368919766096543	0.4111006870708841	0.4125081888876849	0.9388875702500519
FKBP3	8.786022742167827	-0.7137454156199614	0.6919722772294742	0.3023226568342551	0.8836419566191195	-0.8182654902786854	0.5516214283732962	0.13797285431049006	0.9989208822153636	0.10452007465872401	0.5928277372660382	0.8600522398275856	0.9919160079379556
FKBP5	67.70896973963805	1.2239724052650696	0.7744992560764447	0.11402894996999124	0.689576712070143	-0.05805324600696383	0.6745682858209712	0.9314188396184478	0.9989208822153636	1.2820256512720334	0.6598133048740238	0.05201462015125628	0.41908487042432535
FKBP8	23.129446289192956	-0.1044507621975818	0.5607638978234732	0.852236848514416	0.9930430668474647	-0.11136639426332264	0.4717560466705486	0.8133800890166671	0.9989208822153636	0.006915632065740829	0.46674825701619815	0.9881784793297312	0.9996889679060499
FLI1	9.394114433430971	0.8255257573927965	0.848516449341639	0.3306006010051543	0.8913583262222409	0.12088689872864586	0.7400094552480828	0.8702361078674531	0.9989208822153636	0.7046388586641507	0.6786064182993142	0.29910173152878294	0.8862952892362709
FLII	7.313739233791881	-0.8756682837587679	0.9163950825190285	0.3392957925884825	0.9005240142553081	-0.0193910534504591	0.7080841931875317	0.9781524729965215	0.9989208822153636	-0.8562772303083088	0.7768913379412216	0.27038167085518106	0.8666888920632344
FLNA	21.3791511000737	-0.1413806896565012	0.5541043046012922	0.7986058865156617	0.9930430668474647	-0.29564701268182914	0.46580870517886147	0.5256265758923789	0.9989208822153636	0.15426632302532792	0.4624331684017661	0.7386836736306303	0.9803559971046334
FLOT1	12.54330148414207	-0.5488284580459823	0.7326301125572949	0.453784397703203	0.9440800184231919	0.11354137093775124	0.5891466423147887	0.8471768900296721	0.9989208822153636	-0.6623698289837336	0.6126963011124784	0.27966435175383186	0.8745389301509785
FMN1	11.273975206509476	4.358717680631203	1.6523212168821997	0.008341231361708935	0.16135773911197757	0.4696357958978361	1.513380352433286	0.7563158123151569	0.9989208822153636	3.889081884733367	1.2755454568535765	0.0022963816567390543	0.04689114991383244
FMNL1	10.417182679471663	-0.5028704731653838	0.7719422704218705	0.5147655058660863	0.9521733056192314	-0.15460029726265825	0.6279605896054244	0.8055318530336587	0.9989208822153636	-0.3482701759027255	0.6478869073895503	0.5908892825155914	0.9713108878987808
FNBP1	18.022894975567155	0.39139301747272925	0.5873456777004101	0.5051708487435456	0.9510478797151422	0.22860502293379184	0.5002521987254912	0.6476857468693502	0.9989208822153636	0.16278799453893741	0.472546610310562	0.7304771584250103	0.9793357679527227
FNDC3A	11.984659731968337	3.6523687861655127	0.9488669896988661	0.00011850933585388672	0.010281582683323565	1.1637180053925897	0.8931349097844558	0.19258882191481674	0.9989208822153636	2.488650780772923	0.6269055357434083	7.195167977626055e-05	0.002764459275614221
FNDC3B	23.070760320879625	3.0679892916567684	0.8239292830965157	0.00019639614686171782	0.01479689917013416	0.35260823768436833	0.7491558736178703	0.6378735102470958	0.9989208822153636	2.7153810539723997	0.6425840640822092	2.3817681033977716e-05	0.0010537519487759837
FNIP1	16.060849374924143	1.3738265527134348	0.6148811439879002	0.025463595636051255	0.3254565817232801	-0.03356592207097214	0.5502045043705522	0.9513542192074722	0.9989208822153636	1.407392474784407	0.48120297176891214	0.0034474667095010284	0.06494582446285808
FNIP2	12.937194443895011	1.1451765307732134	0.6755290781856678	0.09003197436591326	0.6305774958984289	-0.7885029235384143	0.6085599404098382	0.1950835004945486	0.9989208822153636	1.9336794543116278	0.5510119473007795	0.0004492472652219468	0.01279580021808683
FNTA	8.038198206859963	0.41390845459084163	0.8705801789369076	0.6344735415631978	0.9747465964778875	0.0912681633481919	0.7453213209891686	0.9025388514624396	0.9989208822153636	0.3226402912426497	0.7047792341959014	0.6471039268409057	0.9777614542981466
FOLR3	20.726383842371046	2.5549928106319473	2.0479738115821706			1.8636457955772876	1.7876748087631855			0.6913470150546598	1.7249138056126057		
FOS	574.696442026607	-0.8345311952379993	0.5534247519428718	0.13156994184894016	0.7357123896748353	0.3169925393592295	0.4775457446104735	0.5068214434208776	0.9989208822153636	-1.151523734597229	0.47844223201755615	0.01609215420322557	0.20734929051895798
FOSB	119.7176476548389	-0.16096684550979518	0.721218289810295	0.823389646562568	0.9930430668474647	0.8582509510588274	0.6205124897198374	0.1666242618749456	0.9989208822153636	-1.0192177965686227	0.6182799646186836	0.09925565726716049	0.6076027656606051
FOSL2	20.464634527625016	0.44631383982601786	0.7926551209502757	0.5733927846260403	0.9665616667306404	0.6032441397112517	0.6806507541926804	0.37546904656314595	0.9989208822153636	-0.15693029988523377	0.6540716133621786	0.8103858299113035	0.9919160079379556
FOXN2	12.395478506429368	-0.056464468916457504	0.6151986132877018	0.9268708455120163	0.9957340452911454	-0.6940304024111181	0.5198796841197686	0.18188199730911747	0.9989208822153636	0.6375659334946606	0.5134228786201424	0.21431222960886143	0.8053947367540224
FOXN3	11.407504885812607	1.9675273270902387	0.731401301039855	0.0071435092364921056	0.1526258727169918	0.46459713825693166	0.6651491320119918	0.48487351543540436	0.9989208822153636	1.502930188833307	0.5393820712422897	0.005329828353619908	0.089960108627573
FOXO3	13.061799776321593	1.1257195318546993	0.5916626786670589	0.057087877408591066	0.5074699390681578	-0.3620348550962767	0.5297372361125077	0.4943392996418068	0.9989208822153636	1.487754386950976	0.4663306218028729	0.0014210428941064898	0.03153129396469952
FOXP1	27.658641630585578	1.5103740033805548	0.5331977916871415	0.004616084695331009	0.11492043898028416	-0.10531804037332941	0.47716349342755676	0.8253128825848552	0.9989208822153636	1.6156920437538842	0.42504913107779085	0.0001440034558794535	0.004889419664744235
FPR1	73.49179831185958	0.3807111985291876	0.4620669719344941	0.40997889252791364	0.9327349883440683	0.197821978365024	0.3984480141194502	0.619554894760292	0.9989208822153636	0.18288922016416362	0.38752136691478917	0.6369652204838068	0.9777614542981466
FRG1	11.315806866776724	1.0202736225164688	0.6660242292462089	0.12555040948261784	0.7240605665962166	0.54709495730365	0.5811910286140705	0.3465336524031266	0.9989208822153636	0.4731786652128189	0.5025541467109497	0.3464242933876489	0.9149300914778091
FRMD4B	6.4817331110739325	1.0227814216127675	0.8018613768582975	0.2021291324195682	0.8216056299554384	0.3157994549464525	0.7031128943402762	0.6533272510220993	0.9989208822153636	0.706981966666315	0.6038844096610327	0.24170973831985576	0.85177964830174
FRY	6.871830228663249	1.954440631743841	0.9772473843535461	0.04550624614597656	0.4509686335409069	1.1700211368668145	0.8817682472670083	0.18454069522482908	0.9989208822153636	0.7844194948770263	0.6882665828874511	0.25441005353355517	0.8538097912004194
FTH1	2712.435030614888	0.3557087731020579	0.4939667900653632	0.4714593300446336	0.9442442286200136	-0.02393319516491513	0.4277753186754214	0.9553831919232924	0.9989208822153636	0.379641968266973	0.4274697350111782	0.3744792916783518	0.9224426087386502
FTL	3114.7601467099207	0.10224058504804086	0.3761773007953908	0.7857848101971107	0.9930430668474647	-0.3631310809778478	0.32573916128315067	0.2649399998448866	0.9989208822153636	0.4653716660258887	0.3255177512380954	0.15282172028382143	0.7099105133445635
FUNDC2	7.874736241707645	0.14560903321262675	0.7476473612987107	0.8455837352723689	0.9930430668474647	0.22647608978879064	0.6161707133460081	0.7132057237908307	0.9989208822153636	-0.08086705657616389	0.5939459372280346	0.8917009480316855	0.9919160079379556
FUOM	7.8357772657328155	-0.634997825627639	0.8937752876788322	0.4774146029294948	0.9442442286200136	0.2680128517192919	0.699863340773291	0.7017566409746209	0.9989208822153636	-0.903010677346931	0.7457779075552331	0.22596035237953493	0.8268223420404035
FUS	28.23674614518315	-0.7543270523359626	0.6276485907806802	0.22942930924122684	0.8364065817347909	-0.25349218810700447	0.5218384478560082	0.6271319788555858	0.9989208822153636	-0.5008348642289582	0.5356842511672365	0.3498170755492199	0.9151923174089035
FXR1	12.169812641965486	-1.3296742241909483	0.7016585563611679	0.0580864996308704	0.5079180970890216	-0.13639200030742785	0.5139190567578699	0.790704509702584	0.9989208822153636	-1.1932822238835206	0.6079588471096179	0.04967312745083419	0.41441580616124524
FXYD5	64.25365005379231	-0.4216902417129704	0.4441082759013103	0.3423555735524151	0.9017148179214024	-0.11673487887186226	0.3749790471181981	0.7555646582931491	0.9989208822153636	-0.30495536284110814	0.37686181736583274	0.41840197636860776	0.9425245363634882
FYB1	82.07371730889604	-0.22959028735919548	0.385871179065534	0.5518487790730452	0.965058301207955	0.14084498660485828	0.32611224336778943	0.6658205388705682	0.9989208822153636	-0.37043527396405374	0.32478685871280016	0.2540577186260684	0.8538097912004194
FYN	12.168528980671732	2.223757605656951	0.6391914171699314	0.0005032572509638414	0.02770818287518227	0.32023112686226335	0.5954631176870583	0.5907254956610719	0.9989208822153636	1.9035264787946875	0.4434873715611946	1.769294895447042e-05	0.0008627258341820597
FYTTD1	7.530038620613342	0.08993950679703024	0.8104817441399796	0.9116397961559302	0.9930430668474647	0.5530450964968279	0.659880527397292	0.4019752012167892	0.9989208822153636	-0.46310558969979765	0.6410325583090598	0.4700258922422027	0.9660542988919743
G0S2	126.9842924286483	0.7734185651204805	1.293615107879054	0.5499241507901514	0.965058301207955	-0.03690122685312585	1.120881690818033	0.9737371020013014	0.9989208822153636	0.8103197919736064	1.117258167556725	0.46828313401474153	0.9656686096914161
G3BP2	8.401153681884388	-1.1602659724098137	0.7916962787522772	0.14277247391568332	0.7512731093109952	0.3773637941071991	0.5482086753888	0.49122740382433117	0.9989208822153636	-1.5376297665170129	0.67703119483719	0.02313875997488554	0.26015877922257774
G6PD	9.556195960786702	0.6891912057519026	0.7453970242157433	0.3551760255600712	0.9111729042817955	0.2920231483097664	0.6426988392154297	0.6495624552138528	0.9989208822153636	0.3971680574421363	0.585417268432537	0.497495390045417	0.9686312519100319
GAB2	16.122064364293074	4.251153289738583	0.8208140265634428	2.228492354372677e-07	0.00021267245368563248	-0.22522200602057754	0.8147346266381044	0.7822131861794241	0.9989208822153636	4.47637529575916	0.548114960535167	3.1653350046839563e-16	3.0809260712257174e-13
GABARAP	223.42953865149238	-0.3464161717334143	0.41132706125473417	0.39968074769808926	0.9293546056084263	-0.19832817688633567	0.3538424895116674	0.575139477396623	0.9989208822153636	-0.14808799484707866	0.35349170640464	0.6752678820599636	0.9777614542981466
GABARAPL1	7.631135612952288	-1.078428195762166	0.8970156271495274	0.22927050046693642	0.8364065817347909	-0.059291095157367774	0.6817422501844863	0.9306953913040887	0.9989208822153636	-1.0191371006047982	0.7676193313095802	0.1842906173914164	0.7562843447701094
GABARAPL2	28.438384642213297	-0.6946151491037823	0.5888675021571856	0.2381680980902049	0.8377005764365608	-0.12543384615544076	0.486370696886226	0.7964859201409034	0.9989208822153636	-0.5691813029483416	0.5003122193811558	0.25526573551985143	0.8538097912004194
GABPB1-AS1	9.69908312666062	-1.2387609015248389	0.8477143956398525	0.1439344711046446	0.7533535480303428	-0.3941770363882764	0.6550021114096819	0.5473105623612553	0.9989208822153636	-0.8445838651365626	0.7329697377710794	0.24920743628482556	0.8530899342927205
GABPB1-IT1	9.250553577477012	-0.5332870046309554	0.8049611013781158	0.507650615981787	0.9510478797151422	-0.1735159083635265	0.6504872490157214	0.789663506724185	0.9989208822153636	-0.3597710962674289	0.6757881971154103	0.5944679823620718	0.9723413058462574
GADD45B	57.49298172232576	-0.060282827132506024	0.7297816051896996	0.9341664779016373	0.9962366574728068	0.4605811584191024	0.626489823263131	0.46223146192947495	0.9989208822153636	-0.5208639855516084	0.6216774889320648	0.40212263185863983	0.9305297484541918
GADD45GIP1	15.433077669606837	0.3001789010306186	0.6077766374824088	0.6213791057038962	0.9747465964778875	0.030752325121178283	0.5168249670691326	0.9525519551745453	0.9989208822153636	0.2694265759094403	0.49243966118991805	0.5842921237205145	0.9711498888785488
GAPDH	408.6262192244042	-0.33539980646145	0.43181340199041846	0.4373216600858476	0.9434000864669367	-0.23072329372349212	0.3727963707809088	0.5359829103329112	0.9989208822153636	-0.10467651273795787	0.37251496615723617	0.7787107967028971	0.9838015061805645
GAPT	11.557265384573556	-0.675917071153631	0.6174155908930562	0.2736252166052664	0.8594258942872586	-0.6641188828848269	0.4924043427198176	0.17742476705788401	0.9989208822153636	-0.011798188268804032	0.5260009761281159	0.9821049704918805	0.9983332368471766
GAS5	54.76539941754407	-0.7029750303321393	0.5599325283029034	0.20931043451030396	0.8265398871446339	-0.5331081440572095	0.4752743053804736	0.2619963206062561	0.9989208822153636	-0.16986688627492968	0.4808194759036524	0.7238738890112776	0.9778476287367174
GAS7	12.049945232665232	1.1586162299765783	0.6596847980222726	0.07903413972638709	0.5907956711139589	-0.29438892327114713	0.5900142494817371	0.617813040252154	0.9989208822153636	1.4530051532477253	0.5197593662762477	0.005181399799648818	0.08899816126455617
GASK1B	8.320481570150434	-1.6546609783839215	0.9318246333488374	0.07577884201469609	0.5879534544392274	0.025121451138253134	0.6670770854710703	0.9699595718163959	0.9989208822153636	-1.6797824295221744	0.8155012492709776	0.03941614515558577	0.3669012546935494
GATAD1	5.775167314265779	-1.0720267288763923	0.9263545582936098	0.2471689492248016	0.8444306898330594	-0.16495596585405073	0.6811694147425842	0.8086516604093039	0.9989208822153636	-0.9070707630223415	0.794591380963671	0.25363851510330215	0.8538097912004194
GBP2	15.938432381890863	0.845440488733604	0.6308209413660415	0.18017298283051286	0.8003841758707272	1.1271725235163097	0.540006724496403	0.03685826669631105	0.9989208822153636	-0.2817320347827057	0.4763882981038773	0.554258071623777	0.9711498888785488
GCA	52.47425486206467	-0.49475190098512545	0.6573486994741491	0.4516617241394172	0.9440800184231919	-0.4341492282376424	0.562597467909645	0.44029975208309535	0.9989208822153636	-0.06060267274748301	0.5641626331506294	0.9144553348472748	0.9933939763059726
GCC2	7.369780667972253	-0.007951064277519038	1.0172759048850237	0.993763769685423	0.9987011225658877	1.1694497110871844	0.8219813273348189	0.15481718624902127	0.9989208822153636	-1.1774007753647036	0.8083204934050736	0.14522643656759363	0.7027179382924879
GCH1	10.660326677660565	2.796602276462769	0.9530263452378872	0.0033414602884583337	0.09379020397898245	0.2825830195357329	0.8783083674588431	0.7476530489225471	0.9989208822153636	2.5140192569270363	0.716637460002575	0.0004513587063229258	0.01279580021808683
GCHFR	8.658178791958514	-0.2373283875160627	0.7288313915734047	0.7447053274643312	0.9930430668474647	-0.3961769652660835	0.6007884427365998	0.5096207060330549	0.9989208822153636	0.1588485777500208	0.6062547699210612	0.7933089440710087	0.9906600104428833
GDI2	26.31530414065576	-0.6332447199423197	0.49019556898529654	0.19641928962106558	0.8186597563383513	-0.12891117289097112	0.3949651805156634	0.7441321992218664	0.9989208822153636	-0.5043335470513485	0.4131875870234824	0.22224045997544795	0.8162794253186264
GET3	7.58838244704526	0.3974815555820308	0.7233753947572276	0.5826749066209909	0.9671367302673034	0.005156834663583583	0.6118926161354715	0.9932757644951339	0.9989208822153636	0.3923247209184472	0.5695754096718836	0.49094783314084656	0.9686312519100319
GGNBP2	12.22752898474865	-0.4026379507292792	0.6732399213956767	0.5497998163194795	0.965058301207955	-0.3391363951914101	0.5531270251473687	0.5397932273197704	0.9989208822153636	-0.06350155553786911	0.5648879361389053	0.9104948141066092	0.9933939763059726
GHITM	24.755829987720478	-0.17958852118687468	0.5451144284206717	0.7418147865151186	0.9930430668474647	-0.3074260187132866	0.4597279313985215	0.5036786085404903	0.9989208822153636	0.12783749752641194	0.4572117971973339	0.7797825962592789	0.9838015061805645
GID8	5.4784391357645745	-0.8722822981992732	0.9715048517527566	0.3692563766180341	0.9233513498088938	0.39960859017301004	0.6985956727271039	0.5673104680705556	0.9989208822153636	-1.2718908883722833	0.8156292911208554	0.11890215049787364	0.6478556203902979
GIMAP1	8.332837812612723	-0.41210729875022645	0.8737038730737741	0.637156313019597	0.9747465964778875	0.42174288475502064	0.6980755817358839	0.5457434225864819	0.9989208822153636	-0.8338501835052471	0.7204393905480355	0.24710124652856313	0.8530899342927205
GIMAP2	9.892752074765296	-0.6160999130614653	0.7667773140887774	0.42169006063071235	0.9390981761492803	-0.05880134819462447	0.6126044805229293	0.9235318283416614	0.9989208822153636	-0.5572985648668408	0.6441403477707378	0.3869389625376447	0.9224426087386502
GIMAP4	29.94166902633002	-0.761384050394396	0.6979503843954552	0.2753232074469655	0.8595968843191518	-0.4437392728781464	0.5883348983060036	0.45071169542072387	0.9989208822153636	-0.3176447775162497	0.5985658313736356	0.5956430231453518	0.9732946992638094
GIMAP7	23.440920270365282	-0.022000408796676675	0.7336851887916539	0.9760780829540122	0.9964726730517024	-0.237929711388678	0.6284291176861915	0.7049773023460639	0.9989208822153636	0.21592930259200133	0.6200860596128924	0.7276714144972819	0.97871972838879
GK	21.202006571567516	1.9963453664167035	0.6931028595998362	0.003972947490533446	0.10730706288110617	0.404149031563879	0.621462398904211	0.5154859519947987	0.9989208822153636	1.5921963348528245	0.5437873876667774	0.0034117655178898354	0.06469061891063844
GLIPR1	48.532625262376285	0.14811078333629174	0.43478282433477994	0.7333635957303035	0.9930430668474647	0.09209498166869086	0.3705732906967159	0.8037318732604251	0.9989208822153636	0.05601580166760089	0.3606260382531915	0.8765616925510346	0.9919160079379556
GLIPR2	33.53828476490036	-0.05982248043861738	0.48066335309134056	0.9009525197514784	0.9930430668474647	-0.3652561677440987	0.40860921193292266	0.3713748828781599	0.9989208822153636	0.3054336873054813	0.4029670008555382	0.4484737119577299	0.9565360688378212
GLRX	53.787899081080674	0.0765815064329422	0.4956275497617115	0.8772042964693828	0.9930430668474647	-0.3207007204850552	0.42622159794146725	0.4517941986764331	0.9989208822153636	0.39728222691799747	0.41916963856616635	0.34323948797684833	0.9143359608165523
GLRX3	8.819099686359108	-0.08610337538629033	0.7325031423494445	0.9064267870604366	0.9930430668474647	0.13982206646546838	0.5975771226357516	0.8149992435524891	0.9989208822153636	-0.22592544185175872	0.5943061017014877	0.7038341005255826	0.9777614542981466
GLRX5	6.016697883963669	-0.12929216607684557	0.8543283305386393	0.8797092562118998	0.9930430668474647	0.39896818809513684	0.6801328447853453	0.5574701491503027	0.9989208822153636	-0.5282603541719825	0.6850059465625504	0.4406024374893688	0.954365942691012
GLS	13.246349777740724	1.9259098848490328	0.9337755965625973	0.03916039009383145	0.4199108495829193	0.7543979519272749	0.8314468546848229	0.364231502140976	0.9989208822153636	1.1715119329217578	0.7330721766911605	0.11002397539990788	0.6324212759207303
GLTP	9.298281901759383	0.3734062338274477	0.6881210509776987	0.5873734626574303	0.9671367302673034	0.09273419257926023	0.5812487785580318	0.8732410577014287	0.9989208822153636	0.28067204124818745	0.5439696891734147	0.6058753613700256	0.9776162491265729
GLUL	115.80077861891806	-0.6406451952612262	0.5590762387284155	0.25183672865484985	0.8447733157557729	0.08488965308269929	0.4780996835445367	0.8590713772602689	0.9989208822153636	-0.7255348483439255	0.4803763421156891	0.13095496789774314	0.6779938054280319
GM2A	8.446247030424894	-0.33455015106566605	0.8241246010877781	0.6847822193441808	0.9844037053516882	0.459289236777028	0.6565028506144799	0.48417729244023877	0.9989208822153636	-0.793839387842694	0.6743803464129322	0.23914004213906692	0.8488810437303302
GMFG	138.81688944414645	-0.01825952128512698	0.5193335459769803	0.9719525358768178	0.9964726730517024	-0.18364731441656748	0.4481816365020813	0.6819813451074557	0.9989208822153636	0.1653877931314405	0.44549966868177177	0.7104579533241107	0.9777614542981466
GNA13	11.694058396662188	0.6737628999590385	0.7337298197915324	0.3584769454451925	0.9169701480770027	0.3749096400969225	0.6326149663306931	0.5534255885356532	0.9989208822153636	0.2988532598621159	0.5833670974389746	0.6084479075231858	0.9776162491265729
GNAI2	45.43040988571139	0.6029323755024727	0.6050132184688769	0.31897780676118104	0.8843105230594555	0.9968897858206212	0.5207754881469501	0.05558937055150617	0.9989208822153636	-0.3939574103181485	0.49828788231587534	0.4291645483876583	0.9459389151907422
GNAI3	21.31359039373841	0.08411437582187069	0.5558836959809371	0.8797260532647614	0.9930430668474647	0.0834679733467743	0.46858718268736693	0.8586233315945673	0.9989208822153636	0.0006464024750963808	0.45629144722235987	0.9988696821174837	0.999862800813859
GNAQ	24.095692457145844	1.4604140753392028	0.6047548637359236	0.01574013368692736	0.24227958465415605	0.3402690111659919	0.5364640747833782	0.5258974036077593	0.9989208822153636	1.120145064173211	0.47813950823902873	0.019143950400142114	0.2309931205306404
GNAS	32.87068419308148	0.6626537107916942	0.6659146382084464	0.3196861304109453	0.8843105230594555	1.054554624845864	0.5731551248021112	0.06578125202126246	0.9989208822153636	-0.3919009140541697	0.5437051138094708	0.4710345356254909	0.9660542988919743
GNB1	17.19945744164648	1.3635815002582488	0.6868614116966494	0.047118301925348424	0.460430249570608	0.17948475970743055	0.6088198855261067	0.7681408221982919	0.9989208822153636	1.1840967405508183	0.5471029234994869	0.030441068734450388	0.30904410589817266
GNB2	26.1421197729568	0.30564183337423056	0.5510493835882097	0.5791312356695437	0.9665616667306404	0.3805085181259705	0.4684850371204179	0.41667079204777036	0.9989208822153636	-0.0748666847517399	0.4484115185071518	0.8674017021029261	0.9919160079379556
GNB4	8.149855865459285	-0.4381973796374543	0.7974126906741758	0.58264592620791	0.9671367302673034	-0.16259948669836388	0.6441544245749111	0.8007140109403307	0.9989208822153636	-0.2755978929390905	0.6655242209729362	0.6787961268670479	0.9777614542981466
GNG10	32.122504466312904	-0.23807227357556965	0.6061781721079953	0.6945092595189128	0.9887166796876466	-0.15862993560632302	0.5145341960600519	0.7578554812377978	0.9989208822153636	-0.07944233796924663	0.5125620684038877	0.8768286733447584	0.9919160079379556
GNG2	7.941729025778038	1.9987535061444501	0.8037323310919873	0.012888344110745433	0.2157855508132408	0.8568370729119904	0.734204269243096	0.24319898905488668	0.9989208822153636	1.1419164332324598	0.5475459968483352	0.03702240519430796	0.34760586227453133
GNG5	51.42865968005233	-0.03178529037705047	0.3943950393225602	0.935766014460981	0.9962366574728068	0.00046568757720295037	0.33303057744402276	0.9988842922179377	0.9995227596858943	-0.03225097795425341	0.32766154061675357	0.9215926651872773	0.9941706264930981
GNLY	19.25357895793297	2.6634684783707154	1.7987376257745482	0.13867502187250558	0.7434954824362986	1.9395037237667931	1.5759074292747772	0.2184269090362413	0.9989208822153636	0.7239647546039226	1.4953057664951317	0.6282735017196792	0.9777614542981466
GNPTG	4.264971858919053	-1.8946909564248045	1.110207427749367	0.08789458900586805		-0.3088165936975719	0.7107720867200559	0.6639395704508293	0.9989208822153636	-1.5858743627272325	0.9948079933707236	0.11090217215335262	0.6329429310729375
GNS	13.487232149583049	-0.10832762166339364	0.7876729494077862	0.8906129240982047	0.9930430668474647	-0.13374830592159054	0.6664811859235822	0.8409501350214934	0.9989208822153636	0.02542068425819688	0.6593396567181797	0.9692453692814296	0.9952132068500601
GOLGA4	11.488333681965456	1.3293456900564915	0.7928204337811997	0.09359532001437501	0.6410607684238174	1.320049001565678	0.6945589950811262	0.05736005444074639	0.9989208822153636	0.009296688490813524	0.5847759500914574	0.987315874115641	0.9996889679060499
GOLGA7	10.323061594421466	-0.1067639081330744	0.7139780614501959	0.8811323793158989	0.9930430668474647	0.13451329929080064	0.5847886675215078	0.8180759495818165	0.9989208822153636	-0.241277207423875	0.5820055595783319	0.6784627991581961	0.9777614542981466
GOLGB1	9.03334720816527	-0.17200197461860922	0.7998514202280695	0.8297342559125169	0.9930430668474647	0.4224452348982208	0.6476466941507828	0.5142223032706645	0.9989208822153636	-0.5944472095168299	0.650183295536324	0.3605716549627429	0.9224426087386502
GOLT1B	6.8205695487176214	-0.4951314056069705	0.8781804642245108	0.5728799747413753	0.9665616667306404	0.0778466534549596	0.6956983704490238	0.9109049694421631	0.9989208822153636	-0.5729780590619301	0.7295915084673089	0.4322537159481773	0.9479247627509146
GPBP1	22.081923731311516	0.5633555280068866	0.5714743730784391	0.32423462302029615	0.8878304060579073	0.22210520983148438	0.49233727055222265	0.6519001064257335	0.9989208822153636	0.3412503181754022	0.4620359138653522	0.46016229212378157	0.9611401237492433
GPCPD1	21.603432032685248	1.7394040760598615	0.6794107803782529	0.010462231063227783	0.18720854708763215	0.8069354719810528	0.6036851351698366	0.1813262337124798	0.9989208822153636	0.9324686040788086	0.5286713707839258	0.07776628183308973	0.5317975244792085
GPI	5.335179375402717	1.4296169128264273	1.1460293364250898	0.21223170596655594	0.8278193108749995	1.9194299582109962	1.0021057258680532	0.05544193704526443	0.9989208822153636	-0.4898130453845689	0.7726512774865839	0.5261212513303977	0.9686312519100319
GPR183	25.618059945499358	-0.23628674510077466	0.7246522374079103	0.74437203102014	0.9930430668474647	1.3134496252505816	0.5974639351212281	0.027922411982262346	0.9989208822153636	-1.5497363703513565	0.5972037631091588	0.009459432686478165	0.14021088042901644
GPR65	9.85961574505689	-1.0072614768464367	0.7690771725450569	0.19029685780004224	0.813164035644061	-0.5076285219356149	0.6072513033988979	0.40318600159354945	0.9989208822153636	-0.49963295491082177	0.6610458251737884	0.44975594520097883	0.9565360688378212
GPS2	8.51230804771512	-0.09886235865481688	0.6900814940540498	0.8860833760753087	0.9930430668474647	-0.075528428733032	0.5605232359734735	0.8928124696392709	0.9989208822153636	-0.023333929921784874	0.5603821473430722	0.9667862299066201	0.9952132068500601
GPSM3	42.92363820682292	-0.395048299192318	0.46173360931640967	0.3922322243652553	0.9287813119565698	-0.03706424151769667	0.38526722805645663	0.9233585682162305	0.9989208822153636	-0.35798405767462127	0.38866571560306123	0.35701962131829645	0.920934005520694
GPX3	3.971380101411049	0.9485230987676707	1.2492135736238095	0.4476754000680562		1.3744244425961951	1.0694081628396972	0.19871551996897574	0.9989208822153636	-0.4259013438285243	0.9157856455383663	0.6418837421953637	0.9777614542981466
GPX4	62.36530897831869	-0.09837450809953262	0.47039035998937395	0.8343438149751694	0.9930430668474647	0.24442872177440056	0.3996567685930407	0.5408046866102988	0.9989208822153636	-0.3428032298739332	0.39540528052952706	0.38596022966942967	0.9224426087386502
GRB2	27.33461223520379	1.6574347422715894	0.6276655253398922	0.008275113301589036	0.16135773911197757	1.1857908734491631	0.5549086595223149	0.032605164452972075	0.9989208822153636	0.4716438688224262	0.48412501076827086	0.32994772559270413	0.9025357146875582
GRINA	26.45571969898887	0.25014827820172547	0.6697431972264174	0.7087772408054653	0.9930430668474647	0.13275251847474712	0.5747719886959283	0.8173415791279699	0.9989208822153636	0.11739575972697834	0.5589449482091701	0.8336434874594743	0.9919160079379556
GRIPAP1	6.3251708103609054	-0.8961727733592849	0.878914774490666	0.30790132546795357	0.8836419566191195	-1.1301397652815737	0.7089347959877524	0.11090517125983076	0.9989208822153636	0.23396699192228881	0.7634469890961149	0.759253406232042	0.9809070145248762
GRK2	8.958025358945665	0.9608470781559528	0.789246067019943	0.22344294864883363	0.8344035271393161	0.9180615341315478	0.6813570202736724	0.17785092801420743	0.9989208822153636	0.04278554402440502	0.5876785993785792	0.9419618288618212	0.9944788766041077
GRK6	5.425237009210854	-0.17505936842900027	0.8904677898792637	0.8441463703870224	0.9930430668474647	0.3768334216810108	0.7041384461683439	0.5925326532366952	0.9989208822153636	-0.5518927901100111	0.715550541711649	0.44053852608953425	0.954365942691012
GRN	78.30954612044475	-0.2460925120576574	0.5064765787334436	0.6270443087604235	0.9747465964778875	-0.390525384556922	0.4346336051365699	0.3689103520564876	0.9989208822153636	0.1444328724992646	0.4330878794634451	0.7387602620228115	0.9803559971046334
GRPEL1	7.9752838250675175	-0.48544358801765514	0.7992007468365597	0.543577971754168	0.9650539864344535	-0.4481962395235586	0.6458696306011985	0.4877184116896571	0.9989208822153636	-0.03724734849409651	0.672191324670109	0.9558103747976153	0.9952132068500601
GSAP	6.807642562099315	2.739771172867225	0.9564892479957675	0.004177954015003392	0.10874074859049737	1.277858560554397	0.8956231722477633	0.1536428893129985	0.9989208822153636	1.4619126123128283	0.591277545716221	0.013418512195489793	0.18224211912014043
GSDMD	6.505869518184486	0.09612761121685276	0.7706428756533968	0.9007318354366862	0.9930430668474647	-0.23319787153693652	0.6428832438954463	0.7168009713479626	0.9989208822153636	0.3293254827537893	0.6244498558081605	0.5979262628476745	0.9742994908008982
GSN	5.986754954053292	-0.7768801218380135	0.8564543128719604	0.36435983604020317	0.9233513498088938	-0.2810619348673958	0.6577967039183855	0.6691769934278642	0.9989208822153636	-0.49581818697061775	0.7256801517836485	0.49445130033605467	0.9686312519100319
GSPT1	7.760328365531865	-0.42422346934104044	0.7481837375621538	0.5707111939250296	0.9665616667306404	-0.6305952210861255	0.6110218010165286	0.3020562302226276	0.9989208822153636	0.2063717517450851	0.6307263114291846	0.743518895985688	0.9803559971046334
GSTK1	38.72621158394415	-0.3119016744862255	0.4778660581996526	0.5139517288209479	0.9521733056192314	-0.029569940102757555	0.3994320304052317	0.9409865403129555	0.9989208822153636	-0.282331734383468	0.40091391371719987	0.4812955633135103	0.9686312519100319
GSTO1	47.49378201748905	0.18461722329468017	0.4394047639835985	0.6743736977281644	0.9805647011659394	-0.030370308166722114	0.3759165511074945	0.9356089397553017	0.9989208822153636	0.21498753146140231	0.365375201534205	0.556262436628356	0.9711498888785488
GSTP1	160.23886485239197	0.15958642700101372	0.4929220824816519	0.7461228544186764	0.9930430668474647	0.06980539000197204	0.42568599608745666	0.8697442986478967	0.9989208822153636	0.08978103699904168	0.421912412206494	0.8314865213805632	0.9919160079379556
GTF2A2	20.333795440974626	-0.10531597696399884	0.5614060561796026	0.851195531548567	0.9930430668474647	-0.31123852092643184	0.4724588885940768	0.5100478532809037	0.9989208822153636	0.20592254396243298	0.467737475684377	0.659754315311242	0.9777614542981466
GTF2H5	13.778773999666976	0.7348241790504313	0.703197992193552	0.29603461802474385	0.87543166114067	0.7958271644340934	0.6033451127221742	0.1871608228160645	0.9989208822153636	-0.06100298538366208	0.5484990418579225	0.9114434508570936	0.9933939763059726
GTF2I	11.395569858957169	-0.22072321963986755	0.6871653074278347	0.7480525212480815	0.9930430668474647	0.2767507861776697	0.5554902434441703	0.6183360450035416	0.9989208822153636	-0.49747400581753726	0.561300331075292	0.3754621061390122	0.9224426087386502
GTF3A	22.538509164446648	0.3067544028075282	0.5699039574611116	0.5904001075888956	0.9671367302673034	-0.005644452891523064	0.4874225023149054	0.9907605390802879	0.9989208822153636	0.31239885569905124	0.4669206024067979	0.5034558966516671	0.9686312519100319
GTF3C6	13.831519778575014	-0.20239357976049122	0.580308052541533	0.7272625821853584	0.9930430668474647	-0.28764816386024694	0.4780502971388052	0.5473664687564812	0.9989208822153636	0.08525458409975573	0.4805898881870405	0.8591975773491751	0.9919160079379556
GUK1	38.45559211578758	0.5044350046628984	0.5603280185871086	0.36798750226592913	0.9233513498088938	0.5045142984983421	0.48208061283069886	0.29531403273148815	0.9989208822153636	-7.929383544367981e-05	0.46113485462338916	0.999862800813859	0.999862800813859
GYG1	8.971556860674168	-1.0946121429078646	0.7007776581579639	0.11828884915686759	0.6975466498862466	-0.5430859045704707	0.5250535277095927	0.30097542872674254	0.9989208822153636	-0.5515262383373938	0.6060846047509382	0.36283186555006375	0.9224426087386502
GYPC	8.118898523470742	1.4683804731990473	0.8566570009393327	0.0865136397346603	0.6161406730356528	0.6015163954640322	0.762540030811873	0.43020988346470146	0.9989208822153636	0.8668640777350152	0.6432787780031274	0.1777962773089381	0.750238626794941
GZMB	5.8171519221783	2.3555245869190986	1.995659926758534	0.23787151977374588	0.8377005764365608	1.686617807711929	1.7663289464183476	0.3396425014655281	0.9989208822153636	0.6689067792071695	1.585029661933179	0.6730138448267873	0.9777614542981466
GZMH	4.433784661368313	1.694200146711942	2.1930952408670934	0.4398091485868725		1.990608450284207	1.9231066537551642	0.3006220297421771	0.9989208822153636	-0.29640830357226483	1.7379725677748235	0.8645789361944066	0.9919160079379556
H1FX	19.863318072998606	-0.06488679432912275	0.5695197046142115	0.9092913151361331	0.9930430668474647	0.29083608495139085	0.4718249495678429	0.5376260977748308	0.9989208822153636	-0.35572287928051355	0.4658863553569679	0.44514140183800455	0.9556839401475558
H2AFJ	19.006454447740552	-0.9336966853159203	0.5628070199038127	0.09711584984102552	0.6496324254552712	-0.11257991924223512	0.4368106935277945	0.796614055964703	0.9989208822153636	-0.8211167660736851	0.4791722064457685	0.08659942406371315	0.5708133595170257
H2AFV	20.932383099801605	0.44769114214277445	0.5240370041918131	0.3929320966442882	0.9287813119565698	0.07249900666833688	0.44874233551369547	0.8716520166545767	0.9989208822153636	0.3751921354744375	0.42148180864745827	0.37337247853014977	0.9224426087386502
H2AFY	50.077837769311266	-0.36506786263475793	0.4242669418092216	0.3895314589357697	0.9262695738647081	-0.23583479645299563	0.3562504666496838	0.5079766410122717	0.9989208822153636	-0.12923306618176233	0.35822703433226033	0.7182807846099708	0.9777614542981466
H2AFZ	55.511285927065124	0.1366315025465307	0.47221207026256623	0.7723185117872002	0.9930430668474647	-0.08184210251813355	0.40526980429170434	0.839959930374689	0.9989208822153636	0.21847360506466426	0.39688407237606455	0.5819956144509227	0.9711498888785488
H3F3A	424.2725576417906	0.02804472047323903	0.3553797363252158	0.937100392024605	0.9962366574728068	0.1643267073430085	0.30679132501723017	0.5922141332772517	0.9989208822153636	-0.13628198686976947	0.3051426821363598	0.6551514353892989	0.9777614542981466
H3F3B	551.1191376098412	0.11876260119148786	0.49879476972743436	0.8118042087647193	0.9930430668474647	0.026448271708865385	0.43162524853560663	0.9511393986050729	0.9989208822153636	0.09231432948262248	0.43055171754409016	0.8302278227379751	0.9919160079379556
HACD4	17.979728928731955	0.022135040735977368	0.5726449705742079	0.9691662179679837	0.9964726730517024	-0.2484919007948295	0.4832869972099377	0.6071328141820367	0.9989208822153636	0.27062694153080685	0.47322962610713404	0.5674084529079666	0.9711498888785488
HADHA	18.99068800152241	0.7636607448255569	0.623534705722442	0.22067752017859155	0.8344035271393161	0.6256534098879947	0.5379333583183686	0.2448016616896066	0.9989208822153636	0.13800733493756226	0.4925676178149607	0.7793398153994452	0.9838015061805645
HADHB	13.057904783326862	0.6674504098772392	0.5987939911172439	0.2649970790700439	0.8515001541835417	0.04822660986004934	0.5179569186421816	0.9258167234738545	0.9989208822153636	0.6192238000171899	0.4716751356212048	0.1892441460832338	0.767490148004226
HAGH	5.399991924582463	-1.2516715148912123	1.0074398442710215	0.2140786740090389	0.8289098832497114	0.4063795141991888	0.6794174683814	0.5497536421599012	0.9989208822153636	-1.658051029090401	0.8663714209246008	0.05564727889417252	0.435630172576364
HAT1	5.551563635516641	0.27499043809005524	0.8428212072085961	0.7442172449368761	0.9930430668474647	0.25070859844229115	0.6990198218331165	0.7198514364537791	0.9989208822153636	0.024281839647764102	0.6603892538485364	0.9706692072299808	0.9952132068500601
HAUS4	5.906330129652452	-1.0679077289313468	0.9163163639094009	0.24384270629040283	0.8435191009508414	-0.15794254666694052	0.6709975041206219	0.8139101596090674	0.9989208822153636	-0.9099651822644063	0.7858256300443403	0.2468748887859643	0.8530899342927205
HAX1	8.264146084234786	-0.09758436954057705	0.7144233001583243	0.8913534528575493	0.9930430668474647	-0.7494201710571567	0.6021668663818384	0.21330124198518752	0.9989208822153636	0.6518358015165796	0.597575821868574	0.27536082649282767	0.8696706415213846
HBEGF	20.830931504887374	-0.8751940483544686	0.8114429337697577	0.28078163569394887	0.8632854553136564	0.44210597831418785	0.6634339635521511	0.505161641354695	0.9989208822153636	-1.3173000266686565	0.689614907037222	0.05610790926519914	0.43746859920699677
HBP1	9.6926074688743	1.0704965688848274	0.7671431608899079	0.1628854289857221	0.776780034028619	0.12055628741100471	0.6765495612984763	0.8585715329586572	0.9989208822153636	0.9499402814738227	0.6003540253333238	0.11358106001361695	0.636577150172287
HCFC1R1	5.756875700743387	-0.0616856708738116	0.8672304465235268	0.9432946874259891	0.9962366574728068	0.07121596682540604	0.7064834969976597	0.9197064960004212	0.9989208822153636	-0.13290163769921765	0.7015119926983351	0.8497399265759525	0.9919160079379556
HCK	30.314877099814527	1.5910664133447956	0.5884958016914059	0.006858959111430528	0.14876666618201212	0.05858827060322659	0.5232972663828064	0.9108552608778627	0.9989208822153636	1.5324781427415692	0.47486438000215914	0.0012501190022254603	0.029202779891986753
HCLS1	31.537747351269388	0.689749183046789	0.5428491840342867	0.20386770214052818	0.8218069288305614	0.1900549303606904	0.4708371560145389	0.6864677499660057	0.9989208822153636	0.49969425268609863	0.44369071483014466	0.26007155560010997	0.8590598895388247
HCST	62.53303726457391	-0.8163105133647958	0.43867505411133223	0.06276470577357567	0.5254250076893191	-0.45569700921928463	0.3665648384711478	0.21381062359681724	0.9989208822153636	-0.36061350414551113	0.3759942748380678	0.33751186018041535	0.9108453158288473
HDAC2	6.541434832709044	-0.5596766308677122	0.8609682842419949	0.5156567756704559	0.9524679669319452	0.535683486651433	0.6444616637161694	0.4058545621113808	0.9989208822153636	-1.0953601175191452	0.7063611388448929	0.12097159209307089	0.6486358871784983
HDAC9	8.2396427117083	3.900999038709132	1.15654324056009	0.0007435892883344664	0.03608298529663691	0.8374227503761891	1.1035090630992863	0.4479287934991135	0.9989208822153636	3.063576288332943	0.7526707446820933	4.6957842132181085e-05	0.001987201435158968
HDDC2	4.0622141493179855	-1.1044584387326324	0.9804132799995182	0.259944068740683		-1.0253153012803626	0.7558289383043636	0.17492610779909978	0.9989208822153636	-0.07914313745226964	0.8572716797495922	0.9264439690700702	0.9941706264930981
HDLBP	7.614690266485961	0.09380039535092301	0.8313437856930177	0.9101654518898773	0.9930430668474647	0.6101671968136341	0.6792171207656867	0.36900487180981545	0.9989208822153636	-0.5163668014627111	0.6592315482205983	0.43345921912192853	0.9488012892324074
HEBP1	7.524645963194306	-0.05613018096201084	0.7732634504511069	0.9421334269784915	0.9962366574728068	0.3580619222696232	0.6223325887807274	0.5650514969692555	0.9989208822153636	-0.414192103231634	0.6187069136328833	0.5032097438209397	0.9686312519100319
HEBP2	20.85774502053856	0.6309197118801627	0.6182189712848808	0.30747049438683716	0.8836419566191195	0.1721082971266087	0.5349473427183015	0.7476576896259339	0.9989208822153636	0.458811414753554	0.5025404261942364	0.3612509081364653	0.9224426087386502
HECA	7.282962349483426	0.8140240446750473	0.7699427700790002	0.29039629053284666	0.8714932702259329	0.3077395686899294	0.6668759999437869	0.6444654187558168	0.9989208822153636	0.5062844759851179	0.5903663493940562	0.39112619845325725	0.9262680449987925
HEIH	17.05580388326828	0.3181235467139254	0.5731502090132852	0.5788646102334456	0.9665616667306404	0.1883943690858221	0.48515297668207813	0.6977795965620748	0.9989208822153636	0.12972917762810332	0.46014177904388825	0.7779948427601523	0.9838015061805645
HELZ	7.538582230909642	0.38965680374236294	0.8375037205845534	0.6417454275493124	0.9756318293502411	0.41775491862809533	0.7062771492772447	0.5541930567541987	0.9989208822153636	-0.0280981148857324	0.6617219436362887	0.9661303103974919	0.9952132068500601
HERC4	7.507257802074854	1.3414787163699973	0.88423087225103	0.12923799527690719	0.7325375971395747	0.2905136985290037	0.7870017613935996	0.7120235000889767	0.9989208822153636	1.0509650178409935	0.6764336772649033	0.12025951634349158	0.6486358871784983
HERPUD1	43.20392012406006	-0.7890093179131615	0.6434901101431044	0.22014578834781373	0.8344035271393161	-0.004798375600268483	0.541209159745507	0.9929260257667136	0.9989208822153636	-0.7842109423128929	0.5506950734267202	0.1544353506407071	0.7099105133445635
HES1	12.562496240017497	0.361501403108229	0.9416105221269072	0.7010390872576782	0.9901701562993254	0.7054623372779499	0.803737152274772	0.3800915252004715	0.9989208822153636	-0.343960934169721	0.7717182322428389	0.6558082371753168	0.9777614542981466
HEXA	8.317139338262894	0.9044249065927245	0.763345764644601	0.2360898780972509	0.8377005764365608	0.881575923386139	0.6560478902666996	0.17902353770452528	0.9989208822153636	0.022848983206585415	0.5642782863508727	0.9677005644068875	0.9952132068500601
HEXB	18.850842617708363	-0.0571767381747443	0.5769557037630428	0.9210582831917054	0.9947151508026604	0.19092777779775666	0.47962450495533016	0.69057297631096	0.9989208822153636	-0.24810451597250097	0.4731331939410119	0.6000099553700595	0.9755172993767115
HEXIM1	13.68975779622369	-0.8569884162857283	0.9152847921745222	0.34911466237802236	0.9077544252935401	-0.17398286000292998	0.7578979201116588	0.8184338834338404	0.9989208822153636	-0.6830055562827984	0.7823546908596172	0.3826561727096839	0.9224426087386502
HIF1A	34.024057699827274	0.8732990615665942	0.8060137540229467	0.2785958200822195	0.8616503227382954	1.326606354270927	0.6973195459420668	0.05711407597597766	0.9989208822153636	-0.4533072927043326	0.6645639780793406	0.4951679158912361	0.9686312519100319
HIGD1A	6.217389403741923	-0.3846198525503622	0.8993446615442993	0.6688937252447352	0.9780705608686049	0.40812562215877135	0.7059936101524191	0.5632054847388517	0.9989208822153636	-0.7927454747091336	0.7357578133494428	0.2812773234095193	0.8772705166973347
HIGD2A	58.253389654019145	-0.3319113350550864	0.4966013787024011	0.5039001755932091	0.9510478797151422	-0.23768705681472482	0.4224594349723375	0.5736889472203219	0.9989208822153636	-0.09422427824036157	0.42233701107698984	0.8234560363130475	0.9919160079379556
HIKESHI	11.464541013930331	0.3274691385482515	0.7096743503441042	0.6444859849381294	0.9756318293502411	0.20758382490103183	0.6009571849764049	0.7297771500481696	0.9989208822153636	0.11988531364721969	0.5695107300059611	0.8332729228414169	0.9919160079379556
HINT1	57.22814970908792	-0.8092270117217013	0.5094931507877056	0.11221894323582504	0.686213476446549	-0.5353028637535842	0.4294989858287924	0.21263866074199633	0.9989208822153636	-0.2739241479681172	0.43762801993441025	0.5313613935541873	0.9686312519100319
HINT2	9.71599501546863	-0.44706506006818425	0.7582058783133626	0.5554350834310873	0.965058301207955	-0.10452627036434686	0.6135798467174398	0.8647311190458231	0.9989208822153636	-0.34253878970383733	0.6329650872275867	0.5883935998902048	0.9713108878987808
HIPK2	7.382359972410936	2.083853007712898	0.9736956927088894	0.032342798182283465	0.37010985017880893	0.4656394602607898	0.8860582446891023	0.5992232192402529	0.9989208822153636	1.6182135474521078	0.724303823249498	0.02547228234317038	0.273452442801682
HIPK3	11.688888283044049	1.3736659797673412	0.6561254051231727	0.0362953786902334	0.3996679584236086	0.4702369220844281	0.5842032278093414	0.4208657870855673	0.9989208822153636	0.903429057682913	0.48738249489738017	0.06379145351182519	0.48382089416760926
HIST1H1C	17.27128923394913	-0.01854446065962215	0.874845462137815	0.9830881778670901	0.9969961297960088	0.5795872169653351	0.7407954958953569	0.43398839968491787	0.9989208822153636	-0.5981316776249572	0.7292649958863038	0.4121110683265452	0.9388875702500519
HIST1H2AC	20.744330460489667	0.928526607209992	0.9065328662838783	0.3057118327164642	0.8836419566191195	-0.1666956382836489	0.7915474159259713	0.8332035999269342	0.9989208822153636	1.095222245493641	0.7614840338899357	0.1503564905515072	0.7069495703741695
HIST1H2BC	5.854732346207356	0.1597247210453681	0.975808527297703	0.8699795281124749	0.9930430668474647	-0.3798342590864383	0.8325754230135542	0.6482346351424947	0.9989208822153636	0.5395589801318064	0.8056728631279314	0.5030491595625294	0.9686312519100319
HIST1H4C	10.776439266123688	1.4241647557583523	1.103528184450538	0.196857733140695	0.8191914098572816	1.9816753508915697	0.9640943429043012	0.03983279449249967	0.9989208822153636	-0.5575105951332172	0.8403142103280641	0.5070392436335007	0.9686312519100319
HLA-A	222.39102606286338	-0.4660520193065659	0.36795624851114467	0.20529967964632734	0.8228105461966762	-0.12277908825685623	0.31525440265681987	0.6969356400778021	0.9989208822153636	-0.3432729310497097	0.3157305120223096	0.27693343136963966	0.8696706415213846
HLA-B	361.4129867114678	-0.1570841747612214	0.47811349459161645	0.742495867822937	0.9930430668474647	-0.03310770475571056	0.4130345168336895	0.9361122023367296	0.9989208822153636	-0.12397647000551085	0.4121772179186899	0.7635789181553709	0.9809070145248762
HLA-C	232.7211454404883	-0.26135819678867356	0.37469803665748674	0.48547939382768424	0.9442442286200136	-0.16119811999104047	0.3222458041794954	0.6169107304277244	0.9989208822153636	-0.10016007679763309	0.3214152758188659	0.7553277991346459	0.9809070145248762
HLA-DMA	32.91858738289617	-0.3382763861010492	0.5241470030403276	0.518678002689735	0.9549374406908995	0.10207151724623877	0.4366316359143844	0.8151632924031307	0.9989208822153636	-0.44034790334728796	0.4392058591792883	0.3160537760980733	0.8938644939739743
HLA-DMB	14.486307929009334	0.2656019106526538	0.7121155647392162	0.7091664153684787	0.9930430668474647	0.673586596925702	0.5982687202928495	0.260210789563905	0.9989208822153636	-0.40798468627304824	0.5713883521010237	0.47521267497517383	0.9664871084564397
HLA-DPA1	63.96126656901691	-0.3514623558740795	0.7213856269041534	0.6261133850383607	0.9747465964778875	0.9499126879383138	0.6141633136049279	0.12194098828135153	0.9989208822153636	-1.3013750438123932	0.6137812044068858	0.033984220077062734	0.3320951968770037
HLA-DPB1	65.36768744556822	-0.06973904989583014	0.6368747461195786	0.9128043461912915	0.9930430668474647	0.8156286654049916	0.5440289273945312	0.13381198391005017	0.9989208822153636	-0.8853677153008217	0.5389316311030986	0.10042016052263555	0.6096192697008229
HLA-DQA1	11.085711118842573	0.45412469311722437	1.86294109510074			3.813710655407796	1.5525498993764693			-3.3595859622905717	1.45253613693089		
HLA-DQB1	28.473165434624452	-1.1216651751487803	1.3166278973363168	0.39425700445441403	0.9287813119565698	0.5892466399344645	1.1173617875312127	0.597946891497068	0.9989208822153636	-1.7109118150832447	1.1341945032752334	0.13143125018346985	0.6792553106827114
HLA-DRA	315.99478686690424	-0.20043906433587502	0.4639968558578112	0.6657532823703723	0.9780705608686049	0.2858864053023146	0.4001400179809961	0.47493912369223024	0.9989208822153636	-0.48632546963818957	0.39921275620148416	0.22314370666649386	0.8185673661635202
HLA-DRB1	134.6270221763269	-0.9210182872064566	0.6150574874471157	0.1342760150949997	0.7388049390819276	0.042140438456756045	0.5263980659026892	0.936194054592251	0.9989208822153636	-0.9631587256632126	0.5303864305379796	0.0693770337490958	0.5089973330335672
HLA-DRB5	28.393320315611906	-0.7890503814014543	2.8221976216336655	0.7797942148019292	0.9930430668474647	1.8618136192231192	2.4276306880355274	0.44312538524441725	0.9989208822153636	-2.650864000624573	2.4345698705597627	0.2762231911238393	0.8696706415213846
HLA-E	81.68685022722887	-0.12301927448941405	0.4567342165814305	0.7876638744560855	0.9930430668474647	-0.06149460306663443	0.3908126698775112	0.8749685539969219	0.9989208822153636	-0.06152467142277962	0.3876286116995669	0.8738889554382272	0.9919160079379556
HLA-F	12.842599334524598	-0.09160204846420117	0.7581999875523726	0.9038374466592421	0.9930430668474647	-0.6129783663424117	0.646046773671111	0.34271510771395786	0.9989208822153636	0.5213763178782105	0.6385366478395108	0.41420424510608833	0.9397640992305967
HM13	17.145806619524738	0.6879610050787452	0.5779143798922773	0.2338812412202672	0.8377005764365608	-0.04808259933777719	0.5024789548699727	0.9237661697762772	0.9989208822153636	0.7360436044165224	0.4639210690042105	0.11260989355464157	0.636577150172287
HMGB1	94.72912743057537	-0.16149340863244113	0.36078996823253684	0.6544342628128959	0.9756318293502411	0.1175618125922435	0.30589637488198224	0.7007419699536799	0.9989208822153636	-0.2790552212246846	0.3035564951751146	0.35794602444605417	0.9219097254697737
HMGB2	74.4373510119325	-0.6897717794461266	0.6271981399457944	0.2714336799546817	0.8577424124837237	-0.35002272468751006	0.536340379917302	0.5140057780934798	0.9989208822153636	-0.33974905475861644	0.5396631878662298	0.5289840798271309	0.9686312519100319
HMGN1	20.263548091603138	-0.9105873753252918	0.5662995431896208	0.10784379963339852	0.6778855570165258	-0.1967249260418388	0.446603257036548	0.6595811875918298	0.9989208822153636	-0.713862449283453	0.4825891808113737	0.13907771625081555	0.6989792279731177
HMGN2	54.71603169511096	-0.5390166105701333	0.4569615809292525	0.2381726403141322	0.8377005764365608	-0.22381736648490566	0.38377499023100575	0.5597590356685791	0.9989208822153636	-0.3151992440852276	0.3885214727217802	0.41720556711342704	0.9422987847364923
HMGN3	34.89090442280028	-0.25337678930703983	0.6341956629684696	0.6895066772210383	0.9855504827178396	-0.08000165323707133	0.5393503841740803	0.8820826175495936	0.9989208822153636	-0.1733751360699685	0.537497640213576	0.7470286358503471	0.9803559971046334
HMOX1	12.009604071478593	0.15033784924917276	0.8794124811078582	0.8642610373302715	0.9930430668474647	0.39687395793206925	0.7456172423650763	0.594535042809117	0.9989208822153636	-0.2465361086828965	0.7243776385457585	0.7335990180728522	0.9803559971046334
HNMT	25.345542146892555	-0.26741645250317186	0.46824784744906484	0.5679317039621241	0.9665616667306404	-0.5909437323480613	0.3915507457224314	0.13123766715869858	0.9989208822153636	0.3235272798448894	0.39374246154093984	0.4112634198812407	0.9388875702500519
HNRNPA0	21.373087397048277	0.22281027232395534	0.5398807998217714	0.6798244348028071	0.9823973227710534	0.13238263897809244	0.4565094077819629	0.7718247663482545	0.9989208822153636	0.0904276333458629	0.4382821963988427	0.8365387281426943	0.9919160079379556
HNRNPA1	79.06099833365586	-0.8565458975768547	0.4946010325210316	0.08331068001788197	0.6078571855312572	-0.12176845229442258	0.41680448164891	0.7701737310401312	0.9989208822153636	-0.734777445282432	0.42431722785710885	0.08333232185079689	0.5593801834582228
HNRNPA2B1	81.05429656593431	-0.40722228998910864	0.5824188796839924	0.48443240495604367	0.9442442286200136	0.1756815678573723	0.49769540206105334	0.7240958351904733	0.9989208822153636	-0.5829038578464809	0.49800256475163945	0.2418063915449632	0.85177964830174
HNRNPA3	35.244892558084075	0.16078651959080684	0.4740554327726331	0.7344798587098733	0.9930430668474647	0.38111371099793523	0.40036495416001777	0.34113970437830876	0.9989208822153636	-0.2203271914071284	0.38763144425730106	0.5697678064084105	0.9711498888785488
HNRNPAB	7.762009903158699	0.061117599782308435	0.9157266564977627	0.9467869487682822	0.9962366574728068	1.2547755237865372	0.735188811777368	0.08787054797906957	0.9989208822153636	-1.1936579240042289	0.7169130451110454	0.09591339480101543	0.5998325743668894
HNRNPC	53.75584785864936	0.6548702805778934	0.523688811732058	0.21111875282649661	0.8265398871446339	0.2609070744085291	0.4538492191142285	0.565375086825477	0.9989208822153636	0.39396320616936426	0.43605593756453837	0.36627680954309183	0.9224426087386502
HNRNPD	17.427314153630242	-0.14336064991005987	0.6246101511742276	0.8184646184594206	0.9930430668474647	0.39838771159691666	0.5139208334337325	0.43822576303284577	0.9989208822153636	-0.5417483615069765	0.5116262344253899	0.2896565931925301	0.8828781337392358
HNRNPDL	45.090319821586434	-0.8291636323394074	0.4891441655937341	0.0900504975206417	0.6305774958984289	-0.13605655848022086	0.4036455796438397	0.7360646120135661	0.9989208822153636	-0.6931070738591866	0.4173820027116195	0.09679259552176787	0.6007036326691213
HNRNPF	21.775744236883785	0.08935871696863651	0.5190273240540272	0.8633072408164837	0.9930430668474647	0.25143895087349016	0.4329081719305809	0.561366092655246	0.9989208822153636	-0.16208023390485368	0.42068696223333396	0.7000335680840534	0.9777614542981466
HNRNPH1	30.676897208446903	-0.15877443247301123	0.5868584502135696	0.7867373150159538	0.9930430668474647	0.21597126491369395	0.49460267977429623	0.6623607890405495	0.9989208822153636	-0.37474569738670516	0.4907975660433768	0.4451388369387794	0.9556839401475558
HNRNPH2	12.000951888456418	-1.084847196623459	0.7013980507630876	0.12193738084092054	0.7107007297706631	-0.5518955652052567	0.5516283957446085	0.31707617789289244	0.9989208822153636	-0.5329516314182023	0.604864491409908	0.37825875105844364	0.9224426087386502
HNRNPH3	9.04416834658354	-0.03170779665529362	0.7928562409134777	0.9680996150086081	0.9964726730517024	0.31627328918393094	0.6544108525477547	0.6288865108303807	0.9989208822153636	-0.34798108583922455	0.6444789926122171	0.5892372356822586	0.9713108878987808
HNRNPK	46.79709690847145	-0.7597143176168106	0.43244110744463293	0.07895120323743211	0.5907956711139589	-0.10887245160450626	0.35348794915448806	0.75808628612197	0.9989208822153636	-0.6508418660123044	0.3673954068945822	0.07647718446308772	0.5306873422321944
HNRNPL	6.00266830799217	-0.49749887805325943	0.976212036052233	0.610316488992551	0.9723015550569842	-0.142056256522871	0.7912631863136055	0.8575207927239712	0.9989208822153636	-0.3554426215303884	0.818171368713593	0.6639722820256964	0.9777614542981466
HNRNPM	17.609315391322077	-0.023805366406467746	0.5571988893910171	0.9659221185499638	0.9964726730517024	-0.1388961822350146	0.46621727205155816	0.7657630236447651	0.9989208822153636	0.11509081582854686	0.4585638195747736	0.8018287823616992	0.9919160079379556
HNRNPR	9.948144524158911	-0.656931095926117	0.7615626703537053	0.3883522763997389	0.9257411016933377	0.46366826764762564	0.5867080082273837	0.4293596238947479	0.9989208822153636	-1.1205993635737426	0.633133530114449	0.07673950388328896	0.5306873422321944
HNRNPU	68.63179484325788	-0.618529259703601	0.5727911116278108	0.2802083768428222	0.8632854553136564	0.4387650795756439	0.48369069687738203	0.3643438078439801	0.9989208822153636	-1.0572943392792449	0.48834895422437463	0.030384728873533415	0.30904410589817266
HNRNPUL1	8.162981221918807	0.27473405009505264	0.7910992308106173	0.7283799213229025	0.9930430668474647	0.3914215547823873	0.6618405642947595	0.5542432856026402	0.9989208822153636	-0.1166875046873347	0.6282888221741679	0.8526622156912846	0.9919160079379556
HOOK3	11.781239564108533	1.108758084320403	0.6956666080600529	0.11097934177792483	0.685120776756369	1.1632895945082755	0.6034874968659844	0.05390343531979169	0.9989208822153636	-0.05453151018787264	0.50961257141442	0.9147843639748102	0.9933939763059726
HOTAIRM1	9.171744931550574	0.7281732603061866	0.7463604764257935	0.32924679713863225	0.8911062569919124	0.35819078029927737	0.6429123506060376	0.5774332747969382	0.9989208822153636	0.3699824800069092	0.5777050032691866	0.5218898613206348	0.9686312519100319
HP1BP3	15.717159953146846	-0.2789559570263694	0.5851722967900796	0.6335705013687409	0.9747465964778875	0.2622666712550571	0.4708858407907698	0.5775517214575252	0.9989208822153636	-0.5412226282814265	0.47948953102247854	0.25900434870573597	0.8590598895388247
HPCAL1	8.28738802527799	-0.27269747094637486	0.7451422094089187	0.7143896881172214	0.9930430668474647	-0.24713224785197999	0.6069590488132873	0.6838870881322985	0.9989208822153636	-0.025565223094394855	0.6171456160168839	0.9669571267649519	0.9952132068500601
HPS1	7.122031795399198	1.4727344586319437	0.8601188194994377	0.08685146121479016	0.6170117455532115	1.0927827558838643	0.7626834916007634	0.1519113098405251	0.9989208822153636	0.3799517027480796	0.5971288385222676	0.5245824079339817	0.9686312519100319
HRH2	18.271121159437467	1.2773975616353201	0.7950598932789353	0.10812714152453216	0.6778855570165258	0.5593933643832572	0.6979996261940498	0.4228864644868169	0.9989208822153636	0.7180041972520629	0.6396221913531495	0.26163111469523137	0.8603185303041392
HSBP1	35.77657597415676	-0.23229453035101266	0.5149656194277925	0.6519265193186646	0.9756318293502411	-0.1424600695488226	0.4347455724088032	0.7431490343383228	0.9989208822153636	-0.08983446080219006	0.4333393938059786	0.8357697993630444	0.9919160079379556
HSD17B10	12.681965831284296	0.022357390961684303	0.6226492999818259	0.9713566134622605	0.9964726730517024	-0.011093525857544492	0.5173718020839764	0.9828930089267824	0.9989208822153636	0.03345091681922879	0.5067293357708689	0.9473671720179365	0.9951160330822675
HSD17B11	31.322296809625644	-0.9626007025562643	0.6060262144431159	0.11220014482561656	0.686213476446549	-0.28898304660596164	0.5003396642397206	0.5635519465141758	0.9989208822153636	-0.6736176559503027	0.5196688880435907	0.19489144967201877	0.7758474572596418
HSP90AA1	433.50767102470417	0.9194496204359814	1.2793092871201523	0.47232094882072706	0.9442442286200136	1.371807706801585	1.1079820892368457	0.21567393725155604	0.9989208822153636	-0.4523580863656035	1.1059796548150786	0.6825314282410253	0.9777614542981466
HSP90AB1	113.40436985975744	0.8986026858850796	0.7162033318906357	0.20959662762572406	0.8265398871446339	0.779549284982309	0.6209365940431444	0.20931869804796188	0.9989208822153636	0.11905340090277064	0.6108990130855662	0.8454850959890784	0.9919160079379556
HSP90B1	26.479335429197203	-0.5419562094262089	0.6823947450610469	0.427080456115591	0.9403836536671231	0.28549079274727074	0.5679452147879297	0.6151941116971563	0.9989208822153636	-0.8274470021734796	0.5765320143624902	0.1512260345867312	0.7076602900532935
HSPA1A	281.46310539266807	-0.07459960091313556	1.5149200231870117	0.9607254363947831	0.9964726730517024	0.6280730365586842	1.31135890456853	0.6319754530048184	0.9989208822153636	-0.7026726374718197	1.3107522835392935	0.5919008611739376	0.9713108878987808
HSPA1B	145.2719846394252	0.6084530518177966	1.7207515733949197	0.7236407235749386	0.9930430668474647	1.1868267565569095	1.489952079513593	0.42571030948657373	0.9989208822153636	-0.578373704739113	1.486661305268408	0.6972450688490015	0.9777614542981466
HSPA4	5.6829249609011825	1.4659294165685093	0.934591466475205	0.11675882576020503	0.6928140044243969	0.28761477600061	0.8377432255768066	0.7313570433431833	0.9989208822153636	1.1783146405678993	0.703253752396341	0.09383255326734309	0.5938655188803434
HSPA5	36.17346159965616	0.24881836192894216	0.7244152096009098	0.7312413032818592	0.9930430668474647	0.7821986983400412	0.6206387686610275	0.20755671043695656	0.9989208822153636	-0.533380336411099	0.6061654564276794	0.37889976427360605	0.9224426087386502
HSPA6	40.79603177153848	-0.4394783783106443	1.574495276306827	0.7801501729286999	0.9930430668474647	1.1217132568855859	1.354479808953768	0.4075852203508492	0.9989208822153636	-1.5611916351962303	1.3547154356084212	0.2491514148395031	0.8530899342927205
HSPA8	75.52643928345209	0.28350392048332135	0.7396036926856483	0.7014834811483783	0.9903092734358023	0.7150516064231313	0.6379851711978565	0.2623744546177027	0.9989208822153636	-0.43154768593981	0.6300326966438613	0.49336867163384945	0.9686312519100319
HSPA9	18.432451477199617	0.6439263133867406	0.6703767378820119	0.3367815273419501	0.8969353607255843	0.240433712890374	0.5797684727167485	0.6783568255206449	0.9989208822153636	0.40349260049636665	0.5437999667254092	0.458095106685379	0.9611401237492433
HSPB1	72.01248633960066	-0.9638912368838864	1.5082977976787284	0.5227845703105979	0.9580457568113643	0.32534730747225193	1.3004320107742249	0.8024450430027718	0.9989208822153636	-1.2892385443561383	1.3040528213296891	0.3228393971984068	0.8960941443149695
HSPB11	10.006127519354704	-0.7246191281337313	0.7717716600982016	0.34778028191263144	0.9077544252935401	-0.5488429539270185	0.6261748858926419	0.3807576980502553	0.9989208822153636	-0.17577617420671274	0.657896032251581	0.7893311449974834	0.9875094016249577
HSPD1	53.74999320844245	0.504881301070925	0.9140441556637661	0.5807018266487819	0.9671367302673034	0.8055073403076236	0.790068813073967	0.30794632341845185	0.9989208822153636	-0.3006260392366986	0.7780144439041224	0.6991992526931754	0.9777614542981466
HSPE1	73.73327520391629	0.0714732721382149	0.8123382068937111	0.9298888965797156	0.9962366574728068	0.018738956514210654	0.7016399219203227	0.9786931353743478	0.9989208822153636	0.05273431562400425	0.6973955653625831	0.9397245467957471	0.9944788766041077
HSPH1	75.3314485191624	0.9803653767873673	1.5917998677114449	0.5379705402535647	0.962283048387728	1.0834011749229264	1.3791335067260173	0.4321214573966867	0.9989208822153636	-0.10303579813555912	1.3707624660265088	0.9400820167724052	0.9944788766041077
HTATIP2	7.0168724981973325	0.7226026341511854	0.822601015551138	0.37970696480668265	0.9253095413320528	0.19725022514807017	0.7112062516632796	0.7815144240938252	0.9989208822153636	0.5253524090031153	0.6419966368141274	0.4131800719743035	0.9394223472709884
IAH1	8.761753542230467	-0.6373376070871656	0.7142218461850026	0.3722040547148372	0.9233513498088938	-0.2822347080488924	0.5613103266905046	0.6150950278311879	0.9989208822153636	-0.35510289903827325	0.6015354482488288	0.5549711264548294	0.9711498888785488
ICAM1	17.029359956888502	0.5086961797302096	0.9645545957766445	0.5979229797237573	0.9671367302673034	-0.11092378590849498	0.8361062102961169	0.8944566635005027	0.9989208822153636	0.6196199656387047	0.812042719661905	0.44544035703452856	0.9556839401475558
ICAM2	8.900955225474648	-0.01564682277271388	0.7427699400369115	0.9831934030028796	0.9969961297960088	-0.4732799053893868	0.6271498032340859	0.45045776435575147	0.9989208822153636	0.45763308261667296	0.616437596635212	0.4578550312718096	0.9611401237492433
ICAM3	16.313382919027365	-0.25350865196991174	0.7309021882701283	0.7287089168086509	0.9930430668474647	-0.9660267471545564	0.6253908110635182	0.12242443202981367	0.9989208822153636	0.7125180951846447	0.6238583296592007	0.2534061286318354	0.8538097912004194
ID2	63.70507965465114	-0.48304123829519874	0.8602370859567898	0.5744423792608343	0.9665616667306404	0.8084777506708888	0.7356730884330714	0.27178405893358915	0.9989208822153636	-1.2915189889660876	0.7369081512723327	0.07966748322241742	0.5397425777481644
IDH1	4.884848223436405	-2.3813019829216167	1.1428541603166698	0.037192500316253485		-0.7220550580690905	0.7321394841499774	0.3240221810237649	0.9989208822153636	-1.6592469248525263	1.0410661796323406	0.11098177421552877	0.6329429310729375
IDH2	7.516623262070206	-0.8734379883484964	0.7881791938334147	0.26778760940557333	0.8541660845913596	-0.4129401422680669	0.607914008920188	0.4969643070940034	0.9989208822153636	-0.46049784608042943	0.6729390432874979	0.49378043811923644	0.9686312519100319
IDH3B	7.061099570339412	-0.1268880715640228	0.7556649662297368	0.8666495364353193	0.9930430668474647	0.04862499413556478	0.6089038633490057	0.936351305265983	0.9989208822153636	-0.17551306569958758	0.6119552241052327	0.7742600730919414	0.9838015061805645
IDH3G	10.778699096465495	0.01728820845912799	0.6769261185676096	0.9796248145135379	0.9964726730517024	0.14751613965727872	0.5593908698926499	0.792004528129223	0.9989208822153636	-0.13022793119815074	0.5482647771795831	0.8122476310116982	0.9919160079379556
IDI1	11.62125260129371	0.41422832226921097	0.7821795273209409	0.5964016673110415	0.9671367302673034	0.41947656748134726	0.6662996136208442	0.528981535896617	0.9989208822153636	-0.005248245212136268	0.6298549316851791	0.9933517304388025	0.9996889679060499
IDS	12.695792648390459	0.2630612511368959	0.627036260891285	0.6748279854617286	0.9807271687192533	0.38392906163854446	0.5238948141314782	0.46365836640491276	0.9989208822153636	-0.12086781050164856	0.4978913851046822	0.8081917942361391	0.9919160079379556
IER2	163.07875178840138	0.5676037145711461	0.5686858931724037	0.31823229857969115	0.8843105230594555	0.8887072617903319	0.4918365791236548	0.07077541624017245	0.9989208822153636	-0.3211035472191858	0.48471543242856474	0.5076778340711313	0.9686312519100319
IER3	77.64217829255976	-0.7546992530837251	0.6960433469197547	0.2782448904489282	0.8616503227382954	0.392667007964071	0.5927499116300033	0.5076830535649532	0.9989208822153636	-1.1473662610477962	0.5975812157364211	0.054855716619860016	0.4311095303544981
IER3IP1	9.291682431260016	-0.291820567218974	0.7592238610704501	0.700706485531293	0.9901701562993254	0.13669947446221403	0.6149700725808874	0.8240909500080924	0.9989208822153636	-0.42852004168118796	0.6253400189096869	0.49318033188455723	0.9686312519100319
IER5	32.80899182856879	0.5423617763208981	1.409240378777922			1.6466667932021446	1.2167752065297932			-1.1043050168812465	1.1972782895020475		
IFI16	40.526812448550565	-0.721512486895593	0.6458944521849285	0.26396229731255594	0.8500833039435857	-0.2545351795509047	0.5457707771671239	0.6409453545961152	0.9989208822153636	-0.4669773073446883	0.5533184091829303	0.398693068249805	0.9275297455443251
IFI27L2	26.995044225252858	-0.7258133637006069	0.5262588092873931	0.16783472992202397	0.7783231032819024	-0.6912524153009088	0.43504511737300977	0.11207818148443764	0.9989208822153636	-0.034560948399698165	0.4504441214459453	0.9388412154192427	0.9944788766041077
IFI30	252.14210974857372	0.1752371038988606	0.4124738072520602	0.6709502555172686	0.9780705608686049	0.4575659983602165	0.35584243579134545	0.19848952849729762	0.9989208822153636	-0.28232889446135584	0.3524757984016604	0.4231385770648999	0.9425245363634882
IFI35	8.883627324898237	-0.8350931260678149	0.7468539824794731	0.26350388072433617	0.8495626244524487	-0.3480017195888369	0.5841094217825059	0.5513210529920688	0.9989208822153636	-0.487091406478978	0.6358758734228033	0.44366648873097114	0.9556839401475558
IFI44	4.850287637420088	-1.0188850925944155	0.9636584295259544	0.29037041567222255		-0.7874567749500089	0.7540599804539219	0.2963515582806321	0.9989208822153636	-0.2314283176444067	0.833934797703531	0.7813857002417848	0.9838015061805645
IFI44L	4.323728281318211	-1.6948923651703285	1.1462815147571275	0.1392471320125705		-1.4885887376248634	0.8920468439453567	0.09517014346594695	0.9989208822153636	-0.2063036275454651	1.0210238876740605	0.8398732324522633	0.9919160079379556
IFI6	22.598952126495053	-1.607394015818121	0.6770516742942398	0.017591388766725637	0.255655563650434	-1.5045034087268603	0.5563561448069774	0.006846716758950485	0.9989208822153636	-0.1028906070912608	0.5947740557080483	0.862658437938979	0.9919160079379556
IFITM2	70.28335020521659	0.48589261946906226	0.5874732939288211	0.408186695415963	0.9327349883440683	0.48785724092189997	0.5074812846836204	0.33638601326668915	0.9989208822153636	-0.0019646214528376846	0.4956563275881951	0.9968374518123442	0.9996889679060499
IFITM3	37.52578588799958	-1.3377176804081974	0.7914905107766222	0.0910040959224211	0.6327835248599479	-1.0474799466733786	0.6707240618672546	0.11835510192297975	0.9989208822153636	-0.2902377337348187	0.6865389300213913	0.672474056466918	0.9777614542981466
IFNAR2	8.630470565522335	0.2167714931259931	0.7044690875493156	0.7583037549560645	0.9930430668474647	-0.15658188107874763	0.5940212782615686	0.792090919072193	0.9989208822153636	0.37335337420474074	0.5685098885800346	0.5113592071523467	0.9686312519100319
IFNG	4.011082355210526	1.199896646506617	2.7207102237904643	0.6591961169812999		2.5668220513326134	2.357920288947034	0.27633218318865627	0.9989208822153636	-1.3669254048259964	2.18013253867093	0.5306645561071694	0.9686312519100319
IFNGR1	34.28205798321563	-0.43707508565789793	0.6598161256477196	0.5077023928435879	0.9510478797151422	-0.29333091299986574	0.5607533307306604	0.6009036160700807	0.9989208822153636	-0.14374417265803222	0.5627577159136965	0.7983924168890589	0.9919160079379556
IFNGR2	22.414553639218056	0.5776559383858135	0.48904373501942544	0.23752532899322865	0.8377005764365608	0.2138254424764647	0.41980502545316206	0.6105106682015907	0.9989208822153636	0.3638304959093488	0.38726092518325517	0.34747560730201854	0.9149300914778091
IFRD1	14.012837706557413	-0.5224534601554078	0.9066768790198256	0.5644604440749346	0.9665616667306404	0.17386750799443518	0.7560378065205463	0.8181135463465081	0.9989208822153636	-0.6963209681498431	0.7664483149878283	0.36361227134312646	0.9224426087386502
IFT20	10.570618782942654	-0.6790902270320218	0.7636458451614532	0.37385595959732143	0.9233513498088938	-0.1652088260049846	0.6111579344208807	0.7869133083455226	0.9989208822153636	-0.5138814010270372	0.6447364018245415	0.42542717086543747	0.9425245363634882
IGBP1	16.379010625106257	0.07571174971260866	0.6078238557735658	0.9008703206821204	0.9930430668474647	-0.14546212019657045	0.5130803414235706	0.7767878402650863	0.9989208822153636	0.22117386990917914	0.49985488093266334	0.6581446755758962	0.9777614542981466
IGFLR1	13.617599336916006	-0.11086777804297615	0.6068805594094622	0.855045440610975	0.9930430668474647	-0.03421209270567046	0.5001126004118656	0.9454602330165701	0.9989208822153636	-0.07665568533730568	0.4974939725213578	0.8775437825871449	0.9919160079379556
IGKC	5.9435739331131785	-1.3848655421525935	2.59739588708494	0.5939127147016978	0.9671367302673034	0.6341284357839985	2.1782677796359247	0.7709626620868445	0.9989208822153636	-2.018993977936592	2.240169240842104	0.3674455762473724	0.9224426087386502
IGSF6	49.73989976683367	0.08590302773296946	0.44137663423558887	0.8456863522245798	0.9930430668474647	-0.030060877780191602	0.3765794162177983	0.936375541170514	0.9989208822153636	0.11596390551316106	0.36836598294602585	0.7529087829446683	0.9809070145248762
IK	11.864985597759462	0.48730862469157155	0.6535831951776185	0.4559118617282526	0.9440800184231919	0.8085295988824681	0.5465980553591748	0.13908601150419872	0.9989208822153636	-0.3212209741908965	0.5005037739106126	0.5210060959334315	0.9686312519100319
IKZF1	11.121727677722875	1.1137668876931746	0.7425588867173828	0.13363932638827997	0.7388049390819276	0.30367561336311755	0.653656910594875	0.6422326017137825	0.9989208822153636	0.810091274330057	0.5788382443145037	0.1616593960895124	0.7186901642302764
IL10RA	14.327589236053997	-0.15526420538502334	0.6536237413729132	0.8122350173624705	0.9930430668474647	0.5003357852841969	0.5302685594689506	0.34539879898702175	0.9989208822153636	-0.6555999906692201	0.5307860404793308	0.21677495523431267	0.8079485460867215
IL10RB	12.094618590583297	-0.35554276243900873	0.6337237080585073	0.5747719759559977	0.9665616667306404	-0.0023027503425863596	0.5097821588834849	0.9963958670081714	0.9989800924949278	-0.35324001209642236	0.5240336467141585	0.5002611679207278	0.9686312519100319
IL10RB-DT	5.60961856881747	0.4475506380792202	0.8816290399371475	0.6117054576085401	0.9723015550569842	0.7401765039322997	0.7308554667330928	0.3111778694230777	0.9989208822153636	-0.2926258658530796	0.6687287379149005	0.6616869287303855	0.9777614542981466
IL13RA1	10.28522729420425	-0.08974698338999293	0.8133314157504019	0.9121358401887116	0.9930430668474647	0.3278849132945917	0.673810303342427	0.6265325459058791	0.9989208822153636	-0.4176318966845846	0.6667290900472383	0.531059696230115	0.9686312519100319
IL17RA	14.085840272576123	-0.15561281336280272	0.6675438520440743	0.8156740519845163	0.9930430668474647	-0.19519728411635895	0.5566913444246383	0.7258597497086192	0.9989208822153636	0.039584470753556214	0.5542088913063707	0.9430593686998733	0.9944788766041077
IL1B	191.84493079017545	-0.4914251155519291	0.6683397085849999	0.46216142918374914	0.9442442286200136	0.3615539837710333	0.5757664189874239	0.5300350326831186	0.9989208822153636	-0.8529790993229625	0.5761000993072493	0.13871074599654856	0.6983368591550375
IL1R2	44.655234490544906	0.7519658880748509	1.4274052078484831	0.5983281892920238	0.9671367302673034	-0.5110201974358609	1.238284202373324	0.6798380780538488	0.9989208822153636	1.2629860855107118	1.2303025485388708	0.3046251313366606	0.8868448489561803
IL1RN	13.131470736912588	-0.7774456933340953	0.9193656474324263	0.39775765421706366	0.9293546056084263	0.738947869885123	0.7374309741666231	0.3163160640058881	0.9989208822153636	-1.5163935632192183	0.7737094320268794	0.050007412031813324	0.41483421344572413
IL32	7.565059297818504	-0.32090732236745123	1.1145676458341156	0.7734072863165008	0.9930430668474647	0.4431264949687979	0.9224808107488606	0.6309686474684932	0.9989208822153636	-0.7640338173362491	0.9280716550203187	0.41036655906742425	0.9388875702500519
IL6R	7.299904760540916	1.9807951594473574	0.8941035251177623	0.026732758641876703	0.3342178514921092	1.1591265298686886	0.8100727700852168	0.15246121133912874	0.9989208822153636	0.8216686295786688	0.6145077947945531	0.1811845495224147	0.7517237854220555
ILF2	9.459338799839891	0.020625885686213458	0.65715725311422	0.9749612835489209	0.9964726730517024	-0.11321114322226637	0.5425597865629387	0.8347127786357879	0.9989208822153636	0.13383702890847984	0.532360609366959	0.8015025853505487	0.9919160079379556
ILF3-DT	15.18477126611816	-0.2689729614775059	0.7705420035602717	0.7270368904117244	0.9930430668474647	0.4004500289448304	0.6386777431122572	0.5306601752725497	0.9989208822153636	-0.6694229904223362	0.6402332008193284	0.29574924420593585	0.8862952892362709
IMP3	6.376798046288216	-0.2425285546360645	0.7927336499082747	0.7596506928760964	0.9930430668474647	-0.7227846102682923	0.6579218369672437	0.27194809599190284	0.9989208822153636	0.4802560556322279	0.6650552121827067	0.470214800001743	0.9660542988919743
IMPA2	8.90647202863392	-0.24013395605186696	0.7254936010776694	0.7406490936119567	0.9930430668474647	-0.2701623745358857	0.5931966411688223	0.6487964872174178	0.9989208822153636	0.030028418484018726	0.6004522602099096	0.9601146836140287	0.9952132068500601
IMPDH1	6.945547455534926	-2.2849873037734194	1.0292179317578178	0.02641062363373306	0.3316386643130603	-0.8016756049197857	0.6859529039018494	0.24252308471908302	0.9989208822153636	-1.483311698853634	0.9325481306370677	0.11169946939593643	0.6345572969574599
INPP5D	9.143064834296416	1.929652205622409	0.7678108256400002	0.01196458867558023	0.20442370523401257	0.621423026612479	0.699336991520931	0.3742241059450735	0.9989208822153636	1.30822917900993	0.5468249925389584	0.016738166132118256	0.21018287422463294
INSIG1	10.004231516321289	1.111547557398851	0.9728954538786633	0.25324005398781846	0.8463914585948702	1.0522531171496796	0.8471835007550852	0.21421426071449545	0.9989208822153636	0.059294440249171354	0.7625680629253616	0.9380219408528245	0.9944788766041077
INSR	7.488527545802483	-0.6502882123420181	0.7912083085075796	0.4111380548023533	0.9327349883440683	-1.1459095062460678	0.6510042089502468	0.07837080441943393	0.9989208822153636	0.4956212939040498	0.6826241530785752	0.46780629843634236	0.9653670610841836
INTS6	25.15488034781647	-0.5437739346066564	1.3195035954579075			1.5521152322389047	1.1165870777943832			-2.095889166845561	1.122810535419319		
IPMK	6.098281743251362	2.28559655850542	0.9215168191724151	0.013128850940695467	0.21595031359564995	1.0706846583948877	0.8506221984175242	0.2081359514930573	0.9989208822153636	1.2149119001105324	0.5993615095490084	0.042661368395105946	0.38242635706734535
IQGAP1	36.14370376128405	0.5859053965179559	0.5187732353711907	0.25872677210300477	0.8468310989941064	0.36179127793457344	0.4475508135209317	0.4188716671549315	0.9989208822153636	0.22411411858338243	0.42405121674477286	0.5971473554157536	0.9739261832300296
IQGAP2	24.3070081966473	2.1192063403875765	0.6199405176136689	0.0006298983444773795	0.03278907200434068	0.8698202262444099	0.5578183036966945	0.11891939279215764	0.9989208822153636	1.2493861141431668	0.4680584349701998	0.007601062170961794	0.11997352183355912
IQSEC1	7.461228073219942	2.1204424636832733	0.8730560034991639	0.01515060725613329	0.23446588418545736	0.008411397710122842	0.8085042642242185	0.9916992357383853	0.9989208822153636	2.1120310659731505	0.6443718985673947	0.0010467192607427308	0.025470168678073113
IRAK3	44.87084815133728	1.4600936196199625	0.5359176426034525	0.006440402426296616	0.14518796965737962	-0.4295326595297418	0.4754053007024006	0.3662561578524155	0.9989208822153636	1.8896262791497043	0.4440877939013973	2.0898019621728137e-05	0.0009686066237372406
IRF1	25.313291698921148	-0.6043323433752842	0.7601266829443657	0.42658929690158154	0.9402041239639939	0.44029540977024756	0.6326787765464266	0.4864773519778529	0.9989208822153636	-1.044627753145532	0.6433856712328702	0.10445231745685712	0.6170590063092133
IRF2	8.875247622484029	0.7464209891294159	0.7851676744743775	0.34178121157363006	0.9010309472700763	0.28499787096360096	0.6793002290935348	0.6748169533785973	0.9989208822153636	0.46142311816581494	0.6158332864687107	0.45369672497744984	0.9579135480362643
IRF2BP2	12.49145971790122	-0.3516919249206482	0.8781355732456515	0.6887894341581168	0.9855093203371755	0.49072226153276544	0.7255361023998619	0.4988132763765851	0.9989208822153636	-0.8424141864534137	0.7316601506106614	0.2495785672023949	0.8533599721674392
IRF7	6.561036274330857	-1.7034524289656559	0.8785511142107959	0.05250940257112286	0.48761215960718735	-1.5369284410654322	0.6729116579174271	0.022371686896164675	0.9989208822153636	-0.16652398790022366	0.7867140951585078	0.8323642806984504	0.9919160079379556
IRF8	10.858113628281657	-0.8144021253182345	0.7641730700861435	0.2865457361952263	0.8662940261108055	0.3128747753070433	0.5879140952553523	0.5946029213278929	0.9989208822153636	-1.1272769006252776	0.6426012867870539	0.07938938675435217	0.5391093240062984
IRF9	9.020305456866373	-0.6541772062040331	0.6742209287637854	0.3319112870048019	0.8913583262222409	-0.3929910278211317	0.5283191962897944	0.4569663182912035	0.9989208822153636	-0.26118617838290137	0.5695327776535718	0.646523395700169	0.9777614542981466
IRS2	35.848989968470825	0.06280144133844255	0.527189023575049	0.9051762511391467	0.9930430668474647	-0.42961743976131245	0.45254844602915834	0.3424532231040718	0.9989208822153636	0.492418881099755	0.44399011283758627	0.2673972975774078	0.8666888920632344
ISCU	15.976485394753055	-0.3169771269936561	0.6452760011211962	0.6232657589197335	0.9747465964778875	0.13139356286355633	0.5294495676097227	0.8040027838878181	0.9989208822153636	-0.44837068985721246	0.5356205079924228	0.40253346146800684	0.9305297484541918
ISG15	32.43325249085519	-1.1457523852571325	0.6415581763976851	0.07411705690398877	0.5781938253845228	-1.2119156919851484	0.5402077993870988	0.024869420102531146	0.9989208822153636	0.06616330672801587	0.5569693358853787	0.9054404237220663	0.9933939763059726
ISG20	7.142329474077031	0.5034393476943135	0.7765216334940127	0.516773968559823	0.9533330499785364	0.3981202177044211	0.6551847901854194	0.543422486752978	0.9989208822153636	0.1053191299898925	0.5991086695214854	0.8604565434222147	0.9919160079379556
ITGA4	10.335254497675539	-0.5793479047519071	0.7602311990677804	0.4460193926380164	0.9440800184231919	0.36582460326205807	0.5950542876475718	0.5387032065906738	0.9989208822153636	-0.9451725080139652	0.6312409276568227	0.13430884224195785	0.6861128348535672
ITGAE	8.232124654843487	-0.0951430970572632	0.7811475684433349	0.903058100122397	0.9930430668474647	0.2507892799168328	0.6355374587623784	0.6931309142997801	0.9989208822153636	-0.345932376974096	0.6327283708194854	0.5845633773634915	0.9711498888785488
ITGAM	13.403524049907224	1.2656066241482715	0.6972921822421225	0.06951921234472797	0.5595253038087615	0.1439927070018568	0.6184854223402139	0.8159050352566437	0.9989208822153636	1.1216139171464146	0.5483364470216273	0.04080707735268352	0.37120456657269746
ITGAX	15.296614590782994	1.7675776409410753	0.9216530047655125	0.055132039409196164	0.49905673936298284	0.753096738148762	0.815851011593083	0.3559648863716055	0.9989208822153636	1.0144809027923134	0.7344685448930681	0.16720368570169175	0.7298141571719018
ITGB1	18.775392588081022	0.3644924448900681	0.5977009467613223	0.541978331858094	0.9643778521502318	0.6688077432970777	0.5039484920847069	0.18446398911404172	0.9989208822153636	-0.30431529840700955	0.4758328658286779	0.5224701325520327	0.9686312519100319
ITGB1BP1	7.7334502133073215	1.342933481988953	0.8429150775437511	0.1111150171743736	0.685120776756369	1.1795934650652526	0.7406574112802241	0.11124314295992835	0.9989208822153636	0.16334001692370034	0.5935523349200222	0.7831698164862013	0.9838015061805645
ITGB2	76.63562271200611	-0.833879462612057	0.49808368653933394	0.09409612973223166	0.6429527909865853	-0.15939710118390582	0.41989673327092275	0.7042347558055073	0.9989208822153636	-0.6744823614281512	0.4272214490963149	0.11438992085594826	0.6383353109102577
ITGB2-AS1	6.3751550377387	-0.08115924240595693	0.8536876893426144	0.924260013990071	0.9955441760923903	0.3158915376225275	0.6899733830584739	0.6470735148165038	0.9989208822153636	-0.3970507800284844	0.6871807481430818	0.563401372263431	0.9711498888785488
ITM2B	143.13804527167804	-0.5263889258931058	0.4210677964958757	0.21125254691424766	0.8265398871446339	-0.04789720615760673	0.35935711589349284	0.8939673452977359	0.9989208822153636	-0.4784917197354991	0.3607124767816351	0.18466806089763288	0.7562843447701094
ITPRIP	7.832543664162576	3.1463348955087818	0.9715469289994062	0.0012016862075754278	0.04778371683733958	0.5363835411659492	0.9243090870461289	0.5617072373371668	0.9989208822153636	2.6099513543428325	0.6436135218875074	5.0101481121146057e-05	0.0020899474981963782
ITSN2	10.431310518728536	1.7049863021515108	0.7720979742536923	0.027226764911048366	0.3345503345078604	0.4740664734217018	0.6947224236654836	0.49499707375278557	0.9989208822153636	1.2309198287298089	0.5786765690764899	0.03340934952248535	0.3284690256082735
IVNS1ABP	17.781815319731685	1.1902006681329707	0.7128015724414997	0.09496876931564763	0.6443023377978653	1.029137317509246	0.6225593659325132	0.09831560265755088	0.9989208822153636	0.1610633506237246	0.554787574044902	0.7715749940926873	0.9838015061805645
JADE1	4.177123955854761	-0.7381344156931406	1.135449287898096	0.5156396698461833		0.4795840582608884	0.8433896103876094	0.5696012862577138	0.9989208822153636	-1.2177184739540292	0.9449474299717362	0.1975153872277614	0.7783332398178991
JAK1	21.072665117350166	1.0037581201206067	0.5696267483332762	0.07804682022619255	0.5907956711139589	0.6027951489452513	0.49660305190844073	0.2248099817508935	0.9989208822153636	0.4009629711753554	0.44379475377643984	0.3662672689778498	0.9224426087386502
JAML	47.55212371016455	-0.07358187354835734	0.42340528207584194	0.8620337156626758	0.9930430668474647	-0.12177280752797294	0.35855179148407573	0.734139672775192	0.9989208822153636	0.04819093397961561	0.3538959879203816	0.8916848417183656	0.9919160079379556
JARID2	20.849366274640555	1.6885032733922438	0.4900069369395432	0.0005692109278912527	0.03017872012134549	-0.34325211031719305	0.44986273708804364	0.4454543256144543	0.9989208822153636	2.0317553837094366	0.3763879628919162	6.737473967561698e-08	5.620978281508617e-06
JAZF1	8.692026762275054	2.151220439942256	0.7353329424460686	0.0034389728868478692	0.09537560022890158	0.5537266563699212	0.6812958467826843	0.4163584980905879	0.9989208822153636	1.5974937835723346	0.49790623186519195	0.0013346506315139088	0.030446717531411045
JDP2	8.239882273377962	0.9465689062233025	0.7909294006655775	0.23139210957171874	0.8377005764365608	0.06535308672039139	0.6945708202757476	0.9250366138193011	0.9989208822153636	0.8812158195029111	0.6188411050423759	0.15445298080006198	0.7099105133445635
JKAMP	5.813185329251738	-1.2724655512857164	1.0085740384137907	0.20707542854208183	0.8234124332166393	0.004249645928643627	0.7286751612781673	0.9953467500547777	0.9989208822153636	-1.27671519721436	0.8707116364966164	0.14256947634281267	0.6995855778813057
JMJD1C	32.589796764681914	1.373712671961557	0.5516396673362005	0.012765848313941352	0.21499190425184758	0.5069326023455393	0.4863175620969876	0.29723086390527076	0.9989208822153636	0.8667800696160178	0.4397983150021151	0.04874010937400101	0.4119532791945895
JMJD6	7.150449171816587	0.8209171999017498	0.8241312871414116	0.3192015452715219	0.8843105230594555	0.34613874623942403	0.7143520267205373	0.6279961133197445	0.9989208822153636	0.47477845366232574	0.6374738449735965	0.4564040792082973	0.9608506930700995
JMY	4.54865993380067	2.929896033794007	2.1537437057690525	0.1737117349279267		1.0781809662594346	1.9262773290662254	0.5756686605897211	0.9989208822153636	1.8517150675345726	1.7014182895061012	0.27644672767863643	0.8696706415213846
JOSD1	7.518167596983869	0.9779324374516333	0.9670961611380218	0.31191834110449046	0.8836419566191195	0.8705617965722029	0.8388966733396233	0.29938825119477974	0.9989208822153636	0.10737064087943039	0.7477031930544378	0.8858158523306731	0.9919160079379556
JOSD2	10.681356338023036	0.06849672437666698	0.6507343891442378	0.9161689867054743	0.9931274202454311	-0.3172499408428264	0.5472025466644209	0.5620718011396059	0.9989208822153636	0.38574666521949336	0.5332567705592433	0.46944716638798945	0.9660542988919743
JPT1	19.61594634757436	0.1572359003961491	0.5597119219083907	0.7787695303142619	0.9930430668474647	0.13876497988927233	0.47158684705984594	0.7685659850095781	0.9989208822153636	0.01847092050687677	0.4556274360774862	0.9676629953594402	0.9952132068500601
JPX	6.179585510910278	-0.7876676133432171	0.9028750468865661	0.38299054937999	0.9257411016933377	0.21699268030956076	0.6823691314875389	0.7504857189479668	0.9989208822153636	-1.0046602936527778	0.75793268384161	0.18499639539117507	0.7565678915157299
JTB	25.449303521034793	0.4083091118870743	0.5726811902738793	0.47585934680969644	0.9442442286200136	-0.21742790186663805	0.4946903758230178	0.6602824682184802	0.9989208822153636	0.6257370137537124	0.4735015599005218	0.18633139340487015	0.7583797109609446
JUN	149.3473279140095	0.16494939298466135	0.7380455643837661	0.8231503800379889	0.9930430668474647	1.7264506615459814	0.6356002367259722	0.0066025563188021295	0.9989208822153636	-1.56150126856132	0.6299636041056091	0.01318560104199115	0.18141498381031168
JUNB	171.95132155156725	-0.2727331860051132	0.4313402826815334	0.5271958235642018	0.9607648904292233	0.4033108279939991	0.3694043429524929	0.27492677174021696	0.9989208822153636	-0.6760440139991124	0.3684126791298188	0.06650297566512288	0.49537930852591533
JUND	88.36133079877965	0.21883817161491198	0.6209721695388084	0.7245291499786517	0.9930430668474647	0.535560802779738	0.5351998424651031	0.3169842283369987	0.9989208822153636	-0.3167226311648261	0.5283777877311194	0.5488897928249998	0.9711498888785488
KANSL1	6.911242319615142	0.5645792950127257	0.800614365358895	0.4806966274215443	0.9442442286200136	0.11841221376264606	0.685738844930151	0.8629043064772682	0.9989208822153636	0.44616708125007964	0.6276710156586913	0.4771898907340526	0.9664871084564397
KARS	6.336424904221844	0.7696347950449477	0.8593041047639995	0.37044029842365556	0.9233513498088938	0.7555692844654498	0.7332307209273953	0.30279133275060777	0.9989208822153636	0.014065510579497845	0.6427592913916871	0.9825412743868001	0.9983332368471766
KCNE1	13.585263572828365	0.792596786700666	0.6573225015165516	0.227896191264077	0.8364065817347909	-0.563535199197742	0.5806189412330168	0.331759127720339	0.9989208822153636	1.356131985898408	0.5367514239731548	0.011518735580207823	0.16407174582539924
KCNE3	10.393428900991362	-0.8961266298814949	0.6392388319813774	0.1609555242417725	0.776780034028619	-0.5938612955601843	0.4950791825244324	0.2303227401765381	0.9989208822153636	-0.3022653343213107	0.5485475270810739	0.5816141210628204	0.9711498888785488
KCTD12	34.67876770427936	-0.5919781454566595	0.7403336246485204	0.42393681073003386	0.9390981761492803	0.7197575684019829	0.619290155404737	0.24514207072457195	0.9989208822153636	-1.3117357138586425	0.6273093661009279	0.03652351583670184	0.3462619033869136
KCTD20	4.827639635849868	0.7078617401649763	1.041612750503629	0.496768888077028		0.1617112013742873	0.9021621535591191	0.8577425927950981	0.9989208822153636	0.546150538790689	0.8255260654629688	0.5082412017504558	0.9686312519100319
KDELR1	10.793292720862587	-0.20923400427511912	0.6389076309008866	0.7432995017287125	0.9930430668474647	-0.3266818124734996	0.5248887484181274	0.5336900829241749	0.9989208822153636	0.11744780819838047	0.5290006038110002	0.82429964713238	0.9919160079379556
KDELR2	10.749157413156041	-0.21855833165082594	0.6873950523595589	0.7505216784378089	0.9930430668474647	0.22012423319274088	0.5552043306063253	0.6917551835587532	0.9989208822153636	-0.4386825648435668	0.561443324140208	0.43459790215629357	0.9498696663895039
KDM2A	9.50110460884029	1.712783960954715	0.8815755733202545	0.052032247666840864	0.4864212371728182	-0.04905256230320099	0.7955994289570215	0.9508376971539884	0.9989208822153636	1.761836523257916	0.6906159796640678	0.010738078934554978	0.15599597258159473
KDM5A	10.356206508112328	-0.24240171013363035	0.7393699414074247	0.7430258218190222	0.9930430668474647	-0.4702059338253939	0.6177937837468239	0.44659435808418624	0.9989208822153636	0.2278042236917635	0.619679757088018	0.7131595465202623	0.9777614542981466
KDM6B	25.320188203928748	-0.3350010212416977	0.7532755169831445	0.6565179563008203	0.9756318293502411	-0.27763058100039145	0.6412319273494868	0.6650406507029842	0.9989208822153636	-0.05737044024130625	0.641071291684482	0.9286912976612395	0.9941706264930981
KHDRBS1	14.606951211965415	0.6046520428676744	0.6000903667512872	0.3136457371669916	0.884054626494249	0.44243699894468025	0.5129969397599822	0.3884369464587236	0.9989208822153636	0.16221504392299418	0.4696443084319332	0.7297938375615658	0.9793227859475505
KIAA0319L	9.708887423103496	0.5856838652706209	0.7015222470542815	0.40378770741402137	0.9303447963011624	-0.5071988336957697	0.6132916763310268	0.4082309458232628	0.9989208822153636	1.0928826989663907	0.5693605588981137	0.05492217304516209	0.4311095303544981
KIAA0930	5.56277654873595	-0.5392824092279308	0.9698218141413586	0.5781675186268085	0.9665616667306404	-0.6222981985670538	0.7970482094435037	0.4349474735423109	0.9989208822153636	0.083015789339123	0.8229991482718761	0.919653788117152	0.9941706264930981
KIF13A	8.26207114431315	1.7561630444193408	0.6960308949276475	0.011632175485034887	0.20183586917366594	-0.003619682011565422	0.6417826497503487	0.9954999202899685	0.9989208822153636	1.759782726430906	0.5007860742946759	0.00044134492151342555	0.01279580021808683
KIF1B	4.574943341798037	2.128101376199935	1.0762824314812351	0.048011075489534406		1.0857271878351786	0.9845585544907114	0.27013343415405866	0.9989208822153636	1.0423741883647561	0.7205911989277829	0.1480218358916966	0.703705451967193
KIF22	8.217386405659616	0.9365197169206301	0.8248774208505298	0.2562311694432734	0.8465985659120362	0.7296260415260791	0.7141276404258795	0.30692169702216343	0.9989208822153636	0.20689367539455097	0.6243502616453656	0.7403617211280125	0.9803559971046334
KIF5B	17.03877369151846	-0.7571788962641549	0.5566507212536681	0.17375380699452803	0.7873029129747589	-0.32935682304184566	0.4414054007981094	0.4555738206727361	0.9989208822153636	-0.42782207322230925	0.4724681636835159	0.36519814907023895	0.9224426087386502
KLF10	9.442909981880105	0.5696522883094095	0.7249572749404118	0.4320001352319929	0.9403836536671231	0.5482623588609253	0.615169465315301	0.3728015415744862	0.9989208822153636	0.021389929448484196	0.5610231585994304	0.9695867090403499	0.9952132068500601
KLF2	59.037559570178466	-0.85778224507442	0.9265426720019382	0.3545560760699401	0.9111409403574026	1.4832873550240395	0.7818261965600762	0.05780041712204092	0.9989208822153636	-2.3410696000984594	0.7928000592891142	0.0031479066933593368	0.06127925029739508
KLF3	10.042364797325698	0.103161278613666	0.6662963441961	0.8769569778199636	0.9930430668474647	0.015223249704002302	0.5526107491236565	0.9780227586750622	0.9989208822153636	0.08793802890966369	0.5360487929650944	0.8696929216312811	0.9919160079379556
KLF4	46.360738958309675	-1.0414998004180656	0.874446873658316	0.23363851259401613	0.8377005764365608	0.3797249385370011	0.7398925314183878	0.6077999957147133	0.9989208822153636	-1.4212247389550665	0.7522412976657716	0.05884892575897681	0.4546001672386568
KLF6	98.51657067733827	-0.0989180899873558	0.5971364261423021	0.8684291793330137	0.9930430668474647	0.65600330709204	0.5123133058397029	0.2003788679206011	0.9989208822153636	-0.7549213970793958	0.5089592551254808	0.13800404489592802	0.6959789483525212
KLHDC2	3.9650577081451375	-0.23651344546064465	1.0545922433533224	0.8225471864464085		0.17594554360817827	0.8404730797196993	0.8341819836467209	0.9989208822153636	-0.41245898906882295	0.8580687601974554	0.6307418788493583	0.9777614542981466
KLHL8	7.611431102928754	0.5982152932053014	0.7701326547062765	0.43729497658980143	0.9434000864669367	0.038976181774894994	0.6628524340463272	0.9531108573290393	0.9989208822153636	0.5592391114304064	0.6058948081068762	0.3560087503596856	0.9191384182584279
KMT2A	4.641418729606914	0.6147646345355608	1.046149202443489	0.5567704157565465		1.3728029177215262	0.8662308019649004	0.11301169248031492	0.9989208822153636	-0.7580382831859653	0.7633528673986099	0.3206915139179247	0.8949795328131928
KMT2C	11.703959162519231	2.2032145537794063	0.8338309628041635	0.008235003944666579	0.16135773911197757	1.024787569518144	0.7553679524111445	0.17488502431822217	0.9989208822153636	1.178426984261262	0.6060747369059731	0.051852151569710306	0.41908487042432535
KMT2E	20.248654745327276	1.0472801710175677	0.6078901904033814	0.08492263028965547	0.6093571190959488	0.5349850260961778	0.5314004588667731	0.3140570859159374	0.9989208822153636	0.5122951449213898	0.47756354562857756	0.2833937771968099	0.8780690824639584
KMT2E-AS1	6.742749658573122	0.12414863332649757	0.8333848322463615	0.8815779729629376	0.9930430668474647	0.08387378328915775	0.6945460387282851	0.9038806732059648	0.9989208822153636	0.04027485003733982	0.6719769505764693	0.9522075089088283	0.9952132068500601
KPNA3	5.614922397921766	0.5443031547814087	0.8963892205787237	0.5437066294511957	0.9650539864344535	0.8073142597320602	0.7475394053156066	0.28015903756168914	0.9989208822153636	-0.26301110495065155	0.6720730280445436	0.6955436857757253	0.9777614542981466
KPNA4	11.419516111258416	1.0443027087827903	0.6689993741064252	0.11852562511819635	0.6975466498862466	0.7692039395753411	0.5821085678789235	0.1863647754317781	0.9989208822153636	0.2750987692074493	0.49990129615718	0.5821093909057866	0.9711498888785488
KPNB1	13.278435051839999	0.25197690367124004	0.6785434316213784	0.710377080553874	0.9930430668474647	0.37592392349775544	0.5708703521780362	0.5102103745383282	0.9989208822153636	-0.12394701982651538	0.545433297827486	0.8202331950568439	0.9919160079379556
KRAS	8.314566736997437	-0.3979897256628993	0.7068208403171158	0.5733871079433701	0.9665616667306404	0.1466169026025456	0.5505627176213072	0.7900053044446692	0.9989208822153636	-0.5446066282654449	0.5797266501518514	0.3475153090854396	0.9149300914778091
KRCC1	7.195078121456253	-0.6272627084826031	0.7934197748455429	0.42918845727565835	0.9403836536671231	-0.20175800517591738	0.6205548752740441	0.745086345051131	0.9989208822153636	-0.4255047033066857	0.6664469103313021	0.5231693932523167	0.9686312519100319
KRT10	24.94717309251732	-0.02479354903732838	0.5336237114711035	0.9629415368064387	0.9964726730517024	-0.606080687113541	0.4559059611028949	0.18371654238120072	0.9989208822153636	0.5812871380762127	0.4485734343254772	0.19502466905088256	0.7758474572596418
KRTCAP2	26.944644182183723	0.3509974052000759	0.49592582413172254	0.47909312809574855	0.9442442286200136	0.182988100978117	0.4227501458162491	0.6651225426548402	0.9989208822153636	0.16800930422195892	0.4020611609213762	0.67604215515715	0.9777614542981466
KTN1	24.52502952723179	-0.33667409300208273	0.5371683604855793	0.5308184572159302	0.962283048387728	0.023957393350536097	0.4425759945714744	0.9568302320232475	0.9989208822153636	-0.36063148635261877	0.4477187610676597	0.4205389053454408	0.9425245363634882
KXD1	7.3188670726265395	-0.6807705390622967	0.7895081370372591	0.38853801121598974	0.9257411016933377	-0.026723993711874325	0.6021884460606407	0.9646029987454598	0.9989208822153636	-0.6540465453504224	0.6614756787214149	0.32277624869842925	0.8960941443149695
KYNU	25.62787181423234	1.9956132893552692	0.6139377881347041	0.0011519665329200247	0.04778371683733958	-0.021957102142198738	0.5535150106582396	0.9683574268657731	0.9989208822153636	2.017570391497468	0.4873758592283163	3.478208098440974e-05	0.0014935834775658297
LACTB	12.459157476784684	0.27283131725328974	0.6056812581585196	0.6523833871665451	0.9756318293502411	-0.36941815829082114	0.517733114981016	0.4755177977394649	0.9989208822153636	0.6422494755441108	0.49402593479256546	0.19359003546678388	0.7758474572596418
LAGE3	6.99570266418132	-0.5844036708072656	0.758545524232062	0.44104686269771964	0.9440800184231919	-0.4636900100714031	0.5976754161043415	0.43785382214713486	0.9989208822153636	-0.12071366073586255	0.6395669147002857	0.8502943920467417	0.9919160079379556
LAMP1	14.424648423332641	-0.2403253090400755	0.6582361922430553	0.715033046775071	0.9930430668474647	0.2779243337960778	0.5385896933853959	0.6058387805419729	0.9989208822153636	-0.5182496428361533	0.5419762529299648	0.33896006281367186	0.9122243165123703
LAMP2	15.509513791410216	-0.5855147704741531	0.6093513286801692	0.3366114634066568	0.8969353607255843	-0.13508277363266236	0.49009797235277003	0.7828368582711842	0.9989208822153636	-0.45043199684149077	0.5122342473454997	0.3792127911360279	0.9224426087386502
LAMTOR1	35.89484306870246	-0.6551663319540605	0.49989261913862937	0.18998816171532884	0.8130584558908618	-0.7542694202601228	0.4189164905282029	0.07177785271758075	0.9989208822153636	0.09910308830606222	0.4281786160716543	0.8169631430821039	0.9919160079379556
LAMTOR2	34.09579233085422	-0.10985798990558696	0.5100151863438472	0.82945437132788	0.9930430668474647	-0.41196169844134223	0.43428590454895216	0.3428263294218008	0.9989208822153636	0.30210370853575524	0.42973314646726385	0.4820538547028135	0.9686312519100319
LAMTOR4	93.78068149791476	-0.251130793177053	0.4953718626477849	0.6121870299553065	0.9723015550569842	-0.24672394907524844	0.42505249611936863	0.5616076620599966	0.9989208822153636	-0.004406844101804549	0.4236434088199285	0.9917003560386093	0.9996889679060499
LAMTOR5	37.84037094530885	-0.22386546374044053	0.5410678039935819	0.6790590193060351	0.9818919051884739	-0.2406004193894472	0.45949499820017714	0.6005434003132163	0.9989208822153636	0.016734955649006688	0.45745254721301265	0.9708175523260274	0.9952132068500601
LAP3	17.12177412571356	-0.6313100072212203	0.7318884404505454	0.38837017682600694	0.9257411016933377	0.2670051221634244	0.5970508993606337	0.6547258729692698	0.9989208822153636	-0.8983151293846448	0.6162875099165788	0.14494436098850008	0.7027179382924879
LAPTM4A	31.551880438753816	-0.6335359253363603	0.6238362558884534	0.3098444768292188	0.8836419566191195	-0.22148159369624762	0.5233473520680219	0.6721479607513321	0.9989208822153636	-0.41205433164011257	0.5317799398891173	0.4384231378983061	0.954365942691012
LAPTM5	107.96656724008817	-0.45198847693373895	0.3911122882213924	0.24782480675982177	0.8444306898330594	-0.09040922175449705	0.33194613687973823	0.7853443644530138	0.9989208822153636	-0.36157925517924194	0.333268784431041	0.277944747959993	0.8717493706156602
LARP7	9.789572521443356	0.14360893407021166	0.6838693869932274	0.8336718240848308	0.9930430668474647	0.18674389426805918	0.5671419202486485	0.7419501860207559	0.9989208822153636	-0.04313496019784752	0.5470654385386825	0.937153605078406	0.9944788766041077
LAT2	13.68948630726095	0.4073774140364579	0.6205700637562639	0.511530279603766	0.9521733056192314	-0.002577066761612743	0.5308548617413448	0.996126636764332	0.9989800924949278	0.4099544807980706	0.5002822333908852	0.41253176459959473	0.9388875702500519
LBR	9.52274565468881	-0.19481838203047022	0.7156555133950586	0.7854500302327714	0.9930430668474647	0.29741933560519485	0.5735173702402246	0.6040479457086063	0.9989208822153636	-0.49223771763566504	0.5805163507489776	0.396476487393549	0.9275297455443251
LCOR	8.844863713233721	-0.0242621699270587	0.6639509187279976	0.9708500992847019	0.9964726730517024	-0.1556237309740483	0.5450320565746897	0.7752371009196124	0.9989208822153636	0.1313615610469896	0.5386296133362799	0.8073229382838576	0.9919160079379556
LCP1	64.06431484490615	0.04006841605118806	0.4876581061225418	0.9345155252165744	0.9962366574728068	0.5857300774880423	0.41494225055391537	0.1580694788400263	0.9989208822153636	-0.5456616614368542	0.4077927654408331	0.18086850698609502	0.7517237854220555
LCP2	23.855047383070616	1.4207013409557623	0.6429407066072815	0.02712650159048266	0.3345503345078604	0.1768808024479789	0.5692520522849599	0.7560097455649802	0.9989208822153636	1.2438205385077834	0.5172676684119274	0.016190287067918637	0.20734929051895798
LDHA	33.16602693862384	0.16303558396093953	0.5790238850812125	0.7782734732967698	0.9930430668474647	0.21854886648098049	0.49458336521286256	0.6585725775954786	0.9989208822153636	-0.055513282520040966	0.4821849975220285	0.9083431930496394	0.9933939763059726
LDHB	22.6782109377085	0.20371563516812974	0.5548847059938862	0.7135209576901261	0.9930430668474647	0.1362928021024917	0.47041714746432406	0.7720246869856497	0.9989208822153636	0.06742283306563804	0.4534949208322216	0.8818110013730216	0.9919160079379556
LDLR	7.761913227451365	0.8682279355783986	0.9700193346296303	0.3707536759752059	0.9233513498088938	1.03250692282384	0.8355575555787867	0.21656633645406087	0.9989208822153636	-0.1642789872454414	0.7516245332214934	0.8269887421505806	0.9919160079379556
LEPROT	14.571822742896304	-0.2608764393127841	0.5808147381982752	0.6533191072641645	0.9756318293502411	0.04027260348649408	0.4700665137506754	0.931725359735725	0.9989208822153636	-0.3011490427992782	0.47751886341927596	0.5282669721395179	0.9686312519100319
LEPROTL1	21.216569153682432	-0.07606303975735192	0.6010145815157326	0.8992904562265136	0.9930430668474647	-0.18325132459095345	0.5079642396529499	0.7182815966854972	0.9989208822153636	0.10718828483360154	0.5014331410883425	0.8307312073895075	0.9919160079379556
LGALS1	341.87210482865476	-0.39794392102159204	0.47850863001877775	0.4056157121751468	0.9320046420204215	-0.37270125877932686	0.41316550374878575	0.3670234730523879	0.9989208822153636	-0.025242662242265214	0.4130605008809484	0.9512705736243326	0.9952132068500601
LGALS2	65.2957784055231	-0.5905613764738283	0.9019894218762438	0.5126402911755417	0.9521733056192314	-1.4122005423430455	0.7796626651200537	0.07009491047253222	0.9989208822153636	0.821639165869217	0.780740850483015	0.29262341427614735	0.8862952892362709
LGALS3	52.49744793668854	0.17534652656669353	0.534398991810406	0.7428215984080377	0.9930430668474647	-0.04099114164695324	0.45965367205323615	0.9289401959044469	0.9989208822153636	0.21633766821364678	0.4505743586558613	0.631129589963854	0.9777614542981466
LGALS8	6.518755622419903	-0.7424618724455408	0.8335390701822194	0.3730717082499998	0.9233513498088938	0.16322717838943593	0.6266073335938298	0.7944830781608514	0.9989208822153636	-0.9056890508349767	0.6980102633378485	0.1944489913133689	0.7758474572596418
LGALS9	16.73440016247292	-0.18014279258530216	0.6461317091173888	0.7803968034863284	0.9930430668474647	0.011294080169082208	0.5380471169099603	0.9832529341845775	0.9989208822153636	-0.19143687275438437	0.5362220276879403	0.7210839751400098	0.9777614542981466
LILRA1	5.680184605971314	0.621123255173256	0.9150831766827487	0.4972889739612981	0.9510478797151422	0.3040848826486591	0.7841360329786048	0.6981669439595288	0.9989208822153636	0.31703837252459677	0.7141927104313237	0.6571065544829251	0.9777614542981466
LILRA2	11.636232912974725	-0.2577817724819649	0.6178472590457657	0.6765133082594197	0.9818123465317776	-0.573335482724629	0.5119716135459033	0.26277429891224235	0.9989208822153636	0.3155537102426641	0.5171656271704912	0.5417559121977061	0.9711498888785488
LILRA5	18.21567959943376	0.5699481399744392	0.6565122293955429	0.3853146832860096	0.9257411016933377	0.024157302407197417	0.5680425945362239	0.966078370823625	0.9989208822153636	0.5457908375672418	0.5360886484912699	0.30863133544673405	0.8908003621417085
LILRB2	17.863035586860484	0.18865955543176174	0.6583513264411776	0.7744464549095242	0.9930430668474647	0.599916586806619	0.5532662972809258	0.27822384159254	0.9989208822153636	-0.4112570313748573	0.533322896129644	0.4406346070935777	0.954365942691012
LILRB3	18.788797525580648	-0.4139629096879852	0.6207039658222168	0.5048201262988523	0.9510478797151422	0.011854953683553295	0.5101896324519412	0.9814617295351273	0.9989208822153636	-0.42581786337153854	0.5192548699533504	0.4121844124669618	0.9388875702500519
LILRB4	8.492130507054263	-0.205737171667744	0.9476288053113634	0.8281246918928924	0.9930430668474647	0.3577901185548289	0.7835995341795863	0.647959889986701	0.9989208822153636	-0.5635272902225729	0.7828795986364668	0.4716398426036066	0.9660542988919743
LIMD2	33.0025624554079	-0.10831398480442016	0.48008349880956314	0.8215009604573686	0.9930430668474647	-0.18768399698644242	0.40515477795504273	0.6431921749282753	0.9989208822153636	0.07937001218202228	0.4008898071149646	0.8430571047028144	0.9919160079379556
LIMS1	33.49621541186953	1.3567620368815922	0.6016683217805815	0.02413333177982853	0.32136618086348406	-0.1083351851988736	0.5313797773331105	0.8384509861339045	0.9989208822153636	1.4650972220804657	0.4947662041465494	0.0030645184552718667	0.06005633482814665
LINC-PINT	6.499759966294898	-0.8599620591626637	1.225654500281586	0.4829068370177919	0.9442442286200136	0.4802814027772191	0.9815650775332291	0.6246281597575586	0.9989208822153636	-1.3402434619398826	1.0366574286298997	0.19606264130176476	0.7764647551805768
LINC00278	5.234364473248646	3.00036721547892	2.4402228947651627	0.21886702141964143	0.8344035271393161	0.4269064895931857	2.1678567796806507	0.843885762715344	0.9989208822153636	2.573460725885734	2.001717156770545	0.19857342562692026	0.7786545428599128
LINC00513	4.315298039804406	2.5165345199076388	1.2191838570102165	0.03900690482759144		1.3803229081604016	1.1245982959015204	0.21967530629141097	0.9989208822153636	1.136211611747237	0.7968654837216617	0.1539112961993811	0.7099105133445635
LINC00877	11.644243372578707	0.13147162668937895	0.65439821894859	0.8407731537183593	0.9930430668474647	0.005981745693571516	0.5477967591075588	0.9912875576412523	0.9989208822153636	0.12548988099580743	0.5297422340557559	0.8127432364400946	0.9919160079379556
LINC01004	4.600609067044875	4.646586298701598	1.4593377453843766	0.0014523612982890377		0.2680951603287761	1.4789389138893505	0.8561514580607884	0.9989208822153636	4.378491138372822	0.749134475369434	5.0738080341055025e-09	6.173133108161695e-07
LINC01578	12.895935602387256	0.5754148345983392	0.7669353424227718	0.45308719577232237	0.9440800184231919	0.4152455242507864	0.6592364400988714	0.5287674661325168	0.9989208822153636	0.1601693103475528	0.6177961025934469	0.7954352732604796	0.9917467967210079
LINC02207	5.71336305361521	0.24554053410635138	1.000021913537816	0.8060420924405459	0.9930430668474647	0.1519310564376692	0.8445874980405284	0.8572405885420818	0.9989208822153636	0.09360947766868219	0.807943108653324	0.9077623310733569	0.9933939763059726
LINC02728	6.05027546628046	-1.6294975428023102	0.938958701622031	0.08266458664061838	0.6078571855312572	-0.8428952650442917	0.6834651721001873	0.21747604406665444	0.9989208822153636	-0.7866022777580186	0.8322179765024983	0.34456300715679833	0.9143359608165523
LIPA	7.619516638365884	-2.0380810038147	1.0531729266443408	0.05296799917493373	0.48761215960718735	-0.19090984580910583	0.7498444559801454	0.7990326285220455	0.9989208822153636	-1.8471711580055945	0.9334065063583845	0.047820869700752264	0.40782294907910893
LITAF	41.984127832436236	-0.07539162055480654	0.4824004530175935	0.875808925446939	0.9930430668474647	-0.04306427910543949	0.40931261347716796	0.9162082084847414	0.9989208822153636	-0.03232734144936706	0.40415649446713603	0.9362474459227607	0.9944788766041077
LLPH	9.630023746814082	-0.8071966601635858	0.6634219626802482	0.223711977559805	0.8344035271393161	-0.7654735198101812	0.5253156559575703	0.14506982442130914	0.9989208822153636	-0.0417231403534046	0.5695854353616678	0.941605771832371	0.9944788766041077
LMAN2	17.213215178103315	0.1695599556482698	0.5448218422285914	0.7556326794048549	0.9930430668474647	-0.003368770188306528	0.45847510957221205	0.994137379587662	0.9989208822153636	0.17292872583657634	0.44175533143930645	0.6954586152540309	0.9777614542981466
LMBRD1	5.862529435933019	-0.03913318760384709	0.88635535454493	0.9647842989596962	0.9964726730517024	0.8024575256731237	0.6993882985709812	0.2512285139098568	0.9989208822153636	-0.8415907132769708	0.6962917025989527	0.22678754246486754	0.8277745299967665
LMNA	9.01108353633145	-0.9009389083886594	1.0849109458517283	0.4062976312593676	0.9324944203209709	0.43085586652877	0.8719199067697847	0.6212029659779474	0.9989208822153636	-1.3317947749174295	0.9200031497693719	0.14772949401018998	0.7037032993633845
LMO4	7.755986214923998	-0.5866977829280076	1.0312269665193687	0.5694024443752503	0.9665616667306404	1.178068326568278	0.7888254835757258	0.1353204584455361	0.9989208822153636	-1.7647661094962859	0.8459338469448959	0.0369627668382971	0.34760586227453133
LONP2	4.620435050466978	1.0774916074538832	0.9772361087894869	0.2702048786258464		0.3613992416062893	0.8588087532065584	0.6738904869084463	0.9989208822153636	0.716092365847594	0.7369341211344573	0.3311907139335125	0.9025357146875582
LPAR6	8.9878233266044	0.20312270194691	0.8337369191980738	0.8075179710241573	0.9930430668474647	0.1970088682732375	0.7044412338114885	0.7797331056143144	0.9989208822153636	0.00611383367367251	0.6780641548634193	0.9928058910600246	0.9996889679060499
LPCAT2	5.766707739381514	-1.6731779630666543	1.1204770496203025	0.13536577806002031	0.7388049390819276	0.70981312897923	0.7095807596434838	0.31715205551090686	0.9989208822153636	-2.3829910920458843	0.9835251055627058	0.01539681480231754	0.20070847867306796
LPGAT1	8.703107706377295	0.7377760625600688	0.6799427724084455	0.27789680282693197	0.8616503227382954	0.059647022739993096	0.5892338973298787	0.9193693976386366	0.9989208822153636	0.6781290398200757	0.5256527906857615	0.19702625968335263	0.7783332398178991
LPP	10.34374119738389	1.8525369467986619	0.7821905958432611	0.017865410503665333	0.2583266175353225	-0.08743520854346999	0.7122281394661859	0.9022948349443483	0.9989208822153636	1.9399721553421319	0.6042559172360138	0.0013249775808651485	0.030446717531411045
LPXN	7.814453387134584	1.4446925653595462	0.8083538045523578	0.07390464049434846	0.5781938253845228	0.31886870791581434	0.72413761081348	0.6596889215914672	0.9989208822153636	1.1258238574437318	0.603995362385531	0.0623271679094794	0.475522269843619
LRCH4	6.964980507788282	-1.3305748651740692	0.8426059984665046	0.11430883965264065	0.689576712070143	-0.10158701805359012	0.5818164224711462	0.8613914219872958	0.9989208822153636	-1.2289878471204791	0.7326766400970997	0.09346534263695354	0.5938655188803434
LRMDA	14.579252147507523	3.1328568763889146	0.7365142191246248	2.103354178525457e-05	0.0026343076702227035	0.7098699034083464	0.6939438385418347	0.3063314504182606	0.9989208822153636	2.4229869729805684	0.49705970591097415	1.0900722587246698e-06	6.772363820161779e-05
LRP1	12.371893451500407	0.05051221792141787	0.808342169407129	0.9501736933514536	0.9962366574728068	0.6964348708093298	0.6727841881704777	0.3005972560098211	0.9989208822153636	-0.645922652887912	0.6565673653883943	0.3252200920990225	0.8967196287428852
LRPAP1	19.073539841712353	-0.21855747011129795	0.5773713598011274	0.7050303652218252	0.9919025648389233	-0.43164672978259333	0.4852442842896228	0.3737101360483599	0.9989208822153636	0.21308925967129538	0.4845966736191261	0.6601363124421717	0.9777614542981466
LRRC25	10.112581816294027	-0.8979030829953752	0.7092543260456156	0.20551959087886884	0.8228105461966762	0.07531192934395627	0.5325300126057582	0.8875358784013645	0.9989208822153636	-0.9732150123393314	0.6003952657958039	0.10502682401906814	0.6170590063092133
LRRFIP1	57.47794473699974	0.7629376976867744	0.4718115970759719	0.10586988808587616	0.6740082974504281	0.37207608498306605	0.4094362013404773	0.36348089649310167	0.9989208822153636	0.3908616127037084	0.3890849148600709	0.31510570734578847	0.8938644939739743
LRRFIP2	5.875200423841792	2.6684948259724344	0.9976700467774134	0.007479016633455363	0.15629507023053069	0.8088937519110718	0.9359036423068559	0.3874276674352737	0.9989208822153636	1.8596010740613624	0.6511651906736848	0.00429278142478611	0.07785665689674187
LRRK2	17.72770926444821	0.9018074220445828	0.6397593478385978	0.15865660539879312	0.776780034028619	0.3609297051417573	0.5574946075659338	0.517364163659096	0.9989208822153636	0.5408777169028254	0.5085595040743304	0.28753326594475626	0.8810043405652552
LSM10	14.802028640675124	0.30198799410637894	0.6118428974578018	0.6216090895093399	0.9747465964778875	0.14376019410819055	0.5177831495612208	0.7812844524034565	0.9989208822153636	0.15822779999818837	0.4919098549292483	0.7477101667982398	0.9803559971046334
LSM12	7.7227205538037325	-0.10643868395681502	0.8440654949456137	0.8996508683822444	0.9930430668474647	0.24373196512255688	0.6879651651459265	0.7231294180551467	0.9989208822153636	-0.3501706490793719	0.68531604581991	0.6093774697778961	0.9776162491265729
LSM14A	10.372250382647985	0.5912073079164468	0.6381587198858443	0.35422424857473245	0.9111409403574026	-0.06399537657723503	0.5498730044587502	0.9073497188315677	0.9989208822153636	0.6552026844936819	0.5016385673727257	0.1915100452858013	0.7742897706964016
LSM2	5.65764667883952	-1.1285150252250273	0.8891655611747288	0.20437531726418434	0.8218069288305614	-0.5715388612354814	0.6712741306364081	0.3945339010377483	0.9989208822153636	-0.556976163989546	0.7700585366480056	0.4695013164287837	0.9660542988919743
LSM3	19.02585280969552	-0.7417111696355991	0.5306991819436265	0.16222982540971898	0.776780034028619	-0.5335241835436089	0.4259812789046764	0.21040257626568648	0.9989208822153636	-0.20818698609199035	0.45221900623797406	0.645252374744506	0.9777614542981466
LSM4	15.663512097595815	0.1486942553801157	0.5831483387306361	0.7987344512509218	0.9930430668474647	0.19238839870965194	0.4866755816417347	0.6926130974957747	0.9989208822153636	-0.04369414332953626	0.46954031245932676	0.9258580574213876	0.9941706264930981
LSM5	15.906193629714684	-0.8801613292498532	0.6360133489781029	0.1663975246020859	0.7783231032819024	-0.8440208834172916	0.5189865212370128	0.10388867710908642	0.9989208822153636	-0.036140445832561596	0.5478657459527216	0.9474049904002411	0.9951160330822675
LSM6	24.876265973223198	-0.5219975764984799	0.6194022644443171	0.3993716021700118	0.9293546056084263	-0.6097887240550252	0.522100272092979	0.24282561175285955	0.9989208822153636	0.08779114755654523	0.5284785705923403	0.8680620871315079	0.9919160079379556
LSM7	24.83736410398306	0.38617212444638405	0.5327729718083357	0.46855369012724135	0.9442442286200136	0.4019380488276574	0.45322930416142987	0.37516959572596453	0.9989208822153636	-0.015765924381273316	0.4293287894576152	0.970706457935262	0.9952132068500601
LSM8	18.156783582204493	-0.5635343459774151	0.5481122095119947	0.30388547120794007	0.8836419566191195	-0.30169438235447366	0.4424681581301747	0.49533742208271125	0.9989208822153636	-0.26183996362294154	0.4616856550665363	0.5706197141644666	0.9711498888785488
LSP1	51.647789345953804	-0.5269744121332492	0.4711427690882908	0.2633523967584678	0.8495626244524487	-0.3519725291095831	0.3971035276073813	0.3754292012276961	0.9989208822153636	-0.17500188302366618	0.40132055914668213	0.6627895097717242	0.9777614542981466
LST1	210.2394766288934	-0.15048128450931034	0.38755868826308193	0.6978088418817873	0.9899935547998052	-0.4758840735421307	0.33426066995837056	0.15453579626805636	0.9989208822153636	0.3254027890328204	0.33282091158603794	0.32821709730709225	0.9007461693014186
LTA4H	34.40773084844314	-0.9952811632633444	0.6165991534782438	0.10649572437803771	0.6745514577308007	-0.32792870512226413	0.5116638754552608	0.5215834305635901	0.9989208822153636	-0.6673524581410802	0.5296034982360504	0.20763391004723608	0.7956575030681488
LTB4R	9.860343372081616	-0.7341723312466782	0.7430145367602483	0.32310389492884006	0.8878304060579073	-1.257067589149967	0.6159793229634689	0.04127442574592301	0.9989208822153636	0.5228952579032888	0.6439598541872015	0.41679175953555114	0.9422987847364923
LTBR	5.0823883271334935	-0.2803245741471568	0.9326939391471154	0.7637548747493845	0.9930430668474647	0.1933909859089879	0.7441911139314065	0.7949660834365605	0.9989208822153636	-0.4737155600561447	0.7622534807921303	0.534292248669847	0.9686312519100319
LUC7L2	6.379402562821226	0.9474106276540503	0.8267086022348168	0.2517938660291197	0.8447733157557729	0.30141077823618573	0.7219758843772848	0.676327060458298	0.9989208822153636	0.6459998494178645	0.6286423881077663	0.3041328355529943	0.8862952892362709
LUC7L3	15.851225454958511	0.12756643345488528	0.5947919466884941	0.8301787177715421	0.9930430668474647	0.28561764373798265	0.4959598453679947	0.5646904506037069	0.9989208822153636	-0.15805121028309738	0.4797907456943096	0.7418405480847837	0.9803559971046334
LUCAT1	13.023722862057673	1.366822177263368	0.7775042813319492	0.07875415124041128	0.5907956711139589	0.4785425923197322	0.687374643655582	0.4863105424711034	0.9989208822153636	0.888279584943636	0.6100277240982032	0.14535672422214474	0.7027179382924879
LY6E	26.532944819859992	-1.7597170913377076	0.6483102570198429	0.0066413342814367685	0.14626261575194976	-1.1188750031174066	0.5237584812411048	0.032659672281412096	0.9989208822153636	-0.640842088220301	0.5686139168778434	0.2597319196446458	0.8590598895388247
LY86	26.763293606970592	-0.027450249562874462	0.5956694339880697	0.9632440755276891	0.9964726730517024	0.27106356044197555	0.5021197446297512	0.5893084263028243	0.9989208822153636	-0.29851381000485	0.4938961498703869	0.5455737292988639	0.9711498888785488
LY96	43.945318582916315	-0.3934640867995805	0.6691325090481554	0.5565180772945629	0.965058301207955	-0.4270293126130451	0.5727179815325735	0.4558977034073364	0.9989208822153636	0.033565225813464654	0.5730267782885462	0.9532903702281748	0.9952132068500601
LYAR	9.11770782834111	0.4390465922556184	0.8171101551480308	0.5910491590554793	0.9671367302673034	0.4366528614860834	0.6930983494586723	0.5286937334034649	0.9989208822153636	0.002393730769534969	0.6482879685271673	0.9970539072502179	0.9996889679060499
LYL1	8.12477135542599	-0.10270823401669342	0.733505176030073	0.8886411299990649	0.9930430668474647	0.26236607443644444	0.5899441370215511	0.6565146189576883	0.9989208822153636	-0.3650743084531378	0.5904324830694472	0.5363665465813334	0.9686312519100319
LYN	26.603708295349307	1.2082097275313626	0.6162585011949113	0.04993075875969789	0.47446524353236225	0.18954619547127238	0.5422325161462066	0.7266642320348644	0.9989208822153636	1.01866353206009	0.4997034594007224	0.04149635014991181	0.37513728308898603
LYPLA1	9.99430102179298	-1.1551463346474193	0.7026317537830933	0.10017040182713322	0.6597568820737982	-0.08687856317219254	0.5106301805754108	0.8649001224981114	0.9989208822153636	-1.0682677714752267	0.6043376418507861	0.07711657189923891	0.5306873422321944
LYRM2	6.641510893209659	1.1317414840539022	0.8730080896656579	0.19484804775478914	0.8186597563383513	1.3225780470825637	0.7539706035126664	0.07940469154714648	0.9989208822153636	-0.19083656302866156	0.6067369698687413	0.7531190558077671	0.9809070145248762
LYST	27.635335589747914	0.2934792213414582	0.4980007453496507	0.5556501027558349	0.965058301207955	-0.154060152034119	0.4268349118617546	0.7181471748334982	0.9989208822153636	0.44753937337557725	0.40952038393025986	0.27446500258740025	0.8696706415213846
LYZ	2027.2710708416962	-1.4722032004873336	0.3994830298233877	0.00022845947386418276	0.01677126855572193	-0.646989406879679	0.3452097078150085	0.06090391283486837	0.9989208822153636	-0.8252137936076546	0.34596794098709616	0.01706835495846627	0.21208338927115533
M6PR	16.364598482487946	-0.41529572921762076	0.5817555400217709	0.4753097999454404	0.9442442286200136	0.07737717077717796	0.466872950836049	0.8683655308171343	0.9989208822153636	-0.4926728999947987	0.4823078654137595	0.3070221102853382	0.8891901741132888
MACF1	7.802071120538805	1.2514091783390326	0.9767205906914612	0.20011093023506554	0.8216056299554384	0.8132841252011905	0.8573787314080346	0.34283912837674146	0.9989208822153636	0.43812505313784206	0.7545876799112162	0.5614998466669111	0.9711498888785488
MAF1	6.351591352665511	-0.8849541466235463	0.810625793027171	0.2749682567820918	0.8594258942872586	-0.24799017845307098	0.6053629280845335	0.6820587682828716	0.9989208822153636	-0.6369639681704753	0.6899180131347544	0.3558790805582477	0.9191384182584279
MAFB	51.351842446146485	-0.5221886513479466	0.8031172823700838	0.515561598063487	0.9524679669319452	0.43690537060489015	0.6850977098182214	0.5236513462638812	0.9989208822153636	-0.9590940219528367	0.6873474437984841	0.16290866965723072	0.7203604263133073
MAFF	6.028152794520056	-0.3225211153816354	1.0803270455736158	0.7652908543576458	0.9930430668474647	0.305592018459507	0.8859918065180545	0.7301581423473913	0.9989208822153636	-0.6281131338411424	0.8957608931737737	0.4831743120245836	0.9686312519100319
MAGOH	12.46184518577594	-0.4355437309045361	0.769799297398993	0.5715374403524809	0.9665616667306404	0.4506981379056238	0.6213438060978527	0.46823101341740625	0.9989208822153636	-0.8862418688101599	0.6380017506408491	0.16480537610641832	0.7238560593495121
MALAT1	6289.955964074408	-0.22188673415051902	0.39575294123163984	0.5750226382373715	0.9665616667306404	-0.25498585718896616	0.34266799468507514	0.45680432383701863	0.9989208822153636	0.03309912303844717	0.34262103605042976	0.9230395806826484	0.9941706264930981
MAML2	12.376988000779773	4.3486555474182635	0.9569284023204769	5.509465491807429e-06	0.0017526221892271853	0.7947336984825176	0.9316173808258079	0.3936211656640415	0.9989208822153636	3.553921848935746	0.575388437808408	6.55128585232843e-10	1.062764149377723e-07
MAML3	15.077653162045507	3.538379336714436	0.7993681888472699	9.57876804858027e-06	0.0020041167057090626	-0.1486976452302298	0.7682414912518942	0.8465236603400224	0.9989208822153636	3.687076981944666	0.5727686778854256	1.216269618368326e-10	2.7319286812580858e-08
MAN1A1	7.3391113713972045	1.8998560832748075	0.919517449742796	0.0388148208694359	0.4177700456736653	-0.16427731348139155	0.840556562034106	0.8450494929417907	0.9989208822153636	2.064133396756199	0.7099851989047392	0.0036457417302780196	0.06824080674622961
MAN2B1	13.283624074665665	-0.10041071977092088	0.6726718964502573	0.8813394302353427	0.9930430668474647	-0.12682275636622928	0.5609841099353328	0.8211454816995198	0.9989208822153636	0.026412036595308407	0.5558223482729598	0.9620997103305444	0.9952132068500601
MANBA	11.469899777417963	1.6622497541701486	0.6958216419775166	0.016898806589845147	0.2517330289455611	-0.215912979593527	0.6338956280893112	0.7333950745019173	0.9989208822153636	1.8781627337636757	0.5372525036711612	0.0004725260196371507	0.013267076705196924
MANF	7.7497001550918805	-1.2257407299318452	0.7767317511562738	0.11454844828520107	0.689576712070143	-0.32285812882510434	0.5617400006764894	0.5654627184984038	0.9989208822153636	-0.9028826011067408	0.6733498347408781	0.17995880195469494	0.7517237854220555
MAP1LC3B	34.319897963964756	0.19836574968924095	0.48630614906468583	0.6833448712095268	0.984112860298227	0.09206396549929108	0.41442259244912405	0.8241971409669204	0.9989208822153636	0.10630178418994987	0.4012325256915014	0.7910571449233672	0.9883983154369843
MAP2K1	17.377946056572757	1.953766053038797	0.6092501562736726	0.0013420292956685608	0.05055565623025118	0.37421998356463043	0.553717692096	0.4991474891971176	0.9989208822153636	1.5795460694741668	0.45460285764332736	0.0005116870295994898	0.014229772632671526
MAP2K3	9.926569802121868	1.2832988343655982	0.7756671895610988	0.09803709537006984	0.6527446605686278	0.7331864084620626	0.6837770273390322	0.2836034954489761	0.9989208822153636	0.5501124259035355	0.5806000866784782	0.3433894567482735	0.9143359608165523
MAP3K1	12.792742057442181	0.5287441679594769	0.6793522837414916	0.43638845749477195	0.9434000864669367	0.26805898314300003	0.582005828981689	0.645101518780978	0.9989208822153636	0.26068518481647684	0.541944442188853	0.6305035049454993	0.9777614542981466
MAP3K11	5.735686877624826	1.2634355015148178	0.897660040325092	0.15928611122321157	0.776780034028619	0.9832856212172325	0.7875183226715073	0.21181594594973818	0.9989208822153636	0.28014988029758514	0.634197663355896	0.6586780404284767	0.9777614542981466
MAP3K2	22.29355448142201	0.6571537078982406	0.5722943667605119	0.2508533299457073	0.8447733157557729	-0.0723210542101121	0.49752191212509755	0.884424630720032	0.9989208822153636	0.7294747621083526	0.46655145253014624	0.11792417211835254	0.6478556203902979
MAP3K5	7.6227270146754265	1.9336719286400015	0.8591758425422769	0.024410088235413456	0.32205568026722914	-0.006101004764257346	0.7902817930392887	0.9938403627712569	0.9989208822153636	1.939772933404259	0.6404378708671228	0.002455085014931803	0.049440332714488715
MAP3K8	16.723425406090275	1.4875747946507432	0.5996578794921678	0.013112253756432187	0.21595031359564995	-0.03744916409405651	0.5390338798397204	0.9446118487167384	0.9989208822153636	1.5250239587447996	0.4670641365769286	0.0010941481170615227	0.02597489838877761
MAP4K4	22.259581391179964	2.219758537854773	0.696956534650393	0.0014478847964559947	0.05247207812979131	-0.16582356718363145	0.6310201018535236	0.7927151374921814	0.9989208822153636	2.385582105038404	0.5563291763556725	1.802269722092659e-05	0.0008627258341820597
MAP7D1	5.850423850953245	0.004389682056469484	0.9341990106497559	0.9962508559620562	0.9990073429896342	-0.07154604088189248	0.7788058426311307	0.9268042366073987	0.9989208822153636	0.07593572293836197	0.7640929178368668	0.9208363864733197	0.9941706264930981
MAPK1	12.451980004341792	1.0213216715334519	0.6189250727140985	0.09891144673591899	0.6570382181089004	0.24691276141674	0.5435584560110113	0.6496471345606458	0.9989208822153636	0.7744089101167119	0.47522360031873856	0.10319294870233463	0.6170590063092133
MAPK14	10.850720267435568	1.4282339324317324	0.6693492626528107	0.03286203413799094	0.3718735325575813	0.3142713677911985	0.5991250964704274	0.5998957064602883	0.9989208822153636	1.1139625646405338	0.5011874542837949	0.026239642901147022	0.27861729916854294
MAPK1IP1L	7.194407373453771	-0.06547037892913758	0.7934342328342731	0.9342370371926557	0.9962366574728068	0.4732641877116713	0.6348378924427907	0.4559766134350045	0.9989208822153636	-0.5387345666408089	0.632642602318018	0.3944570915622738	0.9275297455443251
MAPK6	5.058656108928425	1.4393081842193611	0.9799186919109744	0.14188604468904958	0.7512731093109952	0.43215865015303956	0.8763066427745696	0.6219001302892686	0.9989208822153636	1.0071495340663217	0.7237948797755953	0.16407848225242871	0.7237298612947007
MAPKAPK3	6.940691541331749	0.5057294316953947	0.7931589064667987	0.523724808678417	0.9580457568113643	-0.25071141651634093	0.6848986144796522	0.7143231046813878	0.9989208822153636	0.7564408482117356	0.6367190295652676	0.2348218755231769	0.8384384813615934
MAPRE1	12.156886415562553	-0.7191129499984563	0.6648169526570197	0.27939892275214917	0.8619818058614257	-0.36459497155769843	0.5299795840341075	0.49148959573820894	0.9989208822153636	-0.35451797844075794	0.5639004084106205	0.529552687263138	0.9686312519100319
MARCH1	19.737060980822644	-0.08514690905346411	0.6134404421717877	0.8896064218310014	0.9930430668474647	0.05834785283002374	0.5150035423103242	0.9097958706576771	0.9989208822153636	-0.14349476188348786	0.5087552970244495	0.7779046735961397	0.9838015061805645
MARCH7	7.954481922032613	-0.015240492664756359	0.7191246394070389	0.9830916048400608	0.9969961297960088	0.025498176027992595	0.5862473784104874	0.9653078390192723	0.9989208822153636	-0.040738668692748954	0.5790389784726683	0.9439105830494492	0.9944788766041077
MARCKS	17.440257977804887	-0.24720552993755865	0.802959772159521	0.7581828607230929	0.9930430668474647	0.7523261500814478	0.666694077733136	0.2591329493744323	0.9989208822153636	-0.9995316800190065	0.6663418035592563	0.13360702643599354	0.6846751818159192
MARCKSL1	10.81270708288284	-0.04086175650337422	0.9690740772399394	0.9663665483406091	0.9964726730517024	0.3027157909792628	0.8188741336285298	0.7116260303592304	0.9989208822153636	-0.343577547482637	0.806565870716177	0.6701254750769265	0.9777614542981466
MARCO	9.039379011049189	-1.4178166662858849	0.9548276903764634	0.13757225036679582	0.7417501935972437	0.19576129945817344	0.7172501603697972	0.7849046530292294	0.9989208822153636	-1.6135779657440585	0.8248988539101413	0.050454329275217605	0.4168938881277046
MARK3	8.296672996690491	2.137627132642757	0.8345643994201392	0.010426064218138124	0.18720854708763215	1.1210064204920445	0.7630596577481858	0.1418072751700821	0.9989208822153636	1.0166207121507123	0.5590260044350327	0.06897902710933543	0.5086332302001502
MAT2A	23.517214788484925	-0.30562277066030497	0.5138394384670399	0.5519887824139587	0.965058301207955	-0.5180264513961759	0.4302366678419117	0.22857026131466007	0.9989208822153636	0.2124036807358709	0.4328937872900351	0.6236669174341544	0.9777614542981466
MAX	10.373708526470713	-0.7017248946763317	0.6915611871367627	0.3102503999276879	0.8836419566191195	-0.341626703820623	0.5442779581915955	0.5302204335013845	0.9989208822153636	-0.36009819085570866	0.5852291383675747	0.5383490560795909	0.9686312519100319
MBD2	8.97978907177406	0.38236156486468936	0.8622744996615375	0.657452070640347	0.9756318293502411	0.6919680827951811	0.7266458470495679	0.340956550183076	0.9989208822153636	-0.3096065179304917	0.6839579729642574	0.6507871617560103	0.9777614542981466
MBNL1	38.895152285498234	1.953440952649349	0.5941930947744182	0.001010623686275605	0.04592723196519138	0.6089623798191512	0.5277842782531105	0.24857838291832002	0.9989208822153636	1.3444785728301976	0.47517129747236864	0.004662650747543652	0.08352724038544455
MBOAT7	15.584867660164695	0.5706483520720776	0.6227185842682466	0.3594663620484918	0.9180661860346405	-0.25106570655473887	0.5409751907489232	0.642577266457877	0.9989208822153636	0.8217140586268165	0.5068543972864189	0.10497402957953392	0.6170590063092133
MBP	14.885110297619983	3.281490636406822	0.7511221803278801	1.2494020830597717e-05	0.002085944848065475	0.5897670873359293	0.7093283066239873	0.40572259437032787	0.9989208822153636	2.691723549070893	0.5137577356272289	1.611993298979868e-07	1.206928316159286e-05
MCEMP1	23.660463420586833	0.4930797414319576	0.8010099369533443	0.5381766629660869	0.962283048387728	0.5295799277438322	0.6901866976841311	0.44290344868379783	0.9989208822153636	-0.036500186311874634	0.6657125728573932	0.9562748979532445	0.9952132068500601
MCF2L2	5.025810864213999	5.7805853783357835	1.9177612217471578	0.002576271118048484	0.07764067590497695	0.8471448278163667	1.9481507380539138	0.663674484251358	0.9989208822153636	4.933440550519417	0.7739553514845088	1.837742301703055e-10	3.577471680648614e-08
MCL1	115.58506313866802	-0.522662538273799	0.40441383014223264	0.1962202793022001	0.8186597563383513	0.09410008500031176	0.3426301863675042	0.7835925391021363	0.9989208822153636	-0.6167626232741108	0.3447826370834668	0.07363981566272138	0.5231831185769986
MCOLN1	7.601555297669306	1.117252318411557	0.9653532115132744	0.24712906362259457	0.8444306898330594	1.4819177357952986	0.8347475297769748	0.07585025421531633	0.9989208822153636	-0.36466541738374153	0.7073857569370069	0.6061957099139705	0.9776162491265729
MCRIP1	9.58772067459085	0.08826508647784422	0.7199896758265957	0.9024300663917046	0.9930430668474647	-0.2379363078807585	0.6051727118841015	0.6941932511634775	0.9989208822153636	0.3262013943586027	0.5883925798320987	0.5793091402078372	0.9711498888785488
MCTP1	20.754438214621754	3.225662240208849	0.6771774807161642	1.9036489577463935e-06	0.0007785924237182749	-0.2255875684503469	0.6420438033740986	0.7253193880236817	0.9989208822153636	3.451249808659196	0.503185659845522	6.944137142999363e-12	2.896697208222592e-09
MCTP2	5.70049941468663	4.163344556564782	1.2761962223576468	0.001105091839740238	0.04778371683733958	0.45819290016669967	1.2557023257379483	0.7151937103760506	0.9989208822153636	3.705151656398082	0.7648282998051832	1.269802753689576e-06	7.566987838313391e-05
MCTS1	11.898968314132246	-0.9280225704022013	0.72408900049958	0.1999684071741742	0.8216056299554384	-0.1278274911387952	0.5668444022394045	0.8215847287307625	0.9989208822153636	-0.800195079263406	0.6166685496464213	0.1944214941932625	0.7758474572596418
MCUB	14.27382523090944	-0.40193669552515676	0.5631734325239381	0.4754129076827611	0.9442442286200136	-0.48315592865189877	0.45828323520368885	0.29175765946790977	0.9989208822153636	0.08121923312674201	0.47235942708431733	0.8634817813730962	0.9919160079379556
MDH1	8.86667373402431	-0.4073424979214003	0.7607743381744331	0.5923515558074863	0.9671367302673034	0.2183834293879426	0.6051606569466265	0.7181977390354339	0.9989208822153636	-0.625725927309343	0.6275470603074261	0.3187169370980135	0.8938644939739743
MDH2	15.093627745448478	0.4760934380109842	0.6306695882036911	0.4503080667970165	0.9440800184231919	0.6524030063320552	0.5325422552931072	0.2205478104443891	0.9989208822153636	-0.176309568321071	0.493544930111633	0.7209188508656275	0.9777614542981466
MDM2	8.137760359184087	0.42701182992285674	0.8311457170621388	0.607417772696749	0.9723015550569842	0.3819345637198212	0.7046519942340687	0.5878056179797059	0.9989208822153636	0.04507726620303554	0.6593371378407386	0.9454930509496537	0.9949039342856357
MDM4	9.980480956230602	-0.08038611656691835	0.6613036971389042	0.9032498422836229	0.9930430668474647	-0.00817430640972254	0.5410206396057802	0.9879451831208041	0.9989208822153636	-0.07221181015719581	0.5378687180057613	0.8932005750164536	0.9919160079379556
MEA1	6.614301637136198	0.4345424399709496	0.8471995597493599	0.608009890365619	0.9723015550569842	0.17226075528748094	0.7189447474796935	0.8106386460344295	0.9989208822153636	0.26228168468346863	0.669156174433708	0.6950886187593934	0.9777614542981466
MEAF6	10.588528291296077	-1.7722278442155974	0.8114207434587348	0.02895455679030863	0.3512580342824305	-0.43714151139536767	0.585923390486011	0.4556234321568753	0.9989208822153636	-1.3350863328202298	0.7163316920387784	0.06235228152195978	0.475522269843619
MECP2	8.380323859346603	1.6434854706131274	0.8922599551998002	0.06548455496014105	0.5402820903262484	0.667477438156719	0.7976144962067998	0.4026812955186517	0.9989208822153636	0.9760080324564084	0.670738815529292	0.14563498380049347	0.7028994259461834
MED13	7.604751393072207	1.0143379025084303	0.8373300739669914	0.22574385456841017	0.8354184242140112	0.3644754322708348	0.7332729241029609	0.6191517486609243	0.9989208822153636	0.6498624702375955	0.6465734267787462	0.31485501556794226	0.8938644939739743
MED13L	17.428428653638562	1.639833331978068	0.5994586808768556	0.006228113177985263	0.1415165716553318	0.11722913925703447	0.5403398100185509	0.8282438243644228	0.9989208822153636	1.5226041927210336	0.46118761921912943	0.0009617433916938719	0.023799073760560223
MED28	16.216996857344878	-0.3764029314599912	0.6392634126705906	0.5559905824457517	0.965058301207955	-0.1881887024363402	0.5283142197190703	0.7216862882976953	0.9989208822153636	-0.188214229023651	0.5358029538853877	0.7253819835331494	0.9778476287367174
MED29	7.474112927908991	0.2275272505819234	0.7361259127229337	0.757255037227749	0.9930430668474647	-0.04253198037948577	0.6176150248477384	0.9450971792307704	0.9989208822153636	0.27005923096140916	0.5895138457943448	0.6468770183160781	0.9777614542981466
MED30	6.729377856674438	-1.117771096519427	0.8653159099026566	0.1964440281538412	0.8186597563383513	-0.4136337625723273	0.6571634548939504	0.529072194861935	0.9989208822153636	-0.7041373339470995	0.7462908808919977	0.34541707148111056	0.9143359608165523
MED4	9.194054306452438	-0.7364488145785091	0.6690949532549377	0.27104286327379146	0.8577424124837237	-0.34969617699082267	0.5155199097003305	0.49755810797297595	0.9989208822153636	-0.3867526375876864	0.5666099855175218	0.49487674469913057	0.9686312519100319
MEF2A	12.51894493002783	1.0800982505991064	0.8185462636866867	0.18699121231826066	0.8079477058279777	0.18229228739807282	0.7190184505479036	0.7998591763069614	0.9989208822153636	0.8978059632010336	0.6584680784833966	0.17273228429374998	0.7422864030905755
MEF2C	21.36964181586229	-0.33553314392304306	0.5960595884828899	0.573490182795968	0.9665616667306404	0.4741405041972617	0.48454560461199875	0.3278142059923044	0.9989208822153636	-0.8096736481203047	0.49199579163576607	0.0998271409527193	0.608482971298094
MEGF9	19.823035742082702	-0.10477780251959916	0.6532184943265008	0.8725641132746359	0.9930430668474647	-0.5185991967739114	0.5568785112393856	0.35171861006172567	0.9989208822153636	0.4138213942543123	0.5508741391513403	0.4525271216162233	0.9565360688378212
MESD	7.8892905869861165	0.24316173460129387	0.7024454271551426	0.7292190231764275	0.9930430668474647	0.022119518609136773	0.585568165532274	0.9698675113925184	0.9989208822153636	0.2210422159921571	0.5565690960054797	0.691255791454321	0.9777614542981466
METAP2	12.694962747399707	-0.2864881305078052	0.6138565275565055	0.6407130270949363	0.9756318293502411	0.0675303863843539	0.49373142691269006	0.8912082119990656	0.9989208822153636	-0.3540185168921591	0.5043194962889116	0.48269619074382986	0.9686312519100319
METRNL	9.566218544567368	0.20159340863761796	0.914957281125067	0.8256134163150732	0.9930430668474647	1.0746972188703638	0.7586201797039304	0.15658607609325723	0.9989208822153636	-0.873103810232746	0.7274028110977131	0.2300216670131202	0.8319309113245689
METTL21A	7.1151900364488485	0.13143329721532004	0.8048153021144212	0.8702754268197336	0.9930430668474647	-0.3606447067077026	0.6817450396929694	0.5968038414488208	0.9989208822153636	0.4920780039230226	0.6600771103048534	0.45597819185131283	0.9607668445779973
METTL26	13.184419069250966	0.13835324269886803	0.6790438932352452	0.8385511121538074	0.9930430668474647	0.2746321789566899	0.5671514293233311	0.6282220948082622	0.9989208822153636	-0.13627893625782184	0.5480920937039335	0.8036374040153647	0.9919160079379556
METTL7A	13.636107201877481	-0.6760308368875709	0.7249337287090222	0.3510567142667449	0.9080764278876844	-0.10613934650331482	0.586693193861149	0.856437308662721	0.9989208822153636	-0.5698914903842561	0.61261870698023	0.3522391765838433	0.9151923174089035
METTL9	34.77484459911876	-0.5209875920107819	0.4728536286242904	0.2705509625407443	0.8577424124837237	-0.27238234612373435	0.39147905800574556	0.48656814068954857	0.9989208822153636	-0.24860524588704758	0.3997803649921378	0.5340375017150847	0.9686312519100319
MFF	6.268931698478532	-0.3201741869100333	0.7968240113433394	0.6878217090756085	0.9855093203371755	-0.40865443429907516	0.6486426473099293	0.5286849348471316	0.9989208822153636	0.08848024738904187	0.6638764890887023	0.8939733868362956	0.9919160079379556
MFSD1	22.837626730898037	0.17319037855898514	0.5213598853080453	0.7397460285238661	0.9930430668474647	0.1965916109437088	0.4393307037443792	0.6545286769728198	0.9989208822153636	-0.02340123238472367	0.42382955503662073	0.9559681497486493	0.9952132068500601
MGAT1	32.85786200033041	0.7851332015401422	0.5853264996149715	0.17980379310443428	0.8003841758707272	-0.03560909210837984	0.5103003744278253	0.9443682482466127	0.9989208822153636	0.820742293648522	0.48437545167138296	0.09018281995472775	0.5813108924234107
MGMT	7.0538288760806935	-0.0031026788405586554	0.7914586962166759	0.9968721384766147	0.9990073429896342	-0.04623335190384974	0.6526790082425198	0.9435280583816398	0.9989208822153636	0.043130673063291075	0.642059709020069	0.9464420002854633	0.9949039342856357
MGST1	33.83563504876373	-1.0372166476176183	0.7962159596906532	0.19268315723702067	0.8186597563383513	-0.5640705374633678	0.6740103897517207	0.402656084638116	0.9989208822153636	-0.47314611015425045	0.6869418165451499	0.49096692230580774	0.9686312519100319
MGST2	17.16653271745004	-0.03417266581615268	0.6170319316797483	0.9558338731632882	0.9964726730517024	-0.25954067725123686	0.5213776053291332	0.6186264959629186	0.9989208822153636	0.22536801143508417	0.5130538340677788	0.6604675277945609	0.9777614542981466
MGST3	20.367368294051143	0.005422387178022956	0.6416738514618526	0.9932576533831156	0.9987011225658877	-0.5682337451678444	0.5499733421345101	0.3015092170944622	0.9989208822153636	0.5736561323458674	0.5406213631148034	0.28864210108134325	0.8816265012107973
MICOS10	44.6070914229806	-0.4042179820643387	0.4987397351121017	0.41766504460898013	0.9385989189289718	-0.20389474709950672	0.42054105820347654	0.6277904864620083	0.9989208822153636	-0.20032323496483198	0.42274613257249183	0.6355984753941316	0.9777614542981466
MICOS13	18.38055921471834	-0.036359687053018154	0.5899185900088728	0.9508534300265297	0.9962366574728068	0.019216142755016836	0.4931030122106171	0.9689144389547001	0.9989208822153636	-0.05557582980803499	0.48540185057763796	0.9088458262988833	0.9933939763059726
MICU1	8.414242038035077	0.07077455605713101	0.677939241766953	0.9168546158193924	0.9931274202454311	-0.20325407491981665	0.5624695030277589	0.7178302193109563	0.9989208822153636	0.27402863097694763	0.5483216626018204	0.6172448535468408	0.9777614542981466
MIDN	20.729585350622383	0.8281999837558631	0.6205153882854928	0.18197555877791782	0.8027673725441892	1.1123646855673175	0.532845458237951	0.03683452384801887	0.9989208822153636	-0.28416470181145426	0.4801333094757631	0.5539541029753441	0.9711498888785488
MIEN1	12.2871428717109	0.1252675639483261	0.6365680274053377	0.8439951448390761	0.9930430668474647	-0.13259541398050115	0.5345550695356762	0.8040971264155421	0.9989208822153636	0.25786297792882723	0.5174478311849852	0.6182471077702907	0.9777614542981466
MIER1	10.172326351345934	1.3620634881666127	0.7831305890445808	0.08198998727484291	0.6049931277522559	1.1962320783096037	0.6884817844363078	0.08230024046962053	0.9989208822153636	0.16583140985700903	0.5667090377384459	0.7698112607396108	0.9828810150239019
MIF	59.06284394269503	-0.3061290322755155	0.44805771175529485	0.4944579062416131	0.9500892520602271	0.1609800638850393	0.3769600575977038	0.669344317926234	0.9989208822153636	-0.4671090961605548	0.3771583277410765	0.21553218872466273	0.805830974489136
MIF4GD	5.792906279983718	0.18344048050248762	0.9056568139178818	0.8394870391184301	0.9930430668474647	0.4523526541734522	0.7452131064220817	0.5438435219783889	0.9989208822153636	-0.2689121736709646	0.7141132316658664	0.7064946908108749	0.9777614542981466
MIR3945HG	22.776241454048066	0.5874024529576255	0.7047503672282702	0.4045683798096218	0.9303447963011624	-0.2067699973881057	0.6125543159758083	0.7356995116045184	0.9989208822153636	0.7941724503457313	0.5875112911948746	0.17645309131570364	0.74672902411863
MIS18BP1	14.724391755810586	-0.7223880285253982	0.7453863823458645	0.3324724847146936	0.8913583262222409	0.40912675525663256	0.5925131677824574	0.48988361579446393	0.9989208822153636	-1.1315147837820307	0.6258754736063318	0.07062342998702721	0.5142653754666321
MKRN1	8.552908582966193	-0.4299975348469721	0.6979820224463712	0.5378561214299695	0.962283048387728	-0.04074253059943033	0.5491577824788038	0.9408584569772821	0.9989208822153636	-0.3892550042475418	0.5772306872579915	0.5000893841202636	0.9686312519100319
MLF2	8.401375858338318	-0.18168343976214488	0.744771719975865	0.8072733101537909	0.9930430668474647	-0.11625374283204427	0.607837479916698	0.8483235136191278	0.9989208822153636	-0.0654296969301006	0.6116222407748323	0.914806987084507	0.9933939763059726
MLX	7.021250101186044	-0.10392928903511028	0.7560397433217557	0.8906629573296644	0.9930430668474647	-0.07984065770527204	0.6161706775756303	0.8969022442175903	0.9989208822153636	-0.024088631329838236	0.61548331847065	0.9687805650544971	0.9952132068500601
MMADHC	7.944972633657657	-0.1583065752915294	0.7607971517900245	0.8351666016460156	0.9930430668474647	-0.31173082515689127	0.6302470139455923	0.6208705694514756	0.9989208822153636	0.15342424986536185	0.6298451977665732	0.8075480564389589	0.9919160079379556
MMP24OS	11.569873706893809	0.5475115317340276	0.6643494451921085	0.40986464944761003	0.9327349883440683	0.3072564370437124	0.5673573034976492	0.5881235777726102	0.9989208822153636	0.24025509469031517	0.5227361934165032	0.645795750395775	0.9777614542981466
MNDA	226.4353319189022	-0.18920416412292124	0.5849533654171236	0.7463531762179401	0.9930430668474647	-0.36679628804748643	0.5055658680268427	0.46813533658176787	0.9989208822153636	0.1775921239245652	0.5046764285060871	0.7249184771653328	0.9778476287367174
MOB1A	24.936806346484417	0.2509465102682513	0.5820989518921822	0.666391098907265	0.9780705608686049	0.10084518697527009	0.4974161247942624	0.8393397625793632	0.9989208822153636	0.1501013232929812	0.48029424274881355	0.7546457352173008	0.9809070145248762
MOB3A	9.62526725345012	0.8498733864608526	0.6977041834920005	0.22318601716205733	0.8344035271393161	-0.14117927246335754	0.6126863861226999	0.8177602532712407	0.9989208822153636	0.9910526589242102	0.5492341227827504	0.07116445672154548	0.5157699918204741
MOB4	6.528766272241786	0.36769461823478367	0.7818478592979604	0.6381483997231123	0.9747465964778875	0.01244141666222357	0.661413861942666	0.9849924087279501	0.9989208822153636	0.3552532015725601	0.6195874143168744	0.5663937987449253	0.9711498888785488
MORF4L1	45.90370131159873	-0.41325885828381603	0.46699145295663874	0.3761896373870278	0.9235463065744581	-0.007800271629874881	0.39061580750376573	0.9840679701827072	0.9989208822153636	-0.4054585866539412	0.3938740241503084	0.30328618445341504	0.8862952892362709
MORF4L2	10.763726038522627	-0.048382174827059275	0.7931469796348956	0.9513589991299456	0.9962366574728068	-0.6446156382647792	0.6776302473346998	0.3414626039582943	0.9989208822153636	0.5962334634377199	0.6678325385280643	0.37197024297169967	0.9224426087386502
MPC1	13.083346848828947	-0.5156797289039664	0.6116034520732143	0.39913881764572257	0.9293546056084263	-0.4372569506769569	0.49303395274080947	0.37514897248361745	0.9989208822153636	-0.07842277822700947	0.5149408733060167	0.8789544859434663	0.9919160079379556
MPC2	8.66710312658059	0.4422133820257595	0.8395659327454222	0.5983903495893554	0.9671367302673034	0.528843817331889	0.7112443693554857	0.457150406995505	0.9989208822153636	-0.08663043530612949	0.6649626418941889	0.8963459709082084	0.9919160079379556
MPEG1	33.788235596321854	-1.2165388197991367	0.46796480397661216	0.009332230276929405	0.1757774689661111	-0.18434712732684636	0.3637698737290103	0.6123172336979141	0.9989208822153636	-1.0321916924722903	0.40299460667821707	0.010428006757909345	0.15301396850801652
MPG	9.80665648455036	0.1362262234884471	0.7050603933205046	0.8467928358985808	0.9930430668474647	-0.13041285484019002	0.5925994533675414	0.8258173047169183	0.9989208822153636	0.2666390783286371	0.5729405053827705	0.6416543228946056	0.9777614542981466
MPHOSPH6	12.203517249870794	-0.283198753255009	0.683669052388178	0.6787029721075062	0.9818729707649267	-0.519637032438849	0.5709931928570136	0.36279182180128666	0.9989208822153636	0.23643827918384	0.5746003721531378	0.6807184115328994	0.9777614542981466
MPHOSPH8	15.572706990775146	0.03763713503687507	0.5842980315643798	0.9486403625317577	0.9962366574728068	0.07764130319501258	0.48603622729536033	0.873082848995495	0.9989208822153636	-0.040004168158137524	0.47507732312130335	0.9328929706707325	0.9944788766041077
MPLKIP	14.056330257473654	-0.46361297199198187	0.6986743308848717	0.5069713856370642	0.9510478797151422	-0.2818840255412204	0.5774597344774165	0.6254472080746311	0.9989208822153636	-0.1817289464507615	0.5888670361949755	0.7576199049602523	0.9809070145248762
MPP1	7.3483860175196165	0.14020349439966753	0.8247175326537719	0.8650086930673404	0.9930430668474647	0.896187066564761	0.6615893991185146	0.17554596510626408	0.9989208822153636	-0.7559835721650934	0.6376704427515487	0.23580416066393906	0.8396928648032952
MPP7	5.534119516366119	2.0750943042541596	1.08410218602139	0.055605693278655784	0.49905673936298284	-0.18767330230986012	1.0028869144343997	0.8515563038106728	0.9989208822153636	2.2627676065640197	0.820243694385035	0.005804015483823199	0.0952119393975491
MPST	7.413804719961085	-0.04151011912051486	0.8627019641493175	0.9616234701837858	0.9964726730517024	0.13075561507494157	0.712852405129338	0.8544638321216236	0.9989208822153636	-0.17226573419545643	0.7031110342140774	0.806452543089659	0.9919160079379556
MRFAP1	14.933340193425037	-0.24371830222112273	0.5844424020189507	0.6766711231412238	0.9818123465317776	0.04978239183950263	0.4734672336652646	0.9162612893742481	0.9989208822153636	-0.29350069406062534	0.4799565731906808	0.5408586218258765	0.9711498888785488
MRPL11	7.681213067197319	0.4680257509301698	0.7332125394412509	0.5232640438165351	0.9580457568113643	0.42169552964138685	0.614019556467246	0.4922222179595953	0.9989208822153636	0.04633022128878292	0.5615469205904005	0.9342454361465742	0.9944788766041077
MRPL13	6.497321849015328	0.6157422164987323	0.811679522574304	0.44809030193749777	0.9440800184231919	0.27850232949393133	0.693146839690707	0.6878355445718072	0.9989208822153636	0.33723988700480095	0.6255679689789004	0.5898220524134588	0.9713108878987808
MRPL14	10.700249040559799	0.2318346896100214	0.6592474687482633	0.7250890243580487	0.9930430668474647	-0.09190312217356289	0.5557956314709327	0.8686652285532496	0.9989208822153636	0.3237378117835843	0.5309754719656751	0.5420579759501594	0.9711498888785488
MRPL15	5.604465999927037	-0.48642715596097613	0.9367983814365137	0.6035904376533836	0.9692333260986148	0.021537740247150796	0.7438597950235664	0.9769012524237026	0.9989208822153636	-0.5079648962081269	0.7788725257177044	0.5142852158218539	0.9686312519100319
MRPL18	17.148131641482248	0.49103032057441937	0.7152363660109071	0.4923797478937778	0.9473677541800308	-0.18612196415232207	0.6196699331603578	0.7639051521945099	0.9989208822153636	0.6771522847267415	0.5926515325315185	0.2532126651427099	0.8538097912004194
MRPL20	22.0355836017264	-0.04020713621285446	0.652441680645168	0.9508609578793362	0.9962366574728068	0.31265492366253445	0.5489620960338553	0.5689909055611864	0.9989208822153636	-0.35286205987538893	0.5404059731186321	0.5137837654110238	0.9686312519100319
MRPL21	12.184569935256834	0.19446052596095822	0.672786151445924	0.772552568534399	0.9930430668474647	-0.48504216238618475	0.5761172593859305	0.3998351448960866	0.9989208822153636	0.679502688347143	0.5556550725508632	0.22137283912124428	0.8141167383300167
MRPL23	14.672771059333613	-0.31538826917871027	0.6411743827235181	0.6227960030800743	0.9747465964778875	-0.1201903900971435	0.5273342570628982	0.8197078942266325	0.9989208822153636	-0.19519787908156677	0.5339388678077536	0.7146777914705909	0.9777614542981466
MRPL27	9.471885585872753	0.09689118764470633	0.6922114676516169	0.8886810128887376	0.9930430668474647	-0.21598951471475933	0.5803808145717938	0.709780151606197	0.9989208822153636	0.31288070235946563	0.5636462617948567	0.5788254589516497	0.9711498888785488
MRPL28	8.938518018153035	0.1281872097936204	0.7738516175048813	0.8684337294470399	0.9930430668474647	0.3608429161148804	0.6411630813165491	0.5735749742714746	0.9989208822153636	-0.23265570632125995	0.6197483141689686	0.7073603782317524	0.9777614542981466
MRPL33	26.432617795180374	-0.46817267614100677	0.5551790999380602	0.3990706119411299	0.9293546056084263	-0.044007981184737366	0.45886209877461126	0.9235946186978939	0.9989208822153636	-0.4241646949562694	0.46701871135711287	0.36375186406973126	0.9224426087386502
MRPL34	8.920171192220309	-0.3539660302349275	0.9008108477091494	0.694362636343113	0.9887166796876466	0.8081600526157938	0.7113255764098926	0.2559011461368833	0.9989208822153636	-1.1621260828507214	0.733642825479807	0.11318260023575091	0.636577150172287
MRPL36	6.532701677326531	0.6456435362295234	0.8738609090319199	0.4600040606707484	0.9440800184231919	0.2617746456795743	0.7508350867104551	0.7273560929753906	0.9989208822153636	0.3838688905499491	0.6827322951079885	0.5739430476233263	0.9711498888785488
MRPL41	16.61204262860045	-0.488350210787932	0.5943250299368062	0.41125404457969195	0.9327349883440683	0.06089046877575305	0.476792600281933	0.8983796615203992	0.9989208822153636	-0.549240679563685	0.49520455206020647	0.26737893477548613	0.8666888920632344
MRPL50	4.9945049903633665	-0.7045817526568191	0.9623995444958279	0.4641017971335003	0.9442442286200136	-0.5310259694464189	0.7684271046966964	0.48953050655523855	0.9989208822153636	-0.17355578321040027	0.8185102823013943	0.8320769120333964	0.9919160079379556
MRPL51	17.4835125283088	0.007381370017334311	0.5541441703896087	0.9893722476362458	0.9982438456126328	-0.06459119692291995	0.46283851864811654	0.8890119943799945	0.9989208822153636	0.07197256694025427	0.4538576487123307	0.8740000978072039	0.9919160079379556
MRPL52	16.80090544148114	-0.8427559367649239	0.5741933393151422	0.1421798751529725	0.7512731093109952	0.02949573819131515	0.4415615410563621	0.9467419560438195	0.9989208822153636	-0.8722516749562391	0.48548944833792584	0.07239216410817259	0.5193737572379951
MRPL54	12.103896971341669	0.18312717881232274	0.6688305645886329	0.784236749135659	0.9930430668474647	0.43067701106966216	0.5551461025303468	0.4378727593776951	0.9989208822153636	-0.2475498322573394	0.5328110405934255	0.6422101047368196	0.9777614542981466
MRPL55	11.496095005496633	-0.39016919089540936	0.651081948853117	0.5489976513065715	0.965058301207955	-0.5904796037957515	0.5354616356768389	0.27013632685003	0.9989208822153636	0.20031041290034207	0.5482553292328093	0.7148429056865357	0.9777614542981466
MRPL57	17.467941879834395	0.24277473954298895	0.5770644199664389	0.673969430418544	0.9804748370367334	-0.1369570899923021	0.4914646259321971	0.7804970836958677	0.9989208822153636	0.379731829535291	0.47152382225376294	0.4206298251655842	0.9425245363634882
MRPS11	5.144250874413451	-0.2724362030540895	0.9255032057946327	0.7684786356102752	0.9930430668474647	0.08133852699681264	0.7373676752526936	0.9121640659215972	0.9989208822153636	-0.35377473005090215	0.7564980876229456	0.6400364159212395	0.9777614542981466
MRPS12	7.329757029376256	-0.11774716699119603	0.7696210925582251	0.8784032553161624	0.9930430668474647	-0.42709971942420183	0.638202987115006	0.5033536345792583	0.9989208822153636	0.30935255243300575	0.6361825142230205	0.6267801132908715	0.9777614542981466
MRPS14	7.419415158728543	-1.3512018794547158	0.8659052933023166	0.11865358662053863	0.6975466498862466	-0.368037734464884	0.6357077021497357	0.562628472876385	0.9989208822153636	-0.9831641449898316	0.7537907288705692	0.19213362248925825	0.774903560315793
MRPS15	8.319600826032552	0.854199623365395	0.7008881971294011	0.22294335561533496	0.8344035271393161	-0.05356044559498921	0.6139815882892301	0.9304850278598183	0.9989208822153636	0.9077600689603842	0.5413885041846453	0.09359611447553647	0.5938655188803434
MRPS16	9.646013618897202	-0.8164382224142552	0.7236729447166719	0.25924106151286275	0.8468310989941064	-0.7571072441891467	0.5762803732387428	0.18891930633301235	0.9989208822153636	-0.05933097822510862	0.621319310409733	0.923924102289951	0.9941706264930981
MRPS18B	4.8847343397557035	0.44396868383048493	0.9593385260629625	0.6435175843714207		0.1669659447759694	0.8145864870077132	0.8375954176142378	0.9989208822153636	0.2770027390545155	0.7571515096491015	0.714478132082065	0.9777614542981466
MRPS18C	7.7758157591692365	-1.1601528484208135	0.8181048102329204	0.15616213610875104	0.7752612178129458	-0.01569565624782941	0.5854316446249667	0.9786109586323986	0.9989208822153636	-1.144457192172984	0.7033691810630386	0.10371429185638029	0.6170590063092133
MRPS21	22.699181383891773	0.406042234475818	0.5720569640122624	0.47783228742625594	0.9442442286200136	0.11586854529995029	0.4905800072669971	0.8132876851174127	0.9989208822153636	0.2901736891758677	0.4665768192216035	0.5339941439142566	0.9686312519100319
MRPS24	22.693015524085478	0.12738625855669836	0.5427815902647484	0.8144481383766884	0.9930430668474647	-0.11074308426277636	0.4606408394841493	0.8100117197878219	0.9989208822153636	0.2381293428194747	0.4472045842571603	0.5943907322897553	0.9723413058462574
MRPS34	11.91644306323169	-0.06526815111238721	0.6232481461771482	0.9165959477114956	0.9931274202454311	-0.18186706604385253	0.5156714243230729	0.7243282557589723	0.9989208822153636	0.11659891493146535	0.510671545239628	0.8193938427490978	0.9919160079379556
MRPS36	13.046040296622193	-0.010104687412363275	0.6305833545126948	0.987214966917115	0.9982438456126328	-0.06057006776286842	0.5244391524245702	0.9080528319625446	0.9989208822153636	0.05046538035050514	0.5154472718136082	0.9220069359443953	0.9941706264930981
MRPS5	8.799923012173169	0.16750613127135114	0.7377191598379272	0.8203774888409971	0.9930430668474647	0.023946872517327147	0.6178379347628985	0.9690824147883499	0.9989208822153636	0.14355925875402398	0.5947570586532356	0.8092647819542234	0.9919160079379556
MRPS6	11.145811876044071	-0.21007354685590374	0.6675818000535462	0.7530058753995316	0.9930430668474647	0.08504163194040722	0.5418113920605818	0.8752779496664652	0.9989208822153636	-0.29511517879631094	0.5468808655873317	0.5894498806537758	0.9713108878987808
MRPS7	7.517960714156412	0.9931077877616212	0.778491884156894	0.20206808851678304	0.8216056299554384	0.7259469534495304	0.6745488553330568	0.28183949327683366	0.9989208822153636	0.2671608343120908	0.5703209276456114	0.6394703462056892	0.9777614542981466
MS4A4A	5.527219775106999	-2.351599562449079	1.2174635990700629	0.05341428614919327	0.49014455527288564	-0.22195569290151648	0.8106578523762055	0.7842406245717453	0.9989208822153636	-2.1296438695475626	1.095166584604253	0.05182501684466488	0.41908487042432535
MS4A6A	91.14938566435542	-0.31872589621009084	0.39396019559834705	0.41849748279918475	0.9389955276285784	-0.49969736174904744	0.33648620584301714	0.13753174327592657	0.9989208822153636	0.1809714655389566	0.33612122969792735	0.5902931323346255	0.9713108878987808
MS4A7	31.371585645345764	-0.2802008265285821	0.5618447957153826	0.6179796751650689	0.9747465964778875	0.3749309526149154	0.4680482159787074	0.42310155118574755	0.9989208822153636	-0.6551317791434974	0.46875235373965796	0.1622309816342753	0.7188539079945712
MSL3	9.863721569360974	0.2649620698597013	0.7932705126368137	0.7383703138318507	0.9930430668474647	0.7605813803335099	0.6597298796692698	0.24896462218729065	0.9989208822153636	-0.49561931047380864	0.6268999374167312	0.42918469118364866	0.9459389151907422
MSN	33.81352719797591	-0.35081740850125065	0.5208461616180817	0.5005956478114477	0.9510478797151422	-0.2303558693399791	0.4376728827680961	0.5986660834145858	0.9989208822153636	-0.12046153916127157	0.4396535469064498	0.7840907966023802	0.9838015061805645
MSRB1	15.782916441395967	-0.003964609936868398	0.6385894712845208	0.9950464564802305	0.9990073429896342	-0.36543800828021245	0.5415581556650715	0.4998092175916856	0.9989208822153636	0.361473398343344	0.5316628870806882	0.49657278231210067	0.9686312519100319
MSRB2	11.049553806669264	0.1383357240813107	0.661734781916033	0.8344091263301249	0.9930430668474647	-0.3227720514806674	0.5599494192986161	0.5643240796094982	0.9989208822153636	0.4611077755619781	0.5416493203342354	0.3946009725151315	0.9275297455443251
MT-ATP6	467.773050530649	-0.2934014955796566	1.41217430117516	0.8354118529190334	0.9930430668474647	-0.29769790281126013	1.2227118946506992	0.8076386378785853	0.9989208822153636	0.0042964072316035275	1.2225915348001526	0.9971960954712032	0.9996889679060499
MT-CO1	1029.384280266813	-0.32776057981583334	1.1440316283680858	0.7744981934757083	0.9930430668474647	-0.5641216235476855	0.9906377295244662	0.5690487602743146	0.9989208822153636	0.23636104373185207	0.9905887685687018	0.8114106267852194	0.9919160079379556
MT-CO2	701.8071457736193	0.28508528381430603	0.8744351229715247	0.7444075404172801	0.9930430668474647	-0.13881664343004596	0.7572449745522164	0.8545485022389624	0.9989208822153636	0.423901927244352	0.756654392619792	0.5753212716327942	0.9711498888785488
MT-CO3	725.0409695528841	-0.268072879454458	1.918511492852765	0.8888736235997824	0.9930430668474647	-0.6463434870219462	1.661398429028847	0.6972496548203837	0.9989208822153636	0.3782706075674882	1.6613409774372125	0.8198873030729107	0.9919160079379556
MT-CYB	268.73256220441345	-0.2533145407395222	1.8426760345544069	0.8906585036209622	0.9930430668474647	-0.5821997567108067	1.5955643284229342	0.7151961912433661	0.9989208822153636	0.3288852159712845	1.595381811148632	0.8366750867824806	0.9919160079379556
MT-ND1	356.8970910584115	-0.082486502883627	1.2689275726683167	0.9481701033184105	0.9962366574728068	-0.2979335457885934	1.0986818761831216	0.7862574983275794	0.9989208822153636	0.2154470429049664	1.0982832470002588	0.8444793757299767	0.9919160079379556
MT-ND2	303.5287038153231	-0.2849834677378472	1.3915855195598843	0.83773582455468	0.9930430668474647	-0.42059543792677484	1.2047837542797761	0.7270108535024227	0.9989208822153636	0.13561197018892768	1.2045937947995573	0.9103643312314861	0.9933939763059726
MT-ND3	248.44272209243866	-0.92596660321288	1.9256423506955886	0.6306151830301838	0.9747465964778875	0.14230168108066765	1.6665135216998643	0.9319522534047855	0.9989208822153636	-1.0682682842935476	1.6672036562873485	0.521682183643658	0.9686312519100319
MT-ND4	595.3016330027602	0.27367991421687865	1.3432147103855514	0.8385489156237329	0.9930430668474647	-0.11264467201134061	1.1632214642954837	0.9228546147201012	0.9989208822153636	0.38632458622821925	1.1627703960896048	0.7397043082827324	0.9803559971046334
MT-ND4L	43.14742101209924	0.8290366318429407	1.566479581565026	0.5966420810161661	0.9671367302673034	0.30594252320318743	1.3577582609357481	0.8217232194886888	0.9989208822153636	0.5230941086397534	1.3477141304255644	0.6979166346557166	0.9777614542981466
MT-ND5	110.39747393185127	-0.07180063860244085	1.2882492151464717	0.9555528744386239	0.9964726730517024	-0.028284397565456237	1.1146245438626436	0.9797552794822993	0.9989208822153636	-0.04351624103698461	1.1132272142342536	0.9688184981957324	0.9952132068500601
MT1F	5.777430978474482	1.3195994641852837	1.0835030717518788	0.22326159981677163	0.8344035271393161	0.022378644939586873	0.9642331730133578	0.9814837604162214	0.9989208822153636	1.2972208192456969	0.856839381930257	0.13003590538511361	0.6776964229312277
MT1X	17.76710810739728	-0.9766086863144319	0.5971017966014277	0.10192719283090326	0.666266357835112	-0.7306952766397978	0.48092428508281143	0.12867286983156892	0.9989208822153636	-0.24591340967463407	0.5146469841011072	0.6327717030420268	0.9777614542981466
MT2A	92.64839137316773	-0.8436101385959577	0.6419391086245864	0.18879265995293137	0.8103648957200037	0.19995473373258416	0.5470514107406166	0.714728052362396	0.9989208822153636	-1.043564872328542	0.5521361462998698	0.05875128563660964	0.4546001672386568
MTCH1	10.786418924619968	0.09541580338335626	0.720473090547522	0.8946402877671246	0.9930430668474647	0.3389281888957477	0.5970591410627487	0.5702640408951944	0.9989208822153636	-0.2435123855123914	0.5795311283995194	0.674347666931145	0.9777614542981466
MTCH2	8.076820790052876	0.5288916557969784	0.7034719873826354	0.45215303203702173	0.9440800184231919	-0.09786335678225287	0.603640543238803	0.8712098541098318	0.9989208822153636	0.6267550125792313	0.5539445897270218	0.25786998473035805	0.8590598895388247
MTDH	39.09802809240825	-0.14245162889216256	0.5500891828960199	0.7956653541968927	0.9930430668474647	0.08659414099327058	0.46622149383728984	0.8526517525037742	0.9989208822153636	-0.22904576988543313	0.4621766950052363	0.620190394769004	0.9777614542981466
MTHFD2	9.096431293200036	1.07161943562788	0.7677335059363548	0.1627680574343603	0.776780034028619	0.3882420400090042	0.6739925286614785	0.5645927743826085	0.9989208822153636	0.6833773956188759	0.5872847827817638	0.2445772993554911	0.8530899342927205
MTHFS	9.113983400354611	0.5886888624350506	0.7041444353276068	0.40313563725664237	0.9303447963011624	-0.29182433898198296	0.6118326522275378	0.633385208262383	0.9989208822153636	0.8805132014170334	0.5647821519260093	0.11898890976215137	0.6478556203902979
MTIF3	14.976898480551755	-0.038383081401287225	0.601006365417306	0.9490779732092992	0.9962366574728068	0.07092473873583979	0.4976282904538592	0.8866649105912172	0.9989208822153636	-0.10930782013712703	0.4906015710747671	0.823688328065743	0.9919160079379556
MTLN	5.025074345391825	-1.6432204558728112	1.1159872580034942	0.14090302253496612	0.7512731093109952	-0.9387034739846264	0.8397399798081759	0.26363099272406	0.9989208822153636	-0.7045169818881848	0.986552432224247	0.475152880153093	0.9664871084564397
MTMR3	7.020874548538845	2.7673362539470276	0.8773231596242195	0.0016088624129797634	0.05617284254098857	0.8239389538997237	0.8296348586318157	0.3206444404787353	0.9989208822153636	1.943397300047304	0.5503180237555199	0.0004133541127007338	0.012351972512238433
MTPN	34.06366020351396	-0.7237864950534193	0.49993902521417677	0.14768710884252817	0.7554061841730147	-0.3124447633811637	0.41108889139454063	0.44722956696099414	0.9989208822153636	-0.4113417316722556	0.4255179228875153	0.3337016003408704	0.906426672553806
MTRNR2L12	18.10946439106189	1.027285479222071	2.2688793582117373			2.3378534589249047	1.9649988727267511			-1.3105679797028338	1.9215464868558685		
MTSS1	6.595913621410486	0.216135522599251	0.8470564480663862	0.7985989776313848	0.9930430668474647	0.09033859413827006	0.7100036605798473	0.8987529794561443	0.9989208822153636	0.12579692846098095	0.6791891043935946	0.8530593436828746	0.9919160079379556
MTX1	6.837208553307601	0.1369816968972298	0.8030475671401556	0.8645561373868831	0.9930430668474647	0.04712056575774958	0.6688905160209498	0.9438387931341358	0.9989208822153636	0.08986113113948022	0.6460184359382449	0.8893711689580542	0.9919160079379556
MVP	9.257361556295947	0.46095634613927994	0.641454748291255	0.47238072224751104	0.9442442286200136	0.05054300670982357	0.5445527763554405	0.9260500370182181	0.9989208822153636	0.41041333942945635	0.5023492872429309	0.4139352858357913	0.9397640992305967
MX1	5.514757984061451	-2.249724622343234	1.1559798140042186	0.051635216930550676	0.4852509906262328	-0.9605312538544468	0.8304277459401324	0.2474070175704549	0.9989208822153636	-1.2891933684887869	1.0376442499643408	0.21408043212433203	0.8053947367540224
MX2	14.524522800923727	-0.2551959377773347	0.69033336115413	0.7116279510227671	0.9930430668474647	0.23610016247247956	0.5668112954390486	0.677014148132906	0.9989208822153636	-0.49129610024981424	0.5702968241580424	0.38897682843839754	0.9236357474985083
MXD1	47.02060465700091	1.5836881832299128	0.6177864554078496	0.010362627418129586	0.18720854708763215	0.9385348154304098	0.5422666637800215	0.0834941299213726	0.9989208822153636	0.645153367799503	0.5023277947539329	0.19902741156567216	0.7790349085412369
MYADM	21.384500306092903	-0.021384297967742005	0.8886749470624992	0.980802255321634	0.9968181955931268	0.3144150394351615	0.7589505232888972	0.678671937685261	0.9989208822153636	-0.3357993374029036	0.7493237251141305	0.6540546624257906	0.9777614542981466
MYCBP	5.38778796718078	0.39713018902905456	0.9003779416030185	0.6591619269840303	0.9762962219116806	0.41397426987201547	0.7517941880672524	0.5818747204948005	0.9989208822153636	-0.0168440808429609	0.6969348610102769	0.9807179630488778	0.9983332368471766
MYCBP2	17.361279928221993	0.8618953392306803	0.6342470816553579	0.17416979440182312	0.7873029129747589	0.04447651942853734	0.5546410967727148	0.9360863586591028	0.9989208822153636	0.8174188198021429	0.5095529848040417	0.10867260335349402	0.6308628266246572
MYD88	9.238179864304959	0.2712094232613671	0.747366899450137	0.7166896069066981	0.9930430668474647	0.19274576125221074	0.6294875589301631	0.7594563990728179	0.9989208822153636	0.07846366200915635	0.5991522727385628	0.8958086925220794	0.9919160079379556
MYDGF	12.619188234884922	-0.15462904656872173	0.567186015092933	0.7851415477297989	0.9930430668474647	-0.5034313636646912	0.469750421145202	0.28385495642602443	0.9989208822153636	0.3488023170959694	0.4705088267607002	0.45849336505473726	0.9611401237492433
MYH9	19.91122872001557	0.726025707109751	0.5452687292752847	0.1830243073471458	0.8036084381620222	0.43749583784340595	0.4700438866446931	0.35198015786208736	0.9989208822153636	0.28852986926634505	0.4273827132291716	0.4996065857288742	0.9686312519100319
MYL12A	111.85689867372291	-0.23081022400109003	0.5198907683378209	0.6570721734121894	0.9756318293502411	-0.06454598299942649	0.4467537630963649	0.8851232170731452	0.9989208822153636	-0.16626424100166354	0.4452517479158146	0.7088386620120442	0.9777614542981466
MYL12B	66.04792570573605	-0.3149803395982743	0.40963974114481233	0.4419405865293494	0.9440800184231919	0.030783868846599758	0.3449417304548949	0.9288882535256716	0.9989208822153636	-0.34576420844487404	0.3453003110811905	0.3166607883221495	0.8938644939739743
MYL6	256.3479151898015	0.3552885337626925	0.3668628807393321	0.33281943790833934	0.8913583262222409	0.17411750109218663	0.31717692044168994	0.583032773388876	0.9989208822153636	0.18117103267050585	0.3129330201198597	0.5626262304247781	0.9711498888785488
MYO1F	23.206537084131256	1.1730404461330104	0.5664797300309332	0.03838174490980117	0.41466768179909713	0.5617326471594825	0.4974325102586945	0.2587864648695707	0.9989208822153636	0.6113077989735279	0.4420839547533151	0.16673028792813005	0.7298141571719018
MYO1G	10.137080344205195	0.22770208901469288	0.7445274539398502	0.7597307537392023	0.9930430668474647	0.2794217416746694	0.6250010470546659	0.6548216037250059	0.9989208822153636	-0.05171965265997649	0.5980026305231858	0.931079025116768	0.9941706264930981
MYO9B	14.979948974194736	3.3446567562232357	0.852383088740505	8.713083764940631e-05	0.008315186273008342	1.201677661734962	0.7914009561794637	0.128908991662189	0.9989208822153636	2.1429790944882736	0.5893896399893042	0.00027698023577639864	0.008604066898586
MZT2A	6.825417457911271	0.2024349766708017	0.8206197667104912	0.8051516487612842	0.9930430668474647	0.18574854996314283	0.6843275898381137	0.7860586316951003	0.9989208822153636	0.01668642670765887	0.6552045880791857	0.9796820666178006	0.9982788449746884
MZT2B	21.162754708448286	-0.34112055104040245	0.5726563657970488	0.5513883132678632	0.965058301207955	0.3552299800181315	0.46643392232883774	0.44630657653250605	0.9989208822153636	-0.696350531058534	0.4736897642733869	0.14154655865612192	0.6993501713635804
N4BP2L2	22.509208860802715	0.8560620924957214	0.6619959299911408	0.19595811109410388	0.8186597563383513	0.5890938299456688	0.5744835254269984	0.3051593631466505	0.9989208822153636	0.2669682625500526	0.5338754484654668	0.617034800908286	0.9777614542981466
NAA20	9.758494061806836	-0.4754647487190119	0.7104045224668465	0.5033122050404766	0.9510478797151422	-0.8551430662795665	0.5888537498038174	0.14644144702805012	0.9989208822153636	0.3796783175605546	0.6048440113155713	0.5301812772595335	0.9686312519100319
NAA38	29.292665043430134	0.46891138864379894	0.5240564676356838	0.37090863922911976	0.9233513498088938	-0.04799799923694161	0.4523423969706254	0.9154951691832086	0.9989208822153636	0.5169093878807405	0.43044834327587406	0.22980443984908716	0.8319309113245689
NAA50	7.526215299041756	0.6237664969892347	0.8388442746298073	0.45711713659652664	0.9440800184231919	-0.09069829229344696	0.7274358885432728	0.9007751657100903	0.9989208822153636	0.7144647892826818	0.6729181711867123	0.288353296191472	0.8816265012107973
NAAA	10.017092385706215	-0.2091226874123288	0.6901008300145824	0.7618654167765077	0.9930430668474647	0.23996437606951512	0.5536443645246214	0.664704641286368	0.9989208822153636	-0.4490870634818439	0.5612191084166852	0.42359541192923145	0.9425245363634882
NABP1	19.17746194312294	-0.07995945833451265	0.8792763251582033			1.277532799016132	0.7348188509042034			-1.3574922573506447	0.7253348027313039		
NACA	235.94946438736463	-0.3107400527815945	0.40986740832230323	0.44836253765283385	0.9440800184231919	-0.08218159059350397	0.35260612061490454	0.8157077501329943	0.9989208822153636	-0.22855846218809053	0.35205805880325225	0.5162047603035977	0.9686312519100319
NADK	6.680418490261064	1.0467899734309176	0.8206908330927297	0.20213283453536057	0.8216056299554384	0.681902044170019	0.7148135461588817	0.3401049428059949	0.9989208822153636	0.3648879292608987	0.606004852063826	0.5470939464144129	0.9711498888785488
NAF1	3.741921730419167	2.037629794473061	1.3011614793761443	0.11734665281096222		0.6651751861027209	1.1807264574720842	0.5731891181122928	0.9989208822153636	1.37245460837034	0.9548542567013889	0.15062010231732034	0.7069495703741695
NAGK	16.412858635546005	-0.2172951945637338	0.5949795845410709	0.7149512663801055	0.9930430668474647	0.46093913252046387	0.47849796610252054	0.3353948525560654	0.9989208822153636	-0.6782343270841977	0.48381617989135184	0.16096213348432387	0.7186901642302764
NAIP	15.704112052196466	0.2628557095522927	0.6777740569118468	0.6981477426268972	0.9899935547998052	0.8049979406313658	0.5672072664140471	0.15583178128704253	0.9989208822153636	-0.5421422310790731	0.5410847481685549	0.31636562865754947	0.8938644939739743
NAMPT	154.628079926652	1.4226422110351342	0.4446224574401621	0.0013758816319459233	0.051157780678716604	0.3754403971603338	0.3881480508509458	0.33341367087232254	0.9989208822153636	1.0472018138748005	0.37435550979362375	0.005152435481129567	0.08899816126455617
NANS	11.967580825416325	0.21701144552532983	0.6504076113306948	0.7386402652719292	0.9930430668474647	0.13362040653766985	0.5449547366137265	0.8063051210431564	0.9989208822153636	0.08339103898765997	0.5212946753235616	0.8729054169417859	0.9919160079379556
NAP1L1	48.91919847213624	-0.5505400010875481	0.5236627070561635	0.29310908089731813	0.87543166114067	0.1355812284593543	0.4383206059173172	0.7570782945596334	0.9989208822153636	-0.6861212295469024	0.4439931868022656	0.12226361031776671	0.6519910712221864
NAPA	9.69019239886965	0.8488131539755204	0.7189848035175264	0.2377728881754696	0.8377005764365608	0.08535111323766659	0.6279093813112424	0.8918773857045463	0.9989208822153636	0.7634620407378537	0.5622463281262717	0.17450233087962685	0.7438319754155864
NAPRT	7.563392672613993	0.254111582886164	0.7638377164785756	0.7393777740211189	0.9930430668474647	0.24693238586600047	0.6368958851268934	0.6982289321703136	0.9989208822153636	0.007179197020163497	0.6050615424412198	0.9905331348023053	0.9996889679060499
NARS	11.663386728673899	-0.27794465825325376	0.6838248540362214	0.6844076410293842	0.9844037053516882	-0.19496098754847474	0.5626453905039966	0.7289611619173275	0.9989208822153636	-0.08298367070477904	0.5685672521038635	0.8839590822774863	0.9919160079379556
NBDY	11.766319852202537	0.731612704772765	0.7218991896414092	0.3108426409059224	0.8836419566191195	0.492056670165166	0.6219141141873115	0.4288289585929388	0.9989208822153636	0.2395560346075989	0.5650740531457588	0.6716114551213952	0.9777614542981466
NBN	7.883326610815915	1.501487953384125	0.7654474284418912	0.04981116110702105	0.47446524353236225	0.5066641652113608	0.6861055390829542	0.46023260266113597	0.9989208822153636	0.9948237881727643	0.5575118950033803	0.074358818438321	0.5270091015531488
NCBP2	6.436419699904815	-1.1568595463683948	0.7972869162830617	0.1467811766137233	0.7554061841730147	-0.7681323035120001	0.5934060159269527	0.19551125912094336	0.9989208822153636	-0.3887272428563949	0.6954119278352119	0.5761695957048258	0.9711498888785488
NCF1	35.28669893238917	-0.349971935713135	0.4910479506393349	0.4760288183820085	0.9442442286200136	-0.2762338828284078	0.41209154607037857	0.502652772218646	0.9989208822153636	-0.07373805288472726	0.4142883828802245	0.8587329833741645	0.9919160079379556
NCF2	45.44533329561477	-0.3257222011941933	0.43789291372247635	0.45697336580158987	0.9440800184231919	-0.129032139459297	0.3666838996912647	0.7249212867135245	0.9989208822153636	-0.1966900617348963	0.3682309598092017	0.5932387085850588	0.9723413058462574
NCF4	11.827692031478174	1.2707674905745174	0.654421240419922	0.05215903591060258	0.4864212371728182	0.8573692217860167	0.5757190171115635	0.13643084179471698	0.9989208822153636	0.41339826878850083	0.47660151400581796	0.3857296444938699	0.9224426087386502
NCKAP1L	8.819267440864929	0.4956637126926822	0.8084529179722042	0.53980921537297	0.9623718794589466	1.0264012303284993	0.6763357659013934	0.12911747780254207	0.9989208822153636	-0.5307375176358171	0.6206195624203149	0.3924550024887391	0.9275297455443251
NCL	29.972903395652796	-0.04315665921449168	0.520283237176613	0.9338925733423236	0.9962366574728068	0.6172340040850758	0.43173238703244127	0.1528123115690271	0.9989208822153636	-0.6603906632995674	0.4250783597154291	0.12028607880357518	0.6486358871784983
NCOA1	7.6212492634267575	1.161755869303177	0.7702870190799516	0.13150036214958	0.7357123896748353	-0.09875167989153288	0.6868976420909341	0.8856862251686901	0.9989208822153636	1.26050754919471	0.5958265100327457	0.034382130050411686	0.3324364892291461
NCOA2	6.5153625088687015	3.2401730341404367	1.1389756996541627	0.0044437483487726505	0.11160045195207104	1.7220433913162536	1.070503936558559	0.10769754752105683	0.9989208822153636	1.518129642824183	0.6910385887779482	0.02802893612745382	0.2933494390400185
NCOA3	6.673794751733401	1.7910542032878738	0.9455135564342815	0.05818970864310132	0.5079180970890216	1.5106380409755589	0.8469998308492137	0.07450229000119181	0.9989208822153636	0.2804161623123149	0.6364884395791958	0.6595260881153573	0.9777614542981466
NCOA4	22.955783242396944	0.42901078958034605	0.49020545586003533	0.3814839877616226	0.9255836075945132	0.14404537072944168	0.4181300661909996	0.730471082013213	0.9989208822153636	0.2849654188509044	0.3922805196053674	0.4675735168291173	0.9653670610841836
NCOR1	14.445750983203162	0.26794906558817155	0.5795908132482478	0.6438609634047998	0.9756318293502411	-0.1898826817059173	0.4932410584421679	0.7002601358767626	0.9989208822153636	0.45783174729408893	0.4707984708784712	0.33082274131554956	0.9025357146875582
NCSTN	4.519817979350574	-1.0362921448088176	0.9724445659354157	0.2865788218505735		-0.400842173985597	0.7342242842536032	0.5851073984384361	0.9989208822153636	-0.6354499708232205	0.8361158960205187	0.44725323381172977	0.9565360688378212
NDEL1	7.515079441565889	1.3271425371596453	0.7671883792616129	0.08365201924530749	0.6078571855312572	-0.10578475627484325	0.6906158362082949	0.878260642567721	0.9989208822153636	1.4329272934344885	0.5853245623335662	0.014361571866659309	0.19236600848919808
NDFIP1	18.704187581096672	0.18905338531604562	0.5378092006806251	0.7251945119802543	0.9930430668474647	-0.16483736103546176	0.45629155357036	0.7179092301279902	0.9989208822153636	0.3538907463515074	0.4395623244476649	0.4207631323872405	0.9425245363634882
NDUFA1	53.24589784200713	0.17001424421313344	0.42261179845326996	0.6874675768961201	0.9855093203371755	-0.10733572022201868	0.3619856683860579	0.7668335654542409	0.9989208822153636	0.2773499644351521	0.3524601215705072	0.43134191111720244	0.9477188716796322
NDUFA10	10.540135015120025	0.40730995604015724	0.6555240039314285	0.534369245767626	0.962283048387728	0.23510362250536482	0.5535358768508418	0.6710330776131623	0.9989208822153636	0.17220633353479245	0.5158049161845165	0.7384856376756659	0.9803559971046334
NDUFA11	44.273427605325956	-0.1179448708282647	0.4960629483333012	0.8120657680387404	0.9930430668474647	-0.09944124573716882	0.4215324885353938	0.8135070804187619	0.9989208822153636	-0.01850362509109588	0.4173404286993489	0.9646357741431165	0.9952132068500601
NDUFA12	22.326182212626872	-0.7213694618596115	0.5304384756444694	0.17384595160804306	0.7873029129747589	-0.5760542935600389	0.43227646439468737	0.18266107175737878	0.9989208822153636	-0.14531516829957256	0.452502761094104	0.7481069252704804	0.9803559971046334
NDUFA13	68.15400826656797	0.14983776031651588	0.43861885812562035	0.7326423991197546	0.9930430668474647	-0.06940190047432454	0.37672647764675626	0.8538380617189621	0.9989208822153636	0.21923966079084042	0.3690006271417343	0.5524155282209969	0.9711498888785488
NDUFA2	27.327770111763783	-0.06502111186473834	0.4735193876671802	0.8907821530606036	0.9930430668474647	-0.35288112726824056	0.39935226762777715	0.3768939736201786	0.9989208822153636	0.2878600154035022	0.394063078561213	0.46508936320906724	0.9649020091689738
NDUFA3	29.13714580069345	-0.056923900586046766	0.5528561483930257	0.9179920882313195	0.9931539426719345	0.17668829075499595	0.4660170710654858	0.7045797956091225	0.9989208822153636	-0.2336121913410427	0.4593525768943008	0.6110548043346633	0.9776162491265729
NDUFA4	64.87150586716993	0.03285701415608912	0.41793639991505205	0.9373370594108471	0.9962366574728068	0.10410293714868427	0.356073666065895	0.7700087255732786	0.9989208822153636	-0.07124592299259513	0.34967897109774604	0.8385514762591789	0.9919160079379556
NDUFA5	8.452008249959768	-0.7275079175229683	0.7823842538457304	0.35244351272563257	0.9094287310376578	-0.3511813668922767	0.6208674166839375	0.5716451872925639	0.9989208822153636	-0.3763265506306916	0.6634642176917771	0.5705684310636517	0.9711498888785488
NDUFA6	18.937472858227625	0.20580334286366775	0.5616840140646105	0.7140635379351613	0.9930430668474647	-0.046902730909599365	0.4767687696952206	0.9216335209011217	0.9989208822153636	0.2527060737732671	0.4590161768156139	0.5819500832604776	0.9711498888785488
NDUFA7	16.843738135752062	0.2981661853568401	0.6153897038504026	0.6280196801843513	0.9747465964778875	0.052241604404197776	0.5241795887842243	0.9206114305969353	0.9989208822153636	0.2459245809526423	0.5006924942820205	0.6233069942873132	0.9777614542981466
NDUFAB1	18.370846977465813	0.1670578798904425	0.5760567636835696	0.7718143538747999	0.9930430668474647	-0.0054800644753420094	0.4874156932309593	0.9910294912924218	0.9989208822153636	0.1725379443657845	0.47080207870397023	0.714009471557831	0.9777614542981466
NDUFAF2	6.226780507054908	0.8092043978324299	0.8630910290235551	0.3484677328280824	0.9077544252935401	0.11752150266021973	0.7508022301295125	0.875616922685489	0.9989208822153636	0.6916828951722102	0.6668704414516528	0.29963925308675077	0.8862952892362709
NDUFAF3	13.958862468824128	-0.050444424119407874	0.641940071944577	0.9373657378768316	0.9962366574728068	-0.08143475032740052	0.536205271283887	0.8792876231234604	0.9989208822153636	0.030990326207992653	0.5287078022518612	0.953258584611386	0.9952132068500601
NDUFAF8	8.65730674133231	-1.3039069713056324	0.7288567787093133	0.07361875001081765	0.5781938253845228	-0.8977433786709559	0.5453506456479712	0.09972744053366982	0.9989208822153636	-0.40616359263467655	0.6402107219650073	0.5258056331667715	0.9686312519100319
NDUFB1	57.313604142644856	-0.27771590848934646	0.4859460883330937	0.5676639412632674	0.9665616667306404	-0.18931546355373735	0.4133707585471572	0.6469669429938681	0.9989208822153636	-0.08840044493560907	0.41238592620510556	0.8302636889874851	0.9919160079379556
NDUFB10	29.487691361255003	0.22675963536186688	0.5044441523915086	0.6530538674093438	0.9756318293502411	0.055337655507055765	0.4297751373380779	0.8975479093526292	0.9989208822153636	0.1714219798548111	0.41448805394384863	0.6791852386755413	0.9777614542981466
NDUFB11	45.74951691371888	0.001044350984387288	0.49879768460486507	0.9983294410872101	0.9992862904273713	-0.11486005639277262	0.42605249512149346	0.7874746754855914	0.9989208822153636	0.1159044073771599	0.4194096284199331	0.7822782369151624	0.9838015061805645
NDUFB2	53.70841992634172	0.4166689127499358	0.41513537614451207	0.3155260991788662	0.8843105230594555	0.11868879319646608	0.3571731294957098	0.7396623968867804	0.9989208822153636	0.2979801195534697	0.3420466156237226	0.383662344146801	0.9224426087386502
NDUFB3	18.995919464884153	0.25992458309214306	0.551919191309843	0.637678718399975	0.9747465964778875	0.2838874876633295	0.464795629186048	0.541345786528401	0.9989208822153636	-0.023962904571186442	0.44349267643277657	0.9569094746399402	0.9952132068500601
NDUFB4	24.824397880500793	-0.461833114719616	0.49427309034560774	0.3501139359498284	0.9077544252935401	0.022956541798617527	0.39945299120790456	0.954170846216	0.9989208822153636	-0.4847896565182335	0.4121943283156422	0.23954725343623018	0.8488810437303302
NDUFB5	25.33627147394066	-0.5850044501851656	0.5878137059249384	0.3196288681492636	0.8843105230594555	-0.2673767962121535	0.4877393507901897	0.5835572790208529	0.9989208822153636	-0.317627653973012	0.49860808424016484	0.5241061569186228	0.9686312519100319
NDUFB6	12.147110728357497	-0.39502937109423697	0.6059485404636118	0.5144534223839867	0.9521733056192314	-0.4388421153198763	0.49213989717732315	0.3725526979049615	0.9989208822153636	0.0438127442256394	0.5073530229638319	0.9311837888556929	0.9941706264930981
NDUFB7	34.95627683995679	0.15032064729787403	0.5223898526104078	0.7735337651801928	0.9930430668474647	-0.016596897601754142	0.44631198636921326	0.9703360937297245	0.9989208822153636	0.16691754489962818	0.43468714078247456	0.7009823984365204	0.9777614542981466
NDUFB8	33.906134820134476	0.6057505333835912	0.5095134785361506	0.23448677624603198	0.8377005764365608	0.18379446986717615	0.44065536422501606	0.6766100494789747	0.9989208822153636	0.421956063516415	0.41636982517198545	0.31086124700620676	0.8923804967242881
NDUFB9	32.394655597024084	0.09161688653609931	0.5187581337409282	0.859816233984096	0.9930430668474647	-0.08792503459033939	0.4421667937053892	0.8423797859370843	0.9989208822153636	0.17954192112643869	0.4318451068146378	0.6775890215506513	0.9777614542981466
NDUFC1	13.44025455616193	-0.08520388798673313	0.7461673412867604	0.9090881995272997	0.9930430668474647	0.36203014539523465	0.6205204729569697	0.5596039909797882	0.9989208822153636	-0.44723403338196777	0.6133040957442238	0.4658666795614773	0.9649020091689738
NDUFC2	29.17262613590948	0.22974119746329882	0.5856534311032446	0.6948499903268064	0.9887166796876466	0.2730127355053993	0.4998136900315772	0.5849085294004699	0.9989208822153636	-0.043271538042100426	0.4840878795542899	0.9287737393976866	0.9941706264930981
NDUFS2	7.047811494344825	-0.09178179606659853	0.836135009686804	0.9125924894150453	0.9930430668474647	0.44628095744577057	0.6752321952431569	0.5086574503124273	0.9989208822153636	-0.5380627535123691	0.6728500704498952	0.4238979382072777	0.9425245363634882
NDUFS3	10.185148729478255	-0.18820125633069423	0.6743941870423334	0.7801933009686789	0.9930430668474647	-0.26867393663522693	0.5538383567732105	0.6275965113227893	0.9989208822153636	0.08047268030453272	0.556890589957442	0.8851028348137545	0.9919160079379556
NDUFS4	13.684336279352252	-0.493520410555666	0.6562716110168009	0.45204724765493653	0.9440800184231919	-0.26666131908051127	0.5345829230832327	0.6179053196480677	0.9989208822153636	-0.2268590914751547	0.5515310760436165	0.6808334805165552	0.9777614542981466
NDUFS5	50.15782066776808	-0.18164397648619884	0.4062913140163182	0.654818621397611	0.9756318293502411	-0.37260521850092987	0.3440962541478529	0.278874247331363	0.9989208822153636	0.19096124201473103	0.3420331134402648	0.5766312515172716	0.9711498888785488
NDUFS6	26.453980260866746	-0.5052388835537065	0.5071424171583969	0.31913036676724815	0.8843105230594555	-0.26662594243214494	0.41658317813825885	0.5221527666663202	0.9989208822153636	-0.2386129411215616	0.42741905210418174	0.5766636902810143	0.9711498888785488
NDUFS7	27.272587415345587	-0.39809294414886126	0.49802307606827256	0.4240895912282242	0.9390981761492803	-0.5528640334938305	0.41637028935375436	0.1842381845757025	0.9989208822153636	0.15477108934496922	0.4214047329454464	0.7134144911931353	0.9777614542981466
NDUFS8	18.946025056598845	0.3480327822877874	0.5832467788005181	0.5506968968500856	0.965058301207955	0.12048626560173832	0.497367400209897	0.8085879919076975	0.9989208822153636	0.22754651668604908	0.4728483539803786	0.6303564930862351	0.9777614542981466
NDUFV2	15.126234275287134	0.20192557470395894	0.6097068831498135	0.7405049967796571	0.9930430668474647	0.3969690951861988	0.509196869430569	0.4356272627327967	0.9989208822153636	-0.19504352048223986	0.4882356945081286	0.6895348419088927	0.9777614542981466
NDUFV3	8.90739681899722	-0.1923071037912056	0.7835622295021099	0.8061260460391565	0.9930430668474647	0.014546277751386012	0.644579602308976	0.9819956055951808	0.9989208822153636	-0.20685338154259164	0.6459252185753432	0.7487837160740105	0.9803559971046334
NEAT1	613.6858559709824	-0.7684258525089838	0.5205447794150624	0.1398914215747622	0.748615214894475	0.25135801824525095	0.4492549313533901	0.575820707159898	0.9989208822153636	-1.0197838707542346	0.4499651287404797	0.02342922798875943	0.26212009857156143
NECAP2	7.7520896430694	-0.774947918153119	0.7850542962698235	0.3235806166119025	0.8878304060579073	-0.570276871710396	0.6228271027739518	0.3598629355607096	0.9989208822153636	-0.20467104644272308	0.6700333603025407	0.7600128115516099	0.9809070145248762
NEDD8	56.28263760696378	-0.40543635665207267	0.45479751756194325	0.3726794209947881	0.9233513498088938	-0.532198536665517	0.3862000935275003	0.16819145040029937	0.9989208822153636	0.1267621800134443	0.38765343119526374	0.7436688451249767	0.9803559971046334
NEDD9	9.284303871773085	2.2089655288874592	0.818406055977627	0.006952581482193967	0.14966346453775436	0.6835456003934124	0.7504957552508087	0.36240492895945253	0.9989208822153636	1.525419928494047	0.5807330038902867	0.008621358043507023	0.1297647705517552
NEK7	7.075426395264852	1.8323461734442554	0.8445986479507892	0.03004569556304775	0.3554579603182054	0.5078270799363753	0.7679412353653323	0.5084303439267459	0.9989208822153636	1.32451909350788	0.607402388011112	0.029210888896075482	0.3013985709418389
NELFE	8.073945315980039	0.6233568293776431	0.7561386466018434	0.4097152226865314	0.9327349883440683	0.44045745894095123	0.6443479398442069	0.4942462067802823	0.9989208822153636	0.18289937043669194	0.5818229755484011	0.7532508959977193	0.9809070145248762
NEMF	9.017025084980801	-0.002567027506898748	0.7482392258160444	0.9972626567462014	0.9990073429896342	0.5058505743434434	0.6076296791889124	0.4051278307688353	0.9989208822153636	-0.5084176018503421	0.5979412859190117	0.39516935397900177	0.9275297455443251
NENF	9.0649932964009	0.6917901326216129	0.8105837813229203	0.3934115790231649	0.9287813119565698	1.0459072300414298	0.6870718180113806	0.1279420200897673	0.9989208822153636	-0.3541170974198169	0.6145391582570701	0.5644584123383506	0.9711498888785488
NEU1	9.289981777641943	-0.4862617491186615	0.8570549717483119	0.5704672106337587	0.9665616667306404	0.08923864588129017	0.69684527773185	0.8981007643488047	0.9989208822153636	-0.5755003949999516	0.7166216168844477	0.42193179779543555	0.9425245363634882
NF1	6.571726939810876	2.508885755756104	0.9478913463633334	0.008125563560670927	0.16135773911197757	-0.23044880855292718	0.8944110866080645	0.7966737652608774	0.9989208822153636	2.7393345643090314	0.6980293313896107	8.69522422120623e-05	0.0032139309779648344
NFE2L2	35.39307113938588	0.9907148974103835	0.588335787213524	0.09219565265377899	0.63450998448983	0.3351142356944998	0.5134727467736425	0.5139866559782731	0.9989208822153636	0.6556006617158837	0.4825745895776437	0.17428991624964763	0.7438319754155864
NFE2L3	7.215970794477154	2.3416605441902116	0.9161534361891787	0.010589229910452826	0.18830413188587855	-0.9892472592455143	0.8760240327738573	0.25879377308776463	0.9989208822153636	3.330907803435726	0.7197855529103755	3.698577234274747e-06	0.00020377067026570303
NFIL3	14.79034971392912	0.015924688623778736	0.628256384464957	0.9797778374529732	0.9964726730517024	-0.08508572669521947	0.5277182036412007	0.8719096855748105	0.9989208822153636	0.1010104153189982	0.516943906357219	0.8450804586390658	0.9919160079379556
NFKB1	30.66138666464934	2.487043697884987	0.8409159040447586	0.00310102986514456	0.08967927781726137	-0.6395937088643964	0.7531545195687753	0.39575901364527344	0.9989208822153636	3.126637406749383	0.6997898469352848	7.896676661341054e-06	0.0004117552830556407
NFKB2	6.602442929227575	-0.26322312347791293	1.118287787378159	0.8139134301455819	0.9930430668474647	-0.15510146420272314	0.9354493846169963	0.8683110177479614	0.9989208822153636	-0.10812165927518981	0.9366984951063716	0.9081055265580766	0.9933939763059726
NFKBIA	312.2629521228019	-0.13358102205194958	0.5704282420639166	0.8148477773570015	0.9930430668474647	0.3382358933285526	0.49271213216695703	0.49241191924500816	0.9989208822153636	-0.47181691538050213	0.49167475290647666	0.3372506067785034	0.9108453158288473
NFKBID	8.658868054509073	0.3751544708580265	0.9669960140383697	0.698046632062345	0.9899935547998052	-0.1940974713450144	0.833892901174753	0.815947254034071	0.9989208822153636	0.5692519422030409	0.7994616327152549	0.4764374653194421	0.9664871084564397
NFKBIZ	63.39321352129635	0.684999523815687	0.4967590168353903	0.16791409494725507	0.7783231032819024	0.707650257945622	0.42930049945206983	0.09927476496153687	0.9989208822153636	-0.02265073412993503	0.41026135810860265	0.9559707650357926	0.9952132068500601
NHP2	13.030289824605092	0.006035922067491671	0.6360145935399328	0.9924280090637249	0.9987011225658877	-0.1731238549050901	0.532403376231981	0.7450492155321875	0.9989208822153636	0.17915977697258176	0.5221954339425499	0.7315311204888	0.9802987020776944
NIFK	6.731196470386379	-1.4538492843404138	0.8609408516824828	0.09128173097001693	0.6327835248599479	-0.2183530031008406	0.5986650684617655	0.7153106020804183	0.9989208822153636	-1.2354962812395733	0.753484370770196	0.10106536176457158	0.6109955618065196
NIN	10.291465980431843	0.36889266625365674	0.7115149087561573	0.6041367275345397	0.9692333260986148	0.4137414651250126	0.5978690405923501	0.4889204294087105	0.9989208822153636	-0.04484879887135587	0.5603356779621959	0.9362061080045742	0.9944788766041077
NINJ1	19.376332912073394	0.1244361251420747	0.745583259216102	0.8674505492122273	0.9930430668474647	0.08027565007917144	0.6367511624900082	0.8996759786761265	0.9989208822153636	0.04416047506290325	0.6219352958920823	0.9433938280957296	0.9944788766041077
NIPBL	13.177162568989077	1.6255367131101974	0.747103300506495	0.02957128490507658	0.3542367727331977	1.016459980213862	0.6639813941926166	0.12580495632490934	0.9989208822153636	0.6090767328963353	0.5583585510428646	0.2753457426245083	0.8696706415213846
NIPSNAP2	10.324126259638698	-0.4660239746249584	0.7006437823682415	0.5059629887392421	0.9510478797151422	0.012011687837353327	0.5549228161782414	0.9827305858681579	0.9989208822153636	-0.4780356624623118	0.5814268338883606	0.41097627216447696	0.9388875702500519
NIPSNAP3A	5.6134053562123425	-1.9197755623498476	1.1326358848743434	0.09008249941406127	0.6305774958984289	0.2844175851319342	0.7262007052709211	0.6953157407108184	0.9989208822153636	-2.204193147481782	1.0068489790820694	0.028582352661420365	0.2959591126643527
NKAP	6.958214780693914	-0.15002036742392738	0.7727828223060654	0.8460740532069924	0.9930430668474647	-0.2270338058598756	0.6288538072352495	0.7180785471810535	0.9989208822153636	0.07701343843594821	0.6327413616550024	0.9031255799247387	0.9933939763059726
NKG7	18.83214170696562	0.7968008260508836	1.429247556276306	0.5771880988209444	0.9665616667306404	1.0606210911523233	1.2375546272073539	0.3914284618387478	0.9989208822153636	-0.26382026510143963	1.2069776890592154	0.8269778264072256	0.9919160079379556
NKTR	7.620246951060789	0.16776180568883767	0.8433533050305034	0.8423235006052354	0.9930430668474647	0.4438578721636159	0.7012939958020065	0.5267906577951468	0.9989208822153636	-0.2760960664747782	0.6748134852781402	0.6824337944700607	0.9777614542981466
NLRP3	26.1839068403935	0.24191473482112744	0.751143642158715	0.7474058149811893	0.9930430668474647	0.004342793413929719	0.646719806221081	0.9946421591836291	0.9989208822153636	0.2375719414071977	0.632205476757667	0.7070783791408664	0.9777614542981466
NME2	72.30847635400208	-0.8612409806680023	0.5269270692386878	0.10216239297576464	0.666266357835112	-0.5193547658687027	0.4467639989094394	0.2450400420531913	0.9989208822153636	-0.34188621479929954	0.4535403381132863	0.45095938240773203	0.9565360688378212
NME3	6.548221678721095	-0.031836822196734386	0.836141478055057	0.9696271826997889	0.9964726730517024	0.5906148691733253	0.6686667609859032	0.37708913292773194	0.9989208822153636	-0.6224516913700596	0.6629813885887372	0.34779876765081097	0.9149300914778091
NMI	10.238399513409774	-0.06035657387793476	0.6724284079206976	0.9284786443077206	0.9959664138827291	-0.43083187175922155	0.5635684022441897	0.44458643059690206	0.9989208822153636	0.3704752978812868	0.5568277697550705	0.505838208667183	0.9686312519100319
NMT1	5.925766537969831	-0.5438992085738802	1.0004337202803677	0.5866731154310988	0.9671367302673034	0.7876626603903846	0.7657393095986328	0.30365343117905597	0.9989208822153636	-1.3315618689642648	0.8206998061330593	0.10470247665802578	0.6170590063092133
NOL7	10.88260057548815	-0.12774462119961452	0.6266993805891012	0.8384807538363795	0.9930430668474647	-0.043715467710607726	0.5092915480758363	0.9315969155976932	0.9989208822153636	-0.0840291534890068	0.5104249432504389	0.8692384628822314	0.9919160079379556
NONO	11.610317710336039	-0.5975552065935659	0.6494847342092013	0.35754922439105785	0.9156202409942743	-0.14900168943558156	0.5132174056755762	0.7715648631694636	0.9989208822153636	-0.4485535171579843	0.544800356777964	0.41031718626672087	0.9388875702500519
NOP10	65.7279565040326	-0.11867093412111057	0.4737465089583194	0.8022048934841035	0.9930430668474647	-0.06280516080442097	0.40467650352569545	0.876664880517866	0.9989208822153636	-0.05586577331668959	0.40108508101201595	0.8892236860521644	0.9919160079379556
NOP53	37.10439749730587	-0.6936133847752761	0.5702135369569149	0.22382881901606522	0.8344035271393161	-0.6522795896963594	0.48066088451134054	0.17476615922979266	0.9989208822153636	-0.04133379507891682	0.4889767254007423	0.9326340883113482	0.9944788766041077
NOP58	8.374337821502108	0.6317423227129819	0.803165705143113	0.43153634335526525	0.9403836536671231	0.6390758721491202	0.6840372943966929	0.35016437204720374	0.9989208822153636	-0.007333549436138302	0.620733149786374	0.9905737437158816	0.9996889679060499
NORAD	9.998723422398283	-1.5434346797176988	0.7371003323246349	0.03626643625893663	0.3996679584236086	-0.4386379034399464	0.5293405241818807	0.40730261668260814	0.9989208822153636	-1.1047967762777524	0.6475707132805663	0.08799625205395346	0.5735469999945182
NOSIP	9.2820234441682	0.1110959693312805	0.7456674189331306	0.8815626024995556	0.9930430668474647	-0.23341623888858642	0.6299963915415857	0.7110069306950939	0.9989208822153636	0.34451220821986694	0.6113639667143486	0.5730848696074513	0.9711498888785488
NOTCH2	9.033804671822613	0.33320151617601645	0.7416253320473596	0.6532257085603965	0.9756318293502411	0.409349171022932	0.6206743030409727	0.5095597823326559	0.9989208822153636	-0.07614765484691553	0.5836569935809295	0.8961973977765333	0.9919160079379556
NPC2	113.7842765578532	-0.5336678904806488	0.4015769163174293	0.18387083589504016	0.8036980201030534	-0.08594399259326913	0.34080728562382995	0.8009037249705222	0.9989208822153636	-0.44772389788737965	0.3429471232658437	0.19171626856626656	0.7742897706964016
NPL	8.924958779027696	0.8920078152021531	0.698220430371099	0.20141000727472913	0.8216056299554384	-0.8474098210114763	0.6263621901800792	0.17608532785365283	0.9989208822153636	1.7394176362136293	0.5688355339717365	0.002229260374730312	0.045841128832482474
NPM1	56.537932262128926	-0.3417087744000001	0.4669838999626002	0.4643299236129639	0.9442442286200136	0.1408709278520608	0.3931858639468427	0.7201332194076857	0.9989208822153636	-0.48257970225206087	0.3939682866642576	0.22060529851391986	0.8133427672482904
NPTN	7.7976235514916015	0.7712762758650653	0.8051043308215278	0.338071322374374	0.8995336393660156	-0.16174688518514913	0.7044180778125972	0.8183888226899668	0.9989208822153636	0.9330231610502144	0.6405916633609939	0.1452538444561494	0.7027179382924879
NQO2	8.62145792368567	-0.0953915894540347	0.7318134667345467	0.896289843125059	0.9930430668474647	-0.24366572150613722	0.6046252821802125	0.6869461161925853	0.9989208822153636	0.14827413205210252	0.6011482333654412	0.8051779204380445	0.9919160079379556
NR1H2	5.940174405333025	0.6046572842647647	0.9153053232548758	0.5088642521658522	0.9511556287703195	1.2700457261963982	0.7566280910032778	0.09323780769209736	0.9989208822153636	-0.6653884419316335	0.665913228780889	0.31769203832202775	0.8938644939739743
NR3C1	11.425772303127745	1.3577613313028958	0.6748255358246313	0.0442180073440733	0.44461232229422804	0.4249992901804345	0.6004773712157399	0.47908869795537123	0.9989208822153636	0.9327620411224612	0.5064362521334423	0.06550217028654834	0.4891722179967293
NR4A1	30.480008134066342	-0.025756496883040658	0.9637533960969354	0.9786789180659576	0.9964726730517024	1.4542001765687649	0.819143108838913	0.07585331847483949	0.9989208822153636	-1.4799566734518053	0.808848814222873	0.06729370144327071	0.49746229927683666
NR4A2	46.66059516648557	-0.43369289976443015	0.7690478341672904	0.5727984495258421	0.9665616667306404	0.12707164445216057	0.6571773832531312	0.8466772473978196	0.9989208822153636	-0.5607645442165907	0.6579942608034491	0.39408468188621826	0.9275297455443251
NR4A3	11.519331726480699	0.8078801769951279	1.0414823022273172	0.4379248043711348	0.9434000864669367	0.08562662375164848	0.9070340337808724	0.9247891292496387	0.9989208822153636	0.7222535532434794	0.8632965817096392	0.40280465823496525	0.9305297484541918
NRBF2	7.231131442339239	-0.40055557104818584	0.8119416985946035	0.6217791097710308	0.9747465964778875	-0.017268849686346746	0.6500544249097706	0.9788065005373099	0.9989208822153636	-0.3832867213618391	0.6727949169886392	0.5688857705385131	0.9711498888785488
NRDC	9.658251600293127	0.2436473327179017	0.7380990756320143	0.7413235557760443	0.9930430668474647	-0.25408045220624853	0.6288201581868957	0.6861693243884983	0.9989208822153636	0.49772778492415026	0.6022659428873943	0.4085629025293155	0.9388875702500519
NRG1	14.84436178020546	-1.6489793889930853	0.9190668795026157	0.07278305874716702	0.5751691237100232	-0.4872161617012735	0.7367509823331096	0.5084175594609138	0.9989208822153636	-1.161763227291812	0.8002760710234533	0.14658418597914868	0.7037032993633845
NRGN	10.604824287387245	0.05578628484323042	0.7371715359700495	0.9396767714985301	0.9962366574728068	-0.22031382584999523	0.6215657268536059	0.7230018450096948	0.9989208822153636	0.27610011069322565	0.6066046336869367	0.6489965714092629	0.9777614542981466
NSA2	16.942177891463096	-1.0573316048093753	0.6035341776060348	0.0797909820371009	0.5933547573304413	0.1726033812911894	0.45244527859302236	0.7028396376538062	0.9989208822153636	-1.2299349861005646	0.5142555877561754	0.016771441676143656	0.21018287422463294
NSD1	6.17717446193025	0.5828169855133616	0.8741764074632311	0.5049611663027602	0.9510478797151422	0.2483891101545953	0.7465428102803394	0.739346271653559	0.9989208822153636	0.3344278753587663	0.6794744790024921	0.6225878091128282	0.9777614542981466
NSD3	9.163335828822673	-0.35316875017697036	0.7010155839789972	0.6144048360750984	0.9745379754476492	-0.10067353679265922	0.5624443136372027	0.8579432794281238	0.9989208822153636	-0.25249521338431113	0.5798941671863325	0.6632604803594467	0.9777614542981466
NSFL1C	6.704559236389282	0.13282707953562142	0.7519205537470995	0.859782989566805	0.9930430668474647	0.16628682468872902	0.6167945851614776	0.7874692421236524	0.9989208822153636	-0.03345974515310759	0.5957577379658785	0.9552116844723969	0.9952132068500601
NSL1	4.935611274296689	-0.5662222263795398	0.9922082792493268	0.5682242277160893	0.9665616667306404	-0.07924564600058892	0.7843583684087674	0.9195247022455996	0.9989208822153636	-0.4869765803789508	0.8297953359153131	0.5572953972320149	0.9711498888785488
NSMCE1	10.023326727093382	0.35102382427394496	0.647074133996098	0.5874888947898872	0.9671367302673034	-0.5190131493948221	0.557150184971803	0.35156923108391624	0.9989208822153636	0.8700369736687672	0.5263328635563453	0.0983274801397884	0.604455246333015
NSMCE2	8.479714894720942	2.2543359616050664	0.8212084763178344	0.006048425245169172	0.14078570306438487	0.1256252348672421	0.7634525110987705	0.8692990918461259	0.9989208822153636	2.1287107267378245	0.5946302936662793	0.0003437395728515641	0.010455412007568408
NSRP1	10.201626893729257	-0.39979947374920094	0.6172677627436616	0.517184093639139	0.9533330499785364	-0.9108121903699804	0.5082948598634943	0.07314941750104685	0.9989208822153636	0.5110127166207794	0.5239901488515685	0.3294444769919632	0.9025357146875582
NSUN6	8.721902667067228	1.8434398631303903	0.8184226147850443	0.02429509525582903	0.3220224894325857	0.2946987639419914	0.7449477639218145	0.6924026840007742	0.9989208822153636	1.548741099188399	0.6051501580937323	0.01048930100921365	0.15314379473451928
NUCB1	9.517902143605335	0.11367760928762738	0.6971247371698757	0.8704661680721328	0.9930430668474647	0.31681121970853404	0.5742821328229037	0.5811780526169571	0.9989208822153636	-0.20313361042090664	0.5560366515561463	0.7148694622453957	0.9777614542981466
NUCB2	7.2843448347687785	0.7905878201983838	0.7977466021979353	0.32167276474173934	0.8859729837254499	0.7622965856102878	0.680934409860505	0.26293283087959374	0.9989208822153636	0.028291234588095942	0.5927865376155687	0.961934741378604	0.9952132068500601
NUCKS1	15.180213668487488	0.4080313364608801	0.6626964599601315	0.5380834467784004	0.962283048387728	0.8505676785990176	0.5573083318576469	0.12695840945529108	0.9989208822153636	-0.44253634213813753	0.5222060090662998	0.3967519636129134	0.9275297455443251
NUDC	11.611671293058746	-0.7329727610223912	0.686832829439768	0.28589154665922967	0.866145500619444	0.05080784099705272	0.5333848770589537	0.9241118909410496	0.9989208822153636	-0.7837806020194439	0.5775409589103307	0.17474956682708642	0.7438319754155864
NUDT1	6.721021945082665	-0.7036863868177801	0.8012212644775782	0.37979871081986927	0.9253095413320528	-0.23189052906192736	0.6149968319442892	0.7061292294928907	0.9989208822153636	-0.47179585775585264	0.6753459341056842	0.48480279516142566	0.9686312519100319
NUDT16	25.117538902232766	-0.3414311030973557	0.7264789688810221	0.6383687979029128	0.9747465964778875	-0.20145347478723266	0.6165486228321903	0.7438616264771931	0.9989208822153636	-0.13997762831012303	0.6168900847309035	0.8204948614878922	0.9919160079379556
NUDT21	5.541331297059159	-0.05487741153882143	0.861917910330769	0.9492338259184112	0.9962366574728068	0.19692138103273713	0.6942977171209603	0.7766964615606003	0.9989208822153636	-0.25179879257155857	0.6908917801454336	0.7155184561804595	0.9777614542981466
NUFIP2	19.250012608961228	0.512511074068359	0.8193240464919275	0.5316238230292498	0.962283048387728	0.27947558381170257	0.707309309309461	0.6927506468828566	0.9989208822153636	0.23303549025665643	0.6802015618416101	0.7319011330099219	0.9803396713529875
NUMB	21.321350452413025	2.3688607836320923	0.6801073476250753	0.0004957006819736738	0.02770818287518227	0.13989605362074922	0.6187254790985152	0.8211208504975002	0.9989208822153636	2.228964730011343	0.5283240705904726	2.4545939560468818e-05	0.0010697633360681933
NUP214	42.53876224697211	0.048162119687648185	0.5180532985030505	0.9259293811361351	0.9957340452911454	-0.112511670115072	0.4431209124313642	0.7995671128026656	0.9989208822153636	0.16067378980272018	0.43521539701576517	0.7119919019095513	0.9777614542981466
NUP58	7.691158501584092	0.04508703508809625	0.7899374900590947	0.9544840868326268	0.9964726730517024	0.104544214332829	0.6538295888661354	0.8729636279644983	0.9989208822153636	-0.05945717924473275	0.6387567859724547	0.9258378947857973	0.9941706264930981
NUP62	4.457783660410296	-0.4616865754265709	1.0967802420842745	0.6737936354783426		0.698648430358225	0.8409168608666349	0.40607674420441275	0.9989208822153636	-1.1603350057847959	0.8945206117121056	0.1945766600370935	0.7758474572596418
NUTM2B-AS1	5.204765282331004	0.26886617014266073	0.9037102505910145	0.7660743588285392	0.9930430668474647	0.16688514976039345	0.7558382561159699	0.8252522197055763	0.9989208822153636	0.10198102038226725	0.7168231974666155	0.8868683021574076	0.9919160079379556
OAS1	6.473500553260529	0.24874558602271948	0.8808040397218776	0.7776311351421448	0.9930430668474647	-0.439738055839274	0.7555102401881216	0.5605389574590499	0.9989208822153636	0.6884836418619935	0.7250047324392732	0.3423021137538024	0.9143359608165523
OAZ1	360.91691252505757	-0.009557857133206811	0.3834539955779475	0.980114232383372	0.9964726730517024	-0.15446039379359552	0.33126410163509606	0.6410181854067784	0.9989208822153636	0.14490253666038871	0.32976583658377967	0.6603641954390411	0.9777614542981466
OAZ2	8.910391679975536	-0.7078262027470036	0.7798182605326692	0.36404679586194155	0.9233513498088938	-0.018678466357073337	0.6078902615045931	0.9754874915792987	0.9989208822153636	-0.6891477363899302	0.6557670951538912	0.29330305220905517	0.8862952892362709
OCIAD1	11.283598947056886	-1.558544249762709	0.7745200786260593	0.04419138358366692	0.44461232229422804	0.07438554399723456	0.5481983195330822	0.8920656121628795	0.9989208822153636	-1.6329297937599436	0.676034326626799	0.01571560899572118	0.20395368118891488
ODF3B	15.593108810950106	-0.7528880353581933	0.6259272815235768	0.22903968693338406	0.8364065817347909	-0.1623263037848949	0.497303149047297	0.7441117646971178	0.9989208822153636	-0.5905617315732983	0.5298168463102901	0.2649993153882986	0.8655458623420937
OGA	6.91688410928322	1.172266234437834	0.9596399816276415	0.22187074367208592	0.8344035271393161	0.7686073348548986	0.8407553828151437	0.36061878527346836	0.9989208822153636	0.4036588995829355	0.732315303272686	0.5814903048674178	0.9711498888785488
OGDH	7.5666141568357475	6.211684558590441	1.935677945354018	0.001331749893450007	0.05055565623025118	3.112092023037969	1.9148003464613295	0.10410231969127776	0.9989208822153636	3.099592535552473	0.6684408919227157	3.534202727601233e-06	0.0001984590762422231
OGFR	8.015160561684185	-0.1321822340021468	0.7335123767521481	0.8569920226677119	0.9930430668474647	0.278556872563206	0.5891153425525476	0.6363278499739582	0.9989208822153636	-0.41073910656535284	0.5918457828627319	0.4876841869383125	0.9686312519100319
OGFRL1	16.34154609739212	-0.44160698874670556	0.7543678258879647	0.5582787322063584	0.9663555080452262	0.433019201005387	0.6188497561119781	0.4841045560824778	0.9989208822153636	-0.8746261897520925	0.6297073625554617	0.1648507806395293	0.7238560593495121
OIP5-AS1	8.643534102228536	-1.832324635993428	0.892446662854949	0.04005827420322181	0.42308121634838675	-0.26590161176692195	0.6251740163337685	0.6706003854994224	0.9989208822153636	-1.5664230242265058	0.7897325832749357	0.04731323977640745	0.40782294907910893
OLR1	18.299967709324573	1.6887274585113088	1.4477256930027593	0.24342478665573541	0.8435191009508414	1.5933298123668498	1.2635162138169822	0.20729862003603494	0.9989208822153636	0.095397646144459	1.202200128438082	0.9367522089574142	0.9944788766041077
ORMDL1	13.744102616345273	-0.4257124099021434	0.671028970139127	0.5258085004739261	0.9596825131944134	0.062031195197543014	0.5445449326400779	0.9093061075461325	0.9989208822153636	-0.4877436050996864	0.5588235233673526	0.38276972524616626	0.9224426087386502
ORMDL2	7.612937851072893	-0.08780845253641899	0.6794551131217981	0.8971727842848928	0.9930430668474647	-0.7685020196945339	0.5688167178146365	0.17667818157659876	0.9989208822153636	0.6806935671581149	0.5659065703087112	0.2290392628299217	0.8319309113245689
OS9	14.39327194693463	-0.3427091954509806	0.5957153680483913	0.5650950684118592	0.9665616667306404	-0.4217827318173624	0.49079960377868365	0.3901316100805685	0.9989208822153636	0.07907353636638183	0.49911969876160056	0.8741211290737122	0.9919160079379556
OSBPL11	7.016685056775761	0.37465674760754	0.8818671043752874	0.6709497390199206	0.9780705608686049	0.28320156876194613	0.7469098425656278	0.7045658391654948	0.9989208822153636	0.09145517884559386	0.7033007769349184	0.8965370907640945	0.9919160079379556
OSBPL8	27.92788031922016	0.6809012925474708	0.5079964706912894	0.18012632296421704	0.8003841758707272	0.6178710122833636	0.4365450683997581	0.15696123649283175	0.9989208822153636	0.06303028026410719	0.4019893226584551	0.8754056990591831	0.9919160079379556
OSCAR	12.282935184242637	-1.012541107224711	0.6961206487348827	0.14579435228474796	0.7548087352463534	-0.49781234944536884	0.5465384774685887	0.36237655665833945	0.9989208822153636	-0.5147287577793422	0.5984073481448615	0.3896983701774528	0.9236357474985083
OSER1	10.014521637591448	0.43349644705419305	0.7551185058399066	0.5659154452079166	0.9665616667306404	-0.3893133581390968	0.6538799569306293	0.5515830428608919	0.9989208822153636	0.8228098051932897	0.6198442771041087	0.18436119223643177	0.7562843447701094
OSM	12.203426580920562	0.20169469768005388	0.9388181074641145	0.8298928831369468	0.9930430668474647	0.7604568719316297	0.7940485139766679	0.3382162101298022	0.9989208822153636	-0.5587621742515758	0.7680213190490521	0.46689845497498195	0.9649020091689738
OST4	88.15848021148686	-0.4062105258398168	0.4754806816643894	0.3929301901296507	0.9287813119565698	-0.26279704409114085	0.406177134443379	0.5176312453974655	0.9989208822153636	-0.14341348174867596	0.40661272465085335	0.7243111950110492	0.9778476287367174
OSTC	18.18117318571738	-1.0083581604309746	0.6117437313604214	0.09928409483426809	0.6573004175201059	-0.42057250886591385	0.4862028881304711	0.38703087467735486	0.9989208822153636	-0.5877856515650607	0.525023485238079	0.2629091387070136	0.8624612074495985
OSTF1	19.251407701016017	-0.2498911937631845	0.6060411142663014	0.6800948284080433	0.9823973227710534	-0.10511909280376781	0.5056979700624954	0.8353310055528848	0.9989208822153636	-0.14477210095941667	0.5062997332777092	0.7749229341097882	0.9838015061805645
OTUD1	4.808628619565687	-0.059697483516987206	1.1110757604011414	0.9571507232782258		1.0520704492939532	0.8879977290681634	0.23610956402752492	0.9989208822153636	-1.1117679328109402	0.8815434784437626	0.20725097826294503	0.7952337142283831
OTUD6B-AS1	5.338632836735575	0.1400907149006937	0.9567890250538605	0.883591765476335	0.9930430668474647	1.0414601350853272	0.7625211063277139	0.1719981198326066	0.9989208822153636	-0.9013694201846335	0.7349737727440846	0.2200494217872715	0.8133427672482904
OTULINL	7.170960539025967	-0.4350219483863115	0.790818101558044	0.5822569350022722	0.9671367302673034	-0.337462675196421	0.6380864242736748	0.5968979088389417	0.9989208822153636	-0.09755927318989052	0.6615497670330256	0.8827604261725414	0.9919160079379556
OXA1L	11.625566074480533	0.03139656082180625	0.7130727463833076	0.964880526503754	0.9964726730517024	-0.06350108389258916	0.5996640374199715	0.9156661101835379	0.9989208822153636	0.09489764471439541	0.5865777773557651	0.8714776373165385	0.9919160079379556
OXSR1	12.051846938380494	2.564283631300294	0.7203729917210356	0.0003713338510006037	0.023625084786993964	-0.07886926302042152	0.6783339065410001	0.9074392855580766	0.9989208822153636	2.6431528943207154	0.5242715171397186	4.617217178686802e-07	3.13541259575941e-05
P4HB	17.84611004035823	-0.2097301370817407	0.5774122746537983	0.7164373783074001	0.9930430668474647	0.03238954234566543	0.47559374006770283	0.9457033378467458	0.9989208822153636	-0.24211967942740614	0.476916611285938	0.6116797558747427	0.9776162491265729
PA2G4	14.88087579394511	-0.05636183659354964	0.5833480612173613	0.9230298790444383	0.9951848544308465	0.13553419343580403	0.4800890392245197	0.7777054083477876	0.9989208822153636	-0.19189603002935368	0.4746909124015075	0.6860254370677614	0.9777614542981466
PABPC1	183.05112870056496	-0.2344603442710418	0.4322955784036654	0.5875697100850461	0.9671367302673034	0.18344777647680446	0.3712426102721111	0.6212035951151831	0.9989208822153636	-0.4179081207478462	0.37004169888399463	0.2587484749334542	0.8590598895388247
PABPC4	8.104397172185282	1.2516652509315136	0.9777487835697634	0.20049233436595104	0.8216056299554384	2.0076477882898813	0.846235323516769	0.017670735774796078	0.9989208822153636	-0.7559825373583676	0.691772558608828	0.27447306086184176	0.8696706415213846
PABPN1	8.362102017490107	0.13069808364020122	0.701454804164033	0.8521904432279375	0.9930430668474647	0.11820409910443584	0.5789045556035046	0.8382082950152878	0.9989208822153636	0.012493984535765362	0.5593394245996647	0.9821791062568125	0.9983332368471766
PADI4	9.99559945093192	2.417266953768032	0.8475439685201402	0.004343356306015766	0.1110686414598004	-0.598565376719299	0.7944401719620355	0.45118375888373685	0.9989208822153636	3.015832330487331	0.6592177071323473	4.7652607104222255e-06	0.00025767706063764626
PAFAH1B1	10.332152980093658	2.2739730146485866	0.7408268845969498	0.0021441266530077335	0.06745752316001254	1.2679023996043857	0.6819052747116405	0.06297716454483539	0.9989208822153636	1.006070615044201	0.4747194053883666	0.034065516768169615	0.3320951968770037
PAFAH1B2	6.534180207920312	-1.001953510035291	0.8222405311608075	0.22300935056986637	0.8344035271393161	-0.2530506856885625	0.6124825334683536	0.6794924996442067	0.9989208822153636	-0.7489028243467285	0.7040020069948855	0.28742865076242274	0.8810043405652552
PAG1	9.981378780188122	1.1846598191748536	0.7701922570930125	0.12401556164685737	0.7187379615282442	0.5281048562780035	0.6779133085783149	0.4359706874304944	0.9989208822153636	0.6565549628968502	0.5877928940745952	0.264001381042263	0.8632519962412183
PAIP2	24.518369509615553	-0.08480913894839198	0.4977220972791636	0.8646998482108033	0.9930430668474647	0.20646514976252614	0.41183507925600754	0.6161391182820763	0.9989208822153636	-0.2912742887109181	0.4076214335270838	0.47487442233103994	0.9664871084564397
PAK1	12.472441519862024	0.1743830066723772	0.6031201871864372	0.7724782593362903	0.9930430668474647	0.036571431388642814	0.5046500654233382	0.9422287604728804	0.9989208822153636	0.1378115752837344	0.4852605119203844	0.7764141867983497	0.9838015061805645
PAK2	23.82233060242449	0.7375856050668463	0.5374973471569731	0.1699828051609339	0.7804422631568472	0.7390105260005708	0.4616642803831891	0.10943161602028881	0.9989208822153636	-0.001424920933724477	0.41990788684201863	0.9972924532569601	0.9996889679060499
PAM16	6.781765624858246	-0.7629255124822171	0.7835533061054523	0.33021841132333785	0.8913583262222409	-1.0695589996297328	0.6290201490380453	0.0890637392421693	0.9989208822153636	0.30663348714751576	0.6774145952657263	0.650798906357283	0.9777614542981466
PAN3	7.776817905712452	2.3715884648428007	0.8386708093926687	0.004686992428053193	0.11567982173720939	0.5490820338547273	0.7796401240636298	0.48126074506948235	0.9989208822153636	1.8225064309880734	0.5775351228591122	0.0016013356037255797	0.03479565833345697
PAPOLA	23.590590262946304	-0.40934154380633897	0.5104713987992981	0.42261700615799225	0.9390981761492803	0.15313769363027713	0.4127638676832209	0.7106333837401756	0.9989208822153636	-0.5624792374366161	0.4237256201430866	0.18435623116559197	0.7562843447701094
PARK7	42.696792059333994	0.24408605598852995	0.43683279846549583	0.5763233973521276	0.9665616667306404	-0.34455473358310135	0.3759992678943989	0.3594724679636897	0.9989208822153636	0.5886407895716312	0.36402373351223055	0.10586973491234852	0.6207623010924853
PARL	8.231167728846893	-0.36891328078180463	0.705448733215493	0.6010101673972646	0.9679807403269565	-0.2955323266406101	0.5671778722091577	0.602326663996552	0.9989208822153636	-0.07338095414119453	0.5865049362940395	0.9004319832047875	0.9933939763059726
PARP14	11.242161346857563	-0.9933713240909583	0.8014921610760753	0.2151965056688443	0.829045279867524	-0.13437697236101	0.6356586140187667	0.8325767016922341	0.9989208822153636	-0.8589943517299483	0.6847384434195416	0.2096656442146947	0.7971662514412872
PARP8	8.63921146804628	1.173550075810026	0.816389054131561	0.15057916895209433	0.7601504228853402	0.24116870820280964	0.7217288530152801	0.7382632227351394	0.9989208822153636	0.9323813676072163	0.6322120530281813	0.14026843460868074	0.6993501713635804
PARVG	14.735755923971398	0.1285963675323831	0.6093930966098727	0.8328688014784302	0.9930430668474647	-0.3460482589067161	0.5183406865443582	0.5043840100684396	0.9989208822153636	0.4746446264390992	0.5027635994883187	0.34513327372154745	0.9143359608165523
PAXX	7.389818407268845	0.903167392357226	0.7797307571747814	0.24673888135625055	0.8444306898330594	0.5701468969603722	0.6739752697385613	0.39758269267246027	0.9989208822153636	0.33302049539685374	0.5799890874213587	0.5658432472193193	0.9711498888785488
PBRM1	10.383153021517527	0.2750002846091344	0.6179515253140705	0.6563058892582169	0.9756318293502411	-0.0744431225584197	0.5201297880538622	0.8861921494237348	0.9989208822153636	0.3494434071675541	0.49318767204118874	0.4786097119274013	0.9664871084564397
PCBP1	65.58461678102472	0.10010884667624834	0.38670579591790594	0.7957309222102904	0.9930430668474647	0.134799314470732	0.32919432830197237	0.6821856114336293	0.9989208822153636	-0.03469046779448368	0.32153120163973803	0.9140817988767974	0.9933939763059726
PCBP2	46.785651688036296	0.10453841106795925	0.4386879888950108	0.8116500772982754	0.9930430668474647	0.5561178303174983	0.369363990550586	0.13216751978850041	0.9989208822153636	-0.4515794192495391	0.35941219039319805	0.20895692361791984	0.7965459751492505
PCED1B-AS1	4.585422499592696	1.0102585224354834	1.1780344371252502	0.39112453992968577		1.225091957418095	1.0162786374414245	0.22802246369510426	0.9989208822153636	-0.21483343498261154	0.877063535479926	0.8064980402547707	0.9919160079379556
PCF11	11.460893311204792	0.59172836129119	0.7496723710317635	0.42992736541143184	0.9403836536671231	0.31246160344843926	0.6446039553632114	0.6278648804179863	0.9989208822153636	0.2792667578427508	0.5991268732078222	0.6411275298913535	0.9777614542981466
PCGF5	7.367176282849034	0.20882223505466513	0.7519905245683948	0.7812483098546439	0.9930430668474647	-0.09331709799857757	0.6323960600857166	0.8826891070506093	0.9989208822153636	0.3021393330532427	0.6056184084880604	0.6178541277423144	0.9777614542981466
PCM1	9.752911746711117	0.45470679319782265	0.7565421531788559	0.5478180128428347	0.965058301207955	0.5575886765313816	0.6381595722789482	0.3822571889574936	0.9989208822153636	-0.10288188333355894	0.592050996907449	0.8620446536527175	0.9919160079379556
PCMT1	17.044585626217586	0.059776031495611	0.5598479752566977	0.9149699413189251	0.9931274202454311	-0.31663156527419895	0.47325624433678565	0.5034642910580702	0.9989208822153636	0.37640759676980995	0.4617469570257196	0.41496840133318813	0.9407668725876626
PCNP	11.898063654817419	-0.7598383488184608	0.7479310834785815	0.30966735508700305	0.8836419566191195	-0.057497355678829694	0.5975259966473324	0.9233413220220945	0.9989208822153636	-0.7023409931396312	0.6327932007124103	0.26703951913055113	0.8666888920632344
PCNX1	5.6162049700652625	2.8512699578635066	1.0380296784984786	0.006017804590789771	0.14078570306438487	0.7636098124937769	0.9786814206901249	0.43524756498181627	0.9989208822153636	2.0876601453697297	0.6775187364986084	0.002060767494122949	0.043604645527818925
PDAP1	7.5241613021689275	-0.12470129392970915	0.8198770265744395	0.8791099899192308	0.9930430668474647	0.03710995052228898	0.6705602500064346	0.9558662337294874	0.9989208822153636	-0.16181124445199813	0.669437114983632	0.8090030290230097	0.9919160079379556
PDCD10	9.78125017797406	0.06320577408683398	0.6975352734838238	0.9278000901325718	0.9957402254102561	-0.16517892713110607	0.584159008104015	0.7773580287971167	0.9989208822153636	0.22838470121794005	0.5694969060523034	0.6883988679633555	0.9777614542981466
PDCD4	7.872070584001187	0.5343122720170131	0.7673963664546466	0.4862620384434243	0.9443864967003183	0.4862479608832862	0.6501157097895222	0.4544959621991784	0.9989208822153636	0.04806431113372701	0.5952046810304928	0.9356387238466863	0.9944788766041077
PDCD5	7.142036528162685	0.14900204479422627	0.8450913329531238	0.8600466954661922	0.9930430668474647	0.5627579836194363	0.6920352794330282	0.41610762867636	0.9989208822153636	-0.4137559388252101	0.6663902636907686	0.5346711243709348	0.9686312519100319
PDCD6	14.427171959232986	0.026633238013216563	0.5889337687648748	0.9639297156870289	0.9964726730517024	-0.13329537317541537	0.49214875090448	0.7865112720075176	0.9989208822153636	0.15992861118863194	0.4817161421968902	0.7398910585567806	0.9803559971046334
PDE4A	10.044122324979813	5.725964503841456	1.5177291543917417	0.0001614785952403554	0.012963014888096829	2.0756653024570872	1.4869841064618519	0.16274781323128662	0.9989208822153636	3.650299201384368	0.7287471002085546	5.471163217491219e-07	3.5501770211276354e-05
PDE4B	40.36375527094891	1.6498736225798991	0.7349384000662139	0.024773643602911462	0.32506523840929996	0.0657658768356975	0.6461720403607131	0.9189331599976442	0.9989208822153636	1.5841077457442017	0.6130216316648998	0.009763415257972585	0.14398571996606035
PDE4D	8.750858898735693	1.3786227751104334	0.7391672497924788	0.06216702123362852	0.5219477471902595	-0.5923608764645174	0.6753778044024259	0.3804427754355699	0.9989208822153636	1.970983651574951	0.5798114422438492	0.0006754552637458874	0.018094764863651296
PDHA1	4.867180220720687	-0.2318615468893642	1.0389261986598057	0.8233999132773341		0.6898121840809319	0.8121921352555351	0.3957024605890116	0.9989208822153636	-0.9216737309702961	0.8332449711652916	0.2686720883469751	0.8666888920632344
PDHB	5.126439334706398	-0.2895952720726922	0.8805236059403418	0.742238950414239	0.9930430668474647	0.0853382803055676	0.6955093303906505	0.9023454774283176	0.9989208822153636	-0.3749335523782598	0.718623417561284	0.6018523678423444	0.9762877017680395
PDIA3	20.02976368310246	0.8156380628424279	0.7113399811419481	0.2515378851966731	0.8447733157557729	0.6773021306476992	0.6159584502321065	0.2715105332068286	0.9989208822153636	0.13833593219472862	0.5736346835006494	0.8094335542554022	0.9919160079379556
PDIA6	13.111118378375473	-0.17496438410542714	0.6803006722580984	0.7970345380739241	0.9930430668474647	0.7286455467904246	0.5462819960270808	0.1822606376096464	0.9989208822153636	-0.9036099308958518	0.549395657797747	0.1000245980216045	0.608482971298094
PDK4	10.1722984134105	-0.7916359219603967	0.9166744936038734	0.38781016443339844	0.9257411016933377	-0.09993739551164439	0.7464005325871947	0.8934876210620513	0.9989208822153636	-0.6916985264487522	0.7791146580475318	0.37464797485777446	0.9224426087386502
PDXK	12.292313435717809	0.7530232014541602	0.6464611153648997	0.24408411749510284	0.8435191009508414	0.10334399611021192	0.5615979688032796	0.8539995281416625	0.9989208822153636	0.6496792053439483	0.5094770592087134	0.2022425873733743	0.7863493410522676
PEBP1	11.352351013528667	-0.23789967774461163	0.7498424048792269	0.7510415943446724	0.9930430668474647	-0.3978440030950665	0.6288826930407841	0.5269815804633062	0.9989208822153636	0.15994432535045489	0.6291407813809067	0.7993204973050381	0.9919160079379556
PECAM1	19.583058681818788	0.29255333168588604	0.6026114056542456	0.6273387838044389	0.9747465964778875	0.45249149130474603	0.5096887468084976	0.37465908661607905	0.9989208822153636	-0.15993815961886	0.48657384246395025	0.7423803762790593	0.9803559971046334
PELI1	17.32802949889248	1.5469834913452725	0.7991633570855714	0.05289786391078853	0.48761215960718735	-0.34125875887441615	0.7117842076462945	0.6316247053019792	0.9989208822153636	1.8882422502196887	0.655533475849449	0.003970870843324501	0.07329860242185536
PEPD	6.912644836177147	-0.42936954436738756	0.7959557079652494	0.5895839826938186	0.9671367302673034	-0.5085027964243557	0.6463398182108685	0.43143280795687133	0.9989208822153636	0.07913325205696814	0.6687184246842663	0.9058016844367185	0.9933939763059726
PER1	16.50402905115313	0.36080878832449365	0.6145094294723416	0.5571034319621142	0.9654885748834946	-0.23753407387204153	0.5286273673937145	0.6531855163811726	0.9989208822153636	0.5983428621965351	0.5037031933629867	0.23487762936773404	0.8384384813615934
PET100	35.137725948463896	0.3029432243494659	0.5462663468711811	0.5791884424493137	0.9665616667306404	-0.06660351303360904	0.47019697571633795	0.8873562836085647	0.9989208822153636	0.36954673738307486	0.45556231431870275	0.41725764680283717	0.9422987847364923
PFDN1	7.842871649237395	-0.2546019528172542	0.7264607313695299	0.7259867647838466	0.9930430668474647	-0.22264128046473985	0.5879196766405063	0.7049155813010619	0.9989208822153636	-0.03196067235251433	0.59907401583679	0.9574529447599024	0.9952132068500601
PFDN2	13.787665371329036	-0.36646141392801324	0.6184536808534599	0.5534859372391421	0.965058301207955	-0.10126743005638784	0.5013188287604609	0.8399151231985225	0.9989208822153636	-0.2651939838716254	0.5138078981572729	0.6057604718401963	0.9776162491265729
PFDN4	12.25573074103007	-0.5869972563468998	0.7782777964745483	0.4507135997265952	0.9440800184231919	-0.008820576875833909	0.6336954468649231	0.9888943894258282	0.9989208822153636	-0.5781766794710659	0.6551436065972241	0.377496210560073	0.9224426087386502
PFDN5	360.2715964207393	-0.05651002900445387	0.44220310902297194	0.8983135645923029	0.9930430668474647	-0.25319632803318737	0.3822584576471818	0.5077344714298628	0.9989208822153636	0.19668629902873352	0.38110491242997424	0.6057881346111159	0.9776162491265729
PFKFB3	13.51668668288319	1.9244065397578882	1.030384897230043	0.06180976406804085	0.5219477471902595	2.0661505522195958	0.9120219916130515	0.023484384580087128	0.9989208822153636	-0.14174401246170765	0.7767446594664417	0.8552023641322534	0.9919160079379556
PFN1	258.1495423332675	0.05255129419552892	0.41170501395534226	0.8984314405806407	0.9930430668474647	0.0857548835152778	0.35533482217922424	0.8092951500085874	0.9989208822153636	-0.033203589319748886	0.35299029554635936	0.9250585195596626	0.9941706264930981
PGAM1	19.99443241631727	-0.7837938957160543	0.6666455120522221	0.23970352529891792	0.8389623385462127	-0.43981235733846735	0.5512989159280393	0.4250012139782331	0.9989208822153636	-0.3439815383775869	0.569817676521805	0.546063411565599	0.9711498888785488
PGD	28.571433417357515	0.040494075353630046	0.5535384518674106	0.9416828184497932	0.9962366574728068	0.1658382503319699	0.46853323601258073	0.7233748969119624	0.9989208822153636	-0.12534417497833983	0.4587185240463546	0.7846621561925101	0.9838015061805645
PGK1	46.20378544642538	-0.20700864385282344	0.41668814854180675	0.6193335282516472	0.9747465964778875	0.17524930455880425	0.3471412441624203	0.613674215730641	0.9989208822153636	-0.3822579484116277	0.3463107680895001	0.26967975127171284	0.8666888920632344
PGLS	28.95625465984205	-0.00585613566068273	0.489931205039068	0.9904631325364895	0.9987011225658877	-0.42792700393284905	0.4168535192543231	0.3046256007086734	0.9989208822153636	0.4220708682721663	0.40943101061593884	0.30260095914145435	0.8862952892362709
PGP	5.980554730975213	0.8728916121512651	0.8148107707646343	0.284042926617347	0.8632854553136564	0.4412166900712671	0.7046871178754112	0.5312381039361833	0.9989208822153636	0.43167492207999797	0.6087478895350374	0.4782504014390867	0.9664871084564397
PHACTR1	29.85809269079425	0.8606690126738066	0.5375767853059558	0.1093733843942399	0.6792537950557674	0.57938920511998	0.4664451389657056	0.21418567153117618	0.9989208822153636	0.2812798075538265	0.4294779012596935	0.5125100569160848	0.9686312519100319
PHACTR2	6.219210050102665	3.55992566981834	1.239431873669234	0.004075942592567701	0.10874074859049737	2.4447600929806184	1.1762022148689917	0.037661470010351146	0.9989208822153636	1.1151655768377218	0.659999838574645	0.09109584795689829	0.5859028106478921
PHB	7.94796059271669	-0.39610111424415684	0.7226947366942943	0.5836307184815769	0.9671367302673034	-0.16193224647096535	0.5715609638349576	0.7769347736502163	0.9989208822153636	-0.23416886777319146	0.5980813197188022	0.6954029372966566	0.9777614542981466
PHB2	7.082193828571097	0.0009886198284637007	0.861205752005621	0.9990840698374902	0.9994015446881479	0.4205119238472749	0.7033068134123264	0.5499021245927627	0.9989208822153636	-0.41952330401881127	0.6912397787562067	0.5439077898844905	0.9711498888785488
PHC2	12.296543804144454	0.6901957633869088	0.8094764270743608	0.3938563811882818	0.9287813119565698	-0.1512664405277864	0.7054756495108225	0.8302213683670215	0.9989208822153636	0.8414622039146952	0.6630758503393221	0.20443087136311844	0.7927465396816811
PHF14	7.069187512921109	1.9462793251941404	0.8695993043125754	0.025212351340586112	0.3254565817232801	0.7617564531597373	0.7915820877010687	0.3358881379076587	0.9989208822153636	1.1845228720344032	0.6099470922386407	0.05213598509046937	0.41908487042432535
PHF20	12.95140105706995	0.9135993961841491	0.6015027200363878	0.1287973313037436	0.7323089925805295	-0.012310057427706347	0.5283170537322921	0.9814105639467875	0.9989208822153636	0.9259094536118555	0.47087302213216137	0.04925616345434595	0.412114605405989
PHF20L1	11.106339398648652	0.23352039892863893	0.6771963749571014	0.7302190995070088	0.9930430668474647	0.27191892762845793	0.5665800977847392	0.6312769910851372	0.9989208822153636	-0.03839852869981902	0.540817382942504	0.9433970277616571	0.9944788766041077
PHF21A	7.362471373363769	3.9891337087275387	1.2305081465945034	0.001187528283480995	0.04778371683733958	2.4315366118186486	1.1767168059568445	0.03879321116425693	0.9989208822153636	1.5575970969088901	0.6423843090088724	0.015320525124352648	0.2006095666507163
PHF3	10.758808146110802	0.1611073309848756	0.6657911900964022	0.8087966161860048	0.9930430668474647	-0.14567952136619364	0.5615107016135065	0.7952941423670439	0.9989208822153636	0.30678685235106923	0.5415900571612504	0.5710839424154883	0.9711498888785488
PHF5A	6.673872939485173	-0.6130495152966722	0.9065724113258781	0.49889599111351735	0.9510478797151422	-0.1424177562262352	0.7247902198689529	0.844222635698771	0.9989208822153636	-0.4706317590704369	0.7624521951211728	0.537062798632111	0.9686312519100319
PHIP	14.075924799613622	-0.3424834008672552	0.6622935646526882	0.6050743399740464	0.969948396050221	-0.10407683239364493	0.544514175754578	0.8484182222159019	0.9989208822153636	-0.23840656847361028	0.5523204994618612	0.665999201667352	0.9777614542981466
PHKB	6.184466505943998	0.3891009234701527	0.8726711888385044	0.655688653443764	0.9756318293502411	0.3523217030202533	0.7341892004289043	0.6313137020085342	0.9989208822153636	0.03677922044989939	0.685575763236721	0.957216250045752	0.9952132068500601
PHLDA2	8.707928433880165	1.2282914451932867	0.8691576137369842	0.15759763491691736	0.7752612178129458	0.8154209990318191	0.7628620304159829	0.2851160465229099	0.9989208822153636	0.4128704461614677	0.659947710320551	0.5315702222249559	0.9686312519100319
PHPT1	21.48358230533415	0.05619555130060602	0.5210997136023884	0.9141223716784959	0.9930430668474647	0.06776053475199574	0.43658985250721866	0.8766604168027946	0.9989208822153636	-0.011564983451389722	0.42591757766708077	0.978337621041568	0.9979622212902155
PHYKPL	6.690564363024713	1.303374491169995	0.8120971607998487	0.10850503823994755	0.6778855570165258	-0.08948610401073522	0.7301904333816063	0.9024620766452197	0.9989208822153636	1.39286059518073	0.6181568857715927	0.02424353391497664	0.2631640112703784
PIAS1	13.249817132635556	0.6081980689393038	0.5942456575123409	0.30608133044787456	0.8836419566191195	-0.5454411446685213	0.5206925309923869	0.2948551167839778	0.9989208822153636	1.153639213607825	0.48225996239117813	0.01674989637215867	0.21018287422463294
PICALM	25.094873250668513	1.4023627672359649	0.556432656712938	0.011726350783558825	0.2022442306827043	0.3653933733805375	0.4933192204685166	0.4588854072037606	0.9989208822153636	1.0369693938554274	0.43696808773705337	0.017639441047483082	0.21825071126546866
PID1	8.302762335495828	1.7522193186466297	0.8908458872115141	0.049192858155566704	0.4730723770624381	-0.3093291722258674	0.8107718942791945	0.7028142500983039	0.9989208822153636	2.061548490872497	0.7002011884519342	0.0032376655222349695	0.062197258716619144
PIK3AP1	10.233908926792951	1.316142389578385	0.7987656749783048	0.09941008759560106	0.6573004175201059	-0.08172574584529058	0.7118922087652724	0.9086030697615449	0.9989208822153636	1.3978681354236755	0.6344945144099534	0.02758622739769645	0.2908006642645258
PIK3R1	7.7026379274708106	0.4438846205343127	0.749959314629273	0.5539321069821652	0.965058301207955	0.27006464458620566	0.6343037537070847	0.6702787402985131	0.9989208822153636	0.17381997594810705	0.5880968117342008	0.7675634205164761	0.9821582769097765
PIK3R5	7.390349392368072	2.97774222180787	0.8512975656233114	0.0004689607459500191	0.02685269231309809	0.17781600562307356	0.8228907617351329	0.8289199237529972	0.9989208822153636	2.7999262161847964	0.549407964472712	3.464279868287343e-07	2.467243223268059e-05
PILRA	24.7597823444917	0.6256307576156609	0.5238947037866163	0.23240295123830124	0.8377005764365608	-0.14029845713900013	0.4553655759949882	0.7580057012156158	0.9989208822153636	0.765929214754661	0.426777961896425	0.07270494460145355	0.5203393094025597
PIM3	11.075841314033612	1.071823219669211	0.9379796798687339	0.25316589767353237	0.8463914585948702	0.33526258524452746	0.8215819001656112	0.6832225886723533	0.9989208822153636	0.7365606344246836	0.7565100071238036	0.3302404189400019	0.9025357146875582
PIN1	8.63049006761735	-0.6352189444826593	0.7313657447470071	0.38509987652503874	0.9257411016933377	-0.28968610832245206	0.5739353223989508	0.613743918115554	0.9989208822153636	-0.34553283616020725	0.6158944638990347	0.5747797811514074	0.9711498888785488
PIN4	7.291916231451144	0.09122448303575675	0.759143275700218	0.9043503231675216	0.9930430668474647	0.024833462996399547	0.627475337057311	0.9684305275765851	0.9989208822153636	0.06639102003935721	0.6097117573152472	0.9132903799426901	0.9933939763059726
PIP4K2A	8.914452319302427	0.4356103900756875	0.7543729802257684	0.5636375536966478	0.9665616667306404	-0.27057577718632536	0.6501156281903747	0.6772663015282081	0.9989208822153636	0.7061861672620128	0.6114023802158964	0.24807943009081845	0.8530899342927205
PJA2	9.660641466715017	-0.5044366043463091	0.7782757519768108	0.5168902843391388	0.9533330499785364	0.5560286441332153	0.6052503620165126	0.3582653584122024	0.9989208822153636	-1.0604652484795245	0.6403415770150908	0.09770297243108288	0.6044336430058518
PKM	51.60960313745024	0.10111052869280789	0.601098760695295	0.8664184587395367	0.9930430668474647	-0.10717893417121808	0.5174762541313208	0.8359172712330666	0.9989208822153636	0.20828946286402597	0.5101704675685559	0.6830723448949519	0.9777614542981466
PKN2	8.703509036565992	0.7300940407635556	0.7429174500739502	0.3257358520532738	0.8878304060579073	-0.4482593236873705	0.6534171803438447	0.49269849924857934	0.9989208822153636	1.178353364450926	0.5980833960124653	0.04881364198675616	0.4119532791945895
PLAAT4	9.990828427774966	-0.8104422903986986	0.7550531639217597	0.2831105589619973	0.8632854553136564	0.22113039376398275	0.5776579358385945	0.7018642927694647	0.9989208822153636	-1.0315726841626813	0.63525518365801	0.10440327114439697	0.6170590063092133
PLAC8	35.2686358720962	-1.6673088316198894	0.7461224283913315	0.025441537834776574	0.3254565817232801	-0.11506261297137528	0.609777722404033	0.8503310921239541	0.9989208822153636	-1.5522462186485142	0.6472414593624709	0.016473659973253396	0.20980852111091072
PLAUR	127.87547425413833	1.7853281272558972	0.7318607911805275	0.014710176579385796	0.23013789916274063	0.5047109339604814	0.6372137226689292	0.42832621100984514	0.9989208822153636	1.2806171932954158	0.6238788260486539	0.04010461785594074	0.3669012546935494
PLBD1	44.72564481529369	-0.43627551140214615	0.5902458541922634	0.4598207650499927	0.9440800184231919	-0.23893246473669383	0.5016196493619958	0.6338450083816735	0.9989208822153636	-0.1973430466654523	0.5033290239805536	0.6950023296807519	0.9777614542981466
PLCB1	16.773696630747093	3.387270132345779	0.7772204145630555	1.31145676790704e-05	0.002085944848065475	-0.6092556722215637	0.7490697482497171	0.4160175764032521	0.9989208822153636	3.996525804567342	0.5855623488730141	8.785968122608008e-12	3.206878364751923e-09
PLCG2	19.493852723385178	-0.2876670777496264	0.9636707027667238	0.7653125700228549	0.9930430668474647	-0.39259303914333793	0.8255798542757897	0.6344048958155857	0.9989208822153636	0.10492596139371153	0.823566218466263	0.8986203325124918	0.9931761434278864
PLD3	11.141878076771407	-0.9155564080008308	0.7330915599944127	0.2117024705947057	0.8268815461291166	-0.7068184451657252	0.5881393265431355	0.22944589981370822	0.9989208822153636	-0.20873796283510557	0.6305701210353465	0.7406214230253247	0.9803559971046334
PLEK	51.05950876912545	0.5857984743503453	0.7763309738675477	0.45050516538186935	0.9440800184231919	0.3746198061170187	0.6721327202734657	0.5772815773893266	0.9989208822153636	0.21117866823332657	0.6586524301466088	0.7484966232943797	0.9803559971046334
PLEKHA2	7.352350519333684	0.5596400038955446	0.8267493903845321	0.49845916471381624	0.9510478797151422	0.7125317358603479	0.6974505379022538	0.30695921481384936	0.9989208822153636	-0.15289173196480335	0.6339824116982475	0.8094304591715595	0.9919160079379556
PLEKHB2	12.279892620495291	-0.020727773587532732	0.70355378687041	0.9764964972911285	0.9964726730517024	0.306820784030845	0.5828673097067602	0.5986109923874519	0.9989208822153636	-0.32754855761837776	0.573090143511064	0.5676281945459996	0.9711498888785488
PLEKHO1	8.362494717487285	0.4109975404326658	0.9170851620433541	0.6540403612577348	0.9756318293502411	1.3736079530324068	0.7590380183269895	0.07034705465292262	0.9989208822153636	-0.9626104125997409	0.7038988014694507	0.17145582114522062	0.7403655614826559
PLEKHO2	6.387548951673817	1.5251255855193622	0.9349207896885879	0.10282944686000019	0.6669432420557588	1.3060589716942408	0.8282011872371551	0.11479949821773028	0.9989208822153636	0.21906661382512138	0.6515298238800817	0.736694259344067	0.9803559971046334
PLIN2	107.01008501127605	0.9820622435274678	0.6344306774467612	0.12163612785138947	0.7107007297706631	0.9201282596045206	0.5504103296926676	0.09458087346092593	0.9989208822153636	0.061933983922947175	0.5372986083328452	0.9082317457527957	0.9933939763059726
PLIN3	7.79103180381266	0.6797565243317591	0.8468014104270007	0.42212833227636737	0.9390981761492803	1.0587738762863783	0.7156459579568806	0.1390158068729255	0.9989208822153636	-0.3790173519546191	0.6378996244100409	0.5524020515233026	0.9711498888785488
PLK3	9.236948792110395	-0.7262163868902697	0.9402280286097646	0.4398874674508785	0.9440800184231919	-0.3343760105861182	0.7719455544792772	0.664898466234527	0.9989208822153636	-0.3918403763041516	0.8003085627500808	0.6244087483892806	0.9777614542981466
PLP2	34.61002666501775	-0.028900245200619228	0.5495273974930037	0.9580577157442358	0.9964726730517024	-0.10034485616514824	0.46799641606283837	0.830224437354222	0.9989208822153636	0.071444610964529	0.46104631154646436	0.8768513563054211	0.9919160079379556
PLSCR1	23.06296851602923	0.29444253711563334	0.5164575268669859	0.5685966105801036	0.9665616667306404	0.034747491767396756	0.4399510237896663	0.937048241947094	0.9989208822153636	0.25969504534823656	0.42037317244865213	0.5367252198166714	0.9686312519100319
PLXDC2	33.50276870790179	2.667569461539174	0.6255273906864136	2.0033900726335426e-05	0.0026343076702227035	0.9301475051094577	0.5649478629224068	0.09967511693290258	0.9989208822153636	1.7374219564297164	0.4777444659319261	0.0002761338233737492	0.008604066898586
PLXNC1	10.048440534715285	1.63871274718576	0.7088786748355393	0.02079438363183316	0.2890015550385356	0.15553236791993985	0.6424237339750607	0.8087007702092696	0.9989208822153636	1.4831803792658202	0.5300797484926287	0.0051414934334541975	0.08899816126455617
PMAIP1	17.83090272072672	-0.25133170740952265	0.8403862356842517	0.7648890000894324	0.9930430668474647	0.1974932091683441	0.7097803943149367	0.7808239002159717	0.9989208822153636	-0.4488249165778668	0.7076568673898839	0.5259236303534989	0.9686312519100319
PMF1	8.436201424569463	-0.3305393727770408	0.7189951380825899	0.6457142886791856	0.9756318293502411	-0.4829103561053486	0.5895735284664667	0.41273838138082986	0.9989208822153636	0.15237098332830779	0.601605024179085	0.8000563931899527	0.9919160079379556
PNISR	18.960335329827178	-0.9250654207489875	0.5709885820107172	0.10520823247882514	0.672346360684992	-0.7176530615124243	0.45948134800111856	0.11831711534771135	0.9989208822153636	-0.20741235923656323	0.49134589537927115	0.6729293645698982	0.9777614542981466
PNKD	10.303257559178443	0.14901978338291283	0.6730202895588095	0.8247658481431458	0.9930430668474647	0.04659488618620706	0.5618133884791776	0.9339019603031005	0.9989208822153636	0.10242489719670578	0.5418715279167894	0.8500766484063413	0.9919160079379556
PNN	10.720781860207872	-0.1935781332535375	0.6808435814857041	0.7761643882721436	0.9930430668474647	0.36568214654932685	0.5462198360429529	0.5031906296110076	0.9989208822153636	-0.5592602798028644	0.5521409058555882	0.3111107348168922	0.8923804967242881
PNP	10.611141627792552	0.38641817577339077	0.9015148496427279	0.6681910033778702	0.9780705608686049	0.26144607705181466	0.7726196596342237	0.7350699814676948	0.9989208822153636	0.1249720987215761	0.7391101943350177	0.8657301541753429	0.9919160079379556
PNPLA2	6.290722797157535	0.5400797356554949	0.877300232062471	0.5381482325837299	0.962283048387728	1.0466209297690783	0.7295301978437142	0.1513866903003315	0.9989208822153636	-0.5065411941135832	0.6572713050675012	0.44090082864605706	0.954365942691012
PNPLA8	19.745461379347173	1.2946416431952406	0.6047975508065527	0.03230470661767847	0.37010985017880893	0.12977615401220222	0.5364455144533656	0.8088432285010677	0.9989208822153636	1.1648654891830383	0.47854843796951513	0.014926221114423608	0.1981116620641679
PNRC1	135.6592293270742	0.3585630331997142	0.6171345438903694	0.5612318662323428	0.9665616667306404	0.5698307582912101	0.5333335358877529	0.28532556884174975	0.9989208822153636	-0.21126772509149586	0.5276782775410148	0.6888823798446692	0.9777614542981466
PNRC2	12.661270853729178	0.34886331242210206	0.651602217977238	0.5923780805985849	0.9671367302673034	0.9202122890922423	0.5377085590158925	0.08701489280097834	0.9989208822153636	-0.5713489766701403	0.5019906560796931	0.2550509404391528	0.8538097912004194
POLD4	22.2295285090447	-0.3027517731718663	0.521531192235129	0.5615737172508517	0.9665616667306404	-0.01587014046793507	0.4277914990805361	0.9704069944953959	0.9989208822153636	-0.28688163270393124	0.43297266810499196	0.507595732420113	0.9686312519100319
POLE4	32.08927296455831	0.09505167282351938	0.5330893840339073	0.858484674689963	0.9930430668474647	-0.2108904655759895	0.45585575823409463	0.6436328784107017	0.9989208822153636	0.3059421383995089	0.4456162581552781	0.4923602683468806	0.9686312519100319
POLR1D	23.71001448703527	-0.15136071652457034	0.5242937123322611	0.7728151640790015	0.9930430668474647	0.258348111680817	0.432141495612245	0.5499518864859059	0.9989208822153636	-0.4097088282053874	0.4305632658249309	0.341317763654844	0.9143359608165523
POLR2A	8.898412575570024	0.029682667981494163	0.8860154615554665	0.9732748307858111	0.9964726730517024	-0.12718425248231732	0.7499676968728011	0.8653354915690498	0.9989208822153636	0.15686692046381148	0.7342667662447004	0.8308297492305616	0.9919160079379556
POLR2B	6.426670319324938	0.831994378050947	0.93859687053634	0.37538932894547317	0.9235463065744581	1.0370859749715298	0.8018276689768881	0.19587185861581669	0.9989208822153636	-0.20509159692058285	0.7007224801483058	0.7697622405230433	0.9828810150239019
POLR2E	13.82563629432069	0.5456059938613292	0.581356323622528	0.3479847919324863	0.9077544252935401	0.19369551961721845	0.4970812292673418	0.696783741458024	0.9989208822153636	0.35191047424411076	0.45718999274812366	0.44146315766219146	0.954365942691012
POLR2F	14.258765331353679	-0.1389872433970476	0.6568549127920752	0.8324229770279211	0.9930430668474647	-0.5021510823442541	0.5541835526184385	0.36487780146642057	0.9989208822153636	0.36316383894720655	0.5501725777832007	0.5091955832857802	0.9686312519100319
POLR2G	14.698974621992326	-0.10234953249266694	0.6111391095725562	0.866997591180622	0.9930430668474647	0.06339990717061489	0.5043239172935687	0.8999593706861388	0.9989208822153636	-0.16574943966328182	0.5007072586439117	0.7406213486611903	0.9803559971046334
POLR2I	8.783739408999905	-0.04560833622081063	0.7190878318267528	0.9494278692678513	0.9962366574728068	-0.03284607309177877	0.5921208195706645	0.9557625076789706	0.9989208822153636	-0.012762263129031863	0.5853769532936609	0.9826060694173923	0.9983332368471766
POLR2J	19.91907604771357	0.5761543792338543	0.5504009098895423	0.29519626686005973	0.87543166114067	-0.08059834612865452	0.47649418467365523	0.8656797222434947	0.9989208822153636	0.6567527253625088	0.4450210256458968	0.140003205190928	0.6993501713635804
POLR2J3	5.569965211808577	-1.2404513736321652	0.9856761348721501	0.2082190696411308	0.8238963260803599	-0.03186608900147015	0.7095314899558491	0.9641778891882825	0.9989208822153636	-1.208585284630695	0.8504974120001556	0.15530703080180544	0.7099105133445635
POLR2K	9.844657952155066	-0.33581977881529695	0.8097221595388184	0.6783362158885903	0.9818385167285307	-0.0506151410800961	0.6668328517146086	0.9394956411730259	0.9989208822153636	-0.2852046377352009	0.6751348124189447	0.6727031434293659	0.9777614542981466
POLR2L	61.51691508574592	-0.11559814873777864	0.4906561512610294	0.8137437701730148	0.9930430668474647	-0.31557368720502904	0.4204656811014357	0.4529333008545232	0.9989208822153636	0.19997553846725036	0.4168533743213391	0.6314220045965765	0.9777614542981466
POLR3GL	11.269924744626088	-0.23004670615859496	0.7115147095477922	0.7464531534104561	0.9930430668474647	0.063581577620351	0.5822345370212672	0.9130417268053947	0.9989208822153636	-0.29362828377894595	0.5863919885578247	0.6165560864450946	0.9777614542981466
POMP	67.73983293510936	-0.3998468544047554	0.5474079520872247	0.4651232962725945	0.9442442286200136	-0.24242259884137565	0.46776726413220376	0.6042805511926448	0.9989208822153636	-0.15742425556337974	0.4681474569324242	0.7366667708959257	0.9803559971046334
POR	6.62024217216162	0.5618480068692091	0.8680269420627618	0.5174570589125552	0.9533330499785364	-0.7307745605372418	0.7625509401753193	0.3378969637740329	0.9989208822153636	1.292622567406451	0.7149863600232697	0.07062234290484037	0.5142653754666321
POU2F2	16.64590972999861	-0.19713094577382678	0.7047346947496664	0.7796895489693474	0.9930430668474647	-0.08931218059569813	0.5919766554111772	0.880077383137329	0.9989208822153636	-0.10781876517812865	0.5894580774725148	0.8548673209396258	0.9919160079379556
PPA1	16.402562390347452	-1.5319051846503453	0.6264878912038608	0.014476094684000641	0.22897822696294937	-0.5498039143680719	0.46765081935572766	0.23972602274933552	0.9989208822153636	-0.9821012702822733	0.5489917119117553	0.07362798873419257	0.5231831185769986
PPA2	8.163996758093065	0.3279258216505978	0.7535624860990715	0.6634409295307453	0.9780705608686049	0.011653125186636366	0.6374368370946125	0.9854145065653229	0.9989208822153636	0.31627269646396144	0.6015268055355364	0.5990388395182984	0.9744810091328309
PPCS	12.57727458134678	-0.22959106391982065	0.5956812509867908	0.699921795060386	0.9901701562993254	-0.2785120592939485	0.48796361864771814	0.5681596394805979	0.9989208822153636	0.04892099537412783	0.493050669355287	0.9209627775318565	0.9941706264930981
PPDPF	43.94260502632121	-0.7619747625408033	0.5713609963744898	0.18233054229967027	0.8028910391734974	0.01827686236669847	0.4768113856674751	0.9694234314869934	0.9989208822153636	-0.7802516249075018	0.48742159704492943	0.10942707273616699	0.6322837291184775
PPIA	76.45827046113789	0.08785437473993152	0.3841209105249541	0.8190901103140364	0.9930430668474647	0.5742978177252315	0.3251436187524371	0.07734726238260711	0.9989208822153636	-0.48644344298529996	0.31758485828959987	0.12559748092025658	0.6596126695812037
PPIB	28.388229653135657	-0.23897233661771838	0.47526379023390797	0.6150905385021691	0.9747465964778875	0.1476067080795019	0.39074248008767337	0.7056092165233321	0.9989208822153636	-0.3865790446972203	0.39267907968492705	0.3248866387106131	0.8967196287428852
PPIF	18.227520900235564	1.1398322228224755	0.9841340869525401	0.24677906066809985	0.8444306898330594	0.7880091488164346	0.8577823438426693	0.358274157373381	0.9989208822153636	0.351823074006041	0.8095496742996202	0.6638592647570298	0.9777614542981466
PPIG	24.64952364944458	0.6876175204121087	0.5318529548548061	0.19605551066486104	0.8186597563383513	0.26793095466638545	0.4601150243951972	0.5603558786622997	0.9989208822153636	0.4196865657457232	0.4268688001579456	0.3255215090641981	0.8967196287428852
PPIL4	7.605331209212525	-0.19248333711400717	0.8469538748128598	0.820217352149923	0.9930430668474647	-0.021116874957067367	0.6967665251261921	0.975822246131939	0.9989208822153636	-0.1713664621569398	0.698425112922634	0.8061767263070354	0.9919160079379556
PPM1B	8.5702715148018	0.6641282486350258	0.8394616670443629	0.42886470076057237	0.9403836536671231	-0.13038330658848593	0.7304891068910982	0.8583399951009274	0.9989208822153636	0.7945115552235117	0.6788141307007114	0.2418237426171721	0.85177964830174
PPM1G	6.918954321786482	-0.40974134827495257	0.8002557434148263	0.6086419075315315	0.9723015550569842	0.02874202190874369	0.634783896629525	0.9638853755478499	0.9989208822153636	-0.43848337018369626	0.6613922665544248	0.5073496331077018	0.9686312519100319
PPP1CA	31.904708218058683	-0.21833139566345547	0.48338093284158035	0.6515026645971352	0.9756318293502411	-0.13226230310185647	0.40463530609779363	0.7437677814129745	0.9989208822153636	-0.08606909256159899	0.4039199915777485	0.8312610482134314	0.9919160079379556
PPP1CB	28.855816817788455	0.40063874068552635	0.5317193967837794	0.45116287008076894	0.9440800184231919	0.2961180829150775	0.45507189644688056	0.5152361907426701	0.9989208822153636	0.10452065777044886	0.43354683918583076	0.8094909936137845	0.9919160079379556
PPP1CC	12.504013612521453	-0.37366972603718535	0.6936320541904546	0.5900837866699407	0.9671367302673034	-0.13288652052122804	0.5699287507395956	0.8156345316770781	0.9989208822153636	-0.2407832055159573	0.5795995034640046	0.6778269168036288	0.9777614542981466
PPP1R10	16.739346062696082	0.28075519177369757	0.7652420410330374	0.7137054191641212	0.9930430668474647	0.505301944095621	0.6518370482223022	0.4382234239419125	0.9989208822153636	-0.2245467523219234	0.6281915971694111	0.7207553492105666	0.9777614542981466
PPP1R11	8.80933275255761	0.15270512038039905	0.777224748255345	0.8442385112329445	0.9930430668474647	-0.19415283055725924	0.6574207266485043	0.7677455572285359	0.9989208822153636	0.3468579509376583	0.6351898961846758	0.5850180323758107	0.9711498888785488
PPP1R12A	14.24659300299699	0.8369787402906819	0.7240248680479034	0.24767777139477198	0.8444306898330594	0.6466100499943418	0.6266098470662265	0.3021104806851017	0.9989208822153636	0.19036869029634007	0.5716788766927928	0.7391347791568392	0.9803559971046334
PPP1R15A	88.98797710272142	-0.031574754952253606	0.612163253514977	0.9588641702082551	0.9964726730517024	0.2685809656213001	0.5266748259600094	0.6100823169928191	0.9989208822153636	-0.3001557205735538	0.5227956808366641	0.565875903857892	0.9711498888785488
PPP1R15B	9.895397137598207	-0.16888573763328843	0.8295421335916194	0.8386746105208864	0.9930430668474647	0.4063269547675839	0.6816794245401385	0.5511301302778611	0.9989208822153636	-0.5752126924008722	0.6803488563664067	0.3978499975958524	0.9275297455443251
PPP1R18	11.48640636942538	-0.9300262126228115	0.6618593241463706	0.15997012806920696	0.776780034028619	0.08878887560861431	0.4914273683243789	0.8566223062205853	0.9989208822153636	-1.0188150882314257	0.5609958680132048	0.06935763305491129	0.5089973330335672
PPP1R2	12.507302592103898	0.4765932767978342	0.6305626930188891	0.44975580945235294	0.9440800184231919	0.30144622991184233	0.5358217889949222	0.5737163279582356	0.9989208822153636	0.17514704688599186	0.496998758774133	0.7245312345532231	0.9778476287367174
PPP2CA	14.15586082827693	0.5344957893197959	0.6390408681580338	0.4029281461937039	0.9303447963011624	0.09250352876112374	0.5498346060736644	0.8663953973046118	0.9989208822153636	0.4419922605586722	0.5132074009435519	0.38910853622481045	0.9236357474985083
PPP2R2A	6.529631289777622	-0.17700012838457865	0.7886008354274914	0.8224084799072854	0.9930430668474647	-0.5170865998426621	0.6541800561007753	0.42927395860242223	0.9989208822153636	0.3400864714580835	0.6560018769453398	0.6041631597524768	0.9773719814278296
PPP2R3C	7.640410375134986	0.4942340202195374	0.6832733567712868	0.4694754551212451	0.9442442286200136	-0.235801183487187	0.5864827064574205	0.6876399369153117	0.9989208822153636	0.7300352037067245	0.5397479741900981	0.17619997922665487	0.74672902411863
PPP2R5A	6.82616544575411	0.5077381893994042	0.79527703846806	0.5231860583687379	0.9580457568113643	-0.20412598834683016	0.6846201345921666	0.7655814406962893	0.9989208822153636	0.7118641777462343	0.6327647930292437	0.2605864991292215	0.8597363714932529
PPP2R5C	11.633200614166427	0.3739980855867785	0.6648576366739486	0.5737593552599496	0.9665616667306404	0.44209128150655236	0.5592943943588918	0.4292681144042392	0.9989208822153636	-0.06809319591977389	0.5244387916905479	0.8966929199856556	0.9919160079379556
PPP3CA	15.457336370768287	1.2043050637294355	0.581090997435546	0.03821980274972479	0.41448217906235635	0.4804790583680282	0.5128876301985231	0.3488555004952867	0.9989208822153636	0.7238260053614072	0.43502444889039765	0.09613754959030966	0.5998325743668894
PPP3R1	10.532774878967013	1.679503003786088	0.7828976353568063	0.03193369558001219	0.37010985017880893	-0.3320550235639959	0.7104630690778426	0.6402292430224141	0.9989208822153636	2.011558027350084	0.6187869938470277	0.0011507733684991822	0.027098856742077515
PPP4C	23.953097295330167	-0.30968658587551806	0.513150368994763	0.5461756772287761	0.965058301207955	-0.7391380669685091	0.43250280191281354	0.08745489898566902	0.9989208822153636	0.429451481092991	0.4347590566855771	0.32325456806626096	0.8963944337639905
PPP4R2	9.957629281394803	0.6222659186559907	0.6411645357077326	0.3317850968979428	0.8913583262222409	-0.3603236060869234	0.5587851490693173	0.5190348317972757	0.9989208822153636	0.9825895247429141	0.5111125510452351	0.05454886388228967	0.4311095303544981
PPT1	28.097347213088337	-0.4182321524425364	0.4844074300502185	0.38792350526821784	0.9257411016933377	0.06737775617076573	0.39504772004418526	0.8645729033044384	0.9989208822153636	-0.4856099086133022	0.4039071301064317	0.2292546370678442	0.8319309113245689
PQBP1	8.026320310212883	-0.07089584016257112	0.7327161028620164	0.9229189085722156	0.9951848544308465	0.049358627766308914	0.5964396152229601	0.9340459946310974	0.9989208822153636	-0.12025446792888003	0.5931415402766556	0.8393370022553878	0.9919160079379556
PRAM1	11.591678351635986	0.9567020470591641	0.6973642042558442	0.17009988550816368	0.7804422631568472	0.5264910944829613	0.6070976050301352	0.3858179523278267	0.9989208822153636	0.43021095257620273	0.5366806866829789	0.42277606041345484	0.9425245363634882
PRCP	9.949077026504852	-0.2849258271260121	0.7374013590915552	0.6992065335308773	0.9901701562993254	-0.2683408997694105	0.6088663915245845	0.6594141654238233	0.9989208822153636	-0.01658492735660161	0.6148766656456297	0.9784814519020161	0.9979622212902155
PRDM1	5.5991780219158604	-0.6421217630221532	1.2580150025605996	0.6097540492265754	0.9723015550569842	0.8842569562482546	0.9895809412708156	0.37155356428430064	0.9989208822153636	-1.526378719270408	1.0451115070728019	0.14415445155978354	0.7027179382924879
PRDX1	38.731950315079004	-0.36187925799673754	0.4814466110330054	0.45226167524180116	0.9440800184231919	-0.20713364967303496	0.404116899163764	0.6082600194241448	0.9989208822153636	-0.15474560832370257	0.40629979237844543	0.7033029900392278	0.9777614542981466
PRDX3	19.68927383223338	-1.0870078308253979	0.6084309503622323	0.07400612406070031	0.5781938253845228	-0.3873864954538135	0.48423537749504725	0.42371295868091374	0.9989208822153636	-0.6996213353715842	0.5231639824666707	0.18112838479661397	0.7517237854220555
PRDX5	37.51569666514475	0.4804644034727897	0.49745343262599323	0.3341202452763634	0.8923379311811833	0.06731084519220162	0.4293144141609308	0.875412854225554	0.9989208822153636	0.4131535582805881	0.41014181782354947	0.31376989174031034	0.8938644939739743
PRDX6	22.17008326745899	0.16296648464910146	0.4801085074757378	0.7342807168893934	0.9930430668474647	-0.18979694089232813	0.4062303085246872	0.6403459795708758	0.9989208822153636	0.3527634255414296	0.39205260535786696	0.368234173331896	0.9224426087386502
PRELID1	60.326123488117666	-0.21156216149341167	0.44352071725631753	0.6333576592911867	0.9747465964778875	-0.2059594763187631	0.3770660711430667	0.5849175507698858	0.9989208822153636	-0.005602685174648565	0.3751246427544353	0.9880836146235471	0.9996889679060499
PREX1	12.594048937772351	1.3128979008614603	0.6854815819316565	0.055455180282639106	0.49905673936298284	0.5563758099639537	0.6064302659102963	0.3589013867090075	0.9989208822153636	0.7565220908975065	0.52067932804022	0.14623707105172887	0.7037032993633845
PRKACA	7.283539711460874	0.8043419700793473	0.81052660334047	0.32101725744690734	0.8854262120139651	0.8728640106953612	0.6918329952506153	0.2070680372274083	0.9989208822153636	-0.06852204061601404	0.6031358157695367	0.9095472482221002	0.9933939763059726
PRKAG2	13.163898154474326	0.7209625923732644	0.5963121630037652	0.22664919537564476	0.8362070185057616	-0.29939700658996266	0.5221555661576794	0.5663829588468899	0.9989208822153636	1.020359598963227	0.4773857338553389	0.032566266168643325	0.32566266168643326
PRKAR1A	14.632585241920287	-1.0020116084643118	0.6720104512050012	0.13594429550562687	0.7388049390819276	0.5916599025872942	0.4950839040535878	0.23205969664843284	0.9989208822153636	-1.5936715110516058	0.5677464986096007	0.005000330334240817	0.08795761792760955
PRKCB	24.884908631695485	1.2974422809469124	0.4848910939272435	0.007456456367090213	0.15629507023053069	-0.14822633165609994	0.4339515746070285	0.7326719288690061	0.9989208822153636	1.4456686126030123	0.3809550610756058	0.0001477307141753484	0.004958318222896751
PRKCSH	8.476064203946333	-0.12521041981955128	0.7630207602237058	0.8696537495506992	0.9930430668474647	0.0928468533187643	0.6221119265729445	0.8813606185988863	0.9989208822153636	-0.21805727313831558	0.6215773727940419	0.7257288244576046	0.9778476287367174
PRKDC	6.622937890388898	-0.975257623378063	0.8859264501333851	0.2709690754568843	0.8577424124837237	0.37389461431801907	0.6350136646084923	0.5559969581554893	0.9989208822153636	-1.349152237696082	0.749103822215524	0.07169946010503905	0.5182238205611733
PRMT1	6.335565482009538	-0.05854435102117553	0.8108319548788263	0.9424405036158067	0.9962366574728068	0.13846247113517848	0.6585630068594502	0.8334730325005638	0.9989208822153636	-0.197006822156354	0.6539997282894282	0.7632362188311025	0.9809070145248762
PRMT2	12.440030332374924	0.7094750893658412	0.6722587218533758	0.2912606248220131	0.872705734126212	0.4088279776513938	0.5786634308482997	0.47987482076185406	0.9989208822153636	0.30064711171444747	0.5242630739923803	0.5663291314000923	0.9711498888785488
PRMT9	11.567944121176533	0.3458021636646424	0.7209249527108178	0.6314659186458484	0.9747465964778875	0.8747670497333604	0.5984960767430696	0.1438484794652676	0.9989208822153636	-0.5289648860687179	0.5609537724103241	0.3456941440895458	0.9143359608165523
PRNP	10.211441710491965	0.4920979277215392	0.7729720199631891	0.5243652465677289	0.9580457568113643	0.25681254530511505	0.6619382827390863	0.6980378436415711	0.9989208822153636	0.2352853824164241	0.6204304984632525	0.7045176447917043	0.9777614542981466
PRPF38A	5.785899469708686	0.5728755792112777	0.8398144182944691	0.49514698771669197	0.9501817019022674	0.37288733256540385	0.7123505632555825	0.6006538802908484	0.9989208822153636	0.19998824664587384	0.644459596157119	0.7563181606781874	0.9809070145248762
PRPF38B	17.57540312950919	-0.22266370787912768	0.6091406464185297	0.7147102700320473	0.9930430668474647	0.2949383188487354	0.4998357159080201	0.5551433746385226	0.9989208822153636	-0.517602026727863	0.5016129000857754	0.3021304776124911	0.8862952892362709
PRPF40A	16.422694154201363	0.16418018833522324	0.5950579829725825	0.7826201098730237	0.9930430668474647	0.38825055419236776	0.4964384563094428	0.4341723346448727	0.9989208822153636	-0.2240703658571445	0.47822419190071314	0.6393936846917517	0.9777614542981466
PRPF4B	12.067427315442485	-0.2036873236633834	0.7192682714536313	0.7770336000678917	0.9930430668474647	0.3619201065177162	0.5853142334055348	0.5363547264194517	0.9989208822153636	-0.5656074301810996	0.5882957631118078	0.3363340970177736	0.9108453158288473
PRR13	45.980397734112756	-0.6094279471409374	0.494576028459711	0.21786580174248094	0.8344035271393161	-0.37268587760208577	0.4154166125848819	0.3696454782542933	0.9989208822153636	-0.2367420695388516	0.4218573180662495	0.574668081978885	0.9711498888785488
PRRC2C	23.595746762947964	-0.4283904495466649	0.642884079172553	0.5051827979696462	0.9510478797151422	0.01155230668261029	0.5358863045168231	0.9828010285098372	0.9989208822153636	-0.43994275622927514	0.5415909096203771	0.4166105492133273	0.9422987847364923
PSAP	234.833359237005	-0.4389820245774423	0.3579958595421014	0.22011553787098326	0.8344035271393161	-0.1433511909009926	0.30688314357639745	0.6404141729776486	0.9989208822153636	-0.29563083367644966	0.3071645399651672	0.33582308117194537	0.9108453158288473
PSEN1	16.54272945171648	1.6304928664369827	0.6112798004343243	0.007645361185905158	0.15861354402352512	-0.10157781601542952	0.5530184869118966	0.8542653787154091	0.9989208822153636	1.7320706824524121	0.4750048231677315	0.0002659113854437574	0.00843979614669317
PSENEN	7.150829316279336	-0.211139500844195	0.8133099476351936	0.7951683160559451	0.9930430668474647	0.33097439666835143	0.6503747209994208	0.6108237198825497	0.9989208822153636	-0.5421138975125465	0.6599078970876809	0.41136190367955316	0.9388875702500519
PSMA1	29.90587383371755	-0.15246886608951626	0.5211226059828362	0.769844942554452	0.9930430668474647	-0.126139678751075	0.4392475698754589	0.773980492732341	0.9989208822153636	-0.026329187338441248	0.4359084238051099	0.9518364766665192	0.9952132068500601
PSMA2	35.107412408621975	-0.21478781890713433	0.5997439721001298	0.7202441449212256	0.9930430668474647	-0.11946174561462403	0.5099545224027454	0.8147834430198679	0.9989208822153636	-0.0953260732925103	0.5073768054643558	0.8509705372373836	0.9919160079379556
PSMA3	12.907201569717207	-0.3377869802236554	0.6179450780964217	0.5846333298832889	0.9671367302673034	0.09142566298718857	0.4947605687933533	0.8533955629402624	0.9989208822153636	-0.4292126432108439	0.5088294303838062	0.3989323653098068	0.9275297455443251
PSMA3-AS1	9.057920230983044	-1.830170421101989	0.8009187935548121	0.022307631920781335	0.302686019854014	-0.1467234967955649	0.5167078886874235	0.7764423328908986	0.9989208822153636	-1.683446924306424	0.7138491103611037	0.01836047319914188	0.2243204256966288
PSMA4	34.77703242757723	-0.7004260841230266	0.6174523112229644	0.2566348239238343	0.8465985659120362	-0.090090247872406	0.5165107866947125	0.8615347334568679	0.9989208822153636	-0.6103358362506206	0.526493033409159	0.24635523465903741	0.8530899342927205
PSMA5	11.354437930278642	0.6552744890560539	0.7202758848545366	0.36295180351490797	0.9233513498088938	0.7677147302301447	0.6131054970768344	0.21050648711198272	0.9989208822153636	-0.11244024117409084	0.5547665518938039	0.8393849359968236	0.9919160079379556
PSMA6	34.17263322598405	0.38109443557246553	0.4992264803097033	0.4452428648737726	0.9440800184231919	0.08152434860434278	0.428846822060976	0.8492297327128254	0.9989208822153636	0.29957008696812276	0.41070307808267326	0.46575216108877304	0.9649020091689738
PSMA7	76.27359415104921	0.11034326834731141	0.4797804138278415	0.818101854772374	0.9930430668474647	0.28199822519818707	0.41138415327353217	0.49303706586583185	0.9989208822153636	-0.17165495685087567	0.4044640758681736	0.6712733941052604	0.9777614542981466
PSMB1	35.721348857744125	-0.38169599196316134	0.5141810561496978	0.4578827445329239	0.9440800184231919	-0.0756429542364017	0.429965553090213	0.8603505543521094	0.9989208822153636	-0.3060530377267597	0.4331239396027881	0.4798040925743179	0.9675607391692046
PSMB10	33.7895699019812	0.1896166459639047	0.5531383433224716	0.7317478080783051	0.9930430668474647	0.12267987148111593	0.4728741193633588	0.7952999959766944	0.9989208822153636	0.06693677448278879	0.45989530759377834	0.8842783369767986	0.9919160079379556
PSMB2	12.686665539818298	0.8551890158080234	0.6824604497590553	0.21017047510453668	0.8265398871446339	0.6471493922864596	0.5897098065278036	0.2724652022100833	0.9989208822153636	0.20803962352156377	0.5257681667707267	0.692335954078006	0.9777614542981466
PSMB3	56.525888948057066	-0.0027121776301360827	0.49097184910729763	0.995592428251818	0.9990073429896342	-0.10622259834096888	0.42039470428202724	0.8005205329213259	0.9989208822153636	0.10351042071083279	0.41456332569424853	0.8028306294244212	0.9919160079379556
PSMB4	12.834862861007387	0.11821795474905368	0.6509096510553596	0.8558812609224552	0.9930430668474647	0.5295486230251109	0.5348020243679922	0.3220876499352079	0.9989208822153636	-0.4113306682760572	0.5173545289466952	0.42657547945462493	0.943636666672352
PSMB5	7.919391056823329	0.011429573271921966	0.7595976271879659	0.9879947809022345	0.9982438456126328	-0.32207474901853705	0.6343276392093032	0.6116343286626666	0.9989208822153636	0.33350432229045907	0.622448013770982	0.5921004727602157	0.9713108878987808
PSMB6	24.572406482054067	0.31906620948895575	0.5362588099516814	0.5518531717789421	0.965058301207955	-0.06412099994618753	0.45956624454512657	0.8890352681768295	0.9989208822153636	0.3831872094351433	0.44021987581494815	0.38405723937991365	0.9224426087386502
PSMB7	20.459220364839883	-0.44574943549377305	0.5173709019970872	0.3889261141375311	0.9257411016933377	-0.5335126040282019	0.4266157269525035	0.2110915946082208	0.9989208822153636	0.08776316853442877	0.43680133031542373	0.8407592577057056	0.9919160079379556
PSMB8	27.21896223534085	-0.43686890302342096	0.48682771417090615	0.3695167848324884	0.9233513498088938	-0.22691803779061592	0.4003141003764509	0.570816113890566	0.9989208822153636	-0.209950865232805	0.4088011935093982	0.6075478067657857	0.9776162491265729
PSMB8-AS1	9.543026970769368	0.012420370936783722	0.770283671139922	0.98713513843124	0.9982438456126328	0.40409313726094503	0.6316127811481906	0.5223157273002702	0.9989208822153636	-0.3916727663241613	0.6195269257005293	0.5272479251211755	0.9686312519100319
PSMB9	38.745618039591555	0.2706480421294418	0.5677918977421138	0.6335987866163043	0.9747465964778875	0.3316857002901015	0.4864626636495068	0.495345331147824	0.9989208822153636	-0.061037658160659695	0.47215554597958354	0.897140471563062	0.9919160079379556
PSMC1	8.819044408324524	-0.8550932070166426	0.7565197094541202	0.25835040283162725	0.8468310989941064	-0.16894635268800007	0.5826969079553954	0.7718631753984333	0.9989208822153636	-0.6861468543286425	0.642228775541294	0.2853473971987762	0.8795598633001563
PSMC3	9.88252579178832	-0.23235599785249297	0.6740361787879281	0.7303023752663789	0.9930430668474647	0.08961453775052727	0.5393726025910143	0.8680421458775633	0.9989208822153636	-0.32197053560302025	0.5497487599033549	0.5580983012600074	0.9711498888785488
PSMC5	13.54215346773345	-0.4354722646519825	0.6485751618606554	0.5019471850729522	0.9510478797151422	-0.01939567932174087	0.5218751376968428	0.9703531552498529	0.9989208822153636	-0.41607658533024167	0.5395448439639058	0.4406108002600868	0.954365942691012
PSMC6	8.425888451058364	0.2684153919250228	0.8632028161355774	0.7558364519111901	0.9930430668474647	1.0937916179826879	0.7087335227599644	0.12275691812209212	0.9989208822153636	-0.825376226057665	0.6704708319238321	0.21830800847672338	0.8102241360368466
PSMD11	5.375757601902385	-1.1482028932620658	0.9116286068675825	0.20784715198407	0.8238963260803599	-0.2531753903579116	0.6623471097331688	0.7022835437267805	0.9989208822153636	-0.8950275029041542	0.7864147334126315	0.25507400579710937	0.8538097912004194
PSMD12	7.299867823361217	0.19808385564957176	0.7292767672185868	0.7859166447510604	0.9930430668474647	-0.032812397102449126	0.6074158871019374	0.9569195041020847	0.9989208822153636	0.2308962527520209	0.5813922878849942	0.6912615362740411	0.9777614542981466
PSMD13	10.488588173935879	-0.45665235231507656	0.6301383410930284	0.46864476519627396	0.9442442286200136	-0.34250594697129455	0.5022245163682943	0.4952530185366397	0.9989208822153636	-0.11414640534378197	0.5265448854159217	0.8283768312483882	0.9919160079379556
PSMD4	16.050053282577597	-0.22145355630344918	0.6157782332092352	0.7191223515261774	0.9930430668474647	-0.018018890721685624	0.5078178785716567	0.9716946192462137	0.9989208822153636	-0.20343466558176357	0.509615791514485	0.6897515660708331	0.9777614542981466
PSMD6	7.319924893868848	0.019851090672474304	0.7417914201978415	0.9786503482955065	0.9964726730517024	-0.274819686200116	0.6165791079460077	0.655801805007519	0.9989208822153636	0.2946707768725903	0.6048443603222214	0.6261276124722361	0.9777614542981466
PSMD7	15.723850447106964	-0.4219617703749565	0.5936371934050453	0.47720353132366866	0.9442442286200136	-0.04938493245207356	0.48044142924837163	0.9181290507573707	0.9989208822153636	-0.37257683792288293	0.49445073799648404	0.45113954113832677	0.9565360688378212
PSMD8	17.070958526991415	0.08621450741941207	0.5868733698314911	0.88320717340223	0.9930430668474647	0.19404346372118342	0.4907426116571732	0.6925419425855396	0.9989208822153636	-0.10782895630177135	0.4771667086409551	0.8212188933799107	0.9919160079379556
PSMD9	9.35619598778246	-0.9111717795253913	0.7018664415550163	0.19421432795605398	0.8186597563383513	-0.35133867512949807	0.5371764357122294	0.5130814791213982	0.9989208822153636	-0.5598331043958932	0.5994660505858045	0.3503625702069456	0.9151923174089035
PSME1	62.12901184333622	-0.25813269192546784	0.4324224796504449	0.550543708356825	0.965058301207955	0.16139750267985317	0.36436557388559293	0.6577983834881829	0.9989208822153636	-0.41953019460532104	0.36356805226114725	0.24853099773738163	0.8530899342927205
PSME2	50.05164913440137	0.026679095478207588	0.3979448824982153	0.9465481178590414	0.9962366574728068	0.26117164820892014	0.3347314811188641	0.4352482904112205	0.9989208822153636	-0.23449255273071257	0.32769494285577583	0.47424958539266127	0.9664871084564397
PSMF1	7.432438059941309	-0.38289997882867893	0.7294468688327872	0.5996400172811007	0.9679807403269565	-0.1869711056234775	0.5772059605091955	0.7459952559039444	0.9989208822153636	-0.19592887320520144	0.6033829026929106	0.7453950323446621	0.9803559971046334
PSMG2	17.777730922479282	-0.7033488098474304	0.6018191427513739	0.2425226617322539	0.8435191009508414	-0.3104590137980974	0.4871230706606918	0.5239087544284415	0.9989208822153636	-0.39288979604933305	0.5105345653246314	0.44155766732039636	0.954365942691012
PSPC1	5.146344011242102	1.6456184922990684	1.0066485403783028	0.10210150977867537	0.666266357835112	0.6225403328605214	0.9051605826240997	0.4915989953807759	0.9989208822153636	1.023078159438547	0.7320272393497482	0.16223449498918574	0.7188539079945712
PSTPIP1	10.099549991862256	-0.19737830262139267	0.6373469824039374	0.7567987179126645	0.9930430668474647	-0.6650513792173302	0.5302343313475478	0.20974774611836644	0.9989208822153636	0.46767307659593754	0.5329349077905084	0.3801919990790069	0.9224426087386502
PSTPIP2	9.06176646448749	1.6389415631928301	0.9370614394963	0.0802871262186256	0.5954975190775261	1.2007564194974139	0.8315915639169725	0.14875988041848992	0.9989208822153636	0.4381851436954164	0.6953516364745688	0.5285876899601941	0.9686312519100319
PTBP3	13.059407647700949	-0.4671046349529141	0.6985292322551553	0.5036885688598742	0.9510478797151422	0.11655983080326714	0.5661484897448767	0.8368830207122553	0.9989208822153636	-0.5836644657561812	0.5826528016794886	0.31647096647207396	0.8938644939739743
PTCH2	6.200309293516831	0.5614704849684858	1.1537630934930427	0.6265114978948607	0.9747465964778875	0.4546461380821388	0.9909355469798209	0.6463742368992704	0.9989208822153636	0.1068243468863471	0.9304614578729626	0.9085973693864386	0.9933939763059726
PTEN	25.18738615644062	1.359326288848206	0.6078914001469488	0.025343031449599412	0.3254565817232801	0.37315390851274677	0.5367101269781672	0.48689141310363426	0.9989208822153636	0.9861723803354593	0.4851575345420647	0.042084370784024924	0.3792788971893604
PTGES3	29.32131260526937	0.40580007092889697	0.5599951245305508	0.4686672104753603	0.9442442286200136	0.46716441125299324	0.4789610958059536	0.32937662748398944	0.9989208822153636	-0.0613643403240963	0.45714335575039394	0.8932172658734969	0.9919160079379556
PTGS2	34.369306139957494	-0.9077452575575315	0.8570184782739813	0.2895133350779757	0.8714932702259329	0.5255589506274096	0.7189390486607254	0.46476682872610564	0.9989208822153636	-1.4333042081849412	0.7335852811785778	0.05072079647032769	0.4168938881277046
PTK2B	12.39319396061058	0.7582338872785053	0.664228690508107	0.25365136970813784	0.8463914585948702	0.2384442618780236	0.5755037495273672	0.6786377985135725	0.9989208822153636	0.5197896254004817	0.5208636005119511	0.3183093814664104	0.8938644939739743
PTMA	483.90213625848475	-0.413225882130826	0.2866452313548276	0.14941710309225817	0.7584772449523672	0.06460011737658111	0.2461271728026059	0.7929618727264853	0.9989208822153636	-0.4778259995074071	0.24615823663690625	0.052242086587141925	0.41908487042432535
PTP4A2	37.077227299615366	-0.19405435583747074	0.49619069606418975	0.695731998304282	0.9889798793844672	-0.014485678328752432	0.4178943990454133	0.9723480741674535	0.9989208822153636	-0.1795686775087183	0.41572154006486717	0.6657816728431282	0.9777614542981466
PTPN1	9.27542953206621	1.790660586585056	0.7482007138111098	0.01669807967936575	0.2517330289455611	0.5259239733636366	0.6794933687451413	0.43893418023743924	0.9989208822153636	1.2647366132214193	0.5355973095340565	0.01820817833564987	0.2233944568911665
PTPN12	11.938947547494868	0.6678813225795486	0.8045759794369057	0.4064802782258371	0.9324944203209709	0.6159687836925472	0.6921866174832121	0.3735258580802191	0.9989208822153636	0.05191253888700151	0.6428341311177902	0.9356362161604158	0.9944788766041077
PTPN18	8.543780199907884	-0.07759941909836889	0.7125419370856478	0.9132777969070179	0.9930430668474647	-0.05728447009330794	0.5820569384462025	0.9216009410032439	0.9989208822153636	-0.020314949005060947	0.5790984578096451	0.9720157081711492	0.9952132068500601
PTPN2	13.261887912482058	0.13833650980376233	0.5969883942054233	0.8167524269241303	0.9930430668474647	0.20288360338923303	0.49484170223601803	0.6818081630637922	0.9989208822153636	-0.0645470935854707	0.47765405158402274	0.8925062745905857	0.9919160079379556
PTPN6	17.123062383546532	-0.3082380010797564	0.6565554657170506	0.6387283829843744	0.9747757785097356	0.25599801203306294	0.5399832247415318	0.635439208942673	0.9989208822153636	-0.5642360131128193	0.544839269647613	0.3003883932610526	0.8862952892362709
PTPRC	93.09813405095137	0.4534665158697569	0.4222516086391096	0.28285634302565055	0.8632854553136564	0.35941121698615436	0.3642659216427674	0.323803149111886	0.9989208822153636	0.09405529888360258	0.35334968855515875	0.7900991058692001	0.9880468475966013
PTPRE	49.02281560014706	0.7171173172896944	0.5380126497186581	0.1825644661201351	0.8028910391734974	0.5046776713017317	0.4659205205748884	0.27872674282149235	0.9989208822153636	0.21243964598796267	0.4444106093691025	0.632631987964269	0.9777614542981466
PTPRJ	7.441762851893178	1.7304308194165874	0.85516151260367	0.043020238699337625	0.43831652454164993	0.08699654858892943	0.7772799794842219	0.9108833974408692	0.9989208822153636	1.6434342708276581	0.6451722150959096	0.010856628839249746	0.15616431630841998
PTRHD1	18.419395518841004	-1.0763985191798389	0.7146857227927162	0.13203778684025624	0.7368892470246658	-0.44832977187674594	0.5801376462778242	0.4396413667869813	0.9989208822153636	-0.628068747303093	0.6148931035955527	0.3070519251584365	0.8891901741132888
PTTG1IP	10.790429951754454	0.08870694299649264	0.7195156973368165	0.9018798224473066	0.9930430668474647	0.4007770014792126	0.5954816374946075	0.5009282107190374	0.9989208822153636	-0.31207005848272	0.5784311514097793	0.5895342021522881	0.9713108878987808
PTX3	7.828139399269522	-0.2557598238769014	0.9849702557799119	0.795124133165292	0.9930430668474647	-0.14907068486099373	0.8239574248513166	0.8564300771806045	0.9989208822153636	-0.10668913901590768	0.8246549622530494	0.8970615010662862	0.9919160079379556
PUF60	9.29958579335176	-0.41153714658376855	0.6814747851781857	0.5459154717102475	0.965058301207955	-0.26565061532685535	0.5452751663487085	0.6261262812032677	0.9989208822153636	-0.14588653125691325	0.5673133095370739	0.7970603765728488	0.9919160079379556
PUM1	8.457704941708773	1.0351799436565303	0.7583441364858893	0.17223639054446405	0.7864637737301444	0.5756679493749917	0.6619412464949344	0.38448283140621153	0.9989208822153636	0.4595119942815386	0.5712793252673618	0.4211913629057984	0.9425245363634882
PUM2	7.004327351725358	2.890262286640042	1.0337599209492512	0.00517596061863298	0.12246921695162168	1.5055412196462752	0.963549092242206	0.11817128095914683	0.9989208822153636	1.3847210669937666	0.6543721042195261	0.034335750299316736	0.3324364892291461
PURB	8.021022846626112	0.008371812833591267	0.9555216338329211	0.9930094154756357	0.9987011225658877	0.17837392355754797	0.8025902671203033	0.8241209831016676	0.9989208822153636	-0.17000211072395668	0.7867737483315179	0.8289293132152005	0.9919160079379556
PYCARD	82.85432774732882	0.13308888518434994	0.44785693769927026	0.7663380215756194	0.9930430668474647	-0.49025804846269894	0.3868357461834624	0.20502853838568824	0.9989208822153636	0.6233469336470489	0.38099763013344806	0.10182046664398976	0.6117608283959879
PYGL	10.086654294176126	-0.1174724769275435	0.7611388619903243	0.8773434155336695	0.9930430668474647	0.14005192555349075	0.6280219485515942	0.8235317502383243	0.9989208822153636	-0.25752440248103425	0.6241032948672504	0.6798769431925056	0.9777614542981466
PYURF	16.45937001560668	-0.5887670144424565	0.6157519055969525	0.3389834704470981	0.9005240142553081	-0.0949493196719229	0.4966510142931764	0.8483852367805146	0.9989208822153636	-0.4938176947705336	0.5177274886712806	0.3401758771302428	0.9125323816365909
QKI	32.27941425496032	2.4448252212235024	0.6296529655257633	0.00010325463736133672	0.009536065379532485	0.5783782895734026	0.5670505548216863	0.307739564810544	0.9989208822153636	1.8664469316500998	0.49098108403025675	0.0001438436219658975	0.004889419664744235
QPCT	16.711504918673118	-0.6386653736592878	0.7142702043141228	0.37124113801802205	0.9233513498088938	-1.1318772518433966	0.6045381575288992	0.061165005680541715	0.9989208822153636	0.4932118781841088	0.6155581678291618	0.42299078923165556	0.9425245363634882
QSOX1	7.907459226753784	0.7084078711199887	0.8019474708410892	0.37704209629754515	0.9235463065744581	-0.14132345924358422	0.6992003504256279	0.8398217003437852	0.9989208822153636	0.8497313303635728	0.642539134959008	0.18601552513055797	0.7583797109609446
R3HDM2	9.181878761736266	2.140523036076286	0.746927291697076	0.004159942303314754	0.10874074859049737	1.0069336219898573	0.6854732414588002	0.1418433028732771	0.9989208822153636	1.1335894140864287	0.4958793042149033	0.02225315848961161	0.25896859013437346
RAB10	22.047537554418525	0.8079720202164514	0.484477592560679	0.09537171288059772	0.6455064160216343	-0.5106228826718534	0.4281351681419725	0.23299963515761513	0.9989208822153636	1.3185949028883046	0.3924905649495126	0.0007806720085345747	0.020536596981269892
RAB11A	18.378124825797553	0.9147992312741356	0.6660422658752694	0.16960154206685663	0.7804422631568472	0.004435108664316755	0.5834037042918299	0.9939344391919198	0.9989208822153636	0.9103641226098189	0.5408838049815287	0.09235480752357865	0.5913948201071264
RAB11B	7.6262438268298345	0.801116075197427	0.7325070006656794	0.27410264494748304	0.8594258942872586	0.2446338364298467	0.6332447166964933	0.6992611665877488	0.9989208822153636	0.5564822387675802	0.5532826264814183	0.3145199850526268	0.8938644939739743
RAB11FIP1	14.287540281648646	1.701196001022434	0.7418729038249932	0.021841686270296635	0.30063821053778494	0.8142143918163038	0.6612222597383701	0.2181816071674091	0.9989208822153636	0.8869816092061302	0.5642528943316697	0.11596039147487121	0.641296104368606
RAB14	8.309242263194578	0.2583786980597306	0.8041843910247448	0.7479884713375531	0.9930430668474647	0.909610308885598	0.660689795189833	0.1685869172284955	0.9989208822153636	-0.6512316108258674	0.6258314630607511	0.2980676187574606	0.8862952892362709
RAB18	10.34350886655669	-0.6483050488062799	0.7481034499174981	0.38616223991190335	0.9257411016933377	-0.029534427199547537	0.5918146530165969	0.9601982046877418	0.9989208822153636	-0.6187706216067324	0.6282827345465591	0.32469277516457395	0.8967196287428852
RAB1A	25.137573196720496	0.5988689242648958	0.5343736946530826	0.26241851082760004	0.8495626244524487	-0.3808890968769527	0.466062957934218	0.41378662284704637	0.9989208822153636	0.9797580211418485	0.44058761297186927	0.02616506794225762	0.27861729916854294
RAB20	14.560510089265279	1.751653955357515	0.8653642465040075	0.0429515211414916	0.43831652454164993	0.5922383657588814	0.7695635649765528	0.4415508942572579	0.9989208822153636	1.1594155895986336	0.681508870809435	0.08889643173789202	0.5755600458417843
RAB21	10.394065858496562	-0.4604576791509435	0.865021558666414	0.5945128658111274	0.9671367302673034	-0.6572768374614307	0.7274852192882006	0.366265005975299	0.9989208822153636	0.1968191583104872	0.7362306421133793	0.7892123498261017	0.9875094016249577
RAB27A	13.935200557045128	-0.2945773083164057	0.6530747130976305	0.6519447296806762	0.9756318293502411	-0.0118782765606915	0.5360660817579995	0.9823217355068821	0.9989208822153636	-0.2826990317557142	0.5420264683439967	0.601977096337059	0.9762877017680395
RAB2A	21.12089533885849	0.8846679601689814	0.542378773089409	0.10287157658160362	0.6669432420557588	0.2944987703746235	0.4727288720342921	0.533300253610989	0.9989208822153636	0.5901691897943578	0.42727716136516375	0.1672074216260282	0.7298141571719018
RAB30-DT	5.360922009332668	0.36132555983918735	1.0033808943802447	0.7187663162429951	0.9930430668474647	0.7308749065927126	0.8340703308301393	0.3808805997591872	0.9989208822153636	-0.3695493467535253	0.7791853446127383	0.6353027026306495	0.9777614542981466
RAB31	39.28483654338128	0.9209725207231673	0.49253874174151263	0.06150494563233479	0.5219477471902595	0.13681200722076015	0.43048950438375816	0.7506323462200752	0.9989208822153636	0.7841605135024071	0.4010836362412328	0.05057071034494912	0.4168938881277046
RAB32	12.821566066003605	-0.030699192980154656	0.6573985428970984	0.9627539294403812	0.9964726730517024	0.15299188980782244	0.5453336139790349	0.7790576179922858	0.9989208822153636	-0.1836910827879771	0.536862840883283	0.7322331586372828	0.9803396713529875
RAB5A	9.694620131641765	0.17185924252238072	0.7311260612651956	0.8141613675117501	0.9930430668474647	-0.2004291645192376	0.6186421387130637	0.7459513593643872	0.9989208822153636	0.3722884070416183	0.5963447964976528	0.5324412085257005	0.9686312519100319
RAB5C	22.395161530323275	-0.2584406715748068	0.529436685934224	0.625448743356274	0.9747465964778875	-0.06350226516378343	0.437555424590585	0.8846085096313316	0.9989208822153636	-0.1949384064110234	0.4400035748289125	0.6577380804139598	0.9777614542981466
RAB5IF	44.966141238529126	-0.4330255220245499	0.5014635756418047	0.38784977020183287	0.9257411016933377	-0.25012778727681534	0.4229312423010325	0.5542425402652862	0.9989208822153636	-0.1828977347477346	0.4256660893325498	0.6674326563961874	0.9777614542981466
RAB7A	38.13806609662554	1.445323911399775	0.516619525253516	0.005147484230949246	0.12246921695162168	-0.3723150372289898	0.45982535151104026	0.41811955658122535	0.9989208822153636	1.817638948628765	0.4238319339329697	1.7981560770605613e-05	0.0008627258341820597
RAB8A	8.876790175147596	-0.8080038706021644	0.7458133489547136	0.278637049962593	0.8616503227382954	-0.7565595226202845	0.5996679177584716	0.20708166323831723	0.9989208822153636	-0.05144434798187997	0.6400688159872965	0.9359404797273511	0.9944788766041077
RAB8B	13.013395160136286	0.6767109185703981	0.6399197984638657	0.29028649714801646	0.8714932702259329	-0.1651182745627022	0.5573889869560078	0.7670504187915353	0.9989208822153636	0.8418291931331002	0.5141785770299635	0.10158217653676911	0.6117608283959879
RABAC1	25.613009580961947	0.6351558016446427	0.5583636367799276	0.25531648101226845	0.8465985659120362	0.31385154481455396	0.48203521041024894	0.51498405318141	0.9989208822153636	0.32130425683008873	0.4509866160972021	0.4761877521956811	0.9664871084564397
RABGAP1L	9.644252391266699	1.8223567712469724	0.8497419302361294	0.03198482087174948	0.37010985017880893	0.5261262381519658	0.7650873411395919	0.49166174696783593	0.9989208822153636	1.2962305330950068	0.6409150093329206	0.04312795603123828	0.38511813948384027
RABGEF1	24.592110190825096	3.7788222255695727	0.7791263676201423	1.2341407502539218e-06	0.0005888908279961631	0.4840252779090812	0.7268850813860266	0.5054816140911801	0.9989208822153636	3.2947969476604917	0.5692824993840834	7.1386081569183114e-09	8.337894327280588e-07
RABIF	5.454566578331732	0.20664413456843403	0.8628106210248762	0.8107170060937015	0.9930430668474647	-0.0030783540814071832	0.7192864087592866	0.9965852772047004	0.9989800924949278	0.20972248864984122	0.6877163974994432	0.7604004979545576	0.9809070145248762
RAC1	85.33472845040404	0.44357807164239	0.40418743332892054	0.2724419451543324	0.8594258942872586	0.15706476382605458	0.348941828868463	0.6526258426052414	0.9989208822153636	0.2865133078163354	0.3377762427010572	0.39630764196318957	0.9275297455443251
RAC2	23.46786805614526	0.35196307694517026	0.5388941850795039	0.5136783133092389	0.9521733056192314	0.19465674260832977	0.459513335295965	0.6718466123956464	0.9989208822153636	0.1573063343368405	0.4372504439970028	0.719024711955649	0.9777614542981466
RACK1	257.97141674188356	-0.4012705697984155	0.4372031097146026	0.3587169283430818	0.9169701480770027	-0.34092938035695575	0.37675300775908827	0.3655105149026614	0.9989208822153636	-0.06034118944145975	0.3766699660835867	0.8727263298420569	0.9919160079379556
RAD21	12.366823331177686	0.08634788299828909	0.7003707352722839	0.9018783919606775	0.9930430668474647	0.6672172380997756	0.5750002789532842	0.2458952481688258	0.9989208822153636	-0.5808693551014865	0.558524757520783	0.2983369000519306	0.8862952892362709
RAD23A	14.834970047522111	0.8647087292154981	0.6567484831546845	0.18795554232492118	0.8091980716936079	0.6962937354109051	0.567688327908112	0.2199946753106906	0.9989208822153636	0.16841499380459302	0.5081423370666479	0.7403176578272388	0.9803559971046334
RAD23B	8.570445639587845	-0.41211721739056345	0.7319154354421986	0.5733894579712984	0.9665616667306404	0.25281946865044186	0.5725505966149665	0.6588025437631518	0.9989208822153636	-0.6649366860410053	0.6007952215119605	0.2683972986179892	0.8666888920632344
RALB	7.6807868835588735	-0.33481078324585206	0.7201919566629036	0.6420094917545205	0.9756318293502411	-0.33451725988777775	0.581716978625749	0.5652564224954959	0.9989208822153636	-0.00029352335807429744	0.5984574933334522	0.9996086643598556	0.999862800813859
RALBP1	11.046028669015191	-0.1764971553574916	0.6427376867425507	0.7836219087465555	0.9930430668474647	0.05758958410043268	0.5197234333011691	0.911768494681099	0.9989208822153636	-0.23408673945792427	0.524080161338636	0.6551190587118446	0.9777614542981466
RALY	12.339661696505738	0.16275055003888064	0.6189682860456254	0.7925980344509537	0.9930430668474647	0.1646962329940248	0.5147494053060611	0.7490030517434507	0.9989208822153636	-0.0019456829551441556	0.4953574523649934	0.9968660481619187	0.9996889679060499
RAN	26.457480419090416	0.18727613212759442	0.4775222738484816	0.694922982124728	0.9887166796876466	0.005368582325169568	0.4044061667383451	0.9894082150783929	0.9989208822153636	0.18190754980242482	0.38989550847236953	0.6408185626016334	0.9777614542981466
RANBP1	16.004986422734962	-0.11569575039817374	0.6194882435777471	0.8518486509002371	0.9930430668474647	-0.026494347054391652	0.5161677731223162	0.9590634040063045	0.9989208822153636	-0.0892014033437821	0.5119141805322853	0.8616684435797339	0.9919160079379556
RANBP2	7.164511006518848	0.23740833352998386	0.8144735065468511	0.7706789839632682	0.9930430668474647	0.6593245649226374	0.668195319582107	0.3237778096786118	0.9989208822153636	-0.42191623139265344	0.6344954824697216	0.5060739451713032	0.9686312519100319
RAP1A	27.390992471375956	0.10890084018729201	0.4583191734854177	0.8121842345447143	0.9930430668474647	0.044909747789989726	0.385249358607606	0.9071982818369032	0.9989208822153636	0.06399109239730229	0.3738654699678714	0.8640973728453702	0.9919160079379556
RAP1B	29.761670249083213	0.18622281605264315	0.5568638906681008	0.7380675356212132	0.9930430668474647	-0.030020834735713174	0.4763044551907045	0.9497436770023013	0.9989208822153636	0.21624365078835633	0.46276515380874866	0.6402953130040688	0.9777614542981466
RAP2B	10.713169791562946	-2.3689515726503654	0.9574332758180343	0.013350752883838643	0.21595031359564995	-0.10742999796591643	0.6382626349191364	0.8663344600931442	0.9989208822153636	-2.261521574684449	0.8603157039246055	0.0085709101041967	0.12967387307903816
RAPGEF1	6.532942568082503	3.2932591920134784	1.0655249628873702	0.0019965928137310614	0.06422747444620257	1.3275152412639744	1.0126449901274184	0.18987856331518482	0.9989208822153636	1.9657439507495043	0.6341491674206798	0.0019364273582167873	0.04127275829191985
RARA	6.91120239014234	0.3684539903512814	0.8754952395443918	0.673863100973734	0.9804748370367334	0.21513264857645262	0.7422154475523082	0.7719294471588503	0.9989208822153636	0.15332134177482878	0.6994815080083252	0.8264998288230192	0.9919160079379556
RASGEF1B	20.356197839204675	1.4244394905850957	0.6770792072479325	0.03539586402758977	0.3927843360891066	0.31915328815188587	0.5990768502666259	0.5942123166553921	0.9989208822153636	1.1052862024332097	0.5407736379035687	0.04096361646641289	0.3714713046022535
RASGRP2	9.434096522056803	-0.24132213985260645	0.6925348700486911	0.7274931887073672	0.9930430668474647	-0.4064800584361588	0.5701533261831508	0.475888371212695	0.9989208822153636	0.16515791858355236	0.5760137365406944	0.7743223885833183	0.9838015061805645
RASSF2	10.051576810425628	0.5913954284586384	0.6342519302875828	0.3511144274088951	0.9080764278876844	-0.47379240836967745	0.5536020169753134	0.39208862673308753	0.9989208822153636	1.0651878368283159	0.5085336042127744	0.0362042297716079	0.3443529346354888
RASSF3	17.345349868856584	0.5159410403866587	0.5424826777255803	0.3415669336712548	0.9010309472700763	-0.4261285521302405	0.4716163520584371	0.3662345172061364	0.9989208822153636	0.942069592516899	0.44164987390523447	0.032919077933941984	0.3269513862826891
RASSF4	11.914700607717231	0.04858727725206964	0.7585384928798208	0.9489273839642132	0.9962366574728068	0.01967170261658846	0.6389816039867847	0.9754401868436245	0.9989208822153636	0.028915574635481178	0.6241872802239753	0.9630510873177431	0.9952132068500601
RASSF5	6.6382095207631435	0.47300979237782387	0.8634724084794038	0.5838295511466434	0.9671367302673034	0.5863587849606535	0.7263060996235	0.4194842500463216	0.9989208822153636	-0.11334899258282964	0.669157940863507	0.8654895020140327	0.9919160079379556
RB1	7.18307109195231	0.9521254895462249	0.8206803968804203	0.2459812287841986	0.8444306898330594	0.2520414172075449	0.7180459514553426	0.7255807336188107	0.9989208822153636	0.70008407233868	0.6355903125452881	0.27069187313755816	0.8666888920632344
RB1CC1	11.822473448853032	0.8677882193541705	0.6864905892021111	0.20619650714407123	0.8228105461966762	0.5125126295027576	0.5947121666548321	0.3888071318044126	0.9989208822153636	0.35527558985141294	0.5277264203328089	0.500807810287635	0.9686312519100319
RBBP4	9.611693107730483	-0.5444361627249994	0.6911456231548702	0.4308546359693811	0.9403836536671231	-0.17447802933110315	0.5452352811952607	0.7489645219373374	0.9989208822153636	-0.36995813339389627	0.5779515163720107	0.5220948025726775	0.9686312519100319
RBBP6	13.479941842391518	-0.052956124951358756	0.7219600235578854	0.9415272108463851	0.9962366574728068	0.17361182713864953	0.6037618543274046	0.7736910888175111	0.9989208822153636	-0.2265679520900083	0.5949848862257002	0.7033545186418064	0.9777614542981466
RBCK1	8.838261988510167	-0.368937820734031	0.678622886690584	0.5866777934400397	0.9671367302673034	-0.6182746124243119	0.5521243139509727	0.2627945174105276	0.9989208822153636	0.24933679169028097	0.5695827574741481	0.6615650510397222	0.9777614542981466
RBIS	20.316732607348303	-0.24159288510092194	0.5435475947264116	0.656699774284649	0.9756318293502411	0.12031002660842822	0.4451433290142042	0.786950574860768	0.9989208822153636	-0.3619029117093502	0.44833697154299923	0.41954444549912195	0.9425245363634882
RBL2	5.555858274934102	-0.1122140611769813	0.926819178802702	0.9036321184785909	0.9930430668474647	0.7233353607282262	0.7269212744201309	0.3197036866305609	0.9989208822153636	-0.8355494219052074	0.7333618827627156	0.25456086237599096	0.8538097912004194
RBM17	9.239241455771666	-0.459721648525191	0.6750416725284546	0.49585436551332485	0.9508580364800061	-0.05849429543413613	0.5300048562237774	0.9121194464108562	0.9989208822153636	-0.4012273530910549	0.559464039467534	0.47327303666863085	0.9664871084564397
RBM22	4.895829144566062	-0.8588438240817753	1.1926027604768663	0.47143731890100327	0.9442442286200136	1.3813495848793644	0.8245044436912096	0.09386175998869996	0.9989208822153636	-2.2401934089611397	0.9865628049621716	0.0231648228074898	0.26015877922257774
RBM23	8.690184958256605	-0.3183335574347749	0.7854062013983606	0.6852491234690332	0.9844037053516882	-0.02474913098894626	0.6388284342240313	0.969096536929305	0.9989208822153636	-0.29358442644582866	0.6504780427294561	0.65174710482616	0.9777614542981466
RBM25	21.036871232837758	-0.2393041502767003	0.6016960231161981	0.6908395239377771	0.9869628528113054	0.24382384189553544	0.49788866191211156	0.6243351654623114	0.9989208822153636	-0.4831279921722357	0.4987637344424106	0.3327193462173905	0.9054431416167571
RBM3	59.263187581017895	-0.052965978773414385	0.460375234580794	0.908405821364167	0.9930430668474647	0.08426002148457319	0.39209804217857697	0.8298489591304248	0.9989208822153636	-0.1372260002579876	0.38707328669500907	0.7229477109360298	0.9778476287367174
RBM39	47.21946060413225	-0.13272189486895392	0.4675434666482142	0.7765094651306499	0.9930430668474647	-0.15385070257405437	0.39699267714511244	0.6983561789899226	0.9989208822153636	0.021128807705100443	0.393341973140828	0.9571613332132218	0.9952132068500601
RBM4	8.850827988316992	-0.04667881516188843	0.7105148948725347	0.9476189285568026	0.9962366574728068	0.16338972989383557	0.5791510843964747	0.777851993272121	0.9989208822153636	-0.21006854505572403	0.5735489162706392	0.7141703991669759	0.9777614542981466
RBM47	26.77176102602	2.526585253752539	0.6054570062774428	3.0058623903156236e-05	0.0035857433431140126	-0.11559956420343112	0.5552189790601814	0.8350686281390642	0.9989208822153636	2.64218481795597	0.47213552924011	2.1904751933263664e-08	2.1594830691708026e-06
RBM6	11.315400624188255	0.8398533015979717	0.6667599243763309	0.20781234180314856	0.8238963260803599	-0.12722170171784186	0.5849516396242358	0.8278257405350691	0.9989208822153636	0.9670750033158135	0.5279018500602464	0.06696304506785258	0.4967319620838991
RBM7	4.604368155755953	-1.3425802260298405	1.0358957174071912	0.19495573808617583		-0.9665667149032408	0.7988488430157432	0.2262982921457144	0.9989208822153636	-0.3760135111265998	0.9085750038245605	0.6789841684701479	0.9777614542981466
RBM8A	30.56126211051283	-0.1419170629582249	0.4647101267453348	0.760070386870269	0.9930430668474647	-0.18525612536501138	0.3897095265667833	0.6345234422486021	0.9989208822153636	0.0433390624067865	0.38693337799097205	0.9108182342975417	0.9933939763059726
RBMS1	19.22897439551797	-0.16767869394914384	0.5596946476719498	0.7644902202788755	0.9930430668474647	-0.26466350432408253	0.4672567571143375	0.5711084010535138	0.9989208822153636	0.09698481037493868	0.465639166946875	0.8350078574494527	0.9919160079379556
RBMX	16.62236636897023	-0.007899611174827976	0.5565676226908214	0.9886756506924553	0.9982438456126328	0.4816583049093269	0.4528517487466624	0.2875047534781947	0.9989208822153636	-0.48955791608415483	0.44577993936919375	0.2721148289060322	0.8696706415213846
RBP7	48.10602448373222	0.21806210141802637	0.6751181533499532	0.7466964335165405	0.9930430668474647	-0.5864899627018956	0.5847010256846135	0.3158321174774279	0.9989208822153636	0.804552064119922	0.5768111940623755	0.16306789102503294	0.7203604263133073
RBPJ	21.826486153137164	0.3562326965706895	0.5744155554194003	0.5351488481819895	0.962283048387728	0.7809107232350191	0.4835955747792516	0.10635374928606113	0.9989208822153636	-0.4246780266643296	0.4571257742091821	0.3528798100105872	0.9151923174089035
RBX1	43.302589905748825	0.0065534086547946145	0.6116882922686631	0.9914519149309988	0.9987011225658877	-0.01441074108058887	0.5244536590479983	0.97807878560843	0.9989208822153636	0.020964149735383488	0.5176790734134908	0.9676973602762531	0.9952132068500601
RC3H1	6.4898380135155875	1.523427269203381	0.9376638441147926	0.10422540115887717	0.6704366481918375	0.3121766888113517	0.8403604886702236	0.7102804267276954	0.9989208822153636	1.211250580392029	0.7119333416225301	0.08887654890332497	0.5755600458417843
RCBTB2	8.920190521025608	0.09424478119505326	0.7006760846534114	0.8930028689089067	0.9930430668474647	-0.40469216169054756	0.5922080357366164	0.4943784521540231	0.9989208822153636	0.49893694288560086	0.5755934076584861	0.3860396278268179	0.9224426087386502
RCOR1	8.718237118763405	1.9652555060647823	0.7393830147035387	0.007861363678202588	0.16087986238207064	0.9950065245537317	0.6744530433257698	0.14013750474401662	0.9989208822153636	0.9702489815110507	0.49064027291458107	0.04798333570432008	0.40782294907910893
RCSD1	14.465001847914493	-0.12222637582714403	0.5899282504044756	0.8358626130261865	0.9930430668474647	0.19968189097690162	0.481773806728755	0.6785282595019169	0.9989208822153636	-0.32190826680404566	0.4804831705200816	0.5028782983582252	0.9686312519100319
REEP3	7.17055029864843	0.14111471382254293	0.7355856900059942	0.8478675852411885	0.9930430668474647	-0.04577196431736211	0.6087726774383625	0.9400657014473268	0.9989208822153636	0.18688667813990503	0.5874802540885147	0.7503971931230594	0.9806075510490304
REEP5	26.4100718689874	0.08745977005440271	0.5274441948756765	0.8683001376764893	0.9930430668474647	-0.18735206370217403	0.4490027069172764	0.6764862976116166	0.9989208822153636	0.27481183375657675	0.43804615560751053	0.5304244820233719	0.9686312519100319
REL	26.114569703046694	0.8389919536473983	0.7046719837578079	0.2338053623872015	0.8377005764365608	0.6761928603608535	0.6110264071886773	0.2684449361317518	0.9989208822153636	0.1627990932865448	0.5756490983597042	0.7773227921848038	0.9838015061805645
RELB	6.691480735610082	1.9066249707289373	0.8580007271582684	0.02627170135861063	0.3313474933467059	-0.19577930922743264	0.7933895343958424	0.8050915223874016	0.9989208822153636	2.10240427995637	0.6432081038698395	0.001080725030929978	0.025866533527176525
RER1	15.255692757446468	0.4739769778954258	0.6048252054615658	0.4332399717732921	0.9403836536671231	0.5713892217580172	0.5111270540497163	0.26360946435277666	0.9989208822153636	-0.09741224386259136	0.4736296207894095	0.8370473090214426	0.9919160079379556
RESF1	12.465714334408467	-0.10485131680325283	0.6957362865569575	0.8802079982844387	0.9930430668474647	0.4604610084086406	0.5681946585338293	0.4177143048615102	0.9989208822153636	-0.5653123252118935	0.5647726246997611	0.31684827112876357	0.8938644939739743
RETN	32.24440493398121	1.5181587580765885	0.9824960742637368	0.12229646097071065	0.7107007297706631	1.7356062196502615	0.8570311287289883	0.04285320622491175	0.9989208822153636	-0.21744746157367298	0.8070360890836088	0.7875914346588023	0.9861779542039892
REV3L	9.88909279346919	2.5269915039191018	0.955758535411893	0.008194128366525591	0.16135773911197757	0.5224216913073936	0.8725352102074012	0.5493463096945876	0.9989208822153636	2.004569812611708	0.7184506632912991	0.005268709403277774	0.08944553173006455
REX1BD	17.695042224788676	-0.6981373076563425	0.5575257387834525	0.2104946584132591	0.8265398871446339	-0.6015622890873876	0.45128771212652086	0.18253488063401502	0.9989208822153636	-0.09657501856895491	0.47515905647882845	0.8389413769820021	0.9919160079379556
RFC1	5.432856629445586	-1.7551082169017356	1.0863312223830586	0.1061745519211118	0.6740082974504281	0.3671894019802031	0.666589887217056	0.5817381893584525	0.9989208822153636	-2.1222976188819387	0.9630148579512295	0.02753801259247095	0.2908006642645258
RFXANK	5.518057593023116	-0.5029380103407141	0.8684754885688845	0.562518705203209	0.9665616667306404	-0.07518107090207872	0.678674958606659	0.9117937744766499	0.9989208822153636	-0.4277569394386353	0.7216616853345391	0.5533559168430349	0.9711498888785488
RGCC	11.098098696533235	2.3095855997829395	0.9899109597706546	0.019641607338290255	0.281169609047625	1.5463300872902905	0.8901707581557079	0.08236665400704027	0.9989208822153636	0.7632555124926488	0.7270655049758973	0.2938213682639914	0.8862952892362709
RGS10	19.63533245874783	-0.08658378790840744	0.6221716317756205	0.889320688904944	0.9930430668474647	0.7044974880781366	0.5108194934745496	0.16784803753957733	0.9989208822153636	-0.791081275986544	0.5056526525230675	0.11770590064787549	0.6478556203902979
RGS18	18.5161942892418	-0.39166061116285256	0.7398053483952471	0.5965208173324618	0.9671367302673034	-0.17106469464733717	0.6219141609063493	0.7832689245468578	0.9989208822153636	-0.22059591651551533	0.6255780365597169	0.7243678412512271	0.9778476287367174
RGS19	13.415411716849905	0.08622840023370314	0.7474573688888342	0.9081579607028402	0.9930430668474647	-0.07540963989738732	0.6339769507783263	0.90531736601227	0.9989208822153636	0.16163804013109045	0.6180096034907199	0.7936713555028923	0.9906600104428833
RGS2	171.02304697237722	-0.3622024322173949	0.5269841605670604	0.4918862641739521	0.947054723826513	0.24422465103287794	0.4529712130714449	0.5897754042965003	0.9989208822153636	-0.6064270832502728	0.45263767456648235	0.18032249845917692	0.7517237854220555
RHEB	15.636916359994494	-0.3785996741709057	0.6853051204103943	0.5806372230795097	0.9671367302673034	-0.4062598255215001	0.5738257917360546	0.47895481889503944	0.9989208822153636	0.027660151350594398	0.5788700730837163	0.961889181467666	0.9952132068500601
RHOA	81.00512328223849	-0.33853616449387486	0.3746416234325011	0.36619339183225497	0.9233513498088938	-0.010450494371521266	0.31566849637544825	0.9735901259442439	0.9989208822153636	-0.32808567012235357	0.31631351532812496	0.2996348627094584	0.8862952892362709
RHOB	72.82653482694899	-1.072949424273706	0.7898778950710009	0.17434510891582156	0.7873029129747589	0.7815267308263737	0.6681197628930687	0.24210542336926366	0.9989208822153636	-1.8544761551000797	0.6792964297293721	0.0063335201734025315	0.10274377170186329
RHOC	4.561779802120655	0.4786617404995478	1.3021353508760707	0.7131733558169893		1.7531484929382184	1.0722892676579887	0.102057739743159	0.9989208822153636	-1.2744867524386705	0.9785927002621534	0.19279098821055607	0.7758474572596418
RHOG	31.922035215971267	-0.16329061645328585	0.5640097070104354	0.772185476656355	0.9930430668474647	-0.008639109109340432	0.47683096621703647	0.9855449096735855	0.9989208822153636	-0.15465150734394542	0.47327921763440595	0.7438449561216627	0.9803559971046334
RHOQ	13.101417733622645	0.6244442342710939	0.6180570448516115	0.31233515127965306	0.8836419566191195	0.14047894587866117	0.5324388205564365	0.7919027947164258	0.9989208822153636	0.4839652883924327	0.48788265840611317	0.32121183232473494	0.8949795328131928
RHOT1	7.088711486973182	-0.05740050504049363	0.7537479152917593	0.9392970157007979	0.9962366574728068	-0.39330915099168234	0.6274974154948751	0.5307968513848405	0.9989208822153636	0.33590864595118874	0.6208834390428044	0.5884956983142344	0.9713108878987808
RILPL2	70.62659653638771	0.8059166670223384	0.5323660856575672	0.13006661924327417	0.7330329348297125	-0.32889124933118724	0.46408015937100006	0.478513820766055	0.9989208822153636	1.1348079163535256	0.45044159268688366	0.011758070173987644	0.1666677908157472
RIN2	8.440337681848504	1.1025054858349592	0.7839673307822126	0.15963043032034707	0.776780034028619	-0.2986026825452287	0.6993664269957763	0.669407220105086	0.9989208822153636	1.401108168380188	0.6194528419922345	0.023706796392924882	0.2631640112703784
RIN3	18.184052666820175	0.5782741235491617	0.5378788327597881	0.28232946806318393	0.8632854553136564	-0.23055056239083785	0.4668423103990103	0.621411381047814	0.9989208822153636	0.8088246859399996	0.43400149796646786	0.06237158539387194	0.475522269843619
RIOK3	13.203898727156295	0.7111382751504817	0.6288301168795659	0.2581010016434303	0.8468310989941064	0.36249981595925085	0.5415090222177398	0.5032242450799407	0.9989208822153636	0.34863845919123077	0.4893344552725513	0.47617082220118945	0.9664871084564397
RIPK2	16.650139638774125	0.6236805488174755	0.6194740242855025	0.314035471583881	0.884054626494249	0.37226431235639484	0.5326565451376205	0.48462549485447937	0.9989208822153636	0.2514162364610806	0.4925455781754176	0.6097414313420345	0.9776162491265729
RIPOR2	41.535367436573274	0.7079125387759279	0.5576252296000209	0.2042581181587343	0.8218069288305614	-0.008124178419185356	0.4849676002388262	0.9866344610266152	0.9989208822153636	0.7160367171951131	0.46402496836222284	0.12280662531205666	0.6519910712221864
RIT1	12.423605087714856	-0.6512601187533819	0.6522073555412928	0.3180138731726184	0.8843105230594555	-0.3751524093334997	0.5236243973979126	0.47371151505478526	0.9989208822153636	-0.27610770941988216	0.5519820001352636	0.6169262061335337	0.9777614542981466
RLF	7.709075816227369	1.2830050382300315	0.8167182073703441	0.11619950525944998	0.6928140044243969	0.17776329476687153	0.7273585238549062	0.8069243726057023	0.9989208822153636	1.10524174346316	0.6246582891333943	0.07683479010951652	0.5306873422321944
RNASE2	12.47870538718456	-1.463580668748509	0.8060139439461053	0.06939714509139115	0.5595253038087615	-0.16593529326352957	0.6186132024626427	0.7885164687006458	0.9989208822153636	-1.2976453754849793	0.6992799395435291	0.0634980456855885	0.4828497224008293
RNASE6	49.8516515614088	-0.4319390460008539	0.6258566544887137	0.49009576767995155	0.947054723826513	-0.2988386141596311	0.5344490935835476	0.5760575614302379	0.9989208822153636	-0.13310043184122278	0.5354462257812578	0.8036868234394967	0.9919160079379556
RNASEH2B	8.27455338827444	-0.7675928118055428	0.759287837845827	0.3120461784413281	0.8836419566191195	-0.12986506634588732	0.5860106236368174	0.8246184908602276	0.9989208822153636	-0.6377277454596556	0.6412931741114857	0.32000857999497967	0.8949795328131928
RNASEH2C	19.730126718406108	0.09943700694066987	0.602822556670617	0.8689814748581838	0.9930430668474647	-0.1219207219486746	0.512118222266465	0.8118256865568838	0.9989208822153636	0.22135772888934446	0.49878738764801805	0.6571931518119448	0.9777614542981466
RNASEK	138.15488695751455	-0.12176523235027828	0.40338973171928816	0.7627625542505814	0.9930430668474647	-0.11562897857392086	0.34645388813123823	0.7385682305422199	0.9989208822153636	-0.006136253776357422	0.3441184496869439	0.985773030481995	0.9996889679060499
RNASET2	42.68480444844411	0.2391277018172376	0.4776343934842405	0.6166174039685725	0.9747465964778875	0.0008130244283492427	0.4094631124234313	0.9984157322283788	0.9995227596858943	0.2383146773888884	0.3970296846733411	0.5483436483296665	0.9711498888785488
RNF114	9.43855736110523	-0.9477651735036385	0.7188640868626258	0.1873629105334157	0.8079477058279777	-0.27726121986740204	0.5453386707634428	0.6111586589269382	0.9989208822153636	-0.6705039536362364	0.614089255081162	0.2748914492073241	0.8696706415213846
RNF13	27.402659465318028	0.6960142405469023	0.4745745909652316	0.1424830959937438	0.7512731093109952	-0.26237535701362624	0.4146561441406593	0.5268942637691503	0.9989208822153636	0.9583895975605285	0.3854887837520437	0.012912725587126151	0.17954837483051603
RNF130	47.767560458681736	0.3873313195038423	0.43264088608829754	0.37064164481364614	0.9233513498088938	-0.075887216101456	0.37286116403387953	0.8387233498146227	0.9989208822153636	0.46321853560529835	0.35796651851322686	0.19565590608237204	0.7764647551805768
RNF139	6.8337549458521245	0.682134230268202	0.8780852285208715	0.43725149315384726	0.9434000864669367	-0.0005184054544767133	0.7621678427518918	0.9994573010651087	0.9995227596858943	0.6826526357226786	0.7005083399700229	0.3298031968934524	0.9025357146875582
RNF144B	32.24105736951807	0.3492050000847093	0.588341562319294	0.552818969801645	0.965058301207955	-0.3211702338531591	0.5089346798936609	0.5279988340751316	0.9989208822153636	0.6703752339378684	0.4934812697573975	0.17431733734445964	0.7438319754155864
RNF145	8.354997894852879	-0.22639036827137587	0.8402270284334166	0.7875914767141159	0.9930430668474647	-0.08497517418974107	0.694038367824988	0.9025538516559447	0.9989208822153636	-0.1414151940816348	0.6966310794160134	0.8391360588770396	0.9919160079379556
RNF146	8.403902387058137	-0.6258316551114783	0.8577813627701056	0.46563873332142414	0.9442442286200136	-0.8364092249009809	0.7114741595138642	0.23975464149628367	0.9989208822153636	0.21057756978950257	0.7340035601368787	0.7741972899565569	0.9838015061805645
RNF149	40.8731571869094	1.0344456316992297	0.4299448439977038	0.016128435472080666	0.246928934527096	0.14032316077867482	0.37763511137412265	0.710202612371887	0.9989208822153636	0.8941224709205547	0.344388371617675	0.009424414877786133	0.14021088042901644
RNF166	6.145928608768567	-0.370926952576726	0.8526295229931585	0.6635342405908624	0.9780705608686049	-0.47125248205844666	0.6975564101975672	0.4993097809073693	0.9989208822153636	0.1003255294817207	0.7146177772892358	0.8883514828569136	0.9919160079379556
RNF167	6.004602980824079	0.1571823429624284	0.8266180670634634	0.8491907206639676	0.9930430668474647	-0.11904722216477832	0.6901204653800096	0.8630428189382315	0.9989208822153636	0.2762295651272067	0.6647488479472036	0.6777468278372165	0.9777614542981466
RNF181	25.507147583404166	-0.3628829670967651	0.5167206427715403	0.48250408785539045	0.9442442286200136	-0.25706894552593007	0.4287829602400195	0.548818426566054	0.9989208822153636	-0.105814021570835	0.4337981273809252	0.8072892399306205	0.9919160079379556
RNF19B	7.2662560406391465	1.8930451926711507	0.995615853187193	0.057252109786592724	0.5074699390681578	-0.18600909986143818	0.9043809752503655	0.8370443193108242	0.9989208822153636	2.079054292532589	0.7825500131163293	0.007889357803526714	0.12188849093279366
RNF213	17.10462099582715	0.17790960973432102	0.7526082679855806	0.8131294971669855	0.9930430668474647	0.3259702756696899	0.6398617744319816	0.6104448377331386	0.9989208822153636	-0.14806066593536887	0.6209280214080575	0.8115316175096796	0.9919160079379556
RNF7	24.668103890325796	-0.031886256135036116	0.6076087007412055	0.9581476059816154	0.9964726730517024	-0.014130088115316785	0.5146467977788971	0.9780961177705172	0.9989208822153636	-0.01775616801971933	0.5065435034282837	0.9720370088823189	0.9952132068500601
RNH1	30.656974952382257	0.4115887232440878	0.4850346348560618	0.39611729732311607	0.9293546056084263	-0.08599145790707091	0.41755838962798014	0.8368387464954741	0.9989208822153636	0.49758018115115865	0.39752056500716176	0.21067581648552747	0.7989264729061561
RNMT	12.196099361181536	-0.0057861630492268895	0.594903350931751	0.992239718657334	0.9987011225658877	-0.04308274572472317	0.4911687870666745	0.9301033986619446	0.9989208822153636	0.03729658267549628	0.48318065012079214	0.9384726135997112	0.9944788766041077
RNPEP	10.894787478964899	-0.46587330139832345	0.648734760793399	0.4726795977331638	0.9442442286200136	-0.12390205631296752	0.5145022578237226	0.8096951965395742	0.9989208822153636	-0.3419712450853559	0.5396869464167263	0.5263109417988836	0.9686312519100319
RNPS1	11.775734400171872	-0.3068415233831605	0.5915016623599673	0.6039350468728768	0.9692333260986148	-0.3297156361767651	0.4791337038514691	0.49135861858554497	0.9989208822153636	0.022874112793604597	0.4908712414286564	0.96283282285749	0.9952132068500601
RO60	5.4561821607398775	-0.8370059349662821	0.9168479081366866	0.3612862571386537	0.921891759525816	0.25692368618137695	0.6702127154599715	0.7014628795761926	0.9989208822153636	-1.093929621147659	0.7701554708802759	0.1554909642412963	0.7099105133445635
ROCK1	31.809726457920632	0.36502005411607696	0.5378963767738955	0.49738713308300075	0.9510478797151422	0.3366564628498779	0.4601347714786379	0.46438373794089893	0.9989208822153636	0.028363591266199088	0.4406139777986216	0.9486733228629907	0.9952132068500601
ROMO1	17.706871716949276	0.06811399328373315	0.6501146589058923	0.9165565085037672	0.9931274202454311	-0.13867101238136958	0.5527087381715615	0.801896474335861	0.9989208822153636	0.20678500566510272	0.5400124775810653	0.7017743751040204	0.9777614542981466
RPA2	5.768995892663088	-0.45636519849150653	0.8196098524846092	0.5776587209849675	0.9665616667306404	-0.6457728872556514	0.6642964333512864	0.3309930710751914	0.9989208822153636	0.18940768876414493	0.6914732425929174	0.7841468370104173	0.9838015061805645
RPA3	6.376267766867568	-0.4843005155889681	0.9319478447377634	0.6032972059506245	0.9692333260986148	0.4171986908096168	0.7225965858292902	0.5636959848141829	0.9989208822153636	-0.9014992063985848	0.7662372538556755	0.23938414695369603	0.8488810437303302
RPAIN	6.259418116611223	0.3026956275270132	0.8249846396251589	0.7136856877701705	0.9930430668474647	0.39889929295084114	0.6817766803133248	0.5584886077368596	0.9989208822153636	-0.09620366542382797	0.640419048950032	0.8805911508336814	0.9919160079379556
RPL10	1052.3829037819487	-0.36895579788394656	0.4529900090444232	0.41536434237153497	0.9371282407570434	-0.17148793045281518	0.39182856957182527	0.661632328137394	0.9989208822153636	-0.1974678674311314	0.3917431236754971	0.6142087595626295	0.9777614542981466
RPL10A	276.89269468301876	-0.479337640159457	0.4613365307667321	0.2987956788144511	0.8791901628425216	-0.4185758577691825	0.39777360115401666	0.292663433802248	0.9989208822153636	-0.06076178239027448	0.3979857398223327	0.8786559448650096	0.9919160079379556
RPL11	610.1490555340373	-0.3092861813804954	0.42922846106525897	0.4711783768551514	0.9442442286200136	-0.1687412935059336	0.370936714865422	0.6491769509459151	0.9989208822153636	-0.14054488787456182	0.3706767639230257	0.7045708839292204	0.9777614542981466
RPL12	433.59819363492653	-0.3236178025857287	0.4136424080855336	0.43400228424611753	0.9413246513610868	-0.10366885373867468	0.3569776042410084	0.771504763504539	0.9989208822153636	-0.21994894884705402	0.35665828047021836	0.5374367141164229	0.9686312519100319
RPL13	899.1811554851342	-0.262178600870897	0.45368272417323996	0.5633385487547993	0.9665616667306404	-0.2310151389278692	0.392463813217683	0.5561109329966312	0.9989208822153636	-0.031163461943027784	0.39223384081376605	0.9366737200354038	0.9944788766041077
RPL13A	763.1706462769147	-0.6883353109727056	0.521221613313401	0.18662834140517892	0.8079477058279777	-0.3999210824370478	0.45063261689663986	0.3748281155535401	0.9989208822153636	-0.28841422853565785	0.4509587604049228	0.522460073442975	0.9686312519100319
RPL14	230.40089730306158	-0.20231817841249794	0.42794680749151837	0.6363810038566251	0.9747465964778875	-0.09991661250853676	0.36872883059461875	0.7864095977018292	0.9989208822153636	-0.10240156590396118	0.36760458480686614	0.7805791043467397	0.9838015061805645
RPL15	477.3909413693037	-0.15020289677041723	0.4416913393596023	0.7338090594629778	0.9930430668474647	-0.2217242625489109	0.3818299589916469	0.5614504200858088	0.9989208822153636	0.07152136577849366	0.38114564917505184	0.85115229363116	0.9919160079379556
RPL17	458.7153561240646	-0.5838251275672194	0.46932057378755776	0.21350714328732745	0.8289098832497114	-0.35511676499244793	0.4051807392843952	0.3807906692773676	0.9989208822153636	-0.22870836257477148	0.40554169798026274	0.5727829213001239	0.9711498888785488
RPL18	267.95373695453765	-0.9070786410934211	0.44227235176940327	0.040271780697427685	0.42308121634838675	-0.5057884276791663	0.37986750636237304	0.1830290090950355	0.9989208822153636	-0.4012902134142548	0.38206862209326947	0.29357594712148216	0.8862952892362709
RPL18A	582.4556304129559	-0.30932021427198053	0.4198983461837421	0.4613321817507958	0.9442442286200136	-0.1485409584700962	0.36278612186050324	0.6822131320004836	0.9989208822153636	-0.1607792558018843	0.36250959125424714	0.6573916473287376	0.9777614542981466
RPL19	551.771654854336	-0.25456076079833073	0.4819783009895877	0.5973895835247216	0.9671367302673034	-0.2829383762239151	0.41677329619298753	0.4972149314986587	0.9989208822153636	0.02837761542558433	0.4164200015833635	0.9456689195420112	0.9949039342856357
RPL21	895.3858763792144	-0.33679649531578615	0.46484132281487645	0.4687337997302645	0.9442442286200136	-0.19726974608812295	0.4020616052187443	0.6236771487161702	0.9989208822153636	-0.1395267492276632	0.40192536217322494	0.7284816975903348	0.9791790689447051
RPL22	206.50103290187988	-0.25640031557898013	0.36639093219706204	0.48405231495309586	0.9442442286200136	0.02575120988882389	0.31425880839876186	0.9346922924898722	0.9989208822153636	-0.28215152546780403	0.31329846864728705	0.36780965111149266	0.9224426087386502
RPL22L1	14.757486090980322	-0.5442580291572756	0.6204797022015169	0.38040144259442055	0.9253095413320528	0.1907276423581942	0.4907267550534118	0.697524989557885	0.9989208822153636	-0.7349856715154698	0.516234752977721	0.15452085008549074	0.7099105133445635
RPL23	213.37775105672608	-0.45045662023637145	0.39659647371253615	0.2560378015016289	0.8465985659120362	0.0660399430508071	0.3397750496898791	0.8458910944385082	0.9989208822153636	-0.5164965632871785	0.34014857291918427	0.12890250396796926	0.6744787284961602
RPL23A	388.59442773867744	-0.45184499694894603	0.462045478085116	0.32811230495886046	0.8904128237888317	-0.2564900586501237	0.3987924847856127	0.5201159184002477	0.9989208822153636	-0.1953549382988224	0.39885002221695953	0.6242786291090767	0.9777614542981466
RPL24	209.3529778083728	-0.5598981468279378	0.4174502958966308	0.17984478871471588	0.8003841758707272	-0.3090875098299364	0.35834892087395176	0.38839468065023597	0.9989208822153636	-0.2508106369980014	0.3592715844598392	0.4851091859512098	0.9686312519100319
RPL26	751.9669263610726	-0.3701550437049607	0.46655405251512583	0.42755597332130413	0.9403836536671231	-0.28856040152955453	0.40346156440542635	0.4744782861912059	0.9989208822153636	-0.08159464217540618	0.40335490626645243	0.8396900594942968	0.9919160079379556
RPL26L1	6.81790908185521	-1.3257783958954135	0.9097554865155933	0.14503609644432797	0.7548087352463534	-0.507471217212782	0.6849487803896032	0.4587605683613212	0.9989208822153636	-0.8183071786826315	0.7917389599683432	0.3013434081915989	0.8862952892362709
RPL27	254.54352770195635	-0.4349034687741813	0.41906812510121133	0.29936921216586543	0.8799733618386784	-0.20185261570143637	0.3605834467761941	0.5756196431932854	0.9989208822153636	-0.2330508530727449	0.3606856793945875	0.5181933458052176	0.9686312519100319
RPL27A	414.969717279889	-0.6090927339194621	0.43586883547816013	0.1622866837245176	0.776780034028619	-0.2581078106992965	0.3758032036459075	0.4921984215735207	0.9989208822153636	-0.35098492322016556	0.3763418166789413	0.35101480597173107	0.9151923174089035
RPL28	585.8349732981297	-0.46193914297764416	0.39010673521783146	0.23635952172256947	0.8377005764365608	-0.23750795411732975	0.3367519449844668	0.48062945931817735	0.9989208822153636	-0.2244311888603144	0.33681808996507234	0.505201729173492	0.9686312519100319
RPL29	342.5290123275698	-0.6817421359358327	0.46712863112935443	0.14444644197085976	0.7544306455746785	-0.3308147573740807	0.40256714327987514	0.4112118323631384	0.9989208822153636	-0.3509273785617519	0.4034199273919117	0.38436537376757707	0.9224426087386502
RPL3	372.5854398361025	-0.3198230701119206	0.42992059501158225	0.45692974264834996	0.9440800184231919	-0.17652752860459	0.37101182329801025	0.6342166719130233	0.9989208822153636	-0.14329554150733062	0.3706549820820337	0.6990517078504555	0.9777614542981466
RPL30	350.77361337353796	-0.4847009932874262	0.46520921352467864	0.2974585288175441	0.8770584634445198	-0.20801157492930594	0.401263064222261	0.6041847734246384	0.9989208822153636	-0.2766894183581202	0.401444774249872	0.490675975614398	0.9686312519100319
RPL31	304.8820933500458	-0.5626122521783065	0.4447214978026753	0.20583944396944254	0.8228105461966762	-0.39615140126804405	0.3832377841075632	0.30127825877333103	0.9989208822153636	-0.16646085091026244	0.38375779935885895	0.6644588178960733	0.9777614542981466
RPL32	691.562856869055	-0.42231150239459914	0.42251247950922716	0.3175407597323151	0.8843105230594555	-0.17946734523168975	0.3650707995431424	0.6230049708282126	0.9989208822153636	-0.24284415716290936	0.3650404984258586	0.5058889134510391	0.9686312519100319
RPL34	955.4032143471526	-0.4513863699304628	0.4438843534440328	0.3092006058026783	0.8836419566191195	-0.39751321433071785	0.38390961875876073	0.3004661013941895	0.9989208822153636	-0.053873155599744954	0.3839183717531757	0.8884036034330498	0.9919160079379556
RPL35	271.83867793505175	-0.5002127498360124	0.3701308565843227	0.17655184207609476	0.7922694731408454	-0.21711867159353185	0.3178426700137749	0.49454297217067367	0.9989208822153636	-0.28309407824248056	0.3183390838727389	0.3738500894923199	0.9224426087386502
RPL35A	457.16883271816215	-0.35321633490016136	0.4666059971025659	0.4490555182303313	0.9440800184231919	-0.35517530464072816	0.40320344018079063	0.3783808158318035	0.9989208822153636	0.0019589697405667976	0.40300711247595306	0.99612159312466	0.9996889679060499
RPL36	288.7866736941707	-0.5175565100391203	0.4181466323477525	0.2158127508183415	0.8293582625408211	-0.20018297579856775	0.35981419531035425	0.5779709510669233	0.9989208822153636	-0.31737353424055254	0.36025852881734466	0.37833919893542267	0.9224426087386502
RPL36A	284.38884599061095	-0.8162741582091972	0.380835863021999	0.0320829798503297	0.37010985017880893	-0.34167619910999775	0.3263720162481891	0.2951494679128025	0.9989208822153636	-0.47459795909919955	0.3284374848329232	0.14845293096294207	0.703705451967193
RPL36AL	103.86718661165047	-0.48438292441954833	0.4693648635967752	0.30207372920708386	0.8836419566191195	-0.3399258420843805	0.40139289320003935	0.39707002634766064	0.9989208822153636	-0.14445708233516788	0.40246682580298265	0.7196480797771415	0.9777614542981466
RPL37	248.2860058093648	-1.2052815582405476	0.458887171339451	0.008626003694629748	0.165746634749832	-0.2833466859060499	0.3923214205861223	0.4701524764379186	0.9989208822153636	-0.9219348723344977	0.3966646029063397	0.02011383165150588	0.24070650992785725
RPL37A	290.5863660359981	-0.8512934846605402	0.41067679252122613	0.03818123312506883	0.41448217906235635	-0.15467424668647806	0.3520258352564471	0.6603838795860095	0.9989208822153636	-0.6966192379740621	0.3542097143044718	0.04921943758731255	0.412114605405989
RPL38	200.46406319111688	-0.5740648432454637	0.41346791196648147	0.16501086428401968	0.7783231032819024	-0.05068158211653319	0.3540057102465574	0.8861590798900523	0.9989208822153636	-0.5233832611289304	0.35522324460953003	0.14064523393971184	0.6993501713635804
RPL39	671.0311656553508	-0.677294520284535	0.3928261899929324	0.08467927695421512	0.6093571190959488	-0.18659693979902645	0.33889461556037037	0.581904743591326	0.9989208822153636	-0.4906975804855085	0.3394165024390771	0.1482587660717294	0.703705451967193
RPL4	135.76854998436718	0.009132408230093623	0.439316933658549	0.9834149739936882	0.9969961297960088	0.28180370847071823	0.3774371674343025	0.4552904599130111	0.9989208822153636	-0.2726713002406246	0.3736785694713557	0.46557677470898207	0.9649020091689738
RPL41	1103.4007729181292	-0.2947158250014425	0.4166760089790363	0.47937874763370436	0.9442442286200136	-0.17543410656857505	0.36042054374855165	0.6264366736658913	0.9989208822153636	-0.11928171843286743	0.3602488830808	0.7405620048315782	0.9803559971046334
RPL5	158.65485262059545	-0.44581007418616575	0.4267212676836302	0.2961460807060369	0.87543166114067	-0.11173106318344415	0.36547869653781256	0.7598242693495235	0.9989208822153636	-0.3340790110027216	0.36591756046428187	0.3612478907931328	0.9224426087386502
RPL6	331.93416248207853	-0.20724195149709432	0.5248648218388978	0.6929548905598066	0.9880128743390071	-0.34369534374580096	0.4537178873886036	0.4487450280105906	0.9989208822153636	0.13645339224870665	0.45307324323413856	0.7632826373963661	0.9809070145248762
RPL7	685.8721818632893	-0.03566241594524582	0.5000809145615935	0.9431484172165339	0.9962366574728068	-0.2519463849411138	0.4327823203850507	0.5604622917460265	0.9989208822153636	0.216283968995868	0.43219457308843423	0.6167709675735191	0.9777614542981466
RPL7A	198.52695181891406	-0.6117348331784865	0.5093532905432947	0.22975003519303983	0.8364065817347909	-0.3290447728719882	0.43822787791055623	0.4527410516592302	0.9989208822153636	-0.2826900603064984	0.43923882496166206	0.5198408271302912	0.9686312519100319
RPL8	359.7360894155377	-0.38668834725997336	0.44601451600641273	0.38594967306986994	0.9257411016933377	-0.12379741922156673	0.38474254956925796	0.7476292883208988	0.9989208822153636	-0.2628909280384067	0.38460112395648954	0.49426457360673204	0.9686312519100319
RPL9	305.2377350161259	-0.7957582923329486	0.4249438813890811	0.06112091618665884	0.5208011400071556	-0.20864389841854203	0.3649751565659091	0.5675482531359906	0.9989208822153636	-0.5871143939144066	0.3666526678788173	0.10931442769483916	0.6322837291184775
RPLP0	135.10591559246126	-0.17238370666257422	0.5405763391653677	0.7498108845168572	0.9930430668474647	-0.06527682066562561	0.46566431165425726	0.8885177778672718	0.9989208822153636	-0.1071068859969486	0.46394394157170954	0.8174222477572521	0.9919160079379556
RPLP1	1119.401474707637	-0.20616364529476516	0.45628554893733464	0.6513912257117602	0.9756318293502411	-0.22801153802622579	0.39484194043470294	0.5636182997866717	0.9989208822153636	0.02184789273146063	0.39460156165937893	0.9558461097703574	0.9952132068500601
RPLP2	552.0118349730321	-0.4569065778780659	0.48285414895233064	0.34401492235157505	0.9045229409055333	-0.16623848830766974	0.41718946790533346	0.6902819994911393	0.9989208822153636	-0.29066808957039614	0.417226075657668	0.48601053853674403	0.9686312519100319
RPN1	10.81628905437318	0.4688219527514445	0.7024139634958373	0.5044885983670344	0.9510478797151422	0.3444250605406791	0.5971104346722849	0.5640612615611942	0.9989208822153636	0.12439689221076537	0.5558089560727366	0.8229033427739272	0.9919160079379556
RPN2	10.722991461299687	0.030700432000687887	0.7605994410521926	0.9678033539737193	0.9964726730517024	0.6800145440169268	0.6239869767172838	0.2758058176755521	0.9989208822153636	-0.649314112016239	0.6102453226821246	0.287318983374804	0.8810043405652552
RPP21	10.400848969586669	-0.6178964695566277	0.7406659869831532	0.404143262500536	0.9303447963011624	-0.257821015104505	0.5944185498780179	0.6644798057692258	0.9989208822153636	-0.36007545445212263	0.6245697612165655	0.5642653828966973	0.9711498888785488
RPP25L	5.6645561133029565	0.13756393047802495	0.9404851649860829	0.8837089481716545	0.9930430668474647	0.6129197319720869	0.7684903195504936	0.42512391268620897	0.9989208822153636	-0.475355801494062	0.7411967577891326	0.5213047220617262	0.9686312519100319
RPS10	72.8684332060659	-1.38601349626802	0.6271957112814481	0.02711501490712671	0.3345503345078604	-0.8251676816974917	0.5316382405168129	0.12063291222470414	0.9989208822153636	-0.5608458145705282	0.543526122038784	0.3021351635353451	0.8862952892362709
RPS11	231.0370299884155	-0.792257596956435	0.4417887308571518	0.0729257394015852	0.5751691237100232	-0.3297719837066331	0.37901715006505227	0.38426138420347555	0.9989208822153636	-0.46248561324980203	0.3810664524430007	0.22487708105613835	0.8238909368681606
RPS12	524.7173076771203	-0.5026656342361969	0.4855362250930753	0.3005384642525436	0.8825042288769562	-0.17898356992616052	0.4194077256944499	0.6695591303360207	0.9989208822153636	-0.3236820643100364	0.41954637300735725	0.4404077449043837	0.954365942691012
RPS13	593.6407668768695	-0.2633593669597281	0.46202063319869296	0.5686665324450226	0.9665616667306404	-0.13241015706894682	0.39940815378436856	0.7402548262962418	0.9989208822153636	-0.13094920989078132	0.3990663558509556	0.7428066147626547	0.9803559971046334
RPS14	954.7431450449393	-0.0011819390353987054	0.4838331881832422	0.9980508778785098	0.9992862904273713	-0.19093359274858504	0.4187936715854687	0.6484523458852669	0.9989208822153636	0.18975165371318634	0.4183105407663562	0.6501064410151676	0.9777614542981466
RPS15	653.206300940473	-0.3526547066458746	0.4469841377289104	0.4301326378920505	0.9403836536671231	-0.3022625101196648	0.3864230490558536	0.4340933933033535	0.9989208822153636	-0.05039219652620984	0.38626972602654186	0.8962036294148283	0.9919160079379556
RPS15A	540.4825418334079	-0.3304817624244303	0.45333229467862785	0.4659982626787422	0.9442442286200136	-0.1826393832297357	0.3917362986646041	0.6410505696007613	0.9989208822153636	-0.1478423791946946	0.3915048823342111	0.7057085297838299	0.9777614542981466
RPS16	330.5129266482682	-0.4638794672034254	0.47725138074668033	0.33105979984612444	0.8913583262222409	-0.39595256395026746	0.41190486267741866	0.33641548022137757	0.9989208822153636	-0.06792690325315794	0.4120097321883455	0.869048486111402	0.9919160079379556
RPS17	281.1541627719646	-0.44636114395999243	0.5008779609742868	0.3728446891400147	0.9233513498088938	-0.4030120110848744	0.4322473224451827	0.35114824145853774	0.9989208822153636	-0.04334913287511805	0.4323062096954463	0.9201266882417497	0.9941706264930981
RPS18	762.4176225406532	-0.4475231146428103	0.4242777905832787	0.2915223021472143	0.872705734126212	-0.29168842825140917	0.36671628584973537	0.4263772215196636	0.9989208822153636	-0.15583468639140113	0.36672765325901213	0.6708855083827782	0.9777614542981466
RPS19	558.1840505258812	-0.13631390773823088	0.40136202646786934	0.7341364539451569	0.9930430668474647	-0.2727363761502203	0.34699790229724203	0.43187419842257346	0.9989208822153636	0.1364224684119894	0.3463359724656893	0.6936533165775909	0.9777614542981466
RPS19BP1	11.947318837161847	0.36957053351706226	0.6173077820960706	0.5493855289532273	0.965058301207955	0.19102844640001718	0.5199691286364222	0.7133324496330586	0.9989208822153636	0.17854208711704506	0.48661287592897234	0.7136877511269604	0.9777614542981466
RPS2	881.8963142912879	0.22184382134728095	0.515026845615027	0.6666557958880193	0.9780705608686049	0.009028876419204825	0.4458937801976534	0.9838447873696397	0.9989208822153636	0.21281494492807612	0.44512966289117345	0.6325815054039392	0.9777614542981466
RPS20	251.91231066785113	-0.9729119211436391	0.4552147298891161	0.03257690612820812	0.37010985017880893	-0.36019917769308707	0.3904012804171857	0.3561957240381908	0.9989208822153636	-0.6127127434505519	0.3931729977890412	0.11914331101013355	0.6478556203902979
RPS21	161.385782926494	-0.7365117611073286	0.4058647979096424	0.06957422569190329	0.5595253038087615	-0.09815125886759626	0.34538480494522855	0.7762728742432037	0.9989208822153636	-0.6383605022397324	0.3485437080703289	0.06702479214419735	0.4967319620838991
RPS23	481.1555346185839	-0.6534242345064112	0.48714101817654554	0.17980842215220705	0.8003841758707272	-0.4348159754857572	0.42067056307760975	0.3013111018911562	0.9989208822153636	-0.21860825902065398	0.4211491036198073	0.6037079642728577	0.9771769709959781
RPS24	540.1366229242777	-0.7497822454367642	0.42418190042284215	0.077128461303907	0.5897981940306478	-0.25999319765589024	0.3657862578475609	0.47722118386026136	0.9989208822153636	-0.48978904778087395	0.36656296696004836	0.1814949550419689	0.7517237854220555
RPS25	332.2458371407209	-0.13236552702471918	0.3932215074653452	0.736404713465336	0.9930430668474647	-0.029893815753107036	0.3392266898096259	0.9297785830437723	0.9989208822153636	-0.10247171127161216	0.3380537353933814	0.7617964675222153	0.9809070145248762
RPS26	146.33388982019375	-0.2668305943759976	0.6757066647268868	0.6929232079795837	0.9880128743390071	-0.3204596108925904	0.5834904940706297	0.5828604056913899	0.9989208822153636	0.053629016516592756	0.582678643340245	0.9266672487373452	0.9941706264930981
RPS27	732.5294245159289	-0.5535622372316436	0.4191786416213488	0.18663881341166855	0.8079477058279777	-0.17112454009091035	0.3620566501031548	0.6364659305143596	0.9989208822153636	-0.3824376971407332	0.36226459953362605	0.2911116561454663	0.8862952892362709
RPS27A	530.0369238007071	-0.34506441566524304	0.45373301740146493	0.44695516884795794	0.9440800184231919	-0.09914771226818891	0.39198373144275633	0.8003158655977751	0.9989208822153636	-0.24591670339705415	0.3917753067301439	0.5302015835346242	0.9686312519100319
RPS27L	32.08652544802491	-0.3911171033129552	0.5283365787487374	0.4591299981949911	0.9440800184231919	-0.15240956491208763	0.4419238436158926	0.7301865097576865	0.9989208822153636	-0.23870753840086756	0.44550555612997017	0.5920879986005492	0.9713108878987808
RPS28	548.7393425616345	-0.49307230997561097	0.4345563594181365	0.25651916195763125	0.8465985659120362	-0.256145907169847	0.37526065476466175	0.49487145109309016	0.9989208822153636	-0.23692640280576396	0.3753877980570647	0.527941764727843	0.9686312519100319
RPS29	383.1010372695793	-0.41579705473315176	0.3713484053999457	0.2628436394340993	0.8495626244524487	-0.015433432737046514	0.31965488589900115	0.9614918599147497	0.9989208822153636	-0.4003636219961053	0.3196448684296682	0.21037813105640257	0.7988350360009044
RPS3	389.5898883869766	-0.04856673070546428	0.44830557293422924	0.9137307624759142	0.9930430668474647	-0.12211245175729674	0.3875111129799966	0.7526706420221358	0.9989208822153636	0.07354572105183245	0.3863840431497271	0.8490399079117508	0.9919160079379556
RPS3A	594.1064987772239	-0.231523350920244	0.45868775076316703	0.6137333526319467	0.974012521388727	-0.2115571220018609	0.39660441627844406	0.5937421879160865	0.9989208822153636	-0.019966228918383105	0.3962106409237374	0.9598092424674091	0.9952132068500601
RPS4X	505.19971807217826	-0.28013408003887696	0.5352465461298236	0.6007140733381044	0.9679807403269565	-0.4071672445416171	0.46295928394828245	0.379136608179094	0.9989208822153636	0.1270331645027402	0.46266667509638415	0.78364865083742	0.9838015061805645
RPS4Y1	43.37396056118744	0.9414069143218098	2.8633585906800985	0.7423241255745996	0.9930430668474647	0.5496304880937465	2.4805030097003162	0.8246406550652647	0.9989208822153636	0.3917764262280633	2.473985807282402	0.874174394578065	0.9919160079379556
RPS5	146.35459188425023	-0.4745084779436121	0.43846196355974093	0.27915866234137754	0.8619818058614257	-0.1751218546218498	0.3754493808643412	0.6409058360532576	0.9989208822153636	-0.29938662332176236	0.37614846341412356	0.42607461319452977	0.9432432680273137
RPS6	554.6331068140656	-0.17924237824724876	0.43901495476422786	0.6830658592817309	0.984112860298227	-0.042436321404485146	0.37945015018703104	0.9109531618276944	0.9989208822153636	-0.1368060568427636	0.37887844695795236	0.7180384062995875	0.9777614542981466
RPS6KB2	3.527894919004087	0.3721646557673955	1.0984213306184656	0.734747020589293		0.8344101944162864	0.8997585932881842	0.35373384531948704	0.9989208822153636	-0.46224553864889084	0.8317815661658047	0.5783957992403528	0.9711498888785488
RPS7	256.1323848984984	-0.3108729468043044	0.46013556611349016	0.4992872460029987	0.9510478797151422	-0.1581089537272559	0.39669165302209397	0.6902108847877289	0.9989208822153636	-0.15276399307704852	0.3961949135427455	0.6998093212605372	0.9777614542981466
RPS8	504.82728058744846	-0.5705029557946494	0.4120788121024599	0.16622037800001843	0.7783231032819024	-0.1692141294961725	0.35540709584957336	0.6339934933551634	0.9989208822153636	-0.40128882629847684	0.3557790791998817	0.2593555023711087	0.8590598895388247
RPS9	592.7884664902376	0.18562760374317516	0.3904707827003252	0.6345059211846824	0.9747465964778875	-0.17824423879320142	0.3379428341751111	0.5978887495123069	0.9989208822153636	0.3638718425363766	0.33663158202802806	0.2797326577948678	0.8745389301509785
RPSA	83.05776082258122	-0.5826147408732882	0.543058543557727	0.2833430648622248	0.8632854553136564	-0.13232292049682692	0.4630201036384013	0.7750449146378275	0.9989208822153636	-0.4502918203764613	0.4655383581557635	0.33341924041784765	0.906426672553806
RRAGC	4.556553067677025	-0.5215900826923856	0.9581141853267756	0.5861714732180812		0.14866015892336704	0.731568288289429	0.8389728552749864	0.9989208822153636	-0.6702502416157526	0.7908750514885315	0.39672801554382375	0.9275297455443251
RRBP1	10.562048462123526	0.9156701479056968	0.822898645000768	0.26582120221067806	0.8526404634243385	0.4179364046046185	0.7168164096628462	0.5598628373099956	0.9989208822153636	0.4977337433010782	0.6496931671379563	0.44361331580324603	0.9556839401475558
RRP7A	8.845850011200053	0.7007389710007155	0.7041602727613682	0.3196675451403357	0.8843105230594555	0.07475310850795566	0.608809597823185	0.9022768036836245	0.9989208822153636	0.6259858624927598	0.547016952447973	0.2524732005158099	0.8538097912004194
RSF1	11.842033438223249	1.3011839391752356	0.7244782093754704	0.07248989066226924	0.5748990497675258	0.9492393800407675	0.637081738244309	0.13622935784900173	0.9989208822153636	0.3519445591344682	0.537101826303409	0.5122965147449786	0.9686312519100319
RSL1D1	29.521850536628538	-0.3754017065215736	0.4999537245650404	0.4527291469401432	0.9440800184231919	-0.24584650065891148	0.41608426534041065	0.5546159174658667	0.9989208822153636	-0.12955520586266212	0.42050414629546984	0.7580100802726936	0.9809070145248762
RSL24D1	32.557838678352844	-0.638973173732946	0.5571683961207877	0.25145504687207565	0.8447733157557729	-0.13285647713414023	0.4624835501032957	0.7739075322513266	0.9989208822153636	-0.5061166965988059	0.47311429751863654	0.28472930632869575	0.8795598633001563
RSRC2	22.37311866753838	-0.47092431874108787	0.5449309784270205	0.3874831048963041	0.9257411016933377	0.17987273480073077	0.44152086971138504	0.6837189962743785	0.9989208822153636	-0.6507970535418186	0.4543139149098322	0.15200558086967084	0.7099105133445635
RSRP1	30.543089505626856	-0.8907250507876611	0.617549023332836	0.1492021927012549	0.7584772449523672	-0.7761279986440804	0.5179460663078191	0.13401050130376266	0.9989208822153636	-0.11459705214358068	0.5319050549270748	0.8294192637217377	0.9919160079379556
RSU1	8.395938122215826	0.6397527389115856	0.7018278149102929	0.3620044571388462	0.9228942518731182	0.12389730260753912	0.6031808220329465	0.8372544890704438	0.9989208822153636	0.5158554363040465	0.5445929374346432	0.3435209664473846	0.9143359608165523
RTF1	13.806833988600863	0.4794158650982992	0.5886208894269994	0.41537399144976883	0.9371282407570434	0.32559996314215933	0.49901058941344334	0.5140844192230548	0.9989208822153636	0.15381590195613987	0.4611849968168404	0.7387393700470241	0.9803559971046334
RTF2	14.486335360008601	-0.30325514776639284	0.5625125397877639	0.5898121672281844	0.9671367302673034	-0.4782244629722869	0.4623809973727797	0.30101231385241045	0.9989208822153636	0.174969315205894	0.4701621110107285	0.7097835689357915	0.9777614542981466
RTN3	30.191359143816992	0.04750149537972791	0.5359441762698794	0.9293748338327871	0.9962366574728068	-0.004110984220970206	0.45536312918377897	0.9927968557981468	0.9989208822153636	0.05161247960069811	0.4458817542040542	0.9078477159656057	0.9933939763059726
RTN4	43.954096801244695	-0.09042838279766884	0.4707431052210147	0.8476661507350817	0.9930430668474647	-0.09539695415102101	0.39962019672568727	0.8113234431678384	0.9989208822153636	0.004968571353352179	0.39496004167990845	0.9899629294271473	0.9996889679060499
RTRAF	24.81467884425327	-0.3054361059065923	0.5304772979709159	0.5647665859102355	0.9665616667306404	0.1507087321016362	0.43587691459286887	0.7295232089952888	0.9989208822153636	-0.4561448380082285	0.44023018034979633	0.3001318122097313	0.8862952892362709
RUNX1	9.261180466865932	1.215163894887213	0.7458322330469193	0.10325535980728573	0.6673139844881695	0.27008346054877325	0.6607119160842748	0.6827037360929455	0.9989208822153636	0.9450804343384398	0.5716251228653898	0.09826533260056847	0.604455246333015
RWDD1	19.08124208468493	0.8368034133304966	0.5599567244816992	0.13506919630951295	0.7388049390819276	0.4769186535647568	0.4850600257653442	0.3255012682573116	0.9989208822153636	0.3598847597657397	0.4356570685656194	0.40876239868491415	0.9388875702500519
RXRA	8.960171980971499	-0.047198950706991656	0.7447730502164508	0.9494690077071768	0.9962366574728068	-0.22727355450007367	0.6212194931409482	0.7144765237561622	0.9989208822153636	0.18007460379308202	0.6129540328725064	0.7689248119012151	0.982608512363916
RYBP	12.948592089167661	0.2440047381454108	0.6796001270942001	0.7195639456734793	0.9930430668474647	-0.1498653225364909	0.579176214418188	0.7958235061089891	0.9989208822153636	0.3938700606819017	0.5557960918644269	0.47853593714568443	0.9664871084564397
S100A10	244.25963503506463	-0.2792892510482929	0.39950502868252313	0.4844969129383555	0.9442442286200136	-0.03492652415084979	0.34368725802581956	0.9190559366218791	0.9989208822153636	-0.24436272689744312	0.3429705270215326	0.47616202235974314	0.9664871084564397
S100A11	316.1614786238484	-0.01024842789926872	0.380997826236257	0.9785403594205365	0.9964726730517024	0.11622650323681286	0.32867828692706635	0.7236253087921052	0.9989208822153636	-0.12647493113608158	0.3268426682540851	0.698786065002679	0.9777614542981466
S100A12	433.7050854554209	-0.21831857736202984	0.6918651827220988	0.75234352466102	0.9930430668474647	-0.1761316480627833	0.5985997160604347	0.7685749414573011	0.9989208822153636	-0.042186929299246514	0.5982063699989134	0.9437778984007351	0.9944788766041077
S100A4	822.806451200343	-0.09457437783463588	0.5166195893948315	0.8547479095762256	0.9930430668474647	-0.14290895974091772	0.4470841584964699	0.74923619603524	0.9989208822153636	0.04833458190628185	0.4466577759877361	0.9138260155461061	0.9933939763059726
S100A6	743.8801544306402	-0.36454713713742853	0.4266393067008103	0.39284897543396124	0.9287813119565698	-0.41284637723156553	0.36890467923372405	0.2630915241024494	0.9989208822153636	0.048299240094137004	0.3687855202428259	0.8958003254320828	0.9919160079379556
S100A8	3106.261921979663	-0.1472322129466514	0.5685613632668729	0.795669411429472	0.9930430668474647	-0.43100743182237117	0.49232660011123963	0.38132898316181285	0.9989208822153636	0.28377521887571977	0.4922445629118774	0.5642824473772285	0.9711498888785488
S100A9	2794.1508381628078	-0.47228331074565855	0.5276743287789575	0.3707721086143171	0.9233513498088938	-0.1518485366675901	0.456799052084001	0.7395731372390386	0.9989208822153636	-0.3204347740780685	0.45680736348541484	0.48301232772159663	0.9686312519100319
S1PR4	6.382985319981742	0.11367640450912737	0.8786103345083577	0.8970553518692095	0.9930430668474647	0.24480350243774662	0.7268802025797181	0.7362777851801159	0.9989208822153636	-0.13112709792861926	0.7038895761766331	0.8522178962818137	0.9919160079379556
SAMD9	5.928636806741466	-1.1658955114752918	0.9009793073755219	0.19565457616177573	0.8186597563383513	-0.19939500248620354	0.6572031017334077	0.7615855309951269	0.9989208822153636	-0.9665005089890882	0.7768148357492036	0.21343188921223177	0.8051952409557065
SAMHD1	31.00411488969631	-0.05479690367175786	0.6685766613681263	0.9346780929843485	0.9962366574728068	0.24203965489355894	0.569048953940582	0.6705883606403295	0.9989208822153636	-0.2968365585653168	0.5619125875078774	0.5973181306474638	0.9739261832300296
SAMSN1	89.23185365629236	0.7885758057692663	0.4891973314865287	0.10696651820490323	0.6760378402221588	-0.4604913211804189	0.42651840045514344	0.28029730450480494	0.9989208822153636	1.2490671269496851	0.41527163669756795	0.0026311894623887193	0.05262378924777439
SAP18	43.19468032131306	-0.07035494926995577	0.4145938173791143	0.8652491501076429	0.9930430668474647	-0.1809585218641987	0.35037550305625215	0.6055260156235922	0.9989208822153636	0.11060357259424293	0.3457272909569752	0.7490322703905606	0.9803559971046334
SAP30	15.589997013861334	0.24419894732968106	0.8314782600755882	0.7689928689019837	0.9930430668474647	0.5781086994006099	0.7072325368813795	0.41368628596000423	0.9989208822153636	-0.3339097520709288	0.6835885246984194	0.625219803068668	0.9777614542981466
SAP30BP	7.286877906000588	0.26156490528344134	0.7390045791254692	0.7233822017102142	0.9930430668474647	0.18010692528523053	0.6131616217822634	0.7689605365562553	0.9989208822153636	0.08145797999821078	0.5805500280379534	0.8884136951579696	0.9919160079379556
SAR1A	9.834574930056954	-0.8262710170234735	0.6598254635080169	0.21047625321448193	0.8265398871446339	-0.5842856828343637	0.5129548963976568	0.25467871620373295	0.9989208822153636	-0.2419853341891099	0.5644273173766782	0.6681217755488607	0.9777614542981466
SAR1B	6.406973647656108	0.12167662686354645	0.8909377250920207	0.8913695713260118	0.9930430668474647	-0.20042695161849597	0.7532065779468504	0.79016354340321	0.9989208822153636	0.3221035784820424	0.7302627979244088	0.6591558119867436	0.9777614542981466
SARAF	40.32158053556098	-0.11696224950557053	0.46769672711612803	0.8025244043136035	0.9930430668474647	-0.1266199805794333	0.3957642363420192	0.7490154029556615	0.9989208822153636	0.009657731073862762	0.39173871804685534	0.9803313442206807	0.9983332368471766
SARNP	15.341904070184583	0.17660528253214514	0.6376436795418642	0.7818066188986551	0.9930430668474647	0.06275543618503028	0.5391637597743603	0.9073402763740913	0.9989208822153636	0.11384984634711487	0.5202952322191706	0.826791998021396	0.9919160079379556
SARS	8.357711921670143	0.6937960145892256	0.7273863100315747	0.34017448240350434	0.9005240142553081	0.7983488327685027	0.6141934802020212	0.19365828013240038	0.9989208822153636	-0.10455281817927704	0.5384694198094915	0.846045373805318	0.9919160079379556
SASH3	8.683806393455965	0.00763488386011103	0.8437263430383086	0.9927800371885179	0.9987011225658877	-0.09450285969403785	0.7078340336891893	0.8937901256433944	0.9989208822153636	0.10213774355414887	0.6939421918716137	0.8829861568273507	0.9919160079379556
SAT1	619.9006937806619	-0.15738424266884113	0.4662131138667688	0.7356796841378652	0.9930430668474647	0.3109446974940265	0.40294383678208934	0.440302512477453	0.9989208822153636	-0.4683289401628676	0.4023468097936886	0.24442677806993973	0.8530899342927205
SAT2	22.755022052727853	-0.06085035350704354	0.5395069563557334	0.9101979813674449	0.9930430668474647	0.26488174601878384	0.44754383142918874	0.5539466545603999	0.9989208822153636	-0.3257320995258274	0.44168489708365427	0.4608328113225906	0.9618526154838917
SBDS	9.073545571627877	-0.6026149179850965	0.7200365171105317	0.40263601040156694	0.9303447963011624	0.021860584400216727	0.5573144481453366	0.9687111088997724	0.9989208822153636	-0.6244755023853132	0.6006100052606897	0.29846283497506676	0.8862952892362709
SBF2	9.399282369429262	2.6162198051164616	0.8385936038760202	0.0018099183494589253	0.061688050410725045	0.26274784066490214	0.7842757330821203	0.7376102065534903	0.9989208822153636	2.3534719644515594	0.5985558642407165	8.427117132218564e-05	0.003154766926420283
SCAF11	25.061020684536008	0.8462278819476982	0.5678753233403822	0.13618087948608723	0.7388049390819276	1.44662549728566	0.48542114646005213	0.0028811178554486367	0.9989208822153636	-0.6003976153379619	0.4322327052194321	0.16481418653033397	0.7238560593495121
SCAMP2	9.373785192086272	0.0005367465111402983	0.7156118521584116	0.9994015446881479	0.9994015446881479	0.03575648392496809	0.5922914097748113	0.9518611512548371	0.9989208822153636	-0.035219737413827785	0.5817121904226268	0.9517216139236447	0.9952132068500601
SCAND1	24.849140011921907	-0.05654478645448	0.592553301449654	0.9239767399284454	0.9955441760923903	0.27585399159398777	0.49755581929425835	0.5792926872368762	0.9989208822153636	-0.33239877804846774	0.4903609743081985	0.49785698794131117	0.9686312519100319
SCIMP	11.690586215388592	-0.5426019264665433	0.6687907335217843	0.417183104832502	0.9382523402478029	-0.6619319620861996	0.5475672154303283	0.22671673540602366	0.9989208822153636	0.11933003561965638	0.5677150162187852	0.8335166121385418	0.9919160079379556
SCLT1	6.072676074670653	0.8356996396223919	1.0022828140028897	0.4043958156841315	0.9303447963011624	-0.49866432037963176	0.8846624293710773	0.5729736220318209	0.9989208822153636	1.3343639600020236	0.8194256234860148	0.10343718205827172	0.6170590063092133
SCNM1	8.940376810147255	-0.5671380536056458	0.7793791147130017	0.4668099207382065	0.9442442286200136	-0.1740841990636568	0.6241032585948418	0.7802947613089973	0.9989208822153636	-0.39305385454198905	0.6543266133029366	0.5480399636888904	0.9711498888785488
SCO2	10.622096266937573	0.9113005806408158	0.8017310039449783	0.2556778297196908	0.8465985659120362	0.8820006730146212	0.6929192971105979	0.20306187800453512	0.9989208822153636	0.02929990762619467	0.6183840863696618	0.9622092480230355	0.9952132068500601
SCP2	19.56898938397212	-1.2980568651043554	0.6140436285617001	0.03451963035507491	0.38605352229132606	-0.05813748914333995	0.46675945016474263	0.9008754047692586	0.9989208822153636	-1.2399193759610154	0.5297149361797443	0.019246105810830954	0.23127007805607566
SCPEP1	18.36922332840522	-0.6024109482513337	0.6435425622446058	0.3492290983438461	0.9077544252935401	-0.043703949041083434	0.5259099907772016	0.9337707727563473	0.9989208822153636	-0.5587069992102502	0.5428291898054105	0.30336216409031536	0.8862952892362709
SDCBP	89.6726729905614	-0.051655327981711976	0.4621684152013697	0.911007895140941	0.9930430668474647	-0.12678576252625473	0.39691494144735184	0.7494019494099118	0.9989208822153636	0.07513043454454277	0.3931578986376621	0.8484513125288133	0.9919160079379556
SDCCAG8	8.396616413296961	0.624022497021835	0.811683192035635	0.4420117131495517	0.9440800184231919	-0.07595356996170118	0.7035981272816696	0.9140351830550059	0.9989208822153636	0.6999760669835362	0.650374357100232	0.28180813173359587	0.8772705166973347
SDHAF2	5.059426394453453	1.3646978393154046	1.2203902898380572	0.2634614953476643	0.8495626244524487	1.6839598330724683	1.0665718740034176	0.11436985816050153	0.9989208822153636	-0.31926199375706366	0.8707101373833925	0.7138662940077678	0.9777614542981466
SDHB	11.72330122371533	0.5867925907274584	0.6566672155978699	0.3715402117823149	0.9233513498088938	0.4821268956479114	0.558980695717466	0.38840648410343026	0.9989208822153636	0.10466569507954705	0.5096583132229635	0.8372873993862037	0.9919160079379556
SDHC	16.458917858868936	-0.8038671922752572	0.6470227429130644	0.2140855181354907	0.8289098832497114	-0.4299968047643983	0.5244081408250412	0.4122355343066535	0.9989208822153636	-0.3738703875108588	0.5520382052284706	0.498244460991624	0.9686312519100319
SDHD	10.251053653359316	-1.5688900575668223	0.7978069947090589	0.0492405058905367	0.4730723770624381	-0.31432668125322355	0.5872161265321392	0.5924543313150277	0.9989208822153636	-1.2545633763135988	0.6980352073264999	0.07229148451875682	0.5193737572379951
SEC11A	34.93321388898815	-0.3953528575408035	0.5211820325494514	0.44811005037643925	0.9440800184231919	-0.1449735478287828	0.4364430725538301	0.7397604587158916	0.9989208822153636	-0.2503793097120207	0.4398031657272273	0.5691535426868493	0.9711498888785488
SEC14L1	11.641398091253519	-0.41356365223968317	0.7435342264473823	0.5780650238422989	0.9665616667306404	0.40380434866691384	0.5925327768972029	0.4955623605703654	0.9989208822153636	-0.8173680009065971	0.6127327384701771	0.18221320196454538	0.7536296738476947
SEC22B	9.306113551155805	-0.46976939298203874	0.7580360753224668	0.5354427745389265	0.962283048387728	0.2594574683436089	0.6005658722597248	0.6657256667851248	0.9989208822153636	-0.7292268613256476	0.627174295766891	0.2449439241020549	0.8530899342927205
SEC23B	5.466633121854198	-0.6605340313782433	0.9804618413279251	0.500504079639182	0.9510478797151422	-0.1093387437452672	0.7691731457058211	0.8869607227488797	0.9989208822153636	-0.5511952876329761	0.8240960871269498	0.5035922364451628	0.9686312519100319
SEC61B	48.001941918813735	0.7877058262026905	0.4672674827688113	0.09183997549469021	0.63450998448983	0.3506111854173894	0.4057737657297629	0.3875572251054674	0.9989208822153636	0.4370946407853011	0.3813383844089088	0.25170743461867384	0.8538097912004194
SEC61G	40.82698771939153	-0.44278696027005454	0.5866164095827551	0.45035989513276276	0.9440800184231919	-0.4301184274956195	0.4987886025600886	0.3885080972815178	0.9989208822153636	-0.012668532774435016	0.5007784279387716	0.9798175238689921	0.9982788449746884
SEC62	41.46015070634986	0.05620726140178434	0.45647443618005457	0.9020014422207769	0.9930430668474647	-0.09548420232438769	0.3886675606815731	0.8059372137032739	0.9989208822153636	0.15169146372617204	0.38048610311925524	0.6901304316128138	0.9777614542981466
SEC63	9.623084929590155	0.4902183957748546	0.6797497457322208	0.4708019662262546	0.9442442286200136	0.2924764430122129	0.5757670543591733	0.6114694462999568	0.9989208822153636	0.19774195276264167	0.5295947908851862	0.7088630434999914	0.9777614542981466
SECTM1	6.443473831623357	0.32946842665537535	0.8244520973413999	0.6894356374998779	0.9855504827178396	0.5141109884623608	0.6837622500487013	0.45211985961280654	0.9989208822153636	-0.18464256180698543	0.6405496524044305	0.7731504491804532	0.9838015061805645
SELENOF	21.93901896685138	-1.1988907367530164	0.6263296912974574	0.05560063377906897	0.49905673936298284	-0.5308197311858962	0.5032068037440568	0.2914829936379121	0.9989208822153636	-0.6680710055671202	0.5410636992164776	0.21692865073013345	0.8079485460867215
SELENOH	39.25113616698775	-0.06717599877920023	0.4938759859971763	0.8918070914185319	0.9930430668474647	-0.11846653683992307	0.4194042195016623	0.777587850457048	0.9989208822153636	0.05129053806072283	0.4139085081422457	0.9013805383974588	0.9933939763059726
SELENOK	36.00315803832388	0.3090235693626005	0.6944719888785731	0.6563368884473297	0.9756318293502411	0.2559294665677984	0.5980871417820314	0.6687142143682295	0.9989208822153636	0.05309410279480204	0.5842019209070413	0.9275854500287103	0.9941706264930981
SELENOS	12.448134323901469	0.38913876142535214	0.6096104601333568	0.5232523574079389	0.9580457568113643	0.10172065437219319	0.5171776704972355	0.8440747084550143	0.9989208822153636	0.28741810705315896	0.4847871162454283	0.5532648853073543	0.9711498888785488
SELENOT	23.30287597183653	-0.5436734663787671	0.6159469806624186	0.3774185046077946	0.9235463065744581	-0.47411845259161794	0.515566830112576	0.35777858650380534	0.9989208822153636	-0.06955501378714916	0.5240561799105415	0.8944113878189741	0.9919160079379556
SELENOW	12.004604542326797	-0.0024253720822936834	0.6256463553243568	0.9969069393990965	0.9990073429896342	0.5203325546420192	0.5037886487319567	0.30167925809133733	0.9989208822153636	-0.5227579267243129	0.4967513083642118	0.2926374417141884	0.8862952892362709
SELL	38.663602953390345	-0.881357522286783	0.502992648799396	0.07973470676000703	0.5933547573304413	-0.8765680290696719	0.42013982117650883	0.03694492418075995	0.9989208822153636	-0.0047894932171111725	0.43355356737420747	0.9911858989200383	0.9996889679060499
SELPLG	13.60631449419425	0.4772021463288248	0.6227894267319286	0.4435373556627229	0.9440800184231919	0.3830728029790769	0.5284769413475935	0.4685367528957578	0.9989208822153636	0.09412934334974786	0.4901521032113597	0.8477100205400497	0.9919160079379556
SEM1	32.33280996508187	-0.007001552356312805	0.4748158186175112	0.9882349579297905	0.9982438456126328	-0.06641002541416136	0.40103268280672016	0.868473683983654	0.9989208822153636	0.059408473057848556	0.39377267832145224	0.8800782879729278	0.9919160079379556
SEMA4A	5.068081555836973	-0.21810677439068396	0.9358196472808851	0.8157109588062936	0.9930430668474647	-0.08013371015382109	0.7610681760590587	0.9161448199695502	0.9989208822153636	-0.13797306423686287	0.7693515972225146	0.8576732420610268	0.9919160079379556
SEPHS2	5.182714252901124	0.06103345515041961	1.0003664143107867	0.9513503691547964	0.9962366574728068	0.6195948911658851	0.8153823677646769	0.44732475037642005	0.9989208822153636	-0.5585614360154654	0.795026055936959	0.4823237795756754	0.9686312519100319
SEPTIN2	13.142590285154922	-0.11635998724063874	0.6438439739793338	0.8565818680383404	0.9930430668474647	0.39794748701950716	0.5225504246385233	0.44632952760246614	0.9989208822153636	-0.5143074742601459	0.5213051752964312	0.32385025870533046	0.8967196287428852
SEPTIN6	5.607093451321414	0.7442456685250498	0.9027921098593146	0.4097224741231824	0.9327349883440683	1.0561452614025009	0.7622557427362724	0.16588362649663724	0.9989208822153636	-0.311899592877451	0.6629669555502788	0.638026234524503	0.9777614542981466
SEPTIN7	31.185610085802967	-0.11827322120511151	0.5679800969570902	0.8350456385753531	0.9930430668474647	0.20792597120470405	0.4789646346416269	0.6642045713486588	0.9989208822153636	-0.32619919240981554	0.47409177788706003	0.4914208376271927	0.9686312519100319
SEPTIN9	12.99361430872907	0.025548790051528037	0.7640445031824302	0.9733246077410133	0.9964726730517024	0.14810507773307505	0.6419881480675114	0.8175497953501444	0.9989208822153636	-0.12255628768154701	0.6283724343793492	0.845363467198352	0.9919160079379556
SERBP1	28.15922288777371	-0.26239691992966463	0.49545366369206906	0.5963827723179659	0.9671367302673034	0.05248670240600559	0.4099837696870264	0.8981320256077492	0.9989208822153636	-0.3148836223356702	0.4118033782783693	0.4444826352665254	0.9556839401475558
SERF2	349.3910097339406	-0.1876101221752171	0.4067234057831493	0.6446034650106409	0.9756318293502411	-0.18802977923968514	0.3510802455357983	0.5922523564245468	0.9989208822153636	0.0004196570644680422	0.3502283912814409	0.9990439444066186	0.999862800813859
SERINC1	12.235243523927613	-0.08401213062768276	0.7112224312621969	0.9059697502810435	0.9930430668474647	0.11379678178399563	0.5912816631109926	0.8473836024855119	0.9989208822153636	-0.1978089124116784	0.5848073086548051	0.735177582285786	0.9803559971046334
SERINC3	10.422067284341164	-0.39326479995934793	0.6516086202480593	0.5461567262555242	0.965058301207955	-0.14723512284455995	0.5194621191553505	0.7768413698619567	0.9989208822153636	-0.24602967711478796	0.5400913982950455	0.6487255362749884	0.9777614542981466
SERP1	112.65578303538929	-0.1600747800116817	0.37667711001668186	0.6708618178677235	0.9780705608686049	-0.18153760361221205	0.3222126055697671	0.5731561529169622	0.9989208822153636	0.02146282360053033	0.31998020530055454	0.9465216196731152	0.9949039342856357
SERPINA1	97.56520704111409	-0.5878043020790679	0.42930454797793266	0.17093639115864645	0.7830254206195276	0.21379587614945084	0.3620019429830782	0.5547930402518142	0.9989208822153636	-0.8016001782285186	0.3656302126303987	0.02835211650269837	0.2956720720995687
SERPINB1	76.62502765783945	-0.2967975263570717	0.4919582235506309	0.5463103090800662	0.965058301207955	-0.1779796440461145	0.42041544208160514	0.6720455296538936	0.9989208822153636	-0.11881788231095718	0.419516449483483	0.7770037516346738	0.9838015061805645
SERPINB2	7.143165588211464	3.8815622660398335	1.7808293856411672	0.02928435294596562	0.3522735398499982	2.484335826032667	1.6284707834193684	0.12711857158578388	0.9989208822153636	1.3972264400071668	1.255480285005592	0.26575054841978873	0.8666888920632344
SERPINB6	14.164815026463309	0.12936911236790027	0.6147525360293362	0.8333235287385277	0.9930430668474647	0.3525378178961723	0.5100262439562819	0.48943040469824206	0.9989208822153636	-0.223168705528272	0.492982473302485	0.6507712951951847	0.9777614542981466
SERPINB9	20.466347205498423	1.1412282619505107	0.6077125546399375	0.060393753173773886	0.5191517028584626	0.01831367393666801	0.5365406661226988	0.9727711955995678	0.9989208822153636	1.1229145880138427	0.48780118454394555	0.021335604418790805	0.25274779147658627
SERTAD1	10.779171781890271	-0.747215539372662	0.7704940440231351	0.3321523946074375	0.8913583262222409	-0.12545996022983819	0.6153516069219498	0.8384446398293252	0.9989208822153636	-0.6217555791428238	0.6520606663812502	0.34032457657611215	0.9125323816365909
SESTD1	9.234569363711552	2.727294030502651	0.8414816393148934	0.001190853472594132	0.04778371683733958	0.3445740797475551	0.7897638471811921	0.6626189778676107	0.9989208822153636	2.3827199507550962	0.5904999064850514	5.4581496605036754e-05	0.0022447601420663003
SET	39.563212071524845	-0.975987119245851	0.44174955539243355	0.027149088346869802	0.3345503345078604	-0.21395580327385616	0.35282459138290295	0.5442435780859708	0.9989208822153636	-0.7620313159719948	0.37766932088522426	0.0436203275360113	0.3883273061132713
SETX	11.793932405772187	-0.6743018503543443	0.8304649045757801	0.41681626563739027	0.9381642834275538	-0.24541661865531522	0.6816821631357649	0.7188350225428759	0.9989208822153636	-0.4288852316990291	0.7048068671865294	0.5428462606576382	0.9711498888785488
SF1	9.469474356219498	0.019405989690712132	0.7415830689899128	0.9791230770667436	0.9964726730517024	0.24739172426093278	0.6127768740150477	0.6864168968713028	0.9989208822153636	-0.22798573457022064	0.6002514303171371	0.7040812163584509	0.9777614542981466
SF3B1	23.840836174342147	-0.13367159612120733	0.5676967143659096	0.8138493595909189	0.9930430668474647	0.37501926525369955	0.47079791127978643	0.42570602248261535	0.9989208822153636	-0.5086908613749068	0.4673826689850652	0.2764265254918248	0.8696706415213846
SF3B2	12.776272671000198	0.8161683470429545	0.6358088576905759	0.1992576709044176	0.8216056299554384	0.7214464763416087	0.545937028354311	0.18634038290062982	0.9989208822153636	0.09472187070134583	0.4806654068447416	0.8437774174265747	0.9919160079379556
SF3B5	37.38119815494476	-0.3119736616283858	0.5168607299641529	0.5461140838323462	0.965058301207955	-0.18731669047549157	0.43561694234907034	0.667193294570613	0.9989208822153636	-0.12465697115289424	0.4362065619927768	0.7750503852466127	0.9838015061805645
SF3B6	26.97071357614388	-0.3593223199086335	0.6090376042385625	0.5552015106678674	0.965058301207955	-0.06656037988421795	0.5114274263183112	0.8964506908983536	0.9989208822153636	-0.2927619400244155	0.513689991870491	0.5687323027136064	0.9711498888785488
SFPQ	30.124247236898526	-0.14486359117520534	0.5758208563064472	0.8013676253124034	0.9930430668474647	-0.029696808789842852	0.48727780748018273	0.9514035623084497	0.9989208822153636	-0.11516678238536247	0.48311836987962437	0.8115847320650941	0.9919160079379556
SFT2D1	25.637232105853016	-0.4347528957076372	0.5782062658431278	0.45211160960072405	0.9440800184231919	-0.34050425212878505	0.48420320597128813	0.48191495925671357	0.9989208822153636	-0.09424864357885217	0.4894049631829436	0.8472894525227036	0.9919160079379556
SGK1	27.48958016809431	-0.8285628003415055	0.8046166275526301	0.3031222257908608	0.8836419566191195	0.7568073635831	0.6636387759176665	0.2541236438727732	0.9989208822153636	-1.5853701639246052	0.6833814053984926	0.02034679104022509	0.24250052994880517
SGK3	9.058560438702582	-0.3140262960131726	0.7047396984279721	0.655892067990659	0.9756318293502411	0.20491036742809993	0.5566331013232549	0.712780289013085	0.9989208822153636	-0.5189366634412725	0.5755125157130717	0.36721899697171767	0.9224426087386502
SGMS2	7.584832100503454	0.9226180044844265	0.8213208539924554	0.2612954806264747	0.8491361646238331	-0.0299458242050545	0.7219704051836829	0.9669149021717147	0.9989208822153636	0.9525638286894811	0.644733110157608	0.13955384886582478	0.6993501713635804
SH2B3	6.948057082498309	1.116718317298212	0.9212856816894983	0.22546249531495255	0.8354184242140112	-0.0076419262984791	0.8152478409761669	0.9925209422093052	0.9989208822153636	1.1243602435966913	0.7291284597438753	0.12305887701705732	0.6519910712221864
SH3BGRL	41.45543290244088	-0.5188325100488371	0.4288843640775972	0.22638409995330644	0.8362070185057616	0.14389933805181507	0.34977494531587267	0.6807752178950268	0.9989208822153636	-0.6627318481006522	0.35943623817078973	0.06521094930784826	0.4891722179967293
SH3BGRL3	323.1954802832116	-0.02643117173497374	0.3491858474272525	0.9396627815529183	0.9962366574728068	-0.052363609274884836	0.3012120159187183	0.8619888268285958	0.9989208822153636	0.025932437539911094	0.2994587050079306	0.9309912876878192	0.9941706264930981
SH3BP5	18.286090357614707	0.7711403914334617	0.616948457573805	0.21132630017110443	0.8265398871446339	-0.06732403413940682	0.5386470607765784	0.9005336158538851	0.9989208822153636	0.8384644255728685	0.4987489303787718	0.09273663994543083	0.5925404565441095
SH3GLB1	22.026837276087917	0.019128537207173016	0.4906131133999361	0.9688991220640879	0.9964726730517024	-0.2860800834958812	0.41323705531601684	0.4887549211333604	0.9989208822153636	0.3052086207030542	0.40474796570986094	0.45080671226133295	0.9565360688378212
SH3KBP1	24.542909566674172	1.2296795698467473	0.5145706560139168	0.016861241485133776	0.2517330289455611	0.324289377051973	0.45486775295610965	0.47588838035223	0.9989208822153636	0.9053901927947743	0.39998389531148215	0.0236007830070103	0.2630316274063743
SHISA5	8.37803938172531	0.9568961420253331	0.7509960598225537	0.2026034141629548	0.8216056299554384	0.3758695109447527	0.6552797895842141	0.5662374544294095	0.9989208822153636	0.5810266310805804	0.5718946429568901	0.30964464642939526	0.8908003621417085
SHKBP1	15.390596531369063	0.27070776121305773	0.5997225778883376	0.6517097067803244	0.9756318293502411	0.3780640020397712	0.5023778834881755	0.45172094056679324	0.9989208822153636	-0.10735624082671347	0.47749008843246044	0.8221080332581698	0.9919160079379556
SHOC2	15.811604498044767	0.362380985144563	0.5656508930251135	0.5217538510424852	0.9580457568113643	0.03914231636353323	0.481024528050136	0.9351454737853749	0.9989208822153636	0.3232386687810298	0.45375772877796283	0.4762421333987428	0.9664871084564397
SHTN1	9.90779170146643	1.7241705424423936	0.7965232413598908	0.030416759247479563	0.35836700298573654	1.4476101485717017	0.7106951321996154	0.04166073633886902	0.9989208822153636	0.27656039387069203	0.5523328512279638	0.6165729243736321	0.9777614542981466
SIAH2	7.548183332061913	0.4265547172493458	0.8745705714944852	0.625740765236284	0.9747465964778875	-0.19521936685071847	0.7534670502716594	0.7955621253595939	0.9989208822153636	0.6217740841000643	0.7125860443660579	0.38290294702960725	0.9224426087386502
SIGIRR	8.25821280325583	0.6951006946859992	0.7130012836560932	0.32961282785694557	0.8911062569919124	0.2253170184397707	0.6126993379132487	0.7130635042240243	0.9989208822153636	0.46978367624622847	0.5460632490563226	0.3896181794966994	0.9236357474985083
SIGLEC14	5.282398465246922	-0.8572765144605903	1.0087839253263666	0.39542971100030055	0.9293546056084263	0.5665433403276295	0.7365191575685244	0.4417642716007646	0.9989208822153636	-1.42381985478822	0.8445795456427635	0.09182801861426475	0.5893138777003364
SIK3	26.44797345668873	4.051176394947591	0.9256518557254655	1.205637228234543e-05	0.002085944848065475	-0.753421346693025	0.8715081955002568	0.387311697825664	0.9989208822153636	4.804597741640617	0.735229721859851	6.368385997539045e-11	1.859568711281401e-08
SIPA1L1	34.07013399716206	5.239984490607108	0.7797241242352616	1.8134367724532045e-11	5.191869479533524e-08	1.0717816110545546	0.756839271175182	0.1567379047504989	0.9989208822153636	4.1682028795525525	0.4679750940783912	5.248389075970038e-19	1.5325296101832512e-15
SIVA1	15.927098313314817	-0.5423881686449127	0.691447439823739	0.43279118897785285	0.9403836536671231	-0.30970708311490647	0.5699465851149671	0.5868567098976961	0.9989208822153636	-0.23268108553000616	0.5846160240281443	0.6906252582925734	0.9777614542981466
SKA2	5.312784382794275	-1.5310801918045844	1.0615463137212247	0.1492145876069945	0.7584772449523672	-0.20845459302541305	0.7439295944745231	0.7793183735585126	0.9989208822153636	-1.3226255987791713	0.9306486455174038	0.1552624522408663	0.7099105133445635
SKAP2	25.292944401072656	0.09893897466590278	0.4964598280056608	0.8420366959241791	0.9930430668474647	-0.0002505839013763088	0.41894410061927234	0.9995227596858943	0.9995227596858943	0.0991895585672791	0.4073292927521571	0.8076088133326086	0.9919160079379556
SKIL	9.131782157287455	1.099358583168373	0.9162691051488411	0.23020900677855927	0.8364065817347909	1.5476218561526403	0.7917583373842747	0.050622691551433785	0.9989208822153636	-0.4482632729842673	0.6802328291687283	0.5099053612714766	0.9686312519100319
SKP1	54.233898703710885	0.17584310191134483	0.5095519300235655	0.7300240165318075	0.9930430668474647	0.01471882141518429	0.4378576286103717	0.9731837287116982	0.9989208822153636	0.16112428049616054	0.4287923884070983	0.7070931555278033	0.9777614542981466
SLA	37.13966758937242	0.4671442180956156	0.6344587094036979	0.4615555588794288	0.9442442286200136	0.5530251635377094	0.5461167478223155	0.311227334266558	0.9989208822153636	-0.08588094544209376	0.5267837206244881	0.8704957176299564	0.9919160079379556
SLBP	7.480018700887598	-0.6875084793886806	0.8620233063346621	0.4251304699534568	0.9391764168917583	-0.46227058297531476	0.6972998808626348	0.5073665940657651	0.9989208822153636	-0.22523789641336586	0.7324555310458216	0.758454697220899	0.9809070145248762
SLC11A1	48.46888284105549	0.36379993805945376	0.6029401684614241	0.5462582414107631	0.965058301207955	-0.22338122148227135	0.5218156531517044	0.6685895613634792	0.9989208822153636	0.5871811595417251	0.5103356489871963	0.24990573546770012	0.853479236918929
SLC15A3	6.067810572219291	-0.05120387652899574	0.9144069778196757	0.955344346049128	0.9964726730517024	0.5501185876640174	0.7368488111900258	0.45531548396864574	0.9989208822153636	-0.601322464193013	0.7308055512802341	0.41060955175193736	0.9388875702500519
SLC16A3	19.01250919284902	-0.43783161803697485	0.5836426682532359	0.4531519143203827	0.9440800184231919	-0.010548702148356104	0.4768398427967339	0.982350551746559	0.9989208822153636	-0.4272829158886187	0.4879142781332514	0.3811748874262748	0.9224426087386502
SLC1A3	11.324460687242151	0.8447972725148996	0.8765944166153293	0.3351830627599983	0.8943421329747206	-1.4137080928636074	0.7842401180924345	0.07144367136618175	0.9989208822153636	2.258505365378507	0.7452801997482625	0.002442210981710721	0.049440332714488715
SLC20A1	9.742531177829127	-0.2686453901575762	0.9802647426201226	0.7840431891230689	0.9930430668474647	0.6082064909568837	0.8099808953266667	0.4527189062645919	0.9989208822153636	-0.8768518811144599	0.8122156930151913	0.2803292168427495	0.8754666451131855
SLC25A11	7.525461519025474	0.01975507000910525	0.7125396147664279	0.9778815858967771	0.9964726730517024	-0.2983063637011381	0.5919869575432289	0.6143267409369515	0.9989208822153636	0.3180614337102433	0.5808825190474985	0.5840018630610297	0.9711498888785488
SLC25A24	6.251461809282318	-0.5330859056740429	1.0381870828659723	0.6076172125460202	0.9723015550569842	1.1131895706123223	0.7745617250295239	0.15066503869570835	0.9989208822153636	-1.6462754762863652	0.8434858129355246	0.05096760575999568	0.4168938881277046
SLC25A3	31.11221902630879	-0.05586502954353586	0.49124778279537895	0.9094592224155797	0.9930430668474647	0.04183099136970138	0.4130228525800293	0.9193281213925316	0.9989208822153636	-0.09769602091323723	0.40706967037252595	0.8103315896560652	0.9919160079379556
SLC25A37	26.156927519496023	-0.1530711625364524	0.5480620470793437	0.780018200743676	0.9930430668474647	-0.13178741857732562	0.4614812102252782	0.7752037830125195	0.9989208822153636	-0.021283743959126765	0.45807127665373437	0.9629405658356716	0.9952132068500601
SLC25A5	40.74232036247748	-0.3050024992182848	0.49631554591664	0.5388628833261173	0.962283048387728	-0.0640139024310374	0.41745200634182394	0.878126735799432	0.9989208822153636	-0.24098859678724746	0.41796321562376565	0.5642242380956549	0.9711498888785488
SLC25A6	134.40980122664266	-0.3525796538168531	0.598405128874064	0.5557278436280644	0.965058301207955	-0.6529868293047986	0.516447757823686	0.20609324185840006	0.9989208822153636	0.30040717548794543	0.5160523311568566	0.5604822098750941	0.9711498888785488
SLC2A3	53.78855485104336	0.3763540520406551	0.6695351549191341	0.5740394004945255	0.9665616667306404	0.7237839491319931	0.5765102596014939	0.20931284041894738	0.9989208822153636	-0.3474298970913379	0.5634432592439893	0.5374859679417399	0.9686312519100319
SLC31A2	16.69945401755289	-1.341673098076473	0.6525166123826414	0.039767902675729105	0.42308121634838675	-1.0096549373950896	0.519611568881999	0.052004612238067106	0.9989208822153636	-0.33201816068138357	0.5702038043185592	0.5603782252660661	0.9711498888785488
SLC36A4	15.373680671095181	0.8855575486368595	0.6237927721865097	0.15571420551979545	0.7752612178129458	0.04106515042019176	0.5462664157807067	0.9400760976525142	0.9989208822153636	0.8444923982166678	0.4962439999119383	0.08879877710972309	0.5755600458417843
SLC38A2	19.41519389566299	0.4075853012363737	0.8381194322498341	0.6267478637589978	0.9747465964778875	0.7449045953419174	0.7182193471306166	0.2996637505156443	0.9989208822153636	-0.3373192941055438	0.6915668835296308	0.6257192007840824	0.9777614542981466
SLC39A11	5.403460296383368	2.887305438334805	0.975528830340908	0.0030790518797528784	0.08967927781726137	0.1714015123050935	0.9411963386765725	0.855496195090292	0.9989208822153636	2.7159039260297115	0.6308065660725877	1.6664925886388397e-05	0.00083899282048714
SLC3A2	15.362310615952282	0.152291625772895	0.6478176051948669	0.8141434507874006	0.9930430668474647	-0.1056212230934223	0.5505208201025443	0.8478542916595986	0.9989208822153636	0.25791284886631727	0.5334335735862895	0.6287437991568469	0.9777614542981466
SLC43A2	15.663855644937037	1.7048247878184657	0.8663043613704888	0.0490762988838228	0.4730723770624381	0.37640561867223615	0.7685485319421392	0.6243025511835936	0.9989208822153636	1.3284191691462297	0.6956446795733067	0.05618175503514513	0.43746859920699677
SLC66A3	10.085622229947084	-0.9381814590595012	0.6717173439231682	0.16250656093254756	0.776780034028619	-0.8531072463937247	0.5308259829767638	0.10802548817466653	0.9989208822153636	-0.08507421266577653	0.5805343206994004	0.8834914259470917	0.9919160079379556
SLC6A6	6.212547370507977	0.17237084713349166	0.8029039478936295	0.8300134881392218	0.9930430668474647	-0.15674786528049395	0.6734610537034864	0.8159557656606081	0.9989208822153636	0.3291187124139856	0.6477046124995055	0.6113615629788394	0.9776162491265729
SLC7A7	19.490831548973983	-0.40496110563789445	0.5270034052715951	0.44223640724683766	0.9440800184231919	-0.5063724959620376	0.43496577279497556	0.24435662291721783	0.9989208822153636	0.10141139032414315	0.44392880840218146	0.8193036822707048	0.9919160079379556
SLC8A1	16.359318307388843	2.2381499017468074	0.7623197885698948	0.0033250384529699135	0.09379020397898245	0.36591870975331225	0.6905234968603523	0.5961709149173542	0.9989208822153636	1.872231191993495	0.5870056461740373	0.0014253872614179233	0.03153129396469952
SLCO3A1	8.938577199735793	3.0096031593313457	0.8393153115866168	0.00033606743599727263	0.022375838820004452	1.1798690926185975	0.7948475464713645	0.1377037038401468	0.9989208822153636	1.829734066712748	0.5062157283345456	0.00030088808810706886	0.009248349655501484
SLIRP	23.664288586369768	-0.6807656297340842	0.5902668051840242	0.2487796771371199	0.8447733157557729	-0.2587067085454711	0.48579758801458606	0.5943519585260092	0.9989208822153636	-0.4220589211886131	0.5014271592251736	0.39994732151687484	0.9283355952537954
SLTM	20.55650462073478	0.6351054376486523	0.5638237743289032	0.2599854877246158	0.8477658899266232	-0.17374641170002633	0.49047466401324613	0.7231580103019035	0.9989208822153636	0.8088518493486787	0.4576407988115904	0.07715486305348121	0.5306873422321944
SMAP1	9.059253183404207	0.7642593800869028	0.6720205498649089	0.2554312966625474	0.8465985659120362	-0.04737794240622798	0.5853797052270799	0.9354933247107947	0.9989208822153636	0.8116373224931307	0.5230769117888013	0.12074368927281559	0.6486358871784983
SMAP2	51.85980343636417	0.6784387064469806	0.5540325857136363	0.2207461069134815	0.8344035271393161	0.4077995634360435	0.47988065315646	0.3954397840220496	0.9989208822153636	0.27063914301093706	0.461054316844044	0.5572033294000149	0.9711498888785488
SMARCA5	9.612893654475654	-0.6927472496046847	0.8452591173294768	0.41246247257821855	0.9335020229181341	0.18629590803764146	0.667138270274395	0.7800557973283498	0.9989208822153636	-0.8790431576423261	0.7093494341366195	0.21526239078387532	0.805830974489136
SMARCB1	5.580070695500332	0.6514039699571649	0.9389795374088488	0.4878477439489598	0.9456385178915856	0.9564477714235536	0.7900706862125989	0.2260544718010309	0.9989208822153636	-0.3050438014663888	0.7011527434343426	0.6635185775772148	0.9777614542981466
SMARCE1	7.7870950206739336	-0.3675832330241418	0.7238570492588337	0.6115852543237725	0.9723015550569842	-0.04484481229718527	0.5708242430107671	0.9373814064808368	0.9989208822153636	-0.3227384207269565	0.5959359126379301	0.5881177595923006	0.9713108878987808
SMC1A	8.494772137584635	-0.678331928468076	0.7857139042907219	0.3879549745165348	0.9257411016933377	-0.2906205825911533	0.6187046412616807	0.6385520296989348	0.9989208822153636	-0.38771134587692263	0.663473055106359	0.5589738425370254	0.9711498888785488
SMC3	6.365479460628143	-1.4657621764460027	1.0012129121058624	0.1431976398618765	0.7512731093109952	0.5111682636659993	0.6681982316025993	0.4442745598727278	0.9989208822153636	-1.9769304401120023	0.8695368717565992	0.02299341064976669	0.26015877922257774
SMCHD1	21.569568235438226	0.47627384065076	0.5776467430959562	0.4096514835541878	0.9327349883440683	0.3776452543402665	0.49377698417173993	0.4443850792686286	0.9989208822153636	0.09862858631049352	0.4642469346766176	0.8317571157191114	0.9919160079379556
SMCO4	16.85911085721072	-0.8824533435085155	0.549452283215851	0.10826072368846654	0.6778855570165258	-0.4408443427973972	0.42980794604905287	0.30504361986643136	0.9989208822153636	-0.44160900071111825	0.46959819527649277	0.34701366929433997	0.9149300914778091
SMDT1	32.99030709502271	-0.35189475916809243	0.6108222824772377	0.5645475447274244	0.9665616667306404	-0.03181095272826956	0.5156460425931584	0.9508085478722417	0.9989208822153636	-0.32008380643982287	0.516716734646582	0.535615330503044	0.9686312519100319
SMIM14	12.037812082468236	-0.565881330509423	0.6278989385281339	0.3674660685941826	0.9233513498088938	-0.10818284847044277	0.49438550860282254	0.8267880425746175	0.9989208822153636	-0.4576984820389803	0.5250073631040301	0.3833205471166248	0.9224426087386502
SMIM25	34.442000113940054	0.34592781847268494	0.545430607761596	0.5259314925609622	0.9596825131944134	-0.10736659961065378	0.4702658542221281	0.8194049163419116	0.9989208822153636	0.4532944180833387	0.4545966742394028	0.31869881190591354	0.8938644939739743
SMIM26	25.373098539840246	-0.1837451540903362	0.5500887828652901	0.7383582953993424	0.9930430668474647	-0.6101989313430743	0.4674399452619619	0.19175462025782908	0.9989208822153636	0.42645377725273814	0.4647591888735548	0.3588387466228681	0.9223672008263862
SMIM30	6.054940215360083	0.08305200342771392	0.9180858725136385	0.9279199865157399	0.9957402254102561	0.4359831909151035	0.7558815928511856	0.5640828925491899	0.9989208822153636	-0.3529311874873896	0.734715391433126	0.6309682365229798	0.9777614542981466
SMIM7	8.871825197288425	-0.026992934425075037	0.7069011986457776	0.9695402795193354	0.9964726730517024	0.11573965031994825	0.576705090127729	0.8409400224823455	0.9989208822153636	-0.1427325847450233	0.5698768000645685	0.8022299500173743	0.9919160079379556
SMS	11.168065200592574	-0.021936476959841602	0.6310813815198958	0.972271005350891	0.9964726730517024	0.009964868835696064	0.5190863131229078	0.9846839986375079	0.9989208822153636	-0.03190134579553767	0.5118562664160359	0.9503041694215101	0.9952132068500601
SMU1	6.303114732303349	1.6337817122275196	0.7992691273694018	0.04094420190156126	0.4262663637969814	0.33207134761145984	0.7258592578701198	0.647320872598366	0.9989208822153636	1.3017103646160597	0.5698166746816336	0.02234585396770885	0.25896859013437346
SNAP23	13.48608940485098	0.08374734502979361	0.7254445159174793	0.9080941574563476	0.9930430668474647	-0.32670940241103	0.6189453981658841	0.5976044889619507	0.9989208822153636	0.4104567474408236	0.6041012806705951	0.4968526395092365	0.9686312519100319
SNAP29	5.980177694432335	1.0341888683420788	0.984827586558994	0.2936621401701397	0.87543166114067	1.3124805802702562	0.8475893326901701	0.12150522627346569	0.9989208822153636	-0.2782917119281774	0.7126614233751795	0.6961695254570424	0.9777614542981466
SNAPIN	6.330796796396851	-2.1116677324058584	0.897468124408233	0.018626806612263545	0.267982649904073	-1.1074782416526094	0.5982690864941916	0.0641497983277287	0.9989208822153636	-1.0041894907532487	0.8167120268900433	0.21886510455064012	0.8110229762536411
SNF8	14.147790648985675	0.9218502511801658	0.6508393766853311	0.15665781335582118	0.7752612178129458	0.3764298971773127	0.5673471683089147	0.5070159643670786	0.9989208822153636	0.5454203540028532	0.5086272273330353	0.283568200261477	0.8780690824639584
SNHG15	5.121750043518708	-0.31751105997257495	0.9389342922780364	0.7352417830144591	0.9930430668474647	-0.2942215168280979	0.7648725043913979	0.7004838518791643	0.9989208822153636	-0.023289543144477072	0.7808276249677075	0.9762052322121695	0.9970336754318065
SNHG16	11.118073576082109	-1.4790145325377795	0.8221382861869828	0.072021036628046	0.5727672996280436	-0.9091071197930621	0.6436517384744443	0.15782608806470477	0.9989208822153636	-0.5699074127447175	0.7201923938481566	0.4287534183116758	0.9459389151907422
SNHG25	6.1547070845860175	2.4378354202981978	1.1231138156547318	0.02996111410858034	0.3554579603182054	2.0932687321830095	1.028438811357174	0.04181216878215791	0.9989208822153636	0.34456668811518826	0.6996598342841963	0.6223818623431364	0.9777614542981466
SNHG29	86.17249741925248	-0.22919293155327808	0.4804211941627468	0.6333146590615769	0.9747465964778875	-0.1467718163856394	0.4113490689225631	0.7212370432835129	0.9989208822153636	-0.08242111516763866	0.40962297217965293	0.8405326986197512	0.9919160079379556
SNHG3	7.506803367980635	-1.48339801362	0.8808893442989726	0.09218597815154386	0.63450998448983	-0.6042663367384791	0.6516355031361668	0.3537670229417714	0.9989208822153636	-0.8791316768815209	0.7726676200800542	0.2552091624797078	0.8538097912004194
SNHG32	20.363833245652085	0.31971401865414695	0.5563655214262072	0.5655297657710814	0.9665616667306404	-0.0754645197845983	0.47575213587288956	0.8739670847918259	0.9989208822153636	0.39517853843874523	0.4539833128472996	0.3840439870658464	0.9224426087386502
SNHG5	148.26877747795947	-0.2802451160397373	0.8369447285796036	0.7377434925835238	0.9930430668474647	-0.05437422382828635	0.723078472617774	0.9400569898334931	0.9989208822153636	-0.22587089221145093	0.7223909788979062	0.7545304383629189	0.9809070145248762
SNHG6	33.11570013483471	-0.9545971467609624	0.5005954276890944	0.05653050446121155	0.5041957453970363	-0.5367207665549371	0.4077413956108745	0.18806451107121702	0.9989208822153636	-0.41787638020602536	0.42986690531797744	0.3309976065143413	0.9025357146875582
SNHG8	22.548365070402156	0.01174113316061304	0.5481954560615524	0.982912385357562	0.9969961297960088	1.1593140908314987	0.44062820268882136	0.008512193339530226	0.9989208822153636	-1.1475729576708857	0.43264971318079193	0.00799147626503066	0.12281637207310277
SNHG9	6.250019041895371	-0.34445913238812936	0.9029790650725599	0.7028547674039416	0.9912675857524555	0.4708409133716018	0.709990704191422	0.5072249496403858	0.9989208822153636	-0.815300045759731	0.7359308561432678	0.26792716173597275	0.8666888920632344
SNRNP27	6.289256449124497	-0.07625631320015537	0.8130791394581796	0.9252783000917477	0.9957340452911454	-0.3801339449174617	0.6761143361082733	0.573957125836871	0.9989208822153636	0.30387763171730636	0.6703533296863163	0.6503257866866224	0.9777614542981466
SNRNP70	7.714566330352752	-0.8858453825418565	0.7921005604194525	0.2634176905260155	0.8495626244524487	-0.16909777620384117	0.6081894490316121	0.7809857151831355	0.9989208822153636	-0.7167476063380154	0.6733701214280884	0.2871391622929448	0.8810043405652552
SNRPB	17.500085020858275	-0.37575885118151303	0.5601522224491132	0.5023380059976896	0.9510478797151422	0.057420402241370745	0.4521722920397657	0.8989499886535172	0.9989208822153636	-0.43317925342288377	0.46409351369574037	0.35061974413320784	0.9151923174089035
SNRPB2	25.83140601637326	-0.3215101054458674	0.5134773149725416	0.5312213047050449	0.962283048387728	-0.44001361287280805	0.4296761743415782	0.3058075628246658	0.9989208822153636	0.11850350742694063	0.4324975032690582	0.7840860581961562	0.9838015061805645
SNRPC	12.993301793532309	0.38494297143958345	0.6212439520257564	0.5354997346738457	0.962283048387728	0.2928209832706768	0.5243955818563198	0.5765732381997662	0.9989208822153636	0.09212198816890667	0.49115762257871326	0.8512208436573749	0.9919160079379556
SNRPD1	17.35334693286826	-0.3084562083166118	0.6314306897312977	0.6251931279200423	0.9747465964778875	0.22348870055815706	0.5173732144198584	0.6657646317869388	0.9989208822153636	-0.5319449088747689	0.5231049193690456	0.309201443217166	0.8908003621417085
SNRPD2	44.38259166069529	0.039197917724227	0.5185536163873243	0.9397446023310069	0.9962366574728068	0.146672965506064	0.4419991328501405	0.7400101241074395	0.9989208822153636	-0.10747504778183702	0.43406946888302456	0.8044448960261159	0.9919160079379556
SNRPD3	9.886169325891291	-1.4201309685093724	0.7482900303005345	0.057717828291709586	0.5079180970890216	-0.3866779216150551	0.5531043701672356	0.4844865372860552	0.9989208822153636	-1.0334530468943173	0.6525858806652022	0.11327847712433378	0.636577150172287
SNRPE	25.483732824161304	-0.6515428627638155	0.5329336576054586	0.2214962902919576	0.8344035271393161	-0.5806948538100496	0.44083044596780474	0.18774651663973718	0.9989208822153636	-0.07084800895376586	0.4543991833273362	0.8760993966314932	0.9919160079379556
SNRPF	19.668768908625342	-1.0167836200937406	0.5873225899064684	0.08341283528520185	0.6078571855312572	-0.3123821788022135	0.4626268235363418	0.4995259849183643	0.9989208822153636	-0.7044014412915273	0.5033402236554483	0.16167691197525913	0.7186901642302764
SNRPG	29.987165874795107	-0.27412971236777334	0.5233423442113619	0.6004136759433336	0.9679807403269565	-0.10724503235793109	0.4383350196059052	0.8067161929604506	0.9989208822153636	-0.16688468000984227	0.4388749721590304	0.703755666579611	0.9777614542981466
SNU13	26.59410298122153	0.18180628412766636	0.5166356746002237	0.7249100797190413	0.9930430668474647	0.3461785561169852	0.4355316400209718	0.4267057951684433	0.9989208822153636	-0.1643722719893189	0.4202165652134226	0.695678339087143	0.9777614542981466
SNW1	11.39355555608534	0.2665652488390346	0.6381461476205486	0.6761531769123774	0.9818123465317776	0.5475416890611371	0.526375719542595	0.2982419919800652	0.9989208822153636	-0.28097644022210255	0.49784808018993854	0.5724942613785118	0.9711498888785488
SNX1	5.6475259816773615	0.4108604723127346	0.8883826398231672	0.6437361172898503	0.9756318293502411	0.9157191681379324	0.7276522556063344	0.20822648242589192	0.9989208822153636	-0.5048586958251978	0.6669107091347826	0.4490433145408874	0.9565360688378212
SNX10	26.077745808956035	0.025332794642630153	0.5173806142930084	0.9609483392441796	0.9964726730517024	0.1911986514892381	0.4341685704380456	0.6596627477115671	0.9989208822153636	-0.16586585684660793	0.42492874711374223	0.6962865934647631	0.9777614542981466
SNX17	11.281715220789438	-0.9257682753123971	0.6706190932760029	0.16744256049671502	0.7783231032819024	-0.81842867564167	0.5320384169120378	0.12397804558610077	0.9989208822153636	-0.10733959967072709	0.5787226560342315	0.8528551115944893	0.9919160079379556
SNX2	21.463558754024636	-0.35329344255383094	0.5478306364026287	0.5189949904698008	0.9549374406908995	-0.2927981577600328	0.45491429759803226	0.5198130129421881	0.9989208822153636	-0.06049528479379811	0.4599683851184783	0.8953635487644903	0.9919160079379556
SNX27	7.426693280049007	-0.27742074106227993	0.7741429328502721	0.7200750048107205	0.9930430668474647	0.08808334402352762	0.616660526722715	0.8864171162610334	0.9989208822153636	-0.3655040850858075	0.6329686716129279	0.5636394263272695	0.9711498888785488
SNX3	52.24963094761127	-0.7176032839883244	0.4726066800274234	0.12891503047872402	0.7323089925805295	-0.16160622088240817	0.3935821805480452	0.6813632968489556	0.9989208822153636	-0.5559970631059162	0.40282356411667963	0.16750980718459296	0.7300427417597186
SNX6	17.25028913016728	-0.11157260301961584	0.5524153598938388	0.8399383761485787	0.9930430668474647	0.18433309942395096	0.45184811071087716	0.6833076819126034	0.9989208822153636	-0.2959057024435668	0.44996073320762514	0.5107787329184024	0.9686312519100319
SOAT1	8.048788498337565	0.34709847490817836	0.7222367050590304	0.630809167358086	0.9747465964778875	0.11312825985422885	0.6089411675714116	0.8526183584325062	0.9989208822153636	0.23397021505394952	0.5720598631751842	0.6825425719048905	0.9777614542981466
SOCS3	34.22086057379087	-0.15582466828811106	0.5667656369599874	0.7833648783233383	0.9930430668474647	0.5269384507834535	0.47494301176921006	0.26722436771299163	0.9989208822153636	-0.6827631190715645	0.47129576067404366	0.14742318820090014	0.7037032993633845
SOD1	25.90062297306106	-0.24520177426720696	0.5727397531041212	0.6685632083788079	0.9780705608686049	0.30498829976959263	0.4745923521371829	0.5204628218937104	0.9989208822153636	-0.5501900740367995	0.47524051018010166	0.2469829316959855	0.8530899342927205
SOD2	256.69565726877596	0.663338478566089	0.668416506385722	0.321001025444142	0.8854262120139651	0.3656188618237056	0.5790229803242312	0.5277522014726286	0.9989208822153636	0.2977196167423834	0.5754633398987791	0.604907420056162	0.9776162491265729
SON	39.56927481273809	0.22434855590220676	0.5111197996133069	0.6607083706054961	0.9775752274126799	0.3957361062532143	0.43548714395853566	0.36349766688946983	0.9989208822153636	-0.17138755035100756	0.4217991686078877	0.6845038131763095	0.9777614542981466
SORL1	13.811219779067434	0.47831065498429937	0.8501625341558734	0.5736999109598087	0.9665616667306404	0.18321679385232728	0.7328119681804832	0.8025727836257508	0.9989208822153636	0.2950938611319721	0.7007401348892023	0.6736693590163363	0.9777614542981466
SOX4	13.403481232248252	0.18041279679317834	0.7373315667075775	0.8067015800585086	0.9930430668474647	0.7713287231769324	0.6145032064551971	0.2094036268987235	0.9989208822153636	-0.5909159263837541	0.5913137687724985	0.31763621851134927	0.8938644939739743
SP100	19.915255842230547	0.3724597895170784	0.6417577781541176	0.5616621605907512	0.9665616667306404	0.1667850095691379	0.5497715770304268	0.7616067881039652	0.9989208822153636	0.20567477994794053	0.5252840963881785	0.6953910305412152	0.9777614542981466
SP110	13.489865985242313	0.6175205750215133	0.5695058265242712	0.27822759687319065	0.8616503227382954	0.2031907603097504	0.4882183609598566	0.6772722345394462	0.9989208822153636	0.4143298147117629	0.4430251016013175	0.3496704219481247	0.9151923174089035
SP3	10.61759654548887	1.2426843947037407	0.7306117183625384	0.08896512827051412	0.6276622975440677	0.2701036548077808	0.6474635095078045	0.6765525954074567	0.9989208822153636	0.9725807398959598	0.5637877579819645	0.08451249559612278	0.5614388197387352
SPAG7	10.239944766300383	0.02174072406755984	0.692584468350856	0.9749579430875467	0.9964726730517024	0.04145779584766898	0.5724883111696091	0.9422701816294006	0.9989208822153636	-0.019717071780109143	0.5610421819826649	0.9719651928085798	0.9952132068500601
SPAG9	19.77264404165638	2.6821152291033163	0.8640988171531703	0.00190958806380622	0.06212671166678645	0.92330848619692	0.778033402932632	0.23533773539214986	0.9989208822153636	1.7588067429063963	0.6675809424179722	0.008423723297605034	0.12811079181774324
SPATA13	6.482878716091999	1.6652912918368796	0.8477298840353322	0.049482259230236796	0.47380504406745133	0.5967746839997049	0.7654651066879543	0.4356124437128295	0.9989208822153636	1.0685166078371748	0.6028150252862733	0.07630417391804455	0.5306873422321944
SPCS1	37.28585898522466	-0.7322099106520257	0.5019850636095292	0.14466728062189957	0.7544306455746785	-0.5456662640049792	0.4180473535932887	0.19179962711063425	0.9989208822153636	-0.18654364664704653	0.42940507011273293	0.6639809473267181	0.9777614542981466
SPCS2	20.342333742660408	-0.6641645574027537	0.577247681258589	0.24990868688917312	0.8447733157557729	-0.395732850317559	0.47265597251636715	0.40245011102939743	0.9989208822153636	-0.2684317070851947	0.49034962157072515	0.5840838904869279	0.9711498888785488
SPCS3	19.1576320743232	-0.026199018387999314	0.5524169243978243	0.9621735726754279	0.9964726730517024	0.11136551719923755	0.4596081813551744	0.8085435754006031	0.9989208822153636	-0.13756453558723686	0.45214014043758244	0.7609359219333022	0.9809070145248762
SPG21	18.716255850660158	-0.6055839793210633	0.5505935689769227	0.2713866855205168	0.8577424124837237	-0.4183373500056146	0.4474131134626332	0.3497812859527578	0.9989208822153636	-0.1872466293154487	0.4661228434269741	0.6878967979811235	0.9777614542981466
SPI1	48.182340086411635	-0.11129604612377489	0.49198166264598286	0.8210303881103745	0.9930430668474647	0.19985252936420086	0.4167114275288508	0.6315157227514113	0.9989208822153636	-0.31114857548797575	0.4123724882957264	0.45052934720450655	0.9565360688378212
SPIDR	12.814795733553344	3.2423644610991977	0.7333114514762458	9.800081690508863e-06	0.0020041167057090626	-0.2116818879409452	0.7131375720766401	0.7665949488724099	0.9989208822153636	3.454046349040143	0.5075706733456115	1.01010638357557e-11	3.2772340444896275e-09
SPINT2	8.513971585592166	-0.3535909410258197	0.738691562818417	0.6321720139281779	0.9747465964778875	0.19437192323623376	0.5814932159238382	0.73818077525908	0.9989208822153636	-0.5479628642620534	0.6048486350674531	0.3649621048514816	0.9224426087386502
SPN	5.9023684602155235	-0.19730994438624946	0.8816252612614982	0.8229109785419615	0.9930430668474647	0.506825877989849	0.69138603211485	0.4635232173413214	0.9989208822153636	-0.7041358223760985	0.7065617425244106	0.31897493243865793	0.8938644939739743
SPOP	7.424089792315207	-0.9949316049735824	0.8028362609197615	0.21524519652035767	0.829045279867524	0.060442738963068565	0.5907356936414667	0.9185044776071487	0.9989208822153636	-1.055374343936651	0.6831704429816385	0.12239016940969909	0.6519910712221864
SPRY1	3.933380074982408	-4.549796290658287	2.217202984161805	0.04016546492961197		-0.8279215531113239	0.9902652198616725	0.403120914853353	0.9989208822153636	-3.7218747375469636	2.130358095606814	0.08062600906103524	0.5449720982829235
SPSB3	6.729385837978605	-1.3168209661032981	0.8149832940478713	0.10614526841348475	0.6740082974504281	-0.39728242152994	0.5819351092130828	0.4948015098711639	0.9989208822153636	-0.9195385445733583	0.7107443201848268	0.19574542957359198	0.7764647551805768
SPTLC2	24.14581603962097	0.9885289784039301	0.7378296642891152	0.18031707769354488	0.8003841758707272	-0.4972840590617365	0.6483688408576563	0.44309512574843213	0.9989208822153636	1.4858130374656666	0.6178190654653587	0.016175461226164107	0.20734929051895798
SPTSSA	9.720639591491555	-0.5834424602410586	0.7404684965332636	0.4307336091325623	0.9403836536671231	-0.18290956948771653	0.5933873727772028	0.7578947864954926	0.9989208822153636	-0.4005328907533421	0.6223906241405737	0.5198741556390072	0.9686312519100319
SPTY2D1	7.680737633607144	-0.03921744169363857	0.8230881473267657	0.9619978056308365	0.9964726730517024	0.5135968246642042	0.6673814584317219	0.4415549390926523	0.9989208822153636	-0.5528142663578427	0.65988656956327	0.4021759840282987	0.9305297484541918
SQOR	12.869644133551667	-1.1003353418269968	0.7257157443446778	0.1294670011011613	0.7325375971395747	-0.32273111753029454	0.5663432770366414	0.5687789593270507	0.9989208822153636	-0.7776042242967022	0.623842283257314	0.21258981814043432	0.8040962033291039
SQSTM1	27.121846215714402	1.3125124900792413	0.8295028965541958			1.3062320506454113	0.7236169236517279			0.006280439433830172	0.673350873538668		
SRA1	13.933629786285062	0.5814906300668538	0.6011583523231591	0.3334022674996566	0.8920847587397354	-0.18274707697374054	0.520981750646807	0.7257575811982309	0.9989208822153636	0.7642377070405943	0.48246191222844365	0.11318521125060008	0.636577150172287
SREK1IP1	9.114357383822075	-1.506757337958877	0.7490829998237487	0.04427592668890514	0.44461232229422804	-0.7539621796014936	0.5559987277846714	0.17508319996773059	0.9989208822153636	-0.7527951583573834	0.659223859382188	0.2534782893189157	0.8538097912004194
SRGAP1	7.102611790075099	2.5603280012431155	1.0525805236794779	0.014997907597958614	0.23336418180954083	-0.0866275814007677	0.9779742087907837	0.9294168198870688	0.9989208822153636	2.646955582643883	0.7951600214502714	0.0008721041894379987	0.022737002081776394
SRGAP2	9.044464538568464	0.44240815367491476	0.7133527003416256	0.535138294395018	0.962283048387728	-0.8944083397116497	0.6260130356037218	0.15307967676257556	0.9989208822153636	1.3368164933865645	0.5915662710742623	0.023834187660009155	0.2631640112703784
SRGAP2C	6.168371596237513	-2.344346673533181	1.0121835254383034	0.02055127718496752	0.2885451273279035	-1.2713908947460881	0.6828094897208312	0.06260316766869173	0.9989208822153636	-1.072955778787093	0.924715094057536	0.24592278706569337	0.8530899342927205
SRGN	613.2561437504012	-0.4433478010113844	0.4538260223272203	0.3286130325527459	0.8909271895819236	-0.2625419388304598	0.3921770085198191	0.5032100258908684	0.9989208822153636	-0.18080586218092462	0.3921845424929543	0.6447825285257841	0.9777614542981466
SRI	18.078212099648947	-0.7031454429528108	0.610484966046485	0.24941076881627544	0.8447733157557729	-0.23520184868061725	0.494411333733069	0.6342731657322629	0.9989208822153636	-0.46794359427219356	0.5173960006376902	0.36577242623947337	0.9224426087386502
SRP14	89.73182796717361	-0.21150376827277434	0.4326792116230091	0.6249666564316045	0.9747465964778875	0.39881355809232893	0.3671903494490477	0.27742497040551517	0.9989208822153636	-0.6103173263651033	0.36525967043546365	0.0947387580811746	0.5962008051660126
SRP19	10.523595169427823	0.2819941123305297	0.6943335542181023	0.684642400536144	0.9844037053516882	-0.04785372059173231	0.589570464216451	0.9353090692686165	0.9989208822153636	0.32984783292226194	0.5618029524847726	0.5571206257171717	0.9711498888785488
SRP72	11.79485754856074	-0.6621453243378649	0.6576130320381723	0.3139866598174591	0.884054626494249	-0.04870787496493601	0.5159698028258649	0.9247909145778062	0.9989208822153636	-0.6134374493729288	0.5522475878367328	0.2666538003423953	0.8666888920632344
SRP9	17.810480888883387	-0.07714617208966175	0.6597139693088172	0.906908536486045	0.9930430668474647	0.07240290660271327	0.5544603181529318	0.8961054557302972	0.9989208822153636	-0.14954907869237502	0.547354261981083	0.7846827766762106	0.9838015061805645
SRPK2	13.120484854819281	0.43105161944552484	0.7018744326932745	0.5391205063269003	0.962283048387728	-0.0969196737131434	0.6036675456667174	0.8724467299917229	0.9989208822153636	0.5279712931586682	0.5706504924785076	0.3548569097374512	0.9177875787717958
SRRM1	37.504118006270325	-0.7637646265262061	0.5338096057743702	0.1524929981865174	0.7632647793846141	-0.09506286960438723	0.44020461770599484	0.8290255137386631	0.9989208822153636	-0.668701756921819	0.4543429076285907	0.14107497360467247	0.6993501713635804
SRRM2	20.06940457072879	-0.36355421834677104	0.6709973040416051	0.5879482014230988	0.9671367302673034	0.7023132437741946	0.5474604826384457	0.19954235198270998	0.9989208822153636	-1.0658674621209656	0.5552104202764686	0.05488897136386486	0.4311095303544981
SRSF1	7.494894073890227	-1.436524190025117	0.8143507676904955	0.07773002841700508	0.5907614241519128	-0.3572224649407388	0.5752280361582871	0.5345929266980867	0.9989208822153636	-1.0793017250843784	0.7132065836065514	0.13020126481658176	0.6776964229312277
SRSF10	9.298970033687182	-0.9900621306359146	0.7040827445030656	0.15967276567879596	0.776780034028619	-0.36920328642850914	0.5304766249573047	0.48643879900313947	0.9989208822153636	-0.6208588442074056	0.6038352043926294	0.3038592733710753	0.8862952892362709
SRSF11	23.791909087125116	-0.7185968910971032	0.4817036798861884	0.13575629760141172	0.7388049390819276	-0.4854187543392549	0.38738917999120387	0.21018681345459644	0.9989208822153636	-0.23317813675784838	0.4097686397635084	0.5693233806944216	0.9711498888785488
SRSF2	29.13123202797307	-0.20283203937121858	0.6319014898246875	0.748220391441782	0.9930430668474647	0.3913413124065576	0.5315201925498283	0.46156761271266444	0.9989208822153636	-0.5941733517777762	0.5287764621903227	0.26115055621261685	0.8597363714932529
SRSF3	47.09520386518042	-0.3730959512105848	0.5186552712486386	0.47192377343457614	0.9442442286200136	0.5041356761820659	0.4330621049729958	0.24437592864373048	0.9989208822153636	-0.8772316273926508	0.4353587700765761	0.0439085708126493	0.38852432355435135
SRSF4	9.869023127403297	0.7324228229724784	0.6831721584283751	0.2836790948205974	0.8632854553136564	0.5900030675127338	0.5843331665386394	0.31263750938551327	0.9989208822153636	0.1424197554597446	0.5185885838548404	0.7836008523707516	0.9838015061805645
SRSF5	48.13186406032361	0.16206311612648888	0.47866083677292426	0.734929094755606	0.9930430668474647	0.16018369612443467	0.4090439650715625	0.6953500311853487	0.9989208822153636	0.001879420002054203	0.3987912519946472	0.9962397503845722	0.9996889679060499
SRSF6	9.489717617535083	0.36966385681133973	0.7426314003051762	0.618642153113575	0.9747465964778875	0.5333459136632703	0.622789649781723	0.39178645752575647	0.9989208822153636	-0.16368205685193066	0.5835665432049812	0.7791049128545071	0.9838015061805645
SRSF7	23.00840662635122	0.19696298661410686	0.7530342021517727	0.7936613405734199	0.9930430668474647	0.5833776938425047	0.6422209500868253	0.3636799335079737	0.9989208822153636	-0.3864147072283979	0.6252096834561306	0.5365383078358572	0.9686312519100319
SRSF9	29.610950587297513	-0.4241556111311875	0.5775147931721478	0.46267465871500324	0.9442442286200136	-0.30973528410777473	0.4861714013414203	0.5240657583057889	0.9989208822153636	-0.11442032702341275	0.4897250041553194	0.8152629225295185	0.9919160079379556
SS18L2	10.102867528013306	-0.8041735948440019	0.7503762784788083	0.28385759277613754	0.8632854553136564	-0.3699900412364854	0.5986251936452525	0.5365316546810273	0.9989208822153636	-0.4341835536075165	0.6388802941037376	0.4967572683119146	0.9686312519100319
SSB	15.270587035178856	-0.8091885861312822	0.5850797103208597	0.1666526308784353	0.7783231032819024	-0.7340161708789037	0.470225077149855	0.11852634733963864	0.9989208822153636	-0.07517241525237857	0.5018888321411287	0.8809389656513471	0.9919160079379556
SSBP1	22.12967480183771	-0.44651073914858	0.5556700460387549	0.42165475336231184	0.9390981761492803	-0.36133369497794576	0.4597628000982357	0.4319182878616824	0.9989208822153636	-0.08517704417063426	0.46852540872026976	0.8557411504234113	0.9919160079379556
SSH2	29.257512445302634	1.8410667958044817	0.6023581382420492	0.0022398814820930295	0.06895463100249832	-0.11236969274738741	0.539836376307782	0.835107868770947	0.9989208822153636	1.9534364885518691	0.4853959325123874	5.711621041638125e-05	0.00228464841665525
SSNA1	11.772677330031271	-0.2539198131589041	0.6499823035423239	0.6960511550680061	0.9889798793844672	-0.5632815286559538	0.540596359086615	0.29742872668051323	0.9989208822153636	0.30936171549704977	0.5446442219079324	0.570030233571616	0.9711498888785488
SSR1	15.696885481889057	-1.3900490747306493	0.6214053374153559	0.02528998625832099	0.3254565817232801	-0.12016849328256501	0.4552795443584932	0.7918227500915824	0.9989208822153636	-1.2698805814480842	0.5393925048936099	0.01855866321889329	0.22579706916320166
SSR2	30.516137274344583	-0.4054545336780041	0.5037305147718689	0.42087527769838573	0.9390981761492803	-0.18429651998139288	0.41872828113218596	0.6598401156404252	0.9989208822153636	-0.22115801369661126	0.4238932611354774	0.6018580338894556	0.9762877017680395
SSR3	21.385333724569946	-0.9668164684601174	0.5230640269878597	0.06454866615892906	0.5356603803275766	-0.1736037968624899	0.4040238457753184	0.6674233364648207	0.9989208822153636	-0.7932126715976275	0.4463553490269371	0.0755537854086446	0.5306873422321944
SSR4	50.980739768293965	0.1662550607181848	0.4273938586343626	0.6972781373368275	0.9899935547998052	0.13282462343621765	0.36435666929740373	0.7154506232106919	0.9989208822153636	0.03343043728196714	0.3541760678844257	0.924799901410364	0.9941706264930981
SSU72	18.38610315092164	0.18847620797244738	0.555067862292934	0.7341914813851309	0.9930430668474647	-0.14341061728189214	0.4708364783301235	0.7606808083161893	0.9989208822153636	0.3318868252543395	0.45365122888122106	0.46441868850983004	0.9649020091689738
ST13	19.40228246881775	-0.4158690242320102	0.617270508630748	0.5004877606241589	0.9510478797151422	0.22149699496893657	0.5029649079478545	0.6596600234581513	0.9989208822153636	-0.6373660192009468	0.5137427992017073	0.21474153599906065	0.805830974489136
ST6GALNAC3	5.8621426017001355	5.040077848055497	1.4939307503732804	0.0007416448491425004	0.03608298529663691	0.3224754231566611	1.5106429604344636	0.8309611760599583	0.9989208822153636	4.717602424898836	0.7950839356139221	2.9660788649085068e-09	3.7656305589273217e-07
STAG2	12.74215225884466	0.7062293368033408	0.6506830430724009	0.27775952696534034	0.8616503227382954	0.3831897914079683	0.5602550750537919	0.4940029828453919	0.9989208822153636	0.3230395453953725	0.5077957803362491	0.5246719083169435	0.9686312519100319
STARD3NL	6.248232922587285	0.48963305639409815	0.7899733408958829	0.535383150953668	0.962283048387728	-0.38535761490557835	0.6833878708020912	0.5728269758909939	0.9989208822153636	0.8749906712996766	0.6350655847043681	0.16826635482125052	0.7315112606351264
STAT1	11.305451028103414	-0.924123127874468	0.7447304947549833	0.2146491139135338	0.829045279867524	0.39682644524057226	0.5625388484490312	0.48054857967708164	0.9989208822153636	-1.3209495731150402	0.6285645840520552	0.03559415449260714	0.3424083152907311
STAT3	17.180792161288515	0.7174586447081177	0.6670166118121403	0.2820957387285846	0.8632854553136564	0.1843508617904989	0.578792999479501	0.7500987609761343	0.9989208822153636	0.5331077829176188	0.5391296978856746	0.32274617500453207	0.8960941443149695
STAU1	9.043035025746223	0.5392437849123356	0.8013187321142083	0.500982003629986	0.9510478797151422	0.9389320318937067	0.6731277339594497	0.16305220016074584	0.9989208822153636	-0.3996882469813712	0.6140339910681899	0.5150968249514181	0.9686312519100319
STIP1	5.862717613039127	1.3983761849675067	1.0922850402197624	0.20046422325729119	0.8216056299554384	0.22010176994295855	0.9706357789116791	0.8206100478191325	0.9989208822153636	1.1782744150245483	0.8599369115104448	0.17062852150516472	0.7390818811223546
STK10	15.29940189882611	1.8391135620182688	0.7500999784472646	0.014213393525239622	0.22607192034867243	-0.26423671242636115	0.6778160638243694	0.6966582476673858	0.9989208822153636	2.10335027444463	0.5990706459319174	0.00044638729442270564	0.01279580021808683
STK17A	5.945188202366228	0.38917906087474274	0.9464826292500589	0.6809371954589443	0.9831180991421873	-0.3642527934868221	0.8169628981627346	0.6556968605902439	0.9989208822153636	0.7534318543615649	0.7756027983031083	0.3313418788168022	0.9025357146875582
STK17B	44.266684282541775	0.825406782371541	0.4530940760188012	0.0684987407769527	0.5580962376386237	0.6629083090488078	0.3922778938778497	0.09104811382600138	0.9989208822153636	0.16249847332273307	0.3621967557530178	0.6536863522861085	0.9777614542981466
STK4	18.875441790246487	0.3237676514252176	0.5729812857672844	0.5720343240592188	0.9665616667306404	0.12042810161918426	0.4874742326980671	0.804873350870161	0.9989208822153636	0.20333954980603333	0.4638122932926862	0.6610897201414873	0.9777614542981466
STMP1	31.87356603394981	-0.40359421202840384	0.5047002183763248	0.42390134318263717	0.9390981761492803	-0.26171297816847994	0.4210301456618296	0.5342039218276817	0.9989208822153636	-0.14188123385992393	0.42560211734893244	0.7388580985527577	0.9803559971046334
STRAP	11.418234277104553	-0.03923254306371958	0.6451668056208256	0.9515105884115678	0.9962366574728068	-0.4055885055403265	0.5409894872746088	0.4534257344014836	0.9989208822153636	0.3663559624766069	0.5333442669938104	0.4921436372036152	0.9686312519100319
STT3B	11.319720403304537	-0.31315999335515055	0.70446643027868	0.6566558210099512	0.9756318293502411	-0.35000605795495005	0.5832121693103927	0.5484162425341257	0.9989208822153636	0.03684606459979949	0.5897014046247753	0.9501785347756091	0.9952132068500601
STUB1	15.060448216288103	0.44658757224102186	0.6309610697642587	0.47907603492914796	0.9442442286200136	0.26744188775947764	0.5382552549174979	0.6192820394690108	0.9989208822153636	0.17914568448154422	0.5052070242907313	0.7228903533694102	0.9778476287367174
STX10	14.498664576737042	-0.41553886250489075	0.65920033715575	0.5284537783975689	0.9620464242561646	-0.5513522539083353	0.5469187294285524	0.3134034008900217	0.9989208822153636	0.13581339140344453	0.5568141112813255	0.8072993258370315	0.9919160079379556
STX11	27.655503694877513	0.13432029918210528	0.5316011176641874	0.8005222949644193	0.9930430668474647	-0.3183326662741486	0.4552881640036464	0.4844336630577015	0.9989208822153636	0.4526529654562539	0.44347158720674146	0.30739497400606275	0.8891901741132888
STX16	6.473923736429128	0.4993790020683655	0.8665466036210643	0.5644216298799876	0.9665616667306404	0.9513083318266825	0.7199945298710576	0.18641081652325875	0.9989208822153636	-0.45192932975831707	0.653929645742143	0.4895040921322752	0.9686312519100319
STX4	7.069569674009593	0.15374812018593506	0.877947681896204	0.8609836231076575	0.9930430668474647	-0.2557088542431981	0.745418239414549	0.7315677814776509	0.9989208822153636	0.4094569744291332	0.7208759266698446	0.5700354878119773	0.9711498888785488
STX7	11.582147705449257	-0.13499609953103625	0.6385219411688872	0.8325598074256668	0.9930430668474647	-0.19478214677815137	0.5262858484499722	0.7113026671608912	0.9989208822153636	0.0597860472471151	0.5254075688211318	0.9094043866640175	0.9933939763059726
STX8	11.290137062661678	1.3205580979424223	0.6877990997588569	0.054860869727581106	0.4986243493017927	0.05699367375564517	0.6149847675281579	0.9261618097525819	0.9989208822153636	1.2635644241867772	0.5288270636685338	0.01687721717414276	0.2106045903781917
STXBP2	57.77698133828607	0.12037655435124064	0.3894783069650174	0.7572673143874037	0.9930430668474647	-0.018013086671725218	0.3320056844081265	0.956731717713089	0.9989208822153636	0.13838964102296586	0.32363389539733267	0.6689338444334624	0.9777614542981466
SUB1	62.84237773055855	-0.21184205738944617	0.5721127919366981	0.7111737012254267	0.9930430668474647	0.21944745604061014	0.48848735552969524	0.6532594264381051	0.9989208822153636	-0.43128951343005634	0.4860938238514623	0.37494125307946435	0.9224426087386502
SUCLG1	10.731982721296733	-1.061063076751342	0.7075968304080025	0.1337360448604395	0.7388049390819276	-0.3520229812846827	0.5376326115262782	0.5126191109221812	0.9989208822153636	-0.7090400954666595	0.6082295036702986	0.2437178310887762	0.8530899342927205
SUGT1	8.281333165863794	0.06867109623920617	0.7459061413726529	0.9266471979801707	0.9957340452911454	-0.4143195056566132	0.630987758624876	0.5114249558366687	0.9989208822153636	0.4829906018958193	0.6150536759529915	0.43228822687530977	0.9479247627509146
SULF2	11.466613195569778	1.3295514081929547	0.683339113849531	0.05169456938211701	0.4852509906262328	0.21802861667768728	0.6091368350947588	0.7203953684398148	0.9989208822153636	1.1115227915152674	0.5220577213416148	0.03324445136499862	0.3284690256082735
SULT1A1	15.966362536846233	0.7767756149571388	0.7579765645947714	0.3054567996115345	0.8836419566191195	0.24230684902414565	0.6587771618637094	0.7130126242270696	0.9989208822153636	0.5344687659329931	0.6165028568034833	0.3859768592096834	0.9224426087386502
SUMF2	6.213074653864969	-0.45407256225675713	0.8452888079567804	0.5911430230843068	0.9671367302673034	0.17306008631940673	0.6508910960869527	0.7903302539691146	0.9989208822153636	-0.6271326485761639	0.6945608093903319	0.36656850600404545	0.9224426087386502
SUMO1	29.411304480971598	-0.6038186778658811	0.6043493762022467	0.3177356587705432	0.8843105230594555	-0.4287004943476172	0.5074609633406346	0.3982252959398058	0.9989208822153636	-0.1751181835182638	0.5155489147696412	0.7341025967880103	0.9803559971046334
SUMO2	68.39483506122954	-0.5630516254517564	0.4761211401577841	0.23697540329575562	0.8377005764365608	0.009186620445588321	0.40136184751379306	0.981739114693357	0.9989208822153636	-0.5722382458973446	0.40540148204683457	0.15808702118114848	0.7145729130788755
SUMO3	15.486188895438863	-0.3869107055775387	0.5619051034099788	0.49109423191656243	0.947054723826513	-0.15064134225870196	0.45318804070694024	0.739584510462864	0.9989208822153636	-0.23626936331883672	0.46706899087925996	0.6129581757099606	0.9777614542981466
SUPT4H1	23.923712757191854	-0.41354187329966385	0.5567596399070124	0.4576236433789438	0.9440800184231919	-0.09861537662545997	0.45997006238252647	0.8302388792251278	0.9989208822153636	-0.3149264966742039	0.46716061691343685	0.5002293349003821	0.9686312519100319
SURF1	9.759232059332987	0.11692048066183665	0.7116917356340127	0.8695065640227014	0.9930430668474647	0.43616217653014594	0.5843979886333949	0.45545938607378855	0.9989208822153636	-0.3192416958683093	0.565482377260728	0.5723815428119003	0.9711498888785488
SVBP	8.4520758882822	0.504740424163062	0.7228391681880927	0.4850053136925676	0.9442442286200136	0.5914578721807827	0.606904108395731	0.32978395641858316	0.9989208822153636	-0.08671744801772079	0.5537248884283104	0.8755542232922245	0.9919160079379556
SYAP1	22.86212684939323	0.6923053120950841	0.6628666909276089	0.29629524262846985	0.87543166114067	-0.2581805672818898	0.5782210819013036	0.6552300498038885	0.9989208822153636	0.9504858793769738	0.5502301149614017	0.08408985615054158	0.5614388197387352
SYF2	32.88726990531031	0.3592714264799528	0.470527113483718	0.44513488640890897	0.9440800184231919	0.3982540113099822	0.4000321162147651	0.31946636245676596	0.9989208822153636	-0.03898258483002945	0.3801546473066753	0.918324876006206	0.9941706264930981
SYK	14.364856053452462	1.1406424593227102	0.7211626578772738	0.11372457057100696	0.689576712070143	0.2070667774169568	0.6354067360584174	0.7445146357541841	0.9989208822153636	0.9335756819057532	0.5726538854073298	0.10304620404051472	0.6170590063092133
SYNCRIP	10.964944837342644	0.4001527838794667	0.6748380317359305	0.5532071043265439	0.965058301207955	0.3095494681952929	0.5705555718142186	0.5874462599498234	0.9989208822153636	0.09060331568417378	0.533946862040335	0.8652570723286238	0.9919160079379556
SYNGR2	13.825323722539062	0.09083973211578321	0.6078042263391588	0.8811941590252725	0.9930430668474647	0.03455766276809209	0.5078809133817055	0.945751527132589	0.9989208822153636	0.05628206934769112	0.49348191604810765	0.9091974238981901	0.9933939763059726
SYPL1	10.402241791294136	-1.604546030198841	0.757278995187762	0.03410477203722905	0.3836202434103764	-0.4182786665430378	0.5470572786388066	0.4445112158985207	0.9989208822153636	-1.1862673636558032	0.6656760510636371	0.07474123595406203	0.528098365709147
TAB2	6.087398708845979	1.783540203145022	0.9874691125744899	0.07089129665164538	0.5653531540770494	0.16836689317292186	0.8956845908408021	0.850895739375921	0.9989208822153636	1.6151733099721002	0.747770926193569	0.030773900575541396	0.3109335283065082
TACC1	13.358458905365941	0.9454326822239766	0.7477657826766119	0.20610682246722078	0.8228105461966762	1.1308679106932458	0.6453413122503089	0.0797125616783513	0.9989208822153636	-0.18543522846926924	0.5737805261757044	0.7465578205476584	0.9803559971046334
TAF11	7.755200768291167	-2.3201659531842713	0.872989196542626	0.007866985935553577	0.16087986238207064	-1.0565706551016136	0.5616865950739952	0.05996267535500429	0.9989208822153636	-1.2635952980826575	0.7992983318757019	0.11390532038786821	0.6371715240087648
TAF12	7.896950191482685	-0.2714156611357945	0.7509144203060072	0.7177654213048283	0.9930430668474647	-0.7203277330894673	0.6260685257753391	0.2499143948093907	0.9989208822153636	0.4489120719536727	0.6320956658174841	0.4775823474650629	0.9664871084564397
TAF1D	11.991707291443262	-1.1893487403580199	0.7154967907593233	0.0964586809459129	0.6479860963596028	-0.07517428424560064	0.5405931997103453	0.8894036223932875	0.9989208822153636	-1.1141744561124192	0.6151825039225252	0.07012099032278402	0.5131661447181186
TAF7	11.507664632261287	-0.02214505135714911	0.6382387264475025	0.9723212503605773	0.9964726730517024	0.23309417350594788	0.5221116535556746	0.6552757830650308	0.9989208822153636	-0.255239224863097	0.5148413987944962	0.6200617579345629	0.9777614542981466
TAF9	9.352009782847086	-0.39110375991280205	0.6495464211307981	0.5470954215842662	0.965058301207955	-0.6696548489480035	0.5281845739037523	0.2048542026033663	0.9989208822153636	0.27855108903520154	0.546527124096699	0.610279328002186	0.9776162491265729
TAGAP	14.24075779358766	0.23479381381710815	0.7199199528546255	0.7443193588497878	0.9930430668474647	0.16225046232037876	0.6125626444510156	0.7911083587354726	0.9989208822153636	0.07254335149672937	0.5902951757186113	0.9021915518239685	0.9933939763059726
TAGLN2	41.10425990024368	0.4254052898947786	0.533814524958748	0.42549986799238637	0.9391764168917583	0.38522379459743455	0.45870588026709147	0.40101735935676186	0.9989208822153636	0.04018149529734404	0.44066706944651446	0.9273469124163791	0.9941706264930981
TALDO1	80.92895570009674	0.08124362863461036	0.5655025184098974	0.8857640198442919	0.9930430668474647	0.025308911774471102	0.4871976984473462	0.9585701834513509	0.9989208822153636	0.05593471686013927	0.4819263062440622	0.9076011257166392	0.9933939763059726
TANK	18.218852178340548	0.9346861832385914	0.6239917558556958	0.13415551408314852	0.7388049390819276	-0.04670334311739732	0.5479049334091617	0.9320706973922155	0.9989208822153636	0.9813895263559889	0.5028290438808488	0.05096956097999677	0.4168938881277046
TAOK1	10.08301597115644	1.0137630755230795	0.7141784812046142	0.1557587136568312	0.7752612178129458	0.3331533409258296	0.625809111996215	0.5944793369143744	0.9989208822153636	0.6806097345972499	0.5492857116459455	0.21531533692040294	0.805830974489136
TAOK3	29.536679854392386	1.6090085059749801	0.6259594572863089	0.010156132546062643	0.18720854708763215	0.34132844378602806	0.5543980536255199	0.5381097285150152	0.9989208822153636	1.2676800621889521	0.504035216577961	0.01190112903716932	0.1678806608141759
TAPBP	15.878406951161319	-0.5266541529140301	0.706835842970456	0.4562191657996939	0.9440800184231919	-0.3890449015356515	0.588114678083236	0.5082840383244299	0.9989208822153636	-0.13760925137837854	0.5993725100469233	0.8184112639924306	0.9919160079379556
TATDN1	6.1710387584706305	-0.7949909698848607	0.9415708744036235	0.39848832918092736	0.9293546056084263	0.08701876019612938	0.722124130106324	0.9040840055065009	0.9989208822153636	-0.88200973008099	0.7932074596050313	0.266158187819328	0.8666888920632344
TAX1BP1	31.215838840304883	0.1993871021902107	0.4801332398688671	0.6779409494455235	0.9818123465317776	0.3554387059137824	0.40519877730078935	0.38038024294385686	0.9989208822153636	-0.15605160372357169	0.39040893753406025	0.6893677724324843	0.9777614542981466
TBCA	42.807361299018915	-0.4460396311411369	0.523091121053551	0.3938258688149846	0.9287813119565698	0.03803373723435694	0.438768667248257	0.9309235749991125	0.9989208822153636	-0.48407336837549386	0.44238431331883216	0.27385096406805787	0.8696706415213846
TBCB	13.822580758377205	0.5359089431039687	0.6505252354548968	0.41004774404901156	0.9327349883440683	0.2046328801564584	0.5582958988932557	0.7139687165293873	0.9989208822153636	0.3312760629475104	0.5199890720642139	0.5240709503949712	0.9686312519100319
TBL1X	5.737951663732822	1.4518235572081075	0.8536864216871576	0.08900834537299737	0.6276622975440677	0.3762777197024768	0.7666213102320951	0.6235494743970584	0.9989208822153636	1.0755458375056306	0.6173012516923996	0.08144976848280552	0.5492686465815061
TBRG1	11.665259555106159	1.2540211755289556	0.6679450429683219	0.06045895468367875	0.5191517028584626	0.5256145959025808	0.5905877008065932	0.3734735758611156	0.9989208822153636	0.7284065796263748	0.49720102440006153	0.1429170333785479	0.6995855778813057
TBXAS1	26.932531684639155	1.077784486098134	0.4728812112743096	0.02265597958779519	0.30452614816834567	-0.09063753265673652	0.4185457288315719	0.8285563456671358	0.9989208822153636	1.1684220187548706	0.37541263715837564	0.0018559342578857933	0.03984800024284203
TCEA1	14.82740378491669	0.4085864449642526	0.6190495999804468	0.509239618260358	0.9511556287703195	0.439800725654365	0.5232686729147228	0.40063516411784517	0.9989208822153636	-0.031214280690112395	0.49000953069579045	0.9492080101707475	0.9952132068500601
TCEAL4	7.292259702411921	0.22493402069199434	0.7767081732902796	0.7721229233502451	0.9930430668474647	0.4065000535301593	0.6393841393652722	0.5249275679437868	0.9989208822153636	-0.18156603283816494	0.6085408813623246	0.7654261883200768	0.9809070145248762
TCF12	6.2299282039496005	4.7753406190719305	1.4365808293646598	0.0008870387652797881	0.042326533083267226	2.389750340980776	1.4086070088466773	0.08978470853057229	0.9989208822153636	2.3855902780911546	0.5992812818265512	6.869753665008189e-05	0.002674624093576521
TCF25	21.07114347064562	0.8931902895168943	0.5749422270789476	0.12029644687213556	0.7057555889240248	0.6700968739351677	0.4983092782986491	0.1787089173865527	0.9989208822153636	0.2230934155817266	0.44914348713762803	0.6193945838322321	0.9777614542981466
TCIRG1	9.240542721927506	-0.25613274687363335	0.7246964264519865	0.7237626966466888	0.9930430668474647	-0.2990259073807152	0.5957682180009046	0.6157262480933846	0.9989208822153636	0.04289316050708185	0.6021472490551271	0.943211781941349	0.9944788766041077
TCP1	11.246294218163008	0.21927169696262372	0.8691940003610442	0.8008322624347055	0.9930430668474647	0.3031229507049402	0.739241205579128	0.6817721530230247	0.9989208822153636	-0.08385125374231647	0.7144342211673645	0.90656895342112	0.9933939763059726
TDG	9.337193646284874	0.44362932496070945	0.8672279848876122	0.6089669153528717	0.9723015550569842	0.3874216209699868	0.7399947510629405	0.6005940392649157	0.9989208822153636	0.056207703990722696	0.6975621400023155	0.9357780850733362	0.9944788766041077
TENT5A	8.849352615912172	2.0336583153013765	2.0581377953960773			2.476899858012691	1.805240868879881			-0.4432415427113144	1.6612050051523193		
TERF2IP	14.239737285745178	0.22680093678914168	0.5885835391031127	0.6999903678928607	0.9901701562993254	-0.0030781918821031454	0.4959563490461383	0.9950478988437492	0.9989208822153636	0.2298791286712448	0.47440330695015276	0.6279851101921832	0.9777614542981466
TES	14.971933088678496	-0.7721005917153546	0.6058889381889109	0.20254757564440318	0.8216056299554384	-0.047185318275199895	0.4708525456650927	0.9201756096894622	0.9989208822153636	-0.7249152734401548	0.5113868337295923	0.15632283382865805	0.7099105133445635
TESC	10.153941308621077	0.3874401918293532	0.7464428838832737	0.6037267964485431	0.9692333260986148	0.27630354745699215	0.6331177628788001	0.6625339861559545	0.9989208822153636	0.11113664437236105	0.5957352180758867	0.8520105250145353	0.9919160079379556
TET2	21.390612726448186	2.854414965092829	0.6995905997419897	4.501207915981285e-05	0.0049565224090209305	0.9615744602038285	0.640509943334675	0.13328731630501875	0.9989208822153636	1.8928405048890002	0.5108639518221572	0.00021124456928390222	0.006930720700101061
TEX14	26.88749958871307	8.296058037906773	2.300038894936116	0.00030985223317923075	0.0211215938950509	1.2961522595164883	2.2526828486720323	0.5650332461225089	0.9989208822153636	6.999905778390285	1.300901244458284	7.415036437818352e-08	6.014418444008219e-06
TFDP1	5.996009150697909	0.9464024190336773	0.8876806058457158	0.28635495378369935	0.8662940261108055	0.14835304589846038	0.7781650684626683	0.848803967016271	0.9989208822153636	0.798049373135217	0.6879061642497931	0.24600251248007254	0.8530899342927205
TFEC	9.25055703660462	0.5830838113634459	0.7822484610619914	0.4560331821724999	0.9440800184231919	-0.11468785283024507	0.6774580029971933	0.8655673948063024	0.9989208822153636	0.697771664193691	0.6298669617646648	0.26794474092642495	0.8666888920632344
TFRC	7.462051869972953	1.6572247940198332	1.0705099242553169	0.1216053325876917	0.7107007297706631	1.6886437507488707	0.9468362653297479	0.07451160061910163	0.9989208822153636	-0.03141895672903747	0.776825961005996	0.9677381179699734	0.9952132068500601
TGFB1	19.739455979790126	0.16742710641552924	0.5811016334880826	0.7732547469843278	0.9930430668474647	0.15045515592407027	0.4906654250821951	0.7591212669570828	0.9989208822153636	0.016971950491458974	0.4739726133860749	0.9714355564487639	0.9952132068500601
TGFBI	21.66875116852618	-0.7418609027866343	0.6671070628507837	0.2661137569617512	0.8526404634243385	0.34294153847654374	0.5407008164438305	0.5259152128725213	0.9989208822153636	-1.084802441263178	0.5632731432742117	0.05411803776719069	0.42941486489183917
TGFBR2	8.089886941127672	2.3651496074730978	0.9237387694937137	0.010454886145475056	0.18720854708763215	1.3912166357345759	0.8445524419841686	0.09949994996831169	0.9989208822153636	0.9739329717385219	0.6249120370755697	0.11911190172492787	0.6478556203902979
TGIF1	10.374026984529785	0.4056232452818567	0.752047493657052	0.5896394764309019	0.9671367302673034	0.3349967407797282	0.6392733524748839	0.6002594955075127	0.9989208822153636	0.07062650450212857	0.6021041319450421	0.9066227332452299	0.9933939763059726
TGOLN2	18.417446566434567	-0.8298511060287538	0.6072476663338914	0.17175771774763393	0.7855309040119424	-0.25791744424631385	0.48609248419164997	0.5957005982789884	0.9989208822153636	-0.57193366178244	0.5167786040153189	0.268411285502795	0.8666888920632344
THAP2	5.337811500352715	-0.47209668501030816	1.1921878880783565	0.692111042045811	0.9877935759606963	-0.6352503075731408	0.999902492703826	0.5252247823463074	0.9989208822153636	0.16315362256283272	1.0139659145914537	0.8721671079088609	0.9919160079379556
THBD	10.12913124995489	-1.133502233522237	0.9424207145831527	0.22907072974081233	0.8364065817347909	0.516721348285831	0.7250314399398644	0.4760387229652604	0.9989208822153636	-1.650223581808068	0.8030081556175358	0.0398739745315278	0.3669012546935494
THBS1	82.62508883452766	0.42759779833727546	0.7301886499802898	0.5581449698240597	0.9663555080452262	0.728044977507152	0.630815897190213	0.2484459489573796	0.9989208822153636	-0.30044717916987657	0.6218808627519709	0.6290058568162142	0.9777614542981466
THEMIS2	22.272139231920146	-0.4432143162010628	0.5779576046148969	0.4431629602990661	0.9440800184231919	-0.6814137550641455	0.48501891701395883	0.16004446881815593	0.9989208822153636	0.23819943886308265	0.49136456608930634	0.627838584125599	0.9777614542981466
THOC2	8.530449558658342	-0.10679728346934445	0.7711356821855333	0.8898504023993961	0.9930430668474647	0.13286272551852382	0.6318730961206096	0.8334584680939842	0.9989208822153636	-0.23966000898786824	0.6287808755274387	0.7030917375362804	0.9777614542981466
THOC7	12.154857520959661	-0.4923731683831103	0.6992997780276674	0.4813738887057045	0.9442442286200136	0.0903180192857228	0.5626748225713125	0.8724750283745063	0.9989208822153636	-0.5826911876688331	0.5830887773060293	0.31764060460253574	0.8938644939739743
THRAP3	13.095569653570008	0.7115565581107345	0.6510896866161141	0.2744507655886371	0.8594258942872586	0.34278469117194094	0.5618144325046535	0.5417699753188836	0.9989208822153636	0.36877186693879355	0.5118686525189325	0.47125266846248237	0.9660542988919743
THUMPD3-AS1	10.354694824237631	-0.12878879716479769	0.7953280180084027	0.8713596599074173	0.9930430668474647	0.08601162744006988	0.6613290134047518	0.8965199424495778	0.9989208822153636	-0.2148004246048676	0.6565684755697406	0.7435497733102994	0.9803559971046334
TIAL1	8.214742143970655	0.6560526429541395	0.7517662400973593	0.382836593193024	0.9257411016933377	0.5539452477675384	0.6398095166405892	0.3866014194834724	0.9989208822153636	0.10210739518660115	0.5731155547274687	0.8585957768772142	0.9919160079379556
TIMM10	8.505903393952726	-0.3916056604187676	0.7920796943734977	0.6210224129205881	0.9747465964778875	-0.16253759174927732	0.6451655913793071	0.8010939434350928	0.9989208822153636	-0.2290680686694903	0.6607518151004935	0.728833295664179	0.9791790689447051
TIMM13	21.561993119100233	-0.040730130752940345	0.6477323062618713	0.949861171757763	0.9962366574728068	0.17194750579192025	0.5463544399474469	0.7529758746775174	0.9989208822153636	-0.21267763654486058	0.5379291658453362	0.692574534125892	0.9777614542981466
TIMM17A	7.521026013222513	-0.3361928579671218	0.758825879682669	0.6577342859011227	0.9756318293502411	-0.007399110176335554	0.6052731551834307	0.9902465710070734	0.9989208822153636	-0.32879374779078624	0.6248166430207415	0.5987323197651757	0.9744810091328309
TIMM17B	10.290028757978812	-0.19330984567863413	0.6714410960560079	0.773421059066919	0.9930430668474647	-0.395242412913736	0.5557603151834575	0.47697627707370294	0.9989208822153636	0.2019325672351019	0.5577158588339564	0.71729920390933	0.9777614542981466
TIMM8B	23.476214066881408	-0.4327806112920327	0.5378026101888926	0.4209811738671979	0.9390981761492803	-0.5195042946742153	0.44847386055919636	0.24670795664071865	0.9989208822153636	0.08672368338218263	0.4551910799826606	0.8489005039872154	0.9919160079379556
TIMP1	103.37728546204511	-0.0328172163436014	0.48550081007345913	0.9461083815489404	0.9962366574728068	0.28275804381133385	0.416594542411606	0.4973046488998607	0.9989208822153636	-0.31557526015493526	0.41268956553738617	0.44446240248771884	0.9556839401475558
TIMP2	12.963156979124292	-0.13540208485347568	0.7059126356014094	0.8478899475900974	0.9930430668474647	0.2867089932419005	0.5824346367453171	0.6225358945199309	0.9989208822153636	-0.42211107809537624	0.5792615084351732	0.4661817950306417	0.9649020091689738
TKT	90.16613596617576	-0.4906501480203674	0.41337238202715415	0.23524944352355437	0.8377005764365608	-0.2989590974650951	0.3509366585506617	0.3942756736440699	0.9989208822153636	-0.1916910505552723	0.35289746099781466	0.5869976669647323	0.9713108878987808
TLE3	7.304425243361383	0.18737167233229768	0.8906195307972552	0.8333683535610968	0.9930430668474647	0.9013708428082648	0.7306253195131897	0.2173155373377993	0.9989208822153636	-0.7139991704759671	0.6997588660948377	0.307562354744665	0.8891901741132888
TLE4	21.341580494477032	0.6215754105235447	0.616494381665981	0.31333839119966944	0.884054626494249	0.4835798719077182	0.5307905519700956	0.3622659131140642	0.9989208822153636	0.13799553861582656	0.4970403152110708	0.7812929469180872	0.9838015061805645
TLE5	11.798351077470002	-0.752973487490321	0.7310181085628895	0.3029940574855212	0.8836419566191195	-0.34644856939581814	0.5848909853706898	0.5536295252776241	0.9989208822153636	-0.4065249180945028	0.6209777673064689	0.5126912338848407	0.9686312519100319
TLN1	24.844530006463163	0.6438203124394292	0.5847769223260213	0.27091085715239105	0.8577424124837237	0.47053521915533747	0.5040051794374778	0.3505143775111973	0.9989208822153636	0.17328509328409178	0.47126932677442346	0.7130979503833039	0.9777614542981466
TLR2	25.904112501447525	0.7213706263513704	0.6099732951887934	0.2369571772030088	0.8377005764365608	-0.032568697648022144	0.5310621120607771	0.9510984112220596	0.9989208822153636	0.7539393239993926	0.5026752999785935	0.1336523471352993	0.6846751818159192
TLR4	16.8381842155671	-0.07489669140648798	0.5826065882760679	0.8977101810461054	0.9930430668474647	-0.15384915840432925	0.4871616822198931	0.752148865883747	0.9989208822153636	0.07895246699784127	0.481420513643585	0.8697319569052926	0.9919160079379556
TM2D1	8.25753146031792	0.255274033696182	0.7748593495879131	0.741818876202945	0.9930430668474647	-0.2992527507913037	0.6617155385780715	0.6510977107529003	0.9989208822153636	0.5545267844874857	0.6334795081910306	0.3813744830884177	0.9224426087386502
TM2D3	8.742518586229297	0.8302961711023922	0.7803956807130954	0.287354725486052	0.8678233956398385	0.1403601972463308	0.680256731742848	0.8365299014482268	0.9989208822153636	0.6899359738560614	0.6140108018636652	0.26115964435428607	0.8597363714932529
TM9SF2	10.987189838347378	-0.10267194589392932	0.6812498636125707	0.8802035824762051	0.9930430668474647	0.5098819784644666	0.5482520434374037	0.35236392792185844	0.9989208822153636	-0.612553924358396	0.547444789109532	0.26316881364301103	0.8624612074495985
TM9SF3	9.97298827037581	-0.13760125552001104	0.7518578880276596	0.8547862656479349	0.9930430668474647	-0.20766390921574734	0.6272153832009683	0.7405775068674372	0.9989208822153636	0.0700626536957363	0.6235451877549079	0.9105365502630142	0.9933939763059726
TMA7	117.62387588042121	-0.3135877715702991	0.4094099685584637	0.44370575386116107	0.9440800184231919	-0.2304866885357075	0.3502212265463337	0.5104626858017605	0.9989208822153636	-0.0831010830345916	0.34963545769883214	0.8121299015437206	0.9919160079379556
TMBIM4	61.36338844978798	-0.31190016119237385	0.5874306766854511	0.5954488939900529	0.9671367302673034	-0.39082745360165344	0.5037960466216423	0.43788761997560344	0.9989208822153636	0.07892729240927956	0.5029010860739348	0.8752890070486125	0.9919160079379556
TMBIM6	49.81782464967219	-0.7280809619725954	0.4759239704635682	0.12605975316335757	0.7240605665962166	-0.3402228345704263	0.39739056935327116	0.3919191313352903	0.9989208822153636	-0.3878581274021692	0.40656001214834314	0.3400837969997983	0.9125323816365909
TMCO1	14.794607317389255	-0.02711221003628157	0.6013578909008735	0.9640395714150404	0.9964726730517024	0.4307698695817976	0.49089514715599386	0.3802047471197165	0.9989208822153636	-0.4578820796180792	0.4840738587902218	0.34420315880465135	0.9143359608165523
TMED10	19.07205441846912	-1.4752005953976444	0.5793251313659601	0.010883657963143377	0.1923451404227129	-0.7489521215472539	0.44173273306135674	0.08998306779972576	0.9989208822153636	-0.7262484738503906	0.50767377432637	0.15256162358032313	0.7099105133445635
TMED2	12.813565364057808	-0.32230501004196377	0.716447944552075	0.6528076293372221	0.9756318293502411	0.2890322694177279	0.5844015357542284	0.6208978817836297	0.9989208822153636	-0.6113372794596916	0.5925351775608003	0.302197859721802	0.8862952892362709
TMED4	5.973543834830778	0.4535679005657465	0.8709596369929579	0.602528403655224	0.9692333260986148	-0.023652782742336082	0.7446244404163103	0.9746596861960204	0.9989208822153636	0.47722068330808254	0.6937866826418012	0.4915476873038801	0.9686312519100319
TMED5	10.702084415575818	0.3796424303456646	0.7014858769845352	0.5883714335167137	0.9671367302673034	-0.2654035783315138	0.6033953850234469	0.6600456094483509	0.9989208822153636	0.6450460086771783	0.572043126351076	0.2594813682181054	0.8590598895388247
TMED9	10.309589013942086	-0.10131078259422503	0.6954174389253612	0.8841713199885654	0.9930430668474647	0.21554859066764379	0.5680250181397957	0.7043386987504406	0.9989208822153636	-0.3168593732618688	0.5652271271568373	0.5750786407852819	0.9711498888785488
TMEM107	74.58679182422657	-0.4734237891509845	1.1570707907471312	0.682424336854947	0.984112860298227	-0.09040423920682818	0.9987986748975103	0.9278795839427095	0.9989208822153636	-0.3830195499441563	0.9990512727599039	0.7014356015514884	0.9777614542981466
TMEM123	18.574946558871307	-1.170221223872848	0.608252114882551	0.05436609279416395	0.49570103079519545	0.09440466564644738	0.4607152402776399	0.837643280286888	0.9989208822153636	-1.2646258895192952	0.5213155100864512	0.015273173787088055	0.2006095666507163
TMEM126A	6.622755610113656	-0.3764327512288747	0.8476152833876822	0.6569644832439541	0.9756318293502411	0.11124555634489386	0.6692369738971439	0.8679779571221617	0.9989208822153636	-0.48767830757376857	0.6968774471004778	0.4840491046028662	0.9686312519100319
TMEM131	5.83814137051746	0.4274409234879994	0.9178211818158647	0.6414212052245049	0.9756318293502411	0.9456153510535352	0.7598123573513792	0.21330162307399836	0.9989208822153636	-0.5181744275655359	0.6994745056394699	0.45881149546985933	0.9611401237492433
TMEM141	6.902781488101385	-0.31645640614274473	0.8428907255912377	0.7073319271992587	0.9930430668474647	0.38862374649019765	0.6621537346923039	0.5572650681785498	0.9989208822153636	-0.7050801526329423	0.6855816939674737	0.3037425474807688	0.8862952892362709
TMEM147	14.634901941617068	0.3816089515023957	0.6114540494057348	0.5325613991980376	0.962283048387728	-0.25457372896792835	0.5256890099198434	0.6281965422454594	0.9989208822153636	0.6361826804703241	0.49788875466701854	0.20133381758664548	0.7849062047436647
TMEM14B	17.65591185884507	-0.41339472223919094	0.6303697805255383	0.5119546333458198	0.9521733056192314	-0.15151442566459492	0.5206015623500582	0.7710228620227008	0.9989208822153636	-0.26188029657459605	0.5290955026519039	0.6206294413934399	0.9777614542981466
TMEM14C	11.556732275378259	-0.19457560260748283	0.6166540292822127	0.7523558830734633	0.9930430668474647	-0.27859331419577726	0.5057727418170969	0.58175222992335	0.9989208822153636	0.08401771158829444	0.5092383834440504	0.8689542167710526	0.9919160079379556
TMEM154	9.133996081893226	0.4709220599982036	0.7007546575508171	0.5015701327454719	0.9510478797151422	0.4355866146449532	0.5904693461466488	0.46069947114102683	0.9989208822153636	0.03533544535325036	0.5436952844831192	0.9481809535490578	0.9952132068500601
TMEM160	16.127727078592756	0.22224395986735085	0.6490166567161597	0.7320259397368454	0.9930430668474647	0.2255451366377411	0.5488907622918938	0.6811379503865997	0.9989208822153636	-0.0033011767703902306	0.5275386790476666	0.9950071134271911	0.9996889679060499
TMEM165	20.295296903531753	0.843958161522886	0.4908809690541301	0.0855647609458578	0.6109025201695534	-0.26341502947214984	0.43218305713583366	0.5421939065926222	0.9989208822153636	1.107373190995036	0.3906252170536626	0.004584379229729166	0.08263202068400718
TMEM167A	41.99689364458758	-0.8708667261504095	0.5340624126209494	0.10296504121154224	0.6669432420557588	-0.32166744745607234	0.4440094143115387	0.4687828405635178	0.9989208822153636	-0.5491992786943372	0.4574838753739302	0.22995379342729128	0.8319309113245689
TMEM167B	6.932463959231819	-1.071058112512754	0.8002816463611502	0.18078189302269598	0.8012052008111124	-0.2657208181742032	0.5884737426438327	0.6515987074970491	0.9989208822153636	-0.8053372943385508	0.6878265487766347	0.2416616595186447	0.85177964830174
TMEM170A	6.124919175809733	0.015108791581777498	0.9285563969425553	0.9870179779517991	0.9982438456126328	0.6263596069210016	0.747483749394782	0.4020545784357087	0.9989208822153636	-0.6112508153392241	0.7349103087536838	0.4055583945419964	0.9331997730989988
TMEM170B	8.418109072618984	0.3614273823603281	0.739031901493881	0.6248026288961207	0.9747465964778875	0.5458347321882546	0.6142340173532269	0.3741949979404461	0.9989208822153636	-0.18440734982792656	0.5726819557673682	0.7474477204956584	0.9803559971046334
TMEM173	5.440829977286545	-1.8100358608589895	1.1149778927115066	0.10450761313134413	0.6704366481918375	0.45780264450813135	0.7002182902336281	0.5132407342691427	0.9989208822153636	-2.267838505367121	0.9874166526410643	0.02163365339873455	0.2547188222754229
TMEM176A	10.586346364562123	-3.977163141087411	2.2001912522455958	0.07066188124682464	0.5650976704180417	0.7695548277444261	1.4953058542327706	0.6067996427649234	0.9989208822153636	-4.746717968831837	2.00220971997513	0.017752531071109953	0.2187231676271775
TMEM176B	20.694787538638362	-2.8423496345979857	1.0389505257995788	0.006223087563299134	0.1415165716553318	0.22863194395604713	0.7538693472028477	0.7616780550116625	0.9989208822153636	-3.070981578554033	0.9273181564459928	0.0009273734896575963	0.023344229222415355
TMEM179B	15.880599902796098	0.3272889071451504	0.6776778026508713	0.6291266154226165	0.9747465964778875	0.6377581149221011	0.5716359653412698	0.26456265436661	0.9989208822153636	-0.3104692077769507	0.5428366982834021	0.5673636390500283	0.9711498888785488
TMEM183A	8.223717942397235	-0.0758536154048317	0.7871544516988229	0.9232312166847113	0.9951848544308465	0.42074409515984207	0.6359024526814399	0.5081963244098741	0.9989208822153636	-0.4965977105646737	0.63254800201393	0.43240951506308845	0.9479247627509146
TMEM205	17.666887490757034	-0.1474061781169586	0.6281193002657561	0.8144581738145719	0.9930430668474647	0.3235430154876167	0.5192185244450968	0.5331960895537924	0.9989208822153636	-0.4709491936045753	0.5165425643177893	0.3619089903038203	0.9224426087386502
TMEM208	7.721226752344958	-0.2355284181398015	0.8112950853513369	0.7715778239604215	0.9930430668474647	-0.21430783046800356	0.6662033809743888	0.7476911198471522	0.9989208822153636	-0.021220587671797925	0.6720030942886103	0.9748085003245475	0.9966529485110919
TMEM219	26.032450726362526	-0.11473130178674179	0.5407489675155077	0.8319735544436153	0.9930430668474647	-0.11398613858880441	0.4551289139823341	0.8022408924489663	0.9989208822153636	-0.0007451631979373766	0.4506051576705996	0.9986805434207678	0.999862800813859
TMEM230	17.44374506447703	-1.3909144480575666	0.6378521989413946	0.02921139694993325	0.3522735398499982	-0.40825809439209854	0.49026597532765365	0.4049982767005815	0.9989208822153636	-0.9826563536654681	0.5541120864214595	0.07616424811002097	0.5306873422321944
TMEM256	18.77803620014039	0.1564368764207308	0.6402952380946547	0.806983062896854	0.9930430668474647	-0.1768399221411277	0.5470299028321094	0.7464886047280492	0.9989208822153636	0.33327679856185854	0.5314404260976693	0.5305807278224509	0.9686312519100319
TMEM258	53.74544039784353	-1.1366266496251332	0.5113191847294741	0.026220534424044414	0.3313474933467059	-0.5634187063983946	0.4254872684854847	0.18544563189559315	0.9989208822153636	-0.5732079432267385	0.4412317674869681	0.19390669364663438	0.7758474572596418
TMEM30A	5.517614889452087	-0.11573466994570883	0.9757358657329984	0.9055821996500859	0.9930430668474647	0.4068929914467355	0.7946966305080375	0.6086436853549875	0.9989208822153636	-0.5226276613924443	0.7917125074713651	0.5091748791216908	0.9686312519100319
TMEM33	9.885606332407452	-0.22424527181136608	0.7025658078050884	0.749589679681661	0.9930430668474647	0.036836265341621155	0.5712985620582324	0.9485895172721905	0.9989208822153636	-0.2610815371529872	0.5770843450446772	0.6509701387675685	0.9777614542981466
TMEM35B	7.769825781970984	-0.7660997433657525	0.745616000165017	0.3041981495469406	0.8836419566191195	-0.44419539425650045	0.5810021238563976	0.44454957893808644	0.9989208822153636	-0.32190434910925203	0.6340053998117169	0.6116418353103327	0.9776162491265729
TMEM44-AS1	7.442565975426592	-0.051298912050447905	0.8159291525000322	0.949868612644599	0.9962366574728068	-0.4698361258921444	0.6852712550508794	0.49295235387231606	0.9989208822153636	0.41853721384169645	0.6763584691476678	0.5360416997083363	0.9686312519100319
TMEM50A	33.81623316001324	-0.20087043760885695	0.6260037991211307	0.7483033422063068	0.9930430668474647	0.1648921093371717	0.5305091796639171	0.7559385448282099	0.9989208822153636	-0.3657625469460286	0.5274876420919142	0.4880554509344712	0.9686312519100319
TMEM59	45.299124207283995	-0.3788993878957784	0.6432961594957064	0.5558634113761136	0.965058301207955	-0.23533460782903334	0.5492583493371286	0.6683170772896374	0.9989208822153636	-0.14356478006674503	0.549490311866718	0.7938850768617627	0.9906600104428833
TMEM71	5.533052945650803	0.3832535501251415	0.8988254261989563	0.6698209499337151	0.9780705608686049	0.5095928776080716	0.7500197409428894	0.4968595644498066	0.9989208822153636	-0.12633932748293017	0.6978749854390126	0.8563406330457529	0.9919160079379556
TMEM91	9.6523474912399	0.4048964209888318	0.7178947289862723	0.5727505356092581	0.9665616667306404	-0.19761494268981789	0.6159945507830855	0.7483571724955516	0.9989208822153636	0.6025113636786497	0.5798268210771603	0.29874755316526125	0.8862952892362709
TMEM9B	7.7365717929523425	-0.10090967612861328	0.772401566512804	0.8960568870478346	0.9930430668474647	-0.14766649002184556	0.6377271084707767	0.8168865985442099	0.9989208822153636	0.04675681389323229	0.6339717692239771	0.9412075607818879	0.9944788766041077
TMF1	6.573182397951051	-0.09282067811730046	0.8924047532033645	0.9171599368246315	0.9931274202454311	0.655390363553402	0.7132785515622486	0.35817816732330854	0.9989208822153636	-0.7482110416707024	0.7125385119903421	0.29368868778375934	0.8862952892362709
TMOD3	9.769749834536148	-0.28704650364767487	0.7101676261021235	0.6860690196024292	0.9850629905324748	-0.19667972725934835	0.5808293863075884	0.7348969473555631	0.9989208822153636	-0.09036677638832653	0.5893565247264282	0.8781370530850922	0.9919160079379556
TMPO	11.569527429595448	0.8285038127179187	0.6903369478871562	0.23008338215517044	0.8364065817347909	0.9459722616052082	0.5906305248929075	0.1092371927614007	0.9989208822153636	-0.11746844888728947	0.5172770572603217	0.8203537568438055	0.9919160079379556
TMSB10	1070.732169768244	-0.20534364708497144	0.380175453313614	0.5891083270401087	0.9671367302673034	-0.14436011407743926	0.3288155137250985	0.660639271974659	0.9989208822153636	-0.060983533007532176	0.3285099868810737	0.8527296161230054	0.9919160079379556
TMSB4X	3045.3568504990394	-0.10754372204998264	0.4587060171811193	0.8146354826867898	0.9930430668474647	-0.39447851552196916	0.3971772965296869	0.3206100146996499	0.9989208822153636	0.2869347934719866	0.3970596731763627	0.4698955284690829	0.9660542988919743
TMX1	10.402925557599152	-1.0043242400571202	0.7611545101102483	0.18701040966469495	0.8079477058279777	-0.06160879891496933	0.5837311584713257	0.9159448681707221	0.9989208822153636	-0.9427154411421509	0.6493517360113249	0.14656296751176795	0.7037032993633845
TMX4	9.394832595142896	-1.0594015259760217	0.7086431296798742	0.13492179063105927	0.7388049390819276	-0.5391368543035332	0.5344380290364918	0.31307435716998533	0.9989208822153636	-0.5202646716724885	0.6117914688936699	0.3951052738754618	0.9275297455443251
TNFAIP2	22.701280617623663	-1.0219640378534798	0.6982035739576217	0.14327457830380838	0.7512731093109952	-0.22198534225924335	0.5708183589876019	0.6973577912431843	0.9989208822153636	-0.7999786955942364	0.598699998440573	0.18148622653376034	0.7517237854220555
TNFAIP3	83.69026781249498	-0.01521717252591275	0.6854891294256513	0.9822892160454237	0.9969961297960088	0.1617942645861057	0.5907853133964006	0.7841898723758169	0.9989208822153636	-0.17701143711201847	0.5869809846073836	0.7629856193349438	0.9809070145248762
TNFAIP6	24.977363048032288	2.4633609143226405	0.5672133627996089	1.4060285979846772e-05	0.0021186630926474373	0.0682054602366081	0.52325044637604	0.8962898791907575	0.9989208822153636	2.3951554540860327	0.4285993000553908	2.2926018885032495e-08	2.1594830691708026e-06
TNFAIP8	9.601642727431807	0.7376075308108715	0.684840446908825	0.281457845639827	0.8632854553136564	0.3048338667822938	0.5906542222553235	0.6057878518888171	0.9989208822153636	0.4327736640285777	0.5291231844007339	0.4134101767956233	0.9394223472709884
TNFRSF10B	7.416490775159384	2.7000423615802718	1.0320865632499299	0.008894032776446587	0.16975743892644385	0.13235795064531053	0.9612090017733937	0.8904779542882522	0.9989208822153636	2.5676844109349615	0.7612939711252366	0.000744107811740858	0.019752680093484597
TNFRSF14	6.742410113218156	1.1599492931415711	0.8678791598245464	0.18137506301757933	0.802591662162797	1.3714047677355228	0.750399407662812	0.06761464760684428	0.9989208822153636	-0.21145547459395178	0.5998601239441385	0.7244573423704173	0.9778476287367174
TNFRSF1A	9.709239463605327	-0.7195250665059979	0.7032351438606114	0.30623018749226716	0.8836419566191195	-0.685881057352911	0.5672215974301312	0.22658825113816994	0.9989208822153636	-0.03364400915308691	0.6007560271190493	0.9553395904867857	0.9952132068500601
TNFRSF1B	36.6056199923585	0.5359009634912698	0.7051511240744591	0.44726635996663466	0.9440800184231919	0.2230864406401615	0.6101049917635476	0.7146243638004826	0.9989208822153636	0.3128145228511084	0.5922324256073248	0.5973636281386928	0.9739261832300296
TNFSF10	22.32725878577278	-0.9016459145853652	0.5722747317820255	0.11513016708680697	0.689576712070143	-0.2935212951671973	0.4603280049792886	0.5237112391746968	0.9989208822153636	-0.608124619418168	0.4887178932195981	0.21337942637623175	0.8051952409557065
TNFSF13	15.006363394096397	-1.2798429940789207	0.6771968033856383	0.05876960612762719	0.5106783428604956	-0.5374020642626017	0.5288950859171747	0.3095891806650243	0.9989208822153636	-0.7424409298163192	0.5871402724781207	0.20604936510044136	0.7949616429336143
TNFSF13B	52.07309753863847	-0.8581127874117797	0.46595513439039543	0.06553059865690371	0.5402820903262484	-0.8424780194276842	0.3912262566408628	0.031284967889691366	0.9989208822153636	-0.01563476798409544	0.4014083492222866	0.96893042578699	0.9952132068500601
TNIP1	8.819951534629327	1.1550974281170405	0.7978196853518139	0.14766805307529823	0.7554061841730147	-0.08640351113101222	0.7091081008480393	0.90301927884125	0.9989208822153636	1.2415009392480527	0.6276339161545447	0.04792132818813206	0.40782294907910893
TNKS2	6.365242286675379	0.35536454093280323	0.9874925311112357	0.7189476819950431	0.9930430668474647	1.3693349468804863	0.8071586607553489	0.08979350907717105	0.9989208822153636	-1.013970405947683	0.750559677707176	0.1767106776533789	0.7467368722834534
TNRC6B	15.469697496563258	0.4022040904796871	0.6009747171252172	0.503334147062383	0.9510478797151422	-0.38634005333923316	0.5193898943536911	0.45697668592992846	0.9989208822153636	0.7885441438189204	0.49279620079801895	0.10956697497738001	0.6322837291184775
TOB1	10.386721639864373	-0.012461869657521251	0.9365057422105524	0.9893830443110792	0.9982438456126328	1.0777499295434751	0.7730770573339101	0.1632861578795588	0.9989208822153636	-1.0902117992009963	0.7588840135160569	0.15083204874763959	0.7069495703741695
TOLLIP	7.9668383926807556	0.5277855044527773	0.7548596130944971	0.4844372629979681	0.9442442286200136	0.007965898501611472	0.64771053412681	0.9901874265265362	0.9989208822153636	0.5198196059511658	0.5979901883087143	0.38469519271804953	0.9224426087386502
TOM1	14.041365155178744	2.775880493553138	0.7588471228556926	0.00025416789713847025	0.01819206723768601	-0.38826955657965895	0.7137133699788399	0.5864323293370823	0.9989208822153636	3.1641500501327964	0.5784252986757628	4.493176601819943e-08	4.100023649160698e-06
TOMM20	19.258711110476288	-0.45099041038550697	0.5321469438218673	0.39672080538135446	0.9293546056084263	-0.413896702457667	0.4348928354060356	0.34123842829556805	0.9989208822153636	-0.03709370792783993	0.44753223659953445	0.9339429839334503	0.9944788766041077
TOMM22	16.510603315497146	-0.24395794314662125	0.569032977133684	0.6681242857988059	0.9780705608686049	-0.41401230817756934	0.4729234046235501	0.3813388644569369	0.9989208822153636	0.1700543650309481	0.4754140615750826	0.7205697927692456	0.9777614542981466
TOMM5	16.039734695422514	0.11765713058467034	0.5885402276224905	0.8415482403454708	0.9930430668474647	-0.15055697762073642	0.4971550197572579	0.7620140189165545	0.9989208822153636	0.26821410820540675	0.48223099066794095	0.5780780638891221	0.9711498888785488
TOMM6	40.94269519984212	0.12014664024516306	0.5405994904782777	0.8241215717466763	0.9930430668474647	0.3517416117345785	0.4605964686670384	0.44506663213033637	0.9989208822153636	-0.23159497148941546	0.450056183926062	0.6068386851030062	0.9776162491265729
TOMM7	93.70824448568813	-0.6618890214910184	0.4508637721154061	0.14209156899241296	0.7512731093109952	-0.31986293312082903	0.38279388092508837	0.4033794303670811	0.9989208822153636	-0.3420260883701893	0.38653721799947827	0.3762394485724353	0.9224426087386502
TOP1	25.76486704433484	0.7310996039562004	0.6024999086933073	0.22496029975247922	0.8354184242140112	0.025720330322975816	0.5243653347324727	0.9608791294758049	0.9989208822153636	0.7053792736332246	0.494108716891363	0.1534130449829956	0.7099105133445635
TPGS1	7.496643553571434	-0.0901855964555764	0.7987969797499999	0.9101084295036859	0.9930430668474647	-0.1073779969734164	0.6603574566152723	0.8708287670303344	0.9989208822153636	0.017192400517840004	0.6553031676002647	0.9790692642637505	0.9982130766934886
TPI1	66.37927575029697	0.1128472419888837	0.3884771220490017	0.7714443086034762	0.9930430668474647	0.16974736340629668	0.3307898520508168	0.607841004583392	0.9989208822153636	-0.05690012141741298	0.3228801587024459	0.8601158051877051	0.9919160079379556
TPM3	69.22986676367405	0.2422645038282129	0.3986125843617288	0.5433404725961706	0.9650539864344535	0.302159378518523	0.3408005449324753	0.3752854197542531	0.9989208822153636	-0.05989487469031008	0.3305255775915716	0.856201950698043	0.9919160079379556
TPM4	26.073927763074632	1.082859237600343	0.5626796767434473	0.054295902333697806	0.49570103079519545	0.7941301999241416	0.49085067705620217	0.10569166410848237	0.9989208822153636	0.28872903767620145	0.440351304943275	0.5120307792855887	0.9686312519100319
TPMT	5.284680843781384	-0.07983476295509703	0.9910690149991582	0.9357964978565545	0.9962366574728068	-0.7257184992094432	0.8422076510534354	0.38886035964392196	0.9989208822153636	0.6458837362543461	0.8322801881649627	0.4377246455376218	0.954365942691012
TPP1	23.912157638367688	-0.6307401642137765	0.5906314266529402	0.285561907600543	0.8660632854452909	0.2961812506413854	0.4777273568586161	0.5352711694561436	0.9989208822153636	-0.926921414855162	0.49603384049597216	0.06166934139654805	0.4738802023103166
TPR	14.528244886400186	0.021307496174333952	0.6335667818260936	0.9731713870493343	0.9964726730517024	0.23694034117494567	0.5251117636646152	0.6518318045334218	0.9989208822153636	-0.21563284500061172	0.5141318707403969	0.6749153841687958	0.9777614542981466
TPRKB	7.713330529525784	0.18146907127480877	0.7268882016715441	0.8028565048049743	0.9930430668474647	0.140590843446624	0.6015362043964987	0.8152026158421665	0.9989208822153636	0.04087822782818477	0.5768700776986793	0.9435075036144663	0.9944788766041077
TPT1	560.5472393768958	-0.6871975702915609	0.46123891467334294	0.13625183647756123	0.7388049390819276	-0.12717960544982362	0.39804784012843836	0.749341066613713	0.9989208822153636	-0.5600179648417374	0.39861226788789417	0.16004535401619358	0.7186901642302764
TRA2A	14.147405425633009	0.4694975798718913	0.6341628189984785	0.4590923013164082	0.9440800184231919	-0.12783087027931284	0.5467160488790002	0.815127954595504	0.9989208822153636	0.5973284501512041	0.515035158175901	0.2461376184684534	0.8530899342927205
TRA2B	56.316379891792025	0.4425474347425584	0.660970243368948	0.503149705529107	0.9510478797151422	0.7480374987447181	0.5697538573175369	0.189212116360174	0.9989208822153636	-0.3054900640021597	0.5560150413087109	0.5827119704919731	0.9711498888785488
TRABD	7.889147742107743	-0.21064991548552175	0.7270492588770977	0.772020768671366	0.9930430668474647	-0.11622323491485845	0.5869643932427984	0.8430393519550089	0.9989208822153636	-0.09442668057066332	0.5956630356025251	0.8740441836318811	0.9919160079379556
TRAF3IP3	11.301373189597681	0.01809696673289099	0.6062394395760408	0.9761857358027245	0.9964726730517024	-0.024217237936546378	0.4984480979247249	0.9612498049130568	0.9989208822153636	0.04231420466943736	0.48938195763948816	0.9310971128869181	0.9941706264930981
TRAM1	13.498526550177393	-0.44361919717477505	0.6145468785582462	0.4703781673177889	0.9442442286200136	-0.05931532075650194	0.4931423120314617	0.9042610841952465	0.9989208822153636	-0.3843038764182731	0.5114039705189268	0.45237086682832517	0.9565360688378212
TRAPPC1	43.79735006224232	-0.09311440654676742	0.5475357265362254	0.8649622598997913	0.9930430668474647	-0.08694455763628658	0.46731787428234706	0.8524054387963674	0.9989208822153636	-0.006169848910480844	0.46245157353471383	0.9893552505147191	0.9996889679060499
TRAPPC2L	13.145048990394294	-0.4822581997633704	0.6546687972366584	0.4613385371363121	0.9442442286200136	-0.1565484105852731	0.5284263905459663	0.7670361434068604	0.9989208822153636	-0.32570978917809734	0.5477204508084426	0.5520679011238723	0.9711498888785488
TRAPPC3	9.693326033508619	-0.38665570414253914	0.7291649707571481	0.5959234172594949	0.9671367302673034	0.13957256714902289	0.5831537279523276	0.8108412145628453	0.9989208822153636	-0.526228271291562	0.6021264305580676	0.3821455945995882	0.9224426087386502
TRAPPC5	65.43027481565662	0.03212119771170866	0.4384081850451347	0.9415930246859908	0.9962366574728068	-0.07129895363298723	0.3751364095298757	0.849261011926904	0.9989208822153636	0.1034201513446959	0.3690479996591287	0.7792972467126627	0.9838015061805645
TRAPPC6A	7.791129824949326	-0.4646092727797332	0.863851345199513	0.5906911385327038	0.9671367302673034	0.237125520685053	0.6865215342370143	0.7297926011360575	0.9989208822153636	-0.7017347934647863	0.7152545106111112	0.32654440034308485	0.8986895843560865
TREM1	41.79491797231185	0.44683471698590865	0.5101642027646653	0.38110369774890784	0.9255836075945132	0.09977100564430479	0.4401065256150069	0.8206590479911307	0.9989208822153636	0.34706371134160385	0.4231549120663506	0.4121128071938852	0.9388875702500519
TRIB1	8.235076854278867	-0.7565147361826253	0.9126213509130161	0.4071343951391583	0.9327349883440683	0.7117342014085031	0.6984143221382538	0.30816897536961707	0.9989208822153636	-1.4682489375911283	0.7609346033803595	0.053664644358696584	0.4281441571786722
TRIM22	12.029452290150827	-0.4324714553056794	0.652129100047713	0.5072226647640755	0.9510478797151422	-0.11030496522740833	0.5255833619244186	0.833767971473012	0.9989208822153636	-0.32216649007827103	0.5433158503236666	0.5532055527657075	0.9711498888785488
TRIM38	14.118747398727484	-0.32393018212770625	0.7379876966227084	0.6607071108650902	0.9775752274126799	0.26488011283159907	0.6075278523491411	0.6628391548453825	0.9989208822153636	-0.5888102949593054	0.6133155056036561	0.33703272302658205	0.9108453158288473
TRIM44	8.787604864818713	1.0946827667934236	0.8031390445886719	0.17288084326090758	0.786896429659743	0.8795285863336465	0.6997231069188825	0.20876572415745664	0.9989208822153636	0.21515418045977708	0.6017926028654321	0.7207009530902324	0.9777614542981466
TRIM56	5.254510540619816	-1.2922423849887648	1.1097558266715724	0.24424636209858452	0.8435191009508414	0.07145575216923339	0.7961191693304221	0.9284818326035781	0.9989208822153636	-1.3636981371579984	0.9581943924353905	0.15467943237616047	0.7099105133445635
TRIP12	8.771931140476573	1.0753648825651996	0.7693850533547054	0.16220497297343672	0.776780034028619	0.04731746012531037	0.6800119646578081	0.9445253486016426	0.9989208822153636	1.0280474224398892	0.6006291897255998	0.08696718413172169	0.5713393681025173
TRIR	42.765148648240256	-0.24246320514031108	0.5037194654824241	0.6302708129865491	0.9747465964778875	-0.18455954567475244	0.42670766974396324	0.6653636141613921	0.9989208822153636	-0.05790365946555866	0.42530322762665335	0.8917052569222583	0.9919160079379556
TRMT1	11.490093681541266	-0.8626408013249547	0.7447547568548538	0.24674636051857335	0.8444306898330594	-0.6048668823933682	0.6017595077786245	0.3148179759927714	0.9989208822153636	-0.2577739189315865	0.6383501337461249	0.6863504246123133	0.9777614542981466
TRMT112	30.82218868721978	0.23591903722409907	0.4789733579114766	0.6223295372481215	0.9747465964778875	-0.17790174174721482	0.4099484129825975	0.6643165520599801	0.9989208822153636	0.4138207789713139	0.3954071795574157	0.295298542889457	0.8862952892362709
TRMT6	7.119158161956843	0.38348494429593494	0.8971302450397619	0.6690462214179946	0.9780705608686049	-0.04730408171352034	0.7675567494147412	0.9508579430994358	0.9989208822153636	0.4307890260094553	0.725758378004337	0.552799174538854	0.9711498888785488
TRPS1	10.234961013352773	3.216288452115522	0.9724075574664982	0.0009411527488932355	0.04346000516260215	1.0149699927545952	0.9048639433807516	0.26199748684552504	0.9989208822153636	2.2013184593609263	0.6729817527114009	0.0010717064359971242	0.025862667711666138
TSC22D3	109.02226250760175	-1.058687512704334	0.7290363013370095	0.14645324886349464	0.7554061841730147	-0.0108374711237159	0.6240743720785364	0.98614489444846	0.9989208822153636	-1.0478500415806182	0.6294440623676186	0.0959680214235436	0.5998325743668894
TSEN34	11.2535001603755	-1.2025328474388541	0.7477032049839992	0.10776896869731223	0.6778855570165258	-0.454366133228321	0.5779959707612596	0.43180535641406426	0.9989208822153636	-0.7481667142105329	0.6464592932098497	0.247137573581787	0.8530899342927205
TSG101	7.436808643227313	0.5322785586250052	0.6938118599602249	0.4429745229997861	0.9440800184231919	-0.1659929136757089	0.5956008838971101	0.7804764189777187	0.9989208822153636	0.6982714723007141	0.5444649069951335	0.19967037686939604	0.7794618990088722
TSNAX	6.95522647211478	-0.31352702261125065	0.9601199590064367	0.7440083842928624	0.9930430668474647	0.266963998021854	0.7798496333679782	0.7321044205098528	0.9989208822153636	-0.5804910206331045	0.7921379268576757	0.46367091263242977	0.9649020091689738
TSPAN14	10.751441911647293	0.9738969842777445	0.6755126658560785	0.14938268948660385	0.7584772449523672	-0.001076581246377663	0.5949083073087054	0.9985561017125884	0.9995227596858943	0.9749735655241223	0.5290486802416277	0.06534644088806918	0.4891722179967293
TSPO	176.82853182605103	0.0008369817117097341	0.47303045896514945	0.9985882210662623	0.9992862904273713	-0.174552604674516	0.40834943804277735	0.6690451092313596	0.9989208822153636	0.17538958638622573	0.40589515557760486	0.6656646349830593	0.9777614542981466
TSPYL1	6.165267985945481	0.36223530511308705	0.9405319474200988	0.7001346147067564	0.9901701562993254	-0.024101466795398725	0.8038854762687028	0.9760820312259167	0.9989208822153636	0.38633677190848575	0.7622924651861906	0.612288758066486	0.9777614542981466
TSTD1	5.3231376124722205	-0.1884773681281908	1.1187292413489636	0.8662099899270104	0.9930430668474647	0.8901774023666703	0.8949603768926709	0.3199037677136173	0.9989208822153636	-1.078654770494861	0.9018931681135889	0.23170065169820087	0.8351116036499789
TTC19	8.258414340576381	-0.18669848976524864	0.7074051338900015	0.7918414259490613	0.9930430668474647	-0.6238748899197332	0.5891382994317762	0.28961722672388746	0.9989208822153636	0.4371764001544845	0.5909256986977973	0.4594115326806826	0.9611401237492433
TUBA1A	14.459460672885754	0.655752159512403	0.6726126036102652	0.32959354272979213	0.8911062569919124	0.44175934162979547	0.5788383446070927	0.44535451583310615	0.9989208822153636	0.2139928178826075	0.5345526614463091	0.6889198794844504	0.9777614542981466
TUBA1B	21.666194590749186	-0.2065851623046856	0.6753470732980142	0.759684740365066	0.9930430668474647	0.4942157350077595	0.5630696573239419	0.38009738925730174	0.9989208822153636	-0.7008008973124451	0.5610642668262333	0.21164445641584528	0.8015587713803738
TUBA4A	7.917320768092238	0.5879825978150075	0.8887630828784929	0.5082442388977183	0.9510478797151422	0.9313569676315272	0.7524777333261962	0.21581978848970074	0.9989208822153636	-0.3433743698165197	0.6878411789369023	0.6176343436566323	0.9777614542981466
TUBB	13.46614145431401	0.2735205069431281	0.7439880960996489	0.7131409597846656	0.9930430668474647	0.03835459224281031	0.6360215407759131	0.9519135797594263	0.9989208822153636	0.2351659147003178	0.6121482436525384	0.7008561761515403	0.9777614542981466
TUBB4B	15.248860603597187	0.41647511736376897	0.7230096939560667	0.5645950505849942	0.9665616667306404	0.42430688041043835	0.6177367983019382	0.4921626070573868	0.9989208822153636	-0.007831763046669353	0.5869055150093584	0.9893532140827476	0.9996889679060499
TUFM	15.934011925355193	-0.0943043798202299	0.5650845946472843	0.8674602055481954	0.9930430668474647	0.008936000330856486	0.46516419752975346	0.9846732439320933	0.9989208822153636	-0.1032403801510864	0.46202635608842907	0.8231842982587987	0.9919160079379556
TUSC2	5.157370144086451	-1.556500720388196	1.040008940799846	0.1344915273570002	0.7388049390819276	-0.21301747122594655	0.7208495786436704	0.7676051490587104	0.9989208822153636	-1.3434832491622493	0.9135520168107154	0.14139527986828287	0.6993501713635804
TUT7	18.025166600205043	0.8646512950473345	0.6264853247082308	0.16753674348359326	0.7783231032819024	0.4152295238890978	0.544606417426026	0.44579765191624776	0.9989208822153636	0.4494217711582368	0.4961870013894565	0.36506777009702196	0.9224426087386502
TWF2	8.94352322846998	-0.20242559773915075	0.7404446117669392	0.7845581669171857	0.9930430668474647	0.11252347090735698	0.5981914201296217	0.8507934586271796	0.9989208822153636	-0.31494906864650773	0.6046135075457182	0.6024296457968811	0.9762877017680395
TWISTNB	29.610481871844993	-0.02268448888619942	1.276949086436065	0.9858266459426477	0.9982438456126328	-1.5683263305533486	1.1083436421071502	0.15706318498110988	0.9989208822153636	1.5456418416671491	1.1045339284499738	0.16170471804939612	0.7186901642302764
TXN	52.47930942543665	0.1741311436572017	0.48627901240184424	0.7202767439802973	0.9930430668474647	0.033544784580944675	0.4171305610198043	0.9359048511393385	0.9989208822153636	0.14058635907625702	0.4075559639745933	0.7301320907561019	0.9793227859475505
TXN2	13.220487633803168	-1.060874646423683	0.6403199115845124	0.09756224897672024	0.6510972466674826	-0.5781737535461888	0.49676734976697046	0.24447577023571188	0.9989208822153636	-0.482700892877494	0.5524503915069449	0.38225701485000707	0.9224426087386502
TXNDC12	7.636491149118964	-0.9508860436304855	0.7339341358238357	0.19511287015560064	0.8186597563383513	-0.618613184263798	0.5623595153247434	0.27131839505572397	0.9989208822153636	-0.3322728593666875	0.6317644292997704	0.5989269532491794	0.9744810091328309
TXNDC17	17.664571362142322	-0.6239318995210882	0.6742114315067753	0.35474504500385085	0.9111409403574026	-0.18412160041429879	0.5540315684558753	0.7396396950205029	0.9989208822153636	-0.43981029910678937	0.570826046308095	0.44101495781606304	0.954365942691012
TXNIP	202.88594239547555	-0.6985091878318327	0.7888957805923986	0.37592667378884226	0.9235463065744581	0.5229456830770508	0.6798241255368062	0.44175279316296867	0.9989208822153636	-1.2214548709088835	0.6810830168409904	0.07290884952744403	0.5205228377020453
TXNL1	9.023560960463632	-0.5965924607396447	0.7564494839737567	0.43030224295254815	0.9403836536671231	0.2601852004951227	0.5849789612865288	0.6564809012273817	0.9989208822153636	-0.8567776612347675	0.62829774744326	0.17267802924136322	0.7422864030905755
TXNL4A	14.309478938187075	0.61928806989107	0.6227901250305427	0.3200394442911293	0.8844333291558911	0.004550062229729922	0.5388919386122197	0.9932632481423921	0.9989208822153636	0.61473800766134	0.4986338078918129	0.21763374024627358	0.8095420656294507
TXNRD1	6.809214506164739	1.387897649679053	0.7611650179578305	0.068244946757407	0.5580962376386237	-0.206279072911667	0.6900959776761213	0.7650059700945633	0.9989208822153636	1.59417672259072	0.5777371612942648	0.005791717839494452	0.0952119393975491
TYMP	113.21815333074996	-0.7958908540606808	0.4323948117809978	0.06567173155205534	0.5402820903262484	-0.33946334103211445	0.3668954329299563	0.3548453182501742	0.9989208822153636	-0.4564275130285663	0.3715784959250417	0.21931655047373455	0.811665814174024
TYROBP	641.0814696556286	-0.08286127427534398	0.41361948703107543	0.8412208330320543	0.9930430668474647	-0.21016168418204625	0.3577353346321341	0.55688263671184	0.9989208822153636	0.12730040990670227	0.3570616622071558	0.7214495285204953	0.9777614542981466
U2SURP	10.906217059819701	0.28886371861083493	0.6625212396584832	0.6628318474048446	0.9780705608686049	0.3107829588279143	0.5542734683217126	0.5749998220606682	0.9989208822153636	-0.02191924021707938	0.5246114742968383	0.9666726004993637	0.9952132068500601
UBA52	344.4026391449493	-0.4576749462701281	0.39259845897372403	0.24371214618346848	0.8435191009508414	-0.3441424153604903	0.338295751246724	0.30901896385996575	0.9989208822153636	-0.11353253090963783	0.3384313840475617	0.7372729014149372	0.9803559971046334
UBAC2	15.433465274768709	1.1998824031692628	0.5975304805241038	0.04463596549238672	0.4452709728386871	-0.31403060262131793	0.5345159944614748	0.5568648656040502	0.9989208822153636	1.5139130057905807	0.4744493360429964	0.001418379975296134	0.03153129396469952
UBALD2	8.553409816374034	-0.6980718890987636	0.7744672776487611	0.3673982706698603	0.9233513498088938	-0.11231743548588173	0.6051300423564415	0.8527515851596568	0.9989208822153636	-0.5857544536128818	0.6520766758216997	0.36903055660124207	0.9224426087386502
UBAP1	8.622686507199974	2.775664299970202	0.9223923029544805	0.002619353314738712	0.07811675562600973	0.3310028854116808	0.8614298720762765	0.7007944902127488	0.9989208822153636	2.4446614145585213	0.6619849841153178	0.00022168873821436265	0.007113528742702626
UBB	112.16980734926256	0.47598929039012405	0.5413430433038092	0.3792523017575776	0.9253095413320528	0.3997277794574389	0.4681384648676059	0.39317893115238733	0.9989208822153636	0.07626151093268513	0.46014210783104237	0.8683657426170124	0.9919160079379556
UBC	198.09255699622304	-0.10621187572961076	0.6218524032594777	0.8643816799704	0.9930430668474647	0.09593613326629967	0.5370826300440089	0.8582325307805365	0.9989208822153636	-0.20214800899591043	0.5356244671104836	0.7058717402962722	0.9777614542981466
UBE2A	9.928219647181432	-0.6506869765373564	0.6876944061883725	0.3440536090276374	0.9045229409055333	0.07441441279626333	0.530798017473903	0.8885071358162918	0.9989208822153636	-0.7251013893336198	0.5747613872101934	0.20710376601763913	0.7952337142283831
UBE2B	36.078470508603935	-0.11889144193041924	0.4699491812618794	0.8002775874372869	0.9930430668474647	-0.17888500579874467	0.39705898687358104	0.6523319215789238	0.9989208822153636	0.05999356386832543	0.39311699167570147	0.8787058791084776	0.9919160079379556
UBE2D1	34.52930195939705	-0.6240601901365681	0.5276397971933393	0.2369125845771004	0.8377005764365608	0.03383828853964128	0.43496613700113335	0.9379909447562264	0.9989208822153636	-0.6578984786762093	0.4463040606548438	0.14045366551619876	0.6993501713635804
UBE2D2	21.55082000907737	0.44498937327007576	0.5663458546538809	0.4320314314315221	0.9403836536671231	0.22579307836447393	0.48483768041225833	0.6414240942661811	0.9989208822153636	0.21919629490560186	0.45781377941190443	0.632088597968296	0.9777614542981466
UBE2D3	58.419734795894385	-0.10606147162496944	0.39492048573320415	0.7882651283631511	0.9930430668474647	-0.09667899770070718	0.3344437585218195	0.7725247435506255	0.9989208822153636	-0.009382473924262266	0.3308116826688441	0.9773734485309931	0.9975290002483397
UBE2E1	8.883041709805504	0.5147645818611676	0.6614896990455776	0.4364570887645931	0.9434000864669367	-0.4325000982183355	0.5739028514882768	0.45108221305663776	0.9989208822153636	0.9472646800795032	0.5318024717566562	0.07487422034369413	0.528098365709147
UBE2E2	11.57566537783313	1.9751938165140375	0.6756963827181957	0.0034645694808961803	0.09537560022890158	0.28110986050947745	0.6197942067439398	0.6501501949688703	0.9989208822153636	1.69408395600456	0.4915280343695721	0.0005677592451954185	0.01564016033934549
UBE2E3	9.024771157413005	0.010528370313448521	0.7120854055223135	0.9882034963680846	0.9982438456126328	-0.3588690872809013	0.5979239208896278	0.548378358898618	0.9989208822153636	0.3693974575943498	0.5863842382207819	0.5287220462991729	0.9686312519100319
UBE2F	7.634504627135612	0.5191875567132074	0.724115807793426	0.4733770598784228	0.9442442286200136	0.14091504162547766	0.6166322324806066	0.8192391810816925	0.9989208822153636	0.3782725150877297	0.5651053648984784	0.5032505265764844	0.9686312519100319
UBE2H	6.365893993893889	0.9539085180437681	0.8353656806906787	0.25349337551003914	0.8463914585948702	-0.20197556295491095	0.7389667075880689	0.7846060127500645	0.9989208822153636	1.155884080998679	0.6545791951963855	0.07742219444894342	0.5306873422321944
UBE2I	16.70999554003124	-0.7261574045796777	0.5995782568491005	0.22585185481720038	0.8354184242140112	-0.13396538409172612	0.47690446335908787	0.7787824037981989	0.9989208822153636	-0.5921920204879515	0.5067267843498241	0.2425400897588087	0.8530899342927205
UBE2J1	11.327839132650624	0.9261827626657554	0.647028404862816	0.15230396418153244	0.7632647793846141	0.0007112384943865483	0.5685679299202433	0.9990019027879455	0.9995227596858943	0.9254715241713688	0.5023261593751007	0.06542079144532004	0.4891722179967293
UBE2K	14.139179152492312	0.7124168670699254	0.630784849451675	0.25872347896318804	0.8468310989941064	0.36296390517563115	0.5438212235421641	0.5044959751087619	0.9989208822153636	0.3494529618942942	0.49397080825786094	0.4792952834591152	0.9672026452664936
UBE2L3	20.584003829327127	0.4909133923700169	0.5771887665224903	0.39503334742457474	0.9293183842864071	0.14700129334711484	0.49612185639011996	0.7670003898313309	0.9989208822153636	0.34391209902290204	0.4676819666925713	0.4621235461581582	0.9638576819870157
UBE2L6	14.900842469065495	-0.1301265687719597	0.5915552022687453	0.8258916608684976	0.9930430668474647	-0.4230696385652965	0.4955347675072369	0.3932358843376661	0.9989208822153636	0.29294306979333684	0.49246128325130734	0.5519403815857057	0.9711498888785488
UBE2N	11.27982901916416	0.48663304132713964	0.6512531923485658	0.45492740855376024	0.9440800184231919	0.1297410763663187	0.5560060707998825	0.8154937416885415	0.9989208822153636	0.35689196496082093	0.5158441552141628	0.4890252187572255	0.9686312519100319
UBE2R2	19.3308076331551	0.8238891068333002	0.5976115809516088	0.16800687314991813	0.7783231032819024	0.37494589089588143	0.5189351653397412	0.469969083455255	0.9989208822153636	0.4489432159374187	0.4743440091287505	0.3439187601585826	0.9143359608165523
UBE2S	10.443895231210583	-0.14396638343489104	0.8523258408894424	0.8658674096863821	0.9930430668474647	0.27877489251568244	0.7100491470538378	0.694604954894026	0.9989208822153636	-0.4227412759505734	0.7049713954366479	0.5487346204986865	0.9711498888785488
UBE2V1	25.884425947052847	0.38632202990230174	0.5218057101545378	0.45908396130547124	0.9440800184231919	0.19929035118582997	0.4457703145971978	0.6548248159370279	0.9989208822153636	0.1870316787164718	0.4231642826873898	0.6585010638385537	0.9777614542981466
UBE2V2	6.9672794951197465	-0.43455703760294234	0.8254828817495381	0.5985910883806013	0.9671367302673034	-0.026758243164749406	0.6564617575479774	0.967486181472196	0.9989208822153636	-0.4077987944381929	0.6845514222951198	0.5513644216685701	0.9711498888785488
UBE2W	8.274432530509744	-0.3394436276723162	0.6776860772417653	0.616451190613634	0.9747465964778875	-0.43945906255475026	0.5475511585065304	0.42221177311712144	0.9989208822153636	0.10001543488243404	0.5645052735198827	0.8593720270749989	0.9919160079379556
UBE3A	8.357456483362862	-0.16541547925795397	0.7302428128895161	0.82079607143697	0.9930430668474647	-0.043650559945999624	0.5954671151870105	0.9415636226973755	0.9989208822153636	-0.12176491931195434	0.5980391368643798	0.8386606685600868	0.9919160079379556
UBL3	7.731175938506817	0.9453167713454061	0.7631275631857551	0.21544173532009703	0.829045279867524	0.3994832322553586	0.6648355741182687	0.5479230886129618	0.9989208822153636	0.5458335390900475	0.5775403190896361	0.3446076631243552	0.9143359608165523
UBL5	63.2002312669712	-0.38827115175992843	0.4118327366920154	0.34578911534795187	0.9065881293417456	-0.18286080652545858	0.3469277604272007	0.5981337863171339	0.9989208822153636	-0.20541034523446985	0.3486300251351494	0.5557318607899657	0.9711498888785488
UBR2	7.524758646909795	0.547755608598884	0.7315361994595714	0.45399316746691376	0.9440800184231919	-0.2919597838066513	0.6332887746547956	0.6447831313075076	0.9989208822153636	0.8397153924055352	0.5838427620146006	0.15036141334675404	0.7069495703741695
UBXN1	28.700999454346444	0.32101156886446214	0.566869014107799	0.5711974786851615	0.9665616667306404	0.06462562429444733	0.48641788395459856	0.8943038672512208	0.9989208822153636	0.25638594457001485	0.4684709943972145	0.5841847122805686	0.9711498888785488
UBXN11	10.06328321441261	0.3779585875694664	0.6583872084802878	0.5659222393295031	0.9665616667306404	-0.2615416369369453	0.5637150616646941	0.6426758996264317	0.9989208822153636	0.6395002245064118	0.53041700625074	0.22795031824043877	0.8309799366567805
UBXN4	24.95440565406605	0.7041898700127861	0.5313631646717115	0.18508772496780201	0.8065542718155512	0.2968047086531559	0.4597377293023616	0.5185412122917907	0.9989208822153636	0.4073851613596302	0.42542888199288387	0.3382710635136291	0.9120317960464522
UCP2	14.570349964138886	-0.45223539579026567	0.5896687250598294	0.44312236892441603	0.9440800184231919	0.375969427700481	0.458180414100531	0.4118908371127844	0.9989208822153636	-0.8282048234907466	0.4840310565011613	0.08707055438548636	0.5713393681025173
UFC1	18.4678066012016	-0.02954176559988182	0.5350930382638833	0.9559722357597797	0.9964726730517024	-0.07093383314448316	0.4451462382967224	0.8733935189056499	0.9989208822153636	0.04139206754460135	0.4383618353351887	0.9247720081572924	0.9941706264930981
UFD1	6.10596553890606	0.19827817143125134	0.8105309135697039	0.8067448495024034	0.9930430668474647	0.36944323233063375	0.6633086556690442	0.5775477097165069	0.9989208822153636	-0.1711650608993824	0.63363863323334	0.787059931161211	0.9859352205022464
UFM1	8.352918721756307	-0.15399307946442473	0.7730399318338136	0.8421027325634654	0.9930430668474647	0.1296645983025899	0.6312473329962485	0.8372517044831338	0.9989208822153636	-0.2836576777670146	0.6318414413528985	0.6534763315930016	0.9777614542981466
UGP2	17.011338501499935	-0.1774780436593944	0.5715197873647215	0.7561526226683777	0.9930430668474647	0.01661105695128042	0.4708586750730144	0.971857888708	0.9989208822153636	-0.19408910061067486	0.47096649693175696	0.6802602037881429	0.9777614542981466
UHMK1	8.008565761004215	-1.1256670117683996	0.7523800369342983	0.13461678020808496	0.7388049390819276	-0.3855369177309805	0.5546472554730429	0.4869908152707044	0.9989208822153636	-0.740130094037419	0.6497605866868408	0.25466927180669885	0.8538097912004194
UNC93B1	8.173261751155989	-0.31624140542426493	0.780288584672878	0.6852660093489049	0.9844037053516882	-0.11565629751941324	0.6357644599587813	0.8556479441886702	0.9989208822153636	-0.2005851079048517	0.6472831931430244	0.7566463473611369	0.9809070145248762
UPF2	8.943939033100403	-0.2815833861047429	0.6562997847019054	0.6678890962502915	0.9780705608686049	-0.4825447987596112	0.5350331094473367	0.36711154300380344	0.9989208822153636	0.20096141265486833	0.5462514431886241	0.712953933926664	0.9777614542981466
UPP1	32.829051636857706	0.04330454902035346	0.6490448087918091	0.946804269409205	0.9962366574728068	-0.10723158606532295	0.5564443275391711	0.8471872178187323	0.9989208822153636	0.15053613508567643	0.5477410918552378	0.7834462162403322	0.9838015061805645
UQCC2	6.133354755164714	-0.5375794226602707	0.8636794089986887	0.5336595790675435	0.962283048387728	-0.057376560175078584	0.6813994782730192	0.9328942396880742	0.9989208822153636	-0.4802028624851921	0.7204648178529302	0.5050799798445886	0.9686312519100319
UQCC3	4.730142004998833	0.4001014561946273	1.0640420863186693	0.7069017822904182		1.0050890665864014	0.8780383702141725	0.25233413851003084	0.9989208822153636	-0.6049876103917742	0.8116376416393537	0.4560352214332549	0.9607668445779973
UQCR10	47.115490239805546	0.3720655534561285	0.4181164438744422	0.37354048040852406	0.9233513498088938	-0.08596698072646923	0.3599675580456311	0.8112461768367429	0.9989208822153636	0.4580325341825977	0.3452094574356936	0.1845665825516648	0.7562843447701094
UQCR11	102.78568542584715	-0.36274043086547253	0.44989189429315296	0.4200793768849004	0.9390981761492803	-0.3663775075686142	0.3852680781033605	0.34162076028933375	0.9989208822153636	0.00363707670314166	0.3851221080467245	0.9924649243683984	0.9996889679060499
UQCRB	133.10618950762023	-0.9562280748528882	0.5045072266980314	0.0580433444994153	0.5079180970890216	-0.10900726723426102	0.42948135581007	0.7996412603856904	0.9989208822153636	-0.8472208076186271	0.43464021000228087	0.05126602186538101	0.4181474409131635
UQCRC1	17.052171604361977	0.15153828218016624	0.5757998060606757	0.7924127966676447	0.9930430668474647	0.10854029001320091	0.48375293658599855	0.822468376966139	0.9989208822153636	0.042997992166965336	0.4671730887378183	0.926667311635432	0.9941706264930981
UQCRC2	15.283641634639359	-0.33856764097578923	0.5636493093267664	0.5480593193177175	0.965058301207955	-0.31195207136258446	0.4598056470158863	0.49749064780395547	0.9989208822153636	-0.026615569613204767	0.4697772911311666	0.9548194494337887	0.9952132068500601
UQCRFS1	21.765121483816802	0.5870861718201478	0.6806101819263114	0.38836403350719784	0.9257411016933377	-0.2321916665895814	0.591804695764477	0.6948032519120033	0.9989208822153636	0.8192778384097292	0.5657335761406305	0.14756978654241332	0.7037032993633845
UQCRH	72.91450268768033	-0.5010489422926473	0.48577984202504243	0.30233821521414284	0.8836419566191195	-0.15072537644964082	0.41231976607189935	0.7146974769447072	0.9989208822153636	-0.35032356584300645	0.4145970071604323	0.39812552506284316	0.9275297455443251
UQCRQ	55.96340855065685	-0.5659724628147411	0.4716496330673506	0.23014518429347774	0.8364065817347909	-0.39385181283737214	0.39791415792771756	0.32227633322804017	0.9989208822153636	-0.172120649977369	0.4024923487937209	0.6689153704269997	0.9777614542981466
USF2	6.9254020734915755	0.6639951463988919	0.8203130104055965	0.41826141268518424	0.9389955276285784	0.5334735968369981	0.6996570994616982	0.4457743840974655	0.9989208822153636	0.13052154956189382	0.6281533445852095	0.8353959665898837	0.9919160079379556
USP10	13.205469509823425	-0.815696531559311	0.7088892999361764	0.2498686727452505	0.8447733157557729	-0.5951085580012883	0.5774918608298142	0.3027727561286151	0.9989208822153636	-0.22058797355802273	0.6068183713760126	0.7162197257673342	0.9777614542981466
USP15	38.347179357310075	1.2224871884928197	0.5346758877782041	0.02223040498633295	0.302686019854014	0.14143305368874215	0.47044874263733805	0.7636933321544241	0.9989208822153636	1.0810541348040774	0.43570557312215746	0.013095650800669064	0.18122891155428278
USP16	11.44356418554697	-1.459724444197622	0.7005206303019804	0.03718101931541932	0.40629487900780725	-0.33041011384182584	0.5007248701503081	0.509341366959791	0.9989208822153636	-1.1293143303557962	0.6129611823739851	0.06541793806235202	0.4891722179967293
USP3	20.01562825696732	0.5447886779043221	0.5570839116276645	0.3281092941831443	0.8904128237888317	0.1578960082438795	0.47928756515438853	0.7418239062043301	0.9989208822153636	0.3868926696604426	0.4478184331711039	0.38761543867202874	0.9224426087386502
USP32	7.78188207670467	2.4213774614943278	0.8438463075066572	0.004111822164691196	0.10874074859049737	0.5819478154187522	0.7844756148870836	0.45819013310765244	0.9989208822153636	1.8394296460755755	0.5815739263817832	0.0015623414344318872	0.03430102998903091
USP36	7.357104673886762	3.2213593882483984	1.0591404928229746	0.00235414688584855	0.07170130355515318	1.368587223692768	0.9927724304503464	0.16803329627146735	0.9989208822153636	1.8527721645556303	0.6810805922980753	0.006521442208810478	0.10462973214135492
USP48	7.6326310225819824	0.18625741826302872	0.7606534800543497	0.8065609588152656	0.9930430668474647	0.19309121843299948	0.630126634496535	0.7592754406234036	0.9989208822153636	-0.006833800169970738	0.6039601629147464	0.9909721408194906	0.9996889679060499
USP8	11.797901835657283	-0.34342565951165493	0.6747510980733992	0.6107757528343782	0.9723015550569842	0.18830073067293362	0.5413899909172193	0.7279830484475964	0.9989208822153636	-0.5317263901845886	0.5556282371931467	0.3385761872994364	0.9120317960464522
USP9X	6.029863872643493	0.43946653580915124	0.8606155252128824	0.6096016770350369	0.9723015550569842	0.12090869887127573	0.7326936822748215	0.8689286833537608	0.9989208822153636	0.31855783693787554	0.6834064083094517	0.6411207668405473	0.9777614542981466
UTRN	15.970110521770929	1.8825006851475659	0.7559248169446467	0.012762527768468122	0.21499190425184758	0.6094654767143957	0.67644612481549	0.36759813050921697	0.9989208822153636	1.2730352084331702	0.5849390470100081	0.029528701774317313	0.3036049619049526
UVRAG	6.486972197022131	1.634794207768194	0.9028231997383193	0.07017834156056363	0.5628027783974613	0.17736742375447268	0.8154894005650652	0.8278201602495148	0.9989208822153636	1.4574267840137214	0.6831045392085483	0.03288094272815347	0.3269513862826891
UXT	32.420646704452835	-0.08296527368146939	0.5127366762410915	0.8714564730681955	0.9930430668474647	-0.12128642556560516	0.4338133537494384	0.779798182252158	0.9989208822153636	0.03832115188413577	0.428438709923858	0.9287292793791982	0.9941706264930981
VAMP2	17.883288328073395	-0.48948661870894844	0.623000021811208	0.4320474944364966	0.9403836536671231	-0.12465648092998713	0.510263978457961	0.8070000148434056	0.9989208822153636	-0.36483013777896134	0.5233573322703827	0.4857429147314356	0.9686312519100319
VAMP3	8.057995538845105	-0.8912995550522699	0.8025632031482266	0.2667551246231491	0.8533183483755037	-0.187610851911518	0.6097830352206657	0.7583348155879772	0.9989208822153636	-0.7036887031407519	0.6825428568634013	0.3025497394222576	0.8862952892362709
VAMP5	35.83315688547373	0.03511937731324175	0.5378232439407787	0.9479358536947218	0.9962366574728068	0.28262478736271607	0.45592361046993907	0.5353268877091221	0.9989208822153636	-0.2475054100494743	0.4469783970360194	0.5797635454473646	0.9711498888785488
VAMP8	87.12947040129619	-0.31737411530719406	0.4317753888181016	0.46231240653550487	0.9442442286200136	-0.3882716371566666	0.3689958639480855	0.2926901612450953	0.9989208822153636	0.07089752184947257	0.36849268736440893	0.8474298939625284	0.9919160079379556
VAPA	44.81249101997284	-0.3519507717383367	0.47155826576784854	0.4554518396351682	0.9440800184231919	-0.260106971401359	0.3976692408689344	0.5130611175649475	0.9989208822153636	-0.09184380033697767	0.39896762779202727	0.8179335331556616	0.9919160079379556
VASP	20.80913358169987	0.7604150144193813	0.6191176986100683	0.2193630139889895	0.8344035271393161	0.41828489329164387	0.5362310341036115	0.4353637775722282	0.9989208822153636	0.3421301211277375	0.49648670306930165	0.4907589027277496	0.9686312519100319
VBP1	6.160484681188059	-0.7985566344973548	0.9011890168655167	0.37555584254889096	0.9235463065744581	0.44635184624957897	0.6564934611003546	0.4965659084175075	0.9989208822153636	-1.2449084807469337	0.7525491915442072	0.09807565322088074	0.604455246333015
VCAN	263.6471935485282	0.13518830899290427	0.39613198435108243	0.7328996714488827	0.9930430668474647	0.32669077600546564	0.3417469745168209	0.3391008141426839	0.9989208822153636	-0.19150246701256138	0.33875956034803	0.5718663409572695	0.9711498888785488
VCP	5.866436811306685	-0.24729004680824201	0.9052076672735876	0.7847102539211178	0.9930430668474647	0.3272545996337214	0.7246896407821571	0.6515723248273162	0.9989208822153636	-0.5745446464419635	0.7374671598499777	0.4359336038388142	0.9520763823555253
VDAC1	15.353640837542853	-0.31211619301329574	0.5592506154089886	0.5767780241585261	0.9665616667306404	-0.2980437790333509	0.45671094645970745	0.5140223531942048	0.9989208822153636	-0.014072413979944876	0.46533287199225776	0.9758743658642832	0.9970336754318065
VDAC2	18.050740326702584	0.04374905929644144	0.5634446740311071	0.9381098842688935	0.9962366574728068	-0.16648442534877073	0.47445550524931857	0.7256665521296208	0.9989208822153636	0.21023348464521216	0.46356338126495644	0.6501771094782248	0.9777614542981466
VDAC3	7.79356378141894	-0.019153444448403483	0.8288848710329794	0.9815645353802103	0.9969961297960088	0.2719944311395642	0.6822078152470925	0.6901162390225484	0.9989208822153636	-0.2911478755879676	0.6714378631659433	0.664565502095148	0.9777614542981466
VEGFA	10.48282668603253	-0.22266157332073414	1.1654578321317806	0.8484858457954855	0.9930430668474647	1.2009969348477554	0.9673923772247202	0.21442899859735776	0.9989208822153636	-1.4236585081684896	0.9647180558584517	0.1400177442710216	0.6993501713635804
VIM	276.4669085314839	-0.14134874037125839	0.36957918606792045	0.70212122683294	0.9907210805434732	0.0088569019901513	0.31827316495731284	0.9777993429683671	0.9989208822153636	-0.15020564236140968	0.3168746707311012	0.6354840453267492	0.9777614542981466
VKORC1	10.763361675961013	-0.5027633402632689	0.8153451289109691	0.5374811701776764	0.962283048387728	0.1824519996174532	0.6584255400841276	0.7817006601000138	0.9989208822153636	-0.685215339880722	0.6803331623267436	0.3138501287829174	0.8938644939739743
VMA21	14.703300724326036	-0.44185732956133417	0.6295178143916204	0.4827427419290262	0.9442442286200136	-0.10353839716179707	0.5115745279413179	0.8396105795750938	0.9989208822153636	-0.3383189323995371	0.5260101991152475	0.5201076884620816	0.9686312519100319
VMP1	71.45245587677222	0.034417184178028755	0.6086318276556479	0.9549049027314485	0.9964726730517024	-0.17926802085146504	0.5247795658266254	0.7326471738347925	0.9989208822153636	0.21368520502949379	0.5200419819240828	0.6811459263712538	0.9777614542981466
VNN1	8.071041613333017	1.9684595955367874	0.8484927555915698	0.020343657085551563	0.2883360902769016	0.45339319403900064	0.7741658341845155	0.5581081593250561	0.9989208822153636	1.5150664014977868	0.6171600168900676	0.01409236090212753	0.1896299255032829
VNN2	16.650263505198897	-1.028963656604906	0.6792357795899809	0.12980169274618125	0.7329827343832681	-0.3325218212796477	0.5432312589094624	0.5404594583499687	0.9989208822153636	-0.6964418353252584	0.5826175792351099	0.2319436680000455	0.8351116036499789
VPS13C	12.979625103255188	0.7718794305661074	0.7377070095277971	0.295412168105776	0.87543166114067	1.272981030237977	0.6280929465352609	0.04268902054639488	0.9989208822153636	-0.5011015996718696	0.5601938792904732	0.37104662568843305	0.9224426087386502
VPS26A	7.494079646937	0.860770847516089	0.8240206253736552	0.2962084955727923	0.87543166114067	0.3439512877819243	0.7159744189945583	0.630945797529876	0.9989208822153636	0.5168195597341648	0.6369887070528246	0.4171658105631878	0.9422987847364923
VPS28	25.055699825940412	-0.27477715409576114	0.4998574390488445	0.5825175814818181	0.9671367302673034	-0.47655286730214974	0.4184919058616874	0.25481221753705874	0.9989208822153636	0.20177571320638857	0.42019754633393885	0.6310905143614813	0.9777614542981466
VPS29	33.78603904135255	-0.052104125618724406	0.5309456230027125	0.921825429314746	0.9951682519336793	-0.3359704181841006	0.4531751540710426	0.4584691904364713	0.9989208822153636	0.28386629256537615	0.4470682581237711	0.5254605848365955	0.9686312519100319
VPS35	16.030223106499164	-0.05361079126180282	0.5508952435941057	0.9224756379216289	0.9951848544308465	0.15932214730439148	0.4517708658276805	0.724342298515468	0.9989208822153636	-0.2129329385661943	0.4469374949680048	0.6337704441638821	0.9777614542981466
VPS36	7.912685491078161	-0.0100867713911176	0.7684436697890629	0.9895270813303011	0.9982438456126328	0.18450156900428938	0.6300252053889357	0.7696384005692154	0.9989208822153636	-0.19458834039540698	0.6202329314486225	0.753722852592976	0.9809070145248762
VPS37B	6.896707137671354	1.8774790811445965	0.9226065855628718	0.04185363452412404	0.4319809400020327	0.4861420574552856	0.8374426258349609	0.5615721629923969	0.9989208822153636	1.391337023689311	0.6769524065433663	0.039850501825667635	0.3669012546935494
VPS4B	9.096977864538571	0.06362506577341905	0.7861197616261963	0.9354931770253329	0.9962366574728068	-0.02297332786815217	0.6604258289513403	0.972250680093402	0.9989208822153636	0.08659839364157121	0.6439012159729279	0.89301497183656	0.9919160079379556
VSIR	68.49863144935242	-0.5017057837162576	0.4448522322382821	0.25940302962550865	0.8468310989941064	-0.33995493490705037	0.3766833294644475	0.3667938163401979	0.9989208822153636	-0.16175084880920731	0.3794277180600917	0.6698876975327004	0.9777614542981466
VSTM1	7.777954079341665	-0.21720107135248862	1.0594977167118258	0.837569146275682	0.9930430668474647	-1.5952589919242828	0.9207067174801447	0.08315857299902538	0.9989208822153636	1.3780579205717942	0.9163968999773735	0.13263841870982201	0.6818735609730286
VTI1B	9.756395825707003	-0.17576698379829672	0.7211619840259343	0.807441899009851	0.9930430668474647	-0.20217832525081023	0.5953404644823717	0.734156888106769	0.9989208822153636	0.026411341452513507	0.5960453468506998	0.9646565355335989	0.9952132068500601
WAC	15.682066860558557	1.115382023643463	0.5763075982995367	0.05294201700727114	0.48761215960718735	0.8323380140935619	0.5028061793529093	0.09784634332413299	0.9989208822153636	0.28304400954990117	0.4253761132921002	0.5057965733481451	0.9686312519100319
WARS	13.52186385864949	0.5323174310437865	0.7485094594904869	0.476978930705082	0.9442442286200136	0.49148406354774865	0.6409709447162567	0.44321199311056014	0.9989208822153636	0.04083336749603786	0.6008998245075318	0.9458224896419157	0.9949039342856357
WAS	27.839884751855127	0.9875821705391117	0.6636567497782903	0.13672668442989316	0.7399782561867375	0.925665285057598	0.5764492279397682	0.10831667303943927	0.9989208822153636	0.06191688548151358	0.5342490312928746	0.9077356189697839	0.9933939763059726
WASF2	13.779869201111874	1.8203345396131312	0.6972474704506139	0.009034553808063941	0.17129753346017923	1.0404169487054862	0.6264096459774553	0.09672930983014259	0.9989208822153636	0.7799175909076451	0.5002549648730016	0.11898687031835911	0.6478556203902979
WASHC3	5.29331340212851	0.37389740330534016	0.8830548411914461	0.6719935454798065	0.9787060557149538	0.4017964369120415	0.7366034036879716	0.5854290215143929	0.9989208822153636	-0.027899033606701318	0.68559790260449	0.9675406443099115	0.9952132068500601
WASHC4	11.765053549051727	0.5410210870292057	0.7767798172082417	0.48612063776792236	0.9443864967003183	0.7010523623876511	0.6620663513712515	0.2896519954594221	0.9989208822153636	-0.16003127535844544	0.6164319853103077	0.795165413232915	0.9917467967210079
WBP11	5.8101373848063895	-0.22286320855803735	0.8039468857477376	0.7816178182683471	0.9930430668474647	-0.15818413985343047	0.6483521403865449	0.807247283602848	0.9989208822153636	-0.06467906870460688	0.659529692034597	0.9218779230371043	0.9941706264930981
WBP2	7.530406858265393	-1.7058923077798296	0.8278883751445077	0.03934750018923882	0.42034288448429385	-0.4130230579051777	0.558156741438877	0.4593140516264902	0.9989208822153636	-1.292869249874652	0.7353172078319032	0.07870549707600938	0.535711075668875
WBP4	5.127579577374881	0.6041493637189967	0.9029979199948845	0.5034645686229682	0.9510478797151422	0.7908472905808804	0.7562504746066558	0.2956774748677753	0.9989208822153636	-0.1866979268618837	0.6718971041673361	0.7811145777274878	0.9838015061805645
WDFY3	7.671411464035846	4.444586908185062	1.254098063215016	0.0003940297166473517	0.024002278271518466	1.6763117447922147	1.2117005824772766	0.16653082960579624	0.9989208822153636	2.7682751633928477	0.6878685292391238	5.7114742203809075e-05	0.00228464841665525
WDR1	11.817000989391678	-0.8898000197925213	0.6873934547255476	0.19550824039648818	0.8186597563383513	-0.34390520277916486	0.5388262549533623	0.5233117445976563	0.9989208822153636	-0.5458948170133564	0.586593169431311	0.35205062240116813	0.9151923174089035
WDR26	9.885254062078166	0.24590163345023933	0.7684684246833192	0.7489764811174167	0.9930430668474647	-0.16189451657713078	0.6550326624496474	0.8047883656875785	0.9989208822153636	0.4077961500273701	0.6284059764389174	0.5163788296285843	0.9686312519100319
WDR33	7.207163330223698	0.5197606105029388	0.7416941370370804	0.48344352494792686	0.9442442286200136	0.4271796468831707	0.6237444465318603	0.4934302201569072	0.9989208822153636	0.09258096361976802	0.5658106953758298	0.8700261003906086	0.9919160079379556
WDR45	7.415663398206488	0.05138400753600723	0.7160778092986694	0.9427948355079809	0.9962366574728068	-0.5046809565475174	0.60021295015076	0.40043953585163594	0.9989208822153636	0.5560649640835247	0.5866689077185432	0.34321377203243264	0.9143359608165523
WDR61	10.265436280895369	1.0642354125544595	0.7708236230361156	0.16738748879761534	0.7783231032819024	0.6372917329578592	0.6733476557047127	0.343917716868544	0.9989208822153636	0.4269436795966002	0.5868646020813278	0.4669200475875891	0.9649020091689738
WDR74	11.917657207812454	1.748688118845834	0.8373638573780189	0.036768501811029065	0.4033265160343916	-0.11778765610797624	0.7532486790081455	0.8757391224210077	0.9989208822153636	1.8664757749538101	0.6667271931498838	0.005118823737320358	0.08899816126455617
WDR83OS	40.010707674477246	-0.22881697390219302	0.48857594630602647	0.6395453969408156	0.9751305895889376	-0.3524795605672547	0.4142712839888848	0.394856922373803	0.9989208822153636	0.12366258666506169	0.41271631411213044	0.7644586635885995	0.9809070145248762
WIPF1	19.186048094830657	-0.06949235111116019	0.6457958632628071	0.9143072037058739	0.9930430668474647	0.2585223744912631	0.540353852151416	0.6323430252573681	0.9989208822153636	-0.32801472560242323	0.5331364170031999	0.5383864800856102	0.9686312519100319
WNK1	10.778206943254837	0.6597446346094012	0.8018289471662966	0.4106218949518522	0.9327349883440683	0.7137453022478548	0.6866131781206726	0.2985648764183674	0.9989208822153636	-0.054000667638453514	0.6304185713681861	0.9317379454285031	0.9943986844485485
WSB1	44.5873048809309	0.3295865572711807	0.5703637703439479	0.5633632017197625	0.9665616667306404	0.36053175713728947	0.49021962751662335	0.4620658130986953	0.9989208822153636	-0.030945199866108757	0.4762891451539493	0.9481967259826325	0.9952132068500601
WTAP	29.770872055339755	1.2551997309117489	0.5385406198797598	0.019766920145868512	0.281555683470754	0.09727759549795806	0.47584400575502417	0.8380161660070602	0.9989208822153636	1.1579221354137907	0.43333433859872095	0.00753732833623186	0.11961412359672301
XAF1	7.660349128105342	-1.2666958176119296	0.8642098986740787	0.14272266426497368	0.7512731093109952	-0.31957090150203876	0.648363247537449	0.6220912502934146	0.9989208822153636	-0.9471249161098908	0.7483301825956956	0.20563802392699326	0.7949616429336143
XBP1	31.46341091356166	0.48350210664341536	0.5376022649025773	0.36845684364078646	0.9233513498088938	-0.051155723342003426	0.464760249486517	0.9123546063340363	0.9989208822153636	0.5346578299854188	0.44425270953621787	0.22878315770379565	0.8319309113245689
XIST	15.863791943676825	-2.8544848250368067	4.118083072785296	0.48821000649945523	0.9457004388416376	-1.2392547085640069	3.5433353128631144	0.7265320064143242	0.9989208822153636	-1.6152301164727998	3.5729039437034458	0.6512130243207233	0.9777614542981466
XPO1	8.077087630881435	0.8554965102302393	0.8694519929900909	0.32514053784155994	0.8878304060579073	0.19734800573120728	0.758179123421996	0.7946384969393955	0.9989208822153636	0.6581485044990321	0.6899225287366967	0.3401112208453735	0.9125323816365909
XRCC5	19.738122263520058	-0.09653256955281585	0.5190585017554461	0.8524633621836102	0.9930430668474647	0.03427785145226378	0.4287950024706058	0.9362850152463945	0.9989208822153636	-0.13081042100507964	0.42543258337747003	0.758480887701107	0.9809070145248762
XRCC6	14.258302732221187	0.23826736391178782	0.5911176268522814	0.6868897827287215	0.9855093203371755	0.13063568340087428	0.4965390822189169	0.792479323454236	0.9989208822153636	0.10763168051091354	0.4739866015895395	0.8203634991765971	0.9919160079379556
XRN2	21.483467379784074	-0.2078644469698835	0.5005706346907366	0.6779552572233138	0.9818123465317776	-0.12844300589978538	0.41277405718200016	0.7556711994061132	0.9989208822153636	-0.0794214410700981	0.4142250798999266	0.8479497973038481	0.9919160079379556
YAF2	5.351592443670761	1.2369295304685082	0.9654162515643885	0.20010952130796655	0.8216056299554384	1.0588877603233933	0.8447023406174629	0.21000081786984615	0.9989208822153636	0.17804177014511488	0.6925043049366626	0.797102788858274	0.9919160079379556
YBX1	125.97769617213983	-0.15451514388972196	0.36342643239456546	0.6707185131598453	0.9780705608686049	-0.11104777335331738	0.31085926726507773	0.7209207911884437	0.9989208822153636	-0.04346737053640458	0.3086667354448177	0.8880097859348218	0.9919160079379556
YBX3	42.12473702430986	-0.3566464685061448	0.5468751574507653	0.5143022476081196	0.9521733056192314	0.3758953719673051	0.4583042872797208	0.4121093208464325	0.9989208822153636	-0.7325418404734498	0.45993841317752804	0.11122851778151181	0.6331135904912564
YIF1A	4.992448402566644	-0.03655141690151814	0.9780594322491272	0.9701889034282737	0.9964726730517024	0.11774169467608392	0.799032522203198	0.8828515682869172	0.9989208822153636	-0.15429311157760206	0.7901090951074987	0.845173151469144	0.9919160079379556
YIF1B	5.098885523863754	-0.6932007156559162	0.9742189409147034	0.4767465124096234	0.9442442286200136	0.5053987499237561	0.7091020368951685	0.47601245148880744	0.9989208822153636	-1.1985994655796723	0.8060206819133331	0.13699950534473118	0.6932804081422513
YIPF4	8.811752248000504	-0.8324040349487858	0.7266487008115021	0.25198617242592736	0.8447733157557729	-0.18986597654242726	0.5563678510562142	0.7329080151138984	0.9989208822153636	-0.6425380584063585	0.6162856930685516	0.2971346457187112	0.8862952892362709
YME1L1	23.73437991502477	0.08180945622711447	0.582865954463619	0.8883777414693218	0.9930430668474647	0.17722248683443534	0.49276971411567955	0.7191121368075958	0.9989208822153636	-0.09541303060732086	0.48054436819090735	0.8426132284343958	0.9919160079379556
YPEL3	15.892451238199273	0.08003370813600716	0.6198226095740405	0.897259871939355	0.9930430668474647	-0.37866953484547267	0.528010039406546	0.4732732098680119	0.9989208822153636	0.4587032429814798	0.51495310583184	0.37305417214803716	0.9224426087386502
YPEL5	21.22591799416076	-1.0897387302646218	0.5768201302478331	0.0588626801061696	0.5106783428604956	0.12824724332964213	0.44301600008606945	0.772208950369493	0.9989208822153636	-1.2179859735942637	0.4925644320827624	0.01340799753607841	0.18224211912014043
YTHDC1	12.17715019020011	0.5601125470866595	0.7218206654147381	0.43776558254392395	0.9434000864669367	0.3101045282373991	0.6192342354531613	0.6165209525337563	0.9989208822153636	0.2500080188492603	0.575650861186157	0.6640670093143748	0.9777614542981466
YTHDF2	6.718993538194423	0.14421729953344212	0.740513005446002	0.8455861382974312	0.9930430668474647	-0.012516728101757128	0.6127585494449698	0.9837028636478939	0.9989208822153636	0.15673402763519925	0.5910167663369981	0.7908601115415422	0.9883983154369843
YTHDF3	9.954718567726491	1.8984358132446195	0.7955171155281076	0.017013433063637565	0.2517330289455611	0.6559860329302294	0.7194549037413062	0.3618834862918803	0.9989208822153636	1.24244978031439	0.5839070628888033	0.03335191761573002	0.3284690256082735
YWHAB	65.08443412522176	-0.085927402953472	0.3905813678745715	0.8258721476587487	0.9930430668474647	0.13756933554585382	0.3300121505351327	0.6767797699124142	0.9989208822153636	-0.22349673849932583	0.32598937810229556	0.49296843705932314	0.9686312519100319
YWHAE	34.56976369457955	0.4126987525954316	0.47025039206600466	0.38015273849110987	0.9253095413320528	-0.15506918253827232	0.4057073191697086	0.7022986799323363	0.9989208822153636	0.5677679351337039	0.3875283263168862	0.14289350698783745	0.6995855778813057
YWHAG	8.177549340139656	-0.09742389611787741	0.7719488311292115	0.8995695573174403	0.9930430668474647	-0.011747697979839116	0.6345891009709763	0.9852301726005797	0.9989208822153636	-0.08567619813803831	0.6308971271005887	0.8919789295822039	0.9919160079379556
YWHAH	15.71671759072032	-0.2256085167425652	0.6456990502996703	0.7267875585864028	0.9930430668474647	0.5334533738453353	0.5243268179612851	0.30896021708710175	0.9989208822153636	-0.7590618905879006	0.5278891566596524	0.15045701528905833	0.7069495703741695
YWHAQ	13.461025835644918	0.6081528856694326	0.6787464197877519	0.37025583711671295	0.9233513498088938	0.3108653768932593	0.5837132957024117	0.5943346103839666	0.9989208822153636	0.29728750877617327	0.5403986470096324	0.5822327482422297	0.9711498888785488
YWHAZ	47.86337625002019	0.18636896580366033	0.4557721192428709	0.6826070167546985	0.984112860298227	0.45343516403564355	0.38698133012270947	0.24130803774755372	0.9989208822153636	-0.26706619823198324	0.37519772310762856	0.476587875184056	0.9664871084564397
YY1	13.248451073715408	1.1349222235264662	0.6905273987053199	0.10026741783435719	0.6597568820737982	1.4568615405690912	0.5972329164599376	0.014713612523419507	0.9989208822153636	-0.32193931704262513	0.49802636377994397	0.518000741868889	0.9686312519100319
Z93241.1	16.30134468548201	-0.708751253092281	1.582201809657136	0.6541874791938429	0.9756318293502411	0.1348638634567318	1.3530926981494111	0.9206056646662929	0.9989208822153636	-0.8436151165490128	1.3606961951932934	0.5352657822733755	0.9686312519100319
ZBTB1	8.207182177765176	0.7883264136811643	1.0615019467550784	0.45769247161907256	0.9440800184231919	-0.45664851210568935	0.9315389438872015	0.6239862118693572	0.9989208822153636	1.2449749257868536	0.8803277128885861	0.15729802842569157	0.7121089038806502
ZBTB16	29.784095478609675	-0.03684708026844557	1.276298901893745	0.9769680653544363	0.9964726730517024	-1.1309077932432514	1.105792513796955	0.3064438135941947	0.9989208822153636	1.094060712974806	1.1018004435075968	0.3207219531480896	0.8949795328131928
ZBTB20	6.859510832531605	2.046405231638236	0.8093753886506168	0.011459158771038916	0.2000461680578318	-0.5112779251285298	0.7639328082140593	0.5033227471015701	0.9989208822153636	2.5576831567667657	0.6045202197542501	2.3272636940449663e-05	0.0010454784594786618
ZBTB43	4.881051214890943	0.2322002983671156	1.0459448829012303	0.8243134856220384		0.4286733370545403	0.8747436134517904	0.6240942879075833	0.9989208822153636	-0.1964730386874247	0.8357963949298677	0.8141521926128542	0.9919160079379556
ZBTB7A	5.846442824426774	1.4223353525266365	1.1134447588399228	0.2014544040924181	0.8216056299554384	1.2815521567924006	0.9795433456546261	0.1907661764155354	0.9989208822153636	0.14078319573423567	0.8267652890869139	0.8647884151657435	0.9919160079379556
ZBTB8OS	9.795590916477195	-0.5677430898534811	0.677777443883217	0.402224970117917	0.9303447963011624	-0.9162129098469441	0.5545570424312657	0.09850342790079643	0.9989208822153636	0.34846981999346305	0.5793295187932249	0.5475034322279204	0.9711498888785488
ZC3H12A	8.304936066744816	-0.2335406320197885	1.106020261163088	0.8327670830882311	0.9930430668474647	-0.5338808492409114	0.9424207851621171	0.5710543119295525	0.9989208822153636	0.30034021722112286	0.9386914836558824	0.7490014877162463	0.9803559971046334
ZC3H13	12.162405659952087	0.14156971286612113	0.670287997422404	0.8327255208258846	0.9930430668474647	0.6353381848273832	0.5500766642083547	0.2480906962069087	0.9989208822153636	-0.49376847196126217	0.5303331350755196	0.35182593879445556	0.9151923174089035
ZC3H15	18.238375213238005	0.507252670004762	0.5424060247017586	0.34969041034358184	0.9077544252935401	0.2894522411475473	0.46251551196339097	0.5314319008884658	0.9989208822153636	0.2178004288572147	0.4285804670012472	0.6113199046350588	0.9776162491265729
ZC3HAV1	14.613843383535658	0.7183919948982277	0.8921173198567575	0.4206660363033323	0.9390981761492803	0.08730600182036023	0.7754199760773363	0.9103541138096238	0.9989208822153636	0.6310859930778675	0.739024497523865	0.3931356754371911	0.9275297455443251
ZCCHC7	5.053537620933185	2.4205726783235515	1.0155241252251457	0.017145630682635145	0.2517330289455611	0.017419191406092025	0.9557222452644	0.9854583960032015	0.9989208822153636	2.4031534869174593	0.7236767300757655	0.000897741434768668	0.022824026057065485
ZCRB1	9.152737587987316	0.3477177674633346	0.7077745723177365	0.6232261497371769	0.9747465964778875	0.36615910127567386	0.590579174764492	0.5352577725330805	0.9989208822153636	-0.01844133381233928	0.5524822933349967	0.9733723164358588	0.9958819775727777
ZDHHC20	18.67697660570474	1.774886187719957	0.7971762054056183	0.02598294444625717	0.3306185331094857	0.5096376356176945	0.7076312333420305	0.47140045339265757	0.9989208822153636	1.2652485521022627	0.6365542735469709	0.04685016019985235	0.40715020173681205
ZDHHC3	4.5782791389589095	1.3834288536205752	1.1706993978171174	0.23732022346745973		1.427107709608853	1.0272923864317653	0.16477397580065012	0.9989208822153636	-0.043678855988277684	0.8109879608908732	0.9570476445404505	0.9952132068500601
ZEB2	63.836820559983806	1.4195508272702948	0.5379795964497769	0.008323186381767699	0.16135773911197757	0.33354587977243794	0.47179217602646883	0.479581215527747	0.9989208822153636	1.0860049474978568	0.4456307034231344	0.014809410706469395	0.19745880941959196
ZFAND2A	28.850012845807438	0.012291878065482808	1.5863160858205672	0.993817498494661	0.9987011225658877	0.4285599829678185	1.3696214054203428	0.7543536169736453	0.9989208822153636	-0.41626810490233573	1.3637516680688089	0.7601852985190024	0.9809070145248762
ZFAND3	19.654979384635773	5.022965938130786	0.9019141498573499	2.5586983170490485e-08	3.662776640855713e-05	1.466506084357022	0.8800803353135968	0.0956472931248522	0.9989208822153636	3.5564598537737635	0.4867373349301742	2.737152325826144e-13	1.9981211978530852e-10
ZFAND5	62.894870382735256	-1.3135585445274893	0.48372224536164876	0.006617131974337273	0.14626261575194976	0.15598517747599347	0.3914770033850014	0.6902963136068363	0.9989208822153636	-1.469543722003483	0.41637783777575166	0.00041657951696086337	0.012351972512238433
ZFAND6	13.627523674372519	-0.025475678460461147	0.6052494165803831	0.9664259897835041	0.9964726730517024	-0.5435421199358811	0.5121812805859497	0.28858540695156354	0.9989208822153636	0.5180664414754199	0.5038669574762605	0.3038646855350333	0.8862952892362709
ZFAS1	69.27176138974785	-0.13642544054481237	0.3999170653636213	0.7330024572734352	0.9930430668474647	0.14634509587998332	0.3381311760219284	0.6651559415844557	0.9989208822153636	-0.2827705364247957	0.33506546620924316	0.39871062853378203	0.9275297455443251
ZFC3H1	8.746296761589251	2.0714035308332104	0.7813893212648453	0.008027195491916802	0.16135773911197757	0.754551386387605	0.715268402192136	0.29146163074658915	0.9989208822153636	1.3168521444456054	0.5428974221561316	0.015283092414769236	0.2006095666507163
ZFP36	84.77222805660267	-0.264615248423969	0.49909490004637846	0.5959800323247052	0.9671367302673034	0.49863255294516134	0.42436643700279586	0.23999284021782175	0.9989208822153636	-0.7632478013691304	0.4230145732047956	0.07118332421357913	0.5157699918204741
ZFP36L1	61.69048339476938	0.5735789318980983	0.8046696354516784	0.47596151471569903	0.9442442286200136	1.5675579137608147	0.6937767358173678	0.02385504281772939	0.9989208822153636	-0.9939789818627163	0.6765799170435187	0.14179948475756365	0.6994163775204153
ZFP36L2	78.39263810782022	-1.1431118157036182	0.5619858746727697	0.041945756661042645	0.4319809400020327	0.08432338805988122	0.47130527385427623	0.8580047694308461	0.9989208822153636	-1.2274352037634992	0.4837073865901271	0.011162909653895206	0.1597828244577157
ZFR	8.166842248931504	2.354071925603576	0.91915132731137	0.010433038442718277	0.18720854708763215	1.4010386522272933	0.8402135319875497	0.0954191418385385	0.9989208822153636	0.9530332733762823	0.620624442874134	0.12463557352647349	0.6557403147699147
ZFYVE16	14.746390202352929	2.07446533837951	0.8382039053048175	0.013327593791580107	0.21595031359564995	0.8019488552758959	0.7505944292108028	0.2853318470574291	0.9989208822153636	1.2725164831036142	0.6470697868322712	0.049231297700996386	0.412114605405989
ZMAT2	10.426599997776483	-0.6394874087182838	0.6615707218949807	0.33373409506846097	0.8921388554444479	-0.19529663071800238	0.514879112930997	0.7044607976236761	0.9989208822153636	-0.4441907780002815	0.5557337773784005	0.4241240210905316	0.9425245363634882
ZNF106	16.16922173479328	0.10684758149601187	0.6445170841426824	0.86833064856422	0.9930430668474647	-0.13110642295880315	0.5466105924168008	0.8104438880923439	0.9989208822153636	0.23795400445481502	0.5315714709710859	0.6544111954019123	0.9777614542981466
ZNF207	15.291479584430812	0.29227322810132855	0.6150884128149415	0.6346638766225083	0.9747465964778875	0.45731401791939663	0.5168757921483705	0.3762829646191066	0.9989208822153636	-0.16504078981806808	0.4909579920715762	0.7367496754032863	0.9803559971046334
ZNF24	6.396420985947787	-1.102536958366608	0.9090832195959645	0.22520594642842995	0.8354184242140112	0.09253089212066769	0.6535459947535285	0.8874095291866371	0.9989208822153636	-1.1950678504872756	0.777760336407057	0.12440347993964779	0.6557006523894794
ZNF267	8.17484269051189	1.4218962864702682	0.8173307686616416	0.08191472979903693	0.6049931277522559	0.49964199642341023	0.727950875755642	0.4924812430291281	0.9989208822153636	0.9222542900468579	0.6131000945064459	0.13251764904742133	0.6818735609730286
ZNF281	14.550310979954084	-1.650587708570006	0.6439425128567328	0.010369639408267513	0.18720854708763215	-0.6983180154158899	0.4710064067880779	0.1381785064971308	0.9989208822153636	-0.9522696931541161	0.5687883804701032	0.09408985342306284	0.5938655188803434
ZNF330	7.376589629222134	-0.5519096004982105	0.7640298382092449	0.47006914504240915	0.9442442286200136	-0.29063971593186544	0.6075169978753223	0.632361335369028	0.9989208822153636	-0.261269884566345	0.6413802680587866	0.6837467855719492	0.9777614542981466
ZNF331	20.24368554693881	1.8749766395379728	1.3041040414308462	0.15050477133565549	0.7601504228853402	0.5908350810185655	1.1416401905346671	0.6047849895188274	0.9989208822153636	1.2841415585194074	1.0931352325663652	0.24010172554979392	0.8498145922489676
ZNF385A	7.790532878647059	-1.0110891572650698	0.8291311397184238	0.22267106831399885	0.8344035271393161	-0.2286642641392785	0.6329365011988519	0.7178937274324462	0.9989208822153636	-0.7824248931257912	0.7095296006679257	0.2701411797230855	0.8666888920632344
ZNF394	5.383656382568865	-1.8082654402850302	1.0826829279989614	0.09488557031734106	0.6443023377978653	0.3945559156156755	0.6624411487137798	0.5514364573272967	0.9989208822153636	-2.2028213559007055	0.9616458766570719	0.021982025743817524	0.25778118542950673
ZNF428	6.200425686830861	-0.4104516560748996	0.9013696918791909	0.6488471125791093	0.9756318293502411	-0.09638739630884076	0.7206304510623419	0.8935968933839694	0.9989208822153636	-0.31406425976605884	0.7480171570184778	0.674585995465558	0.9777614542981466
ZNF438	5.066842703899703	3.946637031798819	1.3444625302641555	0.003330367392590074	0.09379020397898245	0.7106349671584474	1.3008188543460992	0.584860989999063	0.9989208822153636	3.2360020646403713	0.8339049074661972	0.00010422443390989373	0.0037572265063813537
ZNF467	7.073633705616686	0.14157006003709652	0.787143085990829	0.8572679594264214	0.9930430668474647	-0.216167416818852	0.6626602504229001	0.7442643154213237	0.9989208822153636	0.3577374768559485	0.6402839342307252	0.5763549202079961	0.9711498888785488
ZNF511	8.694188500042996	-0.2946422273529498	0.7663928509750504	0.7006425346028597	0.9901701562993254	-0.05103495744364243	0.6183873860846071	0.9342259749222365	0.9989208822153636	-0.2436072699093074	0.6318129140247983	0.6998161342520142	0.9777614542981466
ZNF524	7.013758955209641	0.8810770615789434	0.7608281441552543	0.24684361694086543	0.8444306898330594	0.03069374566299187	0.6659935731796227	0.9632407879923223	0.9989208822153636	0.8503833159159515	0.5833020834183346	0.14487415417788865	0.7027179382924879
ZNF581	6.069086723629209	-1.1105085450691148	0.9820012054499342	0.25811288031539004	0.8468310989941064	0.2530430193508301	0.7018144519803998	0.7184318044254778	0.9989208822153636	-1.3635515644199447	0.8384060694464532	0.10387272221242827	0.6170590063092133
ZNF638	7.694584677871145	0.9767510348303243	0.8241443255043837	0.23595028457416467	0.8377005764365608	0.9687008953183226	0.7107407961969685	0.172899720500842	0.9989208822153636	0.00805013951200175	0.60565702833876	0.9893951649037103	0.9996889679060499
ZNF644	7.694607468544153	0.4108176156118629	0.7747421645179077	0.5959291388320389	0.9671367302673034	-0.08891374834838163	0.6621947749902125	0.8931880528924834	0.9989208822153636	0.4997313639602446	0.6209649688725293	0.4209548462426863	0.9425245363634882
ZNF706	32.223329427137266	0.19621585860790647	0.5260218422899393	0.7091347033294497	0.9930430668474647	-0.028019578303773447	0.44989513920402585	0.9503396622451711	0.9989208822153636	0.22423543691167994	0.4366415634366921	0.6075695884130217	0.9776162491265729
ZNHIT1	25.02499638206879	-0.11925117616346759	0.517745724749015	0.8178371463902537	0.9930430668474647	-0.07227660667764876	0.43324276929942906	0.8675061458489788	0.9989208822153636	-0.046974569485818816	0.4294503313504743	0.9128987096846894	0.9933939763059726
ZNHIT3	8.150456617995603	0.5029768185839177	0.8095387884250437	0.5343938275455362	0.962283048387728	-0.2075079246466002	0.6989088374983152	0.7665407906853402	0.9989208822153636	0.710484743230518	0.652040749221099	0.27587509354304385	0.8696706415213846
ZNRD1	6.996484429106581	-0.5042888324062471	0.7916914707724798	0.5241401753897821	0.9580457568113643	0.1596411011160093	0.6068615903045089	0.7925042179776535	0.9989208822153636	-0.6639299335222564	0.652893165317608	0.3091989092843307	0.8908003621417085
ZRANB2	7.800487066006101	-0.012213954280428449	0.8127059052544171	0.9880092433878425	0.9982438456126328	0.2875154666558729	0.663589320980713	0.6648163076633211	0.9989208822153636	-0.2997294209363014	0.6536896401318641	0.6465792847846126	0.9777614542981466
ZSCAN16-AS1	6.998161907315892	-0.19537342904232127	0.7906034683614114	0.8048158453817424	0.9930430668474647	0.24013190509032284	0.631473473528374	0.7037432541607587	0.9989208822153636	-0.4355053341326441	0.6407244361783683	0.4966895582440205	0.9686312519100319
ZSWIM6	20.126278639574625	4.181849453014916	0.8843876734009328	2.2615649362768205e-06	0.0008093575515700671	1.0541515675250233	0.8317979096084166	0.2050419917430205	0.9989208822153636	3.1276978854898925	0.6029589027382986	2.134234396350199e-07	1.5579911093356454e-05
ZSWIM7	10.409660264001483	0.5831496030196092	0.6640683068054312	0.3798639402577405	0.9253095413320528	-0.0920993303737368	0.5729937817525333	0.8723032560627965	0.9989208822153636	0.675248933393346	0.5253349359580767	0.19866357343514895	0.7786545428599128
ZYX	19.33302131827986	0.6423786135441432	0.6058077603678911	0.2889776269758133	0.8708873116123722	0.7798470539612165	0.5180044876942881	0.1321998927770644	0.9989208822153636	-0.13746844041707323	0.47676685238278327	0.7730905267483723	0.9838015061805645
