gene	seed0	seed1	seed2	seed3	seed4	mean_rank	mean_score	pct_rank
AC105402.3	0.6153759	0.46125963	0.6019587	0.5254791	0.6441538	1.0	0.5696454	0.0002
AC119673.2	0.43306187	0.4019459	0.4175406	0.34304756	0.37583238	2.8	0.39428568	0.0004
XIST	0.4029948	0.31944406	0.40618125	0.36339396	0.42083365	3.0	0.38256955	0.0006
AC079352.1	0.39030653	0.33292052	0.3989482	0.34489265	0.4225323	3.2	0.37792003	0.0008
IGKC	0.34346214	0.29628122	0.3072673	0.23718499	0.30282825	8.4	0.29740477	0.001
AC096577.1	0.31101173	0.25623053	0.30658138	0.26720586	0.31372184	8.6	0.29095024	0.0012
RHEX	0.31839734	0.27472207	0.3001686	0.24783278	0.3041918	8.8	0.28906253	0.0015
UGT2B7	0.314862	0.24886389	0.2786662	0.29458603	0.32816392	8.8	0.2930284	0.0015
AC007319.1	0.28864938	0.25491244	0.27716318	0.2701915	0.30130255	11.0	0.27844378	0.0018
ARL17B	0.2822419	0.24716517	0.27631143	0.27663952	0.30287805	11.2	0.27704722	0.002
CCDC144A	0.28094742	0.31187683	0.32391465	0.22554262	0.25540662	12.4	0.27953762	0.0022
UBA6-AS1	0.2644845	0.22685361	0.27809414	0.2592052	0.29813167	14.2	0.26535383	0.0024
AL391117.1	0.29417947	0.2813589	0.29790452	0.21106713	0.23340023	17.4	0.26358205	0.0026
SPP1	0.26039627	0.21991983	0.2483677	0.24882433	0.28191918	18.2	0.25188547	0.0028
MTRNR2L12	0.27741417	0.27525142	0.2970884	0.20410514	0.25077164	18.8	0.26092616	0.003
AQP4-AS1	0.22800566	0.21511047	0.24941574	0.24963693	0.28248394	21.4	0.24493055	0.0032
ZFPM2-AS1	0.31944036	0.3039502	0.25751862	0.19583753	0.2384243	22.2	0.2630342	0.0034
MIR4300HG	0.27354476	0.24688229	0.26286677	0.2201798	0.22194584	22.8	0.2450839	0.0036
MT1G	0.27076307	0.26068875	0.2730959	0.19519669	0.24771763	23.8	0.2494924	0.0038
PWRN1	0.2389422	0.20912969	0.2403754	0.2318466	0.2720548	24.0	0.23846975	0.004
BHMT	0.21812999	0.2318159	0.26607332	0.2255199	0.24819794	25.2	0.23794742	0.0042
BICC1	0.25281546	0.22507808	0.23509324	0.20700318	0.23962645	26.4	0.23192327	0.0044
KCNIP4	0.25153473	0.23392877	0.21746226	0.22586666	0.23244976	27.0	0.23224843	0.0046
EGF	0.24644499	0.22189774	0.26322508	0.2100524	0.22230159	27.2	0.23278436	0.0048
OR2T11	0.22762416	0.20283791	0.23157291	0.2384642	0.26053634	27.4	0.2322071	0.005
ACSM2B	0.24196853	0.20989744	0.24455267	0.21349938	0.23691165	27.6	0.22936592	0.0053
RERG	0.24606979	0.26068738	0.251095	0.2044708	0.22062606	27.6	0.23658982	0.0053
CACNA1E	0.23050387	0.2141836	0.22969131	0.21553381	0.24877238	28.0	0.227737	0.0057
AL079338.1	0.24010172	0.21075182	0.22892739	0.21265745	0.25630805	28.0	0.22974928	0.0057
CLU	0.22088352	0.2054498	0.24142613	0.23354207	0.24395847	29.0	0.22905199	0.006
LSAMP	0.24191843	0.20120624	0.22583884	0.22633795	0.24018724	30.2	0.22709775	0.0062
HULC	0.22718853	0.20227148	0.22921425	0.2196713	0.25448975	31.0	0.22656706	0.0064
FKBP5	0.25172296	0.18789339	0.23225361	0.21787909	0.23831132	32.0	0.22561207	0.0067
GPC5	0.2544436	0.24680546	0.22765939	0.19906889	0.22228979	32.0	0.23005342	0.0067
TTTY14	0.22729468	0.1991272	0.21161053	0.1993604	0.25702122	38.4	0.2188828	0.007
UGT2A3	0.22427292	0.18744078	0.21687146	0.21106416	0.23301445	40.8	0.21453276	0.0072
TNFSF10	0.22832027	0.19386567	0.23697701	0.19276431	0.22307727	41.2	0.21500091	0.0074
AC104041.1	0.22907811	0.18594548	0.21209839	0.20623037	0.22786462	42.2	0.2122434	0.0076
AC023469.1	0.218087	0.1690363	0.20822701	0.23913562	0.2648529	42.6	0.21986775	0.0078
ATP1B1	0.25550857	0.20586479	0.20675094	0.19356245	0.20427918	44.8	0.21319318	0.008
YPEL2	0.20943384	0.2213935	0.22913568	0.18618727	0.21946417	45.4	0.21312289	0.0082
LINC00278	0.21559176	0.2291136	0.22607803	0.18742715	0.20407613	46.4	0.21245734	0.0084
NHS	0.18162867	0.19873445	0.22300251	0.20602794	0.21975777	50.4	0.20583026	0.0086
MIOX	0.20930691	0.16929315	0.21046957	0.213362	0.2253566	51.0	0.20555763	0.0088
OR2G6	0.20376314	0.17124978	0.21431923	0.20550229	0.22914582	51.2	0.20479605	0.0091
AC024230.1	0.23983255	0.2120248	0.21376012	0.1693799	0.2114798	51.2	0.20929544	0.0091
GPX3	0.1995144	0.19060881	0.23187643	0.1959843	0.19871847	53.4	0.20334049	0.0094
AC020916.1	0.21216235	0.18948749	0.1984535	0.1970592	0.21136017	53.6	0.20170455	0.0096
CDH9	0.20649014	0.21361078	0.21733725	0.17808446	0.1999295	55.2	0.20309043	0.0098
ARHGAP15	0.21183655	0.1888454	0.21546404	0.17402005	0.231176	55.4	0.20426841	0.01
DCC	0.22565179	0.18972263	0.20143712	0.1749943	0.21978824	56.0	0.20231882	0.0102
MAT2A	0.20489848	0.17476273	0.19868603	0.20305984	0.21887279	56.4	0.20005599	0.0105
FTH1	0.22471066	0.18264972	0.19132508	0.20434843	0.1985818	56.4	0.20032313	0.0105
AL139807.1	0.21860762	0.20104061	0.19562213	0.187716	0.19116364	59.6	0.19883001	0.011
ZBTB16	0.21434589	0.19893485	0.25077707	0.1761677	0.18167612	59.6	0.20438032	0.011
CLCNKA	0.2195496	0.17635924	0.21947618	0.19821502	0.18561652	59.6	0.19984332	0.011
LINC01060	0.20754512	0.17784378	0.21163744	0.17842457	0.21175312	60.2	0.19744082	0.0114
AL137009.1	0.212756	0.18340683	0.17156687	0.20571448	0.21298546	60.6	0.19728592	0.0117
GPC6	0.23349988	0.18710104	0.18196905	0.19758427	0.19219172	60.6	0.19846919	0.0117
CCN1	0.19235744	0.16756621	0.21051519	0.19274728	0.22430785	61.8	0.1974988	0.012
CLIC4	0.18346864	0.20397598	0.19005911	0.17952628	0.204607	65.0	0.19232741	0.0122
MT-ND5	0.2136653	0.15757795	0.19006854	0.20365524	0.21109867	65.4	0.19521314	0.0124
IGFBP7	0.19156158	0.16288328	0.1923119	0.20337988	0.20869647	66.8	0.19176662	0.0126
SULT1C4	0.23129916	0.20158756	0.20137936	0.15866347	0.19364545	67.2	0.197315	0.0128
ADAMTS9-AS2	0.20154564	0.17741622	0.18889396	0.18809372	0.19121754	70.2	0.18943343	0.013
GRIN2A	0.2039347	0.17626922	0.17809363	0.18727745	0.19815792	71.4	0.18874657	0.0132
EGFL7	0.16932234	0.17058371	0.20337485	0.19635482	0.20096284	71.8	0.18811971	0.0134
LINC01622	0.1907074	0.16026753	0.19225346	0.1857265	0.21064527	73.6	0.18792003	0.0136
PITPNC1	0.2028817	0.16115148	0.16885133	0.2074228	0.20446602	74.0	0.18895467	0.0138
AC068587.4	0.20750934	0.17264286	0.18449312	0.17207327	0.1992555	75.0	0.1871948	0.014
MYRIP	0.18646146	0.18506746	0.1897179	0.1811335	0.1869878	75.2	0.18587363	0.0142
AC008554.1	0.21430744	0.16163647	0.17163287	0.19030908	0.19995402	75.4	0.18756798	0.0144
RHOBTB1	0.20101412	0.19641833	0.18900213	0.16880035	0.18685453	76.0	0.1884179	0.0147
UTY	0.18893048	0.20675568	0.17577699	0.16734384	0.19808917	76.0	0.18737923	0.0147
G6PC	0.1953359	0.1567221	0.18255517	0.19078754	0.2102709	77.0	0.18713431	0.015
MAST4	0.18768597	0.1846628	0.200403	0.17276977	0.18706208	77.2	0.18651673	0.0152
MEG3	0.1794834	0.15361096	0.18716368	0.19887452	0.20931159	78.2	0.18568884	0.0154
REPS2	0.19867484	0.20525812	0.18562888	0.15949506	0.18841776	79.2	0.18749492	0.0156
FAM20C	0.17888905	0.17862676	0.19084743	0.17288668	0.19455196	79.4	0.18316036	0.0158
PCK1	0.18397653	0.15475605	0.18546665	0.19504306	0.20119405	79.8	0.18408728	0.016
NDRG1	0.19781932	0.19601154	0.20155263	0.15398824	0.18843222	81.0	0.1875608	0.0162
C5orf67	0.1695227	0.16917203	0.18347004	0.17078778	0.21266225	84.2	0.18112297	0.0164
DPP6	0.17062034	0.1889453	0.18016648	0.17521214	0.18598725	86.0	0.1801863	0.0166
AC016383.2	0.1909032	0.16278031	0.18507263	0.16726536	0.19103755	88.4	0.1794118	0.0168
CUBN	0.16570427	0.19095162	0.20751093	0.16060421	0.17801619	91.6	0.18055744	0.017
DUSP1	0.16703579	0.15048176	0.18524699	0.189281	0.19465783	93.2	0.17734067	0.0172
LMNA	0.18317685	0.14224042	0.18357845	0.17918296	0.19951762	97.2	0.17753926	0.0174
UMOD	0.18465655	0.18728386	0.19211926	0.1568206	0.16236407	97.8	0.17664887	0.0176
S100A6	0.16525748	0.1596586	0.1826809	0.1715321	0.18697946	99.8	0.1732217	0.0178
ZNF385B	0.16654614	0.18103452	0.17347434	0.15759332	0.1744663	105.0	0.17062292	0.0181
AC013652.1	0.18881352	0.18294305	0.16221245	0.15617642	0.17603566	105.0	0.1732362	0.0181
HSPA1A	0.1746459	0.14364591	0.16560696	0.17931013	0.2059544	105.2	0.17383265	0.0184
KIF26B	0.15825036	0.1507347	0.16917928	0.18595223	0.19764592	105.8	0.1723525	0.0186
LDLRAD4	0.19951427	0.14777838	0.16134855	0.17355502	0.18841022	107.2	0.17412129	0.0188
HSP90AA1	0.15828788	0.1504476	0.1814721	0.1905472	0.1799482	107.4	0.1721406	0.019
SLC8A1	0.17336173	0.16522993	0.19650283	0.1499846	0.16943593	108.6	0.170903	0.0192
AC073174.1	0.15474245	0.14835145	0.18245457	0.176492	0.19460736	109.6	0.17132957	0.0194
FLG-AS1	0.18028311	0.14929137	0.15767056	0.17442955	0.19067915	111.6	0.17047074	0.0196
TPM1	0.15786262	0.15727958	0.16921847	0.15717804	0.19296439	115.4	0.16690062	0.0199
PLCB1	0.14186825	0.17402162	0.17082655	0.1686962	0.19728947	115.4	0.17054042	0.0199
SGPP2	0.15983756	0.1457624	0.17260383	0.16998589	0.19053422	115.6	0.16774479	0.0202
AC009060.1	0.17102477	0.14607401	0.15948951	0.1805286	0.1802675	116.8	0.16747688	0.0205
MT-ND1	0.16109276	0.14226437	0.18005796	0.17391925	0.18162145	116.8	0.16779116	0.0205
SYTL3	0.19931555	0.13697015	0.15653755	0.18665424	0.18532321	117.8	0.17296013	0.0208
AC111000.4	0.1655332	0.1456157	0.16870612	0.17560597	0.17571472	119.2	0.16623513	0.021
AC079298.3	0.18628985	0.17111908	0.1691678	0.14767066	0.16008952	119.8	0.16686738	0.0212
ST18	0.16303988	0.14861639	0.17280875	0.15101793	0.1915658	120.4	0.16540974	0.0214
TNC	0.16049118	0.1396471	0.16582243	0.17848672	0.18898319	122.6	0.16668613	0.0216
H1F0	0.1568745	0.16669762	0.16587648	0.14866783	0.18351415	124.0	0.16432612	0.0218
H3F3B	0.158708	0.14192925	0.16026305	0.17528625	0.19215113	124.6	0.16566753	0.022
ZNRF3	0.14614744	0.1737682	0.17780319	0.14634487	0.18078786	127.4	0.16497031	0.0222
HLF	0.17123324	0.14222454	0.15932593	0.16573142	0.18162113	127.8	0.16402724	0.0224
C7	0.19617519	0.16856526	0.16202585	0.15778854	0.14700744	128.6	0.16631246	0.0226
LTF	0.17167151	0.15900728	0.15159711	0.16793574	0.16195521	129.0	0.16243336	0.0228
KLF6	0.16698831	0.16468233	0.16140088	0.1541688	0.15585305	132.8	0.16061868	0.023
DSCAML1	0.18370515	0.13996665	0.15269974	0.16699398	0.17939441	133.4	0.16455199	0.0232
OR2T10	0.1562455	0.14467034	0.16879977	0.15847921	0.17967862	134.0	0.16157469	0.0234
CPEB4	0.1713594	0.15689099	0.15029418	0.1581608	0.16526443	134.4	0.16039397	0.0236
AC087762.1	0.15239045	0.14031903	0.16028745	0.17932601	0.18011166	135.4	0.16248691	0.0238
AC005699.1	0.17967342	0.1407836	0.16349216	0.15022263	0.16963185	137.0	0.16076073	0.024
AC009271.1	0.14361827	0.16520013	0.1660873	0.15064584	0.17603567	137.8	0.16031745	0.0242
RANBP17	0.15372284	0.13135813	0.17056309	0.17592737	0.18429326	138.6	0.16317293	0.0244
SLC36A2	0.1514886	0.1695104	0.16780119	0.14688985	0.15858567	141.4	0.15885514	0.0247
LHFPL6	0.16079067	0.13663653	0.17231616	0.1593237	0.1639248	141.4	0.15859838	0.0247
ANXA1	0.15594006	0.16977455	0.15929575	0.13865082	0.18094547	142.2	0.16092132	0.025
SLC16A12	0.14834988	0.15246788	0.17356296	0.15709868	0.15636021	142.6	0.15756792	0.0252
PRDM16-DT	0.14183137	0.15355842	0.16714804	0.16812143	0.16094992	145.6	0.15832183	0.0254
SLC35F3	0.15801576	0.17024142	0.16888401	0.13929418	0.15606588	146.4	0.15850025	0.0256
MTRNR2L8	0.14707652	0.15856247	0.1753456	0.15303242	0.15173404	146.6	0.15715021	0.0258
MAGI2	0.16405103	0.13383985	0.15406625	0.16147172	0.1814323	147.4	0.15897223	0.026
LINC01876	0.17767265	0.14618361	0.14675035	0.15011795	0.16552123	148.4	0.15724917	0.0262
AKAP12	0.13258478	0.15596321	0.16869602	0.16221678	0.17171454	148.8	0.15823507	0.0264
DPH6-DT	0.1561442	0.15985599	0.14931922	0.16229795	0.15460545	150.6	0.15644456	0.0266
APBB1IP	0.16245344	0.14485002	0.15042031	0.16949567	0.15263186	152.8	0.15597026	0.0268
AL627171.2	0.1504986	0.14969042	0.14773728	0.16599134	0.16130237	156.2	0.15504399	0.027
NAALADL2	0.14471883	0.14551	0.16253501	0.14918578	0.16919102	156.6	0.15422812	0.0272
SLC22A7	0.15550628	0.13677725	0.15432267	0.15125062	0.17382617	158.8	0.1543366	0.0275
KCNJ15	0.16105358	0.15183425	0.14047284	0.14284429	0.17994641	158.8	0.15523028	0.0275
NRP1	0.16059025	0.15745704	0.17279916	0.12998584	0.16161545	159.0	0.15648955	0.0278
KRT19	0.15622325	0.13202035	0.15964139	0.15268518	0.17245714	159.8	0.15460546	0.028
MMP7	0.17636928	0.13847005	0.15390164	0.1388226	0.17019713	161.4	0.15555213	0.0282
DIRC3	0.17384727	0.13485168	0.14566545	0.1548594	0.16328165	162.2	0.15450111	0.0284
HSPA5	0.1476103	0.15156579	0.15194952	0.14500251	0.16774787	162.6	0.1527752	0.0287
KAZN	0.16607253	0.11555877	0.16648096	0.18434528	0.17090401	162.6	0.1606723	0.0287
TNS1	0.15357243	0.14306007	0.17204516	0.13956599	0.1602232	163.4	0.15369336	0.029
CNTN4	0.16772874	0.16140676	0.14925283	0.14492348	0.14511788	164.4	0.15368593	0.0292
SLC22A12	0.15882064	0.13119744	0.16601539	0.16300379	0.15074962	164.6	0.15395738	0.0294
ERRFI1	0.1562013	0.13829766	0.15651293	0.15021028	0.15867017	164.8	0.15197846	0.0296
PRKG1	0.15975633	0.15552676	0.15206873	0.14524673	0.14707078	166.8	0.15193386	0.0298
AC069277.1	0.17453727	0.13348484	0.13215685	0.17474748	0.16465978	167.4	0.15591726	0.03
TXN	0.15881751	0.1374636	0.13997783	0.16426852	0.16129781	169.6	0.15236504	0.0302
IGFN1	0.15637428	0.13617934	0.15791135	0.14745988	0.15685332	170.4	0.15095563	0.0304
SEMA3E	0.13987833	0.13288996	0.15639098	0.16320501	0.16712876	173.6	0.15189861	0.0306
DLC1	0.15561712	0.16125648	0.13750622	0.1367754	0.1697042	174.0	0.15217188	0.0309
FSTL4	0.17795715	0.124123685	0.15392618	0.16135171	0.15193051	174.0	0.15385784	0.0309
RASGEF1B	0.13311788	0.17203318	0.17638755	0.13369605	0.15716505	174.4	0.15447994	0.0312
RPS6KA6	0.16004606	0.13449855	0.14977585	0.14512731	0.16230366	175.2	0.15035029	0.0314
SLC47A2	0.14728142	0.12601376	0.14751814	0.17840125	0.16495503	176.6	0.15283391	0.0316
AC090630.1	0.13254052	0.1709522	0.17125341	0.13813135	0.14870818	178.6	0.15231714	0.0318
NEAT1	0.17914586	0.15595238	0.14232908	0.13960549	0.142805	178.8	0.15196756	0.032
HIF1A-AS3	0.14782746	0.13349015	0.16673666	0.13963212	0.16191876	179.6	0.14992103	0.0322
KHDRBS2	0.1589437	0.16773239	0.15288997	0.13565376	0.141916	179.8	0.15142718	0.0324
PFKFB3	0.14524238	0.144776	0.14498176	0.15007882	0.15780616	180.0	0.14857702	0.0326
GPM6A	0.13929304	0.15806967	0.15619595	0.14723063	0.14591582	180.4	0.14934102	0.0328
SLC5A12	0.17328537	0.14651695	0.15837267	0.1406001	0.13628854	180.6	0.15101272	0.033
SLIT2	0.15410309	0.13117476	0.15579951	0.14735352	0.15829666	181.6	0.1493455	0.0332
FAM155A	0.16076885	0.14316848	0.15049139	0.13477212	0.15563451	185.4	0.14896707	0.0334
BICD1	0.17099601	0.13027106	0.14604479	0.1523885	0.14401509	190.6	0.1487431	0.0336
AL078604.4	0.13006249	0.13479261	0.1479879	0.1667861	0.16073704	193.2	0.14807323	0.0339
ITGB6	0.14900865	0.1501217	0.14815865	0.12748104	0.17022577	193.2	0.14899917	0.0339
PTPRC	0.16237544	0.1588939	0.15137438	0.12398667	0.15113853	194.0	0.14955379	0.0342
CTNNA3	0.15584804	0.13793375	0.15055637	0.13714688	0.14917406	195.6	0.14613183	0.0344
GNGT1	0.15360084	0.119535275	0.14045891	0.16514502	0.16411857	196.6	0.14857173	0.0346
BBOX1-AS1	0.14295709	0.15097615	0.16210058	0.13296787	0.14612168	196.8	0.14702468	0.0348
SDK1	0.14784375	0.13624759	0.15730138	0.14830042	0.13826218	197.0	0.14559107	0.035
AC113414.1	0.13608676	0.14216426	0.1617589	0.13566849	0.15608461	197.2	0.1463526	0.0352
SGCD	0.14343004	0.16778716	0.1569404	0.13221581	0.13950452	199.8	0.1479756	0.0354
PRDM16	0.1499293	0.15051375	0.1563445	0.1334075	0.14056623	200.6	0.14615226	0.0356
NFKBIA	0.13886426	0.12907411	0.15916009	0.1461923	0.15389493	200.8	0.14543715	0.0359
TMSB4X	0.16458686	0.120351486	0.15826823	0.13130967	0.17412582	200.8	0.14972842	0.0359
LINC01428	0.11938631	0.16896895	0.17311111	0.13421595	0.15519714	201.2	0.1501759	0.0362
LINC02055	0.12449369	0.15410703	0.1731678	0.12729111	0.16570096	202.0	0.14895211	0.0364
EEF1A1	0.17560951	0.14724171	0.13177837	0.1350443	0.14592963	202.6	0.1471207	0.0366
MT1E	0.15243724	0.13590364	0.12878796	0.14801228	0.15797324	203.2	0.14462286	0.0368
MT-ND4L	0.15686163	0.120088086	0.13515079	0.15680605	0.16394483	203.6	0.14657028	0.037
BX322234.1	0.1659748	0.112127155	0.14208107	0.14842305	0.18128578	204.4	0.14997837	0.0372
SASH1	0.13660577	0.12706603	0.16372652	0.13927189	0.15946275	204.8	0.14522658	0.0374
ADGRF5	0.139692	0.14183095	0.14784254	0.13792466	0.15414669	205.8	0.14428736	0.0376
MT-ND6	0.15018213	0.12478248	0.135085	0.14807095	0.16353263	206.8	0.14433064	0.0378
ARHGEF3	0.14529969	0.114861846	0.14965719	0.1662145	0.16058117	207.8	0.14732288	0.038
AC013287.1	0.1284353	0.14103507	0.15933633	0.12957768	0.17414927	209.8	0.14650673	0.0382
AL358232.2	0.14252837	0.14327154	0.15037665	0.1399675	0.13999015	210.2	0.14322685	0.0384
MYH9	0.14320722	0.12480633	0.14017804	0.14621481	0.16394198	211.6	0.14366968	0.0386
FOXP2	0.14360607	0.14566915	0.15390742	0.13055682	0.1455579	212.0	0.14385948	0.0388
EGR1	0.15146564	0.15491606	0.14641099	0.12858243	0.14222734	212.2	0.1447205	0.039
NLGN4Y	0.1428227	0.15608682	0.15595846	0.12277149	0.15070994	212.4	0.14566988	0.0392
AC005062.1	0.13974097	0.13603775	0.1407242	0.15266967	0.1423621	213.2	0.14230694	0.0394
MIR646HG	0.13442037	0.14686188	0.1496028	0.14398135	0.13827209	213.6	0.1426277	0.0396
VCAM1	0.123887286	0.15113619	0.14914396	0.13560669	0.15905048	215.0	0.14376491	0.0398
MEG8	0.1425222	0.1188225	0.13582177	0.16195221	0.16627572	215.4	0.14507888	0.04
LRP1B	0.14490834	0.119261935	0.14633773	0.14509018	0.16196148	215.6	0.14351194	0.0403
PPP1R16B	0.14297688	0.14401042	0.14054176	0.14571309	0.13798219	215.6	0.14224488	0.0403
CASC9	0.13434944	0.15351152	0.14640209	0.12651472	0.16157	215.8	0.14446956	0.0406
FHOD3	0.15297739	0.14825417	0.15810026	0.12855889	0.13447952	216.4	0.14447404	0.0408
PDE3A	0.14522843	0.12203047	0.13764355	0.15601422	0.15364964	217.4	0.14291325	0.041
EPHA6	0.1383598	0.13549624	0.15426359	0.12898785	0.15776922	219.4	0.14297533	0.0412
NRCAM	0.14483945	0.15925157	0.14067997	0.12739998	0.14428298	219.8	0.14329079	0.0414
STOX2	0.1247603	0.14004081	0.14956322	0.1317922	0.17475201	220.0	0.1441817	0.0416
SOX4	0.14492759	0.12675664	0.14303727	0.13163228	0.16664363	220.6	0.14259948	0.0418
LINC02384	0.14420055	0.1384313	0.14036793	0.13773386	0.14359552	222.6	0.14086583	0.042
LINC01515	0.1284147	0.148065	0.15313023	0.13317558	0.146088	224.0	0.1417747	0.0422
CMYA5	0.15269233	0.15063673	0.16359393	0.117051445	0.13897716	224.4	0.14459032	0.0424
SERPINE1	0.14338624	0.16159502	0.14826848	0.12873724	0.1336949	227.0	0.14313638	0.0426
HSPA1B	0.13131054	0.12432787	0.13640098	0.16037935	0.1496333	229.6	0.14041041	0.0428
NR4A1	0.14436403	0.1336219	0.14502116	0.14171235	0.1338643	231.4	0.13971674	0.043
RPS27	0.16986962	0.11700231	0.13330369	0.14171472	0.1478392	231.8	0.14194591	0.0432
TRPM3	0.15622404	0.11601337	0.15278704	0.14013875	0.13973802	233.6	0.14098024	0.0434
CCND3	0.16527292	0.14129528	0.13066062	0.13455003	0.1341326	233.8	0.1411823	0.0436
TPRG1	0.122888766	0.12595779	0.14309208	0.15383923	0.15210675	235.0	0.13957693	0.0438
DLEU1	0.1661694	0.14572392	0.13535944	0.120200634	0.14151686	236.8	0.14179406	0.044
PTMA	0.14602907	0.11134438	0.13749476	0.14687	0.16266358	237.0	0.14088036	0.0442
CASZ1	0.1516076	0.13249551	0.14641324	0.13210727	0.13602865	237.2	0.13973045	0.0444
MT1H	0.14804757	0.13480563	0.14546174	0.13567449	0.13247949	237.4	0.13929377	0.0446
TENM2	0.1336003	0.14034013	0.13990042	0.13405648	0.14472409	237.6	0.13852428	0.0448
STON2	0.1310379	0.15165628	0.15628543	0.121541396	0.14317802	238.4	0.1407398	0.045
AC021504.1	0.12201274	0.14875482	0.16123371	0.12961684	0.1406355	239.0	0.14045073	0.0453
TTLL7	0.13515827	0.14138404	0.13259971	0.13132815	0.1518495	239.0	0.13846394	0.0453
TOX	0.14593104	0.12675472	0.1385577	0.14277221	0.13660344	239.2	0.13812383	0.0456
SNTG2	0.1356651	0.14103071	0.1419694	0.12979415	0.14120705	243.6	0.13793328	0.0458
RPS26	0.14032507	0.1280803	0.12170892	0.15653811	0.14359798	243.8	0.13805008	0.046
LINC01266	0.12733582	0.12432982	0.13106604	0.1525089	0.15566197	244.0	0.13818052	0.0462
WFDC2	0.119952574	0.13447928	0.13887085	0.1435114	0.1512581	244.4	0.13761444	0.0465
HS6ST2	0.14386225	0.11779163	0.14665785	0.13814004	0.14483169	244.4	0.1382567	0.0465
SLC16A9	0.14028019	0.12649415	0.14348178	0.14480482	0.13328683	245.0	0.13766956	0.0468
EGOT	0.14615475	0.13824669	0.12912945	0.13662602	0.13559301	245.6	0.13714997	0.047
CECR2	0.15703878	0.1517163	0.15184596	0.11653269	0.13059513	245.8	0.14154579	0.0472
ATF3	0.12897879	0.15907866	0.16122264	0.13344866	0.12148186	246.0	0.14084211	0.0475
AKR1C2	0.13577583	0.12973514	0.13393414	0.14012274	0.1432056	246.0	0.13655469	0.0475
GLIS3	0.1370281	0.1312248	0.13457257	0.12932296	0.15851222	246.2	0.13813213	0.0478
AL078590.2	0.12865657	0.11121311	0.13825737	0.16302258	0.16158716	247.4	0.14054736	0.048
FRAS1	0.1485401	0.12861346	0.13965479	0.14078742	0.12978156	247.6	0.13747546	0.0482
BMP2K	0.13797331	0.14156057	0.13479693	0.14180411	0.12998343	248.2	0.13722366	0.0484
DNAJC15	0.14119673	0.12331905	0.12955374	0.14594257	0.14227633	250.6	0.1364577	0.0486
LINC01572	0.119696245	0.1366165	0.14095765	0.13854775	0.14487855	252.8	0.13613933	0.0488
ST6GAL1	0.14431176	0.11669648	0.1424009	0.14777434	0.1334896	254.2	0.13693461	0.049
TTTY10	0.12847556	0.13751863	0.12876654	0.13912724	0.14207706	256.0	0.13519302	0.0492
ARHGAP40	0.15754135	0.122289896	0.12841971	0.1364971	0.13820623	256.2	0.13659085	0.0494
RHBG	0.12446639	0.12555152	0.13704045	0.14578356	0.14258535	257.8	0.13508545	0.0496
SGO1-AS1	0.14815299	0.14519745	0.12876788	0.12568985	0.13467886	258.8	0.13649741	0.0498
CYSLTR2	0.12372363	0.13541806	0.12987742	0.1360871	0.14803326	261.6	0.1346279	0.05
SLC34A1	0.12840034	0.12539846	0.13627769	0.14113413	0.13908896	262.8	0.1340599	0.0503
MSH4	0.13062733	0.11121349	0.14037326	0.14348377	0.15479787	262.8	0.13609913	0.0503
SUSD6	0.11314336	0.13472667	0.13864934	0.13640432	0.1561243	263.0	0.1358096	0.0506
AC110760.1	0.15274549	0.11649648	0.12281649	0.14805953	0.13743676	264.2	0.13551095	0.0508
SLC35F1	0.14004447	0.11303231	0.13260673	0.14000437	0.15003793	265.0	0.13514517	0.051
XPNPEP2	0.123464964	0.11530773	0.13202876	0.14750569	0.15796949	268.2	0.13525532	0.0512
ANK2	0.15011095	0.117272764	0.12802145	0.15651995	0.12865244	268.8	0.1361155	0.0514
FSIP2-AS1	0.13306399	0.11767344	0.120394915	0.16210763	0.14313725	270.8	0.13527544	0.0516
GPAT3	0.13554302	0.14458327	0.14349478	0.12532178	0.12718585	271.2	0.13522573	0.0518
SLC13A3	0.14828295	0.10652102	0.13125432	0.14908086	0.14489757	272.6	0.13600734	0.052
CRISPLD1	0.14608614	0.11311429	0.11890255	0.14016627	0.15751041	272.8	0.13515593	0.0522
BAIAP2L1	0.13294336	0.11090825	0.1315792	0.146779	0.1483887	273.2	0.1341197	0.0524
AC023421.2	0.13629463	0.1220625	0.116802916	0.13962689	0.15568629	273.6	0.13409464	0.0527
SNTG1	0.13455555	0.12829806	0.12155238	0.1377137	0.14117098	273.6	0.13265814	0.0527
IGFBP5	0.11656588	0.13621497	0.13335344	0.14078474	0.1368294	275.0	0.13274968	0.053
RASSF4	0.122066185	0.10796798	0.15268633	0.14291617	0.15529288	275.4	0.13618591	0.0532
MT-ATP8	0.101569936	0.1443404	0.1524649	0.13389118	0.1474568	278.0	0.13594463	0.0534
FOS	0.12326214	0.13876376	0.15205455	0.12874997	0.12670444	279.6	0.13390698	0.0536
LRRC4C	0.13812807	0.11862131	0.1284032	0.13466021	0.1402469	282.6	0.13201194	0.0538
AC011751.1	0.1507252	0.12741187	0.12486176	0.13082682	0.12912577	283.0	0.1325903	0.054
SPRY4-AS1	0.13167891	0.13900219	0.12663803	0.1277417	0.13377705	284.4	0.13176756	0.0542
RIMBP2	0.12869816	0.12228586	0.14146227	0.12562278	0.13992356	286.6	0.13159852	0.0545
AC006206.2	0.12362569	0.1287106	0.13444304	0.12944534	0.13928854	286.6	0.13110265	0.0545
BCL3	0.1284934	0.12062493	0.12167699	0.14260973	0.13831797	290.4	0.1303446	0.0548
MAF	0.11630534	0.15153375	0.13503669	0.13827147	0.12167664	290.8	0.13256477	0.055
PLXNA2	0.14597833	0.1094799	0.122708976	0.14202249	0.13850237	292.2	0.13173841	0.0552
GLS	0.13581958	0.10813926	0.1395772	0.13393642	0.14378929	293.6	0.13225235	0.0554
LINC01435	0.12871197	0.14862838	0.14475511	0.111494094	0.13271739	295.6	0.1332614	0.0556
JUN	0.12935281	0.10890954	0.1350571	0.13489008	0.148684	295.8	0.1313787	0.0558
DLGAP1	0.13005471	0.16566981	0.13069141	0.12670518	0.11670106	296.4	0.13396443	0.056
LINC02211	0.1376506	0.123942465	0.121362165	0.13753253	0.13027339	296.6	0.13015223	0.0562
MALT1	0.12252507	0.12903662	0.13094737	0.1365003	0.12997091	297.8	0.12979606	0.0564
AC091151.5	0.12822749	0.11816935	0.13117522	0.13540488	0.13438362	299.4	0.1294721	0.0566
CCND2	0.1509647	0.15267502	0.14010921	0.10265335	0.13322254	300.0	0.13592497	0.0569
ZSWIM5	0.12213888	0.15115666	0.1594953	0.10569974	0.13741906	300.0	0.13518193	0.0569
PDZRN3	0.14288957	0.1355083	0.14121585	0.11786969	0.1206653	301.0	0.13162974	0.0572
NKAIN4	0.121676065	0.10763626	0.13620953	0.14066806	0.1480964	302.2	0.13085726	0.0574
CFAP70	0.12652475	0.14636895	0.13500452	0.120243415	0.124904625	302.6	0.13060924	0.0576
C3	0.1213377	0.14054808	0.122886024	0.13649905	0.12460887	305.0	0.12917595	0.0578
AC006305.1	0.13585812	0.10866046	0.12708277	0.13867006	0.13878469	305.4	0.12981123	0.058
NEBL	0.13781972	0.1329761	0.13226451	0.12736213	0.11831775	307.6	0.12974803	0.0582
SLC47A1	0.13199672	0.120907456	0.117117904	0.13318503	0.13878755	309.4	0.12839893	0.0584
MAP3K13	0.12506855	0.1251058	0.14507203	0.12228229	0.12769756	310.2	0.12904525	0.0586
CASR	0.12269792	0.12017971	0.13182737	0.1303565	0.13325222	314.6	0.12766275	0.0588
MT-ND2	0.11488276	0.13303782	0.13632672	0.12058148	0.13746089	316.0	0.12845793	0.059
KCNT2	0.10736412	0.11619283	0.12486916	0.14483276	0.14723961	317.2	0.1280997	0.0592
AC005208.1	0.13393405	0.13137338	0.1238988	0.12203043	0.1260996	319.0	0.12746724	0.0594
LIN7A	0.1189441	0.12160071	0.15037216	0.109301575	0.15267181	320.4	0.13057807	0.0596
RALYL	0.14346497	0.13156612	0.11766412	0.12327069	0.12498715	320.8	0.1281906	0.0598
NFE2L2	0.11514829	0.13075617	0.11513259	0.13876206	0.13704851	321.4	0.12736952	0.06
SORCS1	0.13800462	0.13564467	0.12134295	0.12462029	0.11988749	321.6	0.1279	0.0603
ELOVL7	0.11891975	0.124462426	0.123408854	0.1296775	0.13609059	321.6	0.12651183	0.0603
AP005230.1	0.12791187	0.13315107	0.11327655	0.12838092	0.13418062	323.4	0.12738019	0.0606
LINC02220	0.12413071	0.11131026	0.12460702	0.13126114	0.14135252	326.0	0.12653233	0.0609
PRKCH	0.12982108	0.09720025	0.12978522	0.1466849	0.14874816	326.0	0.13044792	0.0609
RPL13	0.12543121	0.09713128	0.12000724	0.1499612	0.17099954	326.8	0.13270609	0.0612
PRDM5	0.1224746	0.13559406	0.14167333	0.10447588	0.1431623	327.6	0.12947604	0.0614
AR	0.11929094	0.12106271	0.12205271	0.12866056	0.1376814	328.2	0.12574966	0.0616
KCNH7	0.12645781	0.1262325	0.12763429	0.13007987	0.118568905	329.2	0.12579468	0.0618
LINC01090	0.11926512	0.13325937	0.12965667	0.117768615	0.13277596	329.6	0.12654515	0.0621
NR4A2	0.11392806	0.110735305	0.12721838	0.13559547	0.14578176	329.6	0.1266518	0.0621
SLC4A9	0.12988377	0.10636873	0.14453815	0.12468286	0.13644896	329.8	0.1283845	0.0624
SKAP1	0.12103385	0.1190576	0.10995578	0.13326189	0.14944226	333.8	0.12655027	0.0626
TGFA	0.101066686	0.12563345	0.1339773	0.13325477	0.13882536	334.2	0.12655151	0.0628
MYRFL	0.13000967	0.10721708	0.119928084	0.12836914	0.14884466	335.2	0.12687373	0.063
XKR4	0.11622092	0.11313945	0.13225177	0.121808276	0.14809178	337.0	0.12630245	0.0632
PCDH15	0.1496044	0.11389398	0.118367456	0.13051789	0.12088474	339.2	0.12665369	0.0634
SYN2	0.112911545	0.13382562	0.13677268	0.114077255	0.13134442	341.2	0.1257863	0.0636
CAMK4	0.12174909	0.10803487	0.11854411	0.13553351	0.14423943	342.2	0.1256202	0.0638
B4GALT5	0.14360823	0.10714959	0.12467891	0.12494725	0.13118298	343.2	0.12631339	0.064
Z82215.1	0.12575018	0.10141874	0.12632756	0.13309185	0.14574015	343.6	0.12646571	0.0642
TBC1D8B	0.121804655	0.11012897	0.12125999	0.12998042	0.1388348	344.4	0.12440176	0.0644
HOGA1	0.13180724	0.10851765	0.11272397	0.13853906	0.13529761	345.0	0.1253771	0.0646
AC010789.1	0.12788942	0.11671457	0.111291245	0.13519427	0.13122347	347.0	0.12446259	0.0648
AL356010.2	0.12480272	0.10408759	0.13820523	0.12809914	0.13427503	347.6	0.12589394	0.065
RBBP8	0.10852166	0.12009959	0.1244338	0.13197567	0.13252294	350.6	0.12351073	0.0652
PPFIA2	0.107340805	0.131286	0.11759472	0.11860132	0.14819269	351.2	0.12460311	0.0654
LINC02798	0.13741085	0.10574245	0.12786394	0.12803249	0.1269415	353.8	0.12519825	0.0656
LINC01117	0.12412861	0.11752211	0.123573594	0.12165785	0.12539561	357.8	0.12245556	0.0658
PPARD	0.12439471	0.122061014	0.121231124	0.11448449	0.13084723	358.8	0.122603714	0.066
NFAT5	0.13774472	0.11614076	0.11415277	0.1192364	0.13053998	360.8	0.12356293	0.0662
NRXN3	0.11927092	0.10897766	0.12478818	0.12881002	0.13047631	363.2	0.12246462	0.0665
ARHGAP29	0.1109784	0.11629334	0.13678095	0.112137765	0.141977	363.2	0.12363349	0.0665
AFM	0.12861267	0.117513746	0.11716873	0.12216275	0.124907404	363.8	0.122073054	0.0668
LINC02351	0.1112412	0.12146136	0.12132589	0.13899896	0.117598034	364.2	0.12212509	0.067
SLC35F5	0.11055284	0.11356842	0.124032006	0.13501295	0.12693265	366.0	0.12201977	0.0672
AL110292.1	0.13079172	0.13253506	0.11296957	0.12283127	0.1156783	366.4	0.122961186	0.0674
AL451166.1	0.10425612	0.122745454	0.12527697	0.13065171	0.12416125	369.0	0.1214183	0.0676
AF165147.1	0.13851395	0.10627536	0.112962954	0.12999626	0.1301372	370.0	0.12357714	0.0679
FOXO3	0.10917187	0.102542825	0.13319334	0.13434647	0.1384902	370.0	0.12354894	0.0679
AC016576.1	0.13842718	0.11059141	0.12894936	0.11001681	0.12960431	370.4	0.123517826	0.0682
FMN1	0.11211487	0.12140453	0.114496976	0.113195054	0.14917491	374.4	0.12207727	0.0684
PRODH2	0.113525264	0.10416257	0.13153842	0.13356012	0.12860303	377.4	0.12227788	0.0686
SLC44A5	0.10706736	0.1203384	0.11856393	0.12701416	0.13039277	378.0	0.120675325	0.0688
AC008957.1	0.11667529	0.12428071	0.11985737	0.132586	0.111183636	380.2	0.120916605	0.069
FAM110B	0.103388555	0.10976684	0.13093752	0.13098584	0.13020042	383.4	0.12105584	0.0692
VNN1	0.115240514	0.13044587	0.15383515	0.10547626	0.115668744	384.4	0.124133304	0.0694
AC109466.1	0.12583508	0.10521124	0.12715589	0.117793776	0.12910065	384.6	0.121019326	0.0696
SIAH3	0.1182102	0.11301209	0.11897435	0.11807918	0.13170509	385.0	0.119996175	0.0699
B3GALT5	0.12146411	0.108821705	0.13111138	0.11232896	0.13190736	385.0	0.1211267	0.0699
MAP3K5	0.13204445	0.1147026	0.11104806	0.12127258	0.122961	386.0	0.12040573	0.0702
LINC01788	0.13282399	0.11570927	0.11782581	0.13336006	0.1068175	386.6	0.12130733	0.0704
KNG1	0.11170178	0.114065304	0.12309657	0.12649775	0.1218886	387.4	0.119449995	0.0706
LINC02284	0.1093421	0.11060806	0.114887856	0.121164255	0.1466675	389.8	0.12053396	0.0708
ARHGEF38	0.13046676	0.1008746	0.11655748	0.122101806	0.13640419	391.2	0.12128097	0.071
IPCEF1	0.13452017	0.10127226	0.11382447	0.1275073	0.1283604	396.4	0.121096924	0.0712
TMEM178B	0.09836788	0.115634754	0.12101389	0.12822944	0.13433072	398.4	0.11951534	0.0714
RBM20	0.11769088	0.11226977	0.11952894	0.12342711	0.118420355	400.0	0.11826742	0.0716
AC138305.1	0.11453958	0.12245475	0.12643978	0.11829067	0.111702226	400.4	0.1186854	0.0718
GALNT14	0.12094615	0.11168233	0.11698463	0.124993876	0.1178254	401.6	0.11848648	0.072
PELI2	0.1446813	0.1261849	0.105989285	0.11189253	0.115328394	401.8	0.12081528	0.0722
CLIC5	0.106796324	0.12110965	0.12196463	0.11114223	0.13074702	402.4	0.11835197	0.0724
LRRK2	0.101970136	0.11337249	0.13305442	0.12635337	0.1184873	405.0	0.11864754	0.0726
NTN4	0.11064916	0.12359987	0.14123294	0.11001674	0.11400752	405.8	0.11990124	0.0728
GATA3	0.106675334	0.10413175	0.10786207	0.13637255	0.14559747	406.0	0.120127834	0.073
LINC02649	0.11299411	0.10730153	0.119082205	0.11773923	0.13388078	406.4	0.11819957	0.0732
PRICKLE1	0.11950888	0.11622648	0.113904804	0.12550557	0.11493076	407.6	0.118015304	0.0734
CSGALNACT1	0.11823294	0.11035534	0.12134724	0.1092751	0.13254064	407.8	0.11835025	0.0736
ALPK3	0.111499764	0.10042955	0.118740395	0.14344859	0.12216583	408.6	0.11925683	0.0738
LMCD1	0.12214	0.107571855	0.11995672	0.12489948	0.11590942	408.8	0.118095495	0.074
AC097515.1	0.14089216	0.12330434	0.11160141	0.11838655	0.10552535	409.4	0.11994197	0.0742
AC019117.1	0.11275173	0.11979626	0.10815156	0.11898908	0.12925954	409.8	0.11778964	0.0744
HPSE2	0.09413126	0.1312502	0.12462055	0.11168863	0.13732256	410.4	0.11980264	0.0746
ASTN2	0.111430086	0.11482622	0.116788216	0.1306289	0.11458523	411.8	0.11765172	0.0748
PAX8-AS1	0.0946051	0.12855476	0.13637584	0.10238556	0.14860648	412.0	0.122105554	0.075
BCAM	0.124674514	0.1327554	0.10856692	0.11427223	0.11163444	412.6	0.1183807	0.0752
ABCC3	0.1257158	0.11571706	0.120709464	0.12132789	0.10645239	413.0	0.11798452	0.0754
ADAMTS9	0.11974944	0.115885735	0.11100597	0.115199916	0.12315284	414.0	0.11699878	0.0756
TNFAIP2	0.11460473	0.12101992	0.12138291	0.114154056	0.11407648	414.2	0.11704762	0.0758
AC106791.1	0.10003336	0.103893995	0.12876295	0.12547833	0.13649298	416.6	0.11893232	0.076
RBMS3	0.11890914	0.13097525	0.12424845	0.09896871	0.12576695	416.8	0.1197737	0.0762
LINC01239	0.102015786	0.11017937	0.12474649	0.12154474	0.124885015	418.4	0.11667428	0.0764
B2M	0.12051098	0.112612545	0.10516484	0.12930396	0.11790013	419.2	0.117098495	0.0766
LINC02615	0.11453457	0.09414484	0.116452985	0.14325856	0.13175844	421.0	0.12002988	0.0768
LINC02006	0.10756818	0.09934293	0.11358362	0.12911591	0.14392735	421.6	0.1187076	0.077
RTN4	0.123365395	0.11002605	0.11483164	0.12127263	0.114661306	421.8	0.1168314	0.0773
LRMDA	0.12319049	0.10614943	0.11218654	0.13131326	0.115052395	421.8	0.117578425	0.0773
SERPINA1	0.13099411	0.0983602	0.10308737	0.13489929	0.12941733	423.0	0.11935166	0.0777
SAMD4A	0.12233334	0.11875535	0.12628743	0.09930004	0.12630522	423.0	0.11859628	0.0777
KCNIP1	0.10478881	0.12903857	0.1245303	0.100171104	0.13580348	423.2	0.11886644	0.078
EIF1	0.106339805	0.12658241	0.10813094	0.11856088	0.12183431	423.8	0.11628966	0.0782
BNC2	0.12487905	0.12395194	0.10870838	0.11656012	0.10965197	424.2	0.116750285	0.0784
SLC2A3	0.12421805	0.108335406	0.118591316	0.116025455	0.115254514	425.6	0.11648494	0.0786
CYP3A5	0.116408095	0.12044166	0.1152659	0.12214467	0.10792942	426.0	0.11643795	0.0788
SLC8A1-AS1	0.12945949	0.107358	0.11545171	0.12923555	0.106360175	426.6	0.117572986	0.0791
FRMD4A	0.11858533	0.1313478	0.1126319	0.116903216	0.10681551	426.6	0.117256746	0.0791
MIRLET7BHG	0.09632431	0.10946758	0.1080248	0.13981424	0.13460791	427.4	0.11764777	0.0794
NRSN1	0.1171006	0.097910866	0.13947952	0.105629325	0.1391028	429.2	0.11984463	0.0798
OPHN1	0.103006184	0.1259033	0.12896755	0.11078954	0.115007244	429.2	0.11673476	0.0798
CPEB2	0.101621225	0.10752628	0.11139046	0.13603044	0.12591322	429.2	0.116496325	0.0798
AC093151.8	0.089052826	0.12716338	0.11663236	0.12911876	0.13234654	430.0	0.11886277	0.0802
BTBD11	0.11114751	0.11459033	0.115259156	0.10897945	0.13082929	430.8	0.116161145	0.0804
COBLL1	0.12532127	0.10739131	0.109762564	0.12091553	0.11684925	431.6	0.11604799	0.0806
ANXA3	0.128675	0.10740857	0.10454389	0.121631294	0.119132936	433.2	0.116278335	0.0808
MB21D2	0.10018961	0.13845281	0.11960764	0.107149675	0.120460756	434.0	0.1171721	0.081
AC012459.1	0.12334817	0.10258753	0.12538742	0.10639864	0.12718645	434.4	0.11698165	0.0812
CD44	0.121165924	0.1347212	0.11702938	0.097622655	0.121910535	435.4	0.118489936	0.0814
LEPR	0.1241072	0.09704037	0.12209145	0.1166251	0.12231224	436.4	0.11643527	0.0816
KRT17	0.11014162	0.09861562	0.11422995	0.12830132	0.1331695	438.0	0.1168916	0.0818
AL117381.1	0.113397434	0.10095988	0.13146771	0.10143348	0.14836466	438.2	0.11912463	0.0821
CITED2	0.107856475	0.12234159	0.119971156	0.103342175	0.12462644	438.2	0.115627564	0.0821
SEMA5A	0.11760004	0.122196145	0.1125119	0.11171912	0.1130637	438.6	0.11541818	0.0824
CNTNAP2	0.121760294	0.108371206	0.10586475	0.113326274	0.12707593	439.2	0.1152797	0.0826
ARID4A	0.13431461	0.10889536	0.10148091	0.11469573	0.1209002	440.4	0.11605736	0.0828
RFFL	0.10089546	0.116079025	0.1334235	0.10843016	0.118893564	443.2	0.11554434	0.083
SUFU	0.12157565	0.10282158	0.11335478	0.11910313	0.11940288	443.8	0.1152516	0.0832
FAM135B	0.0985752	0.10973144	0.123453	0.11888861	0.121862255	444.8	0.114502095	0.0834
PDE1A	0.111632474	0.13490586	0.12027574	0.09594583	0.12409675	448.0	0.117371336	0.0837
PTPRD	0.12301817	0.11247806	0.111888334	0.1046434	0.12213741	448.0	0.11483308	0.0837
TPT1	0.13038617	0.12317921	0.105524935	0.104992956	0.114384525	448.6	0.115693554	0.084
TCF4	0.09780256	0.12524828	0.14311765	0.09794022	0.13025066	449.0	0.11887188	0.0842
FLT3	0.10586692	0.1110344	0.10373701	0.1272998	0.12173351	450.6	0.11393432	0.0844
AC012613.1	0.124362305	0.09285798	0.12787426	0.10973465	0.13387576	451.2	0.11774099	0.0846
TRABD2B	0.09576763	0.10915967	0.11017532	0.124011405	0.13576801	451.6	0.114976406	0.0848
TMEM52B	0.113416255	0.11797048	0.10292324	0.11398454	0.11929754	452.4	0.11351842	0.085
TMEM51	0.10246353	0.108327314	0.102034554	0.1247565	0.13578095	452.8	0.114672564	0.0854
UBTD1	0.10577888	0.10190884	0.11693032	0.11434895	0.13329019	452.8	0.11445143	0.0854
GPR132	0.09716181	0.11227912	0.122729935	0.13241406	0.10882856	452.8	0.11468269	0.0854
EPB41L4B	0.11272859	0.121627346	0.11195653	0.12294153	0.102558814	455.6	0.11436256	0.0858
PDGFC	0.11535129	0.10212479	0.11815771	0.12323396	0.1126284	455.8	0.11429922	0.086
BBOX1	0.10569062	0.1324039	0.117220275	0.108373545	0.108625576	458.6	0.11446278	0.0862
AKR1C1	0.13000235	0.106896445	0.11009945	0.11957291	0.10625926	459.0	0.11456609	0.0864
SLC22A5	0.09871934	0.12601794	0.119203776	0.11295677	0.11093892	459.6	0.11356735	0.0866
PGGHG	0.10867533	0.11225016	0.11511029	0.11952765	0.109578475	460.0	0.113028385	0.0868
FYN	0.10194935	0.106801815	0.11866258	0.11020857	0.13060789	461.0	0.113646045	0.087
AC116049.2	0.09840277	0.09913433	0.124514155	0.109379865	0.15048066	463.0	0.11638236	0.0872
AC004870.3	0.105245285	0.09791265	0.117332086	0.12580624	0.122198515	463.6	0.113698944	0.0874
LINC01695	0.100328304	0.1252641	0.12167971	0.104039036	0.11653023	464.4	0.11356827	0.0877
SMAD3	0.12450005	0.09129419	0.12270329	0.11967675	0.1216146	464.4	0.115957774	0.0877
IRX5	0.13977131	0.10512389	0.10325636	0.11157088	0.1156048	465.0	0.115065455	0.088
RIMS2	0.111720756	0.12782459	0.11267956	0.10427135	0.11179611	465.8	0.11365847	0.0882
SLC9A9	0.11240745	0.10702151	0.11394894	0.12162366	0.10964001	467.0	0.112928316	0.0884
KLF10	0.091734424	0.13332078	0.11680154	0.10814855	0.12429867	468.0	0.114860795	0.0886
AC124861.1	0.12152049	0.11953502	0.097705916	0.11643513	0.11226115	468.6	0.11349155	0.0888
NRG3	0.10381474	0.101685956	0.116062686	0.11627969	0.12553385	471.6	0.11267538	0.089
TIGAR	0.108662285	0.11917047	0.10407242	0.112429835	0.11552715	472.0	0.11197243	0.0892
LINC02336	0.11118413	0.11139097	0.11504368	0.10367753	0.12117164	472.2	0.11249359	0.0894
ATP1B3	0.10731247	0.09494113	0.11506659	0.12214515	0.12851521	474.8	0.113596104	0.0896
SLC22A8	0.11788565	0.09922814	0.10571224	0.13929927	0.10711713	477.2	0.113848485	0.0898
ITGB3	0.10398207	0.11795098	0.11478842	0.1125528	0.10801569	479.6	0.11145799	0.09
LRMP	0.09178307	0.10921537	0.11932066	0.11708694	0.12399259	480.2	0.11227973	0.0902
ZEB2	0.092066266	0.10642979	0.12571865	0.11410165	0.12592031	480.8	0.11284733	0.0904
NPSR1-AS1	0.119668916	0.10556242	0.10956646	0.11273755	0.111937165	481.0	0.1118945	0.0906
LINC01606	0.1194621	0.09635188	0.11180005	0.11977508	0.11619752	481.2	0.11271733	0.0908
ZNF331	0.10955293	0.093363784	0.11841025	0.1268617	0.117962606	483.4	0.11323025	0.091
AC079779.2	0.10710044	0.11837814	0.10900158	0.11005664	0.110489324	484.0	0.111005224	0.0912
HLA-A	0.10379166	0.099354215	0.112586424	0.11220716	0.13388626	484.4	0.11236515	0.0914
LATS2	0.11002456	0.10125724	0.100104764	0.12383854	0.12529409	485.0	0.11210384	0.0916
SYT14	0.10573746	0.10929439	0.10851634	0.12441736	0.10771712	485.6	0.11113653	0.0918
MAP2K6	0.113208614	0.103471965	0.10404362	0.11373376	0.12083571	489.4	0.111058734	0.092
LINC01320	0.11657266	0.08945246	0.12681824	0.11541121	0.122005105	489.8	0.11405194	0.0922
AC098588.3	0.10719331	0.10083749	0.11449467	0.11243061	0.11802421	493.6	0.11059606	0.0924
ATF7IP2	0.10527667	0.10954838	0.119053155	0.11126218	0.106668845	494.0	0.11036185	0.0926
PLPP3	0.09778067	0.122361265	0.121655375	0.097809404	0.121964246	494.6	0.11231419	0.0928
GALNT13	0.09299326	0.108946346	0.116225556	0.108183414	0.13041554	498.6	0.11135282	0.093
LINC01446	0.11818657	0.14483994	0.11623615	0.08971035	0.11370709	499.8	0.11653602	0.0932
PLG	0.10474893	0.10097872	0.113569364	0.10632054	0.12921563	500.2	0.11096664	0.0934
VSTM4	0.10152982	0.11340582	0.10133236	0.116634004	0.11537703	500.4	0.10965581	0.0936
IL12RB2	0.088607505	0.10273434	0.11760193	0.12203028	0.13313673	501.8	0.11282216	0.0938
CA12	0.10167691	0.12569946	0.111608535	0.10579972	0.10639964	504.4	0.11023686	0.094
RPL41	0.1426565	0.096166916	0.10575145	0.11454483	0.10553074	505.2	0.11293008	0.0943
SLC13A1	0.10835795	0.096070945	0.107449576	0.12196589	0.11809659	505.2	0.11038818	0.0943
AL512603.2	0.10142091	0.10999118	0.109133154	0.1090321	0.116038695	505.4	0.10912321	0.0946
ARG2	0.120332524	0.10679873	0.093025126	0.114082344	0.12133903	506.8	0.11111555	0.0948
DSE	0.11778523	0.101865545	0.10361784	0.12653159	0.10386003	508.2	0.11073204	0.095
LINC01781	0.10592042	0.12912802	0.102680296	0.09959401	0.11656633	508.6	0.11077781	0.0952
LINC02698	0.11133936	0.1055341	0.10284752	0.10773364	0.11799946	513.2	0.10909082	0.0954
FAT4	0.11226259	0.1267554	0.10866876	0.10705704	0.09730142	513.6	0.110409044	0.0956
FREM2	0.10050237	0.12437689	0.1188871	0.10304106	0.10359593	515.0	0.110080674	0.0958
PPARG	0.09617331	0.09855783	0.123567395	0.10256767	0.13609384	516.6	0.11139201	0.096
AC019117.2	0.09377199	0.09667492	0.11155701	0.114149086	0.13770807	517.4	0.110772215	0.0962
GPR176	0.10522465	0.10444728	0.10494099	0.107575424	0.12108762	519.4	0.10865519	0.0964
FMN2	0.10114842	0.10233387	0.114568464	0.11009244	0.115413845	519.8	0.10871141	0.0966
RPL26	0.13003471	0.10194396	0.12167953	0.09026596	0.12322767	520.0	0.113430366	0.0968
RUNDC3B	0.13677058	0.09327875	0.10471944	0.10730535	0.117053665	520.8	0.11182556	0.097
PHACTR1	0.1132201	0.09094786	0.11720795	0.11403654	0.117136925	521.6	0.11050987	0.0972
VGLL3	0.10191126	0.092906944	0.116538964	0.11184925	0.1284436	522.4	0.11033001	0.0974
KCTD8	0.11748183	0.109507285	0.107689716	0.10485873	0.10498656	522.6	0.10890482	0.0976
ESRP1	0.111328214	0.09789584	0.11343047	0.11194109	0.11029278	523.0	0.108977675	0.0978
MYO1B	0.09657355	0.117691964	0.12091476	0.097764246	0.11648159	523.2	0.10988523	0.098
AC007099.1	0.101292215	0.10369993	0.10022462	0.113163054	0.12311215	523.8	0.1082984	0.0982
AGBL4	0.118149586	0.09402375	0.113253206	0.11282165	0.11032201	524.0	0.109714046	0.0984
NTRK3	0.106107816	0.09790384	0.10494663	0.11943975	0.11467946	524.6	0.1086155	0.0986
MARCH1	0.11853676	0.1041914	0.09119309	0.11278677	0.12594981	526.0	0.11053157	0.0988
SPTBN1	0.10110076	0.109122604	0.12126514	0.10216927	0.10953606	526.6	0.10863876	0.099
SEPTIN6	0.1011299	0.1160838	0.107903495	0.111900166	0.10316718	527.0	0.1080369	0.0993
KRT7	0.111063845	0.09843132	0.099710435	0.11230352	0.121984184	527.0	0.10869865	0.0993
HMGCS2	0.11550645	0.09946437	0.09469789	0.12126771	0.116159335	530.0	0.10941915	0.0997
PANTR1	0.10518154	0.10018256	0.114898734	0.11113473	0.109432876	530.0	0.1081661	0.0997
AL008633.1	0.09814399	0.10305139	0.10686413	0.10570375	0.12830403	531.8	0.10841346	0.1
GCNT2	0.108686626	0.09370516	0.116252854	0.10868505	0.11670588	533.4	0.10880711	0.1002
FMO4	0.095235616	0.10614679	0.112712465	0.11035355	0.114712946	533.8	0.107832275	0.1004
ZFP36L1	0.10800554	0.09459496	0.10823793	0.11689156	0.113383226	535.4	0.10822264	0.1007
TEX14	0.11091397	0.10049214	0.103736274	0.104232036	0.12050513	535.4	0.107975915	0.1007
RP1	0.09928191	0.12329357	0.102604754	0.109069884	0.10431802	538.2	0.107713625	0.101
IGSF11	0.097975254	0.114367485	0.1182715	0.09580118	0.11748152	539.8	0.108779386	0.1012
ST6GALNAC3	0.10382069	0.096609145	0.0963531	0.124161445	0.12016673	540.6	0.108222224	0.1014
UNC13C	0.12908506	0.109991856	0.09773363	0.12358159	0.091755174	540.8	0.11042945	0.1016
AL357507.1	0.101371944	0.114736415	0.121659696	0.10648251	0.096213154	541.4	0.10809274	0.1018
TBL1Y	0.09314752	0.12272091	0.112959705	0.09881321	0.11510164	544.6	0.108548604	0.102
C1QL3	0.089121036	0.10088885	0.10673015	0.11758172	0.12759975	546.4	0.1083843	0.1022
SNX10	0.0998945	0.10419601	0.11878316	0.11541434	0.098457806	546.8	0.10734916	0.1024
SLC15A1	0.11893855	0.085219845	0.11614344	0.12583835	0.11095379	547.4	0.1114188	0.1026
GAB2	0.0965086	0.09136603	0.1178949	0.11619256	0.120936014	547.8	0.10857962	0.1028
ADGRG1	0.08943126	0.10336595	0.11383657	0.11340733	0.11805043	549.4	0.10761831	0.103
SDC2	0.11217735	0.09880367	0.095582746	0.11031449	0.12023711	550.8	0.10742307	0.1032
ATG10	0.12490315	0.102521695	0.101950556	0.12217692	0.09283807	551.6	0.108878076	0.1035
GALNT17	0.099487	0.10277161	0.1016895	0.10828898	0.119455785	551.6	0.106338575	0.1035
EFNA5	0.114738815	0.10132221	0.11113079	0.10312732	0.10514447	552.0	0.10709272	0.1038
NTNG1	0.10031254	0.10581648	0.12944706	0.09065349	0.1255061	553.4	0.11034713	0.104
HS6ST3	0.097007625	0.10387109	0.09945115	0.11008503	0.12124871	554.4	0.10633272	0.1042
ERBB4	0.14492056	0.12145198	0.0937958	0.10081806	0.09650323	556.8	0.111497924	0.1044
ELF3	0.11081027	0.096571274	0.09530872	0.11342061	0.11836481	557.0	0.106895134	0.1046
SULF1	0.09797623	0.094791226	0.09741834	0.12237126	0.123814605	558.4	0.10727433	0.1048
AF233439.1	0.12078075	0.095859796	0.117054164	0.10493437	0.10068761	558.8	0.10786333	0.105
AGBL1	0.07960331	0.11998517	0.1354376	0.10624968	0.12173813	559.4	0.112602785	0.1052
IGF2BP3	0.11423877	0.09552169	0.105234414	0.102556884	0.11618765	562.2	0.10674788	0.1054
RBFOX1	0.0955837	0.091643214	0.11692027	0.11264216	0.11914029	564.4	0.10718592	0.1056
FOLH1	0.084683865	0.113337874	0.1332305	0.101956174	0.1157888	565.8	0.109799445	0.1058
GLYAT	0.104225144	0.119835325	0.09155043	0.11390653	0.104167946	566.4	0.10673708	0.106
AC004540.1	0.095797084	0.11571863	0.110167615	0.10264604	0.10424011	567.0	0.105713904	0.1062
ID2	0.09243541	0.09700979	0.09823707	0.117196016	0.12908354	569.4	0.10679237	0.1065
LGMN	0.09380436	0.09868448	0.11524233	0.11420579	0.10636141	569.4	0.10565968	0.1065
TOX3	0.11431498	0.109665826	0.093664646	0.102685556	0.10909686	573.2	0.10588558	0.1068
AC016074.2	0.09892574	0.10808624	0.120191865	0.09927204	0.102559954	575.2	0.10580716	0.107
NCEH1	0.10318155	0.09474664	0.098752566	0.11661338	0.11246416	577.8	0.10515165	0.1072
AC011246.1	0.10389006	0.11603197	0.10009353	0.09568497	0.11281626	578.0	0.105703354	0.1074
PCAT1	0.100980245	0.09682728	0.105072066	0.11601979	0.10470155	578.2	0.10472019	0.1076
AC008056.1	0.09378739	0.08969151	0.110352665	0.11119469	0.1311486	579.0	0.10723498	0.1078
CEP70	0.106291056	0.107447855	0.09789205	0.106218144	0.10393474	580.2	0.10435678	0.108
KLRD1	0.11080986	0.087415464	0.10724236	0.120769314	0.1098081	580.6	0.10720901	0.1082
SAT1	0.10643961	0.092275925	0.106744476	0.10574984	0.11517482	582.4	0.10527693	0.1084
GCGR	0.09403529	0.09247221	0.09808273	0.115687095	0.13284731	582.8	0.10662492	0.1086
TUBA1A	0.11181579	0.102411404	0.09594061	0.10299569	0.11060165	583.0	0.10475303	0.1088
ALDH8A1	0.09182678	0.10067801	0.11217557	0.10696625	0.11165781	585.0	0.10466088	0.109
ADGRG5	0.10750601	0.08631413	0.1034162	0.11918825	0.11745106	585.8	0.10677513	0.1092
CRY1	0.1072107	0.10087785	0.10369146	0.11381598	0.096317336	587.0	0.10438267	0.1094
DNAH6	0.101537496	0.10871104	0.095885985	0.10224695	0.111615434	587.6	0.10399938	0.1096
PDZD2	0.122368515	0.10466024	0.1083553	0.13615909	0.0830858	587.8	0.11092579	0.1099
DCDC2	0.12561552	0.0951	0.09775024	0.11067126	0.100545175	587.8	0.105936445	0.1099
PANK1	0.11572073	0.1007108	0.09768021	0.1022053	0.107487254	588.8	0.10476086	0.1102
MAOA	0.09639674	0.120325394	0.1010974	0.10053303	0.10444387	589.8	0.10455929	0.1104
KSR2	0.1058374	0.11733904	0.101696014	0.100067444	0.09803348	591.0	0.10459467	0.1107
PDE3B	0.09741408	0.12085382	0.09826315	0.098037615	0.109818645	591.0	0.10487746	0.1107
DAB1	0.10025318	0.1018307	0.105536066	0.10499471	0.10504989	592.2	0.10353291	0.111
TSIX	0.09241899	0.109973915	0.10993977	0.107461214	0.100032456	593.6	0.10396527	0.1112
RBMS1	0.09776734	0.10065533	0.105588056	0.10340642	0.11009062	594.0	0.10350156	0.1114
TDRD1	0.133185	0.10096116	0.08957183	0.10649393	0.10470891	596.8	0.10698416	0.1116
ETS1	0.09111716	0.10508941	0.09950588	0.10869811	0.11400264	597.2	0.10368264	0.1118
UNC5D	0.09442046	0.107415095	0.11098854	0.10137915	0.10382902	599.2	0.10360645	0.112
AUTS2	0.09666092	0.10708049	0.10428263	0.09946756	0.10917717	600.6	0.10333376	0.1122
SRGAP3	0.09552649	0.09613937	0.097106375	0.11093216	0.117936276	601.2	0.10352813	0.1125
S100A2	0.08772052	0.1148942	0.09986183	0.1113219	0.107168585	601.2	0.104193404	0.1125
ITGAV	0.088840015	0.094013065	0.119162746	0.11683202	0.10478344	607.6	0.104726255	0.1128
RPS28	0.100597836	0.08679782	0.09804937	0.12560202	0.11755821	607.8	0.10572104	0.113
TMX4	0.09246722	0.095171556	0.098961405	0.119399555	0.11166461	608.0	0.103532866	0.1132
AL121827.2	0.10034989	0.103853874	0.10196894	0.102997735	0.1035186	609.2	0.10253781	0.1134
AC019197.1	0.117201135	0.087847695	0.09387548	0.12380925	0.108621776	610.2	0.10627107	0.1136
SAMD12-AS1	0.10681488	0.08508552	0.10178369	0.122953	0.11133896	612.0	0.10559521	0.1138
RND3	0.08709264	0.090651035	0.10391224	0.11786223	0.13026914	614.2	0.10595746	0.114
FYB2	0.09371807	0.1048292	0.100000866	0.10220703	0.110787675	615.2	0.10230857	0.1142
KLHL3	0.10400896	0.10757813	0.108243905	0.096898675	0.098143935	616.4	0.10297473	0.1144
EBNA1BP2	0.088355795	0.09611287	0.10995689	0.11421114	0.10774766	616.8	0.10327687	0.1146
PAH	0.088697486	0.09014905	0.112981275	0.117541544	0.11429316	617.4	0.1047325	0.1148
LINC00513	0.0971366	0.08722187	0.11506333	0.10604421	0.116495155	619.0	0.10439223	0.115
CHL1	0.09269712	0.107015364	0.10532332	0.11150596	0.09599386	619.6	0.10250713	0.1152
TAFA1	0.09871262	0.09157859	0.09486206	0.10966476	0.123034745	620.6	0.10357056	0.1154
TMSB10	0.12475499	0.09922919	0.09876536	0.09467621	0.10452696	621.4	0.10439054	0.1156
UGCG	0.10493654	0.105303414	0.10359016	0.096974276	0.101883836	622.0	0.10253765	0.1158
RBM15-AS1	0.08821347	0.09788485	0.105014905	0.1019114	0.12610632	622.2	0.10382619	0.116
RAB11A	0.11508305	0.0995082	0.09156101	0.10212377	0.10962263	622.8	0.10357974	0.1162
MSC-AS1	0.08334428	0.11224439	0.099054664	0.11003117	0.11586226	624.2	0.10410736	0.1164
TMEM246-AS1	0.092725575	0.0974994	0.097749524	0.116344735	0.10548605	625.2	0.101961054	0.1166
CD72	0.10377441	0.09328587	0.09084922	0.112591654	0.1160171	625.8	0.10330365	0.1168
AF127936.2	0.10573113	0.09561286	0.10248601	0.105253726	0.1002207	626.0	0.10186088	0.117
FAM20A	0.087334506	0.11362235	0.10661872	0.09724221	0.11246003	626.8	0.103455566	0.1172
RIPOR3	0.09259415	0.09718957	0.10536094	0.1012424	0.11390596	627.2	0.102058604	0.1174
RNLS	0.089689985	0.11544883	0.1040725	0.09666288	0.107900776	629.0	0.102754995	0.1176
AC007368.1	0.101399176	0.088008724	0.11416949	0.10238177	0.1105472	632.8	0.10330127	0.1178
AL591506.1	0.114612475	0.09349139	0.09391871	0.1021903	0.109924465	633.8	0.102827474	0.118
EDN1	0.09230481	0.087593436	0.10326624	0.115149155	0.116942324	635.8	0.1030512	0.1182
AC092535.4	0.13054545	0.09053076	0.09065136	0.11467955	0.09967176	636.8	0.10521577	0.1184
DNER	0.10437612	0.116856106	0.09061502	0.10102891	0.0998645	637.0	0.10254814	0.1186
SLIT3	0.09645898	0.0883982	0.10539059	0.10864533	0.11290383	639.4	0.10235939	0.1188
ADGRL4	0.08992126	0.101199605	0.09962468	0.10775237	0.10611766	640.4	0.10092312	0.119
LRP2	0.09791964	0.094767466	0.09915208	0.10750487	0.10473277	641.0	0.10081537	0.1192
COL4A5	0.10796799	0.087933965	0.108639844	0.101087704	0.1075949	642.4	0.10264488	0.1194
LINC00621	0.09050797	0.0931663	0.11419516	0.09550627	0.12450612	642.8	0.10357638	0.1196
AC016745.1	0.08397101	0.10629185	0.10180645	0.10752016	0.11360818	643.0	0.10263953	0.1198
ID4	0.08831834	0.09783216	0.089584336	0.12014144	0.122288465	643.6	0.10363295	0.12
MT-CO2	0.09032067	0.09007318	0.102069765	0.108882405	0.11940145	644.6	0.10214949	0.1202
AC007262.2	0.09057298	0.093870774	0.105825774	0.110262655	0.10424606	647.8	0.10095565	0.1204
NOX4	0.09775983	0.10509382	0.10129844	0.11092595	0.09080006	650.4	0.10117562	0.1206
FMO1	0.08330157	0.10473708	0.110960625	0.099296555	0.11723236	651.6	0.10310564	0.1208
PRKCB	0.09938899	0.09610332	0.09570194	0.09231657	0.13184856	651.8	0.10307187	0.1211
KCNQ1OT1	0.11450772	0.10317898	0.09662621	0.10108823	0.092838325	651.8	0.10164789	0.1211
LINC01524	0.0900113	0.10020692	0.10637752	0.096000716	0.11314272	652.6	0.10114783	0.1214
PDE10A	0.12005586	0.11424745	0.092695065	0.10904462	0.08553135	653.0	0.10431486	0.1216
SIPA1L2	0.0993297	0.094813436	0.09250199	0.1138412	0.10303239	655.2	0.10070375	0.1218
RNF24	0.09035729	0.09099575	0.10432694	0.112126864	0.107454136	656.4	0.10105219	0.122
CDH6	0.08703045	0.11615943	0.108537845	0.105283484	0.092514046	657.2	0.10190505	0.1223
AC024558.2	0.100313626	0.0883129	0.10050786	0.11216612	0.10450034	657.2	0.10116017	0.1223
MNS1	0.1024406	0.08972789	0.09273685	0.11702122	0.105117485	657.6	0.10140882	0.1226
KCNG3	0.08693924	0.09596998	0.09881275	0.10715061	0.1167672	657.8	0.10112796	0.1228
TENM3	0.08662624	0.0918544	0.10209175	0.10898406	0.11936732	660.6	0.10178475	0.123
PTBP3	0.1164179	0.09535229	0.095749766	0.10105841	0.09726089	661.0	0.10116786	0.1232
ZNRF2	0.08516861	0.09884926	0.10639215	0.110859685	0.104642674	661.6	0.101182476	0.1234
LINC01748	0.08802456	0.09942214	0.10882575	0.11694284	0.09273869	664.4	0.10119079	0.1237
MGST1	0.09190201	0.093095966	0.09485505	0.11130574	0.11050668	664.4	0.100333095	0.1237
ITPR1	0.092895284	0.11067849	0.105809435	0.09575811	0.09620761	665.8	0.10026978	0.124
SNHG14	0.09631618	0.100669816	0.09429347	0.10359427	0.102226414	667.4	0.099420026	0.1242
AC124854.1	0.103593275	0.11232279	0.09170849	0.09409156	0.10264087	667.8	0.1008714	0.1244
ADGRV1	0.09308749	0.10728731	0.10533985	0.11223824	0.086892895	670.0	0.10096916	0.1246
LINC00472	0.10245664	0.09995067	0.090174206	0.10453975	0.102955125	670.4	0.10001527	0.1248
ACTB	0.101871215	0.08747046	0.10231812	0.10376247	0.10590653	671.2	0.100265756	0.125
GPR39	0.0925463	0.10002434	0.096446164	0.09632147	0.11345073	673.0	0.099757805	0.1252
HS6ST1	0.10330711	0.09318719	0.09989396	0.0945938	0.10885316	675.0	0.09996705	0.1254
PRRG4	0.09464105	0.0990424	0.09837476	0.097470894	0.10588463	676.2	0.099082746	0.1256
RNF212B	0.107002474	0.092896275	0.08880735	0.11270097	0.10036427	682.4	0.10035427	0.1258
NPAS3	0.09048539	0.09980674	0.093136266	0.10962333	0.10106067	685.8	0.098822474	0.126
KCNN2	0.08940044	0.09125074	0.09511328	0.113246866	0.1092081	686.6	0.099643886	0.1262
HEG1	0.09355495	0.091175735	0.10610024	0.10405203	0.099651255	686.8	0.09890684	0.1264
CD96	0.11566887	0.08108429	0.09861933	0.10229154	0.11811689	687.6	0.10315619	0.1266
DGKG	0.09053845	0.09461908	0.0954666	0.09912192	0.11641205	688.8	0.09923162	0.1269
LINC01344	0.09503072	0.09021345	0.10052228	0.09716687	0.11425376	688.8	0.099437416	0.1269
FTL	0.10354196	0.08012683	0.10458467	0.09928422	0.13362996	689.8	0.104233526	0.1272
AC009292.2	0.11544546	0.091458574	0.090310864	0.09951173	0.10700341	690.0	0.100746	0.1274
ARMCX4	0.08121158	0.11593588	0.10051006	0.10092267	0.105185345	690.6	0.100753106	0.1276
LINC02606	0.10566505	0.1141968	0.085700154	0.098127805	0.09960513	692.4	0.10065899	0.1278
SGIP1	0.10243706	0.09544319	0.087609075	0.10328417	0.10828993	692.6	0.09941269	0.128
TSPAN18	0.09915474	0.10943435	0.09067388	0.10942363	0.08975986	692.8	0.09968929	0.1282
AC097518.2	0.09519475	0.098457865	0.096650966	0.10952501	0.092193976	693.8	0.09840451	0.1284
AP002812.2	0.07963093	0.093977764	0.10112894	0.11595319	0.11680814	694.2	0.10149978	0.1286
MCTP1	0.12808405	0.08933029	0.09224181	0.09318419	0.10995229	694.4	0.102558516	0.1288
AC018467.1	0.09670134	0.09332527	0.093225695	0.10693739	0.100853056	695.8	0.098208554	0.129
TMEM252-DT	0.0825332	0.093738325	0.094522335	0.12538457	0.11092385	696.0	0.10142045	0.1292
KIRREL3	0.086911865	0.099480405	0.09553881	0.10038129	0.11243531	697.6	0.09894954	0.1294
ALCAM	0.09049326	0.09468904	0.100849785	0.094034195	0.11485088	699.0	0.09898343	0.1296
HERC3	0.09917046	0.104685664	0.10159747	0.09054065	0.09788118	700.6	0.09877509	0.1298
GRAMD1B	0.08957598	0.09539731	0.098992184	0.10595138	0.09922627	701.0	0.09782862	0.1301
HSPA2	0.09395927	0.090056695	0.09907924	0.1048624	0.101943314	701.0	0.09798018	0.1301
ARID5B	0.078216806	0.09952598	0.109672844	0.10646224	0.10996347	705.0	0.10076827	0.1305
AC011287.1	0.10606906	0.0811612	0.09119353	0.12690581	0.10914541	705.0	0.102895	0.1305
GHR	0.106555976	0.10409123	0.092834964	0.08797556	0.1069584	705.6	0.099683225	0.1308
LINC02027	0.11186882	0.099208534	0.093806095	0.08990027	0.10273723	705.8	0.099504195	0.131
CADM1	0.086434886	0.09388888	0.10071755	0.1039764	0.105855495	707.4	0.09817465	0.1312
RETREG1	0.086051784	0.10582937	0.092128046	0.106656685	0.102510825	708.2	0.09863534	0.1314
CACNA2D3	0.097438015	0.099829234	0.09701305	0.095921904	0.09693921	708.4	0.09742828	0.1316
WDR49	0.09824185	0.08962234	0.08993525	0.1077033	0.10774831	709.0	0.0986502	0.1318
AC006504.5	0.08904029	0.08755362	0.101615116	0.11276172	0.10264308	709.6	0.09872277	0.132
BCL2	0.08687946	0.0959907	0.102351345	0.101646475	0.10219045	712.4	0.097811684	0.1322
NR2F2-AS1	0.08771552	0.097508766	0.09864001	0.10508803	0.098061234	713.2	0.097402714	0.1324
AC051619.5	0.10063255	0.090126075	0.093593955	0.10014448	0.10453385	714.0	0.09780618	0.1327
KYNU	0.089983374	0.10780451	0.09931891	0.09127728	0.10207844	714.0	0.098092504	0.1327
RPLP1	0.11660959	0.09169666	0.0858009	0.10561754	0.1006774	714.6	0.100080416	0.133
ACOT12	0.09191152	0.089791544	0.110266425	0.1006054	0.09745679	714.8	0.09800633	0.1332
MEGF9	0.09700141	0.09962338	0.09247047	0.09699299	0.10064649	715.6	0.09734695	0.1336
COL4A1	0.10073554	0.0979125	0.09537498	0.096601576	0.09615578	715.6	0.097356066	0.1336
SLC26A4	0.09433453	0.09578723	0.0958364	0.100948624	0.09715554	715.6	0.09681247	0.1336
AC083862.3	0.080547504	0.109949544	0.10608219	0.096835576	0.10436833	717.2	0.09955663	0.134
SH3RF3	0.09083556	0.11245479	0.09653996	0.09284656	0.0963517	718.4	0.097805716	0.1342
PVT1	0.10339778	0.1279885	0.09368733	0.09353589	0.08591973	721.4	0.10090585	0.1344
CDK6	0.08902614	0.08319681	0.09958159	0.10364848	0.12223247	729.0	0.0995371	0.1346
RPL10	0.087754935	0.08307088	0.10562677	0.10342222	0.11858105	729.6	0.09969117	0.1348
SLC14A1	0.124704026	0.08424949	0.09503786	0.09984558	0.097331434	729.8	0.100233674	0.135
NOL4	0.1002878	0.08629126	0.09696003	0.09916102	0.10508226	730.2	0.09755647	0.1352
PRUNE2	0.094972596	0.092171736	0.095854074	0.099026695	0.10010234	730.4	0.09642549	0.1354
ABI3BP	0.10657264	0.10055729	0.08068177	0.10639878	0.102411054	730.6	0.09932431	0.1356
NEDD9	0.0935386	0.0922036	0.09704498	0.09544601	0.10539655	731.6	0.09672595	0.1358
KCNQ5	0.08032764	0.10449205	0.09543434	0.10518947	0.10607079	732.4	0.098302856	0.136
ADAMTS9-AS1	0.09047589	0.10154539	0.09314916	0.10193612	0.09501785	733.4	0.09642488	0.1362
SLC12A3	0.09073775	0.09807801	0.10542311	0.09856182	0.09113015	734.2	0.096786164	0.1364
MYOM1	0.096195586	0.106742665	0.10753197	0.09782614	0.084378764	735.8	0.09853502	0.1366
AL110114.1	0.08886753	0.09175541	0.0967754	0.103347264	0.1011342	737.2	0.096375965	0.1368
PDK4	0.08468273	0.09776418	0.09501785	0.12574433	0.09122244	738.0	0.0988863	0.137
ASS1	0.09807166	0.10034764	0.10029485	0.10461646	0.0843827	738.2	0.097542666	0.1372
KL	0.0881209	0.103831306	0.09276444	0.11467591	0.08882128	739.6	0.097642764	0.1374
AC012078.2	0.096407436	0.096397236	0.09108069	0.091975	0.10784305	743.4	0.09674068	0.1376
AC005323.2	0.09101102	0.09172357	0.11192079	0.08947872	0.103625156	745.2	0.09755185	0.1378
SLCO2A1	0.08125207	0.103293374	0.11550265	0.090119354	0.10527684	748.4	0.09908886	0.138
CYP4F3	0.10107307	0.0828818	0.09978562	0.097809084	0.10752838	749.0	0.09781559	0.1383
OOEP	0.09751414	0.09715576	0.0906266	0.106899075	0.0897595	749.0	0.096391015	0.1383
CLDN1	0.097770214	0.08880526	0.0925891	0.09839319	0.10335126	753.8	0.0961818	0.1386
AFF2	0.08105711	0.098740354	0.10044206	0.1004023	0.10305012	756.0	0.09673838	0.1389
AC004817.5	0.07462485	0.11730754	0.1085048	0.10786993	0.09474818	756.0	0.10061105	0.1389
DOK6	0.088768564	0.11420585	0.09348892	0.0920171	0.09489424	759.4	0.096674934	0.1392
MORC1	0.077435456	0.109632194	0.12124082	0.09315415	0.09888644	760.2	0.100069806	0.1394
KCNMB2	0.09475263	0.095118515	0.09123612	0.09072218	0.1085459	761.6	0.09607507	0.1396
PTK7	0.08972064	0.09135964	0.09606971	0.095816426	0.103335015	765.4	0.095260285	0.1398
AGXT2	0.079177946	0.1081739	0.10248372	0.102217056	0.093125865	767.0	0.09703569	0.14
RPS6KA2	0.10296807	0.08898474	0.102725334	0.09585638	0.09027986	767.6	0.09616288	0.1402
LINC02147	0.08608949	0.114336014	0.09168506	0.09238207	0.09921174	767.8	0.09674088	0.1404
P3H2	0.09063881	0.10794241	0.08960696	0.09992155	0.0907485	768.4	0.09577165	0.1406
RASSF8	0.0899639	0.088525355	0.09243662	0.1194286	0.09248809	769.2	0.09656851	0.1408
ZPLD1	0.094896086	0.09260365	0.09900219	0.098903276	0.08992762	769.4	0.09506656	0.141
ATP1A1	0.089696474	0.0888222	0.09012544	0.09511203	0.12209309	770.6	0.09716985	0.1412
MT-ATP6	0.11719407	0.078349285	0.096154414	0.10346594	0.10276288	771.2	0.09958532	0.1414
THRB	0.08719692	0.09518097	0.10982142	0.10047754	0.0881747	772.0	0.09617031	0.1416
EXPH5	0.097979695	0.091837056	0.08361922	0.10812906	0.0986534	773.0	0.09604368	0.1418
LTBP1	0.086825214	0.11532715	0.09620467	0.08899535	0.09516963	773.4	0.096504405	0.142
PXK	0.100438684	0.0894537	0.09729086	0.091851205	0.09720664	774.6	0.09524821	0.1423
FOSL2	0.10813046	0.10015394	0.095109075	0.08744248	0.0916063	774.6	0.09648845	0.1423
HERC6	0.09915567	0.09627746	0.09183072	0.09306616	0.09492651	775.2	0.0950513	0.1426
KIF20B	0.08051175	0.11714785	0.09886161	0.08587436	0.113479264	775.6	0.09917496	0.1428
LINC00271	0.09420178	0.088386595	0.092956915	0.103493914	0.09522443	775.8	0.09485273	0.143
AC010148.1	0.0900051	0.094908275	0.10763672	0.09662732	0.088439696	777.0	0.095523424	0.1432
BACH2	0.08869821	0.08065886	0.103701696	0.110671565	0.10328848	777.8	0.097403765	0.1434
LINC00906	0.08696439	0.08937324	0.10409368	0.095692	0.1005773	779.0	0.09534012	0.1436
AC007364.1	0.09020863	0.10475112	0.09510533	0.09393109	0.090832345	779.6	0.094965704	0.1438
CLDN14	0.11178474	0.083196364	0.092189334	0.096839935	0.10168313	780.8	0.0971387	0.144
PPM1H	0.092741534	0.0961531	0.081573725	0.09760813	0.11480817	782.8	0.09657693	0.1442
POU5F1	0.09989829	0.08412751	0.10371452	0.09437064	0.09664923	783.2	0.09575204	0.1445
PDLIM1	0.11524331	0.096302964	0.092687905	0.09341957	0.08623886	783.2	0.09677853	0.1445
CXCL1	0.108891435	0.08599538	0.09514927	0.1044464	0.08741461	783.4	0.09637942	0.1448
AC084816.1	0.08862814	0.10641828	0.100723945	0.08356422	0.104621135	783.6	0.09679115	0.145
AC073114.1	0.095830075	0.085779905	0.090291396	0.099532686	0.105426826	784.2	0.09537218	0.1452
PPFIBP1	0.08599633	0.0836312	0.10406159	0.11190816	0.09665292	785.0	0.096450046	0.1454
OSBPL6	0.08955894	0.099590436	0.09371743	0.098914206	0.09032532	786.2	0.09442127	0.1457
RFTN2	0.10484467	0.094276346	0.09690932	0.08678179	0.09510126	786.2	0.09558268	0.1457
PRSS22	0.10519771	0.08381168	0.087610856	0.09902011	0.1085777	786.6	0.096843615	0.146
PTH1R	0.11012341	0.0790693	0.10660806	0.090371184	0.10892257	788.2	0.09901891	0.1462
JAG1	0.08269174	0.10446006	0.09039712	0.09179588	0.11378442	789.4	0.09662584	0.1465
AC004889.1	0.08891252	0.099711694	0.0938325	0.09736821	0.091534644	789.4	0.09427191	0.1465
FAM107B	0.09220292	0.08708699	0.08624306	0.10968717	0.10254775	789.6	0.09555358	0.1468
HAVCR1	0.07895917	0.10985124	0.10240497	0.08656728	0.11118651	790.4	0.09779383	0.147
ARRDC4	0.08901067	0.0869067	0.09805988	0.100845605	0.09638745	794.4	0.09424206	0.1472
SORBS1	0.10638969	0.092899635	0.092682496	0.09435134	0.08883949	795.8	0.09503253	0.1474
AC092422.1	0.077018924	0.11768233	0.08772531	0.1059477	0.10028327	800.4	0.09773151	0.1476
RASGRF2	0.09071061	0.084319115	0.09787436	0.10515515	0.09349718	800.8	0.09431128	0.1478
LINC01645	0.09301136	0.08874709	0.09750906	0.09822218	0.09163129	801.4	0.09382419	0.148
DUSP10	0.10052443	0.07803511	0.091917075	0.10275091	0.11530747	805.4	0.097707	0.1482
MACC1-AS1	0.08247005	0.091367446	0.108540274	0.088503174	0.11055081	806.0	0.09628636	0.1484
UTRN	0.091279335	0.088040166	0.08296574	0.10292493	0.11223654	806.2	0.09548934	0.1486
DZIP1	0.08394055	0.08933386	0.09229039	0.106838144	0.09966781	807.8	0.09441415	0.1488
SLC22A24	0.09288356	0.10003063	0.09720596	0.084990054	0.096579574	809.4	0.094337955	0.149
MT-CO3	0.084509246	0.08403175	0.09331721	0.09897963	0.119889446	809.8	0.09614546	0.1493
AP002762.2	0.08955793	0.08164319	0.10059738	0.11300866	0.09278863	809.8	0.09551916	0.1493
CFH	0.0849079	0.095574	0.108467005	0.0934665	0.09084718	810.4	0.09465251	0.1496
HSP90AB1	0.09214868	0.08675006	0.08633209	0.098723784	0.110040724	810.8	0.094799064	0.1499
AHNAK	0.07773755	0.08950168	0.10694457	0.10073908	0.10442665	810.8	0.095869906	0.1499
AL365295.1	0.094843924	0.091324635	0.09155841	0.08898179	0.10301882	811.6	0.09394552	0.1503
AP004550.1	0.07943389	0.09972729	0.10997491	0.09306825	0.095533185	811.6	0.095547505	0.1503
RAB20	0.11148412	0.08901462	0.09048136	0.09840739	0.087489575	812.8	0.09537541	0.1506
ANKRD2	0.080049664	0.09681509	0.09163452	0.09797296	0.1066436	814.8	0.09462316	0.1508
LINC00923	0.09044726	0.078361176	0.09568926	0.10833972	0.10808602	817.2	0.096184686	0.151
FAM189A1	0.08222509	0.09180465	0.096560895	0.103920214	0.09378434	818.0	0.093659036	0.1512
PTER	0.08030966	0.09165962	0.09334386	0.093372926	0.119994335	819.4	0.09573609	0.1514
STPG2	0.09420042	0.08195339	0.09807923	0.0886502	0.11589907	821.4	0.095756456	0.1516
PILRB	0.095040955	0.09484348	0.08886629	0.097372085	0.08943174	823.8	0.093110904	0.1518
LINC00534	0.081377804	0.09568948	0.10255117	0.09050173	0.09948696	827.4	0.09392142	0.1521
DNAH11	0.09962204	0.08129376	0.092086464	0.10197816	0.09703391	827.4	0.094402865	0.1521
CYP1B1-AS1	0.101542905	0.08703687	0.08775463	0.1008743	0.09160873	827.8	0.093763486	0.1524
LINC02795	0.08932266	0.11569216	0.10846035	0.079487056	0.09336998	828.0	0.09726645	0.1526
AC092078.2	0.09492464	0.080042385	0.09210684	0.106247194	0.09900328	830.2	0.09446487	0.1528
LIPE-AS1	0.08281104	0.08836486	0.10091065	0.09352766	0.10361107	831.6	0.093845055	0.1531
ZNF676	0.083505206	0.10487109	0.091503836	0.0916547	0.09652722	831.6	0.09361241	0.1531
SHROOM2	0.08478111	0.08774887	0.09831808	0.097303055	0.09757758	832.4	0.09314574	0.1534
AC246817.2	0.114172146	0.085821144	0.09115177	0.10570153	0.083509706	833.6	0.09607126	0.1536
RGS6	0.087691024	0.092759274	0.09313729	0.10322987	0.087459	834.6	0.09285529	0.1538
LINC01187	0.082331926	0.092115685	0.09438013	0.10007547	0.09612844	835.0	0.09300633	0.154
AC113386.1	0.08482446	0.08943767	0.082759224	0.099879146	0.12039387	835.2	0.09545888	0.1542
ABCA13	0.087722056	0.0862935	0.09451449	0.09155769	0.10696182	836.2	0.09340991	0.1544
FRY	0.10282066	0.08397974	0.085082516	0.10233995	0.096350856	837.2	0.094114736	0.1546
SYNDIG1	0.09365793	0.08413263	0.093427785	0.098887086	0.09384783	837.6	0.09279065	0.1548
AC107419.1	0.089081	0.08287851	0.09380999	0.10112033	0.09873067	841.2	0.09312409	0.155
GBP1	0.081707165	0.10725919	0.094108135	0.08698636	0.100151	842.0	0.094042376	0.1552
RTN1	0.08531798	0.085888356	0.08847938	0.120956965	0.092985764	842.6	0.09472568	0.1554
PTGR1	0.09137159	0.107333384	0.10235977	0.080828734	0.09227572	844.0	0.094833836	0.1556
MLF1	0.09152769	0.080666535	0.09606282	0.09895555	0.09965303	845.0	0.09337313	0.1558
CNNM2	0.08517796	0.10429243	0.10487494	0.08874974	0.08672014	845.8	0.09396304	0.156
AK4	0.08086576	0.102575436	0.100160845	0.09431189	0.08897567	846.6	0.09337792	0.1562
MAML2	0.07733101	0.09362382	0.108893886	0.09585144	0.09595036	847.6	0.0943301	0.1564
C5orf17	0.07920541	0.09317013	0.09581891	0.11057352	0.08944536	848.2	0.09364267	0.1566
LGALS3	0.08641805	0.1016036	0.09107665	0.09275588	0.09102373	848.4	0.09257559	0.1568
AFF3	0.09332146	0.10373612	0.08203413	0.091333196	0.09562597	849.6	0.093210176	0.157
RNF152	0.07938373	0.08995307	0.09031078	0.1038705	0.103762574	850.0	0.093456134	0.1572
LINC01357	0.08587537	0.1023613	0.09307445	0.084882915	0.101202674	850.4	0.09347934	0.1574
CNKSR3	0.08738798	0.092551135	0.09765362	0.082237415	0.11245844	851.8	0.09445772	0.1576
AL583808.1	0.109548904	0.09269062	0.084105946	0.09652997	0.08678219	854.2	0.09393152	0.1578
XKR9	0.08083801	0.10945394	0.10276374	0.08626656	0.09177065	854.4	0.094218574	0.1581
AC008619.1	0.09058115	0.08834609	0.087109245	0.095952384	0.09834236	854.4	0.09206624	0.1581
LINC01374	0.10060922	0.09618354	0.08522152	0.09197334	0.089605495	855.0	0.09271862	0.1584
SMIM2-AS1	0.07782438	0.10334886	0.108282655	0.099922664	0.08485142	855.6	0.094845995	0.1586
MIR100HG	0.09382528	0.09542307	0.09468669	0.08644777	0.09033237	856.6	0.09214304	0.1588
PTCH2	0.08502397	0.09248159	0.08241291	0.10770243	0.09804399	857.4	0.09313297	0.159
ZNF385D	0.10307549	0.08876034	0.08563822	0.097555004	0.0896874	857.6	0.092943296	0.1592
AC093916.1	0.07558895	0.10422589	0.1003937	0.09075985	0.101317525	857.8	0.09445718	0.1594
CD74	0.09987599	0.08728508	0.08668997	0.0923703	0.09618431	860.6	0.09248113	0.1596
ITIH5	0.0962411	0.08861606	0.08915961	0.09692767	0.08894615	864.2	0.09197812	0.1598
DENND5A	0.075733185	0.10829283	0.11160721	0.08674898	0.0963791	864.6	0.09575226	0.16
ADCY5	0.08105588	0.09254245	0.09599807	0.0923971	0.09778404	865.6	0.091955505	0.1603
TEX49	0.084042154	0.085769095	0.09138091	0.099354155	0.100910746	865.6	0.09229141	0.1603
APBA1	0.081442825	0.09076063	0.10207808	0.08859434	0.10044566	867.4	0.09266431	0.1606
KCNJ3	0.08603554	0.104601145	0.08750243	0.085361354	0.102618024	869.8	0.093223706	0.1608
RHOBTB3	0.08482336	0.09886556	0.08843989	0.08920908	0.098414004	870.8	0.09195038	0.161
KLHL8	0.081466414	0.09675886	0.096355736	0.094289325	0.08968895	871.0	0.091711864	0.1612
MTSS1	0.082810365	0.11320634	0.08546679	0.087822184	0.099593945	871.6	0.09377992	0.1614
SUCNR1	0.09050807	0.08559374	0.090610564	0.094692655	0.09534488	872.6	0.091349974	0.1616
GLDC	0.09456924	0.093705	0.08839608	0.09421663	0.08674506	873.2	0.0915264	0.1618
EPHA4	0.085105605	0.10623526	0.09587581	0.082994655	0.09521284	874.0	0.09308483	0.162
ATP1A1-AS1	0.08774927	0.07993461	0.0906079	0.11013549	0.0974047	875.0	0.093166396	0.1622
MBOAT2	0.088082746	0.084597595	0.09170398	0.09397238	0.0989802	879.6	0.09146738	0.1624
ADAMTSL4-AS1	0.10025729	0.0861477	0.08142582	0.1013299	0.093110815	880.0	0.0924543	0.1626
TMPRSS2	0.09805083	0.08673996	0.09323053	0.08764024	0.092230074	881.8	0.09157833	0.1628
THBS1	0.084219396	0.08972875	0.09390284	0.09819174	0.0894594	884.0	0.091100425	0.163
PTCSC3	0.092666455	0.09723828	0.08782506	0.0928065	0.08557853	885.4	0.09122297	0.1632
PEX7	0.075462885	0.09503048	0.09940465	0.096029945	0.09631082	886.2	0.09244775	0.1634
RHOA	0.079872474	0.09367827	0.0915181	0.090824574	0.10353985	886.8	0.091886654	0.1636
KCNK1	0.08463306	0.10227516	0.08929028	0.084363855	0.10252358	887.0	0.09261719	0.1638
ANKS1B	0.09021454	0.08887183	0.087482564	0.09875274	0.08823629	896.2	0.09071159	0.164
JADE1	0.09389333	0.08302413	0.08747941	0.098861925	0.092790425	897.0	0.091209844	0.1643
EPB41L3	0.070390485	0.0967182	0.09290289	0.11037114	0.1032338	897.0	0.09472331	0.1643
ELMO1	0.10316926	0.08435905	0.08866488	0.091849245	0.09031718	898.8	0.09167193	0.1646
LRRC41	0.08582815	0.081344366	0.08621029	0.10796313	0.10110127	899.0	0.09248944	0.1648
TESK2	0.08802855	0.0916662	0.08855163	0.08917003	0.09446882	899.2	0.09037705	0.165
HNF4A-AS1	0.087094456	0.089332804	0.092283964	0.08873397	0.09424432	900.4	0.0903379	0.1652
AL136962.1	0.08758935	0.08678279	0.09885843	0.09518945	0.08587277	900.8	0.09085856	0.1654
PLPP1	0.07641519	0.08225239	0.1007422	0.101560235	0.10554991	901.8	0.093303986	0.1656
AP003086.1	0.07133355	0.120873086	0.096470825	0.090820305	0.09782783	904.2	0.095465116	0.1658
KALRN	0.083086334	0.08811084	0.0816657	0.10764785	0.09944171	904.6	0.091990486	0.166
HS2ST1	0.087365	0.10710005	0.08894646	0.09158875	0.083385766	907.8	0.091677204	0.1662
HIST1H1D	0.08028267	0.08692738	0.09066766	0.0958575	0.10123777	908.0	0.0909946	0.1664
ADAMTS10	0.09841872	0.075755425	0.094772175	0.10259871	0.093489334	908.2	0.09300687	0.1667
MT2A	0.084783226	0.07721574	0.09550912	0.100787744	0.10822396	908.2	0.093303956	0.1667
TET1	0.086672455	0.08907809	0.0869002	0.098393664	0.09037022	910.4	0.09028293	0.167
MTHFD1L	0.092340946	0.09557115	0.08786165	0.09185191	0.084632106	911.2	0.09045155	0.1672
ARHGAP42	0.093290895	0.086351335	0.08587712	0.09323226	0.09239656	912.6	0.09022963	0.1674
PTGER3	0.11661981	0.09370068	0.081105486	0.085923195	0.08998873	915.4	0.09346758	0.1677
AL359915.1	0.08458021	0.08818905	0.0865294	0.09435804	0.0980105	915.4	0.09033345	0.1677
ANPEP	0.08203729	0.087481044	0.081772104	0.096802324	0.112937234	915.8	0.092206	0.168
EAF2	0.09208859	0.10279536	0.09429924	0.08124781	0.08749717	916.4	0.091585636	0.1682
AC246817.1	0.087793626	0.11632446	0.100632355	0.08327002	0.0810455	917.8	0.093813196	0.1684
SLC19A3	0.08172413	0.0955347	0.08573441	0.10462767	0.08615985	920.6	0.09075615	0.1686
CDH1	0.096408114	0.09264358	0.08421523	0.09816153	0.082917824	921.4	0.09086925	0.1688
LINC01967	0.10286512	0.0836165	0.081463486	0.09388347	0.095746644	922.0	0.09151504	0.169
EXT1	0.08948574	0.07991542	0.09226269	0.09718867	0.093687214	923.8	0.09050794	0.1692
TMEM130	0.09796011	0.086930424	0.09193254	0.09386638	0.082808524	924.2	0.0906996	0.1695
CXCL14	0.077081345	0.106390454	0.085057594	0.093629435	0.0963419	924.2	0.09170015	0.1695
AC022655.1	0.08355134	0.09876217	0.09045855	0.08615412	0.09258834	925.8	0.0903029	0.1698
SEMA3A	0.08172586	0.090477	0.08486769	0.09205028	0.10335181	926.6	0.09049453	0.17
NMB	0.07738738	0.091043524	0.094411865	0.09410732	0.094954275	928.4	0.09038088	0.1702
GP2	0.08836497	0.08390428	0.09659114	0.08932735	0.090603374	929.4	0.089758225	0.1704
AC025810.1	0.093873955	0.08888725	0.084801145	0.08467651	0.10070473	929.8	0.09058872	0.1706
MAP3K15	0.076085255	0.08458216	0.09362272	0.10402332	0.0980418	930.6	0.09127105	0.1708
AL589669.1	0.07519526	0.10339892	0.09020449	0.09520663	0.092814155	930.8	0.091363885	0.171
SIK2	0.09866418	0.085410446	0.075149275	0.101828925	0.09970262	933.8	0.09215109	0.1712
SAMD5	0.076062545	0.08840152	0.090800636	0.10007792	0.098550044	934.6	0.09077854	0.1714
ACSS2	0.07871373	0.089288205	0.09116854	0.09434401	0.095792904	935.6	0.089861475	0.1718
COL14A1	0.096665084	0.08458076	0.094690956	0.09205637	0.08351633	935.6	0.09030189	0.1718
LINC01505	0.08493245	0.10173766	0.08936097	0.080701396	0.10008403	935.6	0.0913633	0.1718
VWDE	0.09526788	0.08292905	0.07965343	0.0958135	0.101738475	935.8	0.09108047	0.1722
SLC9C1	0.08822793	0.094291	0.08794183	0.0933368	0.08431696	936.6	0.0896229	0.1724
LPIN2	0.07590292	0.11135402	0.09446004	0.087853126	0.08974476	937.2	0.09186298	0.1726
ABAT	0.07847357	0.09792606	0.08995409	0.090139285	0.09300684	938.4	0.08989997	0.1728
CHN1	0.08894707	0.0915528	0.09465701	0.08245227	0.09211951	939.6	0.08994573	0.173
AL132996.1	0.08310831	0.077870294	0.10050555	0.09278508	0.10528216	943.6	0.09191029	0.1732
LCA5	0.09467626	0.076911785	0.083308026	0.09678118	0.11219181	944.6	0.09277381	0.1734
SLC16A10	0.086795464	0.11267384	0.09081958	0.08644324	0.08128224	945.6	0.09160288	0.1736
GAREM1	0.095623754	0.07177144	0.09156422	0.10559345	0.10750576	947.2	0.09441172	0.1738
LHFPL3-AS2	0.086264834	0.078020796	0.089208186	0.10027736	0.10145637	947.4	0.091045514	0.174
SLC5A10	0.08565037	0.09496694	0.09578456	0.08282137	0.08966253	947.6	0.08977716	0.1742
RBMS3-AS2	0.075395085	0.0817128	0.09045026	0.10243856	0.11254394	950.0	0.09250813	0.1745
LINC01197	0.086116105	0.093939796	0.08301585	0.088233486	0.09511595	950.0	0.08928424	0.1745
AL109809.5	0.084562056	0.077696286	0.090424456	0.09428573	0.11296968	954.2	0.09198765	0.1748
DEPTOR	0.11641963	0.08648042	0.0814437	0.0886315	0.08715257	956.2	0.09202556	0.175
SPAG17	0.09518131	0.07903864	0.09023433	0.08811246	0.098448634	956.4	0.09020307	0.1752
DENND2A	0.085964546	0.079004884	0.08944379	0.09655075	0.09946289	957.8	0.09008537	0.1754
ATP6V0A2	0.096330136	0.082767665	0.08687917	0.08835864	0.092929915	958.0	0.0894531	0.1756
SORBS2	0.08372695	0.08473353	0.07951957	0.09969042	0.105129704	958.2	0.09056004	0.1758
CABLES1	0.0863841	0.084895775	0.081438676	0.10119337	0.09318982	958.6	0.089420356	0.1761
RAPGEF5	0.079271406	0.100850895	0.08668739	0.087697156	0.09382541	958.6	0.08966645	0.1761
FAR2	0.08624335	0.07809256	0.094982915	0.0995852	0.09190563	959.2	0.090161934	0.1764
PRMT8	0.07968628	0.0943016	0.09153651	0.0854906	0.09596609	961.2	0.089396216	0.1766
LINC00671	0.09947713	0.08481236	0.08482577	0.09381642	0.08508944	962.2	0.08960423	0.1768
KIAA1324	0.08316314	0.08862613	0.0989309	0.08618372	0.08862904	965.2	0.08910659	0.177
HSP90B1	0.07758026	0.08840669	0.09847616	0.082749374	0.10869102	966.6	0.091180705	0.1772
RPL39	0.09141976	0.09429955	0.0903388	0.08468428	0.08461865	967.2	0.08907221	0.1774
ITGB1-DT	0.091297545	0.08050178	0.09994718	0.10223098	0.07971893	967.4	0.09073929	0.1776
RPL3	0.08690561	0.08141219	0.08803554	0.09137793	0.09757444	968.6	0.08906113	0.1778
ILDR2	0.071024865	0.10592697	0.09193214	0.09352493	0.09513804	969.2	0.09150939	0.178
CDS1	0.096938774	0.0820033	0.08379079	0.0957594	0.08762501	974.4	0.08922346	0.1782
RNF180	0.09357244	0.07858174	0.101944454	0.081953205	0.09922938	974.8	0.09105624	0.1784
AL096799.1	0.087449364	0.08547679	0.08636298	0.09010918	0.0916269	975.4	0.08820504	0.1786
SLC7A2	0.086269	0.08777731	0.08636466	0.08886008	0.09155832	975.6	0.08816588	0.1788
ANKDD1B	0.087946996	0.106157936	0.085379854	0.07857211	0.09562867	976.6	0.09073712	0.179
GADD45B	0.084191464	0.089444235	0.09899623	0.08781909	0.08389218	977.2	0.08886864	0.1792
ADIRF	0.09303468	0.08546497	0.08007353	0.09809069	0.08803733	977.6	0.08894024	0.1794
FLNA	0.077334136	0.08858105	0.08146866	0.100222774	0.10207914	978.4	0.08993715	0.1796
ACSM3	0.09241493	0.08447278	0.09411434	0.09217845	0.08138292	978.6	0.08891269	0.1798
H3F3A	0.08863647	0.09470464	0.07996982	0.09341466	0.08629943	980.4	0.088605	0.18
THSD7A	0.08474639	0.08928188	0.09490375	0.08280593	0.09169728	981.0	0.08868705	0.1802
MT-CO1	0.087255664	0.08355511	0.08141737	0.088985816	0.106018096	981.2	0.08944641	0.1804
TPD52L1	0.08270421	0.12673205	0.09879912	0.090082586	0.07354317	983.0	0.09437223	0.1806
TLE2	0.095639	0.101434305	0.08615129	0.08050161	0.08545498	985.0	0.08983623	0.1808
AP002518.2	0.08757368	0.08429594	0.08632988	0.08350845	0.1057186	985.4	0.08948531	0.181
AC105450.1	0.0878903	0.08979899	0.07943568	0.08840244	0.09686641	986.0	0.08847876	0.1812
AL451048.1	0.08943255	0.078832	0.088011235	0.09731596	0.09092266	986.2	0.088902876	0.1815
AC087482.1	0.088592544	0.085361995	0.086595386	0.09518187	0.085002765	986.2	0.08814691	0.1815
IL18	0.10116636	0.09016189	0.07604452	0.09878719	0.08458212	986.4	0.09014842	0.1818
ACMSD	0.07232272	0.10234771	0.082892336	0.09098414	0.1090266	988.0	0.0915147	0.182
SUSD1	0.077404976	0.08338991	0.089980006	0.08870296	0.11121026	990.2	0.090137616	0.1822
SLC45A4	0.08023407	0.08467949	0.08702579	0.100380525	0.08973403	990.8	0.08841078	0.1824
CHST9	0.074296765	0.08248025	0.09590915	0.09837785	0.09737671	992.0	0.089688145	0.1826
BIN1	0.09058327	0.08871733	0.092600286	0.08414542	0.08488928	992.2	0.08818712	0.1828
GNAI1	0.09418571	0.07898597	0.08700672	0.09097325	0.09238501	992.6	0.08870733	0.183
MET	0.085903116	0.083654456	0.08176942	0.101414114	0.08957724	993.6	0.088463664	0.1832
TINAGL1	0.08554187	0.090276286	0.08732914	0.09485308	0.082679644	994.8	0.088136	0.1834
HOXD10	0.08928158	0.084017776	0.09197353	0.088823065	0.08505876	995.0	0.08783094	0.1836
AC092162.2	0.08016168	0.07951181	0.08879682	0.09253587	0.10729041	996.6	0.08965932	0.1838
COL5A2	0.08794531	0.0823343	0.093504734	0.090746105	0.08516919	998.0	0.08793993	0.184
SLC26A7	0.09211595	0.07658555	0.0888097	0.097962625	0.090363175	1001.6	0.0891674	0.1842
AJAP1	0.08445055	0.111939855	0.078992546	0.09021708	0.08432402	1003.4	0.08998481	0.1844
AL049629.1	0.07491796	0.09718262	0.087307185	0.09030578	0.09286259	1004.0	0.08851522	0.1846
LDLRAD3	0.10099172	0.08111143	0.083525546	0.09820263	0.08302134	1004.6	0.089370534	0.1848
NIBAN1	0.110501625	0.086887375	0.081612214	0.08370552	0.08790458	1004.8	0.09012227	0.185
ASPHD2	0.09396153	0.085422084	0.08157993	0.10349191	0.08058396	1005.0	0.08900788	0.1852
FIGN	0.07609832	0.09338726	0.08844984	0.08869467	0.094173476	1005.4	0.088160716	0.1854
AC127526.2	0.10520962	0.08517447	0.08055307	0.09249741	0.083871156	1006.0	0.08946114	0.1856
ACPP	0.0891235	0.08009208	0.092659675	0.10373044	0.080283225	1006.4	0.08917779	0.1858
RPL37A	0.08787459	0.07759643	0.08990441	0.08850411	0.10213832	1007.8	0.089203574	0.186
IL1RAPL2	0.09006324	0.084932305	0.08190024	0.094040014	0.0866372	1008.8	0.087514594	0.1864
IL17RB	0.0932363	0.08134961	0.07939939	0.09527726	0.092658944	1008.8	0.08838429	0.1864
CRYAB	0.077457756	0.08390735	0.08509643	0.102440834	0.09313488	1008.8	0.08840745	0.1864
TSPAN5	0.081724755	0.0871814	0.087841146	0.09127636	0.08808024	1011.2	0.08722077	0.1868
MBNL2	0.08606547	0.08178438	0.08590933	0.09421829	0.09002699	1011.6	0.08760089	0.187
GRIA4	0.07753493	0.089734904	0.08603554	0.0966632	0.08890934	1012.2	0.08777559	0.1872
RNF144B	0.08441628	0.0912541	0.079947315	0.086852886	0.09721427	1013.4	0.087936975	0.1874
MT-CYB	0.0759825	0.09578628	0.07928699	0.10028842	0.0928302	1014.2	0.08883488	0.1878
FGFR1	0.081587784	0.08825719	0.08820257	0.08776957	0.090360574	1014.2	0.08723554	0.1878
ROR1-AS1	0.0740999	0.075422265	0.089570515	0.11285174	0.11786515	1014.2	0.09396191	0.1878
AL606489.1	0.10965005	0.07324015	0.0856696	0.09308695	0.09726708	1018.8	0.09178277	0.1882
FTCD	0.092841804	0.08306454	0.094947174	0.08064186	0.089636095	1019.4	0.088226296	0.1884
AC023282.1	0.08211702	0.08003964	0.09563955	0.08686674	0.095170215	1020.0	0.087966636	0.1886
ATP6V1C2	0.089992695	0.09472828	0.082542665	0.08471605	0.085375786	1021.8	0.0874711	0.1888
ATP13A3	0.08427325	0.08684986	0.08893523	0.095977545	0.08146148	1022.4	0.08749948	0.189
GALNTL6	0.07905309	0.0802227	0.08849669	0.089197166	0.106304	1023.0	0.08865473	0.1892
SNAP25-AS1	0.08428062	0.07486083	0.0918034	0.10199396	0.09333158	1024.8	0.08925408	0.1894
ARMC7	0.09648287	0.08096799	0.081104405	0.08965258	0.09123418	1027.2	0.087888405	0.1896
SQLE	0.0896681	0.08192297	0.0893683	0.086569734	0.08816326	1028.0	0.087138474	0.1898
HEPHL1	0.10500109	0.07450372	0.08782549	0.09538466	0.08886265	1028.2	0.09031552	0.1901
SYT17	0.08279641	0.08931258	0.08004175	0.09337415	0.09041773	1028.2	0.08718853	0.1901
AP000542.2	0.08888048	0.06924964	0.09247222	0.096417926	0.1256482	1029.8	0.0945337	0.1904
PCDH9	0.076566316	0.10592043	0.09013699	0.0835477	0.08837186	1030.2	0.08890866	0.1906
LINC02814	0.07746364	0.08575493	0.09035786	0.094521694	0.087978035	1030.8	0.08721523	0.1908
ABCA1	0.08967535	0.087296784	0.078166924	0.09487634	0.086328216	1031.2	0.087268725	0.1911
SCN2A	0.10275425	0.075916275	0.08927056	0.09838597	0.08331502	1031.2	0.08992841	0.1911
TES	0.08944795	0.10025263	0.08273068	0.087832	0.07993174	1031.8	0.088038996	0.1914
PARP4	0.075762086	0.08324573	0.09559906	0.10542936	0.08380742	1032.2	0.088768736	0.1917
AC114812.2	0.09458158	0.07484599	0.08362266	0.08684913	0.11541122	1032.2	0.09106211	0.1917
AC046195.1	0.08964512	0.07855509	0.08525513	0.08829183	0.09674819	1033.0	0.08769907	0.192
AC008571.2	0.07986056	0.09205733	0.09149373	0.0873167	0.08465318	1033.4	0.08707629	0.1922
RANBP3L	0.08869199	0.07458991	0.08756432	0.1018906	0.09248054	1035.2	0.08904347	0.1924
ITGA2	0.07634884	0.07500756	0.08901691	0.10391789	0.11365399	1036.0	0.09158904	0.1926
TENM4	0.0865813	0.07886562	0.084549524	0.09454472	0.09241401	1036.4	0.087391034	0.1929
MIR3142HG	0.09028394	0.07889071	0.07921595	0.103828564	0.08933369	1036.4	0.08831057	0.1929
BCL6	0.09160638	0.07585231	0.09886786	0.08669513	0.089562714	1039.4	0.088516876	0.1932
SLC22A6	0.077571146	0.07880383	0.09273187	0.099379376	0.09156458	1040.2	0.08801017	0.1934
AL022068.1	0.081533246	0.08693795	0.09049398	0.09131747	0.083291456	1041.0	0.08671482	0.1936
RORA	0.08929135	0.084466256	0.09018127	0.086384304	0.0837001	1042.2	0.08680465	0.1938
TMEM132D	0.09159343	0.07579852	0.08769034	0.0908481	0.093884684	1043.6	0.087963015	0.194
TUFT1	0.089198194	0.07594886	0.08290567	0.095560364	0.09834081	1043.8	0.08839078	0.1942
SPOCK2	0.078995526	0.08505544	0.07920722	0.102182075	0.09228424	1044.0	0.0875449	0.1944
CYYR1	0.091982	0.08409104	0.08605303	0.087744005	0.08387921	1045.0	0.08674986	0.1946
CFAP221	0.090554394	0.08278531	0.08030369	0.089636095	0.0904989	1045.8	0.08675568	0.1948
AC079804.3	0.08286456	0.088025816	0.08982363	0.07869196	0.10004784	1048.6	0.08789076	0.195
CCN2	0.07768986	0.09236501	0.08472671	0.08609151	0.09307006	1049.6	0.08678863	0.1952
TSC22D2	0.07776893	0.07576236	0.09195544	0.08860158	0.12116816	1050.6	0.091051295	0.1954
PDZD8	0.069648005	0.103714235	0.09471614	0.08989415	0.08824502	1052.2	0.08924351	0.1956
BCL2L1	0.08955945	0.07281709	0.09077396	0.09192091	0.10087351	1052.4	0.08918898	0.1958
KLHL13	0.08536017	0.08465286	0.09027312	0.095785	0.079490155	1052.6	0.08711226	0.196
HMGN5	0.09157266	0.07426557	0.08932387	0.0962124	0.09003895	1054.0	0.08828269	0.1962
NRG1	0.09302651	0.08330959	0.07870313	0.09548945	0.08474007	1054.8	0.08705375	0.1964
TMEM72	0.07697018	0.0832811	0.092345476	0.086866386	0.095476486	1055.0	0.08698793	0.1966
HSD11B2	0.104705766	0.09086591	0.08302353	0.083847456	0.08011884	1055.2	0.0885123	0.1968
TMEM200A	0.07773122	0.0819281	0.10187079	0.08327371	0.09481711	1058.2	0.08792418	0.197
DDX43	0.07886655	0.10847569	0.07590752	0.091711156	0.08686114	1061.8	0.08836441	0.1974
FIRRE	0.07307913	0.119103126	0.088829204	0.08222009	0.088528	1061.8	0.09035191	0.1974
ARNTL2	0.08124286	0.083039284	0.09666391	0.07768432	0.10518885	1061.8	0.08876384	0.1974
LINC01139	0.08559583	0.07704263	0.08661053	0.09427712	0.092203975	1064.6	0.087146014	0.1978
ANO9	0.07706379	0.100140944	0.087234594	0.08703222	0.083919816	1066.0	0.08707827	0.198
TRPM6	0.092568204	0.09434947	0.076487824	0.094565876	0.079456635	1070.0	0.0874856	0.1982
PLXNA4	0.073523656	0.0838788	0.086678326	0.09320466	0.098138325	1070.6	0.087084755	0.1985
AC017083.1	0.078690566	0.08601607	0.09583979	0.0836153	0.08729323	1070.6	0.08629099	0.1985
STAT4	0.08731514	0.07924799	0.0840689	0.08649715	0.094278894	1072.0	0.08628161	0.1988
PRKX	0.093661614	0.089770965	0.09023995	0.07836863	0.083799645	1073.2	0.08716816	0.1991
ATOH8	0.07998346	0.09581734	0.08352078	0.0851192	0.08623792	1073.2	0.08613573	0.1991
SCN9A	0.0792982	0.1084525	0.091517605	0.076170966	0.08933439	1073.6	0.08895473	0.1994
ASB17	0.080872744	0.08304992	0.08847951	0.085832305	0.09135319	1076.2	0.08591753	0.1996
ANKRD33B	0.08075642	0.09397668	0.08404309	0.08022056	0.093363	1076.8	0.08647195	0.1998
SCN1A-AS1	0.07262134	0.09326345	0.08227871	0.08785373	0.10132746	1077.6	0.08746894	0.2
RASEF	0.08398495	0.09904658	0.077346556	0.08138496	0.095453605	1078.0	0.08744333	0.2002
CFAP206	0.07860271	0.08349611	0.08250732	0.09801268	0.087866515	1079.2	0.08609707	0.2004
UNC5C	0.08327369	0.0838	0.09045289	0.08193357	0.09108304	1080.4	0.08610864	0.2006
GDF15	0.072594434	0.092510216	0.08821754	0.088468894	0.09061686	1084.8	0.086481586	0.2008
CADM2	0.07660526	0.09635318	0.097549684	0.082452655	0.082727596	1085.4	0.08713768	0.201
PLEKHA5	0.0817022	0.080846116	0.09235349	0.087210074	0.086400524	1087.2	0.08570248	0.2012
SLC35D1	0.071852185	0.092978805	0.09159933	0.08625322	0.09107761	1088.0	0.086752236	0.2015
PLCE1	0.07278212	0.09035181	0.08234848	0.10307578	0.08618521	1088.0	0.08694868	0.2015
GRHL2	0.08064203	0.079529904	0.08170397	0.0943558	0.09409664	1088.8	0.086065665	0.2018
AC022784.1	0.08669974	0.08099961	0.07709879	0.09167973	0.09576135	1089.0	0.08644785	0.202
BASP1	0.11741064	0.0714933	0.081865825	0.09300741	0.09314728	1089.8	0.09138489	0.2022
SNTB2	0.07530664	0.09370996	0.08351565	0.08729992	0.08982094	1090.4	0.08593062	0.2024
NRXN1	0.07456571	0.09445362	0.08458193	0.092342824	0.08474958	1090.6	0.08613873	0.2026
AL050309.1	0.08021123	0.08646486	0.08612322	0.090689674	0.083533764	1092.0	0.08540455	0.2028
EBF1	0.10688642	0.07745435	0.084357224	0.09442939	0.07930065	1098.0	0.08848561	0.203
AL009177.1	0.0905529	0.083278894	0.079551905	0.083131194	0.09222268	1098.4	0.08574752	0.2033
EIF2AK3	0.07122608	0.091106504	0.08872146	0.092294484	0.08884296	1098.4	0.0864383	0.2033
FOSL1	0.08583041	0.08530339	0.08834875	0.084280826	0.08305282	1100.4	0.08536324	0.2036
MOGAT1	0.0729594	0.085453786	0.08915831	0.08706634	0.09631879	1100.8	0.08619132	0.2038
AC009318.1	0.08514288	0.07917283	0.07300358	0.09558408	0.11084832	1101.2	0.08875034	0.2041
TP63	0.1061093	0.08292772	0.075436555	0.09297602	0.08239643	1101.2	0.087969206	0.2041
DACH1	0.094192676	0.07951267	0.074033424	0.097482175	0.089897566	1101.4	0.0870237	0.2045
PEMT	0.09164532	0.07817739	0.07949836	0.086622	0.09608396	1101.4	0.08640541	0.2045
NRAD1	0.08441148	0.08133568	0.08622876	0.08873253	0.08510421	1101.8	0.085162535	0.2048
GDAP1	0.087612174	0.08220828	0.08171274	0.08142654	0.09675078	1102.8	0.085942104	0.205
NR1H4	0.073631376	0.08404991	0.08716478	0.093276314	0.09087804	1103.6	0.08580009	0.2052
KIAA1755	0.07769	0.08220487	0.08876829	0.09134546	0.086404875	1104.8	0.0852827	0.2054
PIK3R3	0.08025749	0.078210525	0.08344915	0.09140182	0.09639017	1105.0	0.08594183	0.2056
RNF213	0.07647677	0.08080508	0.0956758	0.09158948	0.084919944	1105.8	0.085893415	0.2058
STRIP2	0.078717075	0.08913378	0.080079034	0.08678233	0.09137693	1106.8	0.085217826	0.206
LINC01697	0.08350184	0.076810084	0.08538745	0.10007474	0.085658714	1107.6	0.08628657	0.2062
EBF4	0.08275762	0.08260938	0.08915641	0.08271078	0.08933543	1108.2	0.08531393	0.2064
CD83	0.074330635	0.08618822	0.08320812	0.09625382	0.087967016	1109.2	0.08558956	0.2066
RPS14	0.10811507	0.07416028	0.08009909	0.08800479	0.09395672	1109.8	0.088867195	0.2068
CCDC160	0.07803891	0.0893269	0.09059628	0.08937626	0.07981259	1110.4	0.08543019	0.207
SLCO4C1	0.08890815	0.07829707	0.08039365	0.0886509	0.09210153	1112.2	0.085670255	0.2072
HPRT1	0.086114064	0.08975957	0.08261362	0.08054904	0.086858034	1112.8	0.08517887	0.2074
SPOCK1	0.081130154	0.07554943	0.09579598	0.08504729	0.09587913	1115.0	0.0866804	0.2076
GUCY1A1	0.07325015	0.09249954	0.0871806	0.09218134	0.08338394	1116.6	0.08569911	0.2078
PER3	0.07804504	0.082181476	0.09704593	0.08029967	0.09210679	1118.6	0.08593579	0.208
SNAP91	0.091408454	0.104780726	0.08584209	0.07604182	0.08056089	1119.4	0.087726794	0.2082
PDE7B	0.08571657	0.071874835	0.08267967	0.10470173	0.095534466	1119.8	0.088101454	0.2085
PCSK5	0.0998438	0.074615516	0.0783398	0.10927036	0.083115615	1119.8	0.089037016	0.2085
CACNA1C	0.09261052	0.09735949	0.08471465	0.08436816	0.07414929	1121.2	0.086640425	0.2088
CNNM4	0.087842345	0.089158714	0.08875532	0.07245345	0.09957395	1122.6	0.08755675	0.209
AC124852.1	0.07975364	0.08117212	0.08589642	0.0874042	0.08950578	1123.4	0.084746435	0.2092
LINC01006	0.08948751	0.08125048	0.07680398	0.09473435	0.08486961	1124.8	0.08542918	0.2095
SMYD3	0.07639781	0.0887426	0.09297117	0.08237208	0.08577373	1124.8	0.08525147	0.2095
LINC00578	0.08860341	0.08307381	0.08053144	0.08901072	0.08299556	1125.2	0.08484299	0.2098
DEFB1	0.084842674	0.08353236	0.0804578	0.09384221	0.082216725	1127.2	0.08497836	0.21
AC026495.2	0.08671678	0.091616295	0.07686734	0.08375155	0.08676666	1128.8	0.08514373	0.2102
TMCC3	0.0852011	0.074602485	0.08500236	0.087931745	0.09927598	1129.0	0.08640273	0.2104
LHFPL2	0.093455195	0.093143255	0.08016276	0.0840665	0.07840964	1130.2	0.085847475	0.2106
LINC00907	0.0779567	0.088628195	0.08163083	0.09049672	0.08406295	1131.2	0.084555075	0.2108
MYH11	0.076074764	0.081582345	0.08804071	0.09074762	0.08790962	1131.6	0.08487101	0.211
NFKBIZ	0.087600425	0.084216215	0.07319732	0.09336527	0.08863573	1133.0	0.08540299	0.2112
AL137100.3	0.08171849	0.099328786	0.078858726	0.092227854	0.07738915	1134.0	0.0859046	0.2114
EPSTI1	0.084166326	0.08527105	0.08353611	0.091952726	0.078806505	1135.2	0.084746554	0.2116
KCNK13	0.0870339	0.08046557	0.08387713	0.09093197	0.08113822	1136.6	0.084689364	0.2118
AIF1	0.08331246	0.08712778	0.084993795	0.080283396	0.086998336	1137.0	0.08454315	0.212
EFCAB2	0.08760022	0.07744006	0.079003826	0.091043085	0.091427356	1137.4	0.085302904	0.2122
ACTG1	0.08672775	0.07736168	0.08198762	0.09566151	0.08458	1138.4	0.085263714	0.2124
AC007846.1	0.08351138	0.08275503	0.0818733	0.09206716	0.082226686	1139.6	0.08448671	0.2126
ABTB2	0.07520366	0.08110805	0.084157735	0.09500559	0.08913659	1139.8	0.08492233	0.2128
FAM3B	0.07875373	0.08686699	0.0865628	0.08264958	0.08662802	1142.0	0.08429222	0.213
PHLPP2	0.07315556	0.09582834	0.0905529	0.08171365	0.08616633	1143.8	0.08548336	0.2132
AC012085.2	0.08833651	0.08824036	0.09171603	0.076687	0.08218124	1149.2	0.08543223	0.2135
LINC00511	0.08299048	0.08476304	0.08400727	0.08740862	0.081201784	1149.2	0.08407424	0.2135
BMPR1B	0.091747545	0.08358271	0.080701716	0.08349649	0.08315184	1150.4	0.08453606	0.2139
AC027288.3	0.085582785	0.08773372	0.09130465	0.07448679	0.08904808	1150.4	0.08563121	0.2139
AL356737.2	0.07811009	0.08509944	0.07685865	0.09494501	0.08760509	1151.0	0.084523655	0.2142
NID2	0.08228578	0.08552054	0.087006025	0.07685889	0.09329096	1151.4	0.08499244	0.2144
TGFBR2	0.08536571	0.07500733	0.08818005	0.08685024	0.09033777	1151.8	0.085148215	0.2146
RPS21	0.0835017	0.08561486	0.07738537	0.088523485	0.08531743	1152.4	0.08406857	0.2148
FLI1	0.06691732	0.08664164	0.09172943	0.08807722	0.1004072	1154.6	0.08675456	0.215
PSAT1	0.0816905	0.09140976	0.077357486	0.08849022	0.08288856	1155.2	0.08436731	0.2152
FREM1	0.079397105	0.090997666	0.0860456	0.082400516	0.08231757	1161.6	0.08423169	0.2154
RPGRIP1	0.08390253	0.07717942	0.076161884	0.09213303	0.09811314	1161.8	0.085498005	0.2156
NAV2	0.08136187	0.0790373	0.086153746	0.094053864	0.081215814	1162.0	0.08436452	0.2158
ADGRL3	0.07439227	0.096079834	0.078487106	0.090910524	0.08424475	1163.4	0.0848229	0.216
AC008014.1	0.08348515	0.08721808	0.07821168	0.10120645	0.07612006	1164.2	0.08524829	0.2163
RAB19	0.07488934	0.08746862	0.08164746	0.08607871	0.08999719	1164.2	0.08401626	0.2163
NR4A3	0.0818868	0.089903265	0.08274288	0.08546806	0.07962669	1165.0	0.08392553	0.2166
CASC18	0.086874716	0.08942199	0.08078777	0.08731214	0.07709014	1166.4	0.08429735	0.2168
PCDH10	0.09335786	0.076961525	0.07757509	0.08876771	0.08796391	1167.6	0.08492522	0.217
ADARB2	0.06868394	0.08565271	0.07758887	0.095713906	0.10994284	1169.6	0.08751645	0.2172
UBE2U	0.08589162	0.068422765	0.08794399	0.094809264	0.104013056	1170.2	0.08821614	0.2174
AC005162.3	0.08035855	0.08599749	0.08152925	0.07733602	0.1003979	1172.2	0.08512384	0.2176
AC092902.4	0.075277105	0.07896291	0.08817543	0.0863307	0.09290359	1172.8	0.08432995	0.2178
WWC1	0.08578265	0.08044742	0.08302557	0.08234068	0.087333575	1173.2	0.08378597	0.218
LHFPL3	0.090728015	0.08325886	0.07849408	0.09371317	0.07644318	1177.2	0.084527455	0.2182
AC108752.1	0.06803432	0.11369255	0.0930787	0.081920385	0.08390152	1177.8	0.0881255	0.2184
MPP6	0.08660814	0.078776546	0.08109624	0.08949516	0.08312881	1178.6	0.08382098	0.2186
NEDD4	0.078478076	0.07851386	0.091257	0.08753035	0.08391581	1178.8	0.083939016	0.2188
SIM1	0.08168229	0.084000334	0.077961296	0.09035993	0.08363262	1180.6	0.08352729	0.219
VTCN1	0.0813717	0.08221364	0.080884576	0.09210907	0.081413105	1181.4	0.08359841	0.2192
SYBU	0.08010041	0.088534854	0.072334856	0.08648107	0.09601923	1182.0	0.08469409	0.2194
SLC16A1	0.079705864	0.08493781	0.08121666	0.080889225	0.09127387	1184.0	0.083604686	0.2196
AC087564.1	0.08416282	0.0830918	0.07821124	0.08562076	0.085649066	1186.6	0.08334714	0.2198
SLC12A1	0.08690073	0.079765044	0.08519691	0.08618207	0.080226384	1187.0	0.08365423	0.22
IL7	0.08076594	0.08154914	0.072934754	0.08887148	0.09962727	1189.0	0.08474971	0.2202
AL159156.1	0.08485225	0.07281475	0.088221565	0.08863746	0.0891089	1190.2	0.084726974	0.2204
AC016816.1	0.08467131	0.074295074	0.08778892	0.08465484	0.091678314	1191.2	0.08461769	0.2206
POF1B	0.08224253	0.093733676	0.07993112	0.08008308	0.08333328	1191.8	0.08386473	0.2208
LINC00887	0.0916024	0.093898326	0.08309657	0.086246096	0.070684835	1193.0	0.08510564	0.221
PDE1C	0.07298404	0.08268767	0.08071121	0.09567192	0.08787265	1194.0	0.0839855	0.2212
LINC00685	0.07926713	0.09175812	0.08334735	0.08120247	0.081967585	1195.0	0.083508536	0.2214
AC105094.2	0.07168843	0.1006015	0.09406331	0.088686354	0.07455447	1195.8	0.085918814	0.2216
AC027458.1	0.0761355	0.089071445	0.082559794	0.08298201	0.08537875	1196.4	0.0832255	0.2218
AC083837.1	0.07704594	0.082369894	0.07443182	0.09116048	0.09631448	1197.4	0.08426453	0.222
SIM2	0.082978226	0.08480463	0.07575787	0.08845221	0.084268495	1198.2	0.08325229	0.2222
NAT8	0.088491134	0.07601981	0.07722942	0.08640307	0.093270615	1199.4	0.0842828	0.2224
TMEM132C	0.06828364	0.083224975	0.10408734	0.0860452	0.08721055	1201.0	0.085770346	0.2226
TSC22D3	0.070415035	0.08066685	0.08483168	0.087486744	0.101012126	1201.2	0.08488248	0.2228
AC068633.1	0.08586038	0.08165672	0.08735152	0.08713889	0.07607616	1202.2	0.08361673	0.223
HNF4G	0.078288265	0.07547239	0.08158508	0.093533345	0.09121699	1203.0	0.084019214	0.2232
FXYD2	0.09664442	0.0841127	0.08357935	0.07952052	0.07787372	1205.0	0.08434614	0.2234
KIAA0825	0.082490504	0.07885335	0.08228177	0.09809159	0.07828648	1205.2	0.08400073	0.2236
RELB	0.0814545	0.08592705	0.0879202	0.07532869	0.0884846	1205.6	0.083823	0.2238
ITGA11	0.090298116	0.09292845	0.085111775	0.0787182	0.07498577	1207.0	0.084408455	0.224
MEF2C-AS1	0.08848509	0.08143412	0.08498205	0.08197604	0.08000713	1207.6	0.0833769	0.2242
EPS8	0.08694243	0.07052154	0.09114898	0.09048789	0.08624258	1208.4	0.08506869	0.2244
ACSF2	0.08185417	0.092870735	0.0857463	0.08826602	0.07179978	1208.6	0.08410741	0.2246
AC090579.1	0.07808136	0.08219327	0.089912415	0.07640089	0.093703106	1209.8	0.0840582	0.2248
LPA	0.08251626	0.088164754	0.079123765	0.08139449	0.08398411	1210.2	0.083036676	0.225
AL603756.1	0.08256617	0.08333326	0.087138295	0.07808807	0.08469511	1214.6	0.08316418	0.2252
CEMIP2	0.08088777	0.09661793	0.08073456	0.07774689	0.08303963	1216.8	0.08380536	0.2254
AC007906.2	0.0780513	0.0870044	0.082794584	0.07923281	0.086639926	1218.8	0.0827446	0.2256
LINC01182	0.08103093	0.09101923	0.073878214	0.086356096	0.08363264	1221.2	0.08318342	0.2259
AC117383.1	0.08305455	0.06968173	0.08617009	0.08868982	0.10135407	1221.2	0.08579005	0.2259
ENPEP	0.081281155	0.0778968	0.08827283	0.085904	0.08185536	1223.2	0.08304203	0.2262
DOCK11	0.07988075	0.073700435	0.08073884	0.09029241	0.09640875	1223.8	0.08420424	0.2264
LRRK1	0.07121563	0.0914195	0.07758781	0.09103026	0.0865403	1224.2	0.0835587	0.2266
AC012494.1	0.07772025	0.08912724	0.0891653	0.07873658	0.08120443	1225.2	0.08319076	0.2268
NR1D2	0.08560189	0.07414385	0.08425871	0.08345225	0.09094884	1230.0	0.083681114	0.227
SLC25A48	0.07729207	0.10552276	0.09202159	0.07451514	0.07951443	1230.8	0.08577319	0.2272
B4GALNT2	0.08059592	0.08575951	0.089274764	0.08557289	0.07427082	1231.0	0.08309478	0.2274
TMIGD3	0.07445438	0.09399466	0.094649844	0.074090414	0.08549805	1233.8	0.08453747	0.2276
PAK3	0.08379937	0.094774075	0.08013177	0.07374686	0.08738217	1236.0	0.083966844	0.2278
PSD3	0.06998626	0.09699787	0.08171223	0.077897705	0.09904469	1236.2	0.085127756	0.2281
AC004870.4	0.08443697	0.07234924	0.08825388	0.08775759	0.08560004	1236.2	0.08367954	0.2281
ABCG8	0.07805805	0.08527623	0.08448438	0.089157075	0.075864114	1236.4	0.082567975	0.2284
COL8A1	0.077206634	0.09011696	0.085611455	0.078442454	0.083181255	1236.6	0.08291175	0.2286
AC078881.1	0.07064232	0.08214861	0.087624244	0.098512396	0.080516815	1237.0	0.08388887	0.2288
CCSER1	0.11150206	0.0706099	0.08200747	0.09156451	0.08068411	1237.8	0.08727361	0.229
AL033504.1	0.08790484	0.07468274	0.07853084	0.08517509	0.09117717	1238.4	0.08349414	0.2293
MYOF	0.09979466	0.07360727	0.07570471	0.08806062	0.087726705	1238.4	0.0849788	0.2293
COL4A4	0.077192195	0.07564063	0.0871656	0.08396315	0.09267396	1238.6	0.08332711	0.2296
GPR160	0.07381658	0.07930076	0.08250731	0.09081032	0.08599816	1240.6	0.08248663	0.2298
AP000282.1	0.083177544	0.09213648	0.08129069	0.0821205	0.07608306	1241.6	0.08296166	0.23
DYNC2LI1	0.083179966	0.08175553	0.07810354	0.0852602	0.08303663	1242.8	0.08226717	0.2302
MEF2C	0.08059432	0.07583749	0.08474251	0.08669961	0.08500419	1243.6	0.08257563	0.2305
AL096854.1	0.07200527	0.07794747	0.08183265	0.096317664	0.08921825	1243.6	0.083464265	0.2305
MILR1	0.08045658	0.085396335	0.082280554	0.07705272	0.08722294	1246.8	0.08248182	0.2308
LHCGR	0.07936899	0.081307754	0.071814105	0.08947282	0.09443962	1247.2	0.08328066	0.231
AC015712.4	0.105362326	0.08439281	0.070659846	0.08583364	0.08002953	1249.8	0.08525564	0.2312
LINC02068	0.083827555	0.09163378	0.075558215	0.0860819	0.07707352	1251.0	0.08283499	0.2314
C8orf37-AS1	0.08062239	0.082906984	0.07864254	0.09295429	0.07731398	1251.8	0.082488045	0.2316
SSBP3	0.07485015	0.105153404	0.08343522	0.078597665	0.07951374	1253.6	0.08431003	0.2318
MUC4	0.082699515	0.082932524	0.07178367	0.08542661	0.09192501	1253.8	0.08295347	0.232
TAGLN3	0.07517431	0.083931975	0.08219365	0.08404659	0.084182926	1257.6	0.08190589	0.2322
PTK6	0.072849765	0.08246884	0.08796066	0.08440476	0.08381818	1259.2	0.08230044	0.2324
ENPP7	0.08267765	0.08251698	0.083461635	0.08234323	0.07914149	1259.4	0.082028195	0.2327
LINC02645	0.07776009	0.0765385	0.08462074	0.08769971	0.08449708	1259.4	0.08222322	0.2327
SCN7A	0.087394245	0.089403816	0.07720962	0.091193736	0.07135077	1260.4	0.08331044	0.233
AC090015.1	0.07551061	0.09278985	0.08338204	0.08304759	0.0778322	1262.6	0.08251246	0.2332
BCAS4	0.08792325	0.07615859	0.09475439	0.073705524	0.08842773	1263.6	0.0841939	0.2334
ZBTB20-AS5	0.08280623	0.08310774	0.08538232	0.079524636	0.07948344	1267.0	0.08206087	0.2336
AC079142.1	0.0778971	0.1002001	0.082275696	0.07690867	0.07968375	1267.8	0.08339307	0.2338
WDR66	0.07615462	0.08557225	0.08536134	0.08035778	0.08196492	1269.2	0.08188218	0.234
DNAH12	0.06964994	0.09536557	0.090728045	0.07842082	0.08421763	1269.8	0.083676405	0.2342
SPINK1	0.07757523	0.08478346	0.077062584	0.099958174	0.07564574	1270.2	0.08300504	0.2344
DLG2	0.07538613	0.08040196	0.082692854	0.08211342	0.0886035	1270.6	0.08183958	0.2346
DEPDC1B	0.07490029	0.07867855	0.088404864	0.083718866	0.08445584	1271.4	0.08203168	0.2348
NT5DC3	0.075891264	0.08523456	0.08333989	0.07583257	0.09255175	1272.0	0.08257	0.2351
TLE4	0.07570411	0.07334047	0.07993978	0.09540092	0.09297689	1272.0	0.08347244	0.2351
TLL1	0.07749881	0.093295835	0.07202526	0.087713264	0.0830351	1272.6	0.08271365	0.2354
KCNQ3	0.072791785	0.07461108	0.08057048	0.08818516	0.10674239	1272.8	0.084580176	0.2356
SLC39A14	0.07230484	0.083827816	0.08344771	0.08874056	0.08119131	1273.2	0.081902444	0.2358
AP001021.3	0.07067573	0.07454344	0.09424515	0.08268177	0.10238861	1276.2	0.08490694	0.236
ADAMTS16	0.08579251	0.08722643	0.07227452	0.085169666	0.08123459	1277.2	0.08233954	0.2362
PODXL	0.078914426	0.06912516	0.086715676	0.09258799	0.092715375	1279.4	0.08401172	0.2366
CALR	0.0772126	0.09178304	0.079092145	0.08619799	0.076212674	1279.4	0.08209969	0.2366
SYTL2	0.076322146	0.08098426	0.084465936	0.086567126	0.079654716	1279.4	0.08159883	0.2366
AC011472.2	0.070869595	0.08071122	0.083618864	0.0835707	0.09247312	1280.4	0.0822487	0.237
LAMA2	0.075593755	0.079186805	0.078525916	0.08128789	0.09784939	1283.0	0.08248876	0.2372
ZFPM2	0.0679048	0.08492584	0.07504599	0.09036133	0.10129742	1284.8	0.08390708	0.2374
AL357153.1	0.076547936	0.07985913	0.08088328	0.083522044	0.08587869	1287.2	0.08133821	0.2376
TRIM55	0.07106432	0.076978385	0.08715441	0.08356456	0.09620623	1288.8	0.08299358	0.2378
VAT1L	0.09541149	0.083754286	0.076902024	0.08478346	0.073563315	1289.4	0.08288292	0.238
NCAM2	0.0770942	0.078280754	0.0826235	0.075542025	0.1068855	1290.6	0.08408519	0.2382
TSHZ2	0.07515852	0.07513778	0.089730464	0.08008361	0.09417175	1292.8	0.08285643	0.2384
ARSJ	0.081200026	0.078986324	0.07936341	0.085935	0.080821685	1293.4	0.08126129	0.2386
AC093151.2	0.07713195	0.08172323	0.09296677	0.071638696	0.09481838	1295.0	0.083655804	0.2388
SWAP70	0.09007138	0.09228651	0.07786517	0.080366485	0.07274566	1295.4	0.08266704	0.239
PAPPA2	0.068592705	0.08810783	0.075558394	0.095915176	0.085829504	1296.0	0.08280072	0.2392
KLF5	0.07513209	0.07963617	0.07862087	0.081274495	0.092959665	1307.0	0.08152466	0.2394
LINC02365	0.08382381	0.076242104	0.08666469	0.08077763	0.08096484	1309.2	0.08169462	0.2396
CDKL2	0.07001308	0.082547955	0.08017218	0.08909321	0.085357934	1309.4	0.08143687	0.2398
AC011447.3	0.07454425	0.07616451	0.08139035	0.08297616	0.09441496	1311.6	0.08189805	0.24
ACTN1	0.08348543	0.07699468	0.07873615	0.08561354	0.08158754	1311.8	0.08128347	0.2402
AC109492.1	0.08694061	0.071664125	0.08299458	0.08187488	0.08799063	1313.2	0.08229296	0.2404
AC096711.2	0.074276835	0.08730278	0.077333465	0.08995931	0.07808098	1314.0	0.08139067	0.2406
LINC01020	0.07672106	0.072511114	0.09733846	0.08190964	0.08552703	1315.4	0.08280147	0.2409
LINC01122	0.08880098	0.07957422	0.08406969	0.07786129	0.07816143	1315.4	0.081693515	0.2409
MIF	0.076894686	0.07919349	0.06957614	0.097614825	0.09046484	1316.0	0.08274879	0.2413
AC012409.2	0.06975505	0.088410705	0.08369483	0.0838277	0.08190668	1316.0	0.08151899	0.2413
ALDOB	0.088282496	0.077945195	0.080938436	0.0882102	0.07372236	1316.2	0.081819735	0.2416
CCDC173	0.09104113	0.083180785	0.07389628	0.09062449	0.07250655	1317.4	0.08224984	0.2418
AC113383.1	0.0744677	0.08407514	0.07922356	0.083125435	0.08305272	1317.6	0.08078891	0.2421
ESR2	0.07749919	0.07753709	0.08659845	0.07711005	0.08996865	1317.6	0.08174269	0.2421
LMCD1-AS1	0.08100362	0.06955096	0.09019806	0.08358641	0.09051214	1318.0	0.08297024	0.2424
AC002460.2	0.07850172	0.07843884	0.08302942	0.078481756	0.08625426	1318.6	0.0809412	0.2426
PLEKHH2	0.08076147	0.077328146	0.075513296	0.081980616	0.091747075	1318.8	0.08146612	0.2428
RHCE	0.074523605	0.094298445	0.08390259	0.07892117	0.077101	1321.0	0.081749365	0.243
APELA	0.071919255	0.089303255	0.07527609	0.08475097	0.08535197	1321.4	0.08132031	0.2433
ESRRG	0.07472428	0.08391943	0.08258132	0.08447838	0.07852198	1321.4	0.08084508	0.2433
ARHGAP29-AS1	0.07576643	0.07074746	0.08491035	0.08779047	0.09385921	1322.0	0.08261478	0.2436
NCKAP5	0.077745646	0.08089699	0.07948879	0.08370501	0.08101011	1323.6	0.08056931	0.2438
HHLA2	0.077641845	0.07649991	0.08462036	0.08190834	0.08448348	1324.4	0.081030786	0.244
STUM	0.0725035	0.07917375	0.07242733	0.09009933	0.09787856	1325.2	0.0824165	0.2442
DLGAP1-AS3	0.07531372	0.0852128	0.08716286	0.06983811	0.101205386	1326.4	0.08374657	0.2444
SHOC1	0.07811806	0.07251291	0.082865894	0.07941073	0.10246567	1327.6	0.08307465	0.2446
RPL35	0.072246514	0.075656906	0.081406586	0.0850264	0.09557209	1328.0	0.0819817	0.2448
PUDP	0.077671595	0.07917289	0.07648233	0.10607282	0.074317515	1330.0	0.08274343	0.245
MSN	0.09061566	0.07472673	0.079504795	0.08278891	0.08030447	1331.0	0.08158811	0.2452
HOMER1	0.0768666	0.08381824	0.07523228	0.1005668	0.07409776	1332.4	0.082116336	0.2455
MT-ND3	0.07635012	0.071403265	0.0827006	0.0873236	0.09233107	1332.4	0.082021736	0.2455
FGB	0.078311324	0.079253584	0.07726225	0.09323808	0.0768637	1333.4	0.08098579	0.2458
CYS1	0.07858658	0.08081747	0.07754215	0.075209364	0.09645366	1336.8	0.08172184	0.2461
FRK	0.077722915	0.07693338	0.084490426	0.08768568	0.07768464	1336.8	0.0809034	0.2461
NRK	0.07459782	0.08325487	0.07982849	0.07856675	0.08712328	1337.4	0.080674246	0.2464
AC092650.1	0.071744084	0.08397899	0.08501347	0.081413925	0.08185742	1337.8	0.08080158	0.2466
NUGGC	0.06548827	0.08874937	0.085954584	0.080214515	0.091719724	1338.2	0.08242529	0.2468
CIT	0.08729765	0.086047746	0.07887859	0.07895229	0.07427543	1343.2	0.08109034	0.247
SMAD9	0.07653415	0.09920862	0.076147005	0.08574412	0.07276441	1343.6	0.082079664	0.2472
CASC6	0.0870351	0.08948374	0.071010605	0.08128655	0.078861445	1343.8	0.08153549	0.2474
TMEM243	0.08579526	0.07366538	0.08295619	0.083626665	0.08033353	1344.0	0.0812754	0.2477
CSRNP3	0.086334385	0.07493771	0.07475723	0.08294866	0.08730489	1344.0	0.081256576	0.2477
AL162497.1	0.06957946	0.08151089	0.09383675	0.076851204	0.08856601	1345.0	0.08206886	0.248
KNL1	0.07274485	0.0819679	0.089833304	0.079790644	0.08044517	1346.0	0.08095637	0.2482
ROBO2	0.07482381	0.0867789	0.0776297	0.08753604	0.07636596	1346.2	0.08062688	0.2484
EGLN1	0.07038418	0.0781298	0.08831688	0.08457753	0.08422834	1347.0	0.081127346	0.2486
EZR	0.071482524	0.07981062	0.07447219	0.09590932	0.08486038	1348.2	0.08130701	0.2488
LINC01762	0.07451894	0.076535225	0.08373469	0.081557	0.087109886	1348.6	0.08069115	0.249
GRB14	0.0793453	0.0786091	0.07640892	0.08232303	0.08468911	1350.4	0.08027509	0.2492
CYP39A1	0.07350429	0.08516195	0.08134649	0.08015444	0.08140294	1352.2	0.080314025	0.2494
AHRR	0.109528504	0.08502017	0.07527152	0.07384606	0.077615194	1352.8	0.08425629	0.2496
TAFA2	0.08046092	0.08326065	0.07913633	0.077562526	0.081348225	1353.2	0.08035372	0.2498
LINC01191	0.07276239	0.08115145	0.0785325	0.08632478	0.08247115	1354.6	0.08024845	0.25
DGKI	0.06904376	0.08225506	0.09614373	0.07858978	0.08286521	1357.2	0.08177951	0.2502
PLD5	0.08154436	0.07420144	0.08246276	0.09003794	0.07669476	1358.0	0.08098825	0.2505
GSTCD	0.087859474	0.07750699	0.07745575	0.07516224	0.08902806	1358.0	0.0814025	0.2505
SMAD6	0.08111151	0.0784694	0.07914756	0.07992163	0.082335755	1358.6	0.08019718	0.2508
RAB30	0.08672421	0.08296018	0.07044725	0.08688583	0.07836897	1359.8	0.081077285	0.251
PIGR	0.08139193	0.07899085	0.07608741	0.07692699	0.08998168	1360.2	0.080675766	0.2512
LINC02274	0.07104365	0.09106742	0.08698296	0.07922859	0.077341706	1363.2	0.08113287	0.2514
WARS2-AS1	0.077369526	0.079137795	0.07189771	0.08370771	0.09180791	1364.0	0.08078413	0.2517
LINC01205	0.08332899	0.09205086	0.07728496	0.078955986	0.073675156	1364.0	0.08105919	0.2517
IER2	0.06974731	0.08716549	0.077981226	0.08722302	0.08074657	1365.4	0.080572724	0.252
CLNK	0.07402671	0.08072378	0.07992578	0.07569805	0.095785156	1366.0	0.08123189	0.2523
AC103591.3	0.075512774	0.07722735	0.07752686	0.08219393	0.08965577	1366.0	0.08042334	0.2523
LINC00870	0.08568403	0.07706286	0.0784755	0.083276905	0.0781863	1366.4	0.08053712	0.2526
WNK4	0.07888085	0.07415939	0.07959265	0.08882933	0.08100628	1366.6	0.0804937	0.2528
HORMAD2	0.08293103	0.08325733	0.08018124	0.07923795	0.075528	1367.2	0.08022711	0.253
ATP10A	0.08564653	0.07866794	0.07944673	0.08078595	0.077128604	1367.6	0.080335155	0.2532
SFTPD	0.07573849	0.07884504	0.08188589	0.08404288	0.07940679	1368.2	0.079983816	0.2534
LINC02511	0.079025686	0.09275219	0.06981449	0.080888025	0.0829849	1369.6	0.08109306	0.2536
RCAN1	0.06998448	0.08189103	0.081191145	0.093596354	0.07739367	1370.6	0.08081134	0.2538
VDR	0.06395379	0.09532948	0.08093245	0.082574874	0.088514	1371.0	0.08226092	0.254
AP000708.1	0.08811114	0.07510084	0.07196818	0.08328081	0.087305024	1371.8	0.0811532	0.2542
ADORA2A-AS1	0.08635287	0.07907124	0.07113077	0.08512422	0.08128892	1373.4	0.0805936	0.2544
GRAMD2B	0.07487911	0.07517385	0.080637775	0.088780135	0.082082875	1373.6	0.08031075	0.2546
C8orf34	0.07407121	0.0773889	0.07433469	0.09017424	0.08623189	1374.2	0.080440186	0.2548
AC003991.1	0.07761672	0.06883131	0.08568896	0.08993554	0.08613993	1375.0	0.08164249	0.2551
RPS15	0.08506169	0.07559555	0.07705139	0.09380784	0.07448688	1375.0	0.081200674	0.2551
SLCO1A2	0.074270695	0.09338956	0.084614255	0.078143105	0.07458887	1375.6	0.0810013	0.2554
IKZF2	0.07878954	0.07380961	0.07526159	0.09733299	0.0811311	1375.8	0.081264965	0.2556
C1QTNF7	0.09861961	0.07215087	0.07794704	0.082379	0.08009384	1376.6	0.08223807	0.2558
AL390957.1	0.08367379	0.08260018	0.07472868	0.08390405	0.07573006	1378.2	0.08012735	0.2561
MIR924HG	0.072407305	0.0782208	0.079616256	0.08149188	0.089370996	1378.2	0.08022145	0.2561
ADM	0.07517102	0.07326404	0.083222985	0.07838233	0.09906051	1379.0	0.081820175	0.2564
CIITA	0.06941073	0.085150585	0.08670576	0.07801008	0.084007055	1379.2	0.08065684	0.2566
FGD3	0.069629274	0.071910635	0.098321155	0.08777405	0.08440277	1380.8	0.08240758	0.2568
RASGEF1A	0.086559765	0.076746374	0.07642921	0.09012867	0.07403065	1381.2	0.080778934	0.257
PDXK	0.07297796	0.07990353	0.08115358	0.07815096	0.08824131	1382.0	0.08008547	0.2572
UBC	0.08543088	0.07326064	0.07234248	0.09301853	0.0828986	1382.6	0.081390224	0.2574
LINC00649	0.074831374	0.088763505	0.07070722	0.0811912	0.08750814	1382.8	0.080600284	0.2576
APCDD1L-DT	0.07619503	0.07447946	0.08021177	0.0927774	0.07931926	1383.6	0.08059658	0.2578
GULP1	0.07365489	0.07733482	0.07841015	0.08644172	0.08364979	1383.8	0.079898275	0.258
STK39	0.06696572	0.083509766	0.07904106	0.08516532	0.088133715	1384.8	0.08056311	0.2582
AZIN1-AS1	0.06743126	0.08222751	0.09203967	0.07991018	0.08345899	1386.0	0.08101352	0.2584
SLC30A8	0.07532556	0.08067905	0.07926462	0.08111284	0.08129498	1386.6	0.07953541	0.2586
LINC02315	0.07910848	0.08332195	0.08419527	0.07768894	0.0753877	1386.8	0.079940476	0.2588
TGFBR1	0.07278074	0.076182604	0.08429363	0.08032378	0.086862095	1388.2	0.08008857	0.259
PLAG1	0.070059784	0.08837256	0.07539911	0.07877559	0.09042511	1389.6	0.08060642	0.2592
H1FX	0.08226364	0.08949606	0.07332711	0.07811924	0.07846184	1389.8	0.080333576	0.2594
TTC26	0.080791175	0.07304717	0.07833111	0.07840731	0.09444726	1391.4	0.081004806	0.2596
AL355612.1	0.06915747	0.09057636	0.06965554	0.091246046	0.086629175	1391.8	0.08145292	0.2598
CALCR	0.06723286	0.08954344	0.08360791	0.0817996	0.08048998	1393.4	0.080534756	0.26
SORCS2	0.0655117	0.085557744	0.0753845	0.091190964	0.087242015	1394.4	0.08097738	0.2602
AC034195.1	0.08448649	0.077677734	0.07350312	0.077493764	0.08904257	1396.2	0.08044074	0.2604
PGAP1	0.07864751	0.08019931	0.083504796	0.08013331	0.07511167	1396.8	0.07951932	0.2606
GALNT18	0.071242586	0.08578547	0.08491526	0.07755056	0.08082811	1397.0	0.08006439	0.2608
LIPH	0.07578032	0.07402425	0.074280016	0.09007976	0.08819257	1398.2	0.08047138	0.261
AC099788.1	0.07805063	0.07468402	0.09094442	0.07913008	0.07929136	1398.6	0.0804201	0.2612
MME	0.09797802	0.07552599	0.072481304	0.08692058	0.07565872	1400.0	0.081712924	0.2614
MT-ND4	0.073720165	0.074625395	0.07321559	0.08685871	0.09667826	1400.2	0.081019625	0.2616
TMPRSS13	0.08829108	0.07282302	0.08839076	0.089562885	0.06968216	1401.2	0.08174998	0.2618
UQCRH	0.077953644	0.08551958	0.07232141	0.07943142	0.083285965	1401.8	0.0797024	0.262
ALDH1A2	0.076404564	0.084376566	0.073718876	0.07850912	0.08478679	1404.2	0.079559185	0.2622
KCNK5	0.08248933	0.08464094	0.06647179	0.08706383	0.08293261	1405.0	0.080719694	0.2624
CNTN5	0.07366784	0.099194214	0.08427515	0.075226724	0.074612714	1405.6	0.08139533	0.2626
ALDH1L1	0.069158666	0.0751079	0.090690374	0.083259724	0.08505641	1406.4	0.08065462	0.2628
LINC01594	0.07315349	0.07720127	0.07914198	0.08203696	0.08591531	1407.0	0.079489805	0.263
PROX1	0.09070081	0.07435305	0.08103341	0.083238974	0.07377878	1407.8	0.080621004	0.2632
RPL34	0.07668183	0.07717684	0.07990455	0.08162067	0.08125651	1411.6	0.079328075	0.2634
DCLK1	0.08675055	0.07921602	0.06785605	0.077443	0.09708919	1413.4	0.08167096	0.2636
AC123912.4	0.07516438	0.081683606	0.07794612	0.08105452	0.07996125	1414.0	0.07916198	0.2638
RPL21	0.07450413	0.081741676	0.08017065	0.07749405	0.08260299	1417.4	0.07930269	0.264
AC108690.1	0.06975556	0.077509314	0.08235643	0.08553021	0.083035156	1417.6	0.079637334	0.2642
DHRS3	0.082025595	0.07628696	0.070099354	0.085789375	0.08546033	1420.2	0.079932325	0.2644
GDA	0.07310411	0.07773655	0.08489615	0.078029856	0.08391411	1421.2	0.079536155	0.2646
AC011029.1	0.07688959	0.0684868	0.08810862	0.0858483	0.08523672	1421.6	0.080914006	0.2648
ANXA2	0.075488344	0.085986234	0.072744824	0.08424547	0.07850373	1422.0	0.07939372	0.265
AC068305.2	0.08297286	0.07711334	0.07706211	0.08042626	0.07935578	1422.6	0.07938607	0.2653
APOLD1	0.07807605	0.097037375	0.073855095	0.07257192	0.08301605	1422.6	0.08091129	0.2653
WWTR1	0.08396993	0.08350404	0.06741661	0.08206253	0.08395537	1424.2	0.0801817	0.2656
DOCK10	0.07240627	0.07420577	0.08046666	0.08540255	0.08587142	1424.6	0.07967053	0.2658
AC078980.1	0.080024295	0.07983634	0.082328424	0.07891867	0.07460797	1425.8	0.079143144	0.266
CREB5	0.075581715	0.08658815	0.06986965	0.086027026	0.080256104	1426.8	0.07966453	0.2662
STAC	0.07378612	0.09194255	0.07786855	0.07239326	0.08547356	1427.4	0.080292806	0.2664
AC012593.1	0.08664518	0.07787138	0.08223612	0.07525436	0.077356495	1428.0	0.079872705	0.2666
ZNF486	0.08900297	0.08182952	0.07472032	0.08090195	0.07249759	1430.0	0.07979047	0.2668
SOD2	0.07448131	0.082718536	0.07697686	0.08089354	0.07952488	1430.4	0.07891902	0.2671
BHLHE40	0.086129904	0.07905936	0.08076524	0.06954428	0.08704424	1430.4	0.080508605	0.2671
PAWR	0.07947887	0.08470933	0.07230323	0.08469142	0.07519641	1431.4	0.079275854	0.2675
WDR72	0.07644576	0.08259129	0.07734024	0.0850472	0.07390616	1431.4	0.07906613	0.2675
LINC00871	0.08983241	0.0800772	0.07538551	0.08718155	0.068734795	1431.6	0.08024229	0.2678
SP4	0.07207844	0.083872035	0.07682759	0.08261453	0.07952673	1432.8	0.078983866	0.268
LINC02505	0.08058894	0.089401215	0.079061985	0.07798659	0.07139681	1433.4	0.0796871	0.2683
ADD3-AS1	0.076906994	0.077438205	0.070093326	0.09313936	0.082461864	1433.4	0.08000795	0.2683
SCN11A	0.07727301	0.07454026	0.077101655	0.0863585	0.08115779	1433.8	0.07928624	0.2686
CDH2	0.0731296	0.07786297	0.07731174	0.07932683	0.08883535	1435.2	0.079293296	0.2688
AP001977.1	0.07770016	0.07857485	0.08939251	0.07378439	0.079514466	1436.2	0.079793274	0.269
MAL	0.07141402	0.07470844	0.08398779	0.089625955	0.078613035	1436.4	0.07966985	0.2692
DPP10	0.07356122	0.08498366	0.08606246	0.06955854	0.08768253	1437.8	0.08036969	0.2694
TCF19	0.08572218	0.074395485	0.068871126	0.08756096	0.08509701	1438.2	0.08032935	0.2696
LINC02669	0.07760579	0.078333125	0.075148135	0.077661425	0.086412445	1439.8	0.07903218	0.2699
AL645568.1	0.08701539	0.08664493	0.07397556	0.07446056	0.077148795	1439.8	0.07984905	0.2699
AC004160.1	0.071842656	0.09168612	0.086770244	0.08081032	0.06999746	1444.0	0.08022136	0.2702
SPATA6L	0.089860216	0.0696961	0.07317701	0.08929127	0.08174357	1444.2	0.08075363	0.2704
AC104695.4	0.07156348	0.08212797	0.08488982	0.07606201	0.08150839	1444.6	0.07923033	0.2706
IGHM	0.08554619	0.06852769	0.08317509	0.076349385	0.09259623	1446.4	0.08123892	0.2708
KCNN3	0.07537865	0.08495043	0.07467387	0.07737568	0.08211286	1448.2	0.078898296	0.271
AIF1L	0.075433314	0.07464417	0.076922745	0.08953988	0.07928355	1450.6	0.07916473	0.2712
SEC24D	0.06366184	0.07716042	0.074792065	0.090592146	0.108439416	1451.0	0.08292918	0.2714
PPM1L	0.09099334	0.085681446	0.06824833	0.08841696	0.07042864	1452.0	0.08075374	0.2716
LINC02458	0.06949712	0.08151986	0.07990676	0.07860855	0.085090555	1454.6	0.07892457	0.2719
ARSF	0.08989106	0.07893213	0.07517916	0.078094594	0.074835286	1454.6	0.07938645	0.2719
OXCT1	0.060048595	0.07783146	0.09338739	0.088846855	0.087533675	1455.4	0.0815296	0.2722
EPHA7	0.07245982	0.0765413	0.07359865	0.08367913	0.08939499	1456.8	0.07913478	0.2724
ERMP1	0.07103746	0.08091543	0.07486497	0.07801896	0.09123729	1458.2	0.079214826	0.2726
AC090204.1	0.08321883	0.06942934	0.08225147	0.07954652	0.08468346	1458.8	0.07982592	0.2728
AC022424.1	0.07437956	0.07632886	0.087867245	0.08165437	0.0751903	1460.0	0.07908407	0.2731
AC003044.1	0.08211712	0.07541332	0.08410496	0.07533781	0.07921552	1460.0	0.079237744	0.2731
AC011586.2	0.078507505	0.08229402	0.08411521	0.07944014	0.070161544	1463.6	0.07890369	0.2736
CCDC170	0.07373764	0.066973045	0.09526229	0.08825493	0.08283174	1463.6	0.08141193	0.2736
DNAJC12	0.07197404	0.07440162	0.085545935	0.0802801	0.08346566	1463.6	0.079133466	0.2736
SPSB1	0.08050838	0.0797657	0.07557358	0.08489962	0.07223833	1466.0	0.07859712	0.274
PMEPA1	0.08185698	0.07388094	0.082419395	0.07739163	0.07972435	1466.4	0.07905466	0.2742
PLAGL1	0.075813495	0.089436255	0.08605903	0.06897421	0.080210984	1466.6	0.08009879	0.2744
KCND2	0.07038525	0.07876229	0.07654476	0.08190035	0.08515378	1467.6	0.07854929	0.2746
FAU	0.0773488	0.07317126	0.07856016	0.084663905	0.08003486	1468.8	0.078755796	0.2748
RTN4RL1	0.073097676	0.07964982	0.089857526	0.07942025	0.07315738	1469.0	0.079036534	0.275
AC018730.1	0.07694855	0.07145455	0.07359281	0.093721434	0.08286419	1469.6	0.07971631	0.2752
NELL1	0.07776464	0.07292205	0.07430093	0.08635867	0.08257669	1475.6	0.0787846	0.2754
AL356124.1	0.068666756	0.08089216	0.07229869	0.09166457	0.08241663	1478.4	0.07918776	0.2756
AL117382.1	0.07634345	0.07544101	0.07282406	0.09722885	0.07595323	1479.0	0.07955812	0.2759
AC104596.1	0.08552839	0.08908125	0.08985806	0.07248595	0.067476474	1479.0	0.08088602	0.2759
SDC4	0.08436612	0.07663423	0.0749218	0.082379535	0.074885145	1479.4	0.07863736	0.2762
SLC6A18	0.07617286	0.07901554	0.07642703	0.07561967	0.08454237	1479.6	0.07835549	0.2764
ABHD2	0.077973865	0.07183951	0.087407835	0.084389076	0.07454488	1481.0	0.07923103	0.2766
NPAS2	0.07580585	0.07278635	0.07919442	0.076301076	0.0932122	1481.2	0.07945998	0.2768
WBP2NL	0.076508164	0.08909129	0.08309717	0.07402693	0.07266026	1482.6	0.07907677	0.277
AL353151.2	0.07019085	0.07282996	0.07420118	0.09743516	0.08529835	1482.8	0.0799911	0.2772
ITGB8	0.082632266	0.07455411	0.07582377	0.080138214	0.07971175	1483.0	0.07857202	0.2774
ABCB1	0.06455969	0.08600884	0.09558732	0.076398514	0.07971902	1484.0	0.080454685	0.2776
CYP2B6	0.070384584	0.07675585	0.08780582	0.07665973	0.0835469	1484.4	0.07903058	0.2778
VAV3	0.06843166	0.07796253	0.07538817	0.08048132	0.09471093	1484.6	0.07939492	0.278
ADAMTS20	0.083491676	0.08150789	0.07229114	0.076053634	0.08011757	1485.4	0.07869239	0.2782
MT1M	0.074909054	0.07634266	0.08098415	0.08203562	0.0765777	1486.2	0.07816984	0.2784
LINC01917	0.08143067	0.0737544	0.07565665	0.078319594	0.08374296	1491.6	0.07858086	0.2787
GRIK2	0.06808756	0.08229808	0.08018585	0.08945998	0.07377667	1491.6	0.07876163	0.2787
MAP3K1	0.067678295	0.078192145	0.08119121	0.08801817	0.078312844	1492.0	0.07867853	0.279
EYA2	0.06654818	0.08061617	0.08691099	0.08429389	0.07622779	1492.2	0.078919396	0.2792
PCA3	0.06902515	0.07435544	0.08338246	0.07704557	0.09528622	1494.0	0.079818964	0.2794
CTNND2	0.07323541	0.07997127	0.081947185	0.08469824	0.07122258	1494.2	0.07821493	0.2796
HIVEP1	0.07049363	0.08906502	0.07673711	0.07617284	0.080847345	1494.4	0.078663185	0.2798
COL4A2	0.07011939	0.08171185	0.06988087	0.09332423	0.0806242	1495.2	0.07913211	0.2801
MAGI1	0.085324	0.06217759	0.07977059	0.09953599	0.08581585	1495.2	0.0825248	0.2801
AL135785.1	0.08093335	0.0803828	0.07726159	0.07176793	0.08261897	1495.6	0.07859293	0.2805
GALNT5	0.09479535	0.07557898	0.06961894	0.07848424	0.08107563	1495.6	0.07991063	0.2805
ERG	0.083345756	0.07879373	0.06934734	0.08569826	0.07590299	1499.0	0.07861762	0.2808
RFX3-AS1	0.075549856	0.08319842	0.08621759	0.07089855	0.07896584	1500.0	0.078966044	0.281
AP000424.1	0.07663309	0.08197038	0.07932273	0.075493716	0.07652532	1501.4	0.07798905	0.2812
ISM1	0.08085443	0.07179673	0.07980498	0.07857262	0.08129116	1502.0	0.07846399	0.2814
EFHD1	0.07715883	0.09365657	0.069921866	0.08291103	0.07222188	1503.6	0.079174034	0.2816
AC104365.1	0.07502791	0.071403585	0.07892024	0.081130266	0.085749105	1504.0	0.078446224	0.2818
DOLPP1	0.07539451	0.06893676	0.082764894	0.07957062	0.08951656	1505.6	0.07923667	0.282
DDX59-AS1	0.08068488	0.081851326	0.07799332	0.065971226	0.095867366	1506.6	0.08047362	0.2822
AC092118.1	0.0804452	0.07770722	0.07580645	0.077745244	0.07808581	1507.4	0.07795798	0.2824
MECOM	0.10044192	0.07479271	0.06706412	0.08595833	0.07693292	1508.4	0.081038	0.2827
VCAN	0.07709342	0.082970805	0.078900985	0.0721815	0.080308616	1508.4	0.078291066	0.2827
NR2F1-AS1	0.06940287	0.08792997	0.08252118	0.07187456	0.083617166	1508.6	0.07906915	0.283
CD163L1	0.06748584	0.106796816	0.07193444	0.07754275	0.08206778	1509.6	0.08116553	0.2832
LINC01889	0.06862139	0.08267685	0.08625658	0.07971615	0.074784376	1510.0	0.078411065	0.2834
RGS7BP	0.07839048	0.07804062	0.085595146	0.070388705	0.08150175	1510.2	0.07878334	0.2836
PRSS12	0.0682536	0.06956697	0.08135799	0.088529855	0.09149598	1513.0	0.07984088	0.2838
AC025159.1	0.06831585	0.07296403	0.08895656	0.07927116	0.086025946	1514.4	0.07910671	0.284
CORIN	0.08355547	0.079394996	0.07221781	0.079554856	0.07521629	1515.0	0.07798789	0.2842
SEPTIN9-DT	0.07737992	0.07566717	0.07291832	0.08017926	0.0831015	1516.4	0.07784923	0.2844
AC023590.1	0.062035404	0.09335203	0.08121626	0.075879544	0.087485604	1516.6	0.07999377	0.2846
TFPI	0.07782078	0.08521887	0.06976859	0.07793671	0.07959915	1517.2	0.078068815	0.2848
LYN	0.08632192	0.07803162	0.08121297	0.071590304	0.07672689	1518.6	0.07877674	0.285
SLC17A1	0.072703436	0.073418155	0.07458054	0.08275663	0.08747074	1519.4	0.0781859	0.2852
CACNG2	0.075027764	0.08153277	0.0690204	0.0842905	0.08017031	1521.2	0.078008346	0.2854
GLIPR1L2	0.0776062	0.07891223	0.08138885	0.0855463	0.067516156	1523.0	0.07819395	0.2856
AC010226.1	0.074514806	0.08001783	0.08181983	0.07313286	0.07994861	1524.0	0.07788678	0.2858
OSBPL3	0.073743194	0.074935764	0.07506034	0.0860153	0.07899712	1524.2	0.07775035	0.286
C15orf41	0.07468244	0.07025351	0.087050565	0.0758451	0.08748381	1525.0	0.07906308	0.2863
MYLK	0.08217998	0.08354476	0.074835956	0.08111973	0.06882124	1525.0	0.07810034	0.2863
TUBA8	0.061969947	0.077001765	0.08089393	0.085464455	0.09143005	1526.6	0.079352036	0.2866
MUC22	0.07556	0.066024594	0.080188915	0.08433287	0.094196595	1526.8	0.080060594	0.2868
JPH2	0.0699601	0.077363394	0.09281804	0.07457761	0.079770125	1527.4	0.07889785	0.287
AL162493.1	0.070673674	0.08407776	0.083479166	0.072363675	0.08052569	1530.0	0.07822399	0.2872
TEAD4	0.076763086	0.07951486	0.07974011	0.08056207	0.07099302	1530.4	0.077514626	0.2875
EDIL3	0.07190153	0.08217649	0.07818849	0.07973815	0.07509512	1530.4	0.07741995	0.2875
INTS6	0.06900634	0.074896574	0.076667026	0.09981894	0.07604844	1531.4	0.07928746	0.2878
EPM2A	0.065612175	0.07507902	0.0834572	0.078709766	0.09221056	1531.8	0.07901375	0.288
C6orf58	0.07348333	0.08644755	0.085408136	0.066809624	0.08394226	1534.0	0.07921818	0.2882
AC053527.2	0.089815326	0.06826075	0.07389683	0.0794211	0.085429676	1536.8	0.07936473	0.2884
AC098829.1	0.07031775	0.07461528	0.07762154	0.08171571	0.08413486	1539.4	0.07768103	0.2886
HUNK	0.06876929	0.08678756	0.07536201	0.07454958	0.08488704	1541.4	0.078071095	0.2888
COL4A6	0.07942225	0.078248054	0.07584668	0.07560477	0.07779139	1542.2	0.07738263	0.289
AC245187.2	0.07675421	0.07380752	0.07723613	0.078568034	0.08097195	1547.0	0.077467576	0.2894
AL049828.1	0.075900204	0.07456146	0.07935598	0.07574893	0.08234387	1547.0	0.07758209	0.2894
IQANK1	0.077955276	0.06984187	0.081079304	0.08149477	0.079431646	1547.0	0.07796057	0.2894
GAPDH	0.06603486	0.07781984	0.08156202	0.07852104	0.08545931	1548.2	0.077879414	0.2898
DAPK1	0.07623755	0.06769197	0.07872804	0.08107341	0.09086921	1548.8	0.07892004	0.29
ITGA1	0.08633112	0.08789071	0.07101938	0.080966316	0.06744136	1550.0	0.07872977	0.2902
AL160314.2	0.07257228	0.074261	0.07910122	0.08177787	0.07919881	1550.6	0.07738224	0.2904
LINC01618	0.073840395	0.07839427	0.07964374	0.07947247	0.073862635	1551.8	0.07704271	0.2906
NF2	0.068784334	0.08754552	0.08587796	0.077857874	0.07124494	1552.4	0.07826213	0.2908
LINC01099	0.07147541	0.074450426	0.07932422	0.08244572	0.079144955	1552.8	0.07736815	0.291
AP001442.1	0.073172145	0.07502348	0.08168337	0.073680006	0.08480786	1554.6	0.077673376	0.2912
IL1RAPL1	0.07151225	0.07764123	0.06748634	0.08271029	0.094354376	1555.6	0.078740895	0.2914
GDNF-AS1	0.08002091	0.08202775	0.06791732	0.08197579	0.076177	1556.6	0.077623755	0.2916
LINC01284	0.07259268	0.084372915	0.07769354	0.077239275	0.074076176	1557.0	0.077194914	0.2918
AL390860.1	0.06904793	0.078740254	0.07689587	0.079540685	0.08193335	1557.6	0.077231616	0.292
CALCB	0.07239012	0.0817828	0.06935508	0.08885754	0.0755368	1559.0	0.07758447	0.2922
TMEM38B	0.075894654	0.076084815	0.074607424	0.07994811	0.07841837	1561.8	0.07699068	0.2924
CAPS2	0.08430768	0.08216067	0.071259014	0.08550375	0.06751818	1562.4	0.07814986	0.2926
AC017002.5	0.06579244	0.07326037	0.088977225	0.07671305	0.09073519	1563.6	0.079095654	0.2928
LINC02605	0.07203632	0.084834665	0.0709378	0.08310449	0.07521661	1564.4	0.077225976	0.293
GREB1	0.080151476	0.084440075	0.07141469	0.07518408	0.07594088	1565.7	0.07742624	0.2932
COLEC10	0.07136748	0.07735828	0.08068499	0.080586456	0.07508266	1567.0	0.07701597	0.2934
LINC00410	0.07667594	0.07429058	0.08672451	0.08183301	0.06971066	1568.0	0.077846944	0.2936
TACC1	0.07321566	0.08688056	0.07845303	0.072467946	0.076228164	1570.4	0.077449076	0.2938
NPY1R	0.06425901	0.079132	0.068742484	0.095022805	0.089225456	1570.6	0.079276346	0.294
CDHR1	0.07127824	0.079202555	0.07395532	0.07917166	0.080011144	1574.0	0.07672378	0.2942
AP003049.2	0.08581897	0.07404308	0.0756106	0.07300014	0.081016175	1574.4	0.077897795	0.2944
INPP4B	0.06269579	0.088513814	0.08206026	0.074307606	0.08483142	1576.4	0.07848178	0.2946
SEMA4B	0.07503532	0.0820961	0.06913861	0.079175755	0.0799117	1576.6	0.0770715	0.2948
USP2	0.067850135	0.08308972	0.06815069	0.0828956	0.086806536	1578.0	0.077758536	0.295
RMDN2	0.069709085	0.07060952	0.08196	0.082763255	0.083357885	1578.4	0.07767995	0.2952
GPR1-AS	0.08424601	0.066151865	0.082738295	0.07824356	0.082461685	1581.4	0.07876828	0.2954
SPC25	0.09709104	0.06827978	0.07515938	0.07402205	0.08477846	1581.8	0.07986614	0.2956
LMO7	0.07839338	0.06826451	0.08056812	0.07916671	0.082397275	1584.0	0.077758	0.296
GLYATL2	0.07067724	0.07679348	0.078594364	0.08603145	0.07264328	1584.0	0.076947965	0.296
SCEL	0.06475642	0.07888412	0.07862841	0.08607832	0.07842705	1584.0	0.07735486	0.296
CYP4A11	0.07601949	0.08165849	0.07327278	0.08706752	0.06809057	1586.4	0.07722177	0.2964
JAZF1	0.06567941	0.07957276	0.0812492	0.07695861	0.08288185	1586.6	0.07726838	0.2966
RAP1GAP	0.07494663	0.07606876	0.07313103	0.08762486	0.07279586	1588.4	0.07691343	0.2968
MAMLD1	0.0611197	0.07399594	0.08851864	0.08500438	0.0846099	1590.4	0.078649715	0.297
FHL2	0.076308765	0.07924331	0.07038153	0.0817916	0.07542562	1591.0	0.07663017	0.2972
SPAG1	0.07740825	0.07389612	0.07918989	0.07861773	0.07462696	1593.0	0.07674779	0.2974
RARB	0.070463546	0.07921284	0.06843721	0.08331515	0.08361054	1595.6	0.07700785	0.2977
MXRA5	0.07314341	0.08643437	0.07282002	0.073498465	0.07916812	1595.6	0.07701288	0.2977
GABRP	0.0603315	0.08014934	0.078765206	0.090321	0.08031016	1596.2	0.077975444	0.298
CA3	0.071968265	0.07844299	0.07263239	0.08281532	0.07643891	1597.2	0.07645957	0.2982
AL136419.3	0.06528191	0.08683122	0.08137135	0.07549688	0.07844082	1599.2	0.07748444	0.2984
PUM3	0.06373377	0.07632236	0.082100116	0.079402074	0.08608143	1599.4	0.077527955	0.2986
TMLHE-AS1	0.06853646	0.077150196	0.082264505	0.07895502	0.07706933	1600.0	0.0767951	0.2988
SNX30	0.0696564	0.06714514	0.08069247	0.08722148	0.087231666	1600.4	0.07838943	0.299
LINC01687	0.08361601	0.07839436	0.06934111	0.08657095	0.069378674	1601.2	0.077460214	0.2992
FAM184A	0.070748694	0.08319791	0.071167186	0.082035765	0.07587131	1602.4	0.07660417	0.2994
ST8SIA2	0.06865737	0.08877548	0.06938538	0.07806899	0.08160121	1609.2	0.07729769	0.2996
MT1X	0.06347818	0.07682277	0.09241071	0.07768748	0.08050533	1609.4	0.078180894	0.2998
CFAP61	0.073397584	0.08311838	0.074828684	0.073465094	0.077429235	1612.4	0.0764478	0.3
FAXC	0.06872655	0.07769242	0.07457364	0.07747898	0.08473458	1612.6	0.07664123	0.3002
AC090825.1	0.08141849	0.072663285	0.08241271	0.07760302	0.07121927	1613.0	0.07706335	0.3004
FOSB	0.06824831	0.082666196	0.07177242	0.07849874	0.082520165	1613.6	0.07674117	0.3006
ANXA4	0.060812697	0.0795821	0.09292806	0.08178056	0.07584944	1614.4	0.07819057	0.3008
SSTR5-AS1	0.07980481	0.07973107	0.07233986	0.07269781	0.07875965	1614.6	0.07666664	0.301
RMST	0.0797679	0.090103514	0.06325134	0.082225874	0.07476108	1616.6	0.07802194	0.3012
RNF128	0.07347551	0.08174515	0.0766035	0.08825662	0.065378845	1617.4	0.077091925	0.3014
LINC02196	0.066995345	0.078387216	0.07233189	0.080064245	0.08568854	1618.6	0.076693445	0.3016
PDE2A	0.07381583	0.0766189	0.07585539	0.08543847	0.07039216	1618.8	0.07642415	0.3018
FAM169A	0.07363972	0.077180035	0.074980326	0.083652176	0.07159784	1619.6	0.076210015	0.302
AC244035.1	0.08432669	0.07594163	0.07087686	0.07512277	0.07856171	1620.8	0.07696593	0.3022
CASC15	0.07336168	0.08165198	0.077921495	0.07203586	0.077063896	1625.0	0.07640698	0.3024
FYB1	0.08068599	0.08089359	0.06786498	0.09223773	0.06720037	1625.2	0.07777654	0.3026
SLC7A13	0.06740657	0.079876356	0.07416973	0.08022769	0.07935569	1627.4	0.076207206	0.3028
LINC00598	0.07322408	0.08109648	0.07773253	0.07828642	0.07041096	1628.4	0.0761501	0.303
LINC02471	0.06517177	0.06951386	0.09462737	0.08583876	0.078321084	1628.6	0.07869457	0.3032
MIR99AHG	0.07543374	0.07483075	0.07324296	0.08016236	0.07650806	1630.2	0.076035574	0.3035
MACC1	0.06449343	0.07456196	0.07740158	0.09893686	0.075481124	1630.2	0.07817499	0.3035
IVNS1ABP	0.07760566	0.06848918	0.079513885	0.07534843	0.0848413	1631.0	0.07715969	0.3038
BEAN1	0.060510017	0.08037382	0.072976515	0.07916605	0.10279579	1632.6	0.07916443	0.304
PCDH7	0.0715668	0.08202898	0.0698257	0.0842495	0.073904306	1633.2	0.07631506	0.3042
PTCHD1-AS	0.066791154	0.08034616	0.07910058	0.07490546	0.08100403	1633.8	0.07642947	0.3044
ITGA6	0.07883717	0.075019784	0.074852705	0.0778684	0.07375372	1634.4	0.07606636	0.3046
ADAM10	0.07580699	0.07090415	0.07200961	0.0802238	0.08413662	1635.2	0.07661623	0.3048
NOS1	0.06754042	0.080292	0.07866059	0.07919728	0.074590944	1637.2	0.07605625	0.305
SLC38A11	0.06775102	0.072655715	0.07459542	0.08455597	0.08381914	1637.6	0.07667545	0.3053
NPHS1	0.06709204	0.089865245	0.07694364	0.07145519	0.080961674	1637.6	0.07726356	0.3053
THUMPD1	0.07731381	0.07645414	0.07242291	0.07948057	0.074243605	1637.8	0.075983	0.3056
CCL28	0.08426817	0.0678371	0.08527702	0.06915495	0.087241955	1638.8	0.07875584	0.3058
ARHGAP26	0.07078349	0.07793671	0.07181988	0.07684114	0.08371269	1640.6	0.076218784	0.306
LINC02672	0.08044095	0.06950752	0.07254816	0.085794	0.07594088	1640.7	0.0768463	0.3062
TMPRSS12	0.0822516	0.077904396	0.07583486	0.07290757	0.072961114	1641.2	0.07637191	0.3064
FGF13	0.07367215	0.07429706	0.07633732	0.07769607	0.077782206	1642.0	0.07595696	0.3066
GABRA2	0.07043754	0.0798856	0.07159308	0.07874289	0.07889537	1642.8	0.075910896	0.3068
AC009961.1	0.08529994	0.07848032	0.07016967	0.06886685	0.08427086	1643.4	0.07741753	0.307
AC090197.1	0.078070484	0.08007092	0.08059101	0.07355025	0.06932596	1643.6	0.07632172	0.3072
SQSTM1	0.07787085	0.077636585	0.071434066	0.08754462	0.06818948	1644.4	0.07653512	0.3074
AC003984.1	0.07438994	0.07716181	0.07241974	0.07595058	0.079530075	1648.0	0.07589042	0.3076
SEMA4D	0.05986194	0.07625392	0.08752894	0.07933858	0.08516923	1648.4	0.07763052	0.3078
GIPR	0.08676796	0.07319607	0.07340205	0.072419405	0.07925747	1648.6	0.07700859	0.308
TMEM101	0.072001144	0.081064574	0.077196196	0.070748374	0.08037338	1649.2	0.076276734	0.3082
ENTPD3-AS1	0.07282376	0.07308019	0.07597091	0.08191461	0.07552195	1649.4	0.07586228	0.3084
CAT	0.06946577	0.07806897	0.07823517	0.07313346	0.08209236	1649.6	0.07619915	0.3086
WDFY4	0.085825615	0.071005054	0.069733255	0.07661065	0.08257149	1649.8	0.07714921	0.3088
CYP4A22-AS1	0.0690478	0.0844147	0.073161855	0.081832364	0.07179245	1651.8	0.076049834	0.309
AC006115.2	0.07366274	0.07314281	0.07551005	0.0795047	0.076997355	1652.4	0.07576354	0.3092
RAP2C-AS1	0.071404584	0.07481119	0.0754395	0.07315087	0.08706349	1652.6	0.07637392	0.3094
NFKB1	0.07251216	0.080338836	0.06922991	0.07654747	0.08116019	1654.0	0.07595771	0.3096
SCHLAP1	0.06463337	0.086586826	0.081496865	0.08054838	0.07046833	1654.2	0.076746754	0.3098
AC244502.1	0.067646995	0.08466968	0.07437568	0.0784758	0.074690744	1654.6	0.07597178	0.31
FGF14	0.06579576	0.074503966	0.079002135	0.07898454	0.08336199	1655.2	0.07632967	0.3102
TXK	0.07928763	0.071753226	0.07215364	0.08242774	0.07514106	1655.4	0.07615266	0.3104
RPS27A	0.066361554	0.07707819	0.07637613	0.07690114	0.08435647	1655.6	0.07621469	0.3106
RPS8	0.07562078	0.07437733	0.06512417	0.08500262	0.08440808	1655.8	0.07690659	0.3108
PTPRO	0.07798645	0.06723861	0.07654809	0.078359134	0.084213495	1657.4	0.07686915	0.311
SLC14A2	0.07860808	0.07017488	0.076288566	0.07896289	0.076355316	1657.6	0.076077946	0.3112
TRDN	0.080489054	0.07246007	0.07075614	0.077289484	0.08054256	1658.4	0.07630746	0.3114
SGK1	0.06066274	0.08154031	0.08166903	0.08882509	0.072530665	1659.2	0.07704557	0.3116
OPCML	0.0640721	0.075293355	0.07461764	0.07832328	0.09420288	1660.6	0.07730185	0.3118
BLK	0.059958465	0.09191674	0.069213524	0.091391906	0.07927613	1661.6	0.078351356	0.3121
LINC02774	0.0731701	0.07279213	0.08500471	0.07722445	0.07274891	1661.6	0.076188065	0.3121
SLCO4A1	0.07459659	0.07696927	0.072180256	0.08245753	0.07218411	1663.8	0.07567756	0.3124
DPYSL2	0.064408354	0.073363714	0.07709286	0.08621337	0.08166383	1664.6	0.076548435	0.3127
LMX1B	0.07245257	0.07545566	0.07589631	0.0845425	0.0705793	1664.6	0.075785264	0.3127
RASGRP1	0.073176876	0.07287994	0.07926294	0.08525625	0.06987372	1665.2	0.07608995	0.313
PRSS3	0.07897174	0.07307719	0.06957823	0.08153273	0.07680419	1665.4	0.075992815	0.3132
ADGRF4	0.072028324	0.0704523	0.08078457	0.07266994	0.088580996	1665.8	0.07690323	0.3135
GPR137B	0.07285829	0.08438	0.07819609	0.06779239	0.079210944	1665.8	0.07648754	0.3135
GLIS2-AS1	0.07091397	0.06545169	0.087179944	0.08508781	0.07952562	1666.8	0.07763181	0.3138
LINC01725	0.08289316	0.07389654	0.07616552	0.08197912	0.06699812	1669.4	0.0763865	0.314
CAVIN2	0.06865827	0.074077725	0.07148998	0.08526679	0.080883265	1672.2	0.07607521	0.3142
SEMA3D	0.08053792	0.07548354	0.078637555	0.06854397	0.079093866	1672.4	0.07645937	0.3144
AC138649.1	0.076861374	0.07855691	0.07081184	0.07171268	0.082247555	1673.2	0.07603807	0.3147
CD81-AS1	0.07180523	0.07970259	0.07089744	0.07403691	0.08238598	1673.2	0.075765625	0.3147
EML6	0.07063317	0.06848185	0.08477011	0.07741057	0.08253172	1673.6	0.076765485	0.315
SEPTIN9	0.08965126	0.076251484	0.06506864	0.071946174	0.086216494	1674.6	0.07782681	0.3152
AC098617.1	0.079497375	0.07817492	0.06910096	0.076190956	0.07583536	1675.4	0.07575991	0.3154
ANKRD44	0.07909939	0.06541146	0.07000424	0.084469244	0.089886785	1675.6	0.07777423	0.3157
DPH6	0.07216022	0.07827723	0.07799109	0.085695535	0.06607586	1675.6	0.076039985	0.3157
C5orf47	0.064210564	0.077943884	0.08157154	0.08093092	0.07541042	1676.8	0.07601347	0.316
SLC5A2	0.083826065	0.07138871	0.07322987	0.07657134	0.0758251	1677.8	0.07616822	0.3162
SYNE1	0.07129289	0.084513	0.07442554	0.073229015	0.074756525	1679.2	0.0756434	0.3164
AC117386.2	0.072916985	0.079267606	0.07220509	0.07317418	0.07997424	1680.0	0.07550762	0.3167
AL590004.3	0.08508185	0.08657052	0.06499857	0.085079044	0.066296786	1680.0	0.07760535	0.3167
DGKH	0.07607615	0.0714047	0.0792922	0.07380254	0.07888561	1682.2	0.07589224	0.317
PCYT1B	0.06605573	0.079919495	0.07830978	0.078639954	0.07421561	1685.6	0.07542811	0.3173
ERC2	0.07904824	0.071144305	0.068538666	0.075487815	0.08906445	1685.6	0.07665669	0.3173
RPS18	0.07690466	0.07568315	0.0700145	0.07395447	0.08237107	1685.8	0.07578556	0.3178
AC021723.2	0.061023124	0.082162075	0.07714682	0.07854916	0.08202219	1685.8	0.076180674	0.3178
LINC02763	0.074907966	0.06864139	0.074573986	0.08168265	0.07989967	1685.8	0.07594113	0.3178
AL445255.1	0.07164391	0.06959044	0.0763987	0.084205166	0.07762345	1686.2	0.07589234	0.3183
CFAP300	0.07614038	0.06720507	0.07419077	0.079927534	0.084527455	1686.2	0.07639824	0.3183
RHCG	0.07523416	0.07471126	0.07214509	0.076110914	0.079102375	1688.0	0.07546076	0.3186
TNF	0.06389909	0.09133009	0.0718692	0.0801022	0.07598315	1688.2	0.07663675	0.3188
SLC17A4	0.07901942	0.06972765	0.086490355	0.07057124	0.078603566	1688.4	0.076882444	0.319
CCDC102B	0.06721424	0.07388246	0.07202496	0.08216306	0.08427144	1690.4	0.07591123	0.3192
CERKL	0.07464459	0.08017172	0.06960734	0.08152487	0.07088249	1692.2	0.07536621	0.3194
GFRA1	0.0687146	0.06991328	0.07894989	0.085036136	0.077264376	1693.6	0.07597566	0.3196
DAB2IP	0.066145144	0.06538832	0.08216343	0.08896965	0.08535087	1694.2	0.07760348	0.3198
EDN2	0.067243055	0.08596584	0.070358254	0.08457605	0.07156559	1694.6	0.07594176	0.3201
NPR3	0.073436245	0.092586905	0.06907163	0.07917407	0.06821881	1694.6	0.07649753	0.3201
CLDN10	0.064476	0.07914017	0.07388049	0.080204	0.07992241	1695.6	0.07552461	0.3204
GCH1	0.07581499	0.06792822	0.066191986	0.094849534	0.084359206	1697.4	0.07782879	0.3206
DCHS2	0.055133242	0.07836374	0.08660477	0.07627263	0.09971955	1698.0	0.07921879	0.3208
PC	0.06769246	0.07480201	0.078831814	0.085047975	0.07142025	1699.8	0.0755589	0.321
Z93403.1	0.08404766	0.07025993	0.067593165	0.086471274	0.07461735	1702.0	0.07659788	0.3212
GDPD4	0.059084527	0.07796795	0.085981466	0.07464506	0.088314354	1702.6	0.07719867	0.3215
PDGFB	0.07605281	0.0702864	0.07592437	0.07383966	0.08263489	1702.6	0.075747624	0.3215
SPNS2	0.068313584	0.07699302	0.08421974	0.0722703	0.07730458	1703.0	0.075820245	0.3218
DPYS	0.07656561	0.06947247	0.07872482	0.075728916	0.07817821	1703.8	0.075734004	0.322
CCNJL	0.06342199	0.08754307	0.09272156	0.07043774	0.07419163	1704.2	0.0776632	0.3222
LINC00535	0.07206809	0.080455296	0.06733723	0.07686999	0.08047732	1706.4	0.075441584	0.3224
SLC17A3	0.06373071	0.077227205	0.07438077	0.087906554	0.0757134	1707.6	0.07579173	0.3226
LINC01605	0.07462247	0.07797736	0.06625686	0.07756898	0.081411965	1708.2	0.07556753	0.3228
NR3C2	0.07690638	0.07692021	0.07853907	0.074733734	0.06949922	1709.2	0.07531972	0.323
RFX2	0.09603578	0.07611814	0.06983433	0.08045214	0.06524443	1709.4	0.07753696	0.3233
LINC00159	0.065630816	0.09251146	0.073675774	0.07488059	0.074743174	1709.4	0.076288365	0.3233
TTC29	0.069919854	0.07638196	0.0713027	0.081071325	0.07650985	1710.8	0.07503714	0.3236
HSPA8	0.07956985	0.07427702	0.07576892	0.07108699	0.07692301	1711.2	0.07552515	0.3238
SLC25A30	0.068264395	0.073901564	0.07812174	0.0811998	0.074674286	1711.8	0.07523236	0.324
RARRES1	0.07198393	0.08506734	0.073470205	0.076206096	0.06960422	1712.4	0.075266354	0.3242
RADX	0.06808347	0.065100126	0.08069886	0.087244965	0.084394805	1713.0	0.07710445	0.3246
ASXL3	0.0674784	0.08549512	0.06980028	0.08328354	0.07172611	1713.0	0.075556695	0.3246
CXorf58	0.06776507	0.07638341	0.06861214	0.08346122	0.08125338	1713.0	0.07549505	0.3246
SLC9A2	0.07294544	0.0752109	0.074434765	0.07600646	0.07562418	1713.4	0.074844345	0.325
ATP6V0A4	0.07340847	0.066773206	0.07334301	0.08456033	0.082844175	1713.6	0.07618584	0.3252
ABCA12	0.07693101	0.08246071	0.07149946	0.07517187	0.070342	1714.8	0.07528101	0.3254
AC000085.1	0.064021856	0.076553166	0.078216985	0.07900951	0.079200365	1715.0	0.075400375	0.3257
MYO3B	0.08972812	0.069162354	0.066896856	0.08032793	0.07876792	1715.0	0.07697664	0.3257
AP001528.1	0.08260845	0.08383954	0.075970694	0.07147783	0.06647147	1717.2	0.0760736	0.326
CYP46A1	0.074380666	0.07013239	0.07417867	0.08276392	0.074669406	1720.0	0.07522501	0.3262
DIPK1A	0.07841101	0.07293332	0.082106076	0.07322162	0.07079422	1721.8	0.075493254	0.3264
ZNF157	0.07116898	0.076040044	0.08036408	0.07541045	0.07197301	1722.0	0.07499131	0.3266
CT69	0.06494743	0.06646869	0.07639107	0.089286536	0.089536235	1725.0	0.077325985	0.3268
MIR4500HG	0.074557394	0.0661503	0.074071065	0.081265636	0.08404203	1725.4	0.07601728	0.327
DKK2	0.082533166	0.067095175	0.08211481	0.07263969	0.078377336	1726.4	0.07655204	0.3272
SLC9A3	0.07774898	0.06526581	0.07919288	0.08339016	0.07508134	1727.6	0.07613584	0.3274
AC090796.1	0.06596449	0.06990869	0.07212002	0.08622593	0.08608624	1728.6	0.07606108	0.3276
LINC02061	0.07218483	0.07329765	0.07666882	0.08094336	0.071179435	1728.8	0.07485483	0.3278
DZIP3	0.070065945	0.07261512	0.07377074	0.08285381	0.07513722	1730.0	0.07488857	0.328
THSD4	0.0671315	0.08088841	0.06990944	0.08494326	0.072729774	1732.2	0.07512047	0.3282
LINC02609	0.06864844	0.075711764	0.078170195	0.078842916	0.072445095	1732.4	0.074763685	0.3284
CFTR	0.07791274	0.0628505	0.08094316	0.073820315	0.093360454	1733.6	0.07777743	0.3286
FMNL2	0.08246154	0.06991101	0.067422286	0.08428379	0.07581603	1734.8	0.075978935	0.3288
RAD51B	0.073285274	0.07631842	0.074548155	0.07195808	0.078120455	1735.6	0.074846074	0.329
TFCP2L1	0.077710524	0.068202026	0.076735765	0.077869475	0.07611373	1738.4	0.07532631	0.3292
UPK3BL1	0.06789491	0.08792197	0.062841564	0.08518999	0.078167416	1738.6	0.07640317	0.3294
NXN	0.07057874	0.074302785	0.07326366	0.084649034	0.071436875	1739.0	0.07484622	0.3296
KIFC3	0.066988446	0.07408802	0.07222102	0.08250147	0.07941403	1739.8	0.0750426	0.3298
AC007389.1	0.066036925	0.07925358	0.073817946	0.07594368	0.0785659	1740.8	0.0747236	0.3301
SHROOM4	0.07300187	0.068427265	0.07495489	0.08398772	0.07581001	1740.8	0.07523635	0.3301
PURPL	0.07577641	0.07620411	0.07679958	0.07074567	0.075094625	1741.0	0.074924074	0.3304
AC013391.2	0.073265254	0.07645895	0.07424442	0.07704951	0.07125777	1743.0	0.07445518	0.3306
IFI44L	0.060211506	0.0862799	0.07328639	0.07761667	0.081240684	1743.2	0.07572703	0.3308
AC093298.2	0.077066496	0.081338435	0.06870695	0.06954207	0.079971634	1745.2	0.07532512	0.331
LINC02306	0.08681092	0.06553187	0.0776947	0.07230752	0.08196639	1745.6	0.07686228	0.3312
PCLAF	0.07817104	0.069467545	0.0668493	0.07660155	0.08998788	1746.0	0.07621546	0.3314
AC005537.1	0.07563285	0.06623474	0.07095496	0.08605563	0.080646075	1747.4	0.075904846	0.3316
MRAS	0.07829452	0.06775806	0.08293849	0.08144912	0.06845046	1748.2	0.07577813	0.3318
LINC01111	0.06489464	0.07348212	0.07356193	0.07925484	0.084575854	1748.4	0.07515387	0.332
AC021231.1	0.058413938	0.076405555	0.077416934	0.0830073	0.08294824	1753.2	0.0756384	0.3323
CTTNBP2	0.06506869	0.067730896	0.07746533	0.08267769	0.08771689	1753.2	0.0761319	0.3323
FCHSD2	0.07035615	0.06800418	0.073487625	0.07795017	0.08909974	1753.4	0.07577957	0.3326
C3orf22	0.08556168	0.06898807	0.07739253	0.06714942	0.08428578	1754.2	0.0766755	0.3329
TAFA5	0.06944271	0.07080183	0.07515368	0.080256246	0.07812338	1754.2	0.07475557	0.3329
AC092131.1	0.06265966	0.07884826	0.07470899	0.08030519	0.07720607	1754.6	0.07474564	0.3332
TRIM71	0.08660048	0.07516799	0.07455959	0.079015225	0.063591294	1755.0	0.07578692	0.3334
AL357141.1	0.07765427	0.07660078	0.069471635	0.0840684	0.067156956	1755.6	0.074990414	0.3336
SAMSN1	0.09282237	0.07360494	0.062631674	0.07506958	0.08169094	1755.8	0.0771639	0.3338
AL139383.1	0.06833564	0.0790954	0.07521406	0.06784422	0.08683543	1756.4	0.07546495	0.334
TLCD3B	0.065692276	0.07829041	0.07576676	0.07617221	0.07681448	1757.2	0.074547224	0.3342
AC034245.1	0.066992335	0.07859729	0.07794683	0.07348045	0.07606968	1757.4	0.07461731	0.3344
LINC01322	0.08123911	0.075484335	0.06628015	0.08506406	0.069227174	1757.8	0.075458966	0.3347
CARD18	0.06540648	0.067138314	0.07706682	0.08940601	0.08218507	1757.8	0.07624053	0.3347
Z93930.2	0.07409645	0.069374815	0.070025586	0.07653888	0.08651594	1760.2	0.075310335	0.335
SLC22A23	0.074843004	0.07942651	0.07749142	0.07244768	0.06871021	1760.8	0.07458376	0.3352
ITGBL1	0.073001795	0.06533558	0.08166947	0.07524955	0.08437256	1764.8	0.07592579	0.3354
TIMP3	0.074198715	0.07891441	0.06623428	0.07984945	0.07353863	1767.6	0.0745471	0.3356
LHFPL3-AS1	0.06931678	0.08064642	0.068048745	0.077453464	0.07684576	1770.8	0.074462235	0.3358
NIPAL2	0.061826017	0.06863605	0.07453012	0.08808616	0.08808833	1771.4	0.076233335	0.336
CCNT2-AS1	0.072577104	0.07888424	0.07603057	0.071574986	0.07209074	1775.2	0.07423153	0.3362
AL591519.1	0.07111498	0.07638877	0.068044096	0.08368364	0.07265362	1776.8	0.074377015	0.3364
HAPLN4	0.07111281	0.08081766	0.071655035	0.073028	0.074506365	1779.8	0.07422398	0.3366
NHSL2	0.07205832	0.07041324	0.07312463	0.079095736	0.07675709	1780.8	0.0742898	0.3368
AC002069.2	0.07415781	0.07870583	0.07320471	0.07375604	0.07061448	1781.6	0.07408778	0.337
CCDC40	0.06097952	0.07564021	0.07819113	0.07783098	0.08148196	1783.0	0.074824765	0.3372
FAM151B	0.08711503	0.07670145	0.07098115	0.0786297	0.06387735	1783.4	0.07546093	0.3374
AOPEP	0.07322648	0.071220204	0.0763407	0.07770749	0.072397895	1783.6	0.074178554	0.3376
PROM1	0.07246824	0.06932212	0.0735391	0.07790721	0.07893902	1784.8	0.07443514	0.3379
PARS2	0.064582676	0.07209664	0.072461054	0.086345896	0.07894776	1784.8	0.07488681	0.3379
FBN2	0.06813075	0.06871372	0.07603896	0.07847486	0.08250673	1786.8	0.074773	0.3382
AL136985.3	0.08051313	0.07146481	0.074997805	0.07469143	0.070866	1787.0	0.074506626	0.3384
TPST1	0.06498934	0.087075286	0.073127724	0.07295239	0.07591204	1787.6	0.074811354	0.3386
AC040174.1	0.062331665	0.08601512	0.06704086	0.08273978	0.078325905	1788.6	0.075290665	0.3389
LIPA	0.06458976	0.075033724	0.07853936	0.0762676	0.077393	1788.6	0.074364685	0.3389
ARRDC3	0.07489908	0.07666793	0.07331637	0.072817564	0.072362535	1790.0	0.0740127	0.3393
LAMC1	0.070461206	0.07781234	0.069741264	0.08490125	0.068891674	1790.0	0.07436155	0.3393
GPR137C	0.069989055	0.07259829	0.07365045	0.083610795	0.07110083	1791.6	0.07418989	0.3396
PAG1	0.07201611	0.07547236	0.067454025	0.0832352	0.07313643	1792.0	0.07426282	0.3399
DEC1	0.06958431	0.07560182	0.07110258	0.07937549	0.074040934	1792.0	0.07394103	0.3399
PTPN1	0.061868496	0.092216395	0.065627664	0.08368587	0.076751344	1793.4	0.07602996	0.3402
FNBP1	0.07944647	0.06807376	0.077302344	0.07877295	0.07036503	1793.6	0.07479211	0.3404
GALNT16	0.0694264	0.072428435	0.074942246	0.072955094	0.08240335	1794.4	0.07443111	0.3406
KLHL32	0.0672387	0.07972688	0.072868645	0.070563495	0.08188108	1795.4	0.07445576	0.3408
LINC01194	0.06566006	0.068314016	0.07527911	0.080705404	0.08518926	1795.6	0.07502957	0.3411
CHL1-AS2	0.0685907	0.08002795	0.07080464	0.07718704	0.072970346	1795.6	0.07391614	0.3411
ESRRB	0.071415804	0.066752344	0.07628078	0.08295739	0.07642487	1798.2	0.07476623	0.3414
TPK1	0.06670324	0.080475785	0.06875909	0.07645339	0.07886217	1799.0	0.074250735	0.3416
NHSL1	0.066961005	0.07790527	0.07289275	0.07245808	0.08117068	1799.8	0.07427756	0.3419
AP000446.1	0.068273045	0.073666394	0.072429925	0.08612294	0.071124904	1799.8	0.07432344	0.3419
ST7-AS2	0.072742835	0.07667629	0.07295029	0.07227523	0.07474265	1801.8	0.07387746	0.3422
SEC24B-AS1	0.07218667	0.07531105	0.077528626	0.071416005	0.07356338	1802.6	0.07400115	0.3424
MYOCOS	0.07189755	0.07637341	0.07819993	0.07613269	0.06740365	1803.0	0.07400145	0.3426
SULT2B1	0.07216217	0.08086794	0.07583502	0.07153896	0.06981847	1803.4	0.07404451	0.3428
B4GALT1	0.075315095	0.068454444	0.073841624	0.075259045	0.07899454	1808.2	0.074372955	0.343
CD247	0.12283747	0.07201029	0.06923314	0.070251904	0.07050118	1809.2	0.0809668	0.3432
MYO3A	0.07343183	0.06891475	0.0705654	0.08404755	0.0746894	1809.6	0.07432978	0.3434
NRG4	0.081702046	0.06962229	0.072974786	0.07476708	0.07285757	1812.6	0.07438475	0.3437
PPP2R2C	0.07077023	0.07719745	0.067077726	0.0814363	0.0731804	1812.6	0.073932424	0.3437
RBPMS	0.067568466	0.07422406	0.07389995	0.07824973	0.07479927	1812.8	0.0737483	0.344
AC025280.3	0.06035466	0.07596533	0.06852713	0.082709216	0.08902917	1813.0	0.0753171	0.3443
CDH22	0.065167904	0.054444514	0.09237504	0.10141506	0.09172285	1813.0	0.08102508	0.3443
LINC02410	0.06980121	0.06780218	0.07720093	0.07606843	0.082001135	1815.2	0.07457478	0.3447
SCNN1A	0.06470971	0.07307688	0.08205694	0.07866662	0.072631024	1815.2	0.07422824	0.3447
ABCC5	0.06649165	0.08055828	0.07196419	0.076903574	0.07292931	1815.6	0.073769405	0.3451
BANK1	0.077681765	0.07222421	0.064812295	0.07976219	0.0776535	1815.6	0.07442679	0.3451
IFNG-AS1	0.08118457	0.070876904	0.06549642	0.07802208	0.07820375	1816.6	0.07475674	0.3454
LDLR	0.0666061	0.07784933	0.074730024	0.0810743	0.068974786	1817.2	0.073846914	0.3456
AL157388.1	0.071732275	0.07013588	0.07246427	0.07627157	0.07913459	1819.6	0.07394771	0.3458
HNF1B	0.06417908	0.07221441	0.075995535	0.08314938	0.0750452	1821.4	0.07411672	0.346
AL353572.4	0.06541193	0.08529358	0.07677242	0.070971236	0.073203005	1823.8	0.074330434	0.3463
TMEM254-AS1	0.0831419	0.078166164	0.06766291	0.074203044	0.06906682	1823.8	0.07444817	0.3463
DOCK3	0.078252696	0.07149983	0.0663002	0.084698126	0.07128263	1824.0	0.0744067	0.3466
CLDN16	0.07975208	0.065015234	0.07079745	0.082930654	0.07644701	1825.8	0.074988484	0.3468
LINC02018	0.0671404	0.08888258	0.062855855	0.07801418	0.07864026	1828.0	0.07510665	0.347
CTXND1	0.08408009	0.072733425	0.06815012	0.07076706	0.07807644	1829.2	0.07476143	0.3472
LCP1	0.070999615	0.07214595	0.06918646	0.07842467	0.07787175	1830.4	0.073725685	0.3474
DDIT4	0.05407837	0.07874877	0.073895104	0.079736024	0.09335559	1830.6	0.07596277	0.3476
AL513166.1	0.084390946	0.06689195	0.07497445	0.073312685	0.07489856	1832.0	0.07489372	0.3478
CASC19	0.07128979	0.07376709	0.06986686	0.0735025	0.08057517	1832.4	0.07380028	0.348
VWCE	0.071210735	0.07532961	0.07341708	0.06909087	0.08028206	1833.0	0.07386608	0.3482
OXR1	0.07202667	0.06935626	0.07161579	0.073342055	0.08494819	1834.6	0.07425779	0.3484
WNK2	0.07819822	0.074824736	0.0805453	0.0643718	0.07529982	1834.8	0.07464798	0.3486
DRAIC	0.07441557	0.079331115	0.07699164	0.06928985	0.068975456	1835.4	0.07380073	0.3488
TEX41	0.08268038	0.0746225	0.06733579	0.07284873	0.073976226	1836.4	0.07429273	0.349
MYO1D	0.06354513	0.078017116	0.077745974	0.07858137	0.0709129	1837.4	0.073760495	0.3492
AC125603.2	0.072443426	0.07791092	0.064036034	0.076690085	0.078992836	1837.8	0.07401466	0.3494
GRIA3	0.07065126	0.072176106	0.07359437	0.0852084	0.067505725	1840.4	0.07382717	0.3497
ARRDC3-AS1	0.07747087	0.06978365	0.070394084	0.079991646	0.071395166	1840.4	0.07380708	0.3497
GAS1	0.060017638	0.07561413	0.07699147	0.09082619	0.0704922	1840.6	0.074788325	0.35
LRIG3	0.07006181	0.06714974	0.072687395	0.07531452	0.08827037	1842.0	0.074696764	0.3502
ADORA1	0.06396375	0.06614691	0.07554122	0.08603871	0.08413395	1842.8	0.07516491	0.3504
AC021351.1	0.06430476	0.07516871	0.08273298	0.06872572	0.08207156	1844.0	0.07460074	0.3506
TMEM108	0.069534756	0.079831734	0.07346925	0.07016712	0.07451281	1845.6	0.07350314	0.3508
LINC02770	0.0718261	0.06680835	0.07563124	0.0802425	0.075261794	1847.6	0.07395399	0.351
PREX2	0.07610648	0.06926173	0.072278135	0.07393756	0.07711067	1850.8	0.07373892	0.3513
TRIM38	0.06237571	0.07435569	0.06780349	0.10080763	0.07427696	1850.8	0.0759239	0.3513
HIST2H2BE	0.06710891	0.06986359	0.08334944	0.07293889	0.07757525	1852.4	0.074167214	0.3516
FUT9	0.07106275	0.08584303	0.0730342	0.07680079	0.063352235	1853.2	0.0740186	0.3518
ADCY8	0.069345504	0.068128414	0.07244199	0.07884467	0.080676794	1853.6	0.073887475	0.352
AL078604.2	0.071311966	0.069309495	0.07903855	0.07442334	0.073998354	1856.4	0.07361634	0.3522
BMP7	0.068518795	0.078207195	0.071065925	0.06977838	0.080695376	1857.4	0.07365314	0.3524
SNCA	0.072472535	0.06500467	0.07841481	0.0843222	0.07161588	1861.0	0.07436602	0.3527
AC008551.1	0.07051984	0.07413479	0.078214556	0.082148574	0.06385363	1861.0	0.07377428	0.3527
PTPN14	0.066960245	0.06351747	0.08648109	0.08240518	0.07698419	1863.8	0.07526964	0.353
AC002377.1	0.07880115	0.069360815	0.06613966	0.0725871	0.08600504	1865.0	0.07457875	0.3532
PLCL1	0.06399072	0.0739738	0.07166815	0.077626884	0.08066642	1866.4	0.0735852	0.3534
AC108519.1	0.07135637	0.0707377	0.06363923	0.08427827	0.08129521	1866.8	0.07426135	0.3536
ANKRD34B	0.07520525	0.07071348	0.07044425	0.07553497	0.074493505	1867.8	0.07327829	0.3538
LINC01905	0.06908035	0.07106981	0.071291	0.07410617	0.08219383	1868.2	0.07354823	0.354
OPN3	0.06674021	0.09156475	0.067363635	0.07138738	0.075940914	1869.6	0.07459937	0.3542
PXDNL	0.07267293	0.08374785	0.06677052	0.075173736	0.069408946	1870.0	0.0735548	0.3544
AC104170.1	0.07287414	0.07440652	0.079666525	0.070650384	0.06961587	1871.0	0.07344269	0.3546
KRT86	0.078110985	0.09398223	0.068606816	0.067304485	0.06797774	1872.0	0.07519646	0.3548
SEMA6A	0.07212557	0.076003484	0.06362713	0.0779971	0.07819282	1873.6	0.07358922	0.355
GFRA2	0.07995767	0.068633534	0.07010568	0.06871883	0.08531672	1873.8	0.074546486	0.3552
MTUS2	0.07552765	0.06814129	0.06716754	0.080798626	0.07758964	1876.0	0.073844954	0.3554
ENOX1	0.06660656	0.06985404	0.06917233	0.08058912	0.0824364	1876.8	0.07373168	0.3556
GRID1	0.07069406	0.07045892	0.07495752	0.07737484	0.07152706	1879.8	0.07300248	0.3558
BMP6	0.0662142	0.07365901	0.07079812	0.07679591	0.07847999	1880.6	0.07318945	0.3561
KLHL4	0.06583368	0.07273377	0.080515556	0.07074686	0.07874911	1880.6	0.0737158	0.3561
PI4K2B	0.06020615	0.082812734	0.07422593	0.07482119	0.0754984	1883.2	0.07351288	0.3565
AC067751.1	0.076956235	0.066430345	0.07277231	0.08126816	0.07120252	1883.2	0.07372592	0.3565
PCP4	0.065728076	0.071228355	0.075611785	0.07190916	0.08387093	1883.8	0.07366966	0.3568
LINC01791	0.08201453	0.07998765	0.06804393	0.06953204	0.06923231	1884.4	0.07376209	0.3571
BICDL1	0.06581793	0.06522122	0.0775206	0.08093755	0.08181241	1884.4	0.07426195	0.3571
LINC01721	0.08106097	0.069705874	0.0705126	0.078651816	0.068003856	1885.0	0.07358702	0.3574
P4HA1	0.083980866	0.071518	0.07002655	0.07067663	0.07283383	1886.8	0.07380717	0.3576
AL157931.1	0.07183526	0.082351044	0.06681848	0.06822644	0.07932942	1888.8	0.07371213	0.3578
IGF1	0.0697768	0.072851785	0.07514296	0.07004794	0.077956386	1889.0	0.07315517	0.358
CAMK1D	0.0680764	0.0662232	0.077082485	0.076207556	0.08182825	1890.4	0.07388358	0.3582
DCBLD2	0.0733843	0.07229816	0.07484295	0.07401515	0.0697235	1891.0	0.07285281	0.3584
AL589740.1	0.06963953	0.07476422	0.06879182	0.077983245	0.07274157	1891.4	0.07278408	0.3586
ADAMTSL3	0.067453995	0.07470586	0.07049948	0.082488105	0.06985433	1892.0	0.07300035	0.3589
AC017074.1	0.062361613	0.07539881	0.073289335	0.08278036	0.07172529	1892.0	0.07311108	0.3589
BCL7C	0.06662957	0.06678206	0.07444566	0.08128364	0.07943128	1892.2	0.073714435	0.3592
LINC02398	0.06539814	0.077575915	0.07502183	0.06933042	0.079087816	1893.6	0.07328282	0.3594
AC009315.1	0.07210028	0.06758965	0.06899238	0.07744985	0.08212453	1894.0	0.073651336	0.3596
DDB2	0.06491446	0.07462098	0.06593633	0.07676473	0.087708995	1894.2	0.07398909	0.3598
RYBP	0.067214794	0.070086725	0.07116243	0.07944596	0.07726986	1896.0	0.073035955	0.36
AC087477.2	0.06305811	0.071629174	0.07883731	0.08026826	0.07219257	1898.6	0.07319708	0.3602
IL6R-AS1	0.07345725	0.07196456	0.061258726	0.0909168	0.07428516	1899.4	0.0743765	0.3604
GABBR2	0.074240975	0.06939265	0.07804907	0.07046566	0.07418229	1900.6	0.073266126	0.3606
PIEZO2	0.06920818	0.076291926	0.06752278	0.077065565	0.07389275	1901.6	0.07279624	0.3608
NOVA1	0.064483695	0.07565525	0.082699396	0.07787526	0.06638058	1902.2	0.07341884	0.361
UBA52	0.06991928	0.077269	0.074221864	0.06908098	0.07369444	1902.4	0.07283711	0.3612
AL162717.1	0.076285735	0.07128705	0.06989085	0.07519629	0.07144418	1905.2	0.07282083	0.3614
MYC	0.065181576	0.079389855	0.060938537	0.07619833	0.09217082	1905.4	0.07477583	0.3616
DOCK4	0.06827227	0.07091928	0.07163743	0.079644956	0.07334035	1905.6	0.07276286	0.3618
PLCB4	0.07868739	0.069954924	0.067851715	0.07699038	0.07223783	1905.8	0.07314444	0.362
AC110023.1	0.065911934	0.06937963	0.07445943	0.079400584	0.07551802	1906.8	0.07293392	0.3622
SEL1L3	0.06890692	0.0640866	0.07901583	0.07503816	0.084165454	1907.6	0.07424259	0.3625
FOXO1	0.07346039	0.07512199	0.070652254	0.07770994	0.06656945	1907.6	0.07270281	0.3625
KLRG2	0.07434496	0.06870553	0.062107638	0.08524102	0.080314495	1909.6	0.074142724	0.3628
PLCH1	0.07003386	0.083988264	0.06426705	0.07788832	0.07013785	1909.8	0.073263064	0.363
PRSS55	0.068555444	0.0774709	0.067761384	0.075581394	0.07410852	1910.8	0.07269553	0.3632
SHROOM3	0.06893492	0.068173245	0.06816389	0.08563078	0.076582	1911.0	0.07349696	0.3634
HIST1H2AC	0.08051106	0.06596521	0.072456054	0.07250339	0.077322796	1911.8	0.0737517	0.3637
ZNF16	0.070106305	0.078334056	0.074424885	0.07348902	0.06682327	1911.8	0.07263551	0.3637
AC010197.1	0.06484086	0.076083794	0.0737394	0.07770255	0.0706785	1914.4	0.07260902	0.364
AC025580.2	0.060795605	0.0847546	0.06762174	0.071510985	0.085822985	1914.8	0.07410119	0.3642
CFAP299	0.06761106	0.07385329	0.07524054	0.071555056	0.07482328	1919.2	0.07261665	0.3644
AL031073.2	0.072703175	0.06995167	0.07699107	0.068969496	0.076451726	1920.2	0.073013425	0.3646
KIAA1217	0.061085597	0.069030955	0.07782055	0.08127993	0.07725484	1922.6	0.07329437	0.3648
TJP2	0.06989336	0.068446636	0.074502304	0.073080696	0.07891914	1922.8	0.07296843	0.365
FLT1	0.07994908	0.071877375	0.07347204	0.07528795	0.06455781	1926.8	0.073028855	0.3652
LGI2	0.062284265	0.07221099	0.074491	0.075912304	0.079224914	1927.6	0.072824694	0.3654
LINC02794	0.077806994	0.07276115	0.070909046	0.06636808	0.07845863	1928.0	0.07326078	0.3656
EML5	0.08091919	0.068464085	0.06584449	0.07409025	0.07849514	1930.4	0.07356264	0.3658
SATB2	0.06691597	0.067852184	0.06925616	0.08600979	0.07669683	1931.8	0.07334618	0.366
LINC00467	0.07243423	0.070973486	0.068827525	0.07283009	0.0783192	1933.2	0.072676904	0.3662
RNF150	0.067878544	0.078549154	0.07261416	0.07342546	0.06913146	1933.4	0.07231975	0.3665
PLPP4	0.07244674	0.07291969	0.070321776	0.07159761	0.07487987	1933.4	0.07243314	0.3665
SOBP	0.07199189	0.06252498	0.08106973	0.075926594	0.077562734	1934.0	0.07381519	0.3668
LINC00885	0.07029676	0.07988671	0.0748973	0.07251311	0.06514984	1934.4	0.07254874	0.367
SORCS3	0.07395518	0.06553583	0.07476715	0.07380357	0.07735807	1934.6	0.07308396	0.3673
MMP12	0.071670994	0.06413087	0.06906552	0.09239754	0.07444204	1934.6	0.074341394	0.3673
IMMP2L	0.06776014	0.067161836	0.071955025	0.0852689	0.07365377	1935.2	0.07315993	0.3676
SUCLG1	0.069148555	0.077165544	0.072559394	0.071834795	0.070714846	1940.2	0.072284624	0.3678
COL4A3	0.081199735	0.077474155	0.062960066	0.073110424	0.07130529	1941.6	0.07320993	0.368
ELOVL6	0.0757006	0.07660596	0.069211885	0.0712896	0.069602475	1942.2	0.07248211	0.3682
LRRIQ3	0.072409086	0.07099512	0.07180207	0.07570289	0.07047186	1942.4	0.072276205	0.3684
CELF2	0.0686552	0.09444939	0.06721652	0.07501235	0.06516577	1943.2	0.07409985	0.3686
AC061708.1	0.06347712	0.06800564	0.075091556	0.080863036	0.077710606	1944.0	0.07302959	0.3688
HIST1H2BD	0.06704347	0.07827404	0.06628164	0.071174726	0.08154017	1946.0	0.072862804	0.369
MAOB	0.071519814	0.06459311	0.07812664	0.078025505	0.07301659	1946.6	0.073056325	0.3693
GPR135	0.07341159	0.08376045	0.062640645	0.07313415	0.07193313	1946.6	0.07297599	0.3693
ZNF521	0.060987838	0.07023359	0.06874252	0.08854409	0.07913687	1946.8	0.07352899	0.3696
GRM8	0.070287354	0.06812486	0.07437704	0.07136847	0.07998412	1950.4	0.07282837	0.3698
LINC00378	0.06483358	0.07177702	0.0906498	0.07141193	0.070275955	1950.6	0.073789656	0.3701
LINC02432	0.061399296	0.07427669	0.07352552	0.07646853	0.07620586	1950.6	0.07237518	0.3701
AL121757.2	0.07155194	0.06892508	0.073766	0.07789817	0.06942657	1951.6	0.072313555	0.3704
CACNA2D1	0.06555889	0.07472326	0.08094505	0.06518392	0.07998351	1954.2	0.07327892	0.3706
GBE1	0.05969318	0.08265488	0.071980566	0.07860231	0.07047216	1954.8	0.072680615	0.3708
AL606923.2	0.069769785	0.0752925	0.06674971	0.07829751	0.0709132	1955.2	0.072204545	0.371
CPE	0.06216442	0.07054053	0.07298942	0.07755576	0.079781726	1956.0	0.07260637	0.3712
SLC27A6	0.0657792	0.07134	0.08013736	0.07328303	0.071691684	1956.4	0.07244626	0.3714
SNTB1	0.06232962	0.06853934	0.07646162	0.08588394	0.07178905	1958.4	0.073000714	0.3716
METTL25	0.067768045	0.075954966	0.07137701	0.07208667	0.07284791	1958.6	0.07200692	0.3718
GLUD1	0.07300822	0.06985659	0.070322424	0.06914505	0.08113763	1959.8	0.07269399	0.372
LRRN1	0.067356214	0.07642099	0.08083836	0.06674989	0.07215132	1960.8	0.07270336	0.3722
CDKN1C	0.068055876	0.06903319	0.07572613	0.07242003	0.07688242	1961.4	0.07242353	0.3724
RAB37	0.06608463	0.080096945	0.06798157	0.07471956	0.071633175	1962.4	0.07210318	0.3726
AQP1	0.07847614	0.06743724	0.072039895	0.07649095	0.068840295	1962.8	0.0726569	0.3728
AC005487.1	0.0659625	0.0678957	0.07283864	0.08214941	0.07379059	1963.2	0.072527364	0.373
CALN1	0.06516879	0.0720518	0.07822292	0.07273141	0.0730482	1963.6	0.07224463	0.3732
ITGA8	0.064916246	0.07314369	0.070907645	0.06931583	0.08664114	1963.8	0.07298491	0.3734
LINC00476	0.06529751	0.07883941	0.07069107	0.07482721	0.070474066	1964.0	0.07202585	0.3736
AC096531.2	0.07550105	0.0737657	0.063895166	0.07171577	0.07905053	1966.2	0.072785646	0.3738
KLF2	0.06320338	0.082350716	0.0771836	0.07544085	0.0649749	1968.2	0.07263069	0.374
FCRL1	0.07398338	0.07901105	0.074730456	0.06336154	0.071740985	1968.8	0.07256548	0.3742
AC008250.1	0.06166593	0.0778159	0.07333202	0.075097814	0.072313026	1969.6	0.07204493	0.3745
LCMT1-AS1	0.074204855	0.07433037	0.063837856	0.07845255	0.07095259	1969.6	0.07235564	0.3745
DAPK2	0.09004122	0.072386704	0.06451779	0.070705235	0.07163018	1970.2	0.07385623	0.3748
HECW1	0.069131956	0.08337125	0.06377535	0.07520637	0.07127763	1970.6	0.07255252	0.375
AC010280.1	0.074864246	0.06526294	0.06917629	0.0797598	0.074498184	1975.2	0.07271229	0.3753
RGS7	0.06651773	0.08189283	0.06914943	0.071661696	0.071454085	1975.2	0.07213516	0.3753
MAML3	0.06786568	0.071223974	0.07580732	0.076954275	0.06807978	1975.8	0.0719862	0.3756
AOAH	0.08585568	0.06860032	0.06565986	0.07749077	0.06932308	1976.8	0.07338594	0.3758
SUSD4	0.07096159	0.07378197	0.06960687	0.079025246	0.06634113	1977.8	0.07194336	0.3761
LINC01184	0.058475837	0.07427438	0.071850814	0.07781828	0.08041744	1977.8	0.07256734	0.3761
MRC2	0.065050736	0.08232011	0.07245312	0.07201387	0.068830416	1978.2	0.072133645	0.3764
AOX1	0.06288729	0.07460752	0.0717879	0.072938345	0.07892467	1979.6	0.07222915	0.3766
ADAMTS12	0.06565816	0.072924495	0.077953726	0.06515307	0.08353332	1982.6	0.07304455	0.3768
AP001439.1	0.06571217	0.07516065	0.07574276	0.06830644	0.07547196	1984.8	0.0720788	0.377
CACNA1H	0.08243689	0.06421985	0.07008686	0.073162735	0.076429665	1987.2	0.0732672	0.3773
TTC39C	0.063032426	0.0738543	0.07702175	0.0714793	0.07533657	1987.2	0.072144866	0.3773
AL365259.1	0.069294766	0.0838416	0.07464007	0.06558105	0.06916933	1988.4	0.07250537	0.3776
RASGRP3	0.06791205	0.06890088	0.0716195	0.07662444	0.074567094	1988.8	0.07192479	0.3778
RND1	0.0783012	0.06608712	0.07154641	0.07838326	0.0683799	1989.0	0.07253958	0.378
AC093496.1	0.0716944	0.075231254	0.07570908	0.06583878	0.071960546	1989.8	0.07208681	0.3782
LPAR1	0.05825896	0.084927715	0.07587276	0.074803054	0.0689897	1991.4	0.072570436	0.3784
FRMPD4	0.07794827	0.086932614	0.06876057	0.066004254	0.0658728	1993.6	0.0731037	0.3786
AC006387.1	0.059577737	0.080166385	0.0795675	0.075484835	0.06705149	1993.8	0.07236959	0.3789
MIDN	0.05458966	0.07512832	0.07410152	0.078535706	0.08144292	1993.8	0.07275962	0.3789
TRIM29	0.07243919	0.06810678	0.07610775	0.070802525	0.07302036	1994.6	0.07209532	0.3792
AL513327.1	0.057735253	0.0850143	0.07226606	0.074000105	0.07353826	1995.6	0.072510794	0.3794
LEKR1	0.0656984	0.06849728	0.06896799	0.082543194	0.075407155	1996.0	0.07222281	0.3796
SLC6A1	0.0745545	0.07028404	0.06442072	0.07444824	0.07746709	1996.6	0.07223491	0.3798
BX284613.2	0.0659278	0.07655519	0.06605165	0.08488897	0.067868896	1998.0	0.0722585	0.38
AC104232.3	0.076566026	0.07602671	0.06886298	0.069011904	0.069321394	1999.2	0.071957804	0.3802
AL354740.1	0.068362825	0.069755	0.07102357	0.071988195	0.07875205	2000.4	0.07197633	0.3804
AC008945.2	0.08022708	0.06327927	0.070790835	0.08169148	0.06945043	2001.0	0.07308782	0.3806
MRPS6	0.07099415	0.07286012	0.065511174	0.07599352	0.07342938	2002.2	0.07175767	0.3808
CYTOR	0.06877167	0.071442455	0.083883196	0.06791981	0.07033884	2003.8	0.072471194	0.381
AC007611.1	0.064482294	0.08056321	0.063543856	0.0747699	0.07833369	2004.2	0.072338596	0.3812
AF274853.1	0.07723932	0.06450356	0.07246552	0.0739465	0.074298464	2004.4	0.07249068	0.3814
FRMD3	0.06541724	0.077069685	0.06823603	0.075269476	0.07186459	2005.0	0.07157141	0.3816
KAZN-AS1	0.06707556	0.081154436	0.0665669	0.06960161	0.075619906	2005.2	0.07200368	0.3818
AXDND1	0.06598093	0.07791536	0.07228793	0.069576465	0.072315924	2006.0	0.07161532	0.382
CCDC152	0.06973555	0.06859959	0.06260258	0.08101013	0.08157381	2006.2	0.07270433	0.3822
CLDN10-AS1	0.05860043	0.07231443	0.078717396	0.07479563	0.076550916	2006.8	0.07219575	0.3824
AC124947.1	0.072290376	0.06758045	0.06921475	0.072177835	0.07993964	2007.6	0.072240606	0.3826
EMP2	0.06116585	0.078848235	0.07087325	0.06992937	0.079362765	2008.4	0.072035894	0.3828
LINC02303	0.07466431	0.06845219	0.068792306	0.07459164	0.072377026	2010.2	0.071775496	0.383
MDM2	0.073108345	0.07864849	0.07160649	0.07313932	0.062546924	2013.6	0.07180991	0.3832
PTPRR	0.072455935	0.06682463	0.070590764	0.076565	0.07271085	2014.0	0.07182943	0.3834
MAPK4	0.068689525	0.0761444	0.062346052	0.074405946	0.07859352	2015.0	0.072035894	0.3836
BAMBI	0.069727436	0.07679734	0.06832579	0.074369855	0.06789274	2017.2	0.07142263	0.3838
AC003682.1	0.07612561	0.06882209	0.069114745	0.07836712	0.06687532	2019.2	0.071860984	0.384
AUXG01000058.1	0.059771035	0.075470775	0.06887738	0.07465695	0.08145079	2020.2	0.07204538	0.3842
KCNB1	0.072650775	0.07147995	0.07280993	0.073554896	0.06648861	2023.6	0.07139683	0.3845
TRAF3IP3	0.053598203	0.07217434	0.070109494	0.08079454	0.091912486	2023.6	0.07371781	0.3845
ADAMTS3	0.06854013	0.076076254	0.06932045	0.07105153	0.07181088	2023.8	0.07135985	0.3848
BACE2	0.08117373	0.06502098	0.06968211	0.0713982	0.0761383	2024.8	0.072682664	0.3851
AC026495.1	0.06768362	0.0732341	0.067857474	0.06748823	0.08542142	2024.8	0.072336964	0.3851
SLC16A5	0.0742034	0.06959258	0.06846044	0.07373398	0.071541786	2025.0	0.07150644	0.3854
AC004485.1	0.080515444	0.07011509	0.07029641	0.068781525	0.0705016	2027.4	0.07204201	0.3856
ZC3H12B	0.06650569	0.07335585	0.07572399	0.07000609	0.07129284	2030.6	0.0713769	0.3858
DNAJA4	0.07254317	0.068078995	0.058581855	0.08868438	0.07865272	2030.8	0.07330822	0.386
PIK3C2G	0.07374521	0.07443596	0.0635521	0.081553355	0.066217154	2031.4	0.071900755	0.3862
SGMS2	0.06441712	0.0909328	0.07636875	0.06385644	0.07025546	2032.2	0.07316611	0.3864
LINC02334	0.06554238	0.07486889	0.07265333	0.07653809	0.06677499	2032.6	0.07127553	0.3866
AL136234.1	0.064291105	0.07586992	0.06846618	0.071963005	0.07692507	2033.0	0.07150306	0.3868
AC008269.1	0.06944593	0.07315018	0.07007214	0.06797464	0.077097565	2033.6	0.07154809	0.387
FGD6	0.06510987	0.06879757	0.07340021	0.07195392	0.079520255	2033.8	0.07175636	0.3872
HRH1	0.06927809	0.0746639	0.06347009	0.08363323	0.0683084	2034.4	0.071870744	0.3874
PPP1R3A	0.069883116	0.06864181	0.0743643	0.07582254	0.06822613	2034.6	0.071387574	0.3876
IGSF9	0.06489273	0.07034684	0.06834742	0.07575471	0.07866084	2037.2	0.07160051	0.3878
LINC01517	0.0677016	0.069265686	0.06501923	0.08289619	0.07443692	2038.0	0.07186393	0.388
ATP6V0D2	0.06300444	0.07301462	0.06888745	0.0857766	0.06840048	2038.6	0.07181671	0.3882
AC025627.1	0.07510577	0.061505876	0.076362446	0.07782223	0.071393125	2039.0	0.07243789	0.3884
ADAMTSL2	0.074429385	0.0661273	0.06873718	0.07346159	0.07669421	2039.2	0.07188994	0.3886
TMED3	0.066377446	0.070259444	0.07358283	0.07536112	0.07042952	2040.4	0.07120206	0.3888
PROCR	0.074466705	0.06968349	0.06616229	0.07104943	0.0776149	2041.2	0.07179536	0.389
GRIK5	0.06444394	0.06890754	0.07534086	0.07370465	0.07505717	2041.8	0.07149084	0.3892
NECAB1	0.068566605	0.07655834	0.077609085	0.061131727	0.07675408	2043.6	0.07212397	0.3894
GYG2	0.056905393	0.0858362	0.07696584	0.07238899	0.069811724	2043.8	0.07238163	0.3896
PHLPP1	0.073797144	0.07742568	0.07103025	0.063050285	0.07310275	2045.6	0.07168122	0.3898
RFTN1	0.066610254	0.08599407	0.07253778	0.06549931	0.06946822	2047.6	0.07202193	0.39
TGFBI	0.058097366	0.07865269	0.06658464	0.07846138	0.0770013	2048.8	0.07175948	0.3902
AC068875.1	0.06474353	0.06890447	0.07626948	0.071270265	0.07680391	2050.4	0.07159833	0.3904
AC092164.1	0.066770405	0.07924454	0.07023142	0.07134437	0.068044506	2051.2	0.07112705	0.3906
PLS3	0.07406811	0.065287165	0.07324965	0.08104043	0.065786645	2052.2	0.0718864	0.3908
ACER2	0.06626257	0.069950365	0.06982327	0.07360856	0.07644269	2052.4	0.07121749	0.391
MOGAT3	0.067110114	0.08571848	0.07190491	0.070067436	0.064292304	2053.6	0.07181865	0.3912
SLC5A11	0.07188536	0.06942545	0.06751158	0.07166463	0.07633555	2055.8	0.071364515	0.3914
CEP128	0.06703908	0.07789157	0.07279435	0.06450968	0.07547514	2056.6	0.071541965	0.3917
CCDC148	0.07809386	0.06365565	0.06790672	0.086786255	0.06714955	2056.6	0.072718404	0.3917
ENPP2	0.070377864	0.0739734	0.069101535	0.07482201	0.066660106	2058.2	0.070986986	0.3921
ANXA13	0.06162333	0.07466941	0.07200968	0.073186934	0.07390286	2058.2	0.07107844	0.3921
FAM102B	0.06922012	0.07154158	0.06552906	0.07743484	0.072013795	2059.4	0.07114788	0.3924
CENPF	0.07961622	0.070433296	0.06762423	0.08114114	0.061450396	2060.4	0.07205306	0.3926
SAMMSON	0.058529403	0.07905646	0.080790535	0.072029166	0.06816273	2060.6	0.07171366	0.3928
GRM5-AS1	0.059082326	0.07856868	0.0635722	0.07967882	0.078670904	2060.8	0.07191459	0.393
CDON	0.0723097	0.06599667	0.06678643	0.077439554	0.07567053	2062.2	0.07164058	0.3932
AC079447.1	0.067642264	0.072274745	0.07779102	0.07184374	0.06643031	2063.0	0.07119642	0.3934
AC109322.1	0.09258153	0.069199815	0.07742372	0.06848651	0.061159164	2063.2	0.07377015	0.3936
TERB1	0.06853915	0.07091366	0.07702762	0.077244274	0.063235015	2063.8	0.07139195	0.3938
ZEB1	0.0625051	0.075822234	0.07083187	0.072229266	0.07370416	2064.4	0.071018524	0.394
AL353576.1	0.06555073	0.071978986	0.07057073	0.0720996	0.07486003	2064.6	0.07101201	0.3942
KCTD16	0.07193374	0.06814835	0.06848577	0.07907269	0.06851262	2065.0	0.071230635	0.3944
PROSER2	0.062167287	0.066177525	0.06926254	0.07891636	0.08392034	2068.0	0.07208881	0.3946
KIAA1211	0.056901246	0.0827121	0.07090077	0.07365681	0.07379062	2071.3	0.07159231	0.3948
ADAMTS8	0.073726356	0.072436936	0.06140978	0.070442714	0.08115856	2073.8	0.07183486	0.395
AC007529.2	0.07062897	0.074191146	0.06655192	0.07174187	0.0713557	2076.6	0.07089393	0.3952
SLCO3A1	0.067467034	0.06686842	0.07038159	0.07453581	0.07710557	2077.0	0.07127168	0.3954
ABCG5	0.06364694	0.07520433	0.07410659	0.078316264	0.06413251	2077.2	0.071081325	0.3956
AGBL3	0.078424215	0.06934614	0.068577275	0.07260234	0.06739261	2077.4	0.071268514	0.3958
VEPH1	0.06616836	0.07177846	0.0730667	0.07380602	0.06863592	2078.0	0.070691094	0.396
LSAMP-AS1	0.06543384	0.064880475	0.07014178	0.08556056	0.07345667	2079.4	0.07189466	0.3962
MAEL	0.06894917	0.069888115	0.0733093	0.071158975	0.07095724	2080.4	0.07085256	0.3964
MORN4	0.061357014	0.07137032	0.067825824	0.07732857	0.07814695	2082.0	0.071205735	0.3966
AC114971.1	0.07222823	0.08257304	0.06416198	0.07414639	0.064032264	2083.0	0.07142838	0.3968
ZNF423	0.06621896	0.066354655	0.077345766	0.07229683	0.07460384	2084.6	0.07136401	0.397
SHLD1	0.06765893	0.078635596	0.07090503	0.07039743	0.06642691	2085.0	0.07080478	0.3972
SCD5	0.07318582	0.07836447	0.074865736	0.067507096	0.062419143	2086.0	0.071268454	0.3974
AC027117.2	0.068991415	0.0710823	0.08159052	0.06935912	0.06563141	2086.4	0.07133096	0.3976
TRAF1	0.06257447	0.076979965	0.07331354	0.068641216	0.07295595	2086.6	0.07089303	0.3978
CNTNAP3	0.065660544	0.06772652	0.07244421	0.07995373	0.0695416	2087.4	0.07106532	0.398
TNFRSF10B	0.071066074	0.0656079	0.07104938	0.07844062	0.06951425	2087.6	0.07113565	0.3982
LINC02652	0.06995533	0.067803286	0.06998861	0.07311319	0.07379968	2087.8	0.070932016	0.3984
FRMD5	0.064984776	0.07159298	0.06929043	0.072650984	0.07500718	2093.0	0.070705265	0.3986
SLC7A8	0.07106148	0.068712026	0.06415149	0.07840083	0.07278285	2093.8	0.07102173	0.3988
AC093866.1	0.05648653	0.07942591	0.07602838	0.065944046	0.08272978	2095.2	0.072122924	0.399
FAM241A	0.06325097	0.06746846	0.077144675	0.07516921	0.07267013	2095.8	0.07114069	0.3992
AC091212.1	0.06863569	0.060740992	0.080816925	0.07360091	0.077216245	2097.4	0.07220215	0.3994
DNM3	0.06667292	0.07484217	0.0626805	0.075482704	0.074863434	2099.4	0.070908345	0.3996
AC012063.1	0.061542485	0.06819053	0.075656734	0.078788534	0.070635304	2099.8	0.07096271	0.3998
GRAP2	0.07256066	0.058944684	0.0730319	0.07136683	0.08860127	2100.2	0.07290106	0.4001
GK	0.075290985	0.05845985	0.07213428	0.078432836	0.076191835	2100.2	0.07210196	0.4001
CACHD1	0.057224955	0.07453928	0.07619873	0.07293754	0.074636936	2100.4	0.07110749	0.4004
TMTC1	0.05967112	0.0755872	0.07072732	0.07924005	0.068517596	2101.4	0.07074866	0.4006
XYLT1	0.0613594	0.0790163	0.066265926	0.07103975	0.07754985	2102.0	0.07104625	0.4009
RTN4IP1	0.06973512	0.06741662	0.06876277	0.07696543	0.071091846	2102.0	0.07079436	0.4009
TP53BP2	0.06384013	0.06638163	0.0732294	0.076829635	0.07509069	2102.6	0.07107429	0.4012
GADD45G	0.076655105	0.07036212	0.06718074	0.06908309	0.07152902	2103.2	0.07096202	0.4014
FAM171A1	0.06227607	0.07869448	0.072693415	0.07195854	0.067518994	2103.6	0.0706283	0.4016
AC023024.1	0.0735021	0.07489228	0.06732066	0.07371827	0.06415849	2104.6	0.07071836	0.4018
EEF1AKMT1	0.06746716	0.079167135	0.066140935	0.06896058	0.071761794	2107.6	0.07069952	0.402
RERGL	0.0657072	0.06706769	0.07248818	0.07422178	0.07451498	2108.8	0.07079997	0.4023
ALPK2	0.08358507	0.07048222	0.06371283	0.06858624	0.07264687	2108.8	0.07180264	0.4023
DIAPH3	0.06975471	0.070860356	0.06565893	0.08070109	0.06696449	2109.0	0.07078792	0.4026
FUT3	0.07653686	0.06678968	0.064222194	0.084690556	0.066771545	2109.8	0.07180217	0.4028
TRHDE	0.066922575	0.07190424	0.07651222	0.07256599	0.06530509	2110.8	0.070642024	0.403
EDA	0.06504252	0.07377245	0.068511866	0.07552615	0.069199994	2112.2	0.070410594	0.4032
F13A1	0.061281104	0.070685446	0.083368026	0.06814005	0.07345531	2113.4	0.07138599	0.4034
AL356599.1	0.070896015	0.07151201	0.06494841	0.06939122	0.07717988	2115.0	0.07078551	0.4036
AC233296.1	0.06496596	0.07429616	0.065567896	0.07530066	0.07245548	2116.0	0.07051723	0.4038
AC105052.5	0.07158661	0.07994431	0.06421406	0.06728241	0.071270786	2118.2	0.07085963	0.404
EYA1	0.064233504	0.079075664	0.07255764	0.07113117	0.06563024	2118.8	0.070525646	0.4042
SLC4A11	0.06994432	0.06360223	0.068857335	0.07828805	0.0750293	2119.0	0.071144246	0.4044
AC079630.1	0.062251065	0.06883138	0.08058546	0.0709273	0.07254685	2120.6	0.071028404	0.4046
CTNNAL1	0.06599875	0.078329355	0.06806265	0.06854665	0.07131675	2121.4	0.07045083	0.4048
PLA1A	0.07201142	0.077666275	0.066034354	0.06943426	0.06766311	2122.8	0.07056188	0.405
AC096751.2	0.07291132	0.06214937	0.068591796	0.07816046	0.074581794	2124.8	0.07127895	0.4052
AC078850.2	0.0772368	0.06726538	0.06954558	0.071880884	0.06834448	2126.6	0.07085462	0.4054
FRMPD2	0.06964947	0.07278917	0.07141969	0.06861188	0.06921146	2128.6	0.070336334	0.4056
MICAL3	0.06896849	0.06796488	0.06908545	0.06770033	0.08244407	2129.4	0.07123264	0.4058
CCDC149	0.07156674	0.07583835	0.07322538	0.0645554	0.06787229	2130.0	0.07061163	0.406
BRINP3	0.063564055	0.066560686	0.08141448	0.07234567	0.07199636	2132.4	0.07117625	0.4062
STKLD1	0.06318481	0.06494462	0.080987364	0.07554728	0.07163917	2132.8	0.071260646	0.4064
ZNF804B	0.08450313	0.06548065	0.0622833	0.07167624	0.077168286	2133.8	0.072222315	0.4066
RPLP0	0.06670588	0.07670725	0.06655248	0.075168654	0.06651398	2134.0	0.07032965	0.4068
AC021086.1	0.079744644	0.07201752	0.06575269	0.06837601	0.06864019	2135.0	0.07090621	0.407
LNX1	0.076235875	0.07375029	0.068515144	0.065351896	0.06974041	2135.2	0.07071872	0.4072
KIF6	0.07092855	0.07220169	0.06655988	0.07067339	0.071029186	2136.2	0.07027854	0.4074
PRELID2	0.059406403	0.078804	0.07120488	0.07045351	0.07226407	2136.6	0.07042657	0.4076
AC105411.1	0.07138449	0.07489367	0.06496992	0.07399184	0.06634343	2137.6	0.070316665	0.4078
ATP2A3	0.0769353	0.07581111	0.052214824	0.08323425	0.07046286	2138.0	0.07173167	0.408
PLAU	0.06906665	0.062455934	0.07242072	0.075908676	0.07486761	2139.8	0.070943914	0.4082
AC012485.1	0.06756699	0.06563813	0.07225292	0.07618014	0.070954435	2140.6	0.07051852	0.4084
BICDL2	0.0734911	0.066940755	0.06550628	0.07508597	0.07211673	2142.6	0.070628166	0.4086
LINGO2	0.0609651	0.063587904	0.07735591	0.07534094	0.07962622	2144.2	0.07137521	0.4088
CENPQ	0.06487236	0.07066535	0.068576984	0.071026586	0.07636229	2147.2	0.07030071	0.409
ETV1	0.07878332	0.08081357	0.06196121	0.06882775	0.065424785	2148.8	0.07116213	0.4092
AC114956.3	0.06750516	0.07549135	0.07184859	0.06769284	0.06822578	2149.2	0.070152745	0.4094
LRRTM4	0.06827292	0.078332335	0.063985184	0.0718042	0.0692583	2149.4	0.07033059	0.4096
TYMSOS	0.06316613	0.06874003	0.067990065	0.07435212	0.07845494	2150.2	0.07054065	0.4099
CRPPA	0.06471689	0.07064773	0.075076334	0.072507836	0.06774539	2150.2	0.070138834	0.4099
CRNDE	0.06017129	0.06628761	0.07010763	0.07842547	0.0798081	2151.0	0.07096002	0.4102
GNG4	0.06618682	0.065855175	0.076350965	0.073653914	0.07044855	2151.8	0.07049908	0.4104
MRPS30-DT	0.06884101	0.06629415	0.07721698	0.07619503	0.06463161	2153.4	0.07063575	0.4106
DHRS7B	0.059891403	0.07145708	0.08197658	0.07450507	0.06583643	2153.6	0.070733316	0.4108
AC011603.2	0.06752998	0.07086427	0.07281736	0.074921675	0.06420869	2154.4	0.07006839	0.4111
AC124254.2	0.060210206	0.06327555	0.0836345	0.07383034	0.077977695	2154.4	0.07178566	0.4111
AC078785.1	0.07198146	0.06741792	0.067412086	0.07456304	0.07016957	2155.0	0.07030882	0.4114
C12orf74	0.05700917	0.07815023	0.06581638	0.06894925	0.089779995	2155.6	0.071941	0.4116
RNF19A	0.069224805	0.07275581	0.079065815	0.07033869	0.061566018	2156.4	0.07059023	0.4118
PCSK6	0.065843984	0.061923433	0.07413111	0.08015919	0.07238524	2157.6	0.070888594	0.412
AL392023.2	0.07014568	0.07142661	0.06342225	0.07317039	0.07264664	2158.8	0.07016231	0.4122
NUDT4	0.0658806	0.07318336	0.07059383	0.06925494	0.070633374	2159.4	0.06990922	0.4124
CWH43	0.0856338	0.07041767	0.05962292	0.07359608	0.06864451	2159.6	0.071582995	0.4126
LRCOL1	0.07568089	0.06327622	0.06620215	0.07993868	0.07018489	2160.4	0.07105657	0.4128
LDB2	0.073131	0.06306043	0.06403112	0.0813287	0.07443182	2161.0	0.071196616	0.413
STARD13	0.068624705	0.0738129	0.07408223	0.06949567	0.06441662	2161.4	0.07008643	0.4132
WDHD1	0.07425848	0.06750413	0.067690045	0.0712304	0.07105951	2163.8	0.070348516	0.4134
AL158058.2	0.06818111	0.07343166	0.07262037	0.067760296	0.068066254	2164.0	0.070011936	0.4136
PRKG2	0.067195974	0.0810705	0.068160616	0.065297455	0.06999332	2164.4	0.07034357	0.4138
NTM	0.06017491	0.06507155	0.06973357	0.08395099	0.07656647	2164.8	0.0710995	0.414
OOSP1	0.06561342	0.07397563	0.069703296	0.0664112	0.075265415	2165.0	0.07019379	0.4142
AL450332.1	0.058714647	0.09882479	0.07030947	0.06477821	0.07139918	2167.2	0.07280526	0.4144
AL031123.5	0.06753652	0.07187628	0.07302359	0.07274632	0.06441207	2167.6	0.06991895	0.4146
CALB1	0.07079739	0.06816809	0.06787881	0.07576301	0.06769332	2168.2	0.07006013	0.4148
AFAP1	0.07398088	0.073849574	0.07115953	0.06706968	0.06490585	2169.8	0.070193104	0.415
HES1	0.07314969	0.073099956	0.05847297	0.07657194	0.0707502	2171.6	0.070408955	0.4152
LINC00992	0.06433413	0.07515386	0.06796154	0.069511	0.072426565	2171.8	0.069877416	0.4154
CACNB4	0.07022209	0.07313603	0.06646875	0.0696149	0.0699764	2172.8	0.06988363	0.4156
ABLIM3	0.06822662	0.062304977	0.07067197	0.07610759	0.07602461	2173.2	0.07066715	0.4158
S100Z	0.06396796	0.07127067	0.06487916	0.070477806	0.08261131	2174.4	0.070641376	0.416
HIF1A	0.055609904	0.07813621	0.07326564	0.07640624	0.068120025	2175.0	0.070307605	0.4162
LINC01500	0.07705823	0.06495963	0.06805859	0.076260574	0.066762164	2175.2	0.07061984	0.4164
ACSL4	0.06510205	0.063772716	0.07220502	0.07844961	0.072671674	2177.2	0.07044022	0.4167
PTCHD4	0.06613705	0.06391903	0.06228366	0.08489192	0.08085835	2177.2	0.071618006	0.4167
AL355303.1	0.061713614	0.059182223	0.073849395	0.085255146	0.07861429	2178.2	0.07172294	0.417
DISP1	0.07302985	0.06718536	0.07161567	0.067124665	0.07223572	2180.4	0.070238255	0.4172
ADAMTSL1	0.06993331	0.06861391	0.05983077	0.08060925	0.07321018	2182.4	0.07043948	0.4174
PCED1B	0.07081315	0.07554665	0.06585599	0.068236396	0.06895499	2183.0	0.06988144	0.4176
AC090517.5	0.06573439	0.07108293	0.06943733	0.06874687	0.07403433	2184.0	0.069807164	0.4178
RNF165	0.06974929	0.068278104	0.06692266	0.082526214	0.06421119	2184.4	0.07033749	0.418
TMEM163	0.06953079	0.067891866	0.06803991	0.07654431	0.06742583	2186.8	0.06988654	0.4182
HIST1H2BG	0.06363217	0.06561839	0.07104802	0.079156466	0.071374476	2187.2	0.0701659	0.4184
MAL2	0.063400485	0.06891169	0.06254495	0.08258346	0.07528991	2187.4	0.0705461	0.4186
LIFR	0.057429086	0.08078714	0.06917917	0.07006797	0.073174246	2188.2	0.070127524	0.4189
DMRT2	0.058255397	0.0697821	0.072655536	0.07718187	0.07177841	2188.2	0.069930665	0.4189
AC073167.1	0.06678354	0.060068715	0.07485717	0.075782806	0.076657176	2189.6	0.07082988	0.4192
CA8	0.06414866	0.07223887	0.065399475	0.080478236	0.06744185	2190.0	0.06994142	0.4195
BAZ1A	0.08001343	0.0701902	0.05991575	0.08044631	0.06413968	2190.0	0.070941076	0.4195
SLC4A4	0.06674475	0.06317016	0.07260029	0.08135193	0.06835688	2191.2	0.0704448	0.4198
SSBP2	0.06770335	0.070032954	0.070343964	0.072881564	0.066976815	2191.6	0.06958772	0.42
ADGRF1	0.06320617	0.06930131	0.07358844	0.06768221	0.07685866	2191.8	0.07012735	0.4202
BTBD8	0.07014701	0.06852448	0.06345946	0.07569292	0.071973704	2193.0	0.069959514	0.4204
NUP214	0.07222278	0.07029667	0.060624205	0.07315781	0.07434235	2193.6	0.07012876	0.4206
RPS12	0.07025131	0.07310811	0.065119095	0.07454259	0.06547887	2194.0	0.06969999	0.4209
NFATC1	0.06869406	0.06805202	0.06994936	0.081745	0.06259201	2194.0	0.070206486	0.4209
CLSTN2	0.069820136	0.06906784	0.06872568	0.0769327	0.064176805	2197.4	0.06974463	0.4212
DDX11-AS1	0.058359124	0.08036972	0.066685386	0.07487364	0.06950476	2198.0	0.06995852	0.4214
RAB3B	0.05816058	0.07315436	0.06545095	0.07687476	0.07679561	2200.0	0.07008725	0.4217
AL078459.1	0.058817536	0.0738958	0.07279969	0.070799515	0.07228003	2200.0	0.06971851	0.4217
NFATC4	0.06855703	0.07571659	0.07014704	0.06869138	0.064984076	2201.2	0.06961922	0.422
CLIP2	0.06515505	0.065859355	0.07294648	0.0743806	0.0709131	2201.8	0.06985092	0.4222
AC110992.1	0.05480751	0.080315866	0.06509219	0.07029751	0.08508505	2203.2	0.07111962	0.4225
AC092078.3	0.07183481	0.07276158	0.06645676	0.069704175	0.06736034	2203.2	0.06962354	0.4225
NUAK1	0.07987858	0.07174304	0.06758597	0.06888551	0.06344914	2203.4	0.07030845	0.4228
SLC20A2	0.068925805	0.07247322	0.06239915	0.0697072	0.07609611	2204.8	0.0699203	0.423
KRT80	0.06883163	0.07007392	0.06939422	0.06900841	0.070269845	2205.2	0.06951561	0.4232
LTBP2	0.0649136	0.08044512	0.07217886	0.058397222	0.07704527	2205.4	0.07059602	0.4234
AC106793.1	0.0746793	0.07127522	0.061177388	0.07289259	0.06984957	2205.6	0.06997482	0.4236
LINC02204	0.05506427	0.077749126	0.06900075	0.0685437	0.08351651	2206.2	0.07077487	0.4238
NR2E3	0.057334054	0.068922825	0.07810024	0.076677226	0.06958795	2207.0	0.07012446	0.424
IL27RA	0.07137574	0.067886814	0.06502647	0.07608753	0.06859425	2207.6	0.06979416	0.4243
AL136456.1	0.057964318	0.071346946	0.06167401	0.078383476	0.0851285	2207.6	0.07089945	0.4243
SLC16A7	0.07066776	0.07146257	0.071326196	0.067927256	0.066388845	2208.2	0.06955452	0.4247
AC005224.2	0.07000756	0.0721343	0.06544963	0.06514603	0.07786312	2208.2	0.07012013	0.4247
LINC02185	0.07140354	0.0670264	0.06689983	0.073468834	0.07004741	2208.4	0.0697692	0.425
JAM3	0.07366667	0.072007686	0.06627011	0.071853966	0.064583145	2209.0	0.06967632	0.4252
IER3	0.066557385	0.066150025	0.07239641	0.073510356	0.069944896	2211.4	0.06971182	0.4255
NHEJ1	0.06898886	0.06604392	0.06760514	0.071790956	0.075140215	2211.4	0.06991382	0.4255
NNMT	0.07756406	0.06086136	0.06929505	0.082617745	0.064898275	2212.2	0.0710473	0.4258
GLYATL1	0.07203948	0.06984896	0.062871054	0.072821416	0.07098391	2214.4	0.06971297	0.426
DNAH5	0.07235859	0.06800117	0.074231654	0.07647009	0.059222627	2214.8	0.07005683	0.4262
USP53	0.06557539	0.07214505	0.06836846	0.0749818	0.06561847	2215.4	0.06933783	0.4264
HMMR	0.059970703	0.07863127	0.07498299	0.06798928	0.06719151	2217.0	0.069753155	0.4266
CHRDL1	0.06336736	0.072088264	0.06381396	0.074426025	0.07465475	2217.2	0.06967007	0.4268
SYT10	0.06591755	0.0653129	0.07264062	0.07265297	0.07202772	2217.8	0.06971035	0.427
HIST1H4H	0.06350376	0.06222612	0.071923	0.07704649	0.07725568	2218.6	0.070391014	0.4272
GMPR	0.065054916	0.07458836	0.07257763	0.06970023	0.06510622	2218.8	0.069405474	0.4274
ENTPD1-AS1	0.07012256	0.06600673	0.063362315	0.07190525	0.080457784	2220.8	0.07037093	0.4276
LHX1	0.08066172	0.06413736	0.06621644	0.07209764	0.06976097	2221.0	0.07057483	0.4278
GNAO1	0.07347062	0.06677059	0.07602064	0.06059176	0.076081574	2221.2	0.07058704	0.428
LINC01285	0.06757466	0.07392528	0.0668361	0.07107279	0.067306966	2221.4	0.06934316	0.4282
CCDC178	0.061116204	0.078041896	0.071287364	0.07001832	0.06671558	2221.8	0.06943587	0.4284
RPS2	0.07234547	0.062853016	0.071014866	0.06977329	0.07458724	2222.8	0.07011478	0.4286
RPS23	0.06585428	0.06506009	0.07043358	0.07289074	0.07473463	2223.0	0.06979467	0.4288
CNTN6	0.061541088	0.08230066	0.06604273	0.07082771	0.068195835	2223.6	0.0697816	0.4291
MUC1	0.06588195	0.06708319	0.068766564	0.07468007	0.07105294	2223.6	0.06949294	0.4291
FSHR	0.08071192	0.076872446	0.06354161	0.06797201	0.06325458	2223.8	0.07047051	0.4294
AC140168.1	0.06672235	0.07099404	0.07000514	0.065851055	0.074199416	2224.8	0.0695544	0.4296
AL109930.1	0.06943967	0.0714875	0.07088892	0.072903976	0.062287003	2225.4	0.06940141	0.4298
ZBTB20-AS1	0.063152954	0.066866055	0.08008521	0.068372436	0.072362795	2226.4	0.070167884	0.43
PLAC8L1	0.05540304	0.08257952	0.06786821	0.07602452	0.06827784	2228.6	0.07003063	0.4302
AC097460.1	0.06964332	0.0720063	0.06156624	0.080600955	0.06503276	2231.0	0.06976991	0.4304
AC012178.1	0.07612502	0.061510257	0.068637155	0.07365681	0.07116718	2231.1	0.07021928	0.4306
AP002784.1	0.07264618	0.070533104	0.06603329	0.06671007	0.071853675	2231.4	0.06955527	0.4309
BCAS1	0.053886704	0.077630766	0.07668889	0.0670741	0.076231286	2231.4	0.070302345	0.4309
AC020637.1	0.062221933	0.060476694	0.07038712	0.08484635	0.07616364	2232.8	0.070819154	0.4312
MBNL3	0.060326	0.07800203	0.06224966	0.07710438	0.070568435	2236.4	0.0696501	0.4314
AC005050.3	0.07777411	0.07111466	0.06683561	0.063421026	0.0704662	2237.8	0.06992232	0.4316
SLC14A2-AS1	0.06346826	0.07962855	0.06664608	0.07248148	0.06497893	2238.6	0.069440655	0.4318
AC128707.1	0.05847075	0.075000055	0.06869967	0.081994146	0.0641164	2239.4	0.06965621	0.432
FHAD1	0.07890658	0.07556436	0.06391841	0.0615891	0.07120498	2240.0	0.07023669	0.4322
LINC02197	0.06921394	0.07268681	0.072816215	0.06348137	0.06904215	2240.2	0.0694481	0.4324
SSUH2	0.06422729	0.06856586	0.07238938	0.069004126	0.07245336	2240.6	0.069328	0.4326
IFNAR2	0.07956549	0.06716969	0.06620469	0.072305	0.06501513	2241.4	0.070052	0.4328
LYPLAL1-AS1	0.07066991	0.069688946	0.061194	0.077882394	0.06829758	2242.0	0.069546565	0.433
TSHZ1	0.06454913	0.07653312	0.06457252	0.07964487	0.06277083	2242.2	0.06961409	0.4332
RPL32	0.062329262	0.058485147	0.07712599	0.07563494	0.080715805	2242.8	0.07085823	0.4334
NIPAL1	0.06366319	0.07109375	0.06423771	0.0748561	0.07255445	2244.2	0.06928104	0.4336
RCAN2	0.05679226	0.06737375	0.07874353	0.07708138	0.070024654	2245.2	0.070003115	0.4338
TMEM140	0.06291068	0.07613144	0.065535635	0.06552655	0.07914021	2245.8	0.06984891	0.434
RASSF3	0.06738382	0.07095338	0.06433036	0.07118388	0.072220236	2246.6	0.06921434	0.4342
SLC27A2	0.07128399	0.06641536	0.06449264	0.07227243	0.07349121	2247.2	0.06959113	0.4344
IRS1	0.06574993	0.06592242	0.06654683	0.07857961	0.070847794	2247.4	0.06952932	0.4346
SLC7A7	0.05773026	0.069484755	0.07295619	0.07635152	0.07005305	2248.4	0.06931515	0.4348
KIAA1328	0.06311697	0.07488422	0.06791807	0.06723334	0.07309845	2248.6	0.06925021	0.435
RAPGEF4	0.060747948	0.069634326	0.07011217	0.0737226	0.07108461	2249.8	0.06906033	0.4352
MARCH4	0.065946095	0.06872419	0.07780702	0.0714666	0.06346504	2250.8	0.06948178	0.4354
AC012485.2	0.069637425	0.067187846	0.06688866	0.07045587	0.07254049	2251.8	0.06934206	0.4356
LHFPL4	0.070928425	0.073051184	0.06470357	0.07262536	0.06452829	2254.2	0.06916736	0.4358
ZFHX4	0.06807808	0.07269511	0.06825841	0.070989035	0.065058	2254.6	0.06901573	0.436
LINC01133	0.077318564	0.061540183	0.067272924	0.076848485	0.067909695	2255.4	0.070177965	0.4362
CDR2	0.06461963	0.083036296	0.06796276	0.06955206	0.06277244	2257.2	0.06958864	0.4364
SCGB2B2	0.06863751	0.06571403	0.06996494	0.07536866	0.066660404	2258.0	0.069269106	0.4366
HIST1H1C	0.06911809	0.06427728	0.072990485	0.07317733	0.06740234	2258.8	0.069393106	0.4368
SAXO1	0.069531396	0.06740547	0.07078512	0.07123866	0.06685988	2260.4	0.069164105	0.437
AL139393.1	0.06261042	0.06430122	0.069890834	0.083858505	0.06832352	2262.2	0.069796905	0.4372
LINC02112	0.0626064	0.06835351	0.07817027	0.06890564	0.06897158	2262.6	0.06940148	0.4374
RPL13A	0.07674631	0.061529007	0.06623131	0.07073158	0.07609505	2264.8	0.07026665	0.4376
STAT1	0.06777853	0.063917704	0.06849319	0.07022976	0.07805097	2267.0	0.06969403	0.4378
C8orf34-AS1	0.07143762	0.06578569	0.05848325	0.083146974	0.07163767	2267.4	0.070098236	0.438
CCDC18-AS1	0.06748913	0.07144697	0.057944495	0.07518617	0.075061455	2267.8	0.06942564	0.4382
LAMA3	0.06590671	0.06751737	0.06532082	0.0680702	0.08272108	2269.2	0.06990723	0.4384
COL6A2	0.06257387	0.06580623	0.07224246	0.074381225	0.070916474	2270.2	0.06918405	0.4386
AC079466.2	0.063586	0.061666574	0.072142	0.07819889	0.0729526	2270.8	0.06970921	0.4388
TPTE2	0.06337474	0.06758952	0.069767	0.07536495	0.06907568	2271.0	0.06903438	0.439
AP002336.2	0.07082092	0.0650664	0.06531479	0.06653331	0.08368761	2274.8	0.070284605	0.4392
LSP1	0.05200848	0.070655935	0.072462246	0.07661967	0.07521876	2281.4	0.069393024	0.4394
AC092943.2	0.063966736	0.07109571	0.06875594	0.07198614	0.067651615	2282.2	0.06869123	0.4396
ADCY10	0.0620713	0.07101316	0.072649375	0.072150536	0.06563774	2282.8	0.06870442	0.4398
PTPN22	0.057197027	0.07086944	0.059013903	0.077004455	0.0915145	2283.0	0.07111986	0.44
DISC1FP1	0.06978825	0.06235366	0.06307181	0.08002634	0.0737796	2283.4	0.06980393	0.4402
PDE7A	0.052950937	0.07300393	0.08026081	0.072992414	0.068735994	2284.2	0.06958882	0.4405
AL355499.1	0.06401463	0.08363067	0.07183911	0.0713928	0.057398845	2284.2	0.06965521	0.4405
SP110	0.06757659	0.07115116	0.07333133	0.066039585	0.06627894	2284.8	0.06887552	0.4408
ELF5	0.06703775	0.06953521	0.06754882	0.07201649	0.06730572	2286.4	0.068688795	0.441
ISG15	0.07416539	0.06418183	0.062329914	0.07395347	0.07332331	2286.6	0.069590785	0.4412
AC010967.1	0.06648743	0.07237407	0.06596041	0.07101616	0.067793615	2287.2	0.06872634	0.4414
CP	0.053993795	0.073660806	0.0753409	0.067198	0.07829775	2288.0	0.06969825	0.4416
RRM2B	0.062030654	0.075582914	0.06380911	0.07336111	0.06904765	2291.0	0.06876629	0.4418
ATP11A	0.06449453	0.07171946	0.07192326	0.06400834	0.072571926	2291.8	0.0689435	0.442
AC027097.2	0.07041562	0.07609969	0.072328344	0.065561034	0.061012983	2292.2	0.069083534	0.4423
CXCL2	0.068475336	0.068540975	0.07473448	0.06654974	0.06658697	2292.2	0.0689775	0.4423
KIAA0408	0.06523575	0.057277437	0.08080393	0.073943496	0.07408573	2292.6	0.070269264	0.4426
AC074351.1	0.07240375	0.06727768	0.061786916	0.06952117	0.075961605	2292.8	0.06939022	0.4428
RNF183	0.069234654	0.069985256	0.06387701	0.07261872	0.068180665	2293.8	0.06877927	0.443
KCNH8	0.05585512	0.06950008	0.07147299	0.075729884	0.07247159	2294.2	0.06900593	0.4432
LRRN2	0.06503109	0.07178545	0.06379252	0.07560572	0.067362085	2294.6	0.06871537	0.4434
LY6E-DT	0.06967751	0.0657658	0.06895347	0.07104105	0.06915922	2294.8	0.068919405	0.4436
C6orf118	0.078129105	0.07090818	0.06303971	0.06938276	0.064913414	2295.4	0.069274634	0.4438
RASSF6	0.06651944	0.06778244	0.06477356	0.07098995	0.075048335	2296.6	0.06902274	0.444
SEMA3C	0.064947635	0.06835516	0.07091907	0.06926401	0.069921695	2297.2	0.068681516	0.4443
STARD4-AS1	0.064303085	0.07549958	0.07005481	0.068788216	0.06459892	2297.2	0.06864892	0.4443
RHOQ	0.06722197	0.0659633	0.0638211	0.07587913	0.072353445	2298.2	0.069047794	0.4446
CHRNA4	0.0668144	0.07128288	0.06695385	0.06605161	0.0726965	2298.8	0.06875985	0.4448
CDKN1A	0.06068549	0.07652812	0.07219693	0.0750654	0.060199052	2299.2	0.06893499	0.445
MAP3K20	0.06101993	0.073921755	0.06250053	0.07648451	0.07025036	2300.8	0.068835415	0.4452
OSMR	0.058374245	0.07574721	0.07187437	0.06667326	0.07152656	2301.6	0.068839125	0.4454
TBC1D4	0.064585455	0.06428841	0.07018759	0.07599765	0.069693364	2302.6	0.06895049	0.4457
LINC00927	0.06486016	0.0783114	0.06472434	0.077304766	0.060114276	2302.6	0.069062985	0.4457
NOS1AP	0.07079498	0.06474391	0.06669273	0.069834314	0.073147975	2303.0	0.06904279	0.446
AC079760.1	0.06430902	0.06761801	0.08030812	0.0660921	0.06859211	2303.4	0.069383875	0.4462
MYO10	0.06973454	0.066848785	0.06572331	0.078490265	0.06427566	2305.6	0.069014505	0.4465
LINC01789	0.0671131	0.06539081	0.0755909	0.07415109	0.06307732	2305.6	0.06906465	0.4465
AC022431.1	0.05918646	0.067349404	0.070841655	0.07652819	0.07023164	2306.6	0.068827465	0.4468
CXXC4-AS1	0.055957362	0.07467416	0.069968656	0.07060229	0.07269208	2307.4	0.06877891	0.447
SLC28A1	0.06422734	0.06619826	0.07077271	0.07999844	0.06392728	2308.4	0.0690248	0.4472
ATP8B4	0.057277642	0.08113804	0.061961535	0.07425806	0.071321495	2308.8	0.06919135	0.4474
AC107223.1	0.07042835	0.076742806	0.067742236	0.064836	0.06447241	2310.0	0.06884436	0.4476
MXD1	0.07332004	0.065433666	0.061806135	0.06939104	0.07721019	2311.2	0.069432214	0.4478
AF130417.1	0.08399722	0.06519154	0.064900056	0.069133975	0.0668325	2312.6	0.07001106	0.448
HIVEP2	0.060806114	0.072983645	0.068015434	0.0803097	0.061777502	2314.8	0.06877848	0.4482
SDHAF3	0.05573966	0.072707914	0.07111311	0.06487499	0.084678106	2315.8	0.06982276	0.4484
AC116535.1	0.062232815	0.09097355	0.07165667	0.06383331	0.06247353	2317.2	0.07023398	0.4486
ADAMTS15	0.0648118	0.07976105	0.06357238	0.067341715	0.06844438	2317.6	0.06878626	0.4488
PDE4B	0.06362706	0.058758065	0.069343925	0.07505144	0.08331249	2319.0	0.0700186	0.449
SCIN	0.070767134	0.07006521	0.07473687	0.06484139	0.063828096	2319.2	0.06884774	0.4492
CFAP43	0.06415986	0.06893287	0.06796659	0.068583146	0.07288397	2321.4	0.06850529	0.4494
LINC02341	0.06550625	0.064534135	0.06920228	0.07652124	0.06808761	2321.6	0.068770304	0.4496
ANKRD55	0.07147543	0.062295582	0.066546775	0.077219374	0.06798895	2322.4	0.06910522	0.4498
FSTL3	0.05868606	0.07197727	0.06778518	0.0728072	0.07087148	2323.4	0.06842543	0.45
SLCO5A1	0.06545537	0.07156693	0.06574936	0.07141489	0.06732521	2325.6	0.06830235	0.4502
AC073346.1	0.0664408	0.06661168	0.06596433	0.06942219	0.07541465	2326.0	0.06877073	0.4504
PRTFDC1	0.05993468	0.071014315	0.06575947	0.08345417	0.06452787	2327.0	0.0689381	0.4506
SYCP2L	0.057568163	0.07706666	0.066951826	0.07049033	0.07070657	2328.2	0.06855671	0.4509
SOHLH2	0.064278886	0.06399163	0.06857469	0.077420175	0.06989716	2328.2	0.0688325	0.4509
NEFL	0.06927582	0.06643763	0.061924584	0.07078759	0.07692141	2329.6	0.06906941	0.4512
COL23A1	0.06122889	0.06820802	0.067281835	0.07164447	0.074293815	2331.8	0.06853141	0.4514
TENT4B	0.0685404	0.07127578	0.06649801	0.07317875	0.0624121	2332.8	0.06838101	0.4516
LRFN5	0.06547515	0.07001352	0.067057595	0.067409374	0.07179797	2335.8	0.06835072	0.4518
RAB31	0.06828152	0.06865413	0.0667204	0.07712194	0.06188063	2336.4	0.06853172	0.452
LINC02550	0.062321488	0.06818386	0.064084426	0.0713407	0.07849	2336.6	0.06888409	0.4522
CACNA2D4	0.06391244	0.070941545	0.06571005	0.07017311	0.07063434	2336.8	0.0682743	0.4524
AL109840.2	0.058895852	0.071531706	0.070039436	0.07063746	0.069978945	2337.0	0.06821668	0.4527
MDFIC	0.07079412	0.06181389	0.065567985	0.075765334	0.07087934	2337.0	0.06896414	0.4527
IGFBP4	0.07401896	0.07168716	0.06734658	0.07144263	0.05879348	2337.4	0.06865776	0.453
KCNB2	0.065436594	0.07606699	0.06213797	0.06488265	0.07538674	2343.4	0.068782195	0.4532
AP000676.5	0.067315176	0.070174485	0.0740464	0.061459158	0.06989992	2343.6	0.06857903	0.4534
LINC00662	0.064059705	0.07721707	0.06860255	0.07145283	0.060670353	2345.2	0.0684005	0.4536
HSPB8	0.07019086	0.07844095	0.068947054	0.0599211	0.06586538	2345.6	0.068673074	0.4538
LINC02343	0.064009346	0.072041094	0.06696333	0.07264926	0.06495335	2349.2	0.06812327	0.454
HSD11B1-AS1	0.07139481	0.06853893	0.058944818	0.0678121	0.07886713	2349.4	0.06911156	0.4542
ARRB1	0.080421485	0.0656232	0.067554705	0.06485159	0.06818363	2349.8	0.06932692	0.4544
VWF	0.0657312	0.0692719	0.06563651	0.06870993	0.07172438	2350.0	0.06821479	0.4546
AC002074.1	0.06631996	0.07017944	0.0634898	0.07314369	0.067764044	2350.2	0.068179384	0.4549
AC124248.1	0.0648757	0.07273039	0.077693544	0.06129955	0.06699171	2350.2	0.06871818	0.4549
SNED1	0.06635677	0.0663058	0.06709093	0.07089703	0.07096099	2352.4	0.0683223	0.4553
AC091906.1	0.0645059	0.059653647	0.07233013	0.06896442	0.08279643	2352.4	0.069650106	0.4553
CX3CL1	0.070635065	0.070701756	0.072221786	0.06454639	0.0637633	2358.2	0.068373665	0.4556
CENPP	0.05653667	0.08180892	0.07188254	0.06836316	0.0650023	2358.8	0.06871872	0.4558
MCTP2	0.068324864	0.06690118	0.0686093	0.068790756	0.0682172	2361.8	0.06816866	0.456
FAM169B	0.06484721	0.07923045	0.067995496	0.05816523	0.07304424	2362.4	0.06865652	0.4562
AC010476.2	0.07798329	0.046049524	0.08393353	0.068880215	0.07217706	2362.6	0.06980472	0.4565
LINC02275	0.06503539	0.0686119	0.066675656	0.071646005	0.06813534	2362.6	0.068020865	0.4565
ARFGEF3	0.07298647	0.064844005	0.06896938	0.07480362	0.06146554	2362.8	0.0686138	0.4568
RPL6	0.064996675	0.06965106	0.063522585	0.070849136	0.07165736	2363.0	0.06813536	0.457
DNAJB7	0.054544453	0.07437964	0.07808835	0.06809875	0.06821631	2363.2	0.068665504	0.4572
AC097450.1	0.06577959	0.0704196	0.07223017	0.073266275	0.059030358	2365.6	0.0681452	0.4574
PLCXD3	0.064030685	0.06693993	0.066761814	0.07371793	0.06936447	2367.0	0.06816296	0.4577
LINC01088	0.065664455	0.07084777	0.06502195	0.06681104	0.0722094	2367.0	0.06811092	0.4577
TNNI3K	0.0706901	0.07089153	0.05824646	0.076573685	0.06542292	2367.6	0.06836493	0.458
TMEM161B-AS1	0.061498176	0.074604556	0.06407937	0.062878534	0.08167115	2367.8	0.068946354	0.4582
CENPI	0.061325215	0.067105606	0.06857911	0.070647016	0.072891854	2368.6	0.06810976	0.4585
BCL11A	0.06349172	0.0705325	0.06612828	0.0711631	0.06841721	2368.6	0.06794655	0.4585
NFATC2	0.067829475	0.06848345	0.064900495	0.06500618	0.07606172	2369.0	0.06845627	0.4588
AC009093.2	0.06823871	0.06764292	0.061835036	0.07338616	0.0703787	2369.4	0.068296306	0.4591
LIPC	0.061591223	0.06493476	0.071344405	0.07556036	0.06785912	2369.4	0.06825797	0.4591
AC076966.2	0.06939442	0.06456673	0.06415154	0.06644615	0.08148578	2369.6	0.06920892	0.4594
AC006960.2	0.069184944	0.06750618	0.06817009	0.068737805	0.066667326	2372.2	0.06805327	0.4596
AC090921.1	0.056995105	0.079261675	0.065384045	0.068205655	0.07185838	2373.0	0.06834097	0.4599
BMP2	0.07081504	0.0653547	0.06646997	0.07241505	0.06627804	2373.0	0.068266556	0.4599
AC034111.2	0.059452098	0.07458941	0.07548655	0.06522535	0.06646069	2374.8	0.06824282	0.4602
AC079052.1	0.05579361	0.07213967	0.067155585	0.07571682	0.069800004	2376.6	0.068121135	0.4604
ZNF189	0.057946887	0.075704806	0.06932481	0.062266845	0.07753306	2376.8	0.06855528	0.4606
MFHAS1	0.06091245	0.07363664	0.05978107	0.07398544	0.0724006	2377.0	0.06814324	0.4608
EVA1A	0.06365027	0.06513391	0.06373183	0.0736313	0.07664699	2379.8	0.06855886	0.461
AL022724.3	0.0738882	0.075403824	0.06322555	0.06476224	0.064651676	2380.4	0.0683863	0.4612
LINC00960	0.056436747	0.07143901	0.07445995	0.06613885	0.07296029	2381.0	0.06828697	0.4614
AL121578.3	0.059775557	0.0723167	0.06599709	0.06866795	0.072971635	2382.8	0.067945786	0.4616
SPOCK3	0.060095992	0.077160574	0.06950708	0.06610279	0.06705436	2383.0	0.06798416	0.4618
ARHGAP28	0.06766047	0.07248271	0.06833232	0.06082422	0.070970945	2383.2	0.06805413	0.462
AP003059.2	0.05382367	0.07518216	0.07485052	0.07323719	0.06407618	2383.6	0.068233944	0.4622
AC008415.1	0.061314087	0.07292408	0.058735836	0.080820255	0.067834795	2385.0	0.06832581	0.4624
LHX1-DT	0.0651896	0.07427348	0.064543754	0.06784972	0.067408785	2385.8	0.06785307	0.4626
PALM2-AKAP2	0.07249962	0.06330091	0.06442046	0.07187263	0.06999931	2386.2	0.068418585	0.4628
AMOTL2	0.0649223	0.07743065	0.061273057	0.06766151	0.069403484	2386.6	0.0681382	0.463
AC091946.1	0.06544595	0.06822082	0.06568469	0.06523219	0.07692989	2389.0	0.068302706	0.4632
ITGA2B	0.06833369	0.0719949	0.06194722	0.075263135	0.062497642	2391.0	0.06800732	0.4634
PLSCR2	0.072013035	0.070463456	0.06663975	0.062202282	0.06917162	2391.8	0.06809803	0.4636
ATP23	0.059217785	0.07497582	0.0683825	0.067551	0.068628184	2392.0	0.067751065	0.4638
RUNX1	0.08067436	0.06828652	0.06348829	0.06909626	0.062437613	2393.2	0.06879661	0.464
AC107021.1	0.056926012	0.07313823	0.082963325	0.06498611	0.06612196	2394.0	0.06882713	0.4642
AC025048.4	0.05834521	0.07001764	0.06743822	0.07770181	0.0656138	2398.0	0.067823336	0.4644
AC026689.1	0.061806913	0.07098262	0.0691451	0.07219155	0.063861676	2399.6	0.06759757	0.4646
GPR156	0.06821752	0.06789978	0.05837754	0.07321073	0.07307116	2400.4	0.06815534	0.4648
ANLN	0.06886594	0.06765373	0.07110456	0.06813389	0.0636705	2401.6	0.06788572	0.4651
SIAH2-AS1	0.067476176	0.064391784	0.07850176	0.06467563	0.0676558	2401.6	0.06854023	0.4651
DLEC1	0.069554344	0.06839128	0.062962994	0.07149823	0.06683449	2402.4	0.067848265	0.4654
SSPN	0.0785641	0.07001599	0.06784991	0.06435928	0.061564784	2402.6	0.06847081	0.4656
AC009879.4	0.06676514	0.071239956	0.06422589	0.07352664	0.06281753	2403.0	0.067715034	0.4658
TMEM64	0.06175312	0.07380209	0.06156681	0.06938606	0.072562225	2403.2	0.06781406	0.466
UBASH3B	0.06658456	0.06638335	0.06349021	0.07333653	0.06978402	2403.8	0.06791573	0.4663
KLHL29	0.07031136	0.07362869	0.058869142	0.06728336	0.07011773	2403.8	0.068042055	0.4663
KIAA1324L	0.070677616	0.077415034	0.056653354	0.06833022	0.06764117	2404.2	0.06814348	0.4666
HOXB3	0.06592998	0.07301972	0.06918356	0.067521736	0.062494908	2406.8	0.06762998	0.4669
AC012501.2	0.06162391	0.06361523	0.071587324	0.07278065	0.0703559	2406.8	0.0679926	0.4669
RPL19	0.068352334	0.06403674	0.059518293	0.08582841	0.06713147	2407.0	0.068973444	0.4673
ADAMTS14	0.06632916	0.0639075	0.05908581	0.07970163	0.07390445	2407.0	0.06858571	0.4673
LPIN1	0.0695094	0.073154934	0.06791706	0.06521293	0.063135326	2407.8	0.06778593	0.4676
AC093912.1	0.07347871	0.065271944	0.06717378	0.07885627	0.057501383	2409.2	0.06845642	0.4678
RSPH4A	0.06337469	0.07521337	0.05920954	0.067206256	0.07571385	2409.4	0.06814354	0.468
PIGK	0.070265815	0.07287977	0.06622861	0.06453148	0.06507966	2410.4	0.06779707	0.4682
CPD	0.069329366	0.073508054	0.06407818	0.069778554	0.061993714	2410.6	0.06773757	0.4684
MEI4	0.06935669	0.06732437	0.061658885	0.070090204	0.07115514	2410.8	0.06791706	0.4686
BUB1B	0.06801507	0.07272217	0.05739504	0.07303218	0.067921184	2412.2	0.06781713	0.4688
BCAR3	0.04765502	0.07485809	0.08331783	0.067902625	0.070688434	2413.2	0.068884395	0.469
AC009365.1	0.06548367	0.06526433	0.069940485	0.06453318	0.075566694	2415.0	0.06815767	0.4692
LINC01185	0.058023885	0.07191761	0.0746318	0.06416414	0.070523664	2415.4	0.06785222	0.4695
CHAF1B	0.053016987	0.0698701	0.06081582	0.080315664	0.080330014	2415.4	0.068869725	0.4695
SBSPON	0.054691244	0.06155831	0.07311494	0.0796212	0.07475444	2416.2	0.06874803	0.4698
AP000779.1	0.059519876	0.074564196	0.05892136	0.06875454	0.080536716	2418.2	0.06845935	0.47
AC117453.1	0.054718852	0.076750495	0.06969809	0.071883716	0.065567054	2418.8	0.06772364	0.4702
AL355304.1	0.06404848	0.06602516	0.06435871	0.07481863	0.06966501	2420.0	0.0677832	0.4704
HESX1	0.061682414	0.06614616	0.068481006	0.071523935	0.07015883	2420.6	0.06759847	0.4706
CPEB2-DT	0.06297151	0.0649534	0.073488295	0.06634454	0.07211149	2421.6	0.067973845	0.4708
SCCPDH	0.056542084	0.07186249	0.06698341	0.06779134	0.076624095	2422.0	0.06796069	0.471
AC093898.1	0.06738164	0.076006845	0.06671971	0.06389621	0.06452653	2422.6	0.06770618	0.4713
RPS4X	0.058185413	0.07821852	0.06550587	0.073872685	0.06305447	2422.6	0.0677674	0.4713
AC068631.1	0.06588591	0.06838037	0.06633784	0.06988925	0.06663856	2424.8	0.06742639	0.4716
CXCL8	0.06698993	0.06622605	0.06674151	0.07435123	0.06397068	2425.6	0.06765588	0.4718
MTRNR2L1	0.06167778	0.070193656	0.06624622	0.07732341	0.062402356	2427.0	0.06756868	0.472
PART1	0.06396671	0.077708386	0.065620795	0.06588869	0.065208375	2427.3	0.067678586	0.4722
CEP126	0.06460922	0.07395244	0.056630816	0.07096737	0.072949044	2427.6	0.067821786	0.4724
CADPS2	0.06996621	0.06425917	0.06403521	0.0698003	0.071228676	2428.0	0.06785791	0.4726
RUBCNL	0.069562085	0.06824553	0.060680863	0.075954124	0.06441652	2430.4	0.06777183	0.4729
AK9	0.06309909	0.06686411	0.06420897	0.0758565	0.06820663	2430.4	0.067647055	0.4729
AC007785.1	0.07115193	0.05853304	0.05673418	0.07988995	0.08050141	2430.8	0.0693621	0.4732
AL591043.2	0.064258754	0.0626281	0.062608995	0.07678086	0.07476307	2433.4	0.06820795	0.4734
NLGN1	0.06958894	0.06598721	0.06740157	0.06460776	0.071417436	2434.0	0.06780058	0.4736
LINC00571	0.05542851	0.07496845	0.071191475	0.07350709	0.0629822	2434.8	0.06761555	0.4738
FHL1	0.07318998	0.055823088	0.06801011	0.07122838	0.074054874	2438.0	0.068461284	0.474
B3GLCT	0.06947444	0.07059827	0.060794402	0.06951649	0.066927366	2438.4	0.06746219	0.4742
AL390800.1	0.081777565	0.06011802	0.06741132	0.0746903	0.06113097	2438.6	0.069025636	0.4744
AC012038.1	0.06699191	0.06949766	0.06770133	0.07380066	0.059164952	2438.8	0.0674313	0.4746
JUNB	0.070104286	0.07060978	0.06295873	0.077434905	0.057792183	2440.6	0.06777997	0.4748
PGBD5	0.06167773	0.06094024	0.077567965	0.06490024	0.07900139	2441.0	0.06881751	0.475
GRK3	0.06972528	0.06700161	0.060010042	0.07364925	0.06790322	2442.0	0.06765788	0.4752
AC116345.3	0.04799739	0.0724577	0.074950434	0.07185298	0.07168472	2443.0	0.067788646	0.4754
AL354696.2	0.06628271	0.07319437	0.059055474	0.07125102	0.06735263	2443.2	0.06742723	0.4756
AC087857.1	0.060696416	0.07148813	0.06658736	0.07373987	0.06346614	2446.8	0.06719558	0.4758
ZFP36L2	0.07468557	0.067772806	0.065917395	0.06887258	0.061484285	2448.0	0.06774653	0.4761
AC007991.3	0.057229687	0.068083465	0.06440109	0.071578205	0.07848153	2448.0	0.06795479	0.4761
PCSK1N	0.06377204	0.06803226	0.07952844	0.064892754	0.0638104	2448.4	0.068007186	0.4764
SOSTDC1	0.060019393	0.07168372	0.065229386	0.07114728	0.067865424	2449.8	0.06718904	0.4766
SCN5A	0.062270917	0.06710081	0.06252516	0.07298894	0.07261348	2451.0	0.06749986	0.4768
HSPG2	0.06430144	0.06525637	0.06409592	0.07799445	0.06657543	2452.0	0.06764472	0.477
FGFR2	0.0653252	0.06997229	0.06012301	0.073823534	0.06721379	2452.6	0.06729157	0.4772
AC103923.1	0.07171018	0.06638439	0.061792668	0.06897396	0.06919474	2454.0	0.06761119	0.4774
BRIP1	0.06586807	0.06855942	0.06802605	0.06698046	0.06630882	2456.4	0.067148566	0.4776
CCDC151	0.074839	0.0620466	0.07316499	0.068141736	0.062231038	2456.8	0.06808467	0.4778
AC092431.1	0.061581295	0.06876452	0.057441328	0.07729319	0.07292746	2457.0	0.06760156	0.478
LINC00488	0.06060573	0.07100677	0.07819695	0.06327532	0.06521212	2457.2	0.06765938	0.4782
ERI2	0.06656507	0.06815232	0.061243683	0.07233849	0.06840902	2458.2	0.06734172	0.4784
CFAP54	0.067617476	0.06989337	0.06250628	0.067608066	0.0685448	2458.4	0.067233995	0.4786
LCK	0.065150425	0.06700047	0.063351594	0.07283008	0.06823849	2460.4	0.067314215	0.4789
OTX2-AS1	0.07585402	0.06658032	0.06675605	0.063257456	0.06679184	2460.4	0.06784793	0.4789
ANTXR1	0.056853674	0.07305915	0.05855438	0.0796648	0.07041183	2465.2	0.06770877	0.4792
AC002451.1	0.06624708	0.073296115	0.06718948	0.06898723	0.05989722	2465.8	0.06712343	0.4794
IRX3	0.057895277	0.06843352	0.07538602	0.06990965	0.06482126	2466.2	0.06728914	0.4796
MEIS2	0.06355847	0.06701683	0.075221926	0.06680307	0.06458312	2466.4	0.06743668	0.4798
GLB1L3	0.06149393	0.059499238	0.07525556	0.0764661	0.066679105	2466.8	0.06787878	0.48
FDFT1	0.060095303	0.074098684	0.06762093	0.07341195	0.060659666	2468.6	0.06717731	0.4802
LINC02785	0.06186605	0.06985308	0.072447315	0.06777604	0.063489795	2469.0	0.06708646	0.4804
AC068413.1	0.077244036	0.05720123	0.074095406	0.06348235	0.071062446	2470.2	0.06861709	0.4806
ADTRP	0.06070957	0.076139584	0.06934105	0.06335694	0.066186994	2472.2	0.06714682	0.4809
VEGFC	0.06534296	0.07877646	0.054582044	0.07282789	0.06609338	2472.2	0.067524545	0.4809
MYO5B	0.07333726	0.06369324	0.062109288	0.07296905	0.0662001	2473.0	0.06766179	0.4812
IRAK3	0.077322565	0.06749434	0.06367422	0.06296076	0.067995176	2473.2	0.067889415	0.4814
KRTAP5-AS1	0.06404265	0.0692025	0.060610265	0.07969535	0.06371513	2474.8	0.067453176	0.4816
PLA2G4C	0.061312012	0.061824113	0.0690674	0.07193425	0.073104635	2475.4	0.06744848	0.4818
RGL1	0.07086606	0.06947306	0.06623398	0.06225048	0.06734095	2476.6	0.0672329	0.4821
AC079848.2	0.06593609	0.068322614	0.066786535	0.0641323	0.07056183	2476.6	0.06714787	0.4821
SPINK5	0.06291228	0.06821707	0.06536364	0.069544524	0.06875993	2478.4	0.066959485	0.4824
ZBED3-AS1	0.061822068	0.061652604	0.07387646	0.07296071	0.06674478	2481.0	0.06741132	0.4826
SLC39A8	0.06263319	0.07512146	0.06288143	0.07027266	0.06402239	2482.4	0.066986226	0.4828
SYT7	0.060578145	0.0719548	0.06144713	0.064449675	0.08074705	2482.6	0.06783537	0.483
MUSK	0.070804715	0.065443836	0.06555312	0.061715502	0.074819334	2483.4	0.067667305	0.4832
GUCY2C	0.06386755	0.07225169	0.07261217	0.06462837	0.062179595	2484.0	0.06710787	0.4834
AL121972.1	0.071283035	0.07065781	0.05175469	0.07768986	0.06626695	2484.4	0.06753047	0.4837
PLPPR1	0.055155244	0.07510042	0.06496018	0.072541684	0.06772382	2484.4	0.06709627	0.4837
TMSB15B-AS1	0.0661451	0.07123594	0.058384854	0.06834456	0.07145055	2485.6	0.06711219	0.484
CLTRN	0.057375286	0.07006981	0.066426665	0.070357315	0.070524745	2486.0	0.06695077	0.4842
SMOX	0.060835145	0.06321359	0.07103453	0.076873414	0.06461787	2486.8	0.06731491	0.4844
ZNF98	0.06858037	0.06699983	0.06551877	0.074871786	0.060072236	2490.6	0.0672086	0.4847
LRRC7	0.06295567	0.06961639	0.071740374	0.065511785	0.06481657	2490.6	0.066928156	0.4847
DNAJC6	0.061097983	0.07494279	0.06532859	0.06564559	0.06730341	2494.2	0.06686368	0.485
SREBF2	0.06753644	0.068810135	0.06489057	0.071830794	0.061484046	2494.6	0.0669104	0.4852
CD226	0.05752567	0.06691131	0.069674544	0.0647902	0.07951891	2495.0	0.06768413	0.4854
PANCR	0.06402067	0.07280804	0.058961574	0.07438721	0.064659685	2499.0	0.066967435	0.4856
LINC02447	0.06209001	0.066839114	0.06285775	0.06292099	0.08852045	2500.0	0.06864567	0.4858
LURAP1L	0.066589445	0.06217151	0.06699319	0.0710178	0.06899848	2501.6	0.067154095	0.486
AC069120.1	0.06056017	0.074766174	0.060695965	0.07630045	0.0628415	2502.2	0.06703285	0.4862
SCRG1	0.05695468	0.077167444	0.07434276	0.06803101	0.05970314	2502.8	0.067239806	0.4864
Z95118.2	0.06855351	0.0672031	0.06486803	0.06638195	0.06785147	2504.8	0.066971615	0.4866
CHRNA7	0.066864505	0.06490605	0.06705887	0.07119233	0.06474369	2505.6	0.066953085	0.4868
C9orf153	0.067006655	0.06138483	0.06148776	0.07409763	0.07338104	2507.0	0.06747158	0.487
AC009097.2	0.054378297	0.07614848	0.07082452	0.06607757	0.06751851	2507.8	0.066989474	0.4873
RPL34-AS1	0.05508342	0.07958607	0.07015763	0.061645284	0.069969475	2507.8	0.06728838	0.4873
ENOX2	0.07516207	0.06129356	0.06128421	0.06686391	0.075525254	2508.2	0.0680258	0.4876
AC090945.1	0.06511132	0.059787642	0.066634685	0.070410304	0.07554614	2509.6	0.06749801	0.4878
OR2A1-AS1	0.06584341	0.066673145	0.065762304	0.064068526	0.07269773	2511.6	0.067009024	0.488
AC106799.2	0.06263959	0.06948184	0.06580082	0.06911353	0.065580405	2513.4	0.06652324	0.4882
CPAMD8	0.06085325	0.07010746	0.06286538	0.0709703	0.06831158	2514.2	0.06662159	0.4884
RRAS2	0.06486663	0.063157395	0.06679144	0.070763215	0.06942684	2514.4	0.067001104	0.4886
BAALC-AS1	0.070546396	0.06839402	0.064063996	0.07326934	0.058442023	2515.0	0.066943154	0.4888
MIR4527HG	0.04817212	0.064111196	0.076465964	0.081593595	0.06934521	2515.6	0.06793762	0.4891
ANKUB1	0.0685123	0.06822659	0.06503112	0.06413152	0.06831498	2515.6	0.0668433	0.4891
ACHE	0.066968404	0.076125406	0.06867823	0.062601864	0.06026576	2515.8	0.066927925	0.4894
MGAM	0.06518752	0.07580891	0.05964139	0.06779407	0.06558423	2516.0	0.06680323	0.4896
RPS13	0.06061196	0.060967788	0.07519998	0.066398256	0.07470461	2516.8	0.06757652	0.4898
FGF12	0.06123509	0.07074309	0.06555234	0.066572085	0.06881218	2517.0	0.066582955	0.49
ZDHHC14	0.05921809	0.06818406	0.05944833	0.07016369	0.080420576	2517.2	0.06748696	0.4902
LGALSL-DT	0.06520112	0.0751231	0.06173329	0.06961809	0.062000178	2517.8	0.066735156	0.4904
SOCS3	0.06261087	0.07044016	0.064320676	0.07300593	0.0626569	2518.0	0.06660691	0.4906
AC079768.4	0.060155433	0.071405135	0.07349165	0.06641957	0.062177647	2520.2	0.06672989	0.4908
DTNA	0.05593837	0.077474535	0.0656433	0.069990136	0.06500419	2520.4	0.06681011	0.491
NXPH2	0.06291447	0.077464856	0.058961507	0.071369156	0.0638179	2522.2	0.06690558	0.4912
AC025262.1	0.066600256	0.06882775	0.06793142	0.07136393	0.058637574	2523.2	0.06667218	0.4915
AL391152.1	0.046890244	0.07251986	0.08061803	0.07310121	0.06423752	2523.2	0.067473374	0.4915
CPM	0.06460785	0.07275777	0.062218003	0.07051815	0.063145414	2523.4	0.06664944	0.4918
CCDC36	0.06979091	0.061364964	0.06746769	0.06972794	0.06677651	2524.6	0.0670256	0.492
RAP1GAP2	0.054749243	0.08175264	0.059597615	0.07403013	0.06642787	2525.4	0.0673115	0.4922
RPL11	0.06257936	0.06428407	0.07138035	0.07346429	0.062424213	2527.4	0.066826455	0.4924
CELF4	0.06134463	0.06914668	0.06827405	0.06743777	0.06563295	2529.1	0.06636722	0.4926
AC119868.2	0.0617385	0.06858527	0.06706128	0.07210668	0.062914334	2530.0	0.06648122	0.4928
MTFP1	0.056321807	0.065862685	0.063998915	0.08425661	0.06708072	2530.4	0.067504145	0.493
EVA1C	0.053768728	0.07251502	0.07402357	0.07188019	0.06186663	2532.8	0.06681083	0.4932
OR3A2	0.07181972	0.07566156	0.06394218	0.06505782	0.058425434	2533.0	0.066981345	0.4934
PPARGC1A	0.06678135	0.072545595	0.06320168	0.061240874	0.06997189	2533.2	0.06674828	0.4936
BMPER	0.06285781	0.07317343	0.07083001	0.07144886	0.054990675	2533.4	0.06666016	0.4938
MIR503HG	0.0665641	0.060811132	0.06131398	0.081669495	0.06719366	2536.4	0.06751047	0.494
LINC01787	0.051914003	0.068434455	0.07316903	0.06959842	0.07078298	2536.6	0.06677978	0.4942
PRKAR2B	0.064477704	0.06718355	0.066132486	0.06670125	0.06824043	2538.4	0.06654708	0.4944
EHF	0.05610225	0.06581823	0.067043304	0.07267715	0.07233451	2538.8	0.06679509	0.4946
GABRG3	0.06327161	0.070616335	0.056300625	0.074151054	0.068628415	2539.2	0.06659361	0.4948
AL353653.1	0.06442393	0.07823415	0.05978534	0.064084075	0.06769727	2539.8	0.066844955	0.495
LINC02428	0.066421345	0.0683141	0.06798915	0.069394715	0.060211737	2542.0	0.066466205	0.4953
STYK1	0.06218661	0.060756907	0.06929622	0.072138235	0.069947205	2542.0	0.066865034	0.4953
LINC02253	0.06246582	0.064396404	0.06967222	0.06698281	0.06964152	2544.0	0.06663176	0.4956
AL031289.1	0.06412695	0.06523241	0.070382595	0.06186642	0.07268232	2544.2	0.06685814	0.4958
C11orf65	0.05967042	0.066890486	0.06723302	0.0641437	0.076964855	2545.6	0.066980496	0.496
ARID3A	0.05873546	0.071287975	0.057730574	0.074255146	0.070890434	2547.4	0.066579916	0.4962
HOXC-AS3	0.06290864	0.07128449	0.06625478	0.067935035	0.063113056	2548.2	0.0662992	0.4964
IRAK2	0.060636196	0.06471798	0.072407566	0.066945486	0.06831827	2550.0	0.066605106	0.4966
MAPRE2	0.05126655	0.0767703	0.06618308	0.07527838	0.06417746	2550.2	0.066735156	0.4968
AC016821.1	0.06705592	0.060468327	0.058541585	0.07977124	0.07105593	2550.6	0.067378595	0.497
STK38L	0.064179614	0.06539626	0.06749149	0.0679016	0.06729967	2552.4	0.066453725	0.4972
U91319.1	0.07274967	0.065652624	0.06388633	0.06498058	0.066672675	2554.2	0.066788375	0.4974
STPG2-AS1	0.06347851	0.05696033	0.07067615	0.06979129	0.07504476	2554.4	0.06719021	0.4976
AC068051.1	0.07453884	0.06698376	0.06400146	0.06341538	0.065435484	2555.0	0.06687498	0.4978
DUSP16	0.04781126	0.071455434	0.06766801	0.06999452	0.077226676	2555.4	0.06683118	0.498
AC024022.1	0.060811497	0.06743658	0.06812208	0.06613662	0.0691464	2555.6	0.066330634	0.4982
MEIS1	0.068579786	0.06543034	0.068042286	0.06549924	0.06507474	2555.8	0.06652528	0.4984
KCNH4	0.08152471	0.06827018	0.067093626	0.05514368	0.06584283	2556.2	0.067575	0.4986
IQCJ-SCHIP1	0.072750606	0.06660466	0.060803767	0.063033454	0.07143158	2557.2	0.06692482	0.4988
FBXL13	0.060296893	0.06769805	0.07026247	0.06375156	0.07036447	2557.4	0.06647469	0.499
AC016925.3	0.061251353	0.060246885	0.06679511	0.07492175	0.070666604	2561.4	0.06677634	0.4992
AC027018.1	0.057989456	0.067457326	0.06457636	0.067436844	0.075899	2561.6	0.0666718	0.4994
LINC01538	0.056531385	0.06701219	0.06986466	0.0698279	0.06855806	2562.0	0.06635884	0.4996
AC109441.1	0.055763353	0.065476805	0.071220346	0.07417153	0.066024065	2562.2	0.06653122	0.4999
REEP1	0.064326234	0.060168438	0.07381173	0.06272495	0.0754126	2562.2	0.06728879	0.4999
COLEC12	0.05572438	0.08147399	0.06462436	0.067417644	0.06483004	2562.6	0.06681408	0.5002
APOE	0.060585175	0.071938634	0.066303276	0.072864905	0.059432875	2563.8	0.06622497	0.5004
AC025887.2	0.0711855	0.06778352	0.059891988	0.070885435	0.06311136	2565.2	0.066571556	0.5006
ARHGEF26-AS1	0.05998056	0.066266745	0.074216835	0.06658061	0.06527643	2568.6	0.06646423	0.5008
ZCCHC24	0.054559026	0.07414796	0.06516428	0.06905444	0.06850819	2569.4	0.06628678	0.501
GPC4	0.06428719	0.07219643	0.064026624	0.068612576	0.061861943	2570.0	0.066196956	0.5012
ZSWIM4	0.055850983	0.06592429	0.06615777	0.07047161	0.07482074	2571.0	0.06664507	0.5014
AC010884.1	0.060681198	0.071888745	0.064403884	0.06822173	0.065055214	2573.0	0.06605016	0.5017
HNF4A	0.05101068	0.06879658	0.063030526	0.07677244	0.07412223	2573.0	0.06674649	0.5017
TINAG	0.063734315	0.064584	0.06644423	0.0791408	0.059647884	2573.2	0.06671025	0.502
SDCBP	0.05539388	0.07598395	0.06729208	0.06259278	0.071305856	2574.0	0.0665137	0.5022
ANKRD7	0.06541477	0.0659276	0.0581561	0.073286556	0.06962032	2574.6	0.06648107	0.5024
MIR3659HG	0.06744583	0.06419476	0.07317038	0.06529818	0.06277588	2575.2	0.066577	0.5026
ANKFN1	0.065207236	0.067668706	0.06337754	0.06273977	0.07349543	2580.0	0.06649773	0.5028
AC027698.1	0.07130087	0.06895306	0.06426471	0.058734875	0.06927835	2580.2	0.06650637	0.503
AL358944.1	0.066711314	0.0747255	0.07089865	0.063184686	0.05650931	2580.4	0.06640589	0.5033
SLC5A4-AS1	0.06598685	0.05534382	0.07412261	0.071920566	0.0667044	2580.4	0.06681565	0.5033
LINC02405	0.06866967	0.07435524	0.052916456	0.06512356	0.07205007	2580.6	0.066622995	0.5036
RPS9	0.06562639	0.0626726	0.06675419	0.06499734	0.07285111	2581.6	0.06658033	0.5038
ITGA9	0.05431452	0.06989904	0.07058303	0.062326618	0.07622581	2582.0	0.06666981	0.504
LINC00937	0.06477889	0.07011548	0.05604995	0.07596446	0.06453825	2584.2	0.0662894	0.5043
FNIP2	0.063367665	0.08382015	0.06288378	0.06662733	0.057934307	2584.2	0.06692664	0.5043
AL031123.1	0.07428742	0.05882548	0.059533574	0.073410034	0.069365785	2584.6	0.067084454	0.5046
EEPD1	0.074354164	0.064021245	0.0638602	0.06299034	0.06859773	2586.8	0.066764735	0.5048
TNFRSF21	0.05423231	0.073032096	0.070617266	0.061190713	0.07322744	2587.0	0.06645997	0.5051
CLIC6	0.060677506	0.064326964	0.07028108	0.06987266	0.06543383	2587.0	0.06611841	0.5051
DOK5	0.06888235	0.05978855	0.085437074	0.05710316	0.06970341	2587.8	0.06818291	0.5054
AL360267.2	0.066388585	0.061624877	0.07369027	0.06777503	0.06328619	2588.2	0.06655299	0.5056
CRIM1	0.06129215	0.059393603	0.066849306	0.08100315	0.06553646	2588.6	0.06681494	0.5058
KIRREL1	0.05765719	0.06510283	0.06600172	0.08023651	0.06380945	2590.4	0.06656154	0.506
ZNF503-AS1	0.057611972	0.0673863	0.0650058	0.06876489	0.07180578	2592.8	0.06611495	0.5062
AC104459.1	0.07265015	0.06710887	0.058427356	0.072018206	0.062164642	2593.0	0.06647384	0.5064
IL34	0.065827884	0.06514849	0.07113981	0.06245737	0.0667654	2593.4	0.066267796	0.5066
C10orf55	0.061564766	0.063264415	0.06829644	0.068679124	0.06888659	2593.6	0.06613827	0.5068
NHS-AS1	0.06173161	0.06093391	0.06939166	0.063260056	0.08007394	2595.2	0.06707823	0.5071
AC090709.1	0.06566524	0.064407595	0.069347575	0.06980273	0.06144213	2595.2	0.06613306	0.5071
SLC25A21	0.060445923	0.06470404	0.06913223	0.06569766	0.07098553	2598.6	0.06619308	0.5074
AC092546.1	0.071639284	0.07363328	0.060057983	0.06670085	0.059455156	2601.0	0.06629731	0.5077
PXDC1	0.05603666	0.065717354	0.061844755	0.069128565	0.08298426	2601.0	0.06714232	0.5077
SMARCA2	0.06142129	0.066207565	0.06518323	0.0641501	0.074447356	2601.2	0.06628191	0.508
RIPOR2	0.057488367	0.07128887	0.06411259	0.072636954	0.06383994	2602.0	0.06587334	0.5082
GLI3	0.057703152	0.07293428	0.06399963	0.070229515	0.064466484	2602.8	0.06586661	0.5084
TPM4	0.061531145	0.067755155	0.067056455	0.065959826	0.06723704	2603.0	0.065907925	0.5086
RPL18A	0.06892828	0.062222593	0.06714247	0.07073832	0.06253031	2603.8	0.066312395	0.5088
USH2A	0.056869723	0.0663258	0.069389455	0.06928241	0.06776402	2608.4	0.06592628	0.509
PKLR	0.062598966	0.07137006	0.065139234	0.06303148	0.06691804	2609.0	0.06581156	0.5092
LINC02149	0.073292874	0.063928485	0.06417041	0.06622575	0.06420852	2612.6	0.066365205	0.5094
NAT1	0.06277827	0.064120434	0.06947958	0.066851735	0.06652521	2614.4	0.06595105	0.5096
LINC01277	0.053448215	0.06381486	0.06831989	0.079637215	0.06687665	2614.6	0.06641936	0.5098
RPL37	0.08318377	0.070091575	0.061143067	0.06498044	0.05716976	2616.2	0.06731372	0.51
AP001636.3	0.056174263	0.076384395	0.062604584	0.07589923	0.05986107	2617.4	0.066184714	0.5102
IFIT2	0.06492342	0.070386484	0.058077298	0.07439128	0.061867382	2619.0	0.065929174	0.5104
LGR4	0.063574865	0.0654533	0.06651478	0.06801753	0.065495074	2619.8	0.06581111	0.5106
S100A14	0.059796087	0.063600816	0.06806987	0.07247524	0.06545924	2620.2	0.065880254	0.5108
PECAM1	0.07212254	0.061805908	0.063950256	0.06924956	0.064230084	2620.8	0.06627167	0.511
TFAP2C	0.059390765	0.061181895	0.06816225	0.073824294	0.06775964	2621.4	0.06606377	0.5113
COL6A3	0.06673383	0.05902254	0.07397161	0.05670339	0.08030519	2621.4	0.06734731	0.5113
ICAM1	0.059528086	0.07014832	0.06855016	0.07077618	0.05941445	2622.4	0.06568344	0.5116
PSG8	0.05630219	0.060133226	0.07313051	0.06517073	0.081633806	2623.2	0.06727409	0.5118
OR9Q1	0.06252819	0.07663713	0.061466735	0.061923116	0.06726339	2624.4	0.065963715	0.512
AP1S3	0.06465392	0.0692311	0.06399461	0.06512195	0.065448396	2628.2	0.065689996	0.5122
WTAP	0.074724406	0.06883489	0.061556943	0.06585814	0.060027033	2630.4	0.066200286	0.5124
NMNAT3	0.06395617	0.06925504	0.058239147	0.06596781	0.072299734	2631.2	0.06594358	0.5126
ADARB1	0.05877547	0.06018443	0.06773839	0.06819079	0.07785787	2632.4	0.06654938	0.5128
AL009178.3	0.069012366	0.059456367	0.06862456	0.0666016	0.067163214	2632.6	0.066171624	0.513
AL589935.1	0.066406175	0.07240308	0.06316456	0.06409877	0.06268653	2632.8	0.06575183	0.5132
AC096564.1	0.058774576	0.06679524	0.06198493	0.06721846	0.07586158	2633.4	0.06612696	0.5134
AC022858.1	0.055368662	0.06933909	0.069795124	0.06434783	0.0701937	2634.0	0.06580888	0.5136
ROR1	0.058981657	0.059058797	0.06769162	0.07172625	0.07373751	2635.4	0.06623916	0.5138
TMEM182	0.05237089	0.06403304	0.06539797	0.07226209	0.07901141	2636.4	0.06661508	0.514
CLVS1	0.078521475	0.0632358	0.06636349	0.069791205	0.05562215	2636.6	0.06670682	0.5142
A1CF	0.061058603	0.06967626	0.066835105	0.061567362	0.06882414	2637.6	0.0655923	0.5145
AC007344.1	0.060674693	0.066581	0.0599686	0.07099536	0.07080675	2637.6	0.06580528	0.5145
LINC01877	0.07225142	0.070537105	0.061254133	0.068717465	0.057070524	2638.8	0.06596613	0.5149
TMEM72-AS1	0.057533253	0.06939406	0.065619305	0.07322629	0.06201102	2638.8	0.06555679	0.5149
LINC00624	0.061705574	0.04930996	0.07202533	0.075496174	0.071588285	2640.8	0.06602506	0.5152
AC018680.1	0.07406822	0.065758936	0.05837899	0.0736056	0.05953095	2641.6	0.06626854	0.5154
AC004158.1	0.06995324	0.062031455	0.06767688	0.07612901	0.05554007	2641.8	0.066266134	0.5156
AC015987.1	0.06321267	0.07085562	0.061352544	0.06708666	0.06530427	2642.0	0.06556235	0.5158
AC011444.2	0.058091294	0.05867736	0.06379098	0.07416699	0.07853524	2642.6	0.06665237	0.516
HIPK1-AS1	0.060478136	0.063645996	0.06812446	0.06609956	0.07061957	2643.2	0.06579354	0.5162
HFM1	0.05027151	0.07131037	0.061060067	0.07434969	0.07259965	2644.4	0.06591825	0.5164
LINC02671	0.05819882	0.07835273	0.066642456	0.065174684	0.060623407	2646.4	0.06579842	0.5166
COL28A1	0.066624984	0.06527489	0.06714611	0.06335772	0.06626408	2647.2	0.06573355	0.5168
AC005237.1	0.054377284	0.07376888	0.0646058	0.07036161	0.06483566	2647.8	0.065589845	0.517
CCDC85A	0.06609471	0.07173102	0.057266034	0.06807261	0.06452905	2648.1	0.06553868	0.5172
EIF1B-AS1	0.06569495	0.061584707	0.06739099	0.07248538	0.062147945	2648.2	0.06586079	0.5175
LINC02133	0.058491025	0.07047768	0.06316754	0.07043623	0.06449146	2648.2	0.06541278	0.5175
TCIM	0.063295	0.068151824	0.06209753	0.07372696	0.06094671	2649.2	0.0656436	0.5178
RFLNA	0.057393998	0.06596696	0.07373292	0.062826745	0.06940103	2649.8	0.06586433	0.518
SNAP25	0.07578745	0.05940375	0.065381765	0.06927837	0.062276147	2651.2	0.066425495	0.5182
RASSF5	0.06545548	0.061668113	0.054396763	0.075008556	0.0758256	2651.4	0.066470906	0.5184
PRR5L	0.06824051	0.07393568	0.05982114	0.06456887	0.06225583	2651.6	0.065764405	0.5186
AC110296.1	0.06149302	0.0531386	0.06388404	0.07186032	0.086018816	2651.8	0.06727896	0.5188
AC023424.3	0.050589122	0.07050508	0.071606174	0.067092896	0.06825701	2654.6	0.06561006	0.519
RORB	0.06507693	0.07514602	0.06432732	0.065299265	0.058115896	2655.0	0.065593086	0.5192
HBEGF	0.065444134	0.062976524	0.064153574	0.06702699	0.06928017	2656.0	0.06577628	0.5194
AC021594.2	0.058533896	0.064684846	0.062466428	0.07190258	0.07080393	2658.0	0.06567834	0.5196
ACADL	0.051024415	0.07204992	0.068387486	0.06788446	0.06789794	2660.4	0.06544885	0.5198
AC104248.1	0.06735157	0.067165785	0.05893365	0.068615794	0.06581581	2660.6	0.065576516	0.52
AC099792.1	0.062735535	0.064093105	0.064768836	0.06798432	0.06809143	2661.8	0.065534644	0.5202
COL5A1	0.05093539	0.06570617	0.06520055	0.075316876	0.07207211	2664.0	0.06584622	0.5204
AL121999.1	0.08001057	0.07070889	0.05756815	0.058608256	0.065696925	2664.2	0.06651856	0.5206
TSC22D1	0.056652676	0.06337848	0.06799385	0.06942151	0.07090961	2665.4	0.06567123	0.5208
SYT9	0.059589922	0.069905594	0.05967541	0.06734756	0.07071305	2666.0	0.0654463	0.521
AC018754.1	0.06740024	0.068190105	0.06550663	0.063530155	0.06277117	2667.6	0.06547966	0.5212
SRL	0.0664246	0.06927544	0.06344319	0.07185391	0.056488983	2667.8	0.06549723	0.5214
TERF2IP	0.060575403	0.07074869	0.05992696	0.07221732	0.06312447	2668.8	0.06531857	0.5216
SLC6A19	0.058453232	0.06568993	0.06773907	0.06606774	0.06927097	2669.0	0.06544419	0.5218
MMS22L	0.050189435	0.06870471	0.06743538	0.072432764	0.06839719	2669.2	0.06543189	0.522
COTL1	0.062818386	0.063478716	0.06286901	0.06876363	0.07002784	2669.4	0.065591514	0.5222
EPHB2	0.058085904	0.06745343	0.06930759	0.06487009	0.0669951	2671.8	0.06534243	0.5224
FAM3D-AS1	0.05523915	0.08416548	0.06804009	0.0617705	0.06180811	2673.6	0.06620467	0.5226
GLCCI1	0.062237043	0.07286619	0.063027896	0.06667681	0.061543506	2675.0	0.06527029	0.5229
ANO5	0.05964482	0.0585068	0.06505729	0.07513355	0.0710358	2675.0	0.06587565	0.5229
VWA3A	0.06583824	0.06692544	0.06795205	0.06301035	0.063347235	2675.2	0.06541467	0.5232
CARD11	0.056592055	0.061635386	0.058056436	0.07473744	0.08364716	2676.6	0.06693369	0.5234
TSPAN15	0.060816877	0.06900163	0.05813732	0.067011535	0.07197494	2678.2	0.065388456	0.5236
BDKRB2	0.056492798	0.07237303	0.063801885	0.06604129	0.06784905	2681.4	0.06531161	0.5238
EFCAB13	0.07658829	0.06332554	0.060766257	0.070407785	0.05969789	2683.0	0.06615715	0.524
FAM81B	0.05583272	0.054141745	0.07375752	0.075366065	0.0716688	2683.4	0.06615337	0.5242
NKAIN3	0.06302198	0.06382991	0.06704074	0.06392427	0.069691114	2684.2	0.06550161	0.5244
LINC00504	0.061673604	0.06844596	0.06545251	0.06618014	0.06387235	2686.0	0.065124914	0.5246
IFIT3	0.071545236	0.06016433	0.061460108	0.06664181	0.069985464	2686.4	0.06595938	0.5248
C2CD6	0.058497068	0.07227156	0.06669969	0.061762564	0.06652712	2687.8	0.0651516	0.525
CMTM8	0.06757509	0.06423752	0.061114226	0.07434119	0.06057281	2690.0	0.065568164	0.5252
AC084740.1	0.06337513	0.07395771	0.06604255	0.059152678	0.06400931	2690.2	0.065307476	0.5254
NEXN	0.055569388	0.08069392	0.06879502	0.06920639	0.054096494	2691.6	0.06567224	0.5257
LINC02506	0.05595605	0.06538255	0.06462815	0.074049436	0.066659436	2691.6	0.06533512	0.5257
PPM1E	0.06475639	0.062011722	0.065501854	0.0627211	0.0736808	2694.6	0.06573437	0.526
SMCO2	0.056114014	0.07146421	0.06522142	0.066583164	0.06608748	2695.0	0.06509406	0.5262
LAMC3	0.05294917	0.06531826	0.06337525	0.071053244	0.07627019	2695.2	0.06579322	0.5264
FO704657.1	0.06882527	0.064568356	0.06656469	0.068253435	0.058832876	2695.8	0.06540892	0.5266
USP44	0.064313866	0.06953702	0.06611603	0.067886196	0.057706997	2697.2	0.06511202	0.5268
RASGEF1C	0.06863241	0.06767037	0.064166784	0.05886366	0.06759475	2697.8	0.065385595	0.527
CCDC26	0.06376101	0.07804992	0.060691874	0.06435522	0.06040357	2698.6	0.065452315	0.5272
TMCC2	0.06737751	0.06737514	0.05881677	0.06627052	0.06660026	2699.6	0.065288045	0.5274
TMEM26	0.05694198	0.07557084	0.07211676	0.054985706	0.0675711	2699.8	0.06543727	0.5276
IFFO2	0.06589747	0.057818238	0.066277236	0.07258547	0.06496894	2700.4	0.065509476	0.5278
AL158206.1	0.07770426	0.067607604	0.053025328	0.06680839	0.06478144	2700.6	0.065985404	0.528
AC080079.2	0.05357151	0.07502585	0.07106852	0.0631511	0.06367703	2701.4	0.065298796	0.5282
TBL1X	0.06295067	0.07349473	0.06444024	0.061586592	0.0631255	2702.2	0.06511955	0.5286
LINC00882	0.05255258	0.069366515	0.060915876	0.075313784	0.068215966	2702.2	0.06527294	0.5286
AL365214.2	0.070869476	0.06097454	0.05656295	0.07702491	0.063986935	2702.2	0.06588376	0.5286
SEMA3F	0.054180395	0.07033945	0.06894548	0.06585367	0.066022195	2702.8	0.06506824	0.529
SLC51B	0.055861924	0.071204014	0.06807623	0.0712627	0.058823176	2703.4	0.06504561	0.5292
DCDC1	0.06705502	0.06208993	0.0705706	0.06864187	0.058749247	2704.4	0.065421335	0.5294
KMO	0.065644495	0.059627943	0.06403003	0.07343319	0.06452701	2707.2	0.06545253	0.5296
AL163952.1	0.05412292	0.06697579	0.06372724	0.07582469	0.065589	2707.8	0.06524793	0.5298
CACNB2	0.061263185	0.07269283	0.06513065	0.059888367	0.06614627	2709.0	0.06502426	0.53
DNAH17	0.06007312	0.057011433	0.06357445	0.069714464	0.080880225	2709.4	0.066250734	0.5303
GAGE10	0.05828486	0.067400716	0.05929975	0.06927471	0.071366385	2709.4	0.06512529	0.5303
AC010343.3	0.05666761	0.0705119	0.06274804	0.07462501	0.060929485	2710.2	0.06509641	0.5306
SEM1	0.052061565	0.07730269	0.0610239	0.06900114	0.06684099	2711.6	0.06524606	0.5308
LIX1	0.059925713	0.06906247	0.06904394	0.05649677	0.07123862	2711.8	0.0651535	0.531
LINC01470	0.07030601	0.06535812	0.06804913	0.06458364	0.058284067	2712.0	0.06531619	0.5312
MYBPC2	0.07228897	0.06695023	0.06033378	0.06866691	0.058673106	2713.4	0.0653826	0.5315
PTGFR	0.05212214	0.070795774	0.06456574	0.06627708	0.071824014	2713.4	0.06511695	0.5315
ZEB1-AS1	0.066845186	0.06198991	0.062241353	0.07757185	0.059280645	2714.2	0.065585785	0.5318
ST6GAL2	0.06650011	0.070225745	0.061460093	0.06659428	0.060402475	2714.6	0.06503654	0.532
AC079380.1	0.06317181	0.06481424	0.056009136	0.07114178	0.07159967	2715.4	0.06534733	0.5322
ACAT2	0.06868568	0.059147943	0.062386546	0.07419701	0.06321418	2716.8	0.06552627	0.5325
ATP8A1	0.05055706	0.07799459	0.07076546	0.068056606	0.05917727	2716.8	0.065310195	0.5325
LINC02742	0.05682504	0.06789453	0.06548167	0.07137733	0.06340827	2716.9	0.064997375	0.5328
EVC	0.0628185	0.062912814	0.0648555	0.068405144	0.06646582	2717.4	0.06509156	0.533
LINC01208	0.054849073	0.07189872	0.0656681	0.067756	0.064257056	2719.4	0.06488579	0.5332
HK1	0.06089368	0.05641086	0.06298868	0.06887342	0.082367055	2721.6	0.06630674	0.5334
IFI16	0.046770297	0.07875054	0.060239386	0.074846186	0.066041656	2721.8	0.06532961	0.5336
AC025434.1	0.054984268	0.07293491	0.06352434	0.071601205	0.061766148	2722.4	0.06496218	0.5338
AC096719.1	0.059484698	0.06226945	0.06283377	0.07440392	0.0668643	2724.4	0.06517123	0.534
SCUBE2	0.06673018	0.07329479	0.059844248	0.06322824	0.062010016	2724.6	0.0650215	0.5342
TMEM213	0.06687784	0.062301025	0.06709118	0.062172957	0.0676378	2726.4	0.06521616	0.5344
SEMA4A	0.057712186	0.06226552	0.0725987	0.069737256	0.063419774	2727.0	0.065146685	0.5346
ZNF569	0.06502049	0.076135576	0.056010153	0.06896012	0.059184633	2728.8	0.065062195	0.5348
GALNT1	0.06471454	0.06657835	0.062895395	0.07539214	0.056093294	2731.2	0.06513475	0.535
AC073475.1	0.057371166	0.06553867	0.06488701	0.06773019	0.06889191	2731.8	0.06488378	0.5352
SLC2A1-AS1	0.061831288	0.05644796	0.06697223	0.072121084	0.06873484	2732.2	0.06522147	0.5355
WNT5B	0.061251633	0.06666312	0.055768497	0.074856095	0.06655963	2732.2	0.0650198	0.5355
METTL14-DT	0.058556713	0.067310385	0.063038826	0.06000558	0.07910834	2732.4	0.06560397	0.5358
NREP	0.06406152	0.06291206	0.06804241	0.072824754	0.057546042	2735.4	0.06507736	0.536
LRP3	0.06384084	0.056984857	0.07034768	0.067865975	0.0672215	2735.8	0.06525217	0.5362
AHNAK2	0.060520638	0.063652545	0.0616175	0.073513225	0.06548606	2736.0	0.064958	0.5364
ENPP3	0.056979958	0.072390355	0.06399424	0.059305605	0.07252911	2739.2	0.06503986	0.5366
SVOPL	0.06284224	0.06368925	0.06318784	0.069763884	0.0647966	2740.2	0.06485596	0.5368
AC244033.2	0.0615465	0.062041007	0.06353089	0.07049253	0.066968456	2740.4	0.06491587	0.5371
SHCBP1L	0.06735	0.06105871	0.065058716	0.06623795	0.065666564	2740.4	0.06507439	0.5371
ITGA3	0.05320806	0.07347347	0.06286772	0.069151826	0.06511263	2740.6	0.06476274	0.5374
SLC16A1-AS1	0.063695036	0.055368718	0.06879433	0.07218341	0.06586842	2740.8	0.065181985	0.5376
CAPN6	0.0658868	0.06757826	0.061330467	0.06791514	0.0613418	2742.6	0.0648105	0.5379
PHYHIPL	0.063617535	0.06157192	0.05966424	0.06904047	0.071946144	2742.6	0.06516806	0.5379
ONECUT2	0.064998016	0.07037186	0.055656243	0.0656011	0.067352764	2743.2	0.06479599	0.5382
MTMR10	0.06681261	0.057982117	0.065370165	0.06919092	0.06594386	2747.0	0.06505994	0.5384
MIR34AHG	0.056750245	0.06271724	0.059038136	0.074484326	0.073748834	2747.8	0.06534775	0.5386
CASC2	0.070156716	0.06165153	0.06521793	0.06442496	0.06410698	2750.2	0.06511162	0.5388
GRM5	0.06656378	0.06587643	0.05691704	0.074917346	0.060682915	2750.4	0.064991504	0.539
PFKP	0.0652925	0.05878174	0.06915906	0.06661327	0.06518322	2752.6	0.06500596	0.5393
STOX1	0.06242518	0.06447065	0.060913134	0.06741098	0.06878883	2752.6	0.06480175	0.5393
KIAA1211L	0.06924358	0.07397695	0.059222758	0.060775798	0.061536998	2753.4	0.06495122	0.5396
CFAP77	0.06368718	0.074602835	0.06424927	0.065503895	0.055858836	2754.2	0.0647804	0.5398
ARMH1	0.05963965	0.071144156	0.061875887	0.0601081	0.07113514	2755.4	0.064780585	0.54
SH3BP4	0.056994982	0.068960674	0.05786891	0.074148156	0.06540048	2757.2	0.06467464	0.5403
CATSPERE	0.058154687	0.061706893	0.06790619	0.066963844	0.069627926	2757.2	0.06487191	0.5403
LUZP2	0.06022913	0.06593516	0.062565535	0.066962205	0.06744682	2757.4	0.064627774	0.5406
AC096677.1	0.06354017	0.06801397	0.06112106	0.063676015	0.0670132	2758.4	0.06467289	0.5408
CDH20	0.067149095	0.05877624	0.07069056	0.06344603	0.06531385	2758.8	0.06507515	0.541
AL035701.1	0.06434573	0.058757458	0.06741004	0.0657135	0.06876613	2759.0	0.06499857	0.5412
AC073091.3	0.0738211	0.063743986	0.054482557	0.070611194	0.06377761	2759.4	0.06528729	0.5414
ZBBX	0.057039917	0.064978495	0.0703827	0.06753737	0.06373855	2760.2	0.064735405	0.5416
EPAS1	0.06941242	0.06254083	0.061480433	0.06794222	0.06341236	2761.6	0.064957656	0.5418
CLCA4-AS1	0.061664738	0.06653955	0.062241554	0.071077555	0.06134691	2764.8	0.06457406	0.542
SOX9	0.050741296	0.06993333	0.07288841	0.06772068	0.062144198	2765.0	0.06468558	0.5422
LINC01999	0.057936396	0.06461347	0.06065652	0.067428075	0.07409695	2766.6	0.06494628	0.5424
KRT18	0.06127756	0.06984468	0.0690463	0.05960401	0.06278725	2766.8	0.064511955	0.5426
ARMC4	0.05740032	0.063414834	0.065474354	0.07134636	0.06561857	2767.2	0.06465089	0.5428
AC244131.2	0.064130075	0.06271415	0.057561778	0.07595495	0.064388126	2769.6	0.06494982	0.543
FBXO15	0.059168417	0.07145207	0.056762233	0.06862298	0.0662206	2770.0	0.06444526	0.5432
AC103770.1	0.049845286	0.070807256	0.07542238	0.06640975	0.061652154	2770.2	0.06482737	0.5434
SKA2	0.06821115	0.06574401	0.06187788	0.064122036	0.063747704	2771.8	0.06474055	0.5436
SLC39A4	0.060073223	0.058895405	0.07274582	0.0674474	0.065205514	2772.4	0.06487347	0.5438
STK32B	0.06373899	0.06505131	0.066839956	0.06601313	0.061389554	2773.2	0.06460659	0.544
AKR1B10	0.05099147	0.077145934	0.06570722	0.06739556	0.06226289	2774.8	0.06470062	0.5442
EGLN3	0.065755315	0.06402017	0.06487524	0.06530726	0.06318428	2775.4	0.06462846	0.5444
SLC2A14	0.07156187	0.059131414	0.06276182	0.06639839	0.06541858	2776.8	0.06505441	0.5446
AC006213.3	0.06157511	0.06260142	0.06644036	0.066594064	0.06547792	2777.0	0.06453778	0.5448
GABRB3	0.06725472	0.07733698	0.057076637	0.06243062	0.060082454	2777.6	0.06483628	0.545
CA10	0.060707524	0.07124179	0.06757957	0.056361355	0.06608659	2778.0	0.06439536	0.5452
AC245123.1	0.0625532	0.06717455	0.05944615	0.067327864	0.06557199	2778.6	0.064414755	0.5454
ZNF365	0.068347566	0.07120063	0.05914873	0.06410903	0.060165554	2779.6	0.0645943	0.5456
MIR4435-2HG	0.070513524	0.058460858	0.06319549	0.06674297	0.06587274	2780.2	0.06495712	0.5459
DRC1	0.063295096	0.06695398	0.06690404	0.06221452	0.063103445	2780.2	0.064494215	0.5459
XRCC2	0.059861623	0.06359925	0.06447599	0.07272192	0.062127028	2780.8	0.064557165	0.5462
AL445433.2	0.057357904	0.05973044	0.06807754	0.07801	0.06167684	2781.0	0.06497054	0.5464
MTMR8	0.07264177	0.053358164	0.059215084	0.07361336	0.0672186	2781.4	0.065209396	0.5466
PLAAT5	0.04821355	0.06760098	0.06444754	0.07626413	0.06654336	2782.0	0.06461391	0.5469
F3	0.06347531	0.059138995	0.068004556	0.06486169	0.06853675	2782.0	0.064803466	0.5469
CRMP1	0.06315964	0.060913514	0.0644468	0.07418974	0.061121948	2782.8	0.064766325	0.5472
STEAP2-AS1	0.0581756	0.06505531	0.06430332	0.066186905	0.068641864	2783.6	0.0644726	0.5474
AC098656.1	0.05741277	0.064928584	0.067649014	0.06904202	0.063084535	2784.2	0.06442339	0.5476
GCLC	0.057719782	0.06588606	0.060302522	0.06456408	0.07600629	2784.6	0.06489575	0.5478
TCERG1L	0.067021646	0.06793083	0.052140135	0.07448682	0.061668247	2785.0	0.06464954	0.548
COLGALT2	0.06467034	0.07020902	0.058754016	0.06049569	0.06840203	2785.6	0.06450622	0.5482
LINC01948	0.05727721	0.06354552	0.06479143	0.06690123	0.07049471	2786.2	0.064602025	0.5484
AL034417.2	0.05788377	0.06596677	0.072431035	0.072410256	0.054377835	2787.4	0.06461393	0.5486
AC003005.2	0.04991182	0.06743231	0.06972837	0.06938741	0.06537835	2790.0	0.06436765	0.5488
SLC2A2	0.06844414	0.07041794	0.06127202	0.058419682	0.06417011	2790.2	0.064544775	0.549
HLCS	0.055740908	0.064877026	0.07012036	0.06650471	0.06529294	2790.4	0.06450719	0.5492
PRDM7	0.057660803	0.059492357	0.06338614	0.07269014	0.07082251	2790.6	0.06481039	0.5494
NMD3	0.06163518	0.06841609	0.06934424	0.06585608	0.05636812	2791.6	0.06432394	0.5496
AC067956.1	0.06791804	0.06138845	0.06212672	0.07032286	0.06166315	2793.4	0.06468384	0.5498
AL357873.1	0.05238256	0.06944181	0.07107828	0.070252776	0.058511246	2796.2	0.064333335	0.55
MSMO1	0.06705964	0.063715026	0.060070064	0.06875468	0.06277939	2800.0	0.06447576	0.5502
GADD45A	0.053427517	0.06411401	0.06940605	0.068915695	0.06613391	2800.4	0.064399436	0.5504
MCC	0.06004978	0.068997316	0.06035545	0.06792347	0.063357815	2801.4	0.064136766	0.5506
CNGA1	0.06371747	0.06865527	0.05583582	0.06673419	0.0663483	2803.0	0.0642582	0.5508
CCDC146	0.06203416	0.06341605	0.06944461	0.059914738	0.0673036	2804.2	0.06442263	0.551
AC004470.1	0.061009325	0.078380875	0.05638897	0.06512738	0.06145886	2805.4	0.06447308	0.5512
PON3	0.05733038	0.06714653	0.06331969	0.065768704	0.0675746	2806.6	0.06422798	0.5515
PTCH1	0.06773988	0.05585875	0.062341515	0.065211914	0.07390643	2806.6	0.065011695	0.5515
NSG1	0.047908857	0.07409176	0.061573014	0.07067686	0.067294896	2807.0	0.064309075	0.5518
BHLHE40-AS1	0.056229133	0.06203147	0.070733406	0.06970364	0.06368431	2807.2	0.06447639	0.552
LINC01798	0.06238443	0.06564057	0.073762566	0.056071296	0.06459874	2807.6	0.064491525	0.5522
AMPH	0.059115738	0.068435505	0.065226994	0.06613691	0.061467316	2807.8	0.06407649	0.5524
MT1F	0.06681667	0.060935035	0.06454061	0.0665584	0.06372075	2808.8	0.064514294	0.5527
UXS1	0.057757784	0.062267516	0.06366643	0.06851283	0.06992937	2808.8	0.06442679	0.5527
HAL	0.059345182	0.06540297	0.063145556	0.061849058	0.07264243	2809.2	0.06447704	0.553
LINC01349	0.06907205	0.066232964	0.06152917	0.0675723	0.0577134	2809.6	0.06442398	0.5532
PDLIM3	0.07004193	0.058552362	0.067474514	0.06287835	0.06449267	2811.0	0.06468797	0.5534
FSIP1	0.06922113	0.06275035	0.054621093	0.0688315	0.06765435	2811.6	0.06461568	0.5536
DIPK2A	0.06440442	0.07345707	0.0560145	0.06661511	0.060868684	2812.2	0.06427196	0.5538
FCAMR	0.053898606	0.06751721	0.064696826	0.06849442	0.06589209	2816.2	0.06409983	0.554
LINC01340	0.06256423	0.056063212	0.06667694	0.06909601	0.067962356	2816.6	0.06447254	0.5542
TXNIP	0.07828345	0.06451825	0.05461018	0.0679894	0.0603572	2817.6	0.0651517	0.5545
AC026341.1	0.062248826	0.06667785	0.05872087	0.06744341	0.06546701	2817.6	0.06411159	0.5545
AC114689.3	0.06288451	0.06891907	0.06147234	0.060523782	0.06679824	2819.8	0.06411959	0.5548
PKIB	0.057166737	0.06386354	0.06774236	0.066721894	0.06543886	2820.6	0.06418668	0.555
ZNF367	0.06014003	0.067301415	0.061801393	0.06744076	0.06358951	2820.8	0.06405462	0.5552
KHDRBS3	0.056969874	0.06713833	0.07041937	0.06691915	0.05927411	2821.4	0.064144164	0.5554
AC044810.2	0.06147618	0.06403433	0.06294045	0.07119464	0.061070584	2825.4	0.06414324	0.5556
FCGBP	0.06555077	0.06277065	0.06211687	0.06968303	0.061075754	2826.2	0.064239405	0.5559
PROX1-AS1	0.06663442	0.0685872	0.06524968	0.06546967	0.054542024	2826.2	0.0640966	0.5559
PWRN4	0.06892368	0.06903496	0.06460631	0.057052746	0.061497055	2826.4	0.06422295	0.5562
CLMN	0.07032205	0.059508197	0.05911858	0.067111574	0.06688687	2826.6	0.064589456	0.5564
LINC00970	0.058407336	0.06034551	0.06427905	0.07144672	0.066868626	2827.0	0.064269446	0.5566
MNX1	0.058891185	0.056774642	0.06826367	0.06393187	0.07632523	2827.4	0.06483732	0.5568
AC092353.2	0.057494927	0.06930157	0.05782144	0.066383585	0.06930056	2828.0	0.06406042	0.557
AC068722.1	0.05222036	0.07612561	0.061097033	0.06824236	0.06319747	2829.4	0.06417657	0.5572
FAM227B	0.059647545	0.07055412	0.062383097	0.0646766	0.062325638	2830.2	0.0639174	0.5574
TRPV5	0.061759908	0.073612034	0.05990235	0.06766115	0.057182774	2830.4	0.06402365	0.5576
SYTL5	0.07286209	0.062572226	0.05644583	0.07206692	0.059231628	2830.6	0.06463574	0.5578
ADAMTS1	0.057365198	0.06579976	0.057808228	0.07574184	0.06441111	2831.1	0.06422522	0.558
ABCA4	0.05818837	0.064118795	0.07387459	0.0617024	0.063751675	2832.2	0.064327165	0.5582
AL358777.1	0.054158527	0.06575774	0.06956872	0.06507317	0.06583943	2832.4	0.064079516	0.5584
PTPN13	0.055471983	0.06183977	0.06624437	0.06517143	0.073908165	2833.0	0.06452714	0.5586
GTDC1	0.044574596	0.061594576	0.07805512	0.069920994	0.06891477	2834.4	0.064612016	0.5588
ARHGAP31	0.05969322	0.068186514	0.05972327	0.0633855	0.06903406	2834.6	0.06400452	0.5591
CCDC18	0.056912705	0.07224015	0.065114506	0.05615465	0.07011032	2834.6	0.064106464	0.5591
LGSN	0.0565402	0.07096115	0.060541328	0.06997827	0.061503597	2835.2	0.063904904	0.5594
AC093765.3	0.06105083	0.07154915	0.059324954	0.0688969	0.058227632	2837.4	0.06380989	0.5596
MOXD1	0.04964	0.07773188	0.06789191	0.062896594	0.063052386	2839.2	0.06424256	0.5598
PRKACB	0.06362484	0.060002983	0.052875664	0.08819585	0.063646294	2840.4	0.06566913	0.56
DGCR9	0.05667786	0.06633174	0.066642866	0.06863915	0.061238572	2842.2	0.06390604	0.5602
HK2	0.055992648	0.06640839	0.062082812	0.05969386	0.0803616	2842.4	0.064907864	0.5604
KCNIP3	0.05220655	0.06613106	0.07342993	0.06693737	0.06201897	2842.8	0.064144775	0.5606
AGPAT4	0.060268607	0.06647068	0.06613077	0.06079132	0.06583085	2844.8	0.06389845	0.5608
MBOAT1	0.06779698	0.068225406	0.05947313	0.06470685	0.059896313	2845.0	0.06401973	0.561
FLRT2	0.058481023	0.063806295	0.06570893	0.06850295	0.06308862	2845.8	0.06391756	0.5613
ABCC2	0.05393829	0.06782329	0.063880205	0.06720037	0.06664013	2845.8	0.06389646	0.5613
SH3TC2	0.062387925	0.062452838	0.05702107	0.07221368	0.06644322	2846.4	0.064103745	0.5617
TP53	0.06827426	0.06403227	0.061158046	0.06698166	0.060381126	2846.4	0.06416547	0.5617
NEGR1	0.06247035	0.06162993	0.063610904	0.061886102	0.07163967	2846.6	0.06424739	0.562
FOXC1	0.055564977	0.07100024	0.05967198	0.073028475	0.0603611	2847.0	0.06392535	0.5622
LINC01811	0.067337535	0.068421006	0.05419354	0.070422366	0.059836444	2847.2	0.06404218	0.5626
LRRC9	0.056708384	0.07005404	0.06376012	0.062593125	0.06598531	2847.2	0.0638202	0.5626
LINC00470	0.06588299	0.06791885	0.054141797	0.066443466	0.065460734	2847.2	0.06396957	0.5626
CDADC1	0.061973933	0.06737882	0.0634386	0.062496014	0.06390365	2848.2	0.0638382	0.563
GAB3	0.0645819	0.062329642	0.06393722	0.05875069	0.07216708	2849.0	0.06435331	0.5632
SLC22A10	0.053437512	0.06851841	0.061960362	0.067981854	0.06723721	2850.6	0.06382706	0.5636
ITGA5	0.061307576	0.06549512	0.06703497	0.06477503	0.06073258	2850.6	0.06386905	0.5636
TMEM131L	0.059242543	0.06638396	0.05749461	0.07424996	0.06234508	2850.6	0.06394323	0.5636
TACR1	0.05714105	0.0678711	0.07003384	0.059843194	0.0646165	2851.4	0.06390114	0.564
KCNQ4	0.065696836	0.074450165	0.062632814	0.057411604	0.059987087	2852.0	0.0640357	0.5642
WDR76	0.064091325	0.06831872	0.06166988	0.06493676	0.06022206	2854.0	0.06384775	0.5644
PARM1	0.06450713	0.061103277	0.06806569	0.06723933	0.05931347	2854.4	0.06404578	0.5646
STS	0.06488158	0.06223283	0.06257977	0.062179223	0.068704754	2855.6	0.064115636	0.5648
MYO1E	0.062596746	0.06351551	0.056444224	0.06214665	0.079059035	2856.2	0.06475244	0.565
AC010974.1	0.056389246	0.06965798	0.06436779	0.06895983	0.059156943	2856.6	0.06370636	0.5652
AL592156.2	0.05346318	0.0636814	0.071644336	0.058425017	0.0759554	2857.2	0.06463386	0.5654
AC008771.1	0.061047066	0.061392535	0.05816327	0.064870864	0.07798906	2857.8	0.06469256	0.5656
UXT-AS1	0.070220344	0.062342267	0.0638019	0.06656794	0.058033045	2858.0	0.0641931	0.5658
HTR4	0.04908328	0.067332074	0.0676877	0.07105294	0.06388146	2860.0	0.06380749	0.566
PKN2-AS1	0.064662196	0.058592856	0.070472635	0.066708446	0.06024729	2861.0	0.064136684	0.5662
NIPAL3	0.05742083	0.06428254	0.06053746	0.06757602	0.069719836	2861.8	0.06390734	0.5664
AL035401.1	0.062716976	0.07339251	0.061555486	0.06254491	0.05863992	2863.2	0.06376996	0.5666
AP005203.1	0.061807096	0.062169787	0.07132591	0.055463124	0.06985562	2863.6	0.06412431	0.5668
MYPN	0.05906241	0.06558477	0.06918715	0.058896773	0.06629328	2863.8	0.06380488	0.567
ARHGAP22	0.060083464	0.059443112	0.06592566	0.071985066	0.062562756	2864.6	0.06400001	0.5672
PKM	0.055171262	0.066161595	0.06999958	0.06471419	0.063072935	2864.8	0.063823916	0.5674
GABRB2	0.06350853	0.07021429	0.06529153	0.06006878	0.05958532	2865.0	0.06373369	0.5677
AL133346.1	0.058890913	0.06790146	0.0609392	0.06683766	0.06370363	2865.0	0.06365457	0.5677
AC021752.1	0.055043925	0.062022217	0.06724241	0.074767895	0.06110812	2866.6	0.06403691	0.5681
AC015914.1	0.077271305	0.05211539	0.07725578	0.0626967	0.057258118	2866.6	0.06531946	0.5681
C6orf141	0.059070818	0.06867852	0.057513837	0.06498401	0.06811112	2867.0	0.06367166	0.5684
HIVEP3	0.06417148	0.05312899	0.06792742	0.07075399	0.06419126	2867.2	0.064034626	0.5686
AL583829.1	0.06172895	0.06410424	0.06308988	0.064097874	0.06570442	2867.8	0.06374507	0.5689
AC046134.2	0.055117007	0.06447372	0.06790467	0.061246015	0.07134929	2867.8	0.064018145	0.5689
AC025171.2	0.07624656	0.061713863	0.05896754	0.06517367	0.06095011	2869.2	0.06461035	0.5692
CD22	0.060637962	0.07431933	0.057775334	0.058490716	0.068070024	2869.4	0.06385867	0.5694
BCL11B	0.075633846	0.059278797	0.06348797	0.06501931	0.059727237	2870.0	0.064629436	0.5696
WT1	0.058490343	0.06689497	0.067640506	0.0649846	0.060239326	2870.8	0.063649945	0.5698
ABO	0.064201966	0.06432693	0.060047846	0.0652129	0.0650429	2874.4	0.0637665	0.57
JPH1	0.06316071	0.063457	0.05510529	0.06855295	0.069425866	2874.6	0.06394036	0.5702
ELMOD1	0.057916395	0.07039127	0.06306329	0.067167945	0.05902427	2875.0	0.06351264	0.5705
LEXM	0.057481963	0.06815476	0.061144173	0.06842525	0.06264349	2875.0	0.06356993	0.5705
AC008514.1	0.056278817	0.06839664	0.061660904	0.06815173	0.06352737	2875.2	0.063603096	0.5708
COPZ2	0.061048403	0.06995725	0.05822376	0.067604	0.060847647	2876.4	0.06353621	0.571
NKD2	0.06743202	0.06034953	0.06604874	0.060445685	0.06602859	2877.6	0.06406091	0.5713
LBH	0.059163813	0.06798397	0.070802875	0.062553234	0.05777543	2877.6	0.06365587	0.5713
TGM2	0.06262809	0.055917628	0.057678487	0.07529512	0.06974437	2877.8	0.06425274	0.5716
AC072062.1	0.061277013	0.0661148	0.06300798	0.07139678	0.056508135	2878.2	0.06366094	0.5718
WSCD2	0.06146536	0.06966704	0.056647535	0.07036305	0.059528686	2878.8	0.063534334	0.572
AC112487.1	0.060814735	0.059440903	0.06962067	0.06343457	0.06588471	2880.0	0.063839115	0.5722
PRRG1	0.054393392	0.06837081	0.058970373	0.06576818	0.07133479	2882.8	0.06376751	0.5724
LINC01393	0.06213381	0.06455918	0.057845414	0.066066235	0.067944735	2883.4	0.06370987	0.5726
LPAR5	0.06152108	0.06689808	0.05564033	0.07298807	0.061095808	2886.0	0.06362867	0.5728
TBC1D32	0.06371056	0.064878576	0.061781973	0.06078237	0.06751016	2888.6	0.06373273	0.573
PELI1	0.055647068	0.068010174	0.06830765	0.063797854	0.0618858	2888.8	0.063529715	0.5732
LINC02234	0.058862332	0.06878642	0.06607008	0.06364793	0.059445605	2891.6	0.06336248	0.5734
C9orf170	0.059810467	0.06394891	0.07058753	0.0677464	0.056397095	2891.8	0.063698076	0.5736
FAM83B	0.053492606	0.06798864	0.059874028	0.068030395	0.06828988	2893.2	0.06353511	0.5738
GALM	0.06276081	0.061815847	0.06562721	0.06798812	0.05989225	2894.8	0.06361685	0.574
UGT8	0.067320146	0.060851462	0.06042901	0.06555333	0.06500906	2895.2	0.063832596	0.5742
AKR1C8P	0.05727147	0.065294795	0.06560105	0.07034403	0.05901616	2895.6	0.06350551	0.5744
ALDH1L1-AS2	0.059577566	0.057809018	0.07174517	0.06432071	0.06601048	2895.8	0.06389259	0.5746
CMTM7	0.062412966	0.061131813	0.056934778	0.06827476	0.070259206	2896.8	0.063802704	0.5748
ZPBP	0.057701107	0.06843226	0.064453796	0.07638197	0.050428353	2897.2	0.0634795	0.575
GPA33	0.06280044	0.06285027	0.06098654	0.067788266	0.06353981	2898.4	0.06359307	0.5752
AC005599.1	0.057193045	0.07247006	0.06542452	0.056783773	0.0654042	2898.6	0.06345512	0.5754
NEK5	0.06627272	0.05858421	0.062052686	0.07250035	0.05985321	2899.2	0.06385263	0.5756
LINC01482	0.06381789	0.062203307	0.062457882	0.06384138	0.065830976	2901.2	0.06363028	0.5758
LINC01980	0.06502111	0.0656483	0.06256379	0.05169705	0.07348827	2901.6	0.0636837	0.576
UST	0.057469785	0.07199056	0.059126608	0.06548916	0.06270099	2902.2	0.06335542	0.5762
BTG1	0.069331005	0.06068702	0.06583453	0.058599364	0.06519072	2902.6	0.06392852	0.5764
AL096794.1	0.06758513	0.064700924	0.05264053	0.06561328	0.067925505	2902.8	0.06369308	0.5766
MAPT	0.064942196	0.07050328	0.06229576	0.06544524	0.05369157	2905.4	0.06337561	0.577
ADAMTS17	0.068090156	0.064294115	0.060104482	0.07429006	0.05177624	2905.4	0.06371101	0.577
COX10-AS1	0.06335437	0.060974516	0.062726706	0.06294851	0.06851323	2905.4	0.06370346	0.577
ALKAL2	0.057303134	0.06681776	0.06368838	0.06897317	0.05999995	2905.6	0.063356474	0.5774
AP000829.1	0.054441106	0.07220589	0.061575063	0.061803453	0.06705034	2905.8	0.06341517	0.5776
SORL1	0.07037356	0.06968063	0.056125585	0.062249936	0.059634406	2907.0	0.063612826	0.5778
AC008760.2	0.056338288	0.062289227	0.06713672	0.064156756	0.06812172	2907.6	0.06360854	0.578
AC104035.1	0.05358013	0.0633664	0.070553504	0.0669171	0.06361577	2907.8	0.063606575	0.5782
CASC1	0.065793075	0.068089984	0.057049733	0.06513049	0.061033353	2908.8	0.06341933	0.5785
AP001825.1	0.06775822	0.052967872	0.059043434	0.0678771	0.07224216	2908.8	0.06397776	0.5785
GFPT2	0.06529238	0.0666989	0.05992337	0.062433377	0.062920086	2909.2	0.06345363	0.5788
AC110809.1	0.07004258	0.06114635	0.056229807	0.06925079	0.0622651	2911.4	0.063786924	0.579
AC068282.1	0.05121291	0.057465207	0.06980646	0.06703033	0.0750559	2914.0	0.06411416	0.5792
PURG	0.06662891	0.07134455	0.06162863	0.055535726	0.06168201	2916.0	0.06336396	0.5794
AC099343.4	0.06469316	0.054075073	0.071305096	0.06524528	0.06340083	2916.4	0.06374389	0.5796
AC138627.1	0.056874875	0.0686257	0.061885536	0.066734165	0.061987057	2916.8	0.06322147	0.5798
C6	0.06391743	0.06364155	0.058798607	0.070892245	0.060305778	2918.4	0.06351112	0.58
AQP9	0.061962795	0.062288802	0.071391575	0.06200141	0.059982125	2920.6	0.06352534	0.5802
ABLIM2	0.055886976	0.07367691	0.057477284	0.06958847	0.059766643	2922.4	0.063279256	0.5804
SERPINA3	0.054988045	0.07472141	0.069638744	0.057599433	0.060221724	2923.4	0.06343387	0.5806
AC006525.1	0.06721568	0.061816588	0.062270094	0.06356051	0.0627871	2923.8	0.06352999	0.5809
TAGLN	0.062643565	0.062936656	0.061017036	0.06334133	0.06706884	2923.8	0.06340148	0.5809
AC097658.2	0.06318721	0.066395156	0.06521684	0.06043993	0.061333235	2924.0	0.063314475	0.5812
B4GALNT3	0.06223131	0.061484102	0.060403243	0.06577712	0.067335814	2924.4	0.06344632	0.5814
COL7A1	0.057299852	0.06803317	0.06352071	0.05846036	0.069440074	2925.0	0.063350834	0.5816
BTG2	0.05813968	0.0672296	0.06005454	0.0669967	0.06329441	2926.6	0.063142985	0.5818
RBMS2	0.056395672	0.06269731	0.05636177	0.07242644	0.070054136	2927.4	0.06358706	0.5821
ALOX5	0.06669906	0.060387287	0.05638316	0.06620238	0.068436794	2927.4	0.06362174	0.5821
ACTA2	0.055733185	0.06101224	0.065075055	0.06645922	0.069383405	2927.6	0.06353262	0.5824
RPS19	0.057717033	0.06517555	0.0635913	0.06065853	0.06968575	2929.2	0.06336563	0.5826
ADGRE2	0.07339901	0.062490012	0.0596528	0.06206323	0.061367337	2931.2	0.06379448	0.5828
LINC00958	0.056591913	0.06801377	0.055850726	0.07882511	0.05862448	2931.6	0.0635812	0.583
ENPP6	0.057342254	0.07007956	0.05891227	0.069422506	0.059457324	2933.4	0.06304278	0.5832
AC009495.1	0.06503093	0.06617509	0.05173508	0.068865016	0.06430975	2933.8	0.063223176	0.5834
STARD13-AS	0.062320553	0.064938515	0.057390615	0.06660955	0.06483856	2934.2	0.06321956	0.5836
NETO1	0.054583155	0.06969852	0.070806436	0.059950076	0.061019424	2934.4	0.06321152	0.5838
AC046195.2	0.05355118	0.052569553	0.06800829	0.063886136	0.088119745	2934.6	0.06522699	0.584
SPECC1	0.063649185	0.05611728	0.062315878	0.06774275	0.06792649	2935.0	0.063550316	0.5842
LINC02437	0.053159874	0.06092636	0.066307604	0.074920274	0.062108036	2939.2	0.06348443	0.5844
FOLR1	0.06366445	0.06464293	0.05957126	0.06296595	0.06531749	2939.6	0.063232414	0.5846
AC005920.2	0.050676204	0.060922086	0.07203566	0.06557762	0.06853925	2940.0	0.06355016	0.5848
ABHD3	0.06841682	0.06128138	0.060690135	0.06886835	0.05821916	2940.6	0.063495174	0.585
C3orf67-AS1	0.06926378	0.05571725	0.06946045	0.060595453	0.063604176	2941.0	0.06372823	0.5853
LINC02427	0.060750615	0.0733181	0.061426062	0.062676795	0.057252917	2941.0	0.06308489	0.5853
TTC6	0.056055333	0.068190694	0.06563739	0.06421355	0.061083663	2942.0	0.06303613	0.5856
RBL1	0.057275128	0.061285287	0.06832589	0.06693505	0.06247118	2942.4	0.063258514	0.5858
LINC02391	0.056632366	0.07037855	0.0674129	0.06096007	0.05988023	2943.2	0.06305282	0.586
BMX	0.058365885	0.068214916	0.0645466	0.06725082	0.056513708	2943.6	0.06297838	0.5862
RPS6KA5	0.058420517	0.06539597	0.063411474	0.062491935	0.06550177	2944.0	0.06304433	0.5864
MID1	0.060731538	0.06466703	0.056172494	0.06609682	0.06814007	2944.4	0.06316159	0.5866
AC004949.1	0.06357283	0.075012736	0.05672007	0.068101056	0.052396614	2946.4	0.063160665	0.5868
ACSM1	0.05993912	0.06320126	0.056985483	0.07284028	0.063165486	2948.6	0.06322633	0.587
PLOD2	0.05782284	0.060381975	0.0593023	0.07007049	0.06865672	2949.2	0.06324686	0.5872
RASD1	0.05914142	0.066660315	0.06573701	0.065707296	0.05767151	2950.4	0.06298351	0.5875
AC099517.1	0.058325015	0.0638984	0.059970148	0.065096565	0.0683237	2950.4	0.063122764	0.5875
ZCCHC3	0.056615584	0.062483408	0.06733072	0.068568245	0.060839023	2950.6	0.0631674	0.5878
MCHR2-AS1	0.056357913	0.06543362	0.062718116	0.060370836	0.07166189	2951.2	0.06330848	0.588
RAB39A	0.053400353	0.06692304	0.065441065	0.06549118	0.06390692	2952.0	0.06303251	0.5882
PRRX2	0.060680933	0.06375437	0.059450377	0.059570234	0.07382776	2952.4	0.06345674	0.5884
CCNH	0.060078885	0.061633054	0.06350787	0.06977596	0.06067394	2952.8	0.06313394	0.5886
ACOXL	0.05973812	0.06902737	0.059800502	0.06993799	0.05602576	2954.0	0.062905945	0.5888
EDAR	0.06525982	0.06488637	0.06877636	0.06378625	0.052970495	2954.8	0.063135855	0.589
SH3RF2	0.050845195	0.06961991	0.05696733	0.07156633	0.06578016	2955.8	0.06295578	0.5892
PLN	0.047759067	0.07442399	0.06455409	0.06528906	0.06288946	2956.4	0.06298313	0.5895
TNFRSF11B	0.05624451	0.067007616	0.06268499	0.0738755	0.055731185	2956.4	0.06310876	0.5895
PIR	0.057547685	0.06787163	0.058058783	0.0796983	0.05360715	2960.4	0.06335671	0.5899
AC079384.1	0.06352263	0.066129096	0.062002547	0.065184735	0.05810554	2960.4	0.06298891	0.5899
AL356094.2	0.060308453	0.065804824	0.06227728	0.06769815	0.058437634	2960.6	0.06290527	0.5902
GAS2	0.048778664	0.072495006	0.06868113	0.06408229	0.06066297	2961.8	0.06294002	0.5904
DNAH9	0.058403675	0.06851628	0.060787912	0.06736065	0.0588506	2962.6	0.06278382	0.5906
HSPH1	0.055506546	0.06691299	0.06085929	0.06888273	0.062486105	2962.8	0.06292953	0.5909
LINC01950	0.057410233	0.07199139	0.06076529	0.063382104	0.060721785	2962.8	0.06285416	0.5909
FBXO43	0.06194534	0.071161956	0.06903473	0.058959864	0.053287394	2965.0	0.062877856	0.5912
IQCH	0.053604227	0.06450986	0.0719728	0.063934036	0.061828222	2966.2	0.06316983	0.5914
TLCD4	0.044314772	0.07178008	0.067426465	0.056716513	0.07510758	2967.4	0.06306908	0.5916
HORMAD2-AS1	0.055638157	0.059021417	0.06706224	0.058872797	0.07964201	2968.0	0.06404732	0.5919
AC087286.2	0.05295254	0.05459673	0.07216269	0.06563382	0.07266977	2968.0	0.06360311	0.5919
GUCY1B1	0.06137154	0.06580789	0.04532718	0.07324793	0.06692729	2968.4	0.06253637	0.5922
ZNF804A	0.06688686	0.05997681	0.058427714	0.06514038	0.06588326	2968.6	0.06326301	0.5924
DIPK2B	0.06255741	0.057837047	0.06600988	0.06822035	0.060948335	2970.0	0.0631146	0.5927
SPHKAP	0.060040597	0.06810321	0.064394504	0.064862974	0.05676947	2970.0	0.06283415	0.5927
CDC37L1-DT	0.05883008	0.07125637	0.055884022	0.06891575	0.05879513	2971.2	0.062736265	0.593
CPB2-AS1	0.058355916	0.068047695	0.06967368	0.061322525	0.05697811	2971.4	0.062875584	0.5932
LINC01801	0.05685194	0.074041955	0.056939434	0.07225002	0.054838568	2972.4	0.062984385	0.5934
PIP4K2A	0.06927695	0.062829524	0.05676531	0.067811295	0.05930297	2973.0	0.06319722	0.5936
CDH4	0.06349371	0.063981384	0.06309613	0.06554828	0.05869775	2973.4	0.06296345	0.5938
ZNF90	0.07099031	0.056484822	0.05963705	0.06627344	0.06380492	2974.4	0.06343811	0.5941
AC018541.1	0.06621945	0.077662855	0.059545845	0.05473522	0.057758965	2974.4	0.06318446	0.5941
SLC15A2	0.060221873	0.068694785	0.058989853	0.067631744	0.05805582	2975.2	0.062718816	0.5944
MINDY2	0.05272037	0.07148036	0.062073357	0.07116806	0.0566119	2975.8	0.06281081	0.5946
LINC01837	0.06403846	0.061536286	0.062689535	0.072772175	0.05466364	2976.2	0.06314002	0.5948
PKIA	0.06799753	0.06941731	0.06201942	0.062480915	0.0525297	2976.4	0.06288897	0.5951
LINC02235	0.05998	0.0647845	0.066187665	0.058427446	0.06514399	2976.4	0.062904716	0.5951
NUPR1	0.063393086	0.06341356	0.0553523	0.069687665	0.06308534	2976.8	0.06298639	0.5954
CCDC73	0.053801876	0.0651629	0.061311573	0.072559796	0.061902862	2978.0	0.062947795	0.5956
NEK10	0.060632933	0.06408361	0.06639794	0.061776865	0.061299488	2980.0	0.062838174	0.5958
ZBTB10	0.06063782	0.061266474	0.059430063	0.071530096	0.062012695	2981.0	0.06297543	0.596
ZNF608	0.060980987	0.061866734	0.06200162	0.07098855	0.05871567	2981.4	0.06291071	0.5962
PHF21B	0.05844293	0.064857654	0.05936901	0.061318435	0.07085833	2982.6	0.062969275	0.5964
PXDN	0.05868205	0.06138265	0.05820282	0.07405189	0.06274251	2985.8	0.06301238	0.5966
AC019211.1	0.0549743	0.07097029	0.0642637	0.0631941	0.0598607	2986.8	0.06265262	0.5968
AC138123.1	0.062432807	0.07065345	0.05829402	0.059842244	0.062203262	2987.8	0.06268516	0.597
AC104383.2	0.07174487	0.06342084	0.05156129	0.062194694	0.067023836	2992.2	0.063189104	0.5972
PTPRU	0.059745062	0.0606357	0.062026482	0.06552814	0.06651657	2992.4	0.062890396	0.5974
NYAP1	0.05986772	0.04319296	0.06835337	0.06716933	0.07043832	2995.0	0.061804343	0.5976
FSIP2	0.05873775	0.05798841	0.06339696	0.06209265	0.07382094	2997.6	0.06320734	0.5979
SYK	0.059469257	0.05932023	0.061497726	0.06297099	0.072210565	2997.6	0.06309376	0.5979
LINC01510	0.06380626	0.06713961	0.05576897	0.065753266	0.06096935	3000.0	0.062687494	0.5982
ST8SIA6-AS1	0.053611867	0.06764055	0.060145304	0.06716157	0.06441417	3001.0	0.0625947	0.5984
AL157911.1	0.065618634	0.06581209	0.056555014	0.065367065	0.06011679	3002.2	0.062693916	0.5986
AL122035.1	0.052702475	0.064432845	0.065568805	0.06606088	0.06449338	3002.6	0.06265168	0.5988
TMC1	0.06210983	0.06560297	0.055281706	0.06078385	0.07023033	3003.0	0.06280173	0.599
AL138828.1	0.064447984	0.051694848	0.06478963	0.06769171	0.065175265	3003.6	0.06275989	0.5992
LINC00471	0.05634233	0.063039355	0.06084668	0.06398342	0.07009009	3005.8	0.06286037	0.5994
AL359636.2	0.05370743	0.06902959	0.06784441	0.06584714	0.056376833	3006.2	0.06256109	0.5997
Z94721.1	0.05975343	0.06833635	0.063812196	0.055955682	0.0645839	3006.2	0.06248831	0.5997
DLEU2	0.056820124	0.06871119	0.06378644	0.068166725	0.054949075	3006.4	0.062486716	0.6001
PRIMA1	0.0696909	0.06344162	0.06005589	0.065994546	0.055448458	3006.4	0.06292628	0.6001
AC105001.1	0.05419429	0.06609612	0.0574209	0.07268048	0.0628804	3008.2	0.062654436	0.6005
LAMB3	0.046504416	0.07088683	0.06623132	0.068111114	0.06011756	3008.2	0.062370252	0.6005
HNMT	0.058742113	0.06523594	0.06155412	0.06914429	0.057809018	3009.2	0.062497098	0.6008
LINC01473	0.06029832	0.0671271	0.05084869	0.06710687	0.06715102	3009.4	0.0625064	0.601
IGDCC4	0.06619098	0.06993989	0.062081277	0.05381048	0.06049106	3010.2	0.062502734	0.6013
LINC02558	0.054789983	0.064124234	0.064001895	0.07115993	0.05906504	3010.2	0.06262822	0.6013
SNHG31	0.057817664	0.0683436	0.060176488	0.06105491	0.064654045	3011.0	0.06240934	0.6016
AC004706.3	0.06091488	0.061671462	0.0649507	0.06644244	0.05885504	3015.4	0.0625669	0.6018
AC092053.3	0.054437216	0.07246319	0.06143847	0.060402002	0.06389275	3016.2	0.062526725	0.602
LY86-AS1	0.059871104	0.069431424	0.06211405	0.055946954	0.06452967	3016.4	0.062378645	0.6022
PAPPA	0.060381975	0.06394443	0.06306955	0.06037024	0.06501948	3018.6	0.06255714	0.6024
AL109933.5	0.058350187	0.06523875	0.07434641	0.06215669	0.053647086	3019.9	0.06274782	0.6026
SLC35A4	0.055676147	0.07197042	0.051914062	0.07165897	0.0611282	3021.6	0.06246956	0.6028
JADE3	0.053727593	0.06615198	0.06321354	0.06838096	0.06072409	3022.4	0.06243963	0.603
TCF7L1	0.051802773	0.06109172	0.0616481	0.06954362	0.06949098	3022.6	0.06271543	0.6032
AC015845.2	0.057791613	0.065351024	0.05870597	0.06855583	0.06170095	3022.8	0.062421076	0.6034
FTCDNL1	0.05226673	0.06413577	0.07144881	0.061528333	0.063892074	3023.4	0.06265434	0.6036
ATP11A-AS1	0.05915508	0.054197244	0.06716646	0.06153046	0.072189204	3028.6	0.06284769	0.6038
TRANK1	0.060462072	0.06573008	0.0635045	0.06829904	0.053720016	3028.8	0.062343143	0.604
RAB11FIP1	0.069570355	0.057408366	0.056269124	0.064677425	0.0668897	3029.0	0.062962994	0.6042
AC111152.2	0.05142353	0.06548307	0.060089055	0.0673597	0.0676661	3029.2	0.062404286	0.6044
HKDC1	0.05352361	0.0610222	0.061839063	0.068306535	0.068436354	3029.8	0.06262555	0.6046
AC009435.1	0.06085129	0.065173864	0.060365465	0.05979983	0.065742746	3030.4	0.062386643	0.6048
IDI2-AS1	0.06893985	0.06274844	0.062661275	0.05863597	0.06082705	3030.6	0.062762514	0.605
AL356108.1	0.06072253	0.05759614	0.06932794	0.06662033	0.058724537	3031.2	0.0625983	0.6052
FAM102A	0.066727	0.06771814	0.05923912	0.062017385	0.05676741	3031.8	0.06249381	0.6054
ANGPTL4	0.056675527	0.055409018	0.06413029	0.07151686	0.06556149	3032.0	0.06265864	0.6057
TBXAS1	0.064419575	0.054422285	0.059210654	0.069069795	0.066267304	3032.0	0.06267793	0.6057
AC025171.1	0.05730432	0.05940167	0.063297324	0.0626735	0.071105786	3033.4	0.06275652	0.606
HDAC9	0.055376533	0.06329067	0.06071191	0.07079304	0.062258232	3033.8	0.062486075	0.6062
SNCAIP	0.060673136	0.064240456	0.062458355	0.061350726	0.06319705	3034.6	0.062383942	0.6065
RRAD	0.05820786	0.058499984	0.06948508	0.0669331	0.059569027	3034.6	0.06253901	0.6065
GRIN2D	0.05905936	0.068954125	0.058693327	0.06714472	0.05722311	3035.6	0.06221493	0.6068
MEP1B	0.06920989	0.0649785	0.053862818	0.06028248	0.06512137	3036.8	0.06269101	0.607
LAYN	0.05455965	0.07038626	0.058697294	0.06217988	0.065559134	3037.2	0.062276445	0.6072
NOCT	0.0702795	0.06312382	0.0571777	0.062784165	0.060251575	3037.4	0.06272335	0.6074
PSG9	0.06233956	0.06614095	0.059149653	0.06725927	0.056649473	3038.8	0.062307782	0.6076
CCL20	0.05963397	0.06311177	0.06714061	0.061873857	0.060339212	3039.0	0.062419884	0.6078
UPP1	0.05940516	0.059473675	0.061803494	0.064627945	0.067379184	3039.6	0.06253789	0.608
CGNL1	0.07463054	0.05607228	0.059245557	0.06777878	0.058049694	3039.8	0.06315537	0.6082
DIO2	0.057069745	0.06507103	0.06469468	0.06038772	0.06447001	3041.8	0.06233864	0.6084
BLNK	0.069818296	0.0640546	0.05582823	0.059082896	0.06446912	3042.6	0.06265063	0.6086
AC012291.3	0.05666633	0.059661154	0.06560622	0.06605486	0.06440309	3044.2	0.062478326	0.6088
BARX2	0.06379779	0.06452016	0.062132254	0.060616888	0.061007917	3044.4	0.062415004	0.609
GFOD1	0.047716036	0.06604965	0.06580982	0.06783278	0.06353537	3044.6	0.062188733	0.6092
NAALAD2	0.06459997	0.06576265	0.06231681	0.058628645	0.060488638	3045.8	0.06235934	0.6094
AC011092.2	0.058857884	0.04929945	0.06597449	0.069804415	0.066452295	3046.4	0.06207771	0.6096
MTERF1	0.0667907	0.06272091	0.058040425	0.06879495	0.056208506	3047.2	0.0625111	0.6098
AC083855.2	0.055712774	0.06327373	0.062959984	0.06484687	0.065071195	3048.4	0.06237291	0.61
PIGC	0.06179178	0.05523599	0.06273653	0.07479333	0.058441106	3049.0	0.06259975	0.6102
FMO2	0.06581529	0.061378203	0.06299711	0.06275313	0.05936605	3050.6	0.06246196	0.6104
TIPIN	0.062403165	0.06604444	0.055823326	0.058847047	0.06851357	3051.0	0.062326312	0.6106
UFL1-AS1	0.059972282	0.0700109	0.05617104	0.060606048	0.06390178	3052.8	0.06213241	0.6108
AC009120.4	0.060006917	0.06403665	0.055937037	0.070957065	0.06058677	3053.4	0.06230489	0.611
CCDC112	0.057090715	0.066288106	0.062235042	0.06533258	0.059801612	3053.6	0.062149614	0.6112
TTTY4B	0.055744894	0.06265794	0.06733033	0.06500788	0.06092265	3053.8	0.062332742	0.6114
AL161785.1	0.047792424	0.07433084	0.06606843	0.06888774	0.053722143	3054.8	0.062160313	0.6116
TGFBR3	0.07927304	0.063006	0.05701589	0.056620173	0.060899112	3056.2	0.063362844	0.6118
LINC01483	0.059836026	0.05979526	0.059229914	0.061252393	0.0731964	3056.8	0.062662	0.612
AC015712.2	0.040523343	0.06418292	0.064842984	0.05993676	0.08592299	3058.0	0.0630818	0.6122
PPM1D	0.0562398	0.07244779	0.057173196	0.06795485	0.056842763	3059.2	0.062131684	0.6124
MAP3K8	0.067306146	0.05982004	0.053882685	0.066166274	0.06545919	3060.6	0.06252687	0.6126
AC098828.2	0.059397716	0.06711495	0.05857221	0.06598926	0.059273995	3061.0	0.062069625	0.6128
AC090791.1	0.055349045	0.0649558	0.060986765	0.071708374	0.05818448	3061.2	0.062236894	0.6131
PRTG	0.06160064	0.061232407	0.066125505	0.06865077	0.05363862	3061.2	0.062249582	0.6131
GABRG3-AS1	0.05036217	0.066238776	0.060392246	0.06825743	0.065195106	3061.4	0.062089145	0.6134
MYH13	0.05628969	0.06813837	0.064943686	0.06619441	0.054880287	3061.8	0.062089287	0.6137
FGF2	0.056552317	0.06494666	0.05895324	0.06186022	0.0693735	3061.8	0.062337182	0.6137
GPR63	0.05730899	0.06403951	0.061232112	0.06498817	0.0633227	3062.0	0.062178295	0.614
MYT1	0.059550982	0.0646077	0.06114602	0.067889206	0.05747221	3062.8	0.062133223	0.6142
SPATA17	0.06087753	0.06287787	0.05924441	0.06516255	0.06256195	3063.8	0.062144864	0.6144
OGFRL1	0.05869234	0.058291595	0.06482362	0.06421217	0.065282	3064.2	0.06226034	0.6147
AMOT	0.049139615	0.06696475	0.059140723	0.071129255	0.0642124	3064.2	0.06211735	0.6147
DNAH10	0.049444236	0.0675627	0.06226273	0.0744235	0.057391275	3064.6	0.06221689	0.615
TNFRSF19	0.060507037	0.06761966	0.05826325	0.069293045	0.054507524	3065.2	0.062038105	0.6152
LINC01416	0.060577862	0.061220083	0.059643216	0.06484129	0.06500174	3066.4	0.062256835	0.6154
IZUMO4	0.06246449	0.062166054	0.06804292	0.057966128	0.0607222	3067.6	0.06227236	0.6156
SLC16A12-AS1	0.0615919	0.065551706	0.06471468	0.059726547	0.058588695	3069.0	0.062034704	0.6158
PBX3	0.06317496	0.067699805	0.05468167	0.06743777	0.057488162	3069.5	0.062096477	0.616
LINC01119	0.06557608	0.06734151	0.06154775	0.056018863	0.060258254	3069.6	0.06214849	0.6162
AC036214.1	0.054772627	0.07489859	0.06441535	0.061078753	0.055464257	3070.0	0.062125914	0.6164
CCDC138	0.06625954	0.05711479	0.06377999	0.06921082	0.05566507	3070.6	0.062406044	0.6166
F5	0.056468368	0.058283657	0.06850969	0.06544626	0.06280685	3071.8	0.062302966	0.6168
TRAF3IP2-AS1	0.06325545	0.06399243	0.059302207	0.06621824	0.057849746	3072.0	0.062123615	0.6171
AC068234.2	0.054627903	0.05949629	0.06442135	0.06576046	0.067026705	3072.0	0.06226654	0.6171
AKAP7	0.059768513	0.06418559	0.06647539	0.061005436	0.05889903	3072.6	0.062066793	0.6174
ESR1	0.06114407	0.06817026	0.055290945	0.05918049	0.06623405	3073.2	0.062003963	0.6176
C3orf67	0.054056797	0.06680141	0.061003614	0.060675517	0.0681043	3073.6	0.062128328	0.6178
GLI2	0.060284674	0.06400319	0.056780014	0.06351832	0.06561041	3075.6	0.062039323	0.618
AP003464.1	0.061270673	0.064690016	0.055984154	0.05914976	0.06989414	3075.8	0.062197752	0.6182
RELN	0.055168997	0.058714066	0.06737578	0.06059626	0.07037878	3076.2	0.062446773	0.6184
PGM2L1	0.05572705	0.06496724	0.060499128	0.072476275	0.05711224	3077.2	0.062156387	0.6186
TARID	0.068801366	0.06510678	0.056128163	0.06329173	0.05786671	3078.6	0.06223895	0.6188
AC104051.1	0.056897968	0.070638254	0.064013794	0.06165719	0.05636213	3080.8	0.061913867	0.619
C22orf34	0.05672905	0.069139175	0.054980963	0.055918194	0.07510349	3082.0	0.062374175	0.6192
SKAP2	0.06406578	0.060944866	0.061480872	0.06355248	0.06093129	3082.4	0.062195055	0.6194
C2orf27A	0.05960039	0.07331172	0.056721367	0.061171062	0.058829375	3083.2	0.061926775	0.6196
AL163541.1	0.052248783	0.06626816	0.061598245	0.0699004	0.0594197	3086.2	0.061887056	0.6198
AC008629.1	0.053397384	0.06391102	0.058265626	0.07866599	0.057761166	3087.8	0.06240024	0.6202
AGMO	0.055583827	0.06739187	0.06442523	0.061256632	0.060842123	3087.8	0.061899938	0.6202
LINC02680	0.0572868	0.06577819	0.053915914	0.068597764	0.063989	3087.8	0.06191353	0.6202
AP001207.3	0.0506279	0.064924665	0.060504463	0.06722644	0.066580884	3088.2	0.061972868	0.6206
MUC15	0.05876781	0.06785113	0.06162165	0.06336107	0.0574479	3089.3	0.061809916	0.6208
AP001011.1	0.05183535	0.056703966	0.058839537	0.07165328	0.073954135	3090.6	0.06259725	0.621
AL591848.4	0.05256584	0.07304283	0.06799874	0.058186654	0.057795275	3091.0	0.06191787	0.6212
SLC6A6	0.05964055	0.07102067	0.061084185	0.064915106	0.05198554	3091.2	0.06172921	0.6214
LINC01341	0.055786293	0.068902604	0.06622177	0.061513945	0.056759294	3092.8	0.06183678	0.6216
PWWP3B	0.060874533	0.062378615	0.06181887	0.06099006	0.06361474	3093.6	0.061935365	0.6218
AC055714.1	0.07184671	0.061570887	0.06398141	0.04581418	0.06455305	3095.6	0.061553247	0.622
TUBB8	0.055976994	0.06665307	0.0574055	0.06531318	0.063798614	3096.0	0.06182947	0.6222
SHISA6	0.06414621	0.056537937	0.05910889	0.06667205	0.06432749	3097.8	0.062158514	0.6224
AC092142.1	0.052701782	0.06274354	0.06497773	0.059572224	0.07050461	3098.6	0.062099975	0.6226
CCND2-AS1	0.062393975	0.05757427	0.0642719	0.06401457	0.06197617	3099.0	0.062046178	0.6228
AP003472.1	0.050987173	0.06876937	0.06959036	0.061743073	0.05779941	3100.0	0.06177788	0.623
AC022034.3	0.056707125	0.058294278	0.057525124	0.070879154	0.06709098	3100.4	0.06209933	0.6232
CHODL	0.044911265	0.07034976	0.062673196	0.06284134	0.066796355	3100.6	0.061514385	0.6234
TRPC5	0.06324138	0.06009987	0.056869037	0.059738792	0.07159854	3101.0	0.062309522	0.6236
DNAJC27-AS1	0.05826151	0.064676866	0.064472646	0.06105974	0.060475007	3101.8	0.061789155	0.6238
B3GNT5	0.05476913	0.05999641	0.058318082	0.062435295	0.078478344	3102.6	0.062799454	0.624
C21orf62-AS1	0.05465406	0.05793015	0.06916144	0.06875222	0.05966728	3103.8	0.062033035	0.6242
LAMB1	0.0648183	0.05992218	0.061906803	0.06674731	0.05702416	3104.4	0.06208375	0.6244
TENT5A	0.056364313	0.06387099	0.061501607	0.06304515	0.06439365	3108.0	0.06183514	0.6246
NCALD	0.05499416	0.067886926	0.05231818	0.07403612	0.059913095	3108.4	0.061829697	0.6248
NLK	0.057601225	0.05918092	0.0597871	0.06828566	0.06454256	3109.0	0.061879493	0.625
DYSF	0.05553486	0.0687579	0.06591244	0.062486164	0.055731803	3109.2	0.06168463	0.6252
RDH10-AS1	0.0545929	0.06978815	0.06448722	0.054456048	0.06465056	3110.0	0.061594974	0.6254
TIPARP	0.05263021	0.061535746	0.067515	0.06682052	0.060916215	3110.4	0.06188353	0.6256
PKIA-AS1	0.06096328	0.069051504	0.057581063	0.065832905	0.05451618	3111.0	0.06158899	0.6258
CRLS1	0.053556122	0.065292805	0.060737044	0.06365189	0.06545498	3111.2	0.06173857	0.626
AL162253.2	0.060693637	0.06485816	0.055074044	0.06509013	0.06314236	3111.4	0.06177166	0.6262
LINC00310	0.049927156	0.06255818	0.0724041	0.064076275	0.06100904	3111.8	0.06199495	0.6264
AC008825.1	0.042890575	0.07014661	0.06440972	0.06426605	0.06431065	3112.6	0.06120472	0.6266
MPPED2	0.056028377	0.06711405	0.055138834	0.07038651	0.05997488	3113.0	0.061728526	0.6269
AC104827.1	0.050819848	0.060233172	0.06561231	0.06911164	0.06364314	3113.0	0.061884023	0.6269
LMNB1	0.062087126	0.069162585	0.055549115	0.06331083	0.058002587	3113.4	0.061622452	0.6272
ARHGAP11B	0.06293623	0.05434742	0.05981593	0.06848445	0.06405246	3113.8	0.0619273	0.6274
LIX1-AS1	0.05312715	0.068489745	0.056732155	0.059035078	0.07203083	3115.0	0.06188299	0.6276
EMCN	0.056627255	0.0651658	0.05561669	0.07264752	0.05890676	3117.6	0.06179281	0.6278
AC109361.1	0.05565734	0.060305644	0.064658575	0.062863976	0.065721735	3119.0	0.06184145	0.628
NDST3	0.06738198	0.058929756	0.0562929	0.06231019	0.06515829	3119.4	0.06201463	0.6282
AC108749.1	0.050537236	0.06516716	0.06548036	0.061921872	0.06530668	3119.6	0.061682664	0.6284
AC106729.1	0.05212444	0.0673124	0.055349942	0.067615226	0.06572044	3119.8	0.06162449	0.6286
RPL23	0.060375847	0.07378952	0.061136764	0.05890113	0.054028224	3121.4	0.061646294	0.6288
AC009522.1	0.057408456	0.06798034	0.060320694	0.06019086	0.06195045	3121.6	0.06157016	0.629
KCNMB4	0.061274774	0.05882635	0.06452815	0.064660445	0.059651587	3121.8	0.06178826	0.6292
CMSS1	0.052535858	0.060738605	0.06689083	0.061273348	0.06814157	3122.4	0.061916042	0.6294
AC002072.1	0.052967217	0.063869566	0.06615041	0.06745008	0.058016095	3122.8	0.06169067	0.6296
ABCG1	0.054642726	0.0642262	0.064099565	0.068224266	0.0571494	3123.2	0.061668433	0.6298
RAB3C	0.07051573	0.063254304	0.05107192	0.06338346	0.061508007	3124.8	0.061946683	0.63
LINC01301	0.05975364	0.06250225	0.06994244	0.06028403	0.056432743	3126.0	0.061783023	0.6302
GINS3	0.07005686	0.06267223	0.05591879	0.067721926	0.05337825	3128.6	0.06194961	0.6304
VASH2	0.05351887	0.060011398	0.058891524	0.073170304	0.063958585	3129.4	0.061910134	0.6306
MND1	0.061803587	0.061574437	0.061645295	0.061185155	0.06213891	3130.4	0.061669476	0.6308
FAM229B	0.061280366	0.066605225	0.05843048	0.062474255	0.058728546	3131.2	0.061503775	0.631
NCAM1	0.060529113	0.065605015	0.059832238	0.06938107	0.051819228	3131.4	0.061433334	0.6312
SESN3	0.06439315	0.06288423	0.056809474	0.06087282	0.06376862	3131.6	0.061745655	0.6314
IGFBP3	0.06826033	0.06658882	0.05914886	0.062316842	0.052226137	3131.8	0.061708193	0.6316
PTPRE	0.062916845	0.05381195	0.05875662	0.061121393	0.07425629	3133.0	0.06217262	0.6318
AC073316.3	0.05788675	0.061576203	0.06720713	0.06585933	0.055631533	3134.2	0.061632194	0.632
RDH10	0.059829123	0.06248328	0.06376922	0.05914453	0.06294524	3134.4	0.06163428	0.6322
PALLD	0.05771567	0.061931506	0.06372578	0.06751944	0.057131354	3135.0	0.06160475	0.6324
ARHGAP44	0.0572156	0.06224974	0.056806985	0.06237927	0.07031963	3136.2	0.061794244	0.6326
HMGA2-AS1	0.052422408	0.061120115	0.055703305	0.07033735	0.06970877	3136.4	0.061858393	0.6328
KIF18A	0.06434393	0.06262156	0.060436774	0.06373069	0.057243768	3136.6	0.061675347	0.633
AC063979.2	0.06457712	0.0676417	0.056919392	0.060121167	0.058456045	3138.6	0.061543085	0.6332
CFB	0.06241265	0.056324568	0.064641126	0.06771731	0.057526834	3139.4	0.061724495	0.6334
LINC01659	0.064961396	0.06690964	0.056436006	0.06098616	0.05841552	3140.6	0.061541747	0.6336
LINC01933	0.058679976	0.07064289	0.062292393	0.060283914	0.054941233	3140.8	0.061368085	0.6338
ADAMTS2	0.07033413	0.058268905	0.05810274	0.060807467	0.06251726	3141.4	0.062006105	0.634
FANCM	0.061376054	0.059797354	0.058349587	0.061731268	0.067290924	3141.6	0.061709035	0.6342
TMEM51-AS1	0.04663537	0.06650593	0.070842594	0.06931171	0.053742375	3143.2	0.061407596	0.6344
LINC02694	0.060822528	0.058141597	0.06005963	0.06824233	0.060697366	3145.4	0.061592687	0.6346
TMEM171	0.060332425	0.06095198	0.07275367	0.059887122	0.055038467	3146.6	0.06179273	0.6348
SOX5	0.06516218	0.06187034	0.059134267	0.06555864	0.056459557	3147.2	0.061636996	0.635
PRKN	0.05576468	0.06661587	0.06450733	0.06333778	0.05687988	3147.8	0.061421108	0.6352
TMEFF2	0.059547823	0.065071926	0.05760578	0.061713662	0.06328514	3148.6	0.061444867	0.6354
VCL	0.057400648	0.05828258	0.060392708	0.062385857	0.070263825	3148.8	0.061745126	0.6356
FBXO32	0.059905514	0.060962636	0.06207832	0.070504226	0.05443155	3149.0	0.06157645	0.6358
CDH26	0.060617648	0.06353256	0.05744371	0.06450616	0.061047554	3151.8	0.061429523	0.636
C17orf100	0.053667255	0.069278814	0.057794012	0.062540315	0.06317219	3155.4	0.06129052	0.6362
NOX5	0.05591949	0.064182	0.058303222	0.060807444	0.06830827	3155.8	0.061504085	0.6364
TSBP1-AS1	0.060838528	0.057551417	0.057731982	0.06952562	0.06198562	3157.4	0.061526634	0.6366
AC006452.1	0.06930843	0.062322006	0.062192194	0.056598075	0.05811506	3158.0	0.06170715	0.6369
KCNMA1	0.07210682	0.056451123	0.052493803	0.062785596	0.06627231	3158.0	0.062021933	0.6369
AP000919.2	0.06189215	0.05929238	0.048320286	0.06547105	0.07341458	3161.0	0.06167809	0.6372
GDNF	0.05471588	0.060806815	0.05965489	0.072960444	0.05972461	3161.6	0.06157253	0.6374
AL157938.2	0.07094205	0.055567678	0.059512712	0.063317835	0.0600532	3162.6	0.061878692	0.6377
BOC	0.0585938	0.07342479	0.06165145	0.06027093	0.052200787	3162.6	0.061228354	0.6377
MARK1	0.057267863	0.05998022	0.06738185	0.061533447	0.06140899	3163.2	0.06151448	0.638
AC064807.2	0.055837557	0.06554889	0.06005528	0.067528784	0.057434227	3163.8	0.061280947	0.6382
MPP2	0.04988434	0.06470926	0.071333386	0.061786454	0.059462756	3164.2	0.06143524	0.6384
AC036176.1	0.057380565	0.06351298	0.06126458	0.06724649	0.057189874	3165.0	0.061318897	0.6386
COL26A1	0.05622566	0.05910529	0.05686707	0.06520712	0.07097949	3166.0	0.06167693	0.6388
AL024474.2	0.057943717	0.06781035	0.059594236	0.05893892	0.061578553	3167.8	0.061173152	0.639
ZNF208	0.056591555	0.061852288	0.058287214	0.077576116	0.054258276	3170.2	0.061713092	0.6392
SLC5A1	0.05755777	0.06957311	0.061036427	0.05634511	0.060941733	3172.0	0.061090827	0.6394
CHRNB4	0.052569382	0.06926997	0.06098287	0.061124165	0.06158361	3174.0	0.061106004	0.6396
AC090115.1	0.059381526	0.06163656	0.07177594	0.059177056	0.055495694	3174.6	0.06149335	0.6398
TFAP2E	0.0513735	0.06021793	0.059340708	0.0640118	0.073755674	3175.4	0.06173992	0.64
ANKRD1	0.058510926	0.06842716	0.059067257	0.05736776	0.06205421	3175.8	0.061085463	0.6403
LACTB2-AS1	0.055446606	0.05687907	0.061674684	0.065494	0.0681521	3175.8	0.06152929	0.6403
FAM117B	0.06390032	0.061714493	0.057147454	0.06398415	0.060064435	3176.8	0.06136217	0.6406
SH3GL3	0.058359046	0.061044354	0.06250167	0.06070176	0.06393591	3177.0	0.061308544	0.6408
WARS2	0.05779487	0.06601991	0.059597664	0.06175234	0.06034911	3179.0	0.061102778	0.641
ITPKC	0.049871564	0.061594006	0.0664232	0.06409459	0.064470574	3180.0	0.06129079	0.6412
KDM4D	0.047349487	0.060602237	0.06620352	0.06981839	0.062370602	3181.4	0.061268847	0.6414
MAP3K9	0.06456666	0.05753243	0.056722883	0.06655413	0.061980724	3181.8	0.061471365	0.6416
ZMAT3	0.062221073	0.05960823	0.060533263	0.067123815	0.057214644	3182.0	0.0613402	0.6418
AL158212.1	0.05728815	0.06537187	0.052768745	0.06753355	0.062636435	3182.2	0.061119754	0.642
SERTAD2	0.057205822	0.064288735	0.065139905	0.0652817	0.053624254	3183.0	0.061108083	0.6423
CNGA4	0.058502514	0.06355034	0.054227177	0.06972273	0.0597427	3183.0	0.06114909	0.6423
ARPP21	0.05805226	0.06990109	0.05497292	0.06772508	0.054390665	3185.6	0.061008405	0.6427
KLF3-AS1	0.050357845	0.05980717	0.06638384	0.06903573	0.06093563	3185.6	0.061304044	0.6427
IQCK	0.05825229	0.059624285	0.058864687	0.06636461	0.0633919	3186.0	0.06129955	0.643
ZNF670	0.060394015	0.06091712	0.057237644	0.061447717	0.06641707	3187.2	0.061282713	0.6432
POU6F2	0.055636086	0.07057496	0.059246767	0.055919964	0.06377013	3188.0	0.061029576	0.6434
GPRC5B	0.054918837	0.056942645	0.053584218	0.06908488	0.07406367	3190.6	0.06171885	0.6436
RAI2	0.052029513	0.06536809	0.06141394	0.0631238	0.06344899	3191.8	0.06107687	0.6438
AL807761.4	0.057661936	0.06354563	0.059028722	0.06311428	0.062047403	3192.0	0.06107959	0.644
LINC02056	0.06077037	0.06780211	0.06448505	0.060501516	0.050899595	3192.4	0.06089173	0.6442
PRKD1	0.059340686	0.062479325	0.06006902	0.060417663	0.06340827	3192.5	0.061142992	0.6444
AL135910.1	0.051415097	0.0619676	0.06418977	0.0673535	0.06081623	3192.8	0.061148442	0.6446
C19orf18	0.06467276	0.060406327	0.05415056	0.06829421	0.058951978	3194.6	0.06129517	0.6448
PLB1	0.05118237	0.06535806	0.058472868	0.06476773	0.06559969	3194.8	0.061076146	0.6451
SFMBT2	0.05580656	0.059123054	0.06498514	0.06548576	0.060823504	3194.8	0.061244804	0.6451
FAM3D	0.053651623	0.0732682	0.056952223	0.06495399	0.056424946	3195.4	0.061050195	0.6454
AL160313.1	0.04870098	0.057961944	0.06576	0.069407515	0.0640139	3197.6	0.061168868	0.6456
PDK1	0.062688634	0.06083453	0.05739788	0.063052885	0.061977077	3197.8	0.061190207	0.6458
AL591501.1	0.057175074	0.06628427	0.062675886	0.05891983	0.059958782	3198.0	0.06100277	0.646
LINC01965	0.056903824	0.06155294	0.059848934	0.06359175	0.06375041	3198.2	0.06112957	0.6462
LRAT	0.051156662	0.06454468	0.059561376	0.07176687	0.058454994	3198.8	0.061096918	0.6464
FLVCR2	0.06899032	0.060117323	0.055689577	0.05457844	0.068163276	3199.4	0.061507784	0.6466
AL132857.1	0.056251004	0.071120605	0.06299698	0.061267745	0.05286032	3200.0	0.06089933	0.6469
AC011313.1	0.069846906	0.064459495	0.04982484	0.061575178	0.06058883	3200.0	0.06125905	0.6469
ANKRD30BL	0.057431083	0.059415955	0.052778658	0.067360155	0.06931449	3201.0	0.061260067	0.6473
ENTPD1	0.057429727	0.061461926	0.06084987	0.05897774	0.06698633	3201.0	0.061141122	0.6473
HRK	0.054947387	0.05137765	0.052415345	0.07584104	0.07358755	3201.4	0.061633795	0.6476
TRERF1	0.058437847	0.073751785	0.052258212	0.058994155	0.06144498	3202.0	0.060977392	0.6478
AL662907.3	0.06776936	0.059398875	0.06084149	0.06874715	0.048802204	3202.4	0.061111815	0.648
NPNT	0.06086184	0.061238896	0.059302725	0.063595116	0.060321365	3202.6	0.061063986	0.6482
KITLG	0.054114893	0.060616132	0.06341073	0.06424162	0.063484035	3203.4	0.06117348	0.6484
LINC02026	0.05420777	0.061975744	0.06514163	0.062301613	0.06175767	3203.8	0.06107688	0.6486
LINC01273	0.0642189	0.056774452	0.05537482	0.064370744	0.06571567	3205.8	0.06129092	0.6488
CYP2C8	0.057938457	0.07044544	0.05522759	0.058161434	0.06257874	3206.6	0.06087034	0.649
ZFP36	0.049523696	0.06545046	0.05709426	0.06941284	0.06294208	3209.6	0.060884666	0.6492
CXXC4	0.059703637	0.06505972	0.058367588	0.06638739	0.05523357	3209.8	0.06095038	0.6494
AC004594.1	0.055605505	0.06086484	0.054035336	0.073102124	0.062572606	3211.8	0.061236076	0.6497
HDX	0.063774794	0.06467839	0.054730035	0.06780901	0.053934272	3211.8	0.060985304	0.6497
LINC02198	0.053993676	0.06776278	0.06275802	0.060003117	0.059760086	3212.0	0.06085553	0.65
KANK4	0.056731857	0.06426995	0.059576906	0.060852982	0.06324276	3213.6	0.06093489	0.6504
PLEKHG4B	0.06405766	0.06397994	0.06590974	0.056437265	0.054820567	3213.6	0.061041035	0.6504
C9orf135	0.04861086	0.06905157	0.066818655	0.057795156	0.061743766	3213.6	0.060804	0.6504
AC034226.1	0.05599921	0.061534956	0.06200654	0.065218434	0.06024133	3215.0	0.06100009	0.6508
MIR181A2HG	0.0601421	0.06630883	0.059256114	0.060702696	0.057669196	3216.4	0.06081579	0.651
LINC02086	0.06115703	0.062072538	0.06507058	0.061788686	0.054468907	3218.2	0.060911544	0.6512
IL1RAP	0.054117285	0.0686322	0.0626955	0.057871375	0.060675744	3219.8	0.060798418	0.6514
AC093801.1	0.06580026	0.051892873	0.06800827	0.057869848	0.06184654	3220.8	0.061083555	0.6516
CHST11	0.058448695	0.06140078	0.05707472	0.06317239	0.06424273	3224.4	0.060867865	0.6518
USP2-AS1	0.051978342	0.0690998	0.05577696	0.06612302	0.060583714	3224.6	0.060712367	0.652
PADI2	0.05516788	0.061923165	0.06468493	0.061876036	0.060823333	3225.4	0.060895067	0.6522
LINC02484	0.056251235	0.06703645	0.059822444	0.06092725	0.0597279	3226.2	0.06075306	0.6524
AL158167.1	0.05902904	0.07159638	0.05623805	0.05734373	0.059058983	3227.2	0.06065324	0.6526
TMTC2	0.057311784	0.063172095	0.054814205	0.06896355	0.059941914	3227.6	0.060840707	0.6528
AC137770.1	0.05446645	0.059637286	0.062691025	0.06573575	0.06224178	3228.8	0.060954463	0.653
TCEANC2	0.057130143	0.06581476	0.05805679	0.062801465	0.05979073	3230.8	0.060718775	0.6532
FBXL7	0.058013394	0.06235033	0.058358617	0.06596182	0.05928864	3231.2	0.060794562	0.6534
KCNE1	0.059127748	0.061663765	0.064169005	0.05979341	0.059345465	3232.2	0.060819875	0.6536
AC104664.1	0.060115695	0.0555741	0.06194883	0.06363312	0.06343655	3232.8	0.06094166	0.6538
ZBED5-AS1	0.055084273	0.056223515	0.065753445	0.06457614	0.063325316	3233.2	0.06099254	0.654
HIPK2	0.053985585	0.05660009	0.05791533	0.0689308	0.067639455	3234.0	0.061014246	0.6542
GMCL1	0.055742092	0.06237103	0.060192358	0.061612666	0.06415542	3234.4	0.060814716	0.6544
TTN	0.04840279	0.06668232	0.05849374	0.071334794	0.058684446	3234.6	0.06071962	0.6546
LINC01684	0.07578878	0.049226932	0.05447412	0.06274616	0.064157	3237.6	0.0612786	0.6548
ANO4	0.05738068	0.059646234	0.058059033	0.070369914	0.05885116	3238.0	0.0608614	0.6551
AC073569.2	0.055840895	0.06878942	0.04820431	0.063346244	0.06605092	3238.0	0.06044636	0.6551
CCDC168	0.049512334	0.06333588	0.06261311	0.06391265	0.06432991	3239.4	0.06074078	0.6554
AC007563.2	0.062414877	0.056317344	0.06260092	0.06223876	0.060969163	3241.0	0.060908217	0.6556
AC093535.1	0.052492596	0.060425084	0.068063095	0.054776028	0.06870491	3241.2	0.060892344	0.6558
AC015943.1	0.050260305	0.07209915	0.059799116	0.061304048	0.059347883	3244.2	0.060562097	0.656
LINC02762	0.05522578	0.056463435	0.06537065	0.05905039	0.06859302	3248.0	0.060940653	0.6562
TRPM8	0.061383277	0.058522496	0.059218094	0.060240235	0.06449524	3248.6	0.06077187	0.6564
ADAMTS6	0.06980698	0.058632996	0.056394316	0.06000567	0.0604911	3249.2	0.06106621	0.6566
COL25A1	0.055179667	0.06573953	0.061090145	0.06442758	0.05660861	3249.4	0.06060911	0.6568
ZCWPW2	0.055831213	0.062461704	0.056090165	0.06664815	0.06228702	3251.4	0.06066365	0.657
LINC01812	0.05645186	0.057073284	0.06096464	0.06687925	0.062865905	3251.6	0.06084699	0.6572
AL035446.2	0.060625684	0.0708985	0.06159858	0.05630328	0.05263763	3252.0	0.060412735	0.6575
AC034268.2	0.055005062	0.07284635	0.054352477	0.0639419	0.05677714	3252.0	0.060584586	0.6575
GAN	0.05697036	0.05779125	0.0602605	0.06685038	0.061929278	3252.2	0.060760356	0.6579
LINC01619	0.05983509	0.06805201	0.05343598	0.058169376	0.063354716	3252.2	0.060569435	0.6579
MALRD1	0.057167005	0.0590231	0.06228349	0.06278492	0.062284637	3255.4	0.06070863	0.6583
AC002429.2	0.06108538	0.054629788	0.05457794	0.062016547	0.07285705	3255.4	0.061033346	0.6583
P2RY8	0.056758214	0.057615343	0.061689578	0.06220849	0.06542061	3258.4	0.060738444	0.6586
C21orf58	0.059818726	0.057656318	0.062062737	0.061580047	0.062363163	3261.6	0.060696196	0.6588
IRF1	0.05710867	0.05552078	0.06628834	0.06624775	0.05836761	3261.8	0.060706627	0.659
AC097512.1	0.050660677	0.057733066	0.067643344	0.061493363	0.06632838	3262.2	0.060771763	0.6592
AL158198.1	0.057089817	0.06184801	0.05894652	0.06842911	0.0567236	3264.4	0.06060741	0.6594
ADRA1A	0.0567714	0.06457683	0.06496679	0.06205562	0.053983197	3265.8	0.06047077	0.6596
WIPF3	0.058386855	0.0633795	0.05908703	0.059972875	0.06155549	3267.4	0.06047635	0.6598
MIR181A1HG	0.051277764	0.062005766	0.05566375	0.07026931	0.063767046	3268.0	0.060596727	0.66
CDCP1	0.057894997	0.061061356	0.06194317	0.06070479	0.061116926	3268.8	0.060544252	0.6602
BTC	0.055023406	0.06340765	0.059126988	0.06203585	0.06305538	3269.2	0.06052985	0.6604
TTC23L	0.06025033	0.06545476	0.053689983	0.05601107	0.066788636	3271.0	0.060438953	0.6606
RAD18	0.06382581	0.05535374	0.0630943	0.06357843	0.05764688	3271.4	0.06069983	0.6608
CA6	0.05203231	0.06661393	0.06379256	0.05814197	0.061472524	3271.8	0.06041066	0.661
NXPH1	0.04986515	0.06351057	0.065426014	0.058451656	0.06527666	3272.0	0.06050601	0.6612
LRRC8C	0.07014904	0.06275815	0.05430168	0.054207016	0.06240677	3273.6	0.06076453	0.6614
AC011997.1	0.060121126	0.061685856	0.05987579	0.059376232	0.061270725	3275.2	0.060465943	0.6616
SUCLG2-AS1	0.061528288	0.06556671	0.05495071	0.06061866	0.059246168	3276.4	0.060382105	0.6618
MAJIN	0.054244287	0.06457433	0.05874275	0.06692564	0.057564355	3277.0	0.060410272	0.662
FANCB	0.052721556	0.060761858	0.062434163	0.06372891	0.063031	3277.5	0.0605355	0.6622
AC010997.3	0.061932355	0.059936274	0.05443793	0.06726218	0.05909618	3277.8	0.060532987	0.6624
KCNK10	0.059233934	0.06328454	0.053586785	0.06578456	0.060131006	3279.0	0.060404163	0.6626
WDFY3-AS2	0.050306518	0.062993236	0.06782615	0.06595757	0.055289697	3279.6	0.060474634	0.6628
AL445426.1	0.048426494	0.06344882	0.06821235	0.060698166	0.061025914	3281.6	0.060362346	0.663
TMEM132B	0.06732162	0.06513447	0.05000274	0.056360163	0.063472554	3281.8	0.060458314	0.6634
UGDH	0.06250295	0.0596941	0.06066441	0.05628568	0.063566335	3281.8	0.060542695	0.6634
ARSB	0.05822139	0.064259976	0.059724405	0.061440494	0.057913005	3281.8	0.060311854	0.6634
ATP6AP1L	0.06154305	0.06864187	0.0527303	0.06218997	0.05595251	3282.2	0.06021154	0.6638
LTB	0.056576055	0.060588572	0.059029076	0.06596532	0.06033046	3286.8	0.06049789	0.664
PKNOX2	0.05993038	0.065659896	0.056775376	0.06498491	0.05378438	3287.2	0.060226988	0.6642
AC018695.9	0.048563752	0.07304702	0.061441775	0.058649063	0.059581436	3288.2	0.06025661	0.6644
WDR17	0.062014457	0.06172604	0.054474797	0.06301682	0.060751993	3288.4	0.06039682	0.6647
FAM171B	0.050998624	0.062170573	0.05742658	0.062356934	0.069665305	3288.4	0.0605236	0.6647
AP002961.1	0.06446724	0.06513562	0.054709665	0.057063635	0.06080251	3289.4	0.060435735	0.665
AC008892.1	0.049920417	0.06312573	0.06272914	0.061148595	0.064790905	3289.6	0.060342956	0.6652
SHC4	0.06236216	0.062632926	0.061868947	0.064941816	0.04878805	3290.6	0.060118776	0.6654
NCAPG2	0.051871836	0.07059272	0.0646649	0.052170265	0.060495798	3291.0	0.059959102	0.6656
AL360015.1	0.058401175	0.06089014	0.060028236	0.06697052	0.05547402	3291.6	0.060352813	0.6658
AC090001.1	0.05237528	0.06741271	0.06339554	0.055648685	0.062032476	3292.2	0.060172938	0.666
CHCHD5	0.048695244	0.06848289	0.06175393	0.060057726	0.061750505	3292.4	0.06014806	0.6662
HDGFL3	0.057714652	0.066108264	0.05709542	0.061514474	0.058329392	3293.6	0.06015244	0.6664
BDNF	0.04975874	0.065412775	0.061839618	0.058532067	0.06566185	3293.8	0.060241006	0.6666
LINC02356	0.050455764	0.06519435	0.05944657	0.05960939	0.06669734	3294.4	0.06028068	0.6668
L3MBTL3	0.0502433	0.05708251	0.06681835	0.063464224	0.06458499	3296.4	0.060438674	0.667
GAS1RR	0.05787025	0.06775279	0.055221815	0.06363642	0.05631071	3296.8	0.060158394	0.6672
IQSEC3	0.053121384	0.06495553	0.061412375	0.06418197	0.057519622	3298.4	0.060238175	0.6674
MYO9A	0.05637149	0.06885831	0.051765043	0.06783289	0.05555229	3298.6	0.060076006	0.6676
AL359232.1	0.066002235	0.059481427	0.051710915	0.06659167	0.05834331	3299.8	0.060425915	0.6678
PDGFD	0.057666846	0.060091183	0.055441763	0.06680315	0.061600853	3300.6	0.060320757	0.668
ZFHX4-AS1	0.06544279	0.064823166	0.062351357	0.053369325	0.05505641	3301.2	0.06020861	0.6682
ARHGAP20	0.05645322	0.063573785	0.055410884	0.06399732	0.061867304	3301.4	0.060260504	0.6684
ECM1	0.06113661	0.061387673	0.057812832	0.06386747	0.057179824	3303.0	0.060276877	0.6686
UPK2	0.054713443	0.056332227	0.057190713	0.06567897	0.06831159	3303.6	0.06044539	0.6689
AC119674.1	0.049419533	0.0661058	0.05957907	0.06358299	0.061832193	3303.6	0.060103916	0.6689
MCF2L2	0.057044424	0.058134567	0.06754398	0.058061656	0.06124534	3304.4	0.060405992	0.6692
LUCAT1	0.055903904	0.060112685	0.05522316	0.06634728	0.06430629	3304.6	0.060378663	0.6694
C10orf67	0.056172974	0.062370427	0.057415325	0.07013467	0.055139173	3304.8	0.060246516	0.6696
PDYN-AS1	0.048795372	0.06806112	0.064219765	0.063277245	0.05586619	3305.4	0.06004394	0.6699
PPP4R4	0.051700722	0.06513266	0.052200913	0.070571594	0.061241496	3305.4	0.06016948	0.6699
HMCN1	0.059335984	0.06668757	0.061394136	0.056265146	0.056879137	3305.8	0.060112398	0.6702
MMP26	0.06351143	0.059479263	0.06147596	0.059139427	0.058329713	3306.2	0.060387157	0.6704
KEL	0.05487984	0.0628638	0.06626951	0.06520142	0.05139017	3307.2	0.06012095	0.6706
MAP1LC3B2	0.054455116	0.059691843	0.048539497	0.06996217	0.06853982	3307.6	0.060237695	0.6708
TRPC3	0.056993444	0.066581346	0.05865703	0.059969626	0.058241934	3309.2	0.060088675	0.671
NDRG4	0.05622899	0.06850197	0.05312125	0.065811165	0.056636203	3309.4	0.060059916	0.6714
AL359546.1	0.05735807	0.07039088	0.050900064	0.053168237	0.06777984	3309.4	0.059919417	0.6714
SCLT1	0.053106204	0.069723554	0.05689709	0.058124233	0.062332623	3309.4	0.060036737	0.6714
GREB1L	0.051469702	0.06675424	0.064720444	0.06200212	0.055290755	3310.0	0.060047455	0.6719
AC019068.1	0.045334313	0.06554688	0.058888003	0.07109078	0.058814257	3310.0	0.059934847	0.6719
PLCZ1	0.053909384	0.062542364	0.062249966	0.06186477	0.0603454	3310.2	0.06018238	0.6722
CYP2C9	0.051107064	0.072475426	0.053565238	0.0646321	0.0584592	3311.8	0.060047805	0.6724
CCDC122	0.05841733	0.06287431	0.05273786	0.06368765	0.06279635	3312.4	0.0601027	0.6726
RNASEH2B-AS1	0.05805884	0.060014002	0.057154305	0.07076426	0.055196	3314.8	0.06023748	0.6728
PLBD1-AS1	0.06067091	0.06388132	0.05393461	0.0644838	0.057517663	3318.2	0.060097657	0.673
AL352984.1	0.07147795	0.050936125	0.058391277	0.058140278	0.06349164	3318.6	0.060487457	0.6732
ERVH-1	0.06446241	0.064579405	0.055805817	0.059940096	0.056173213	3320.4	0.06019219	0.6734
AC100800.1	0.04804477	0.055509645	0.06556338	0.06485682	0.067269966	3322.0	0.06024891	0.6736
AC022075.1	0.06159533	0.05542006	0.05789377	0.05958169	0.066741474	3323.8	0.06024646	0.6738
SRGAP3-AS4	0.057974186	0.060836658	0.05638198	0.06883268	0.05652286	3324.0	0.060109675	0.674
IGSF21	0.061450254	0.059364352	0.05810394	0.057083115	0.0649909	3325.0	0.06019851	0.6742
AC093843.1	0.060815364	0.054152906	0.059228443	0.06221861	0.06415744	3325.8	0.06011455	0.6744
ANO3	0.060720015	0.058193047	0.056695055	0.06312596	0.06186527	3326.4	0.060119867	0.6747
PLD1	0.053745706	0.057675056	0.06555266	0.06105772	0.06298125	3326.4	0.06020248	0.6747
AC079760.2	0.060188726	0.06305571	0.06019902	0.06426994	0.051948685	3328.0	0.05993242	0.675
UGT2B4	0.057336695	0.05843736	0.06462669	0.061035097	0.05898585	3328.8	0.060084336	0.6752
AJ009632.2	0.06070567	0.062062364	0.054348756	0.06318036	0.059736345	3330.6	0.060006697	0.6754
NR1D1	0.052858017	0.059773218	0.056388687	0.06921056	0.062263273	3331.0	0.06009875	0.6756
LMO7-AS1	0.05380955	0.06488567	0.05584566	0.06383148	0.06146618	3332.0	0.059967708	0.6758
HS3ST3A1	0.05766995	0.061450582	0.061600775	0.060727812	0.058621656	3332.4	0.06001415	0.676
AC092969.1	0.06292932	0.06518435	0.050896324	0.059725784	0.060970403	3332.6	0.059941232	0.6763
ACE2	0.0575708	0.06863369	0.06073345	0.05534117	0.056536436	3332.6	0.05976311	0.6763
CASC11	0.07075238	0.049117226	0.05430438	0.061394256	0.06489972	3332.8	0.060093593	0.6766
TMEM232	0.05806815	0.06226126	0.058507998	0.06327647	0.057709284	3333.2	0.059964634	0.6768
KIF17	0.056005184	0.05952925	0.056534763	0.062335093	0.06611383	3334.4	0.060103618	0.677
ZNF821	0.055346835	0.058636684	0.060255446	0.06184951	0.06435283	3334.6	0.06008826	0.6772
EPHB1	0.052600253	0.060706172	0.063540585	0.06070706	0.06289206	3335.4	0.060089223	0.6775
GLCE	0.05705857	0.070134096	0.057676047	0.057462066	0.05686885	3335.4	0.059839927	0.6775
MAP6	0.05104858	0.06762726	0.056140948	0.061440468	0.06303114	3337.2	0.059857678	0.6778
XKRX	0.061125305	0.063950226	0.061905365	0.05610438	0.05645186	3337.4	0.05990743	0.678
COL19A1	0.056651738	0.06242058	0.056653444	0.06411323	0.05992553	3338.2	0.059952904	0.6782
CDK19	0.05458	0.054834258	0.062252007	0.070024	0.05849324	3339.0	0.0600367	0.6784
RNF144A	0.05477045	0.06502564	0.05963416	0.057496615	0.06261569	3339.4	0.059908517	0.6786
MSR1	0.05838695	0.05559312	0.054765306	0.06644828	0.065059416	3340.2	0.060050614	0.6788
MRPS24	0.065301254	0.05907346	0.05689465	0.063078664	0.05629953	3342.2	0.060129512	0.679
SATB2-AS1	0.055000238	0.06418332	0.059306458	0.06282988	0.05783113	3343.2	0.059830207	0.6792
AC093725.2	0.059265755	0.06534288	0.053561896	0.058282554	0.062870026	3343.4	0.05986462	0.6794
BAIAP2	0.056552865	0.06783505	0.055176213	0.061316844	0.058128	3344.0	0.059801795	0.6796
PPL	0.0660252	0.057663977	0.055588886	0.06421437	0.057197273	3344.6	0.06013794	0.6798
GRK6	0.057526827	0.06936019	0.05628187	0.05416184	0.060805693	3345.8	0.059627283	0.68
LINC01376	0.056215335	0.05881529	0.06275609	0.058766823	0.063626334	3346.4	0.060035974	0.6802
LNX1-AS1	0.058441475	0.054621555	0.06402025	0.060666624	0.062020145	3346.5	0.05995401	0.6804
ATP10B	0.053902946	0.06265661	0.057162303	0.06360663	0.06191731	3347.2	0.05984916	0.6806
LINC01727	0.05386133	0.059032667	0.06348623	0.05190505	0.07192601	3348.0	0.060042262	0.6808
SYNPO2	0.057195283	0.05885857	0.06280375	0.062305655	0.05850752	3348.8	0.059934158	0.681
CNTNAP5	0.06115002	0.06705157	0.052217495	0.057298638	0.060923424	3350.4	0.059728228	0.6812
AC017101.1	0.05884029	0.0528001	0.05998801	0.062093046	0.06545837	3352.0	0.059835963	0.6814
ZNF341-AS1	0.07057205	0.06879715	0.04777674	0.057697535	0.05405971	3352.6	0.059780635	0.6816
CHSY3	0.065639354	0.0582509	0.05340738	0.05650737	0.06678101	3354.0	0.060117204	0.6818
THSD7B	0.05219941	0.0632525	0.053006794	0.063748874	0.06705214	3355.2	0.059851944	0.682
CYP7B1	0.054331187	0.06847116	0.06069246	0.057549957	0.05731593	3356.0	0.05967214	0.6822
AL133259.1	0.06592245	0.0586415	0.060448162	0.058242306	0.056928553	3356.6	0.060036592	0.6824
AL592430.1	0.058267206	0.050700486	0.06646174	0.06280102	0.060058657	3358.2	0.059657823	0.6826
GMDS	0.0566533	0.06262978	0.063071646	0.0553995	0.06099824	3360.4	0.05975049	0.6828
CD36	0.05647076	0.060649265	0.057916865	0.058291852	0.06639959	3361.2	0.059945665	0.683
C4orf51	0.06950234	0.05636259	0.058127355	0.058429707	0.05869464	3362.0	0.060223322	0.6832
AC011389.1	0.047730632	0.06379785	0.058462605	0.06344485	0.064967744	3362.2	0.059680738	0.6834
MITF	0.05782506	0.06699022	0.049447898	0.06334879	0.05983301	3362.4	0.059489	0.6836
OTOG	0.059084482	0.0607765	0.057004448	0.057385176	0.06488319	3362.6	0.059826754	0.6838
AP003400.1	0.059019204	0.062397487	0.060155366	0.061499525	0.055445287	3364.2	0.059703372	0.684
ST6GALNAC5	0.06495365	0.060495805	0.056053907	0.062684506	0.055381943	3364.8	0.059913963	0.6842
DENND5B-AS1	0.06463464	0.06558004	0.05369894	0.060844757	0.053787604	3365.4	0.059709202	0.6845
NALCN	0.06023329	0.05727317	0.05662382	0.0621595	0.06310481	3365.4	0.059878916	0.6845
RFC3	0.056197178	0.05811356	0.057458747	0.06726543	0.060150184	3366.4	0.05983702	0.6848
HLX-AS1	0.057801846	0.07044464	0.0494125	0.05915841	0.060236376	3366.8	0.05941076	0.685
RUSC2	0.055025287	0.062134665	0.05914874	0.061949905	0.0604539	3367.2	0.0597425	0.6853
POLQ	0.056259733	0.07207854	0.047976222	0.06235328	0.058240917	3367.2	0.059381742	0.6853
RRM2	0.06377625	0.05591438	0.06487027	0.060931973	0.05404257	3367.4	0.05990709	0.6856
GABPB1	0.05852269	0.0631851	0.054502077	0.058023084	0.06444456	3367.6	0.0597355	0.6858
HAVCR2	0.0593049	0.059357587	0.05422074	0.0656332	0.060531344	3368.8	0.059809554	0.686
C11orf52	0.04890997	0.06737638	0.058637537	0.05677139	0.066293105	3369.0	0.059597682	0.6862
NET1	0.058832817	0.0628383	0.059876505	0.059779923	0.05707329	3369.2	0.05968017	0.6864
LINC02568	0.047467887	0.060925145	0.070164494	0.060465552	0.060075395	3369.4	0.05981969	0.6866
SYCP2	0.052314032	0.065808065	0.053306144	0.06257873	0.06392913	3370.4	0.05958722	0.6868
AC116362.1	0.053055573	0.06630098	0.05819423	0.06095315	0.05944171	3370.6	0.05958913	0.687
SNAPC2	0.05455753	0.0633962	0.0538464	0.069006726	0.057557125	3371.2	0.059672795	0.6872
SLC10A2	0.054574158	0.06686396	0.054067567	0.06429729	0.058094602	3373.2	0.059579514	0.6875
NRG2	0.06252336	0.0588533	0.0573817	0.055214185	0.064759135	3373.2	0.059746336	0.6875
AL353138.1	0.054754056	0.05430267	0.063614964	0.064586475	0.061535574	3374.8	0.059758745	0.6878
LINC02015	0.054164466	0.061143402	0.053470455	0.069407955	0.060340602	3377.2	0.059705377	0.688
LINC02246	0.042899735	0.06665904	0.064561576	0.060887996	0.06051675	3377.4	0.05910502	0.6882
WNT9B	0.053821348	0.06772144	0.05756927	0.06013628	0.058308486	3377.8	0.059511364	0.6885
AL589745.1	0.053722277	0.061519083	0.054149173	0.06575517	0.0634659	3377.8	0.059722323	0.6885
SPAG16	0.05536164	0.061379094	0.057042792	0.061693218	0.063031	3379.5	0.05970155	0.6888
TAFA4	0.044345677	0.05929381	0.060961522	0.07145051	0.061392274	3380.0	0.059488755	0.689
NYAP2	0.052748438	0.067669235	0.05987561	0.05936243	0.05770481	3380.8	0.059472103	0.6893
AC099782.2	0.048875894	0.066472	0.061292257	0.0601623	0.060742106	3380.8	0.059508912	0.6893
AL139351.3	0.053292688	0.06323791	0.060075715	0.05515823	0.066247955	3381.0	0.0596025	0.6897
SCN3A	0.05775991	0.047661893	0.061985545	0.067961134	0.059930626	3381.0	0.05905982	0.6897
LINC02641	0.051405836	0.058624215	0.05721522	0.06396021	0.06735597	3381.6	0.05971229	0.6901
AC087645.2	0.053063583	0.06421453	0.057188958	0.06162342	0.06158532	3381.6	0.059535164	0.6901
EGFR	0.061787248	0.054145448	0.06226097	0.056164738	0.06390931	3384.2	0.059653543	0.6904
AC060765.2	0.052501556	0.061314803	0.079332225	0.051827386	0.056355707	3385.0	0.060266335	0.6906
LRGUK	0.05440089	0.06817755	0.046870224	0.06354664	0.06263243	3386.4	0.05912555	0.6908
HJV	0.058514852	0.053930636	0.061492983	0.05621758	0.06818586	3386.8	0.05966838	0.691
GNE	0.049572296	0.059937324	0.068938464	0.05961803	0.060418826	3389.0	0.059696984	0.6912
LINC01818	0.04946133	0.055340536	0.0626993	0.063193746	0.067928396	3389.2	0.059724666	0.6914
GGACT	0.06131761	0.057699125	0.062312145	0.059455357	0.057335693	3389.8	0.059623986	0.6916
LRRIQ1	0.05317883	0.05761225	0.067096926	0.060963098	0.059427075	3391.8	0.059655637	0.6918
PDZRN4	0.05884531	0.05397016	0.06376883	0.058359854	0.06294815	3395.2	0.059578467	0.6921
PIWIL2	0.05409418	0.058181718	0.059371267	0.058788087	0.06803432	3395.2	0.059693914	0.6921
AC122685.1	0.056598965	0.053851146	0.06296418	0.062536	0.0618139	3397.6	0.059552837	0.6924
HS3ST1	0.051226255	0.07208751	0.051679816	0.057548046	0.06401739	3400.0	0.059311807	0.6926
LINC02119	0.045377377	0.06273889	0.0606217	0.062815145	0.06455412	3401.4	0.059221447	0.6928
IL20RA	0.053213686	0.05640016	0.063148744	0.06802565	0.057119858	3402.6	0.05958162	0.693
AC004593.2	0.054190163	0.06252	0.06140138	0.060694087	0.058384612	3403.2	0.05943805	0.6932
LINC01931	0.054620974	0.066583075	0.05196989	0.059880026	0.06355247	3404.8	0.059321284	0.6934
CXCL13	0.059276663	0.056493595	0.05773991	0.067234136	0.056810565	3406.8	0.05951097	0.6936
TRDN-AS1	0.053088382	0.054989185	0.06356271	0.058765206	0.06762824	3407.6	0.059606742	0.6939
PNPLA1	0.05739498	0.06236145	0.055656154	0.06612935	0.055264443	3407.6	0.05936127	0.6939
CERNA2	0.05545955	0.0642894	0.057324544	0.062916614	0.056699842	3407.8	0.059337992	0.6942
SLC2A13	0.053968616	0.05938	0.05817015	0.06818998	0.057719808	3408.0	0.05948571	0.6944
ATL1	0.05229375	0.06036708	0.055680625	0.06777501	0.061184295	3408.4	0.059460152	0.6946
DNAI1	0.061505545	0.061674234	0.053892005	0.06110001	0.058657266	3410.8	0.05936581	0.6948
AC011586.1	0.04978404	0.054573536	0.06300565	0.06928925	0.060613357	3412.4	0.059453167	0.6951
ZMAT4	0.058222122	0.066747285	0.057011146	0.05373023	0.059788186	3412.4	0.059099793	0.6951
SCGN	0.064780846	0.057188347	0.05665206	0.06347162	0.055785913	3413.6	0.05957576	0.6954
OCA2	0.061781075	0.061042067	0.051781718	0.06485523	0.057338364	3414.2	0.059359692	0.6956
IRX2	0.06053535	0.056341074	0.06337078	0.057722155	0.059526972	3415.2	0.059499264	0.6958
LINC02250	0.05077837	0.062173992	0.064005315	0.06229981	0.05733124	3416.2	0.059317745	0.696
AC022523.1	0.06105832	0.061791398	0.06217659	0.05489971	0.05642153	3418.4	0.059269506	0.6962
ADGRB3	0.0620044	0.055901848	0.057221863	0.067363136	0.05453621	3418.6	0.059405494	0.6964
SH3GL2	0.06567357	0.059268035	0.058995564	0.056737266	0.057034165	3419.0	0.05954172	0.6966
CFAP45	0.056524295	0.057900794	0.057425637	0.058552254	0.06694801	3420.6	0.0594702	0.6968
AC006296.3	0.05455816	0.065661676	0.0606385	0.05830078	0.05699863	3422.2	0.05923155	0.697
AL078602.1	0.057536397	0.06103835	0.061678965	0.06792839	0.044470794	3423.0	0.05853058	0.6973
PTGER1	0.053193506	0.060404528	0.05687311	0.06271572	0.063528575	3423.0	0.05934309	0.6973
FANCA	0.052677598	0.06920156	0.060561568	0.054428864	0.05823572	3423.8	0.059021063	0.6976
ADRB2	0.061696272	0.060635243	0.057566006	0.06076873	0.0559938	3424.8	0.059332006	0.6978
LINC01159	0.055856675	0.05927757	0.05866558	0.06472469	0.0583045	3425.4	0.0593658	0.698
AC005381.1	0.057064313	0.06510086	0.056056615	0.065521516	0.051656693	3425.8	0.059079997	0.6983
LYG1	0.061831996	0.05831914	0.056270417	0.057379346	0.06294499	3425.8	0.05934918	0.6983
LINC01033	0.05392408	0.060637534	0.0563563	0.066491865	0.059109837	3426.0	0.05930392	0.6986
NMT2	0.058839712	0.058047082	0.05842427	0.06533851	0.055694785	3429.4	0.05926887	0.6988
PLS3-AS1	0.06026685	0.06440051	0.054074526	0.06497963	0.051644936	3431.0	0.05907329	0.699
AIM2	0.045880593	0.057780653	0.060759198	0.06327106	0.06848839	3431.4	0.05923598	0.6992
MIR548A1HG	0.047017384	0.061401248	0.06503641	0.06812407	0.053901277	3432.2	0.059096076	0.6994
MGAM2	0.051420268	0.064391956	0.07414949	0.053789224	0.052736357	3432.6	0.05929746	0.6996
ME1	0.064903796	0.05937333	0.052604694	0.062257618	0.05757918	3435.2	0.059343725	0.6998
AC093765.4	0.058375496	0.05988001	0.055400066	0.06427012	0.058125615	3436.4	0.05921026	0.7
PGM5	0.05372782	0.06330916	0.05470083	0.0663476	0.057650514	3438.0	0.059147187	0.7002
PHACTR2	0.056577552	0.06095556	0.052814238	0.06705497	0.058459256	3438.8	0.05917232	0.7004
PLAC9	0.051484846	0.067036	0.060461726	0.052068047	0.062945835	3439.2	0.05879929	0.7007
AL442636.1	0.046811055	0.06517752	0.05590248	0.058847133	0.06862434	3439.2	0.059072506	0.7007
NEFM	0.056535568	0.06321697	0.055941787	0.061185062	0.05879067	3440.2	0.059134014	0.701
CBR3	0.054943454	0.058290005	0.054994073	0.06461647	0.0635463	3440.6	0.05927806	0.7012
LINC00862	0.050770983	0.059531532	0.06802257	0.05664396	0.061023537	3442.4	0.059198517	0.7014
KLF7	0.054504536	0.063288346	0.056845177	0.06522985	0.05549593	3442.6	0.05907277	0.7016
HIST1H2BC	0.051744744	0.06298825	0.063590996	0.06220226	0.05492414	3443.0	0.059090078	0.7018
ADAM32	0.057423756	0.058347642	0.056767005	0.057184283	0.06634431	3443.6	0.0592134	0.702
NKD1	0.05507312	0.058504134	0.06244698	0.060690396	0.05925676	3443.8	0.059194278	0.7022
NUAK2	0.05935004	0.05923898	0.056845512	0.060916968	0.059395622	3444.0	0.05914942	0.7024
AC015631.1	0.054759867	0.063249476	0.060948465	0.055509996	0.060859155	3444.8	0.05906539	0.7026
AC011294.1	0.057238113	0.06404063	0.046444904	0.06983961	0.05593699	3445.4	0.058700047	0.7028
LSMEM2	0.05655865	0.063001454	0.056738023	0.054061387	0.06472494	3447.8	0.05901689	0.703
GADL1	0.059869356	0.05814631	0.059927426	0.06190963	0.055796213	3448.6	0.059129786	0.7033
C1orf21	0.05041064	0.05413042	0.0597073	0.062035326	0.0703701	3448.6	0.059330754	0.7033
SEMA3G	0.0627701	0.05428295	0.052376203	0.06509572	0.06128761	3449.0	0.059162516	0.7036
AC096570.1	0.03748523	0.06948589	0.057226393	0.05882921	0.065389894	3450.6	0.057683326	0.7038
SLC35G1	0.059785105	0.0643623	0.05455035	0.05536273	0.060754873	3451.8	0.05896307	0.704
RNF182	0.05183553	0.053576585	0.06769645	0.06047326	0.062019337	3452.8	0.05912023	0.7042
NPHP3-AS1	0.045916066	0.059615377	0.061999284	0.0628935	0.06437524	3453.0	0.05895989	0.7044
AC005740.5	0.04938577	0.06602281	0.06274905	0.057722095	0.05859618	3455.0	0.058895182	0.7046
ECT2L	0.051034708	0.06930543	0.06031245	0.057188064	0.05639549	3455.2	0.05884723	0.7048
LINC01252	0.056506805	0.06002238	0.057783585	0.06299311	0.058145065	3456.6	0.05909019	0.705
GRIP1	0.054688636	0.052302867	0.060409717	0.06349989	0.0640901	3457.2	0.058998246	0.7052
AC099560.1	0.059597444	0.05813982	0.064589225	0.060889557	0.05173855	3457.4	0.058990918	0.7054
SCTR	0.05594242	0.04973628	0.05766748	0.06990177	0.060663223	3458.2	0.05878223	0.7056
TANC2	0.048404403	0.065204576	0.054262523	0.067221545	0.059047785	3461.6	0.058828168	0.7059
LIPG	0.05250468	0.06318731	0.054138016	0.06720075	0.057758126	3461.6	0.058957778	0.7059
SGSM1	0.053020608	0.067930155	0.052819025	0.06489489	0.055364463	3462.4	0.05880583	0.7062
SGO2	0.062508084	0.06344376	0.056829862	0.056424234	0.05531586	3464.0	0.058904357	0.7064
AL138767.1	0.047269076	0.06589417	0.051045578	0.060217176	0.06987352	3467.2	0.058859903	0.7066
MASP1	0.058348063	0.06023302	0.052273463	0.06016521	0.063871674	3467.8	0.05897829	0.7068
PPP1R14C	0.05834501	0.06823248	0.057950776	0.056002796	0.052713286	3468.2	0.058648866	0.707
AC125618.1	0.06060492	0.05787001	0.055121385	0.06046007	0.06098537	3470.6	0.05900835	0.7072
AC023480.1	0.06753716	0.063810445	0.05469211	0.057341233	0.051444873	3471.2	0.058965158	0.7074
XG	0.051900975	0.067241594	0.05106187	0.06500426	0.058081567	3471.4	0.058658052	0.7076
TSHZ3	0.057788614	0.05947434	0.053187437	0.06432515	0.059467763	3478.4	0.05884866	0.7078
FAM189A2	0.051550686	0.059427347	0.061654102	0.05979356	0.062044885	3480.4	0.058894116	0.708
C12orf75	0.06457051	0.05780842	0.050273385	0.065591566	0.05645717	3480.6	0.05894021	0.7082
ZBTB44-DT	0.058718678	0.06863687	0.053748913	0.05620951	0.055452697	3482.0	0.05855333	0.7084
SLC45A2	0.06015585	0.06271507	0.06413996	0.054612167	0.051573865	3482.2	0.058639385	0.7086
PPIL6	0.0511265	0.06105549	0.05799809	0.06583115	0.05808883	3484.2	0.058820017	0.7088
LINC02331	0.057482943	0.060322758	0.059959807	0.0556564	0.06037603	3485.2	0.05875959	0.709
AL445250.1	0.05022552	0.060260545	0.060845904	0.060403533	0.06251804	3486.4	0.058850706	0.7092
DYNC1I1	0.05180014	0.061281197	0.062313806	0.056629	0.061884668	3487.2	0.05878176	0.7094
LDHC	0.055285696	0.064247675	0.053952586	0.057903398	0.062306393	3488.8	0.058739148	0.7096
ARHGAP24	0.048539106	0.0665412	0.060562473	0.058765978	0.058453206	3490.2	0.058572393	0.7098
CD70	0.06130042	0.06922199	0.05146494	0.050985437	0.057980172	3491.6	0.05819059	0.71
AC016705.2	0.047693912	0.05277156	0.05644008	0.071426466	0.06533068	3492.6	0.05873254	0.7102
AC023794.1	0.05694233	0.060207315	0.055845633	0.06531825	0.05560432	3492.8	0.05878357	0.7104
LINC02254	0.048285924	0.05490354	0.061978135	0.06268284	0.065900885	3493.2	0.058750264	0.7106
AC083949.1	0.05560012	0.062032495	0.05871173	0.06725651	0.048623208	3497.2	0.05844481	0.7108
UNC80	0.04801536	0.06738386	0.055581067	0.06211763	0.059241623	3498.6	0.058467906	0.711
AXL	0.050514836	0.06583909	0.060244445	0.05880519	0.057165425	3501.2	0.058513798	0.7112
LONRF2	0.048529424	0.06214048	0.060670793	0.06256696	0.05895997	3501.6	0.058573525	0.7114
AC024941.2	0.06093636	0.058743395	0.0511876	0.061844844	0.060481023	3502.0	0.058638643	0.7116
AC008591.1	0.051842604	0.062395677	0.058617037	0.06436126	0.055790953	3502.2	0.058601506	0.7118
FILIP1L	0.054347016	0.056555763	0.051385168	0.066232935	0.065186545	3502.8	0.058741488	0.712
VIPR1	0.056973513	0.060883608	0.061331123	0.060101457	0.054171283	3503.0	0.0586922	0.7122
SAXO2	0.056689844	0.062304955	0.0575121	0.06060738	0.056120478	3503.2	0.058646955	0.7125
ADCY2	0.05100651	0.05704026	0.05783903	0.06327679	0.064563654	3503.2	0.058745254	0.7125
SLC9A7	0.0500291	0.06579976	0.06696415	0.050493956	0.057752628	3503.9	0.058207918	0.7128
BRINP1	0.053251106	0.05997878	0.060970012	0.06255094	0.0568319	3504.6	0.058716547	0.713
CHST15	0.048999745	0.053423293	0.05546698	0.06522401	0.07105962	3504.8	0.05883473	0.7132
CDRT4	0.050691698	0.06005931	0.060330622	0.061104793	0.061111446	3505.4	0.058659572	0.7134
STAC2	0.05369982	0.062478393	0.054361157	0.06559873	0.056943502	3506.0	0.05861632	0.7136
WDR78	0.050925054	0.063248426	0.06385093	0.061572395	0.053135723	3506.2	0.058546506	0.7138
SV2B	0.04952756	0.060680732	0.060906254	0.06505518	0.05716126	3506.6	0.058666192	0.714
AFF1	0.051630203	0.058019392	0.05502282	0.068311445	0.060354773	3508.2	0.058667727	0.7142
NFIL3	0.05346351	0.07033595	0.050160475	0.058667365	0.05902355	3508.4	0.05833017	0.7144
ERVMER61-1	0.053452108	0.056404833	0.061356418	0.066004775	0.05648466	3508.8	0.058740564	0.7146
BIRC3	0.04733661	0.06314618	0.060534693	0.057395693	0.064175054	3510.0	0.058517646	0.7148
CTSB	0.05721687	0.058546335	0.06286526	0.05921773	0.055365246	3510.2	0.058642287	0.715
FAM167A	0.061820332	0.06785148	0.050934885	0.062045004	0.046863616	3510.4	0.057903063	0.7153
AP000897.2	0.06066943	0.054644283	0.05990764	0.057820525	0.06025838	3510.4	0.058660053	0.7153
AL391261.2	0.05204032	0.060077757	0.061798166	0.058729324	0.060745344	3511.2	0.058678187	0.7157
LMO3	0.053933904	0.060536526	0.055102527	0.060828373	0.06292452	3511.2	0.058665168	0.7157
NLGN4X	0.056511573	0.053483468	0.059060477	0.062193997	0.061884012	3511.8	0.058626704	0.716
ASPM	0.065901004	0.06511629	0.057222247	0.052410774	0.05067175	3512.2	0.058264416	0.7162
NCKAP5-AS2	0.057333183	0.06139772	0.05554953	0.06665207	0.051428106	3513.2	0.05847212	0.7164
SEMA3F-AS1	0.05629107	0.057983454	0.05733733	0.06273482	0.058672294	3514.8	0.058603786	0.7166
TMEM45B	0.050465867	0.06239132	0.054577183	0.06844952	0.05673209	3515.6	0.058523197	0.7168
ODC1	0.053965986	0.05429853	0.054851815	0.064429715	0.0655951	3516.4	0.05862823	0.717
HEPACAM2	0.057374522	0.06296285	0.06284475	0.0532635	0.055442855	3516.6	0.058377694	0.7172
LINC00343	0.058728307	0.06344434	0.054240085	0.060660418	0.05520656	3517.4	0.058455944	0.7174
GRIN2B	0.05852735	0.062491506	0.060306393	0.05615875	0.054499615	3518.2	0.058396727	0.7176
TBC1D8	0.055043418	0.05778042	0.05224033	0.061794765	0.066324465	3519.2	0.058636684	0.7178
TENM3-AS1	0.053703725	0.061737306	0.055554688	0.059156064	0.06245437	3519.6	0.05852123	0.718
LIFR-AS1	0.05866294	0.056133445	0.052295502	0.059462193	0.06651488	3520.8	0.05861379	0.7182
CYBRD1	0.071827844	0.061550926	0.050372127	0.054479208	0.055927396	3521.2	0.0588315	0.7184
ADGRG2	0.053791776	0.05681293	0.05376773	0.06513816	0.06362665	3521.8	0.05862745	0.7186
AC007656.2	0.05139112	0.057657488	0.057635516	0.06492615	0.061143443	3523.0	0.058550738	0.7189
HMGCS1	0.055323143	0.061748702	0.060448613	0.05714584	0.057712264	3523.0	0.05847571	0.7189
LINC01098	0.050504062	0.057159916	0.058948632	0.05701496	0.07042155	3523.2	0.058809824	0.7192
SLC22A3	0.056903645	0.065787554	0.061079916	0.054680005	0.052922763	3523.8	0.058274776	0.7194
AC004381.1	0.070305124	0.05970781	0.055748697	0.04977231	0.05708227	3524.6	0.058523245	0.7196
PRKCQ	0.058114633	0.055590987	0.05894267	0.054712154	0.065206505	3525.4	0.058513384	0.7198
SPTLC3	0.053636666	0.0584625	0.06140099	0.058631588	0.06076546	3526.6	0.058579445	0.7201
C3orf14	0.05458032	0.058982152	0.062744945	0.05716962	0.059072696	3526.6	0.058509946	0.7201
ZNF438	0.058646884	0.061402753	0.054512423	0.06336107	0.054006547	3527.3	0.05838594	0.7204
AL355834.2	0.058341287	0.051218923	0.06036729	0.05683001	0.06474766	3528.4	0.05830103	0.7206
PSTPIP2	0.048857074	0.07062982	0.05216867	0.05630009	0.06296864	3529.6	0.058184862	0.7208
ABCA9	0.06286379	0.0569771	0.054160602	0.059786856	0.059223633	3530.2	0.058602393	0.721
MROH9	0.06088006	0.05291775	0.051449746	0.06651298	0.059922867	3532.0	0.058336683	0.7212
OASL	0.059653923	0.06464238	0.053149585	0.06183363	0.05181686	3532.8	0.058219276	0.7214
LINC02301	0.052865565	0.06536492	0.058197662	0.06192885	0.05289438	3533.4	0.05825027	0.7216
AC005323.1	0.060244635	0.057922482	0.060686283	0.059387982	0.05384979	3533.8	0.058418233	0.7218
DOCK8	0.049958207	0.07067081	0.05434768	0.06312216	0.052383	3535.0	0.05809637	0.722
PPP1R3C	0.053820644	0.056421727	0.056431383	0.062388513	0.06340142	3535.4	0.05849274	0.7222
AL024495.1	0.04564937	0.06843113	0.05783279	0.062333073	0.055717796	3536.4	0.057992835	0.7224
MIR31HG	0.056410134	0.057093315	0.055871986	0.066471405	0.056720234	3537.0	0.058513414	0.7227
AP001347.1	0.0551585	0.06286285	0.057717547	0.058238853	0.057767604	3537.0	0.058349073	0.7227
MAN1C1	0.050975993	0.05644717	0.060731113	0.06489209	0.05924818	3538.6	0.058458906	0.723
SRRM4	0.058556445	0.06343773	0.06437927	0.05153668	0.05174615	3539.2	0.057931256	0.7232
AC089983.1	0.057301085	0.059479754	0.06012843	0.056639116	0.058254592	3539.4	0.058360595	0.7234
ITGAX	0.052754458	0.056725662	0.06442337	0.05769838	0.060792938	3541.6	0.058478963	0.7236
AC002057.2	0.054404862	0.06370773	0.06926709	0.05058713	0.05180767	3543.0	0.057954896	0.7238
AC087854.1	0.05972985	0.05848791	0.05647243	0.060648788	0.056565564	3544.0	0.05838091	0.724
AC124017.1	0.046543717	0.056490075	0.0645926	0.06645534	0.057295725	3544.8	0.0582755	0.7242
BARD1	0.050699804	0.06774654	0.050788954	0.06025931	0.060987428	3545.6	0.05809641	0.7244
LRRC1	0.048027035	0.055014763	0.05771251	0.068612464	0.062058114	3549.0	0.05828498	0.7246
IFIT1	0.05802077	0.06328156	0.053141978	0.06324907	0.052928817	3551.2	0.058124434	0.7248
MIR3681HG	0.048816472	0.06094552	0.062195763	0.058670513	0.060689796	3553.2	0.05826362	0.725
UNC79	0.056326456	0.06342811	0.056943186	0.058842883	0.055403765	3555.0	0.058188878	0.7253
RGS22	0.059263796	0.057772044	0.057142183	0.054246753	0.062762894	3555.0	0.058237534	0.7253
AK7	0.054075755	0.057852574	0.053772822	0.05934518	0.06667969	3556.0	0.058345206	0.7256
LINC00276	0.06022741	0.057565533	0.057676435	0.060452033	0.055555616	3559.2	0.058295406	0.7259
ALG14	0.0718454	0.05211792	0.05980954	0.05708546	0.051763687	3559.2	0.0585244	0.7259
ECT2	0.058209784	0.059301697	0.05724256	0.06394021	0.051794376	3561.0	0.058097728	0.7262
LINC01426	0.05486505	0.06453594	0.052125987	0.06514546	0.053463835	3563.8	0.058027256	0.7264
WNT7B	0.045333263	0.058528554	0.06314612	0.06152226	0.06144724	3564.2	0.057995487	0.7266
AC107032.2	0.054897904	0.06250137	0.05364509	0.061228395	0.0582202	3565.4	0.058098592	0.7268
AC106798.1	0.045119707	0.061448906	0.058162626	0.06379865	0.061073743	3565.8	0.057920724	0.727
AL157392.2	0.048262812	0.057840515	0.06796525	0.058795888	0.058048025	3566.4	0.058182497	0.7272
AP003778.1	0.054672822	0.061856754	0.05630052	0.053572204	0.06374041	3567.0	0.05802854	0.7274
CYP24A1	0.048187874	0.060794137	0.059680257	0.0627016	0.058898363	3570.6	0.058052443	0.7276
AC110767.1	0.05295615	0.04984172	0.05257323	0.062147163	0.07369792	3571.0	0.058243237	0.7278
AL136307.1	0.046162922	0.06349389	0.057841472	0.059235197	0.06263267	3573.6	0.05787323	0.728
SLC12A8	0.05256366	0.058267582	0.06258089	0.058441907	0.05885681	3574.0	0.058142174	0.7283
AC006230.1	0.048518393	0.05288849	0.060188282	0.06464244	0.0639478	3574.0	0.05803708	0.7283
AC010754.1	0.051583398	0.06437177	0.05956459	0.0582328	0.056211412	3574.6	0.057992794	0.7286
TNFAIP8	0.055047553	0.06054385	0.0555687	0.06253781	0.057011034	3574.8	0.05814179	0.7288
CYP27C1	0.05093702	0.06314657	0.067835614	0.05373229	0.053999905	3576.2	0.05793028	0.729
AC022126.1	0.05350136	0.052044142	0.05373115	0.07575208	0.05643218	3576.4	0.058292188	0.7292
AC063944.1	0.050398637	0.06516442	0.060790114	0.054808576	0.058186222	3579.0	0.05786959	0.7294
LINC02036	0.05926969	0.06016905	0.056288756	0.054504454	0.059591062	3582.8	0.0579646	0.7296
HPYR1	0.056144044	0.0655109	0.05906762	0.057272244	0.051019054	3583.0	0.057802774	0.7298
SPTLC2	0.06029257	0.0646508	0.045954246	0.05906336	0.057442106	3586.4	0.057480615	0.73
AC018816.1	0.06416844	0.064285964	0.05812464	0.05209428	0.049177837	3586.6	0.05757023	0.7303
RIPK2	0.044173826	0.05874126	0.06747077	0.060493585	0.057972483	3586.6	0.057770383	0.7303
SCOC-AS1	0.057693813	0.062869765	0.05600876	0.060604196	0.052003138	3587.2	0.057835937	0.7306
SCG5	0.048789382	0.07198406	0.056034796	0.05629024	0.055548634	3588.6	0.057729423	0.7308
SLC16A14	0.0499238	0.055946745	0.058378268	0.06851305	0.05733887	3591.2	0.058020145	0.731
LYPD6	0.044331796	0.062172696	0.06333782	0.05637732	0.061860256	3592.4	0.057615977	0.7312
AF064858.1	0.057036854	0.06201513	0.05173692	0.062684245	0.055866934	3593.0	0.057868015	0.7314
VPS41	0.049914874	0.057970226	0.058271155	0.06598894	0.057696965	3593.4	0.05796843	0.7316
RHBDL2	0.04998386	0.06458473	0.05841754	0.057983782	0.0582065	3593.6	0.05783528	0.7318
PPP2R2B	0.05249074	0.05626828	0.062265065	0.063932136	0.054999907	3595.4	0.057991225	0.732
AC073050.1	0.05049598	0.05837314	0.06815129	0.04937329	0.061368205	3596.0	0.05755238	0.7323
KPNA7	0.059630074	0.057934705	0.059432086	0.05657961	0.05623661	3596.0	0.05796262	0.7323
AL161910.1	0.058648806	0.05424739	0.05710517	0.06104197	0.058280006	3597.6	0.057864666	0.7326
LINC01089	0.05618044	0.05314509	0.05982898	0.065935776	0.054406773	3598.6	0.057899408	0.7328
GMNC	0.05052257	0.05952604	0.05597793	0.060577586	0.06307849	3600.2	0.057936527	0.733
MAP3K21	0.057552014	0.05473279	0.05794699	0.059526816	0.05971239	3601.2	0.0578942	0.7332
LINC02128	0.05511174	0.0668483	0.047902983	0.052012477	0.06469492	3601.6	0.057314087	0.7335
TFPI2	0.05909878	0.060877554	0.05303313	0.059357285	0.057031143	3601.6	0.05787958	0.7335
ENAH	0.057650287	0.057725385	0.059643887	0.05608837	0.058185637	3602.8	0.057858717	0.7338
TNFAIP3	0.052901357	0.05733964	0.058208253	0.057304014	0.064155534	3603.8	0.05798176	0.734
AL357054.2	0.053320803	0.059329078	0.052671924	0.06885705	0.055233575	3604.2	0.05788248	0.7342
KLHL1	0.052141555	0.059439328	0.055405088	0.06269498	0.05971843	3604.6	0.057879876	0.7344
RFX4	0.05361969	0.057412986	0.054468315	0.064509496	0.059635304	3607.8	0.05792916	0.7346
AC117481.1	0.059034005	0.056457233	0.056203842	0.059963517	0.057506356	3611.0	0.057832994	0.7348
EVA1B	0.056420222	0.06373761	0.056865267	0.06184038	0.048192684	3612.2	0.057411235	0.7351
SAMD3	0.05135557	0.06532093	0.05522353	0.05980793	0.05668664	3612.2	0.05767892	0.7351
FADS2	0.04819504	0.065191865	0.061044488	0.053315453	0.05962012	3613.0	0.05747339	0.7355
VWA3B	0.05133568	0.069376305	0.053465333	0.055312634	0.058048356	3613.0	0.057507664	0.7355
SMC4	0.057885464	0.058149885	0.053312194	0.054556265	0.06477849	3614.2	0.057736456	0.7358
LGR5	0.05775989	0.06020094	0.05293752	0.05742981	0.06039756	3616.4	0.05774514	0.736
SRPX2	0.038030814	0.065966055	0.06033314	0.061412565	0.05667882	3617.0	0.056484282	0.7362
MTCL1	0.0535873	0.07078966	0.052527543	0.05957054	0.05032946	3617.4	0.0573609	0.7364
EMX2OS	0.05724867	0.05494353	0.059196938	0.06192644	0.05546447	3618.6	0.057756007	0.7366
SCARA3	0.04910439	0.058509074	0.062584445	0.057836473	0.06080951	3619.6	0.05776878	0.7368
MICALL2	0.055994004	0.054911207	0.056066558	0.062375195	0.05937783	3620.2	0.057744958	0.737
AC091563.1	0.053524323	0.060507733	0.053556398	0.058158472	0.063290946	3621.0	0.057807576	0.7372
AC073332.1	0.051789407	0.06594742	0.056204922	0.059020393	0.054534618	3623.2	0.057499357	0.7374
P2RY6	0.058226585	0.057770632	0.058755293	0.05445621	0.059071034	3623.6	0.05765595	0.7376
PCSK2	0.052350517	0.06542476	0.053250786	0.061520096	0.05510989	3623.8	0.057531215	0.7378
SLC4A7	0.049604107	0.06295532	0.052343737	0.06728064	0.05575728	3624.2	0.05758822	0.738
RIMKLA	0.05391776	0.058508996	0.057004225	0.06283266	0.056288082	3624.8	0.05771035	0.7384
FLVCR1-DT	0.043834344	0.058396213	0.06366483	0.057947867	0.063512184	3624.8	0.057471085	0.7384
AC009403.2	0.046876892	0.056495648	0.061049603	0.061209995	0.06274167	3624.8	0.057674766	0.7384
TXNDC16	0.052149072	0.06066462	0.060264748	0.058121793	0.05718163	3630.8	0.057676375	0.7388
PKP1	0.053846315	0.061370507	0.05541512	0.06411572	0.0532273	3632.4	0.057594992	0.739
AL161804.1	0.06035806	0.056729548	0.05374809	0.06287824	0.05461958	3632.8	0.0576667	0.7392
AC110772.2	0.04287499	0.067769274	0.05682325	0.0589472	0.05846226	3633.8	0.056975394	0.7395
MXI1	0.054890644	0.060007572	0.056752622	0.05979438	0.057014894	3633.8	0.05769202	0.7395
AC068286.2	0.046142153	0.06445943	0.060627807	0.059383098	0.056307163	3634.0	0.057383932	0.7398
AC010198.1	0.053796314	0.060194343	0.046752576	0.06483506	0.06104964	3637.2	0.05732559	0.74
CLSPN	0.050489817	0.061182044	0.051262084	0.0666346	0.057830106	3638.8	0.057479728	0.7402
THBS4	0.055693265	0.052721072	0.058606118	0.05883778	0.062051717	3639.2	0.05758199	0.7404
CAB39L	0.05704251	0.06652133	0.0595365	0.05542196	0.044910852	3639.4	0.056686632	0.7406
MEGF11	0.057416555	0.06315748	0.052571733	0.061594658	0.05212342	3639.8	0.057372767	0.7408
LINC01422	0.051924907	0.06162942	0.053040426	0.064714104	0.056412783	3640.0	0.05754433	0.741
TMEM267	0.05560582	0.059605412	0.061826486	0.057517037	0.053458415	3640.6	0.057602633	0.7412
ARHGEF3-AS1	0.05278007	0.050269466	0.065937094	0.05355602	0.06377969	3641.2	0.057264466	0.7415
RNF220	0.051353402	0.061400533	0.06274531	0.05820411	0.05383985	3641.2	0.05750864	0.7415
AC021851.1	0.051415738	0.06038455	0.058130763	0.057200443	0.06075271	3641.8	0.057576843	0.7418
STAB2	0.056800663	0.05193982	0.05455357	0.068579145	0.055497658	3644.0	0.057474166	0.742
XDH	0.053012263	0.060912628	0.059005614	0.05683817	0.05795183	3644.6	0.0575441	0.7422
AP001042.1	0.060219135	0.051651247	0.055182062	0.06534331	0.05457092	3644.8	0.057393335	0.7424
AC005394.1	0.051304176	0.05783259	0.06318474	0.061995458	0.053339098	3645.2	0.057531215	0.7426
LINC02406	0.053097285	0.062309828	0.05240031	0.065971166	0.053322315	3645.4	0.057420183	0.7428
POT1-AS1	0.061297935	0.061516926	0.055545133	0.055227816	0.05347064	3646.6	0.057411693	0.743
PDE11A	0.060037125	0.061905876	0.058681052	0.056777857	0.048457135	3647.0	0.05717181	0.7433
CPLX1	0.06068107	0.057499282	0.052203566	0.065912984	0.050797824	3647.0	0.057418942	0.7433
AC087379.2	0.051383685	0.06424119	0.058609758	0.06026732	0.05209224	3649.2	0.057318844	0.7436
LINC01023	0.048607744	0.063354455	0.0639498	0.0515986	0.058156848	3649.6	0.05713349	0.7438
LINC02355	0.058807623	0.05474977	0.056682177	0.06103661	0.056113362	3651.0	0.05747791	0.744
AL358937.1	0.050400086	0.048052352	0.05667912	0.066717446	0.062974736	3652.4	0.056964744	0.7442
BHLHE41	0.046625577	0.06158165	0.05861227	0.05424232	0.06536326	3652.6	0.05728502	0.7444
CRISPLD2	0.058960397	0.053306833	0.06073053	0.06387776	0.049143363	3652.8	0.057203777	0.7447
ZNF250	0.047963098	0.061180294	0.052693646	0.05625193	0.069595665	3652.8	0.057536922	0.7447
SMOC2	0.05312725	0.06380703	0.06017797	0.058315273	0.050761197	3653.0	0.057237744	0.745
IQGAP3	0.053944446	0.055488892	0.066478	0.059954833	0.051422577	3653.4	0.057457753	0.7454
AL845331.2	0.059349474	0.05486502	0.0473069	0.06140852	0.06326802	3653.4	0.057239585	0.7454
MYH7B	0.05794201	0.058837097	0.050898086	0.0566021	0.06267939	3653.4	0.05739174	0.7454
PAMR1	0.056303993	0.055331282	0.06379573	0.056597956	0.055631712	3653.6	0.05753213	0.7458
SLC29A4	0.05373328	0.06880382	0.0523438	0.05548163	0.055430993	3653.8	0.0571587	0.746
GPC3	0.06331726	0.054586537	0.052762706	0.060386006	0.056961972	3654.2	0.057602894	0.7462
NUSAP1	0.055886254	0.061360855	0.055213466	0.062155396	0.05249076	3655.0	0.057421345	0.7464
LINC01362	0.041011628	0.06134327	0.06351868	0.060747933	0.057303134	3656.8	0.056784935	0.7466
FAM71D	0.05720236	0.05553392	0.06324144	0.050519597	0.059402216	3658.6	0.05717991	0.7468
UPRT	0.05063222	0.06573965	0.05227906	0.06650793	0.050092157	3658.8	0.057050206	0.747
AL049779.4	0.056162592	0.064055845	0.047449883	0.058214206	0.059529778	3660.0	0.057082463	0.7472
AC034139.1	0.049195424	0.06405298	0.05668975	0.060485926	0.05603032	3661.0	0.057290874	0.7474
AC092821.3	0.047628388	0.06055064	0.053456698	0.06606591	0.058951728	3662.6	0.057330675	0.7478
AC092745.5	0.04705925	0.062466834	0.05589235	0.05955402	0.061179616	3662.6	0.057230413	0.7478
AP000919.3	0.053590473	0.058758095	0.05385272	0.059934758	0.061055664	3662.6	0.057438344	0.7478
AP000787.1	0.052398417	0.05797796	0.059911247	0.06216495	0.05435965	3666.0	0.057362445	0.7482
SLAIN1	0.052712012	0.06256517	0.061073348	0.05428969	0.055476125	3666.6	0.05722327	0.7484
IL1RL1	0.05208517	0.0646033	0.053649172	0.05706137	0.05873652	3667.8	0.057227112	0.7486
AC096746.1	0.055859275	0.056936834	0.053757384	0.05928721	0.061293814	3668.0	0.057426907	0.7488
AL353740.1	0.057191208	0.06548619	0.049142074	0.056168683	0.057163004	3669.0	0.05703023	0.749
EGFLAM	0.0572518	0.056931928	0.055859275	0.06249426	0.05432447	3669.8	0.057372343	0.7493
AC009950.1	0.05369354	0.06460597	0.06125695	0.05798463	0.04612864	3669.8	0.056733947	0.7493
LINC01829	0.059391193	0.057526287	0.056626223	0.05381376	0.058934554	3670.2	0.057258405	0.7496
LINC02778	0.053896915	0.060185615	0.060133133	0.053423997	0.058429852	3671.4	0.057213902	0.7498
LINC02340	0.05258516	0.055959873	0.056247614	0.059800677	0.062228143	3673.6	0.057364296	0.7501
C8orf86	0.06261782	0.065418474	0.053309817	0.052031342	0.050804608	3673.6	0.056836408	0.7501
NAV3	0.050302204	0.057345223	0.059173994	0.06267782	0.057196103	3674.2	0.057339072	0.7504
DTL	0.05818442	0.05584514	0.05690198	0.061441876	0.054038446	3674.4	0.05728237	0.7507
AL031599.1	0.05798826	0.057287015	0.048438746	0.059284884	0.06287483	3674.4	0.05717475	0.7507
C10orf90	0.048250537	0.06706695	0.046081256	0.069377616	0.052106276	3675.2	0.056576528	0.751
AP001831.1	0.047881518	0.059229337	0.05849777	0.055920582	0.06463905	3676.2	0.057233654	0.7512
GJA1	0.050107986	0.055310998	0.05538531	0.053648744	0.07346231	3678.0	0.05758307	0.7514
TGFB3	0.057172492	0.060341604	0.04890683	0.060754366	0.058430217	3678.2	0.057121105	0.7516
AC083870.1	0.04990363	0.055049304	0.058552623	0.057923384	0.06516677	3680.2	0.057319142	0.7518
AL031590.1	0.050989512	0.05675821	0.05375237	0.06240158	0.062664315	3680.4	0.057313196	0.752
ARHGEF19	0.04911719	0.06321328	0.05831611	0.05570672	0.059073754	3681.4	0.057085413	0.7523
CXCL6	0.04912445	0.063827835	0.06326089	0.05162156	0.05666187	3681.4	0.05689932	0.7523
OAF	0.051412065	0.06378963	0.059579983	0.05885243	0.051557243	3681.6	0.05703827	0.7526
RAB8B	0.05117212	0.063973494	0.052960657	0.058313034	0.0591483	3682.2	0.05711352	0.7528
ENPP1	0.058905516	0.056265265	0.060026206	0.055448968	0.05535781	3683.4	0.05720075	0.753
UQCRB	0.052447714	0.064694785	0.057281278	0.060655873	0.049254272	3684.0	0.056866787	0.7532
AC005009.2	0.055892482	0.058400214	0.05987267	0.054116547	0.057638597	3684.2	0.0571841	0.7534
DISC1	0.05257586	0.06333438	0.047503058	0.060753603	0.060233258	3684.6	0.056880035	0.7536
RTKN2	0.049684595	0.0536286	0.058558922	0.06231902	0.061528567	3687.6	0.057143945	0.7538
AC004053.1	0.05271476	0.06222851	0.055342887	0.05816971	0.057229705	3688.4	0.057137113	0.754
DNAJB1	0.053344417	0.061850384	0.060680117	0.055287626	0.05420366	3689.6	0.057073243	0.7542
PPP1R26-AS1	0.06042197	0.055671923	0.05678498	0.059962064	0.053012963	3689.8	0.05717078	0.7544
LINC01707	0.04631275	0.06917758	0.051517174	0.06295262	0.053452	3690.8	0.056682426	0.7546
LCAL1	0.051147748	0.054773405	0.06416036	0.04876164	0.06459744	3693.2	0.05668812	0.7548
AC022509.1	0.055580206	0.058758177	0.054231767	0.06289198	0.054434385	3693.8	0.057179302	0.755
AC120193.1	0.05032321	0.056994107	0.05637657	0.063712366	0.058324896	3694.4	0.05714623	0.7552
PRLR	0.053835858	0.05576663	0.058237646	0.06176504	0.0564209	3697.2	0.05720522	0.7554
AC011921.1	0.048849232	0.06298464	0.062138498	0.058926575	0.05168523	3697.4	0.056916833	0.7556
AC093607.1	0.056591004	0.058407765	0.048653744	0.05937779	0.061906338	3698.6	0.056987327	0.7558
AL360091.3	0.044639546	0.057417292	0.058536816	0.060002916	0.063994214	3698.8	0.056918155	0.756
CSF2RA	0.057233613	0.055998106	0.06474232	0.054886635	0.052238416	3700.4	0.05701982	0.7562
SLC6A3	0.051681716	0.06465348	0.05784813	0.054999396	0.055058263	3704.2	0.0568482	0.7564
FRMD6	0.05723706	0.057591677	0.05152224	0.06421229	0.05453918	3705.8	0.057020493	0.7566
RIT2	0.052000448	0.06760817	0.049374558	0.054945417	0.059362587	3707.0	0.05665824	0.7568
LINC02294	0.055920143	0.06457938	0.050963186	0.062150154	0.049728516	3707.8	0.056668274	0.7571
CDCA8	0.04674684	0.048992056	0.066012844	0.055182446	0.06568659	3707.8	0.056524158	0.7571
ZEB2-AS1	0.06399654	0.05714965	0.05297335	0.0596516	0.05172839	3708.2	0.0570999	0.7575
AC003666.1	0.057871442	0.058083016	0.048862357	0.058093015	0.061503578	3708.2	0.05688268	0.7575
NLGN3	0.06105342	0.04816031	0.0514019	0.05953994	0.062128242	3708.8	0.056456763	0.7578
EPB41L2	0.054856226	0.05835788	0.053249944	0.06448974	0.05424687	3709.2	0.057040133	0.758
RADIL	0.05069973	0.062453844	0.05071171	0.060666624	0.05980372	3709.5	0.056867123	0.7582
AL023755.1	0.050402503	0.061630975	0.062180214	0.056583334	0.05376106	3710.2	0.056911618	0.7584
LINC00592	0.053685017	0.058647364	0.055281866	0.060909715	0.05669636	3710.6	0.057044066	0.7586
AC006460.1	0.057728168	0.053738475	0.06346338	0.056215525	0.05339933	3711.0	0.056908976	0.7588
RYR3	0.0567009	0.060339723	0.058452193	0.055752557	0.05344702	3713.6	0.056938477	0.759
ROR2	0.05305876	0.055847064	0.05530446	0.05452189	0.06653314	3714.0	0.057053067	0.7592
ZBTB7C	0.05512977	0.05361932	0.05355213	0.06628644	0.056351822	3715.0	0.056987893	0.7594
LINC02388	0.06002905	0.057043985	0.056447446	0.058081716	0.053418603	3715.4	0.05700416	0.7596
CEMIP	0.054481957	0.046263073	0.05779344	0.06647328	0.05615739	3716.2	0.056233823	0.7598
TRHDE-AS1	0.056817234	0.059890777	0.053649973	0.058534823	0.056257308	3717.0	0.057030022	0.7601
LINC02540	0.06190481	0.052808475	0.05472347	0.06394525	0.050272066	3717.0	0.056730814	0.7601
FAM174B	0.06111041	0.051904604	0.058972366	0.055134494	0.056976914	3717.4	0.05681976	0.7604
NSMCE1-DT	0.05406482	0.061550777	0.0542263	0.05613191	0.058488797	3717.8	0.05689252	0.7606
LINC00299	0.05231639	0.056310542	0.056332164	0.06408737	0.055904873	3718.0	0.056990266	0.7608
FSTL5	0.061072323	0.06199272	0.054660827	0.05502233	0.05061854	3719.0	0.056673348	0.7611
GNG12-AS1	0.055745427	0.054775793	0.054462	0.063915804	0.056119945	3719.0	0.05700379	0.7611
HPGDS	0.051363748	0.06329251	0.06329203	0.05390676	0.05143546	3719.4	0.0566581	0.7614
STX18-AS1	0.05403729	0.057376135	0.059723012	0.059317768	0.054441668	3720.6	0.056979172	0.7616
ADAM28	0.05048408	0.061737843	0.057109114	0.0597418	0.055074204	3721.6	0.05682941	0.7618
REG1A	0.06833144	0.051115625	0.05376628	0.058952924	0.052570324	3722.4	0.05694732	0.7621
LAMA1	0.05109989	0.055877797	0.060033403	0.06380274	0.053712502	3722.4	0.05690527	0.7621
XKR6	0.052668974	0.05709635	0.056794975	0.06649555	0.051201075	3722.8	0.056851387	0.7624
CAPSL	0.048378576	0.048577804	0.05480895	0.06545578	0.064952284	3723.2	0.05643468	0.7626
NPC1L1	0.067612484	0.050655935	0.052018624	0.056084324	0.057867136	3723.6	0.0568477	0.7628
ABCC9	0.05889124	0.05249747	0.056171466	0.05578836	0.06043753	3725.2	0.05675721	0.763
CD109	0.05771361	0.051968303	0.059297692	0.052112065	0.06158248	3725.4	0.056534827	0.7633
AL513164.1	0.049484458	0.049030315	0.06243361	0.05602832	0.06541624	3725.4	0.05647859	0.7633
GRIP2	0.049776044	0.06207743	0.05686091	0.05674205	0.05837465	3726.6	0.056766212	0.7636
AC011773.3	0.054580107	0.059992336	0.05004052	0.05978294	0.05974856	3728.4	0.056828894	0.7638
HIP1	0.049852982	0.06336939	0.052369636	0.060617153	0.057465624	3730.2	0.056734957	0.764
JAKMIP3	0.05801809	0.052408576	0.05690886	0.058404956	0.05780795	3733.2	0.056709684	0.7642
ADGRG6	0.04523087	0.0641228	0.056618553	0.06669389	0.04813665	3734.2	0.056160558	0.7644
HERPUD1	0.05803955	0.060385883	0.05711611	0.05532962	0.052340362	3736.0	0.056642305	0.7647
LINC02259	0.040625636	0.053462476	0.06466994	0.04971587	0.0710839	3736.0	0.055911563	0.7647
SLC16A2	0.048577216	0.063282356	0.05524584	0.063050665	0.05287122	3736.8	0.05660546	0.7651
MAFF	0.060580872	0.059503235	0.053191975	0.054806348	0.055636212	3736.8	0.05674373	0.7651
HABP2	0.060453944	0.053320143	0.0483754	0.061213456	0.059423786	3738.0	0.056557346	0.7654
TRIB1	0.056654535	0.06278339	0.0558989	0.057133645	0.0502175	3738.4	0.05653759	0.7656
AL161757.4	0.06044549	0.060551047	0.055581123	0.053918976	0.05258146	3740.6	0.056615613	0.7658
AC093425.1	0.04980964	0.05843123	0.06806348	0.06017607	0.042418983	3740.8	0.05577988	0.7661
SLC1A1	0.04408551	0.06068244	0.056407873	0.06692535	0.05392661	3740.8	0.056405555	0.7661
HIF3A	0.06381643	0.05817531	0.056264505	0.0548139	0.05011603	3742.0	0.056637235	0.7664
GPR173	0.055610582	0.06275904	0.055803448	0.05227242	0.056124095	3743.8	0.056513917	0.7667
AL023553.1	0.04805393	0.061467394	0.060237173	0.05083357	0.061079983	3743.8	0.056334414	0.7667
AC022031.2	0.04980001	0.056804344	0.05503053	0.06885791	0.053316984	3744.4	0.056761958	0.767
MKLN1	0.051741824	0.06092043	0.05774676	0.05933801	0.053641625	3745.0	0.05667773	0.7672
LINC02732	0.05193074	0.053699117	0.0619919	0.061973087	0.05362374	3745.8	0.056643717	0.7674
WASF3	0.05654742	0.054274127	0.05453261	0.0603287	0.05818335	3746.6	0.056773238	0.7677
SMC1B	0.05324116	0.054682087	0.052162483	0.058359995	0.06533006	3746.6	0.056755163	0.7677
LINC01508	0.05512893	0.060947936	0.04776488	0.06482946	0.053554747	3747.8	0.05644519	0.768
LNCSRLR	0.04973667	0.0594954	0.057997826	0.05316783	0.0625835	3748.4	0.056596242	0.7682
BCL2L11	0.05762761	0.06536463	0.04594123	0.05684551	0.05469609	3749.4	0.05609501	0.7684
LINC01118	0.053211983	0.059380732	0.051895957	0.050542083	0.06723823	3749.8	0.0564538	0.7686
ZNF528-AS1	0.05243209	0.0642216	0.055579543	0.054214403	0.056132328	3750.0	0.05651599	0.7688
AC006148.1	0.0475501	0.05546757	0.049340285	0.06402427	0.06664194	3750.6	0.05660484	0.7691
GEM	0.052222054	0.062349908	0.051807817	0.059394293	0.0571103	3750.6	0.056576878	0.7691
CERCAM	0.05003554	0.06357405	0.055159524	0.061086144	0.052616816	3751.2	0.056494415	0.7694
IL1R1	0.05695415	0.05773905	0.05372412	0.060729228	0.054436345	3751.6	0.05671658	0.7696
CDH3	0.062090997	0.06199222	0.054152645	0.051316652	0.051998585	3752.4	0.056310218	0.7698
AP005131.1	0.05732365	0.050091334	0.053557817	0.06661905	0.0542554	3753.4	0.056369454	0.77
AC008474.1	0.0520535	0.057605073	0.0542698	0.06254693	0.057039466	3753.8	0.056702953	0.7702
LINC02646	0.052940276	0.058009773	0.056858763	0.05994753	0.05561022	3754.8	0.05667331	0.7704
NDUFAF2	0.0462763	0.06372527	0.058716618	0.058079228	0.055407286	3755.2	0.05644094	0.7706
LOXL1	0.04587683	0.05903457	0.060506683	0.057123274	0.05986108	3755.4	0.05648049	0.7708
SLC9C2	0.056910623	0.066101156	0.04988146	0.052647322	0.05553049	3755.8	0.056214213	0.771
AL592429.2	0.047171112	0.051692173	0.05545181	0.073161066	0.05518839	3757.4	0.056532912	0.7712
DCT	0.05453278	0.06492151	0.058555722	0.05492575	0.047420397	3758.2	0.056071233	0.7714
DENND2C	0.050275337	0.06374953	0.055475175	0.055247404	0.057512306	3759.4	0.056451954	0.7716
SEMA6A-AS1	0.047790755	0.05070142	0.06652785	0.054875202	0.06172108	3759.8	0.05632326	0.7718
FBLN7	0.052275904	0.057496212	0.057465483	0.055565596	0.06006327	3763.6	0.05657329	0.772
AC004943.2	0.05870077	0.058720782	0.050702516	0.056357633	0.057761345	3764.4	0.05644861	0.7722
ROBO1	0.05712222	0.057034492	0.055566613	0.057729546	0.055797923	3766.2	0.056650154	0.7724
MFSD2A	0.049670253	0.06300654	0.059797592	0.05808663	0.051378544	3766.4	0.056387912	0.7726
FXYD6	0.052451223	0.06357652	0.05010668	0.06311888	0.052035853	3767.2	0.056257833	0.7729
ANO1	0.059722852	0.061882485	0.05538814	0.053630177	0.050570976	3767.2	0.056238927	0.7729
SLFN13	0.058064777	0.057020295	0.05524088	0.05911889	0.053265974	3767.6	0.056542158	0.7732
C9orf92	0.051306885	0.061527297	0.05571325	0.06267141	0.05049608	3768.0	0.05634298	0.7734
AC005871.2	0.052400663	0.062190067	0.05405933	0.061429866	0.0519565	3768.4	0.056407284	0.7736
FUT8	0.05913735	0.057528313	0.05294016	0.05655727	0.056594305	3768.6	0.05655148	0.7738
ARSI	0.044562053	0.06549248	0.04879865	0.05885222	0.06198881	3769.0	0.055938847	0.774
NTRK2	0.051462125	0.060201086	0.054279085	0.061423246	0.055322897	3769.2	0.056537688	0.7742
GPR155	0.049820185	0.059602875	0.058513425	0.05981701	0.05485038	3771.4	0.05652077	0.7744
SYT1	0.049233418	0.06427588	0.048852663	0.060026426	0.05853544	3771.8	0.05618477	0.7746
ZNF19	0.048210207	0.057437494	0.05335578	0.061674483	0.061785497	3772.8	0.056492694	0.7748
LINC01503	0.04340777	0.05755334	0.06660501	0.05605684	0.057244852	3773.2	0.056173563	0.775
NEURL3	0.060055166	0.060481764	0.0565331	0.04896814	0.05386668	3773.4	0.05598097	0.7752
LRFN2	0.05834893	0.054176576	0.05391267	0.05815814	0.057803012	3775.2	0.056479864	0.7755
WEE1	0.0479777	0.06263659	0.05134379	0.06151074	0.05798654	3775.2	0.056291074	0.7755
LPCAT2	0.05263482	0.060477782	0.049848672	0.06308942	0.05582755	3775.4	0.056375653	0.7758
TOB1	0.05960379	0.058386378	0.051931288	0.0595566	0.052580427	3776.8	0.056411695	0.776
ST5	0.04692061	0.05467238	0.06655363	0.053724356	0.05964091	3777.2	0.056302376	0.7762
AL357075.4	0.049707375	0.05586674	0.059135217	0.059505183	0.05827064	3777.4	0.05649703	0.7764
PIP5K1B	0.045768544	0.05178182	0.055900082	0.06100623	0.066540375	3778.4	0.05619941	0.7766
AC007317.1	0.047141887	0.06341024	0.063569136	0.05354221	0.05293773	3780.2	0.05612024	0.7768
AK5	0.04931461	0.06226875	0.0638371	0.055387124	0.049800295	3780.6	0.056121577	0.777
CERS3-AS1	0.05877502	0.05454522	0.05480084	0.06056034	0.053421512	3782.6	0.056420587	0.7772
AC093772.1	0.049095724	0.062130217	0.05287975	0.05587599	0.061373953	3785.2	0.056271125	0.7774
AC022182.1	0.05383185	0.05840121	0.05488919	0.055288542	0.05953908	3786.2	0.056389976	0.7776
LINC01836	0.051018517	0.05789822	0.051052775	0.057992797	0.0639676	3787.4	0.056385983	0.7778
MUC19	0.058024097	0.05743964	0.05397156	0.05985215	0.052530643	3787.6	0.05636362	0.778
AC026979.2	0.051460896	0.065368034	0.055453867	0.055190053	0.05306042	3788.4	0.056106657	0.7782
AL589843.1	0.049045425	0.062340178	0.0655383	0.049526244	0.052602705	3790.4	0.05581057	0.7784
LINC01235	0.050882358	0.060800433	0.052716598	0.05833527	0.05893347	3791.6	0.056333624	0.7786
AC022274.1	0.055209655	0.061354823	0.05543808	0.054537337	0.054815806	3793.4	0.056271143	0.7788
HIST2H2BF	0.051684637	0.05451582	0.053976677	0.061530624	0.06010227	3793.6	0.05636201	0.779
AC004870.2	0.049912915	0.054370243	0.057999678	0.060374018	0.05897029	3794.4	0.05632543	0.7792
LINC02519	0.048900023	0.057637926	0.06115566	0.06078167	0.052950963	3795.0	0.05628525	0.7794
AC077690.1	0.055847913	0.05557569	0.053646527	0.058052443	0.0589202	3796.6	0.056408554	0.7796
NCMAP	0.05959442	0.06714963	0.051064495	0.051886726	0.047584873	3796.8	0.055456024	0.7798
LINC02109	0.04890938	0.06697214	0.053836863	0.055575684	0.05492518	3797.0	0.056043852	0.78
MAK	0.055093594	0.052735638	0.05426598	0.06293036	0.056390803	3797.4	0.056283273	0.7802
BRCA2	0.05372989	0.0628983	0.05356385	0.06049245	0.049556	3797.6	0.056048095	0.7804
SHISA9	0.05238463	0.05745181	0.047618255	0.06649858	0.05660906	3799.2	0.05611247	0.7806
AC093459.1	0.052757803	0.060375627	0.05595804	0.05512828	0.05702704	3799.6	0.056249358	0.7808
LINC00390	0.047457542	0.048279688	0.059893485	0.05649574	0.06653747	3800.8	0.055732787	0.7811
ZNF532	0.057343923	0.061803862	0.049727704	0.05792858	0.053655732	3800.8	0.056091957	0.7811
HHIP	0.05465428	0.060340736	0.052301586	0.058774047	0.055337988	3801.2	0.056281727	0.7814
CCDC81	0.046236753	0.058252472	0.062096108	0.060839478	0.053055905	3801.6	0.056096144	0.7816
CCDC59	0.0559054	0.058735926	0.052709322	0.060319733	0.05359915	3801.8	0.05625391	0.7818
LINC02208	0.050096586	0.058319934	0.05455638	0.05715662	0.06119965	3803.4	0.05626583	0.782
CATIP	0.050181232	0.06366592	0.056092236	0.05866109	0.051630978	3803.8	0.05604629	0.7822
ASAP2	0.053693842	0.054728754	0.05449357	0.061644413	0.056986656	3804.4	0.056309443	0.7824
TEX55	0.043220174	0.050257917	0.06167596	0.058984514	0.06399849	3804.6	0.055627413	0.7826
DUSP5	0.051441357	0.060276493	0.05895441	0.05363965	0.0564205	3805.6	0.056146484	0.7828
AC093895.1	0.045305464	0.065761015	0.053463172	0.064255156	0.04941531	3806.0	0.055640023	0.783
LINC01019	0.048310503	0.054585777	0.05524288	0.06065925	0.062297825	3806.6	0.05621925	0.7832
SLC12A7	0.051755983	0.05999469	0.053680394	0.057721287	0.058085352	3808.6	0.056247544	0.7835
VSNL1	0.04797673	0.062178608	0.06082812	0.05452108	0.054615628	3808.6	0.056024034	0.7835
AC118658.1	0.04660131	0.060223293	0.056271583	0.057210274	0.06018247	3809.0	0.056097787	0.7838
C1orf87	0.050546687	0.05791261	0.06014036	0.053777233	0.058014784	3809.6	0.056078333	0.784
HSF2BP	0.042905916	0.06954231	0.052764922	0.05747031	0.054825425	3810.0	0.055501778	0.7842
PAPSS2	0.054239307	0.058996722	0.05717932	0.056703575	0.05355388	3812.2	0.05613456	0.7844
CENPK	0.05015764	0.059874754	0.061633963	0.055481624	0.053417258	3813.6	0.056113046	0.7846
AL136114.1	0.05252974	0.06187437	0.054094195	0.060296778	0.05134012	3815.2	0.056027044	0.7849
AL133415.1	0.044514343	0.069557905	0.04562691	0.063462116	0.05240767	3815.2	0.055113792	0.7849
P3H2-AS1	0.054473557	0.05748339	0.053050943	0.05808144	0.05802784	3817.0	0.056223433	0.7852
LINC00327	0.0549733	0.063793264	0.046905022	0.053716004	0.058785185	3817.2	0.05563456	0.7854
ADAM7	0.0544903	0.06705465	0.04678544	0.05540814	0.054042745	3818.0	0.055556256	0.7856
LINC01102	0.044860978	0.057077456	0.05801063	0.058560163	0.061227318	3818.2	0.05594731	0.7858
AP000943.2	0.04531081	0.059132684	0.059086677	0.0585996	0.05755575	3818.6	0.0559371	0.786
LINC00944	0.060553767	0.05184612	0.052455265	0.062320374	0.052378766	3820.0	0.055910863	0.7864
MATN3	0.055220816	0.061401058	0.054546542	0.05952582	0.048449833	3820.0	0.055828817	0.7864
CENPN	0.05476733	0.057223804	0.0535259	0.06007151	0.055436578	3820.0	0.056205023	0.7864
AC099489.1	0.06380321	0.053213723	0.050075125	0.05996187	0.05328999	3820.4	0.056068785	0.7868
FOCAD	0.05133711	0.06650322	0.05872522	0.052972417	0.04764014	3820.8	0.05543562	0.787
SLC5A8	0.053066302	0.060797498	0.049723703	0.058261577	0.058283858	3821.4	0.056026585	0.7872
SPON1	0.052345794	0.060756087	0.046593856	0.061816562	0.057304204	3822.0	0.055763304	0.7874
TRIM9	0.0561294	0.058180757	0.053135972	0.054209355	0.058702774	3822.6	0.05607165	0.7876
ZNF536	0.05034105	0.05858625	0.054643083	0.0630946	0.053584374	3823.0	0.056049872	0.7878
F8	0.049503278	0.05705025	0.052590024	0.06995875	0.050801456	3823.2	0.055980753	0.788
AC073529.1	0.04702946	0.06077952	0.061331388	0.056761943	0.05379939	3827.2	0.05594034	0.7882
C13orf42	0.04621096	0.05140156	0.06749228	0.05444727	0.059058107	3829.2	0.055722035	0.7884
ZSCAN31	0.053163823	0.058451507	0.05710537	0.058301974	0.0530583	3830.2	0.056016196	0.7886
MROH8	0.051441178	0.06153848	0.050316278	0.059341073	0.056896385	3830.8	0.055906676	0.7889
SCML2	0.046515457	0.06101953	0.05796364	0.056138296	0.057686944	3830.8	0.055864774	0.7889
RPL8	0.04738925	0.056679666	0.06356049	0.059039198	0.0532527	3832.0	0.055984266	0.7892
LINC02062	0.053514883	0.057961155	0.05284509	0.058087535	0.0578325	3832.8	0.056048233	0.7894
CXCL12	0.053289566	0.060566373	0.05719514	0.05821265	0.04988142	3833.2	0.05582903	0.7896
STK32A	0.046767153	0.063186124	0.05509544	0.05524173	0.058695015	3833.4	0.055797093	0.7898
TRIQK	0.050857347	0.06515958	0.054616053	0.057327986	0.050715458	3834.8	0.055735283	0.79
EFEMP1	0.053396743	0.060989074	0.05280272	0.056300122	0.056311566	3836.2	0.05596004	0.7902
CCDC192	0.05200124	0.051324002	0.05127925	0.059470974	0.06494162	3836.8	0.05580342	0.7904
PRDM6	0.055638377	0.056572977	0.05516922	0.064895675	0.044045076	3840.0	0.055264264	0.7906
AGTR1	0.05105777	0.06398749	0.053676978	0.059982534	0.04949459	3840.4	0.055639874	0.7908
GXYLT2	0.054080255	0.05922485	0.05528272	0.057354238	0.053780396	3841.6	0.055944495	0.791
INHBA	0.049622264	0.05402514	0.05407131	0.06312871	0.05872052	3842.0	0.05591359	0.7912
AL353660.1	0.055220984	0.058578856	0.054886717	0.058182865	0.052684885	3843.4	0.055910863	0.7914
IL15RA	0.047630165	0.05675501	0.06314719	0.051120285	0.05962618	3843.8	0.055655766	0.7916
ADAMTS18	0.04969964	0.061342966	0.055162083	0.056659885	0.056672327	3844.2	0.05590738	0.7919
RNF217-AS1	0.050758664	0.05289664	0.05197444	0.05837311	0.06538524	3844.2	0.05587762	0.7919
EMP1	0.047963094	0.05564278	0.047670227	0.0639356	0.063221335	3844.8	0.055686604	0.7923
TMEM47	0.054836117	0.057448056	0.05927905	0.052040596	0.055139422	3844.8	0.05574865	0.7923
LINC02789	0.04896232	0.059877943	0.059451092	0.044336658	0.061333198	3846.0	0.054792244	0.7926
LRP4	0.05879469	0.059025217	0.049945526	0.05874776	0.052003514	3848.6	0.055703342	0.7928
ZC2HC1B	0.043911636	0.0712465	0.05043052	0.05328115	0.056998204	3849.6	0.0551736	0.7931
CRB1	0.049938947	0.06351591	0.053488113	0.055245414	0.056443628	3849.6	0.0557264	0.7931
MELK	0.051963422	0.05707531	0.056820057	0.061439633	0.05182397	3851.2	0.055824477	0.7934
ABCA6	0.057316832	0.0586274	0.052555226	0.057953835	0.05256708	3852.2	0.055804074	0.7936
SOGA1	0.049237996	0.061755743	0.054577556	0.059427448	0.053609483	3853.4	0.055721648	0.7938
AC131011.1	0.051731635	0.0646146	0.05158165	0.053285155	0.05653842	3853.6	0.055550296	0.794
SLC35F4	0.052335188	0.056217294	0.06000022	0.05644694	0.054125655	3855.2	0.055825062	0.7942
TRIM36	0.05322227	0.0634262	0.052449208	0.05411677	0.05496459	3855.8	0.05563581	0.7944
UBE3D	0.049654126	0.057229288	0.06337114	0.05207945	0.05607185	3857.8	0.055681176	0.7946
AP002989.1	0.05057897	0.062441874	0.05592132	0.057594106	0.05164937	3858.4	0.05563713	0.7948
AP001341.1	0.05896899	0.048312098	0.052636255	0.05913243	0.057206124	3859.0	0.05525118	0.7952
CYP11A1	0.050102443	0.056772705	0.04687478	0.06599093	0.057839595	3859.0	0.055516094	0.7952
AP000695.2	0.056831118	0.05501502	0.052091695	0.05835918	0.056998946	3859.0	0.05585919	0.7952
ACVR1C	0.05439968	0.05753164	0.05360664	0.058518726	0.055334162	3859.8	0.05587817	0.7956
AL121749.2	0.05333856	0.064673975	0.056647774	0.052140895	0.049534872	3860.0	0.055267215	0.7958
BNIPL	0.051762596	0.054187007	0.05500195	0.059892416	0.05813493	3860.2	0.055795778	0.7962
AC114763.1	0.05066943	0.057529725	0.057057228	0.06109865	0.052330893	3860.2	0.055737186	0.7962
AC015983.2	0.048891272	0.062747546	0.055608984	0.053239547	0.05731091	3860.2	0.055559654	0.7962
AHR	0.048906997	0.0567722	0.0555748	0.063585885	0.053978547	3861.0	0.055763684	0.7966
AL592402.1	0.059593603	0.06169918	0.050856788	0.05606239	0.048715595	3861.4	0.05538551	0.7968
Z83844.2	0.050048124	0.05354384	0.059176415	0.061032977	0.05473969	3862.6	0.05570821	0.797
LINC00884	0.055458143	0.055023633	0.05399445	0.054978427	0.059346195	3863.2	0.055760168	0.7972
CDKL3	0.048185457	0.061536998	0.057728115	0.053569064	0.056777492	3865.8	0.05555942	0.7974
SIX3	0.049152255	0.05805512	0.051981535	0.058723185	0.060775843	3866.0	0.055737585	0.7976
RHBDL3	0.05637984	0.060151372	0.04457045	0.064882874	0.048979398	3866.6	0.054992784	0.7979
HS3ST4	0.057678342	0.06342657	0.048983015	0.05740555	0.048334412	3866.6	0.055165578	0.7979
AC015923.1	0.052214857	0.048594046	0.057878956	0.05293349	0.06420662	3867.0	0.055165596	0.7983
CYP2C18	0.057064135	0.049023475	0.0559184	0.06421395	0.049425855	3867.0	0.05512916	0.7983
IKBIP	0.049840428	0.06138968	0.05783356	0.053424224	0.0554347	3867.2	0.055584513	0.7986
MIR217HG	0.06479513	0.05476853	0.049948346	0.054039557	0.054939445	3867.4	0.055698197	0.7988
MAP2K3	0.05577415	0.05364612	0.0540581	0.05541802	0.059561264	3867.8	0.05569153	0.7991
PTCHD1	0.0424446	0.06321245	0.052111227	0.0590157	0.058946826	3867.8	0.055146158	0.7991
MACROD2	0.060382657	0.058255564	0.047578633	0.056311507	0.054787125	3869.0	0.055463094	0.7994
AP002755.1	0.060581908	0.062827244	0.049302097	0.054635372	0.04846455	3871.4	0.05516224	0.7996
AC048352.1	0.0583279	0.061501164	0.0500887	0.056137353	0.05113554	3871.6	0.05543813	0.7998
PTP4A1	0.059129518	0.05442077	0.056182753	0.05434177	0.053801168	3872.2	0.0555752	0.8
AC035140.1	0.047907773	0.06300505	0.05139665	0.059031837	0.05630731	3873.4	0.055529725	0.8002
TTTY4	0.051337022	0.061333794	0.048676632	0.064624324	0.051024288	3874.0	0.055399217	0.8004
CORO1C	0.06115357	0.056186434	0.05313195	0.053192627	0.054231744	3874.8	0.055579264	0.8007
AC104389.5	0.052030113	0.06492585	0.0486526	0.057213884	0.05387325	3874.8	0.05533914	0.8007
AC093765.2	0.050217126	0.053678326	0.054544732	0.061932556	0.05776072	3875.2	0.05562669	0.801
ENC1	0.045925446	0.06037181	0.059162274	0.05839257	0.05350466	3875.8	0.05547135	0.8013
DGKB	0.049742278	0.050675076	0.061139155	0.06095866	0.054747295	3875.8	0.05545249	0.8013
ST3GAL6	0.043939292	0.057956204	0.05203456	0.06850263	0.054248784	3876.6	0.05533629	0.8016
AC092944.1	0.053850364	0.054132592	0.055456292	0.05283956	0.061389998	3876.8	0.05553376	0.8018
GCNT4	0.052857026	0.060141664	0.052426506	0.06359731	0.046877034	3877.4	0.055179905	0.802
HSPB1	0.049369555	0.056459904	0.048463847	0.07031446	0.05277317	3879.6	0.05547619	0.8023
PLS1	0.05098684	0.06108606	0.05249868	0.06250515	0.049841836	3879.6	0.05538372	0.8023
AC112206.2	0.05796742	0.05622626	0.05098772	0.057111036	0.055690784	3880.6	0.055596642	0.8026
AL050403.2	0.044827536	0.06687531	0.043776125	0.055867236	0.061019965	3882.6	0.054473232	0.8028
GLUL	0.051578097	0.06006872	0.052304592	0.05631622	0.057541404	3883.4	0.055561803	0.803
FABP3	0.060855873	0.053445462	0.047659017	0.06096626	0.05338175	3885.4	0.05526167	0.8032
ST8SIA1	0.04998206	0.059845578	0.051148582	0.05894438	0.057673633	3886.4	0.055518847	0.8035
AP001605.1	0.0439246	0.06092193	0.05917022	0.060916167	0.05060329	3886.4	0.055107243	0.8035
AC092844.1	0.052296028	0.05974459	0.053982735	0.058483575	0.053189136	3891.2	0.05553921	0.8038
EPHA3	0.05136921	0.052760094	0.06458563	0.060597096	0.04395584	3895.8	0.054653574	0.804
AC061992.2	0.053842723	0.058986645	0.055988707	0.049603626	0.057170868	3897.4	0.055118512	0.8042
AC093307.1	0.052231357	0.06190258	0.050621416	0.057041235	0.055028647	3898.2	0.05536505	0.8044
SERPINE2	0.05617083	0.05047556	0.051490393	0.053486425	0.064042106	3899.2	0.055133063	0.8046
MLPH	0.044329282	0.06187348	0.05977911	0.05531771	0.053868607	3899.6	0.055033635	0.8048
C6orf132	0.048320733	0.05845114	0.051015265	0.06293681	0.055985477	3903.0	0.05534189	0.805
MAP1B	0.049160596	0.061490163	0.049806286	0.063688226	0.051759403	3903.6	0.05518093	0.8052
LINC02450	0.043076348	0.05989336	0.05487777	0.05616307	0.061192	3903.8	0.05504051	0.8054
AC013451.1	0.04515329	0.048070632	0.057749394	0.05224367	0.07005429	3906.0	0.05465425	0.8057
AC068279.2	0.049688306	0.056122553	0.04683262	0.06424673	0.058780495	3906.0	0.05513414	0.8057
AL442067.3	0.05582172	0.056090683	0.056788847	0.056365427	0.051815808	3907.0	0.055376492	0.8061
AL354771.1	0.050131295	0.054081887	0.0576492	0.052704863	0.061655622	3907.0	0.055244572	0.8061
METTL24	0.049715713	0.05005933	0.053745106	0.06720161	0.05491009	3907.8	0.05512637	0.8064
AL356277.3	0.045841515	0.053473502	0.05808326	0.059547514	0.059083465	3908.0	0.05520585	0.8066
DLEU7	0.058966096	0.053939153	0.046564016	0.05851545	0.057247963	3908.2	0.055046536	0.8069
AL158071.1	0.055024583	0.056640957	0.05545604	0.05850424	0.05133384	3908.2	0.05539193	0.8069
AC008840.1	0.051275793	0.058195528	0.05720632	0.05545842	0.054616023	3908.4	0.055350415	0.8072
AC007001.1	0.047870766	0.05039354	0.056892943	0.06275886	0.05746144	3909.4	0.055075515	0.8074
MKRN3	0.05392056	0.055537034	0.05192622	0.064294234	0.050622802	3910.8	0.05526017	0.8076
CNTD2	0.051770154	0.056550555	0.058195725	0.06089044	0.04817065	3911.8	0.055115502	0.8078
ZC4H2	0.055170853	0.055421285	0.059109833	0.052659146	0.053762924	3912.4	0.055224806	0.808
AL583785.1	0.051848687	0.054037448	0.051074702	0.057965543	0.061594058	3913.4	0.055304088	0.8082
MEIKIN	0.05564529	0.046831153	0.052781478	0.06929013	0.046182577	3914.2	0.05414613	0.8084
BICRAL	0.052234534	0.056897905	0.057822578	0.056000542	0.053815547	3914.4	0.055354226	0.8086
TNFRSF10C	0.05705768	0.058090463	0.049808484	0.053512834	0.057338927	3915.2	0.055161677	0.8088
CACNG4	0.04429776	0.060760316	0.047823887	0.06432046	0.057026856	3915.6	0.05484586	0.809
AL445231.1	0.05118324	0.054792717	0.055406235	0.06264609	0.05231044	3917.2	0.055267744	0.8092
LINC02741	0.0505411	0.05621161	0.05921239	0.054891113	0.055689804	3917.4	0.0553092	0.8094
AC233976.1	0.052448254	0.060933016	0.056158815	0.054358743	0.051869445	3918.4	0.055153657	0.8098
ATRNL1	0.04976137	0.059996106	0.04962404	0.055871878	0.06083118	3918.4	0.055216916	0.8098
IGLC2	0.050046645	0.054327343	0.05495687	0.06475495	0.052296087	3918.4	0.055276383	0.8098
ARMCX5-GPRASP2	0.05093598	0.06210862	0.052450098	0.05561073	0.054663297	3922.4	0.055153746	0.8102
COPG2	0.0462288	0.059535976	0.0530348	0.057781532	0.059116628	3923.2	0.05513955	0.8104
NANOS3	0.049382105	0.060995437	0.055820204	0.06066805	0.047469437	3923.6	0.054867048	0.8106
CNIH3	0.048868086	0.06496357	0.056082625	0.05342435	0.051010866	3925.0	0.0548699	0.8108
LINC02320	0.039314944	0.06658088	0.053535275	0.059403937	0.051611032	3925.6	0.05408921	0.811
PODN	0.051022865	0.053783264	0.062497508	0.051847063	0.056071606	3925.8	0.05504446	0.8112
FZD4-DT	0.0494875	0.052720547	0.050714422	0.06746805	0.055131357	3926.6	0.055104375	0.8114
SEMA5B	0.05319469	0.058568235	0.050119624	0.05573756	0.0580097	3927.0	0.055125963	0.8116
TLE1	0.054257568	0.057121962	0.049939953	0.06480992	0.04855599	3929.6	0.054937083	0.8118
SEPTIN3	0.04685291	0.05761441	0.05909893	0.050002545	0.06064097	3929.8	0.054841954	0.812
TMEFF1	0.05604315	0.05663429	0.05043994	0.060180876	0.052555576	3931.0	0.055170763	0.8122
AC106738.1	0.064783506	0.052283555	0.05611867	0.054657783	0.04426962	3932.2	0.054422628	0.8124
MAP3K7CL	0.056879383	0.0503985	0.04764099	0.06065806	0.05819298	3932.6	0.05475398	0.8126
CATSPERB	0.058378946	0.06024112	0.052119624	0.048862092	0.053576518	3934.4	0.054635663	0.8128
AC020912.1	0.04737253	0.060252387	0.049634475	0.059010867	0.058799148	3934.8	0.055013884	0.813
LINC02613	0.04927117	0.06458129	0.04910657	0.053693473	0.0572866	3935.0	0.054787822	0.8132
AC104461.1	0.055183828	0.057478126	0.052419152	0.050836097	0.058599323	3936.0	0.054903306	0.8134
KLHL14	0.054147735	0.063396096	0.049836013	0.051452585	0.054865133	3936.4	0.054739513	0.8136
NREP-AS1	0.050142597	0.054646384	0.049675208	0.058544513	0.06243146	3938.0	0.055088032	0.8138
C1orf195	0.058752146	0.051678304	0.05352984	0.05783271	0.053127874	3939.6	0.054984175	0.814
AL136018.1	0.054527372	0.053306904	0.060875844	0.05714254	0.04838897	3939.8	0.054848325	0.8142
STARD7-AS1	0.044373546	0.059901886	0.062311646	0.051852006	0.054758556	3941.2	0.05463953	0.8144
NFE4	0.049729828	0.058891747	0.049533714	0.05081114	0.064646356	3942.6	0.05472256	0.8146
SLC9B1	0.06032227	0.0578326	0.04947266	0.05709861	0.04945804	3942.8	0.054836832	0.8148
RNF43	0.043236397	0.0522151	0.06317192	0.054502003	0.059909027	3943.4	0.054606892	0.815
JPH3	0.04810892	0.057179566	0.065620795	0.049235426	0.05299025	3946.3	0.054626994	0.8152
MORC4	0.05037527	0.05597936	0.051531415	0.061513837	0.05615424	3946.4	0.055110823	0.8154
AC107029.2	0.04459967	0.057176482	0.04909682	0.06355982	0.058892507	3952.4	0.054665066	0.8156
ANKRD6	0.049145292	0.05782991	0.052645113	0.06027993	0.05523856	3953.2	0.05502776	0.8158
MLLT3	0.049121223	0.056708217	0.05879537	0.054958653	0.05548845	3954.4	0.055014383	0.8161
CSF1	0.0570108	0.05849065	0.046341445	0.054790873	0.056620434	3954.4	0.054650843	0.8161
MOB3B	0.05241564	0.05694789	0.053251352	0.055015642	0.057495594	3954.6	0.05502522	0.8164
CENPU	0.05424528	0.04725208	0.05891014	0.058459308	0.05307098	3955.6	0.05438756	0.8166
AL033523.1	0.044500556	0.06215092	0.05403149	0.06107534	0.051067367	3956.4	0.05456514	0.8168
ZRANB2-AS2	0.04832698	0.069385804	0.05084192	0.05410936	0.04904491	3957.4	0.054341793	0.817
ELAVL2	0.0490173	0.060285166	0.056549348	0.05719368	0.051301137	3958.8	0.054869324	0.8172
EZH2	0.048154913	0.055548757	0.054851543	0.061634377	0.05468707	3959.0	0.05497533	0.8174
MAMDC2-AS1	0.05002047	0.0637366	0.05257714	0.054522015	0.052791715	3959.4	0.05472959	0.8176
LINC02245	0.048905384	0.0602946	0.054835077	0.053222742	0.05705497	3959.6	0.05486256	0.8178
WAKMAR2	0.04918321	0.061177637	0.05728297	0.054495055	0.051673096	3960.6	0.054762393	0.818
RGMA	0.04848316	0.05832643	0.0577733	0.05399148	0.05580825	3961.0	0.054876525	0.8182
AC002066.1	0.051681172	0.0529529	0.056151863	0.057417456	0.056442104	3961.6	0.0549291	0.8184
LYPLAL1-DT	0.049059093	0.053018205	0.058546428	0.062202767	0.051074818	3962.6	0.054780263	0.8186
CCDC39	0.046103757	0.06258719	0.050073676	0.056025043	0.058200873	3963.4	0.05459811	0.8189
RHOXF1-AS1	0.055665776	0.059347518	0.053345997	0.054691005	0.05125459	3963.4	0.05486098	0.8189
TMEM233	0.043832242	0.056120936	0.0549879	0.06497049	0.053453535	3964.2	0.054673024	0.8192
GRIK4	0.048313715	0.05463449	0.054971367	0.057759423	0.059014797	3964.4	0.054938756	0.8194
SLCO6A1	0.04143052	0.06498376	0.05993669	0.053118296	0.050017793	3966.0	0.053897418	0.8196
TNFAIP6	0.046014406	0.06208503	0.052356955	0.06311899	0.04826962	3966.2	0.054369003	0.8198
MAMDC2	0.04211112	0.059903048	0.051238634	0.06051795	0.05810204	3967.0	0.054374564	0.82
SOGA3	0.05014449	0.058501754	0.05429933	0.051393654	0.05897629	3967.4	0.054663103	0.8202
RMDN2-AS1	0.048060246	0.050431017	0.058075786	0.060659215	0.056082994	3968.6	0.05466185	0.8204
MIR2052HG	0.048199322	0.058848448	0.054712832	0.05117045	0.06006333	3968.8	0.054598875	0.8206
OLFM2	0.05432981	0.04548423	0.053046323	0.05937814	0.05790604	3969.6	0.05402891	0.8208
BCHE	0.05759244	0.050980914	0.054035958	0.049558774	0.059382077	3969.8	0.05431003	0.821
ARNT2	0.05089425	0.053580936	0.056912445	0.05985178	0.052819636	3970.4	0.054811805	0.8212
JAK3	0.048956662	0.056798115	0.05143075	0.06510546	0.051592268	3971.6	0.05477665	0.8214
AC023509.6	0.047535375	0.05569738	0.050305672	0.06057691	0.059982613	3971.8	0.054819595	0.8216
PCDH17	0.051511433	0.058817863	0.058434285	0.0501682	0.053546026	3973.0	0.054495562	0.8218
SEZ6L	0.059020605	0.060698673	0.05026645	0.048937656	0.052263834	3973.6	0.054237444	0.8221
AC008170.1	0.05785666	0.055240717	0.050969787	0.05445738	0.055289276	3973.6	0.054762762	0.8221
AC006460.2	0.050065808	0.056994144	0.05430583	0.05622323	0.056789525	3976.2	0.05487571	0.8225
AC011511.2	0.04882481	0.057568334	0.055520494	0.05963526	0.05256212	3976.2	0.0548222	0.8225
AL133353.1	0.052102707	0.049913563	0.05125968	0.06611365	0.052655026	3979.8	0.054408927	0.8228
AC243571.2	0.053860076	0.061246973	0.054243434	0.054145854	0.0491672	3980.0	0.054532707	0.823
IL15	0.053031374	0.055403598	0.05106111	0.057706866	0.057028916	3981.0	0.05484637	0.8232
TYR	0.059222102	0.057808686	0.049776495	0.05712371	0.04819364	3981.9	0.054424923	0.8234
AC129803.1	0.04869658	0.05525501	0.054693867	0.058896225	0.05654105	3983.0	0.054816544	0.8237
AL139815.1	0.05177643	0.05839616	0.05099057	0.061480395	0.05024701	3983.0	0.054578114	0.8237
AC025470.2	0.04480445	0.065874904	0.058957774	0.047613807	0.05076147	3983.2	0.05360248	0.824
MCF2	0.046989918	0.059456877	0.051835638	0.05874404	0.056494784	3983.6	0.05470425	0.8242
PRSS23	0.05224962	0.057110917	0.05589653	0.054615814	0.053795002	3985.8	0.054733574	0.8244
TMPRSS4	0.04549656	0.06208009	0.055652067	0.05563223	0.053321976	3986.0	0.054436587	0.8247
ELOVL5	0.04963535	0.058875952	0.05142744	0.05920099	0.05438029	3986.0	0.054704003	0.8247
TXNRD1	0.05264288	0.056908965	0.052483153	0.05770568	0.05435475	3986.4	0.05481909	0.825
MAP2	0.05113511	0.0563266	0.056251537	0.05874287	0.050939787	3989.4	0.054679178	0.8252
ZNF385D-AS2	0.050460484	0.053008053	0.05509576	0.05808977	0.057049986	3990.0	0.05474081	0.8254
GHRHR	0.04997496	0.056870937	0.054312665	0.05781917	0.05502849	3990.4	0.054801244	0.8256
AC016134.1	0.048347738	0.06502192	0.056441322	0.053893942	0.045360856	3990.6	0.053813152	0.8258
LINC00407	0.05142672	0.05430167	0.06046742	0.055351805	0.05134793	3990.8	0.05457911	0.826
PROSER2-AS1	0.053424664	0.05505582	0.048623487	0.05838221	0.057515863	3993.2	0.05460041	0.8262
LINC01564	0.05449871	0.05728335	0.047416452	0.0576204	0.05590825	3994.6	0.054545432	0.8264
LINC01031	0.046168678	0.052636232	0.060372356	0.04867468	0.062206943	3994.8	0.05401178	0.8266
AC093523.1	0.054709468	0.056209177	0.045468904	0.063352294	0.051333237	3995.0	0.054214615	0.8268
NLRP8	0.05329687	0.05944681	0.04794797	0.057693485	0.05394085	3999.2	0.054465197	0.827
AL096803.2	0.059531163	0.05462783	0.04986788	0.05494743	0.053482987	3999.4	0.054491453	0.8272
ATP13A4	0.05130171	0.061657917	0.057125114	0.053315107	0.046403524	3999.8	0.053960674	0.8274
INSIG1	0.05510995	0.050754085	0.05446291	0.05518913	0.056750923	4000.2	0.054453395	0.8276
F11-AS1	0.05567055	0.058256123	0.05010601	0.057482347	0.051054154	4000.4	0.054513834	0.8278
GNAL	0.05561223	0.053307246	0.05563839	0.05677665	0.051502977	4000.8	0.054567497	0.828
KIF26B-AS1	0.04327207	0.04892822	0.060590252	0.05229359	0.063377045	4001.2	0.05369224	0.8282
COL21A1	0.056377117	0.051619135	0.048418485	0.054847863	0.060316496	4002.6	0.054315824	0.8284
SPATA9	0.053999882	0.058175214	0.053927545	0.05083263	0.054937795	4003.0	0.054374613	0.8286
TUB	0.051693965	0.057185173	0.05305439	0.06044584	0.050060473	4006.2	0.054487966	0.8288
AC004264.1	0.047683224	0.055863317	0.054014374	0.051890556	0.06244465	4009.2	0.054379225	0.829
AL008628.1	0.05361388	0.049652353	0.056441385	0.05755793	0.053862814	4011.0	0.054225672	0.8292
LYPD6B	0.05094895	0.052639958	0.05598449	0.057945896	0.05503672	4014.6	0.0545112	0.8294
PLK2	0.05315278	0.05222862	0.060845006	0.050609548	0.05381467	4015.8	0.054130126	0.8297
AL137024.1	0.046870913	0.048429746	0.05527138	0.06157787	0.057571575	4015.8	0.053944297	0.8297
WFDC10B	0.04917012	0.06631419	0.049050685	0.051861346	0.053124145	4016.2	0.053904098	0.83
AC018638.6	0.0481861	0.059201863	0.05367306	0.05885143	0.05219671	4017.2	0.05442183	0.8302
HS3ST3B1	0.04677372	0.05164947	0.059247125	0.054311045	0.05893677	4019.4	0.054183625	0.8304
IRF8	0.059984896	0.053992927	0.05148054	0.055500768	0.050213512	4019.6	0.054234527	0.8306
FHL5	0.053708136	0.059155013	0.054665744	0.050221633	0.05301337	4019.8	0.05415278	0.8308
LINC01091	0.042508032	0.061363038	0.055856925	0.054806538	0.05510805	4022.0	0.053928513	0.831
C12orf60	0.056837115	0.052173518	0.044150688	0.058327626	0.057543267	4022.2	0.053806443	0.8312
AC004231.1	0.05933538	0.055061005	0.054977372	0.054325663	0.045534793	4022.4	0.053846844	0.8314
CHI3L2	0.04908066	0.056503117	0.054725096	0.056097355	0.056047916	4023.0	0.054490827	0.8316
AC011346.1	0.049203005	0.05560007	0.051136553	0.059049346	0.05711986	4023.6	0.05442177	0.8318
AC092802.1	0.05291232	0.062822826	0.046750944	0.0565966	0.050478496	4024.2	0.053912234	0.832
NPFFR2	0.046381567	0.06654245	0.053678468	0.049835313	0.05204917	4025.6	0.05369739	0.8322
AC010168.1	0.04754915	0.056226194	0.049350962	0.0633316	0.055087123	4025.8	0.054309003	0.8324
LY96	0.047996353	0.06075488	0.04298078	0.063516	0.052506126	4026.0	0.05355083	0.8326
FLACC1	0.04799926	0.052654605	0.05731652	0.055469103	0.05782288	4026.8	0.054252476	0.8328
AC019131.1	0.05036548	0.054168817	0.055331964	0.048180506	0.0614421	4027.8	0.053897776	0.833
AL450163.1	0.056652572	0.05300026	0.054695137	0.04787529	0.057001866	4028.8	0.053845026	0.8332
RPL18	0.050119568	0.056223955	0.05064949	0.05710534	0.057834152	4029.6	0.054386504	0.8334
SLC34A2	0.052243505	0.04709108	0.059654232	0.04906824	0.058439273	4030.0	0.053299267	0.8336
RSAD2	0.059537023	0.05411526	0.04306478	0.05833065	0.053046934	4030.2	0.05361893	0.8338
PPP1R36	0.05104384	0.053097934	0.058798388	0.052373167	0.055649858	4031.4	0.05419264	0.834
FRG1-DT	0.055284657	0.05602444	0.050965782	0.055816058	0.053607296	4031.8	0.054339647	0.8342
AC021851.2	0.05027059	0.06232881	0.05614379	0.052730333	0.047107875	4032.4	0.05371628	0.8344
ASTN2-AS1	0.046033878	0.054712337	0.05420673	0.061548226	0.054775156	4032.8	0.054255266	0.8346
LARGE1	0.05999853	0.05210484	0.05323348	0.055790678	0.049110524	4033.2	0.054047607	0.8348
SERINC5	0.051249653	0.05495632	0.063422	0.05146566	0.048244216	4033.6	0.053867567	0.8353
Z84484.1	0.052313898	0.05089059	0.050395355	0.05553898	0.061284862	4033.6	0.054084737	0.8353
HS3ST2	0.052557778	0.05760927	0.04865047	0.056311075	0.056125313	4033.6	0.054250777	0.8353
MUC12	0.056607854	0.056607377	0.050671995	0.05667805	0.05062659	4033.6	0.05423838	0.8353
AL139106.1	0.05263921	0.05089473	0.05433336	0.058879938	0.054128483	4033.8	0.054175146	0.8358
AC005865.2	0.049589407	0.061339006	0.052133553	0.053821515	0.05412045	4034.0	0.05420079	0.836
TRIM72	0.050020747	0.05417014	0.0550054	0.058187913	0.054531414	4034.2	0.05438312	0.8362
APCDD1	0.05146421	0.055104587	0.051401787	0.05617609	0.057348035	4035.0	0.054298945	0.8364
AP000317.1	0.05049813	0.06315472	0.051432375	0.05571246	0.048838843	4036.8	0.05392731	0.8366
AC016766.1	0.051109932	0.060590718	0.049550403	0.057260804	0.0524321	4038.4	0.054188788	0.8368
SYN3	0.053819627	0.060397733	0.044787627	0.05878678	0.050678857	4038.6	0.05369412	0.837
COL24A1	0.04597043	0.062245738	0.046553373	0.060034953	0.05389861	4038.8	0.05374062	0.8372
PACRG	0.055842977	0.055803455	0.049088262	0.05710276	0.05343145	4039.4	0.05425378	0.8374
AC012363.1	0.047596503	0.057256408	0.054085087	0.062374946	0.04922454	4039.6	0.0541075	0.8376
PTPN9	0.053234383	0.052303217	0.051525142	0.061070368	0.052613724	4039.8	0.054149367	0.8378
C4orf47	0.047616307	0.05646865	0.049604453	0.06277808	0.054481845	4040.6	0.05418987	0.8381
IMPG2	0.045156114	0.06235784	0.044945277	0.05816436	0.05704059	4040.6	0.05353284	0.8381
LINC02240	0.047153935	0.056624286	0.05164781	0.05906134	0.056854766	4040.8	0.054268427	0.8384
QRFPR	0.053673785	0.054310936	0.04980423	0.054204043	0.0589314	4041.0	0.054184876	0.8386
AC025180.1	0.054927368	0.06022541	0.050047446	0.055374533	0.049494486	4041.2	0.05401385	0.8388
TDO2	0.05018753	0.060021512	0.05245379	0.058092963	0.049903117	4041.6	0.054131784	0.839
CFAP47	0.04770273	0.06338918	0.047885347	0.060727604	0.048518177	4042.6	0.05364461	0.8392
CXorf21	0.051856916	0.056068454	0.047028996	0.062378507	0.052602213	4042.8	0.05398702	0.8394
FAM245A	0.05889047	0.05681814	0.053078678	0.050697338	0.049704015	4043.2	0.053837728	0.8396
GACAT2	0.046996914	0.058949687	0.054932643	0.0494166	0.058816392	4044.0	0.053822447	0.8398
MCUB	0.04333756	0.055501137	0.05372767	0.06246612	0.054748897	4044.2	0.053956278	0.84
AL589693.1	0.042892132	0.05785271	0.046715382	0.06549468	0.054763023	4045.6	0.053543586	0.8402
AC107072.2	0.04282485	0.05515428	0.053160418	0.05337035	0.06437657	4046.2	0.05377729	0.8404
LINC02853	0.04328578	0.06017767	0.0565118	0.05816772	0.050629843	4048.8	0.05375456	0.8406
MTHFD2L	0.05184201	0.05298353	0.058211856	0.056147613	0.051330514	4049.0	0.0541031	0.8408
C15orf48	0.04412364	0.05910251	0.047941796	0.053802513	0.063381344	4049.6	0.053670358	0.841
GNA14	0.047592785	0.05880202	0.05044183	0.060720522	0.052754607	4050.4	0.054062348	0.8412
AL139021.1	0.04414937	0.0483082	0.059493177	0.057014965	0.058223587	4050.6	0.05343786	0.8414
LINC00639	0.052538995	0.04979823	0.05512154	0.049223002	0.060953308	4051.4	0.053527016	0.8416
CSRP3-AS1	0.054418355	0.06005328	0.049229227	0.0486682	0.055911347	4052.8	0.05365608	0.8418
AC079385.1	0.054845333	0.05374153	0.058687788	0.05133147	0.050433297	4054.0	0.053807884	0.842
PRRX1	0.055536818	0.05419088	0.04885789	0.050486088	0.059892923	4054.6	0.053792916	0.8422
AP006261.1	0.048493747	0.055949826	0.05292402	0.05765201	0.05625317	4055.0	0.054254554	0.8425
SMOC1	0.04728739	0.060521595	0.052911542	0.059074983	0.04982468	4055.0	0.053924035	0.8425
LRRC49	0.05175784	0.049126755	0.052440703	0.06342348	0.051670637	4055.6	0.053683884	0.8428
ZNF311	0.054400336	0.056256033	0.04879834	0.04985761	0.059416976	4056.0	0.05374586	0.843
AC090150.1	0.054214917	0.05764878	0.04656645	0.060158834	0.050160225	4057.0	0.05374984	0.8432
LINC01992	0.056590375	0.050688244	0.05275832	0.05357663	0.055763137	4060.0	0.05387534	0.8435
AC132803.1	0.05586829	0.054557376	0.051890504	0.05514182	0.053015765	4060.0	0.05409475	0.8435
LINC00426	0.046166442	0.05260514	0.05583231	0.053509362	0.061135873	4061.2	0.053849827	0.8438
SOX2-OT	0.050902147	0.06487818	0.05240195	0.050513413	0.04837838	4061.6	0.05341481	0.844
CFAP100	0.05290928	0.056095578	0.055988546	0.054641087	0.05038256	4061.8	0.05400341	0.8442
EREG	0.049899336	0.047955412	0.06465293	0.053230077	0.051168397	4062.0	0.053381227	0.8444
CFAP73	0.04678343	0.058198318	0.055207405	0.057444703	0.05247794	4063.2	0.05402236	0.8446
TANK	0.05072935	0.050544783	0.055606283	0.05065759	0.060492747	4066.8	0.053606145	0.8448
GBP2	0.059403922	0.053625435	0.049421046	0.053453922	0.053102322	4067.4	0.053801328	0.845
AC009229.2	0.05041661	0.054933257	0.04488963	0.05545705	0.062099535	4068.2	0.05355922	0.8452
GPD2	0.04884228	0.05210005	0.050146002	0.055756357	0.06245176	4068.8	0.053859286	0.8454
RAD54L	0.042960074	0.05672586	0.056174833	0.058562197	0.05403261	4069.4	0.05369111	0.8456
LINC01237	0.051280048	0.057263765	0.051734775	0.053700276	0.056085777	4070.6	0.054012924	0.8458
RARG	0.04684435	0.057852954	0.05773019	0.05457746	0.052470215	4070.8	0.053895034	0.846
ATP2C2	0.055714045	0.05075564	0.053604577	0.055742998	0.053430155	4071.2	0.05384948	0.8462
MLIP	0.04663179	0.056154363	0.05232817	0.056337856	0.058321282	4072.2	0.0539547	0.8464
OLFM1	0.04761977	0.05047651	0.049604394	0.05980389	0.060948346	4072.6	0.053690583	0.8466
H19	0.05297948	0.06379734	0.05068693	0.05193286	0.046731226	4073.4	0.053225566	0.8468
FOXJ1	0.049325544	0.05984269	0.05095572	0.05452302	0.055020817	4073.6	0.053933553	0.847
AC095060.1	0.052072726	0.060237117	0.0487293	0.057434365	0.050129943	4075.4	0.05372069	0.8472
THBS2	0.04740865	0.052956954	0.04380346	0.063479565	0.058486335	4076.2	0.053226996	0.8474
AC004083.1	0.052371163	0.06313401	0.04227258	0.058692772	0.0464327	4078.0	0.052580643	0.8476
AC021097.1	0.044002373	0.05165392	0.06478511	0.04933028	0.056094367	4078.6	0.053173207	0.8478
NIBAN2	0.05558122	0.051116664	0.05072783	0.06076845	0.049983364	4080.0	0.053635508	0.848
AL512380.2	0.049446985	0.05853532	0.055358235	0.05293682	0.05280306	4080.6	0.053816088	0.8482
AC107021.2	0.044903953	0.059367258	0.05456418	0.053748235	0.055777792	4081.2	0.053672284	0.8484
AC019330.1	0.049526576	0.051227987	0.05440453	0.060555242	0.053290214	4082.8	0.05380091	0.8487
KLRG1	0.04556596	0.061246783	0.046711683	0.05894061	0.054783612	4082.8	0.05344973	0.8487
BRINP2	0.048901405	0.05785745	0.056071322	0.05239069	0.053502858	4083.0	0.053744745	0.849
LURAP1L-AS1	0.0509533	0.06150613	0.04968926	0.054364447	0.052060112	4083.8	0.053714644	0.8493
PPP1CB	0.045516346	0.058183067	0.05265126	0.061881386	0.049606513	4083.8	0.053567715	0.8493
UPP2	0.047084376	0.055579692	0.050861698	0.06357879	0.051765177	4084.2	0.053773947	0.8497
LINC02542	0.049037497	0.054814458	0.048008274	0.051984034	0.063912116	4084.2	0.05355128	0.8497
AL158064.1	0.05255788	0.060658745	0.04904813	0.056682114	0.0489336	4085.2	0.053576093	0.85
TOP2A	0.049663514	0.054935705	0.050765213	0.06354422	0.04947199	4086.2	0.05367613	0.8502
PPP1R42	0.044071674	0.05785032	0.054099984	0.059498984	0.05258876	4086.6	0.053621948	0.8504
CPVL	0.04818961	0.061355915	0.0481367	0.05264628	0.057170566	4088.6	0.05349981	0.8506
ANKRD31	0.046101578	0.057495408	0.05931739	0.056612376	0.04760206	4089.8	0.053425767	0.8508
G0S2	0.053550508	0.06093498	0.04678904	0.059391584	0.041892044	4090.2	0.052511632	0.851
AC024901.1	0.05114506	0.05809587	0.04912074	0.057434972	0.052967567	4091.4	0.053752847	0.8512
AC093817.2	0.049035396	0.05612863	0.05919102	0.054866444	0.049078275	4091.6	0.053659953	0.8514
AC017037.5	0.047347635	0.052709527	0.059265263	0.053293712	0.055617083	4093.4	0.053646646	0.8516
ASIC2	0.05665308	0.045698855	0.054320376	0.057113912	0.05104669	4094.8	0.052966584	0.8518
AC005410.2	0.045656614	0.059741396	0.05044685	0.052037716	0.05918831	4095.8	0.053414177	0.852
MDGA2	0.04480106	0.057808686	0.06125352	0.054378863	0.048143096	4099.5	0.053277045	0.8522
LINC01990	0.051569894	0.060377907	0.04580829	0.054882094	0.05402009	4099.8	0.053331655	0.8524
AC006581.2	0.04533317	0.06055341	0.05060099	0.058567643	0.0525493	4100.4	0.0535209	0.8526
AC008691.1	0.0549039	0.0531526	0.053539857	0.0523995	0.054012973	4101.4	0.053601764	0.8528
C2orf73	0.05351014	0.05767677	0.049557168	0.05968519	0.04554368	4101.6	0.05319459	0.853
LZTS1	0.048117425	0.056146402	0.055371925	0.050330065	0.057580844	4101.8	0.053509332	0.8533
TRMT112	0.053183686	0.04929273	0.061518807	0.047564153	0.05240073	4101.8	0.05279202	0.8533
AC078923.1	0.045545984	0.054603215	0.05273975	0.06070925	0.054422833	4105.0	0.053604208	0.8536
MICAL2	0.047542926	0.058876596	0.050999973	0.055641938	0.05501501	4108.0	0.053615283	0.8538
SNHG27	0.041457836	0.059881926	0.065143414	0.04854181	0.045273826	4108.8	0.05205976	0.854
LINC02408	0.05243193	0.04950289	0.05353187	0.055592753	0.055960577	4109.4	0.053404003	0.8542
MIR222HG	0.051471017	0.06096766	0.05006858	0.0513326	0.052817088	4109.6	0.053331386	0.8544
NAMPT	0.051366467	0.048817854	0.05257598	0.058877207	0.05483044	4111.4	0.053293586	0.8546
CFAP161	0.054869656	0.06046239	0.050705824	0.05476965	0.042232335	4112.0	0.052607972	0.8548
DNMT3B	0.044824537	0.055794366	0.04691963	0.06627211	0.05184997	4113.6	0.053132124	0.855
RPL3L	0.046049453	0.05407671	0.05523571	0.055941056	0.056562707	4114.0	0.05357313	0.8552
CNGB1	0.047086332	0.056303985	0.05065098	0.061541546	0.052234385	4114.8	0.053563446	0.8554
ELL2	0.04721813	0.05821832	0.051613733	0.05734084	0.053534552	4115.6	0.053585112	0.8556
PIK3R1	0.044475775	0.056930996	0.050113983	0.063526295	0.05135287	4116.8	0.053279985	0.8558
NPL	0.046482366	0.051725756	0.050128505	0.062425915	0.05595582	4118.8	0.053343672	0.856
CPNE4	0.048838507	0.054776985	0.059471365	0.056482386	0.045782216	4119.0	0.053070296	0.8562
AC009126.1	0.045700543	0.058638025	0.055094365	0.05641864	0.051176116	4119.4	0.053405534	0.8564
STXBP5-AS1	0.050297882	0.06390995	0.051432054	0.05314861	0.044641417	4119.6	0.052685983	0.8566
ENKUR	0.04850973	0.060332876	0.053132672	0.04982654	0.05451103	4120.6	0.053262573	0.8568
AC092353.1	0.053088397	0.05275911	0.054303735	0.05175159	0.055108897	4122.2	0.053402346	0.857
SLC22A15	0.048167642	0.05258471	0.04625623	0.057797406	0.061215505	4123.0	0.053204298	0.8573
MIPOL1	0.047901157	0.056869037	0.046465527	0.06416509	0.050297	4123.0	0.05313956	0.8573
AC011491.3	0.060292825	0.05487546	0.051002417	0.05319998	0.044124972	4124.0	0.05269913	0.8576
EFHC2	0.04764366	0.061275773	0.046771865	0.055704486	0.054427065	4128.8	0.05316457	0.8578
AC007405.1	0.04662937	0.06389381	0.044667516	0.051989984	0.056048434	4129.8	0.05264582	0.858
AC141930.1	0.049732313	0.0542593	0.05507822	0.052511953	0.055558488	4132.4	0.053428054	0.8582
AC079790.2	0.03938707	0.05898365	0.05324938	0.059795722	0.0516517	4132.6	0.052613504	0.8584
LINC01562	0.05264916	0.055252425	0.049685787	0.057866804	0.0517854	4133.6	0.05344792	0.8586
AC020687.1	0.042307965	0.058478937	0.052007288	0.05611152	0.056414932	4134.0	0.053064127	0.8588
AL596214.1	0.050183777	0.04683729	0.055262834	0.056180984	0.055707037	4137.6	0.052834384	0.859
HMGA2	0.056719083	0.057402145	0.05172723	0.04878062	0.049827725	4138.4	0.052891362	0.8592
PAUPAR	0.042192508	0.057290364	0.0561175	0.06036899	0.047608536	4138.8	0.052715577	0.8594
CRTAC1	0.04395231	0.059635177	0.047397323	0.06403444	0.04823828	4140.2	0.052651506	0.8596
ENDOU	0.047923088	0.05757877	0.04717666	0.059370622	0.05383603	4141.2	0.053177036	0.8598
AL139042.1	0.04170331	0.060867425	0.048420582	0.054748494	0.057747282	4142.4	0.05269742	0.86
AP002026.1	0.048657093	0.06142971	0.05149739	0.05552728	0.047966935	4143.0	0.05301568	0.8602
C2orf76	0.046680827	0.057868257	0.040683635	0.05355974	0.062020335	4143.2	0.052162558	0.8604
STAMBPL1	0.044350635	0.05734054	0.0458329	0.06534922	0.050438717	4144.4	0.052662402	0.8606
AC025164.1	0.0457085	0.058978066	0.05048955	0.059239518	0.05126329	4145.2	0.05313579	0.8608
LINC02067	0.058186874	0.057819497	0.04835412	0.053454485	0.04418419	4145.8	0.052399833	0.861
SLFN5	0.055915315	0.05012128	0.05729998	0.054310877	0.044183448	4147.6	0.05236618	0.8612
CRTC3-AS1	0.045957785	0.05367257	0.05010175	0.061220437	0.05484862	4148.8	0.05316023	0.8614
PLIN2	0.04961291	0.060154337	0.044429973	0.059207354	0.05001805	4150.0	0.052684523	0.8616
VCAN-AS1	0.049507637	0.054682866	0.04975233	0.05367337	0.05847511	4150.2	0.053218264	0.8618
CR1	0.04374378	0.060184844	0.05618474	0.053918686	0.050136916	4151.0	0.052833796	0.862
FFAR4	0.049861796	0.051621336	0.055637814	0.05677851	0.052183017	4151.2	0.053216495	0.8622
ADAM12	0.060009517	0.055757936	0.047980677	0.05133874	0.04859509	4152.2	0.052736394	0.8624
AC023202.1	0.044033885	0.047826122	0.04527754	0.060369257	0.063109934	4152.8	0.052123345	0.8626
C7orf57	0.051703416	0.0563642	0.05172918	0.04812009	0.05645857	4153.0	0.05287509	0.8628
HES4	0.04543399	0.047936022	0.051402897	0.060731947	0.057525057	4154.2	0.052605987	0.863
B4GALT6	0.042974193	0.060689118	0.047788	0.054418273	0.057614423	4155.0	0.0526968	0.8632
TLL2	0.05369179	0.056419373	0.048756413	0.051116455	0.055223864	4155.2	0.053041577	0.8634
TBC1D30	0.051594175	0.056363184	0.050384387	0.058215924	0.049159314	4155.6	0.0531434	0.8636
AC114964.2	0.050668966	0.056492697	0.053176574	0.057643186	0.04713244	4155.8	0.053022772	0.8638
IL1RL2	0.04211355	0.058840286	0.044613898	0.059629846	0.056436114	4157.2	0.05232674	0.864
NTF3	0.05841399	0.05122654	0.04397696	0.05619779	0.052496057	4157.8	0.05246227	0.8642
AC007923.4	0.04512399	0.055435576	0.05155278	0.058571238	0.05494461	4160.2	0.05312564	0.8644
TUSC8	0.051429834	0.057469852	0.0537389	0.051416263	0.05114853	4160.4	0.053040672	0.8646
LRIG1	0.05030491	0.0573864	0.04775575	0.05677737	0.053435586	4160.8	0.053132005	0.8649
GLRB	0.05295916	0.060730785	0.053231154	0.04923195	0.045580886	4160.8	0.052346785	0.8649
PLPPR5	0.04694778	0.041842904	0.0639214	0.04471763	0.056358077	4163.2	0.050757557	0.8652
EIF2AK3-DT	0.049972977	0.057693016	0.04874168	0.056963537	0.052267678	4163.6	0.053127777	0.8654
LINC01303	0.047358047	0.04903985	0.053980585	0.059814684	0.053947475	4165.0	0.052828126	0.8656
PAQR5	0.04914434	0.055112444	0.055661246	0.054971248	0.050710782	4165.6	0.05312001	0.8658
GDPD1	0.051391818	0.051513962	0.047531802	0.062381234	0.051247228	4165.8	0.05281321	0.866
SULT1A2	0.03639189	0.06132119	0.05509748	0.054881904	0.051147223	4167.0	0.051767934	0.8662
WDR11-AS1	0.05435675	0.053493176	0.050264478	0.059101958	0.046021853	4167.4	0.052647643	0.8664
DSCAS	0.045961276	0.055126864	0.0459075	0.060217835	0.056610726	4169.8	0.05276484	0.8666
KIT	0.048140403	0.056889486	0.048592374	0.056255713	0.05554822	4170.2	0.053085245	0.8668
VWC2	0.04107209	0.054990835	0.058540713	0.05686964	0.051340297	4170.4	0.052562714	0.8672
AL109761.1	0.053371053	0.050156347	0.055554107	0.053575996	0.051629845	4170.4	0.05285747	0.8672
DRD3	0.044055518	0.05774491	0.049188975	0.046572097	0.06306392	4170.4	0.052125085	0.8672
TRIM67	0.050816868	0.052380133	0.049346514	0.059066527	0.053571798	4171.2	0.05303637	0.8676
OR2F1	0.05602545	0.048659123	0.055023678	0.05073107	0.051918622	4172.4	0.05247159	0.8678
GPLD1	0.048531696	0.055742234	0.048063572	0.053323276	0.0589558	4172.8	0.052923314	0.868
LINC00113	0.048781157	0.06314375	0.048754543	0.052905574	0.049754955	4173.0	0.052667998	0.8682
HIST2H2AA4	0.052025534	0.06306722	0.04444137	0.04389906	0.053491585	4173.2	0.051384956	0.8684
INPP5D	0.05059273	0.054598413	0.050269365	0.055886548	0.054337304	4173.4	0.053136874	0.8686
CYBB	0.060329292	0.05229468	0.04808319	0.048675	0.052644704	4174.2	0.052405376	0.8688
RASA3	0.044008434	0.055767648	0.056007817	0.05905311	0.048605748	4175.6	0.05268855	0.8691
LOXL4	0.047987178	0.06092885	0.051001128	0.051393796	0.052621305	4175.6	0.05278645	0.8691
PRKY	0.0495154	0.058472533	0.045128938	0.056964695	0.0534453	4177.0	0.05270537	0.8694
GLRA3	0.051718254	0.053331804	0.056757484	0.048317682	0.052830793	4177.2	0.052591205	0.8696
ALAS1	0.054350406	0.051899895	0.05328008	0.054816276	0.050167855	4177.6	0.0529029	0.8698
AL109976.1	0.04757514	0.055827025	0.05095074	0.05740348	0.05381445	4178.4	0.053114165	0.87
PLSCR1	0.04566653	0.058578204	0.0508063	0.05627344	0.053170476	4179.2	0.05289899	0.8702
AC104850.2	0.052225426	0.05258423	0.051169958	0.05409403	0.05493631	4181.4	0.053001992	0.8705
TMEM144	0.053039055	0.05800253	0.049282666	0.054741144	0.048947982	4181.4	0.052802674	0.8705
CREG2	0.04770325	0.058417257	0.051236976	0.052940935	0.05433421	4182.8	0.05292653	0.8708
AC112493.1	0.048773825	0.05577071	0.050302003	0.061559398	0.04653992	4186.6	0.05258917	0.871
NIFK-AS1	0.04257555	0.061602887	0.050556634	0.055040244	0.052371975	4187.4	0.052429456	0.8712
IGFBP7-AS1	0.048502788	0.053991478	0.054586034	0.053208884	0.054538812	4188.4	0.0529656	0.8714
AL356804.1	0.051210314	0.057176787	0.043977093	0.059383456	0.049943	4190.6	0.05233813	0.8716
UTS2B	0.05413013	0.05739927	0.046464276	0.05252925	0.052518055	4191.0	0.052608192	0.8718
PLA2G4A	0.054880507	0.051561657	0.05039919	0.05141142	0.05483587	4196.0	0.05261773	0.8721
BDNF-AS	0.05626307	0.058485918	0.045554563	0.053017765	0.047400404	4196.0	0.05214434	0.8721
LINC02345	0.052894123	0.04817932	0.054451417	0.049668886	0.055742726	4197.0	0.0521873	0.8724
AC114930.1	0.051310066	0.051210426	0.047288653	0.05591372	0.05725177	4198.2	0.05259493	0.8726
ACSL3	0.04931962	0.054815352	0.052584894	0.057721358	0.04976027	4199.2	0.0528403	0.8728
AC108047.1	0.04785032	0.0535046	0.050053384	0.05900312	0.053647086	4199.9	0.0528117	0.873
PHACTR3	0.04813922	0.05986294	0.050622974	0.052609835	0.052258052	4200.6	0.0526986	0.8732
ARMC3	0.050419945	0.060895994	0.054982137	0.043456834	0.047049046	4201.2	0.051360793	0.8734
SNX32	0.055438556	0.055021904	0.04826013	0.05305752	0.051391516	4204.6	0.052633923	0.8736
AC005400.1	0.04537118	0.057223674	0.05288616	0.052543774	0.055060536	4207.2	0.052617062	0.8738
AVEN	0.04756496	0.059494305	0.05346565	0.055396527	0.04552249	4207.4	0.05228879	0.874
AC012405.1	0.051432364	0.052103642	0.052236143	0.048775688	0.05727269	4208.0	0.052364103	0.8742
AC005736.1	0.05468626	0.05270532	0.047462925	0.054800007	0.053317748	4209.0	0.052594453	0.8744
CC2D2B	0.04681395	0.05780733	0.047367536	0.05315509	0.0574718	4209.6	0.052523144	0.8746
TCAIM	0.043647464	0.051066916	0.05574418	0.058215536	0.05332909	4213.0	0.052400637	0.8749
MYBL1	0.043049753	0.063628115	0.05010651	0.05173145	0.051505663	4213.0	0.0520043	0.8749
EFR3B	0.045603808	0.055209767	0.052527394	0.057150945	0.052981462	4213.8	0.05269467	0.8752
KCNG2	0.0546164	0.053477626	0.047684163	0.05730724	0.049146157	4214.0	0.052446317	0.8754
AC004930.1	0.046343695	0.048932873	0.05116193	0.06513883	0.048541803	4214.4	0.052023828	0.8756
NEXMIF	0.049621955	0.059252758	0.051424365	0.049689382	0.05205707	4215.8	0.052409105	0.8758
AC091214.1	0.044656422	0.05335115	0.057266034	0.057817478	0.04848772	4216.7	0.05231576	0.876
PPP5D1	0.04276543	0.056416295	0.052037407	0.06215775	0.046742182	4217.4	0.05202381	0.8762
LINC02572	0.051642437	0.054267183	0.049144924	0.05501642	0.05316037	4219.4	0.05264627	0.8764
AK8	0.055280644	0.04940052	0.049504288	0.051880028	0.055014104	4219.6	0.052215915	0.8766
AL139317.5	0.047168076	0.04585647	0.05253716	0.05496089	0.058893643	4219.8	0.05188325	0.8768
MRAP2	0.048299108	0.053329278	0.05339447	0.055301808	0.053254988	4220.4	0.052715935	0.877
TSPAN12	0.047103137	0.062292255	0.051144015	0.052394472	0.04721132	4223.2	0.052029036	0.8772
AC133065.1	0.046384808	0.05320146	0.058283057	0.051059313	0.052822456	4224.6	0.052350223	0.8774
STX17-AS1	0.04967244	0.056216497	0.049712297	0.0580997	0.049179662	4225.4	0.052576117	0.8776
AL359551.1	0.0504218	0.05202209	0.054027304	0.045912694	0.057025023	4227.6	0.051881783	0.8778
EFCAB5	0.046842724	0.060364015	0.048479784	0.053703506	0.05250301	4228.2	0.052378606	0.878
AC024257.3	0.04592234	0.052413438	0.0498129	0.057026684	0.057211902	4230.0	0.05247745	0.8782
CYP1B1	0.05574714	0.05741898	0.047136523	0.049524933	0.050237782	4230.6	0.05201307	0.8784
SPANXA2-OT1	0.045172792	0.058995247	0.051943265	0.053898927	0.051671088	4232.8	0.052336264	0.8786
MGLL	0.050882712	0.05605001	0.04474754	0.054056097	0.05531466	4234.2	0.0522102	0.8788
LINC00582	0.05432928	0.053654235	0.04102826	0.045191333	0.05926578	4234.4	0.05069378	0.879
GAS2L3	0.046476495	0.060823005	0.05184377	0.055627488	0.043946162	4235.2	0.05174339	0.8792
SH3TC2-DT	0.039559536	0.053398676	0.05141541	0.058049083	0.05675154	4236.6	0.05183485	0.8795
FA2H	0.043386728	0.052647036	0.05231713	0.05864751	0.054442305	4236.6	0.052288145	0.8795
AC097634.3	0.04138352	0.06476043	0.048115518	0.054228716	0.048872158	4239.8	0.051472068	0.8798
CALCRL	0.04761748	0.05775074	0.05759858	0.051435273	0.043115996	4240.6	0.051503617	0.88
CDKN2B-AS1	0.048606846	0.053229716	0.057251982	0.044627223	0.053864863	4240.8	0.051516127	0.8802
ADRA1B	0.046682384	0.054371733	0.045820966	0.05322132	0.06015765	4244.0	0.05205081	0.8804
AL031123.4	0.052942436	0.055586204	0.050999977	0.049318418	0.052034676	4244.2	0.052176345	0.8806
POSTN	0.043849435	0.059014335	0.047516216	0.053656023	0.05593374	4247.6	0.051993947	0.8809
TSBP1	0.037167568	0.05249697	0.0547322	0.057417642	0.054959826	4247.6	0.051354844	0.8809
LRRTM3	0.047440145	0.05890418	0.05496276	0.047479622	0.050153423	4248.6	0.051788032	0.8813
PYGO1	0.048411112	0.052895315	0.052081414	0.056991182	0.05193197	4248.6	0.0524622	0.8813
ART3	0.05467468	0.054070216	0.050629754	0.053758804	0.047153	4249.4	0.05205729	0.8816
AC022325.2	0.05420248	0.05763102	0.04958178	0.052923992	0.043695547	4250.6	0.051606964	0.8818
LINC01010	0.049343612	0.05117662	0.05594983	0.05482012	0.049611725	4250.8	0.05218038	0.882
BRCA1	0.056469306	0.048055954	0.04864929	0.052594814	0.053007133	4251.6	0.051755298	0.8822
ADGRG3	0.047385283	0.056936707	0.05464844	0.051090688	0.051042065	4253.4	0.052220635	0.8824
PIWIL4	0.043823726	0.052141257	0.046906803	0.057743896	0.058822375	4255.2	0.05188761	0.8826
PATL2	0.0393385	0.06326145	0.04870488	0.052128926	0.052260008	4257.2	0.05113875	0.8828
LINC02231	0.04521219	0.057543166	0.053855225	0.050963435	0.052649982	4257.8	0.052044798	0.883
ZMIZ1-AS1	0.0547192	0.05106548	0.04732543	0.05414438	0.052844	4258.6	0.052019697	0.8832
MS4A1	0.05253778	0.0474397	0.053342707	0.04996004	0.054661844	4259.6	0.051588416	0.8834
FBXO16	0.04799733	0.054610964	0.048532646	0.059960283	0.049637895	4259.8	0.052147824	0.8836
GASK1A	0.045485158	0.05767067	0.053541977	0.050806165	0.052599393	4262.2	0.052020676	0.8838
AC009226.1	0.049460907	0.05226241	0.050588515	0.057837714	0.051310834	4264.4	0.05229207	0.884
SLC24A3	0.054352682	0.05281212	0.054358494	0.052204218	0.042879887	4265.4	0.051321484	0.8842
HDAC2-AS2	0.051970538	0.04809801	0.05085179	0.054981522	0.053196453	4266.0	0.051819663	0.8844
ERICH6	0.052696396	0.056418385	0.049377408	0.046890154	0.052965842	4266.2	0.05166964	0.8846
LINC01844	0.050557133	0.05267218	0.048383042	0.05987772	0.048169836	4269.2	0.051931985	0.8848
AC109927.1	0.048492905	0.060278527	0.046706792	0.052275535	0.051365443	4270.2	0.051823843	0.885
AL359644.1	0.047509916	0.055453666	0.054811887	0.052844223	0.050104212	4270.4	0.052144777	0.8852
PAX5	0.05500554	0.057814512	0.04543304	0.052484352	0.04566932	4271.0	0.05128135	0.8855
ATP5F1E	0.04486735	0.05607582	0.054286934	0.056780823	0.047147166	4271.0	0.051831614	0.8855
AC061958.1	0.049162317	0.05470785	0.049630437	0.057030465	0.05048047	4271.2	0.052202307	0.886
PIK3AP1	0.053315453	0.05341023	0.048941407	0.055376023	0.04902343	4271.2	0.052013308	0.886
AC004054.1	0.045709085	0.05529571	0.044867776	0.049964108	0.061344694	4271.2	0.051436268	0.886
TMEM30B	0.048078634	0.05349272	0.05241209	0.052904364	0.05395415	4271.8	0.05216839	0.8864
CCDC187	0.044807002	0.04878595	0.043375753	0.053123772	0.06462332	4272.0	0.05094316	0.8866
RGS17	0.051933385	0.05333169	0.049320184	0.052556824	0.053291224	4272.6	0.052086663	0.8868
AC009468.1	0.04476441	0.05646173	0.055673715	0.053210128	0.04942911	4273.0	0.05190782	0.887
GPM6B	0.046688106	0.05691803	0.052849617	0.051901247	0.05204764	4273.2	0.05208093	0.8872
AC090403.1	0.034787726	0.06303527	0.052360743	0.049653385	0.050832402	4275.8	0.050133903	0.8874
AL162388.2	0.06214675	0.054794747	0.048082255	0.041535113	0.03640811	4276.0	0.048593394	0.8877
MOV10L1	0.05112224	0.0496526	0.045339867	0.057322018	0.054682348	4276.0	0.051623814	0.8877
SYT16	0.056231987	0.05163251	0.04760678	0.053109296	0.05044772	4276.2	0.051805664	0.8881
DKK3	0.05257257	0.04718935	0.05191144	0.057060394	0.04889919	4276.2	0.051526587	0.8881
SLC6A20	0.04501144	0.053479806	0.04897871	0.05445833	0.057674635	4277.6	0.051920585	0.8884
CFAP52	0.043334357	0.05742199	0.052192707	0.050779272	0.055016734	4279.4	0.05174901	0.8887
LINC00240	0.048709955	0.05434543	0.044400148	0.05315978	0.05770515	4279.4	0.05166409	0.8887
PACRG-AS3	0.037276343	0.056131322	0.04981933	0.055088628	0.05706094	4280.0	0.05107531	0.889
TTLL10	0.039717857	0.051833518	0.050700136	0.049169127	0.06330046	4280.2	0.05094422	0.8892
AC013472.2	0.04987582	0.058007833	0.050790276	0.053243686	0.046727236	4280.4	0.05172897	0.8894
HTR2C	0.04505163	0.052343607	0.055049196	0.054719362	0.05268609	4281.8	0.051969975	0.8896
KIAA0319	0.050491787	0.054112114	0.04857634	0.050011177	0.05604606	4282.6	0.051847495	0.8898
CACNA1B	0.050876066	0.052225657	0.055838432	0.0513128	0.0485043	4283.0	0.051751453	0.89
AC016042.1	0.060724016	0.05146039	0.04916506	0.042066097	0.04769638	4284.0	0.050222386	0.8902
KIF14	0.0457293	0.047591045	0.05132895	0.059289876	0.053516593	4284.8	0.051491152	0.8904
LEFTY1	0.049670916	0.055565972	0.050889324	0.05432323	0.049902905	4285.4	0.05207047	0.8906
MIR155HG	0.05343734	0.05580144	0.0485145	0.0509578	0.050209276	4286.4	0.051784076	0.8908
AC090993.1	0.046857554	0.052866593	0.051251724	0.06070797	0.046525627	4286.5	0.051641893	0.891
WASF3-AS1	0.053955857	0.0501354	0.04757445	0.05521056	0.051660426	4287.0	0.05170734	0.8912
VLDLR-AS1	0.047214765	0.056486517	0.047144238	0.052515037	0.05582955	4287.8	0.05183802	0.8914
AC020718.1	0.049044285	0.059406634	0.048284166	0.05527761	0.044948053	4288.6	0.05139215	0.8916
PSG4	0.05079659	0.054991204	0.045149844	0.055526037	0.052161485	4289.0	0.05172503	0.8918
LINC02082	0.050792232	0.051451262	0.044290096	0.059858184	0.05096344	4289.2	0.051471043	0.892
TNFSF15	0.040819034	0.05687301	0.050493896	0.05805532	0.051375598	4292.8	0.05152337	0.8922
ICA1L	0.045795176	0.056258194	0.04668426	0.05933241	0.05008939	4298.4	0.05163189	0.8924
SMIM2	0.050421417	0.054891188	0.04881379	0.051564276	0.053398203	4299.0	0.051817775	0.8926
ERICH2	0.049153164	0.04785652	0.055058572	0.058635574	0.042845033	4301.2	0.050709773	0.8928
FAT3	0.053617418	0.054028716	0.03911931	0.052185416	0.054086708	4301.4	0.050607514	0.893
IFNE	0.04638943	0.05482894	0.050040845	0.05147672	0.056098923	4301.8	0.05176697	0.8932
PRAG1	0.038619254	0.05677208	0.055788547	0.054649875	0.0487196	4305.0	0.05090987	0.8935
TMEM164	0.041739833	0.05237898	0.055195708	0.05731692	0.050402764	4305.0	0.05140684	0.8935
PPP1R1C	0.047607634	0.057664897	0.050958484	0.05514093	0.046234347	4305.4	0.05152126	0.8938
AC122707.1	0.04433702	0.057520937	0.05107807	0.056656606	0.048039835	4307.0	0.051526494	0.894
KTN1-AS1	0.04765514	0.051617917	0.052118674	0.055920694	0.051928595	4307.2	0.051848203	0.8942
LINC00158	0.05440131	0.049223147	0.04767991	0.059034202	0.042380348	4307.8	0.050543785	0.8945
CDYL2	0.041714367	0.051174287	0.049789865	0.057041343	0.057057478	4307.8	0.05135547	0.8945
LINC00640	0.050047517	0.05867416	0.053104486	0.04712665	0.04481121	4308.4	0.050752807	0.8948
FAM43A	0.051691007	0.053801864	0.04542765	0.0555381	0.051120337	4309.2	0.051515795	0.895
ANKRD45	0.05183457	0.051712487	0.05348197	0.051679723	0.04897792	4311.0	0.051537327	0.8953
AC079793.1	0.04981708	0.041584063	0.050761297	0.055231173	0.05507229	4311.0	0.05049318	0.8953
AC078845.1	0.04717424	0.056856405	0.04585964	0.05290474	0.054977693	4312.0	0.051554542	0.8956
LRRC63	0.03432373	0.05587157	0.053728536	0.056394428	0.051167794	4313.6	0.05029721	0.8958
ERICH3	0.04424846	0.060800344	0.044824842	0.05887363	0.04326326	4313.8	0.050402105	0.896
GRIN3B	0.048736993	0.055996776	0.04289252	0.05828604	0.04981274	4317.4	0.05114501	0.8962
AC023355.1	0.045804042	0.05716452	0.053638045	0.046404805	0.052581385	4318.0	0.05111856	0.8964
TPX2	0.051300682	0.052669957	0.0550993	0.049927145	0.047333118	4319.8	0.051266037	0.8966
LINC00222	0.053099953	0.057980526	0.04800095	0.05007244	0.045431424	4320.0	0.05091706	0.8968
LINC01170	0.05898254	0.051051497	0.050380845	0.045433924	0.045102097	4321.0	0.05019018	0.897
MAL2-AS1	0.04255335	0.050704073	0.052646603	0.05066361	0.058650423	4322.6	0.05104361	0.8972
WNT9A	0.054569237	0.051162127	0.05278728	0.048569147	0.04822349	4323.8	0.051062256	0.8974
AC131944.1	0.038171124	0.046281632	0.056997627	0.058251753	0.050312776	4324.2	0.05000298	0.8976
CCL2	0.050421555	0.059171405	0.048840545	0.05070392	0.04595352	4324.8	0.051018186	0.8978
AC093879.1	0.05718887	0.051778533	0.049849868	0.046067297	0.048637655	4325.0	0.050704442	0.898
AC119396.1	0.044298228	0.05597286	0.05109356	0.054435465	0.052187633	4325.4	0.051597547	0.8982
NETO2	0.046375792	0.053617228	0.048466533	0.051677637	0.057148855	4326.4	0.051457208	0.8984
AL589645.1	0.040207986	0.05396405	0.05048357	0.050006755	0.059338756	4326.6	0.050800223	0.8986
OMD	0.051073715	0.04617784	0.04989508	0.050724104	0.056381546	4328.4	0.05085046	0.8988
TSHR	0.059417047	0.049522072	0.047650732	0.044157915	0.049504466	4329.8	0.050050445	0.8991
AC024382.1	0.041142844	0.052427568	0.056469344	0.050028387	0.05445863	4329.8	0.050905354	0.8991
AP001053.1	0.054419495	0.052437272	0.037499968	0.047617145	0.056209274	4331.4	0.049636625	0.8994
AC087280.2	0.053275242	0.04980515	0.044705536	0.056539413	0.050494052	4331.6	0.05096388	0.8996
RCAN3	0.04618937	0.04608969	0.0489644	0.05082489	0.060893618	4333.4	0.050592393	0.8998
NIBAN3	0.04723545	0.057271037	0.044603694	0.059602134	0.044391863	4333.6	0.050620835	0.9
ACKR1	0.05576189	0.056575082	0.045721743	0.043378744	0.049141403	4335.4	0.05011577	0.9002
ATP2B3	0.04875037	0.04304327	0.043980513	0.056097947	0.05791289	4336.4	0.049956996	0.9004
TMEM45A	0.051210817	0.049329013	0.05263645	0.050663732	0.05187493	4338.4	0.05114299	0.9006
RBM44	0.05225267	0.051231623	0.0424193	0.057716776	0.05003442	4338.6	0.050730955	0.9008
RGS5	0.04432223	0.053676214	0.058984756	0.053128798	0.04119449	4338.8	0.050261296	0.901
AC009313.1	0.04807657	0.050178844	0.055854544	0.050304607	0.05153499	4339.6	0.05118991	0.9012
AC008937.2	0.05362558	0.05302398	0.043696076	0.050807025	0.053022318	4341.6	0.050834995	0.9014
HS3ST5	0.050750695	0.05877893	0.040370084	0.054303132	0.046538964	4341.8	0.050148368	0.9016
AC017050.1	0.04607097	0.05842941	0.04696157	0.056570508	0.04678513	4342.4	0.05096352	0.9018
HSD17B2	0.054826245	0.045903727	0.05216722	0.05035274	0.049435966	4342.6	0.05053718	0.902
AC092640.1	0.04472356	0.047515407	0.057506606	0.05711261	0.044360764	4343.2	0.050243787	0.9022
AC132153.1	0.048080236	0.052174285	0.048515573	0.052736975	0.055447105	4344.8	0.051390834	0.9024
ALDH1A1	0.041859612	0.056662366	0.050674163	0.056826003	0.049300816	4346.2	0.05106459	0.9026
AC116345.1	0.041710127	0.053608485	0.052070033	0.059162427	0.047759555	4347.6	0.050862126	0.9028
TGFB2	0.04842836	0.052764446	0.047095966	0.057225488	0.051174723	4348.4	0.051337797	0.903
LOX	0.043641686	0.056242384	0.050139923	0.058086988	0.04681839	4351.0	0.050985873	0.9032
CELA2B	0.052168824	0.053079445	0.05325176	0.04569655	0.048975125	4351.6	0.050634336	0.9034
PTCSC2	0.0456019	0.052708972	0.0489924	0.06100407	0.045473237	4356.6	0.050756115	0.9036
AC005064.1	0.050530132	0.046111256	0.050936725	0.055613857	0.050251465	4357.0	0.05068869	0.9038
AC016723.1	0.048110016	0.048311833	0.054297302	0.0449187	0.05531311	4358.2	0.05019019	0.904
AC022424.2	0.044439532	0.053125024	0.052810445	0.055573974	0.049875215	4358.6	0.051164843	0.9042
AC126121.3	0.04869258	0.053461682	0.046037845	0.059063897	0.04710152	4358.8	0.050871503	0.9044
AC104316.1	0.047105335	0.054741602	0.051663116	0.052525513	0.05051928	4359.4	0.051310968	0.9046
AP000331.1	0.051601242	0.055038013	0.04438948	0.05578868	0.046152033	4359.8	0.05059389	0.9048
AC004917.1	0.04465296	0.05729946	0.0539131	0.04368946	0.051575426	4362.4	0.05022608	0.905
AC097459.1	0.051020272	0.050803684	0.044130452	0.04837202	0.0575596	4362.6	0.0503772	0.9052
AC018645.3	0.0499578	0.057570968	0.045748755	0.051611144	0.049440704	4364.2	0.05086587	0.9054
EFNB2	0.044408627	0.046458013	0.058604553	0.05375746	0.048192754	4364.4	0.050284278	0.9056
SLC7A11	0.04094294	0.0545597	0.050362352	0.05261537	0.05559036	4365.2	0.050814144	0.9058
AC092153.1	0.052643713	0.0455846	0.051293183	0.052981038	0.04971158	4366.2	0.050442822	0.906
PTPRT	0.051535703	0.05974047	0.046299208	0.04650282	0.04567233	4366.6	0.049950104	0.9062
ZNF730	0.043237332	0.053585157	0.04517442	0.054812804	0.056790367	4368.6	0.050720014	0.9064
SLCO1B1	0.057519026	0.050294295	0.04894111	0.045262016	0.04754597	4369.0	0.049912483	0.9066
CCDC175	0.047896437	0.04792628	0.053511225	0.055029295	0.049763367	4369.6	0.05082532	0.907
HPN-AS1	0.038775954	0.05698325	0.047943622	0.052409936	0.055539463	4369.6	0.05033045	0.907
LONRF3	0.048888534	0.051220354	0.046951305	0.05564209	0.052573755	4369.6	0.051055204	0.907
CAV3	0.05264277	0.05253535	0.050089806	0.049738746	0.049707126	4369.8	0.05094276	0.9074
SLC2A1	0.047909588	0.053004056	0.054744337	0.048455466	0.050234172	4370.4	0.050869524	0.9076
KCNH1	0.046231862	0.05306934	0.039950527	0.061610997	0.048910853	4371.0	0.04995472	0.9078
CCDC141	0.0436946	0.054644853	0.05523771	0.055632744	0.0403354	4372.8	0.049909063	0.908
CHST7	0.054069158	0.05698448	0.04135854	0.05317728	0.039602686	4377.0	0.04903843	0.9082
PDGFRL	0.043887876	0.05139653	0.058295906	0.05178048	0.047003075	4377.8	0.050472774	0.9084
ARHGAP11A	0.043469302	0.05605305	0.050693925	0.05332731	0.051509343	4378.2	0.051010586	0.9086
TM4SF1	0.040014274	0.053604018	0.04872517	0.058064394	0.052318282	4380.6	0.050545227	0.9088
AC006041.2	0.05317294	0.050247405	0.047360476	0.051373776	0.05154359	4380.8	0.05073964	0.909
PALMD	0.049177106	0.048573688	0.04972384	0.04869867	0.05641055	4381.2	0.050516773	0.9092
PDE8B	0.05169614	0.05141678	0.05432743	0.04721769	0.046488207	4383.0	0.050229244	0.9094
AC024588.1	0.0493164	0.051175524	0.04630663	0.05316085	0.054393735	4384.6	0.050870627	0.9096
AC018742.1	0.046277598	0.0543987	0.04891907	0.050182167	0.054749787	4385.2	0.050905466	0.9098
AC015522.1	0.046998955	0.0557331	0.043588545	0.05813953	0.047659904	4390.4	0.050424002	0.91
DPP4	0.054062642	0.05524639	0.046503007	0.047253072	0.047835518	4390.8	0.050180126	0.9102
FJX1	0.044973496	0.05518194	0.052336585	0.050340835	0.051342472	4391.2	0.05083506	0.9105
LNP1	0.04933926	0.05430089	0.046896685	0.051626083	0.05210518	4391.2	0.05085362	0.9105
NPC1	0.04600388	0.054071803	0.05344192	0.05043407	0.050341647	4391.4	0.050858665	0.9108
ZFY-AS1	0.060555153	0.046677917	0.039651837	0.048363388	0.04771002	4393.0	0.048591662	0.911
STXBP6	0.049320865	0.05537885	0.048674844	0.049543567	0.051229134	4393.6	0.050829448	0.9112
ATAD2	0.0520562	0.056934103	0.04210005	0.052164346	0.04604701	4394.6	0.04986034	0.9114
HMOX1	0.051420134	0.055932175	0.048061263	0.044401333	0.050328612	4394.8	0.050028704	0.9116
PEX5L	0.042055983	0.05520632	0.05193066	0.056026004	0.047247224	4395.0	0.05049324	0.9118
NDST4	0.048090424	0.05559756	0.047000963	0.05114483	0.052073985	4396.0	0.050781555	0.912
ANGPT2	0.05402092	0.046907693	0.048800297	0.052671324	0.048364475	4397.8	0.050152946	0.9123
PAIP2B	0.04705319	0.048457373	0.05221989	0.051502172	0.053597976	4397.8	0.05056612	0.9123
LINC02752	0.041704927	0.054313812	0.045450013	0.05554145	0.05470055	4398.6	0.05034215	0.9126
AC055811.3	0.05187099	0.057999175	0.04992184	0.044340625	0.037178364	4401.4	0.0482622	0.9128
CDKN2B	0.043610815	0.055526193	0.052768763	0.05453206	0.04568326	4401.6	0.05042422	0.913
FAM78B	0.052591488	0.05004127	0.043677606	0.050425846	0.05375434	4402.4	0.05009811	0.9132
CHRM3-AS2	0.051186375	0.046615466	0.056004763	0.049828857	0.04340946	4405.4	0.049408983	0.9134
BLM	0.043588158	0.05475069	0.052318636	0.056128666	0.04426506	4406.6	0.050210238	0.9136
ASB18	0.051068164	0.05139274	0.045594238	0.04853569	0.05443841	4413.2	0.050205845	0.9138
LINC01146	0.041218136	0.05236205	0.05128506	0.048922766	0.05671954	4414.8	0.050101507	0.914
AL391840.1	0.047359385	0.05026444	0.04963001	0.054532304	0.05181219	4416.0	0.050719667	0.9142
AC010735.2	0.04587624	0.046862926	0.05532712	0.05260034	0.049720388	4418.2	0.0500774	0.9145
M1AP	0.048960384	0.049465038	0.04989122	0.051116437	0.052953247	4418.2	0.050477266	0.9145
AC026167.1	0.052183	0.05373682	0.046704035	0.05085084	0.047996413	4419.4	0.05029422	0.9148
FAS	0.051343072	0.05490198	0.04727682	0.049134947	0.048796326	4420.8	0.050290633	0.915
HILPDA	0.05045222	0.05454123	0.05210326	0.049248308	0.043015577	4423.2	0.04987212	0.9152
CXCL3	0.04309419	0.054446608	0.05337331	0.04960991	0.05108689	4425.0	0.050322182	0.9154
NECTIN3-AS1	0.04201205	0.05312071	0.045508917	0.057221767	0.052785587	4426.4	0.05012981	0.9156
ATP1A2	0.04781579	0.048292816	0.055049922	0.045351382	0.051560983	4427.0	0.04961418	0.9158
CCNB3	0.046426848	0.052847985	0.04854516	0.053356964	0.0519886	4428.8	0.05063311	0.9161
SHMT2	0.035195503	0.060076583	0.053575393	0.046402555	0.046135586	4428.8	0.048277125	0.9161
AL133538.1	0.04945922	0.051529188	0.052259203	0.05066754	0.04810736	4429.2	0.0504045	0.9166
AL049828.2	0.052115448	0.04551094	0.051803336	0.05089689	0.047871664	4429.2	0.049639657	0.9166
LINC01456	0.0389754	0.055674445	0.052157916	0.056642596	0.043093707	4429.2	0.049308814	0.9166
SLITRK4	0.043364216	0.050984696	0.05114062	0.054745924	0.051842686	4429.8	0.050415628	0.917
ACSM6	0.046632882	0.052839424	0.04185792	0.05805442	0.05008877	4435.2	0.049894683	0.9172
CORO2B	0.050555047	0.055222265	0.044862155	0.049039103	0.050214514	4437.4	0.049978618	0.9174
INTS12	0.045599602	0.054748125	0.052471615	0.046209577	0.05059858	4440.8	0.0499255	0.9176
C3orf52	0.053225696	0.049905423	0.05054287	0.047636077	0.046983395	4441.2	0.04965869	0.9178
AL117327.1	0.042472888	0.051335	0.05494721	0.04993333	0.051241595	4445.2	0.049986005	0.918
GPR143	0.057568375	0.051142752	0.044979643	0.04390893	0.044598237	4446.6	0.04843959	0.9182
AC007448.5	0.04249385	0.055669993	0.04790382	0.056020793	0.04819413	4448.2	0.050056517	0.9184
AL133372.3	0.04424138	0.051083244	0.049412567	0.04876565	0.056403127	4449.0	0.04998119	0.9186
ATAD5	0.04141518	0.05553719	0.04817106	0.054835934	0.05020807	4450.0	0.050033487	0.9188
LANCL3	0.042685904	0.054866154	0.05395982	0.04858489	0.049172264	4450.2	0.04985381	0.9191
AC093849.4	0.04181868	0.04467338	0.051338453	0.057303682	0.051421277	4450.2	0.049311094	0.9191
AL391336.1	0.03987756	0.056776807	0.048897125	0.053994365	0.049359467	4451.8	0.049781065	0.9194
TM4SF4	0.048790295	0.047384508	0.05008771	0.055475816	0.047163572	4452.8	0.04978038	0.9196
SEC14L4	0.04312712	0.050732028	0.056152306	0.05259708	0.04505314	4453.2	0.04953233	0.9198
DUSP19	0.046963096	0.054577816	0.048304677	0.05449671	0.046360314	4455.6	0.050140522	0.9201
CD5	0.0475693	0.055513654	0.04717725	0.0541263	0.0455824	4455.6	0.04999378	0.9201
CNTN4-AS2	0.043973207	0.05351797	0.046413135	0.051754415	0.05448671	4456.0	0.050029088	0.9204
C2orf72	0.042022236	0.056284532	0.04609028	0.0542756	0.050819002	4456.6	0.049898334	0.9207
SLC5A4	0.03782536	0.050660167	0.048241034	0.059631594	0.04977688	4456.6	0.049227007	0.9207
KCNMB2-AS1	0.045740187	0.05021204	0.049673665	0.057920244	0.04599796	4457.0	0.04990882	0.921
INTS6L	0.041174553	0.061148167	0.048100933	0.04848115	0.046439108	4458.4	0.049068782	0.9212
GRM7-AS3	0.04725849	0.05680125	0.04564471	0.050473582	0.04967226	4459.8	0.04997006	0.9214
LINC02048	0.060719565	0.04228995	0.04620246	0.040650725	0.040802773	4460.0	0.046133094	0.9216
ARL4C	0.049456637	0.043402266	0.04482776	0.048701003	0.057009183	4463.8	0.04867937	0.9219
CNNM1	0.04585173	0.057700157	0.047255997	0.051189553	0.04681473	4463.8	0.049762435	0.9219
GRM7	0.04536027	0.0538392	0.052437104	0.048159406	0.049616877	4464.4	0.04988257	0.9222
ZNF578	0.042701293	0.04587162	0.05426357	0.053368106	0.050638866	4465.2	0.04936869	0.9224
AL121974.1	0.0418794	0.05722004	0.05032189	0.049531125	0.04959066	4465.6	0.049708627	0.9226
KIF15	0.03752487	0.053890593	0.052154038	0.055455826	0.046674877	4466.8	0.049140044	0.9228
SLC18A2	0.047090355	0.052528996	0.048561003	0.054339428	0.048469365	4468.4	0.05019783	0.9232
AC020611.2	0.047674034	0.04924821	0.050420266	0.04741624	0.053526133	4468.4	0.04965698	0.9232
AC104123.1	0.04109999	0.053754956	0.053038847	0.052398916	0.048229374	4468.4	0.04970442	0.9232
LOXL2	0.043455336	0.053779297	0.05370313	0.051000126	0.046533488	4468.6	0.049694277	0.9236
LAMA4	0.04586418	0.050971646	0.04764392	0.053641044	0.05242592	4468.8	0.050109338	0.9238
PRPH2	0.04720128	0.058505733	0.046988834	0.04634743	0.04736832	4469.4	0.04928232	0.924
GPC6-AS1	0.045520328	0.049433988	0.05087563	0.05344041	0.050528727	4471.0	0.049959816	0.9242
XRCC4	0.045044813	0.053271335	0.052533183	0.05129005	0.047312703	4471.6	0.049890418	0.9244
LINC01151	0.054387767	0.052739114	0.042547382	0.045008644	0.048895895	4471.8	0.048715763	0.9246
AL450992.1	0.047437746	0.05347731	0.048052255	0.046829056	0.052934278	4473.2	0.04974613	0.9249
BCO2	0.04901369	0.05515701	0.048435383	0.051462922	0.043779597	4473.2	0.04956972	0.9249
PLAUR	0.050452966	0.054734763	0.04716784	0.046939988	0.0483372	4473.8	0.04952655	0.9253
VWC2L	0.04523959	0.053179275	0.0497909	0.052843526	0.049503844	4473.8	0.050111424	0.9253
RSPH9	0.042950626	0.0542998	0.04787008	0.054870415	0.04964007	4474.2	0.0499262	0.9256
AC009899.1	0.04277877	0.054546423	0.048938934	0.046324056	0.05466047	4474.4	0.04944973	0.9258
AC128685.1	0.044367436	0.050006695	0.049006484	0.050998125	0.054580413	4474.8	0.04979183	0.926
GPRC5A	0.05313397	0.051503293	0.04056936	0.04979962	0.04976254	4476.6	0.04895376	0.9262
LINC02492	0.046558946	0.056685045	0.053241197	0.042557336	0.04287605	4476.8	0.048383716	0.9264
AL121790.1	0.044466272	0.05169749	0.043146186	0.06125187	0.042223897	4478.8	0.048557144	0.9266
FER1L6-AS2	0.05267892	0.054585103	0.04670754	0.04746005	0.042946406	4480.0	0.048875608	0.9268
CLMP	0.04152484	0.046794154	0.04563507	0.05864152	0.052309453	4483.2	0.048981007	0.927
ADGB	0.046471473	0.05279226	0.050739214	0.052544728	0.046494346	4486.2	0.049808405	0.9272
AC026894.1	0.04479379	0.050372817	0.0476469	0.0571026	0.048645087	4486.8	0.049712233	0.9274
AC007376.2	0.04403666	0.050945934	0.05058245	0.057949997	0.042144567	4487.2	0.049131922	0.9276
AC007686.4	0.047604214	0.045091424	0.056214787	0.047121678	0.046257015	4489.6	0.048457824	0.9278
AL139294.1	0.047480922	0.057151243	0.0398291	0.05063967	0.049403135	4489.8	0.048900817	0.928
ADPRHL1	0.04216689	0.05121699	0.04430633	0.054902148	0.05394276	4491.6	0.049307026	0.9282
AC022601.1	0.050486337	0.03872052	0.04259184	0.05119822	0.054569803	4492.6	0.047513347	0.9285
POU2F2	0.044360183	0.0559248	0.046716884	0.05363583	0.047328535	4492.6	0.049593247	0.9285
AC000065.1	0.04472547	0.046600528	0.047642734	0.05220032	0.055021327	4493.6	0.04923808	0.9289
COL12A1	0.04449045	0.04580274	0.051921465	0.056904994	0.045235742	4493.6	0.048871078	0.9289
AL359220.1	0.048705764	0.0546293	0.045902144	0.05361464	0.043431975	4493.8	0.049256764	0.9292
STRA8	0.04594761	0.047037013	0.04612065	0.05108136	0.055713132	4494.4	0.049179953	0.9294
AC099066.2	0.053897493	0.056297295	0.040261455	0.039506383	0.043643564	4495.6	0.04672124	0.9296
AC093865.1	0.04477192	0.056565974	0.043657195	0.052045856	0.04963347	4496.0	0.049334884	0.9298
AC092598.1	0.04283952	0.051247887	0.051695324	0.04290062	0.054560885	4496.8	0.04864885	0.9301
SHISA2	0.04550728	0.053117733	0.039429322	0.056733932	0.049434077	4496.8	0.04884447	0.9301
MAP3K19	0.038075797	0.054700255	0.054658547	0.04638802	0.04848716	4498.4	0.04846195	0.9304
AC107294.2	0.04238104	0.05742045	0.04781092	0.053310916	0.04459308	4499.0	0.049103282	0.9306
LAMC2	0.03993138	0.051170934	0.047080204	0.054518055	0.053486206	4500.4	0.04923736	0.9308
HOXA-AS3	0.045299742	0.04991801	0.04819797	0.051966544	0.052744012	4501.0	0.049625255	0.931
ARHGAP25	0.043536656	0.054611	0.044380825	0.053661536	0.05106854	4502.2	0.049451716	0.9312
IL17RD	0.040684093	0.052575585	0.046324693	0.055461146	0.05158502	4503.0	0.049326103	0.9314
AL078600.1	0.052976158	0.046829037	0.04373046	0.05151556	0.048325427	4504.8	0.04867533	0.9316
AL138999.2	0.047700986	0.051441304	0.040373944	0.05474461	0.050569143	4505.2	0.048965998	0.9318
TRPC7	0.055656645	0.04958291	0.03463722	0.051974013	0.041622017	4506.6	0.04669456	0.932
CFAP157	0.04140793	0.05731686	0.05140374	0.049563255	0.044236984	4507.8	0.048785754	0.9322
AC107029.1	0.04621732	0.04817149	0.050556462	0.05446115	0.047315896	4508.0	0.049344465	0.9324
EFCAB11	0.041452814	0.0521695	0.048907075	0.055366036	0.049310964	4509.4	0.049441278	0.9326
AMACR	0.042530257	0.050279334	0.05195357	0.053080224	0.049308334	4511.0	0.04943034	0.9328
AC002070.1	0.047990285	0.044569723	0.046585586	0.052110992	0.052968837	4511.2	0.048845083	0.933
AL031280.1	0.03824174	0.054982975	0.05566642	0.047758404	0.042549815	4511.6	0.047839873	0.9332
AC079163.2	0.04408825	0.047309145	0.050033916	0.051024787	0.0534403	4512.4	0.04917928	0.9334
RGS20	0.044685245	0.054223847	0.050317913	0.04895397	0.049031027	4514.6	0.0494424	0.9336
PTN	0.043223098	0.045267366	0.05483446	0.054366678	0.04375725	4516.8	0.04828977	0.9338
AL353072.2	0.047152612	0.048578933	0.055450846	0.046676956	0.04409898	4517.0	0.048391663	0.934
AC003093.1	0.042089224	0.047970798	0.05090894	0.04785019	0.05485455	4517.8	0.048734743	0.9342
CPEB1	0.05109975	0.049331073	0.043692484	0.05131131	0.04919474	4519.0	0.048925873	0.9344
TEX29	0.05168081	0.053380333	0.046052445	0.04623651	0.045958184	4519.4	0.048661657	0.9346
LINC01937	0.048669096	0.04650115	0.050644502	0.052518863	0.046459578	4520.0	0.048958637	0.9348
PIK3IP1-AS1	0.045999065	0.05097457	0.04921937	0.055019774	0.04494904	4521.0	0.04923236	0.935
IGSF23	0.041246172	0.058884926	0.043436743	0.052722413	0.04506138	4522.8	0.048270322	0.9352
OPRM1	0.049762607	0.048798893	0.04526545	0.053231634	0.048309576	4523.0	0.049073633	0.9354
AC117528.1	0.048584722	0.057398558	0.046221763	0.043881133	0.044907577	4524.8	0.048198752	0.9356
AL133383.1	0.04140884	0.04815259	0.05408236	0.05300788	0.04694004	4525.2	0.04871834	0.9358
KCNK12	0.045322448	0.051901896	0.05047126	0.046475243	0.051395386	4525.4	0.049113248	0.9361
AC068389.1	0.049482804	0.047336236	0.050730158	0.05125417	0.04502714	4525.4	0.0487661	0.9361
CABCOCO1	0.04330199	0.055187304	0.046831485	0.048888482	0.051547267	4527.4	0.0491513	0.9364
AL590807.1	0.04523313	0.05775974	0.04343676	0.05011686	0.04679701	4528.0	0.0486687	0.9366
PMP22	0.034928102	0.05410297	0.043622192	0.05039275	0.055585478	4529.0	0.047726296	0.9368
PCDHB15	0.042387895	0.053706944	0.05161946	0.050234478	0.047482263	4529.8	0.04908621	0.937
ATP2B4	0.0446961	0.05611502	0.048623446	0.048781477	0.04707104	4531.2	0.049057417	0.9372
AC006116.8	0.049026333	0.048290987	0.04897348	0.054620143	0.04008588	4531.6	0.048199367	0.9374
AC023051.1	0.044438165	0.054399572	0.051047403	0.04690662	0.047921065	4533.6	0.048942562	0.9376
AC079950.1	0.046000507	0.05264075	0.04277774	0.055169806	0.048218835	4534.2	0.048961528	0.9378
HARBI1	0.04412492	0.055407558	0.049360756	0.05048111	0.045976683	4535.8	0.049070206	0.938
KIAA2012	0.044821024	0.053250983	0.040852845	0.056472458	0.04676358	4536.2	0.04843218	0.9382
MDS2	0.039106756	0.060805626	0.046125535	0.049596075	0.04049919	4539.2	0.047226638	0.9384
AP003071.2	0.03855147	0.05168589	0.047445256	0.05082935	0.054073304	4541.6	0.048517056	0.9386
DACH2	0.043726396	0.05173311	0.051234018	0.05065237	0.048347283	4543.6	0.049138635	0.9388
TMPRSS3	0.047351073	0.053309154	0.045625266	0.05011604	0.049213458	4547.0	0.049122997	0.939
CDC25C	0.048951034	0.050706368	0.047762655	0.05069134	0.046813466	4548.2	0.048984967	0.9392
CAV1	0.04654672	0.050103523	0.04758934	0.04129117	0.05422602	4549.4	0.04795135	0.9394
NKAPL	0.046907946	0.054780465	0.044012997	0.052600693	0.044284016	4552.8	0.048517223	0.9396
BMP8B	0.051796947	0.040434554	0.05285646	0.041494768	0.042509526	4556.4	0.04581845	0.9398
MLIP-AS1	0.048520256	0.047105968	0.043677982	0.054826885	0.047588084	4556.8	0.048343834	0.94
GRM1	0.044262186	0.050920915	0.05181052	0.049778786	0.047777586	4557.2	0.04891	0.9402
BNC1	0.045147	0.050434206	0.04754198	0.04925396	0.05223756	4558.8	0.048922937	0.9404
LINC01135	0.04012304	0.05321013	0.04994913	0.048778757	0.050721325	4562.6	0.048556477	0.9406
SPATA1	0.044246424	0.053293984	0.049156897	0.04754624	0.04978645	4563.6	0.048806	0.9408
SLITRK5	0.046917744	0.058476325	0.044746518	0.040479183	0.043754246	4564.4	0.046874803	0.9411
TRIM63	0.04423489	0.0560499	0.04351693	0.050914377	0.047981065	4564.4	0.048539434	0.9411
SAMD13	0.046162553	0.053539548	0.040625528	0.05197216	0.049409356	4564.6	0.04834183	0.9414
AC125807.2	0.049562503	0.050439455	0.05003741	0.04469342	0.045631792	4567.2	0.04807292	0.9416
LINC00491	0.043849025	0.051212445	0.047408093	0.045485202	0.053837374	4567.6	0.048358425	0.9418
PLAC4	0.040235233	0.04308489	0.04594183	0.058148645	0.049793627	4568.4	0.047440846	0.942
CADM3	0.037384	0.056265634	0.045156606	0.047419395	0.052166708	4569.0	0.04767847	0.9422
SAA2	0.04709195	0.048789043	0.051681418	0.048407495	0.045628745	4575.2	0.04831973	0.9424
AF064860.1	0.038372796	0.047624957	0.04612306	0.05879251	0.046242822	4576.8	0.047431227	0.9426
SEMA5A-AS1	0.042276017	0.046118047	0.050873496	0.051668335	0.050233036	4577.2	0.048233785	0.9428
KCNS3	0.046669863	0.04931543	0.03931646	0.053716157	0.050249044	4578.6	0.047853388	0.943
TEKT3	0.042298097	0.05594151	0.0439605	0.050456807	0.049102716	4579.2	0.048351925	0.9432
TBX15	0.03719692	0.04899289	0.05162273	0.051489405	0.049832366	4580.4	0.047826864	0.9434
AC002454.1	0.03206087	0.05515268	0.045869216	0.04598895	0.053337917	4583.8	0.046481926	0.9436
AC023095.1	0.04797261	0.046974555	0.04568881	0.04904155	0.05147391	4584.4	0.048230287	0.9438
CCSAP	0.048778735	0.046653766	0.049230915	0.039306212	0.050756466	4585.2	0.04694522	0.944
C6orf201	0.04192233	0.047316067	0.054228354	0.04646353	0.048484325	4586.0	0.047682922	0.9442
EGFR-AS1	0.03735109	0.053016834	0.05014333	0.04706295	0.05121111	4586.2	0.047757067	0.9444
AC241644.2	0.040339757	0.055716533	0.044961024	0.050308015	0.04945762	4587.6	0.048156593	0.9447
MARCH3	0.047833834	0.052696038	0.046316	0.047482558	0.047860734	4587.6	0.048437834	0.9447
BEST4	0.04440669	0.05577219	0.04773641	0.04297749	0.048008703	4588.0	0.047780298	0.945
VAV1	0.042673793	0.048784576	0.046808444	0.053438306	0.05032104	4588.6	0.04840523	0.9452
AL136366.1	0.051220246	0.0497978	0.041214276	0.048884064	0.046926003	4588.8	0.047608476	0.9454
GTSE1	0.041530136	0.054015405	0.04882083	0.04996684	0.04778095	4589.6	0.048422836	0.9456
RORA-AS1	0.0480994	0.047350764	0.04463839	0.053891312	0.046044126	4590.0	0.0480048	0.9458
LINC02328	0.041779917	0.03912648	0.053326275	0.049816947	0.049711272	4594.6	0.046752177	0.946
JHY	0.0465289	0.05363847	0.043644167	0.05166974	0.044877976	4596.2	0.04807185	0.9463
IL23R	0.043193884	0.051572256	0.050129186	0.05131229	0.045570057	4596.2	0.048355535	0.9463
ANXA10	0.045251135	0.056191087	0.04342697	0.046402294	0.04765219	4597.6	0.04778473	0.9466
CENPE	0.042527027	0.057383318	0.041723162	0.049565718	0.04669072	4598.0	0.04757799	0.9468
P2RX7	0.04497112	0.049673803	0.047435008	0.049251635	0.050802905	4598.4	0.04842689	0.947
ABCA9-AS1	0.05127676	0.049760327	0.04263207	0.050803773	0.04175427	4599.4	0.047245443	0.9472
STEAP4	0.043078043	0.052003264	0.051053874	0.04392334	0.04913774	4599.8	0.047839254	0.9475
INSYN2B	0.044819076	0.048207745	0.051485512	0.048190486	0.047481626	4599.8	0.04803689	0.9475
PSMA8	0.04504759	0.04525111	0.05180762	0.050766665	0.04549562	4604.2	0.04767372	0.9478
DEUP1	0.04394072	0.0521419	0.049358748	0.045778472	0.04954725	4604.8	0.04815342	0.948
FAM49A	0.04234709	0.057863776	0.043318678	0.045533895	0.046766825	4605.6	0.04716605	0.9482
ACSL5	0.046389833	0.05223131	0.049346518	0.04364126	0.047482554	4606.2	0.047818296	0.9484
LINC01449	0.037730005	0.050524104	0.051662028	0.051724043	0.046123162	4607.4	0.047552668	0.9486
C4orf50	0.050479706	0.050316043	0.04730907	0.04816259	0.038002837	4609.2	0.04685405	0.9488
MAP3K20-AS1	0.049254403	0.046608195	0.04401031	0.05260697	0.0449519	4611.4	0.047486357	0.949
CLRN1-AS1	0.050230473	0.05159753	0.04160164	0.037178874	0.049398426	4612.4	0.046001386	0.9492
ALX4	0.03763502	0.045855504	0.052310467	0.044661812	0.052260693	4614.0	0.0465447	0.9494
AL162464.2	0.046857554	0.04804552	0.05147863	0.04998502	0.036939	4614.5	0.046661146	0.9496
AL109946.1	0.05132055	0.041985754	0.037874676	0.048579335	0.049860854	4615.6	0.04592423	0.9498
AC016553.1	0.0416346	0.04200488	0.05225666	0.053068317	0.045593496	4616.0	0.04691159	0.95
RAD9B	0.041684702	0.054781646	0.051616047	0.04401874	0.042061202	4616.4	0.046832465	0.9502
AC099670.3	0.040662706	0.053333115	0.050101567	0.048200376	0.04662903	4618.0	0.047785357	0.9505
AC069272.1	0.047590487	0.04911681	0.047015607	0.052926183	0.040308487	4618.0	0.047391515	0.9505
AC007422.1	0.050628386	0.04432198	0.045216877	0.05035652	0.044841945	4618.4	0.04707314	0.9508
KIF23	0.04347138	0.047542047	0.049225513	0.046358693	0.051686823	4619.2	0.04765689	0.951
AC010996.1	0.047752846	0.05161136	0.048098974	0.044673994	0.04593849	4620.4	0.047615133	0.9512
SLC28A3	0.044320833	0.052560274	0.04974209	0.048426766	0.04427826	4624.0	0.047865644	0.9514
LY86	0.046607766	0.04706923	0.032659143	0.053610865	0.04977839	4625.6	0.045945078	0.9516
REXO5	0.041464433	0.05086718	0.049445324	0.052513715	0.044653926	4627.8	0.047788918	0.9518
AC099552.5	0.046072762	0.04177649	0.048313405	0.044918705	0.0522323	4628.4	0.04666273	0.952
TMEM196	0.032495163	0.048061	0.045057245	0.049085442	0.055189636	4629.0	0.045977697	0.9522
CCDC60	0.04779555	0.051489063	0.0372125	0.0478533	0.049871042	4629.4	0.04684429	0.9525
TNMD	0.04612565	0.055330113	0.037818614	0.050794024	0.042874712	4629.4	0.046588622	0.9525
LINC01625	0.03813976	0.053690836	0.04879762	0.051776897	0.043612316	4629.6	0.04720349	0.9528
LINC00536	0.046175513	0.047770537	0.05051281	0.048102822	0.04522771	4630.4	0.04755788	0.953
AC137494.1	0.04147507	0.047455944	0.046125542	0.050796773	0.052028798	4632.6	0.047576427	0.9532
LINC01525	0.04468833	0.053342838	0.041941456	0.051027257	0.046721764	4633.6	0.04754433	0.9534
AC009975.1	0.042344525	0.048805628	0.050026752	0.04375612	0.051189985	4633.8	0.047224604	0.9536
MYCBP2-AS1	0.04819753	0.042967375	0.049481627	0.050668564	0.041310877	4638.0	0.046525195	0.9538
AC091912.3	0.042813078	0.04826014	0.04653702	0.0520172	0.049293388	4638.2	0.04778416	0.954
SMIM36	0.051432513	0.047478378	0.04624253	0.042553525	0.043307383	4638.8	0.046202864	0.9542
AC074237.1	0.047816187	0.05032788	0.03896002	0.052058425	0.045362372	4640.6	0.046904977	0.9544
GPNMB	0.046752714	0.050959483	0.04282359	0.051900897	0.04501893	4641.6	0.047491122	0.9546
TNFSF14	0.0528977	0.041080177	0.044434346	0.047416035	0.041038882	4644.4	0.04537343	0.9548
LINC01808	0.047601547	0.041589588	0.049726862	0.04896335	0.045575388	4645.4	0.046691347	0.955
NR1I3	0.04389902	0.050706416	0.04370489	0.051221695	0.048889298	4649.4	0.04768426	0.9552
AC090578.1	0.041880243	0.04925485	0.046921518	0.046307128	0.052036244	4649.8	0.047279995	0.9554
NWD1	0.04490377	0.04502492	0.048463117	0.053414386	0.042894457	4650.8	0.04694013	0.9556
FSCN1	0.045088265	0.049735624	0.042701963	0.046295278	0.051720057	4654.2	0.04710824	0.9558
AC117834.1	0.043336533	0.045750167	0.049866434	0.04837587	0.049136218	4654.4	0.047293045	0.956
GRIK1	0.0416636	0.05327955	0.049523912	0.04811734	0.04362809	4654.6	0.0472425	0.9562
CPS1	0.040218525	0.051744822	0.048065174	0.044250373	0.05056156	4655.6	0.04696809	0.9564
ACSBG1	0.04535551	0.052375324	0.048011035	0.047581922	0.04302206	4656.8	0.047269173	0.9566
AL138733.1	0.043552097	0.053317342	0.04606987	0.050205253	0.04389703	4657.6	0.04740832	0.9569
WFDC3	0.038126342	0.056071922	0.040861204	0.051652987	0.044172525	4657.6	0.046176996	0.9569
MCOLN2	0.044082437	0.051287733	0.045786522	0.05232668	0.04334733	4658.6	0.047366142	0.9572
SMAD1-AS2	0.042198833	0.044904456	0.03762705	0.052066084	0.0526638	4661.2	0.045892045	0.9574
AC099329.1	0.048770767	0.050994184	0.039502703	0.048126146	0.045709766	4661.4	0.046620715	0.9576
KCND3	0.044614673	0.051554035	0.04530718	0.052726563	0.038556125	4664.2	0.046551716	0.9578
VSTM2L	0.045422588	0.05349205	0.043066163	0.04580799	0.046775352	4665.0	0.046912827	0.958
AC010638.1	0.048758008	0.045409184	0.043007977	0.045971774	0.049154315	4670.0	0.046460252	0.9582
LINC02438	0.04035996	0.045629896	0.049781486	0.04632758	0.050953668	4670.6	0.046610516	0.9584
ARMH4	0.045010343	0.05282191	0.046747733	0.04895725	0.04016384	4671.0	0.046740215	0.9586
NABP1	0.038511433	0.052127495	0.049672596	0.04879876	0.045073356	4671.4	0.046836726	0.9588
AL132718.1	0.044748276	0.042256687	0.042220663	0.051289007	0.050911456	4671.8	0.04628522	0.959
SLC26A5	0.044004776	0.047256738	0.046808217	0.051949695	0.045728102	4672.6	0.047149505	0.9592
ALDH1A3	0.04251959	0.044739448	0.04014084	0.053581856	0.05020782	4673.0	0.04623791	0.9594
AC010451.1	0.041579075	0.05268288	0.03453488	0.055618852	0.039881714	4673.4	0.04485948	0.9596
AC022509.2	0.03779023	0.047478925	0.04510888	0.054440763	0.04808742	4674.2	0.046581246	0.9598
AC026704.1	0.039698318	0.04650149	0.044688202	0.05423782	0.048396442	4675.2	0.046704452	0.96
ABCB4	0.04500862	0.052398287	0.046355635	0.048115756	0.043790404	4675.4	0.04713374	0.9602
AL138787.2	0.043990176	0.050331358	0.048150353	0.047665007	0.046144556	4676.2	0.047256287	0.9604
TRIM5	0.047651473	0.048059758	0.04514517	0.050832648	0.040935777	4676.8	0.046524964	0.9606
SYT12	0.038229734	0.04949165	0.051369864	0.047072496	0.0462277	4677.0	0.04647829	0.9608
AP001610.2	0.04552614	0.043801807	0.05312836	0.043948926	0.036203295	4678.8	0.044521708	0.961
AC012435.3	0.04512309	0.0444813	0.044410527	0.05057161	0.049272463	4680.0	0.0467718	0.9612
PROS1	0.039114725	0.05332047	0.04342868	0.050463162	0.047567483	4680.2	0.046778906	0.9614
HIST1H2BF	0.040478174	0.047657654	0.038795777	0.049450893	0.053227793	4683.0	0.04592206	0.9616
MN1	0.04158492	0.04860381	0.047975857	0.05013709	0.047173284	4683.8	0.04709499	0.9618
TNFAIP8L3	0.033186823	0.043109383	0.05074378	0.050387345	0.048727196	4684.4	0.04523091	0.962
MSRB3	0.044169296	0.047664706	0.04215928	0.050768618	0.049268685	4685.8	0.046806116	0.9622
PIK3C2B	0.042879976	0.048880927	0.046287533	0.049822807	0.048182562	4686.8	0.04721076	0.9625
AC079296.1	0.044284254	0.04812287	0.047919225	0.047625482	0.0469744	4686.8	0.046985246	0.9625
AC011239.1	0.041464623	0.042688277	0.047031652	0.046842963	0.05225535	4688.2	0.046056572	0.9628
TMSB15B	0.04289705	0.04701444	0.04894796	0.050492004	0.04440925	4691.2	0.04675214	0.963
SMIM31	0.041624855	0.05177053	0.04884421	0.043080382	0.0467753	4692.4	0.046419058	0.9632
LRTM1	0.048989214	0.05342057	0.03607342	0.04277109	0.038745455	4696.6	0.043999948	0.9634
AC124944.3	0.03995366	0.042459358	0.03806758	0.05488699	0.04928697	4702.6	0.044930913	0.9636
SLCO1B7	0.045880236	0.046777852	0.048362724	0.043763638	0.04629399	4703.0	0.046215687	0.9638
LEMD1	0.040112346	0.04128174	0.052794486	0.048328135	0.043194182	4703.8	0.04514218	0.964
AL157871.4	0.04579677	0.048096005	0.04297085	0.04308695	0.05003126	4704.0	0.045996364	0.9642
AC091096.1	0.03931408	0.05251385	0.050197024	0.041501105	0.04395944	4705.0	0.045497097	0.9644
GK-AS1	0.040505588	0.051088367	0.039934557	0.04872876	0.050201107	4710.8	0.046091676	0.9646
AC078883.1	0.042217683	0.046753418	0.035430375	0.05159397	0.0502023	4711.0	0.04523955	0.9648
AL158055.1	0.040379714	0.05106685	0.04948039	0.048059694	0.042445008	4712.0	0.046286333	0.9651
AC104211.1	0.044042308	0.05030838	0.042418774	0.04312715	0.050120734	4712.0	0.04600347	0.9651
AC007681.1	0.048105963	0.04593101	0.04432933	0.045685034	0.045610417	4712.8	0.045932353	0.9654
LINC00607	0.045091964	0.047212806	0.04295557	0.0533418	0.03561222	4718.4	0.044842876	0.9656
TM6SF1	0.04059584	0.04573946	0.049729265	0.04764936	0.046713717	4718.6	0.046085525	0.9658
FN1	0.039867852	0.0459793	0.04089873	0.046673015	0.053116485	4719.4	0.045307077	0.966
AL109659.1	0.047344863	0.04149103	0.044373784	0.050933152	0.042900525	4719.6	0.045408674	0.9662
ASF1B	0.046923295	0.041087326	0.04436931	0.0469689	0.04823346	4721.4	0.045516457	0.9664
HMGCLL1	0.042410787	0.0516106	0.04365681	0.044059407	0.0487893	4722.0	0.046105385	0.9666
CPA6	0.045276657	0.052343763	0.042056896	0.048010726	0.04226915	4722.4	0.04599144	0.9668
HSD11B1	0.042679973	0.050690155	0.045204006	0.048420604	0.045909017	4722.8	0.04658075	0.967
ABCB5	0.04756088	0.04744482	0.0423401	0.048528854	0.04357805	4724.2	0.04589054	0.9672
CAPN8	0.036557768	0.052447665	0.047921214	0.047156766	0.044598173	4724.4	0.04573632	0.9674
LINC00903	0.047144055	0.050247587	0.047575943	0.036847927	0.037602562	4726.8	0.043883614	0.9676
LINC02269	0.037022177	0.052020513	0.045367982	0.052033048	0.040356234	4727.0	0.04535999	0.9679
TRG-AS1	0.04124131	0.04145622	0.05021796	0.049274344	0.04475792	4727.0	0.045389548	0.9679
RAB7B	0.036890544	0.04473046	0.050931025	0.049260642	0.044221025	4728.0	0.04520674	0.9682
RBM46	0.03993361	0.050619457	0.04491575	0.04793888	0.048196875	4729.0	0.046320915	0.9684
AC019130.1	0.048523575	0.041231673	0.041895792	0.046763763	0.046141874	4731.4	0.044911336	0.9686
AL451137.2	0.038871847	0.052527472	0.042050254	0.050321955	0.04520402	4734.0	0.045795105	0.9688
AL158011.1	0.034439236	0.044574756	0.04875719	0.053313665	0.04087647	4735.2	0.044392265	0.969
AC105285.1	0.037185527	0.05305161	0.045731567	0.048664484	0.043657012	4735.8	0.04565804	0.9692
KCNK3	0.037217252	0.049072724	0.033843137	0.044701595	0.0532883	4736.0	0.043624602	0.9694
TK1	0.03559842	0.03760772	0.048473705	0.05278859	0.045163278	4737.4	0.04392634	0.9696
LINC01640	0.03784529	0.05021956	0.04405617	0.05217483	0.043894846	4738.2	0.04563814	0.9699
LINC00840	0.046262324	0.045074325	0.04199099	0.047202103	0.047496367	4738.2	0.04560522	0.9699
CSTF3-DT	0.04335295	0.04340841	0.048225455	0.04040351	0.04890259	4738.4	0.044858582	0.9702
AC106818.2	0.047441855	0.04734747	0.045244683	0.044418667	0.042657018	4739.4	0.045421936	0.9704
IGSF5	0.047204077	0.046111487	0.04345549	0.04972906	0.039441936	4739.8	0.04518841	0.9706
AC110614.1	0.03906401	0.049761962	0.03856277	0.046432253	0.05130025	4741.0	0.045024253	0.9708
LINC01478	0.049802724	0.04428496	0.036516927	0.040177595	0.045897227	4741.6	0.04333589	0.971
KIF4A	0.04208403	0.0539005	0.038044594	0.043999765	0.0457398	4745.6	0.044753738	0.9712
AC002563.1	0.03491918	0.048610773	0.046039827	0.05137007	0.04452968	4750.2	0.0450939	0.9714
LMNTD1	0.050017856	0.04627886	0.034805544	0.03903002	0.043736033	4750.4	0.042773664	0.9716
AC026433.1	0.042968888	0.048953332	0.048529673	0.04613061	0.03829918	4754.2	0.044976335	0.9718
AC004784.1	0.040612586	0.04347212	0.050285153	0.04509333	0.044660866	4754.8	0.04482481	0.972
AC004691.1	0.04644817	0.050345127	0.04503816	0.036257476	0.042377457	4755.0	0.044093277	0.9722
SDS	0.03879464	0.050776202	0.048240297	0.046517126	0.042077344	4758.2	0.04528112	0.9725
IL21R	0.040918335	0.053391974	0.040221255	0.047558583	0.043355685	4758.2	0.04508917	0.9725
CACNA1I	0.042889692	0.046198122	0.03810129	0.047998853	0.049661707	4759.2	0.04496993	0.9728
SPATA16	0.04953658	0.047327094	0.03506557	0.039369676	0.04268527	4759.6	0.04279684	0.973
AP002383.2	0.034870874	0.04946569	0.04197294	0.0505675	0.04716868	4764.2	0.044809133	0.9732
AC090518.1	0.04202074	0.04785504	0.043442406	0.05053129	0.04380782	4764.8	0.04553146	0.9734
AC079148.3	0.043298706	0.04323834	0.04258298	0.049192846	0.047381785	4768.4	0.045138933	0.9736
AL442163.1	0.04325077	0.043528352	0.04492571	0.050549436	0.043391667	4769.8	0.045129187	0.9738
AC104958.1	0.047500134	0.043903768	0.03481983	0.047103703	0.04511133	4770.8	0.043687753	0.974
AC087636.1	0.038303513	0.052948676	0.04324117	0.043958925	0.044995137	4773.6	0.044689484	0.9742
GOLGA6L7	0.043088373	0.052826423	0.039599743	0.045504943	0.042239126	4773.8	0.044651724	0.9744
AL356234.2	0.046941705	0.047016826	0.039692283	0.040623162	0.045903664	4774.2	0.044035528	0.9746
WNT7A	0.04947091	0.042636774	0.038583692	0.044541657	0.04004587	4774.4	0.04305578	0.9748
REN	0.040002167	0.05229052	0.042609047	0.045554165	0.044709302	4775.0	0.045033038	0.975
RRH	0.034438014	0.04811122	0.04178402	0.044705793	0.050992925	4776.0	0.044006392	0.9752
GCNT3	0.037314247	0.045329504	0.044146173	0.044598714	0.050660472	4777.2	0.044409823	0.9754
AC016910.1	0.044593945	0.03908709	0.04130276	0.049279653	0.046289783	4780.6	0.04411065	0.9756
AC079779.3	0.0362866	0.051170014	0.043420557	0.04979275	0.043210566	4782.0	0.044776097	0.9758
AC007613.1	0.039167937	0.052734625	0.04025652	0.04638228	0.04410351	4785.0	0.044528972	0.976
VGLL1	0.0420339	0.05039094	0.046564925	0.042350564	0.041758124	4786.4	0.044619687	0.9762
TSPAN8	0.041363623	0.044829283	0.043672577	0.04643597	0.048313458	4787.6	0.04492298	0.9764
AC074011.1	0.04161278	0.040397722	0.04456474	0.05160911	0.042789266	4790.0	0.044194724	0.9766
LINC02811	0.03689841	0.048062246	0.042815264	0.047213648	0.048285343	4790.2	0.044654984	0.9768
AL355916.1	0.0482501	0.043669917	0.041213125	0.04327867	0.040061925	4790.4	0.043294746	0.977
ACTN2	0.038465247	0.046801224	0.040064648	0.0451017	0.049916495	4795.2	0.044069864	0.9772
PARD3-AS1	0.043434527	0.04793254	0.04505134	0.045724586	0.041580684	4796.8	0.044744737	0.9774
CFAP58	0.043838833	0.049693555	0.039645944	0.045780133	0.04371726	4797.6	0.044535145	0.9776
CASC8	0.038176827	0.049597435	0.04183002	0.049874566	0.0431787	4800.6	0.044531513	0.9779
GNA14-AS1	0.039403133	0.042918112	0.043475207	0.046939682	0.04865362	4800.6	0.04427795	0.9779
FLG2	0.04708957	0.044062328	0.044499565	0.038753655	0.040738214	4801.0	0.043028664	0.9782
NTSR1	0.035093904	0.052878555	0.039544716	0.045363117	0.044383094	4804.2	0.043452676	0.9784
LINC02009	0.033966884	0.053152297	0.044234816	0.04434915	0.04012776	4805.4	0.04316618	0.9787
LINC02718	0.037447464	0.051659312	0.041922014	0.04933148	0.03686718	4805.4	0.043445487	0.9787
LINC02028	0.039515875	0.046801414	0.04556807	0.042146932	0.04706446	4805.6	0.044219352	0.979
AC139720.1	0.04171752	0.049615465	0.039215524	0.044005014	0.046235897	4807.2	0.04415788	0.9792
SOX21-AS1	0.043324035	0.046281103	0.045313157	0.04605504	0.04155491	4807.6	0.044505652	0.9794
LINC01258	0.04144064	0.047326915	0.04214389	0.045296088	0.046540625	4808.0	0.044549633	0.9796
AC007569.1	0.031725835	0.05302655	0.042173985	0.045479827	0.042635385	4809.0	0.043008316	0.9798
AL353693.1	0.0418868	0.04733106	0.044999637	0.048309404	0.036608566	4810.2	0.043827094	0.98
C5orf66	0.04045836	0.047126424	0.047080185	0.03985927	0.04440545	4811.0	0.043785937	0.9802
RAB27B	0.03888958	0.042924076	0.044391833	0.04402911	0.048717257	4813.6	0.04379037	0.9804
AC104574.2	0.04360661	0.0435199	0.042051006	0.04761164	0.04421846	4813.8	0.044201523	0.9806
SFRP2	0.032689814	0.046613086	0.04535708	0.048467297	0.044969082	4814.8	0.04361927	0.9808
C4orf45	0.04190127	0.04186629	0.044397358	0.04964868	0.042541146	4815.2	0.044070948	0.981
C1orf162	0.03285604	0.042249992	0.047771446	0.04129342	0.048039928	4816.8	0.042442165	0.9812
AC079896.1	0.034159888	0.04447477	0.04655422	0.050517693	0.039979003	4818.4	0.043137114	0.9814
PCDHGA1	0.03780303	0.04483311	0.043470435	0.05165004	0.037561785	4820.6	0.043063678	0.9816
MACROD2-AS1	0.04859789	0.042039104	0.03459538	0.041238695	0.039051563	4821.2	0.04110453	0.9818
ELN	0.04163905	0.044977818	0.04543878	0.044998053	0.043732494	4823.0	0.044157237	0.982
AC007317.2	0.036551867	0.05132657	0.038285773	0.04210443	0.04643232	4826.4	0.042940192	0.9822
CNTN4-AS1	0.03325079	0.0433797	0.045843203	0.04733513	0.0458514	4827.6	0.043132044	0.9824
MUC6	0.040359814	0.0424539	0.04009467	0.040294472	0.049872488	4828.0	0.042615067	0.9826
IRGM	0.036016025	0.04238574	0.04168084	0.045549497	0.049544297	4828.4	0.04303528	0.9828
GASK1B	0.044679526	0.035674542	0.037276667	0.049944557	0.041344885	4828.8	0.041784037	0.983
AC083805.2	0.038270578	0.047487807	0.046458434	0.03929053	0.04433913	4829.0	0.043169297	0.9832
AC002546.1	0.04637819	0.042585216	0.03297868	0.043204553	0.0441322	4831.4	0.04185577	0.9834
AC000099.1	0.039595608	0.05378416	0.03376309	0.040490706	0.03641994	4831.8	0.040810697	0.9836
CBLN2	0.043717865	0.047071394	0.040576648	0.04368277	0.04346951	4832.6	0.043703638	0.9838
GRIN2C	0.044517685	0.046354566	0.040489245	0.04378536	0.042208403	4833.6	0.043471053	0.984
AL158195.1	0.030411433	0.045577344	0.045633048	0.040253084	0.048028257	4834.2	0.04198063	0.9842
TMOD1	0.039076667	0.039967332	0.042128243	0.049459912	0.04540814	4835.6	0.04320806	0.9844
TAF7L	0.037509218	0.046995364	0.046587657	0.042877223	0.04344469	4835.8	0.043482833	0.9846
AL138767.3	0.041578323	0.03859319	0.047572576	0.043417655	0.042666733	4837.8	0.042765696	0.9848
C3orf79	0.04422561	0.039072283	0.042906005	0.033635158	0.046400093	4838.2	0.041247826	0.985
DDIT4L	0.044420805	0.0410245	0.043646824	0.04255604	0.04303532	4840.6	0.0429367	0.9852
PRKCA-AS1	0.03785479	0.042978622	0.041861415	0.050155323	0.043575443	4841.8	0.04328512	0.9854
AC010974.2	0.045161624	0.04281959	0.03715072	0.043882526	0.043621816	4843.6	0.04252725	0.9856
ERFE	0.03921873	0.04550807	0.04218633	0.04378912	0.046276655	4845.8	0.04339578	0.9858
UGT1A8	0.03569652	0.047395386	0.03964419	0.050109882	0.04113814	4846.6	0.042796824	0.986
PTGER2	0.036263507	0.043711137	0.041003957	0.051347025	0.038376905	4849.6	0.042140506	0.9862
FO393415.3	0.04095057	0.049232706	0.039633438	0.046118	0.039618947	4850.0	0.04311073	0.9865
CHI3L1	0.042821858	0.042496476	0.041918185	0.047145944	0.0421826	4850.0	0.04331301	0.9865
SHISAL2A	0.04146303	0.042448193	0.038469482	0.04652142	0.045600124	4852.6	0.04290045	0.9868
HIST2H3PS2	0.038121838	0.0430876	0.044700377	0.04750901	0.042346753	4854.8	0.043153115	0.987
SLPI	0.04400372	0.042138323	0.03918471	0.04596372	0.042642605	4855.4	0.042786617	0.9872
PRR16	0.0372573	0.04514711	0.046097405	0.039707024	0.044322602	4856.2	0.042506285	0.9874
AP001363.1	0.040461443	0.044531215	0.035973497	0.04715692	0.045016054	4857.4	0.042627826	0.9876
AC079209.2	0.035572626	0.042639848	0.046063446	0.04725792	0.041404165	4858.4	0.0425876	0.9878
LDHA	0.03931991	0.045308698	0.042599294	0.044445638	0.044173088	4859.6	0.043169327	0.988
GPRC5D	0.040997904	0.0438864	0.035710018	0.040076166	0.04798146	4861.2	0.04173039	0.9882
AL137186.2	0.03844388	0.046752155	0.042929936	0.041001897	0.04463966	4863.4	0.042753506	0.9884
AP005329.2	0.041204374	0.04712894	0.04254411	0.044738017	0.036979754	4863.8	0.042519037	0.9887
AC109811.1	0.0439948	0.040234234	0.042394124	0.041711077	0.042781334	4863.8	0.042223115	0.9887
AL596218.1	0.036008265	0.04407753	0.042139366	0.047255594	0.043836832	4869.0	0.04266352	0.989
AC244517.11	0.03888827	0.036787584	0.04653248	0.046586387	0.036512844	4869.2	0.041061513	0.9892
C1QTNF1-AS1	0.033395894	0.049348354	0.046207037	0.03207444	0.034762558	4872.2	0.039157655	0.9894
AC016738.2	0.034737185	0.03982858	0.03753709	0.05125383	0.042179585	4872.8	0.041107256	0.9896
LINC01913	0.038922273	0.04879578	0.037702966	0.044517927	0.041109692	4875.2	0.04220973	0.9898
AL596223.1	0.03743669	0.040523313	0.038890835	0.0487366	0.04418521	4876.0	0.04195453	0.99
LINC02607	0.044658687	0.04478136	0.036801167	0.03850037	0.037898242	4880.2	0.040527962	0.9902
AL355581.1	0.041839626	0.035667058	0.042780463	0.047444593	0.029390201	4882.6	0.03942439	0.9904
SPINK13	0.03745519	0.039575297	0.045126293	0.042187598	0.04398548	4883.0	0.04166597	0.9906
MMP3	0.04600464	0.04202232	0.03491372	0.038082115	0.031265207	4884.0	0.038457602	0.9908
AL138689.2	0.03173602	0.031141175	0.04033236	0.050827265	0.039776217	4885.0	0.038762607	0.991
AC084871.1	0.03768332	0.04182057	0.041763477	0.04778658	0.040342897	4891.4	0.041879367	0.9912
DIAPH2-AS1	0.036107134	0.041638136	0.04168072	0.048729707	0.0396189	4892.4	0.04155492	0.9914
AC245140.3	0.032188646	0.042770755	0.04650944	0.042812128	0.03815974	4893.6	0.040488143	0.9916
STK32A-AS1	0.043839104	0.044105947	0.035944894	0.035808012	0.038920704	4899.4	0.03972373	0.9918
ARL13A	0.041647747	0.047321722	0.032943204	0.03655645	0.03733075	4908.4	0.039159976	0.992
CHRM5	0.036455408	0.04481851	0.03969482	0.04329498	0.042693708	4908.8	0.041391484	0.9923
LYPD5	0.03241802	0.04317661	0.043238573	0.04450489	0.040452287	4908.8	0.040758077	0.9923
GABRR1	0.040670555	0.04457357	0.042130258	0.03550569	0.037091117	4910.0	0.039994236	0.9926
AL356515.1	0.04002074	0.04695584	0.03713949	0.041457474	0.034369648	4915.0	0.039988637	0.9928
AL163932.1	0.03797293	0.046241097	0.04014204	0.041740306	0.03658769	4916.0	0.040536813	0.993
GAD2	0.03135522	0.044926956	0.04310037	0.043293245	0.035190385	4920.8	0.039573237	0.9932
AC005696.4	0.03885313	0.043936428	0.036398333	0.041534808	0.041559003	4923.2	0.040456343	0.9934
AP002075.1	0.034740962	0.036808502	0.040166162	0.04408495	0.0428999	4928.0	0.039740097	0.9936
TEKT1	0.03784569	0.042811193	0.040908564	0.042382695	0.03573351	4930.2	0.03993633	0.9938
AP002370.2	0.03279824	0.04512282	0.03811268	0.038494695	0.04280245	4932.0	0.03946618	0.994
ORC6	0.04047233	0.03895678	0.04031785	0.040229943	0.036592323	4934.2	0.039313845	0.9942
AC083862.2	0.033793684	0.044457003	0.035633005	0.045559958	0.036279093	4936.2	0.03914455	0.9944
AC020651.2	0.039232764	0.03737028	0.04071352	0.03341909	0.040990766	4937.8	0.038345285	0.9946
BEND6	0.037925553	0.038881805	0.034161	0.03802225	0.04417799	4938.6	0.03863372	0.9948
LINC02163	0.04073395	0.042152505	0.038036026	0.039004236	0.029839698	4940.4	0.03795328	0.995
FRMD6-AS2	0.03924778	0.03857198	0.038989883	0.041341804	0.038610283	4941.2	0.039352346	0.9952
TUSC7	0.034848712	0.043494277	0.03628756	0.041823212	0.04043912	4943.2	0.039378576	0.9954
AC069437.1	0.03997403	0.03932993	0.039158374	0.039464902	0.036406778	4944.6	0.038866807	0.9956
LINC01350	0.03921907	0.040125065	0.03763233	0.04204872	0.036387082	4945.2	0.039082456	0.9958
LINC01693	0.037048012	0.044268418	0.0396249	0.03671222	0.03568651	4946.6	0.03866801	0.996
ARHGAP26-AS1	0.035940513	0.039234076	0.040979635	0.041245423	0.038000263	4947.6	0.039079983	0.9962
AC016738.1	0.03683853	0.039365202	0.042179253	0.040143095	0.033527166	4947.8	0.038410652	0.9964
LINC01570	0.041319393	0.03977968	0.035857506	0.03812747	0.031811416	4948.0	0.037379093	0.9967
LINC01794	0.031129612	0.037763633	0.037464496	0.036484517	0.04456844	4948.0	0.037482142	0.9967
TUNAR	0.034930624	0.042363994	0.035061736	0.041959703	0.040985733	4948.6	0.039060358	0.997
CRPPA-AS1	0.038274333	0.040145766	0.037885606	0.042620752	0.031471815	4949.4	0.038079657	0.9972
LINC02608	0.034867726	0.043795377	0.039462954	0.040316924	0.035108153	4949.6	0.038710225	0.9974
LINC02509	0.03128282	0.042190563	0.035649132	0.04213885	0.04175651	4950.6	0.038603574	0.9976
ASB4	0.037465543	0.04086829	0.0331191	0.04137234	0.04060143	4951.8	0.038685344	0.9978
AC104781.2	0.03512291	0.043404285	0.03944221	0.03736518	0.036076926	4953.6	0.038282305	0.998
OOEP-AS1	0.034633964	0.045184042	0.03874035	0.035269756	0.031972792	4954.6	0.03716018	0.9982
AP001025.1	0.03959072	0.037097197	0.038078006	0.036570583	0.036515553	4955.0	0.03757041	0.9984
AVPR1B	0.038129665	0.03949217	0.03404329	0.04162438	0.036560148	4958.2	0.03796993	0.9986
FAM221B	0.031041035	0.04046189	0.03922879	0.03726816	0.039767336	4964.2	0.037553445	0.9988
AL139423.2	0.035745595	0.042034812	0.035390917	0.034786526	0.037161876	4968.6	0.037023943	0.999
AC117834.2	0.023050882	0.03786396	0.038100757	0.036389705	0.03921526	4975.6	0.034924112	0.9992
AC104982.2	0.032282315	0.040345408	0.032985654	0.035357676	0.040149495	4976.2	0.036224112	0.9994
GAP43	0.03587011	0.035787534	0.035385434	0.036818393	0.03689048	4977.4	0.03615039	0.9996
AC016721.1	0.02679321	0.038959768	0.030187178	0.032175355	0.029652447	4995.4	0.03155359	0.9998
AC084880.2	0.026717009	0.03379294	0.029684518	0.031536657	0.031739857	4998.6	0.030694196	1.0
